ID,id,beer_name,style,ounces,abv,ibu,brewery_id,brewery_name,city,state
1,1436.0,Pub Beer,American Pale Lager,12.0,0.05,,408,10 Barrel Brewing Company,Bend,OR
2,2265.0,Devil'@@s Cup,American Pale Ale (APA),12.0,0.066,,177,18th Stre??et Br%ewery,Gary,IN
3,2264.0,Rise of the Phoenix,American IPA,12.0,0.27300934707546987,,684.1731262669789,18th Street Brewery,Gary,%IN
4,2263.0,@@Sinister??,American Double / Imperial IPA,12.0,0.5308508545917906,,177,18th Street Brewery,Gary,IN
5,2262.0,Sex and Candy,American IPA,12.0,0.075,,854.6157652660112,18th Street Brew%ery,Gary,I#N??
6,12078.6885847735,Black Exodus,Oatmeal Stout,12.0,0.2697297022670504,,177,18th Street Brewery,Gary,#IN%
7,2260.0,Lake Street Express,American Pale Ale (APA),12.0,0.045,,177,18th Street Brewery,Gary,IN
8,10667.961097860874,Foreman,American Porter,12.0,0.065,,177,18th Street Brewery,Gary,IN
9,2258.0,Jade,American Pale Ale (APA),12.0,0.055,,177,@@18th Street Brewery,Gary,IN
10,2131.0,Cone Crusher,American Double / Imperial IPA,12.0,0.086,,921.0007912076494,18th Street Brewery,Gary,IN
11,7297.999923821403,Sophomoric Saison,Saison / Farmhouse Ale,12.0,0.072,,177,#18th Street Brewery,Gary,IN#@@
12,2098.0,Regional Ring Of Fire,Saison / Farmhouse Ale,12.0,0.22188937722010954,,177,18th Street Brewery,Gary,IN
13,2097.0,Garce Selé,Saison / Farmhouse Ale,12.0,0.069,,177,18th Street Brewery,Gary,IN
14,1980.0,Troll Destr??oyer,Belgian IPA,12.0,0.085,,177,18th Street Brewery,Gary,IN
15,1979.0,Bitter Bitch,American Pale Ale (APA),12.0,0.061,60.0,177,18th Street Brewery,Gary,IN
16,2318.0,Ginja Ninja,Cider,12.0,0.06,,154,2 Towns Ciderhouse,Corvallis,OR
17,2170.0,Cherried Away,Cider,12.0,0.06,,154,2 Towns Ciderhouse,Corvallis,OR
18,2169.0,Rhubarbarian,Cider,12.0,0.3177919050766589,,154,2 Towns Ciderhouse,Corvallis,OR
19,1502.0,Bright$C%ider,Cider,12.0,0.06,,154,2 Towns Ciderhouse,Corvallis,OR
20,1593.0,He Said Baltic-Style Porter,Baltic Porter,12.0,0.370508861136851,,368,21st Amendment Brewery,San Francisco,CA
21,1592.0,He Said Belgian-Style Tripel,Tripel,12.0,0.082,,368,21st Amendment Brewery,San Francisco,CA
22,1036.0,Lower De Boom,American Barle%yw$ine,8.4,0.099,92.0,368,21st Amendment B@@%rewery,San Francisco,CA
23,1024.0,Fireside Chat,Winter Warmer,12.0,0.079,45.0,368,21st ??Amendment# Brewery,San Francisco,CA
24,976.0,Marooned On Hog Island,American Stout,12.0,0.079,,368,21st Amendment Brewery,San Francisco,CA
25,876.0,Bitter American,American Pale Ale (APA),12.0,0.044,42.0,368,21st Amendment Brewery,San Francisco,CA
26,802.0,Hell or High Watermelon Wheat (2009),Fruit / Vegetable Beer,42.4502263187683,0.049,93.39529443764478,368,21st Amendment Brewery,San Francisco,C#A
27,801.0,Hell or High Waterm#elon Wheat (2009),Fruit / Vegetable Beer,12.0,0.049,17.0,1694.346330123845,21st Amendment Brewery,San Francisco,CA
28,800.0,21st Amendment Watermelon Wheat Beer (2006),Fruit / Veget#able B$eer,12.0,0.049,17.0,368,21st Amendment Brewery,San Francisco,C##A
29,799.0,21st Amendment IPA (2006),Am@@erican IPA,12.0,0.07,238.83534939316354,368,21st Amendment Brewery,San Francisco,CA
30,797.0,Brew Free! or Die IPA (2008),Amer#ican I??PA,12.0,0.28740056644227097,70.0,368,21st Amendment Brewery,San Francisco,CA
31,796.0,Brew Free! or Die IPA (2009),American IPA,12.0,0.07,70.0,368,21st Amendment Brewery,San Francisco,CA
32,531.0,Special Edition: Allies Win The War!,English Strong Ale,12.0,0.085,52.0,368,21st Amendment Brewery,San Francisco,CA
33,432.0,Hop Crisis,%American?? Double / Imperial IPA,12.0,0.097,94.0,368,21st Amendment Brewery,San Francisco,CA
34,353.0,Bitter American (2011),American Pale Ale (APA),12.0,0.044,42.0,1961.823328080337,21st A@@mendment Brewery,San Francisco,CA
35,321.0,Fireside Chat (2010),Winter Warmer,12.0,0.079,45.0,368,21st Amendment Brewery,San Francisco,CA
36,173.0,Back in Black,American Black Ale,12.0,0.068,65.0,368,21st Amendment Brewery,San Francis??co,CA
37,64.78645637443678,Monk's Blood,Belgian Dark Ale,12.0,0.083,35.0,368,21st Amendment Brewery,San Francisco,CA
38,10.0,Brew Free! or Die IPA,American I??PA,40.52813675482682,0.2900032086634182,65.0,368,21st Amendment Brewery,San Francisco,CA
39,9.0,Hell or High Watermelon Wheat,Fruit / Vegetable Beer,12.0,0.049,17.0,368,21st Amendment Brewery,San Francisco,??$CA
40,2519.0,??Bi??mini Twist,American IPA,40.59925025370598,0.40384502691408736,82.0,67,3 Daughters Brewing,St Petersburg,FL
41,2518.0,Beach Blonde,American Blonde Ale,12.0,0.05,,67,3 Daughters Brewing,St Petersburg,FL
42,2517.0,Rod Bender Red,American Amber / Red Ale,12.0,0.059,,67,3 Daugh#ters@@ Brewing,St Petersburg,%FL$
43,2545.0,Passion% Fruit Prussia,Berliner Weissbier,12.0,0.15866056500657225,11.0,60,4 Hands Brewing Company,Saint Louis,MO
44,2544.0,Send Help,American Blonde Ale,12.0,0.045,18.0,60,4 Han#ds Brewing Company,Saint Louis,MO$$
45,2324.0,Cast Iron?? Oatmeal Brown,American Brown Ale,12.0,0.055,,60,4 Hands Brewing Company,Saint @@Lo@@uis,MO
46,2288.0,Reprise Centennial $Red,American Amber / Red Ale,12.0,0.06,,60,4 Hands Brewing Company,Saint Louis,MO
47,2287.0,A%lt%er Ego,American Black Ale,41.45329588634197,0.055,,60,4 Hands Brewing Company,Saint L@@ouis,MO%$
48,2286.0,Divided Sky,American IPA,12.0,0.065,,60,#4 Hands Brewing Company,Saint Lou%is,MO
49,2285.0,Resurrected,Ameri@@can IPA@@,12.0,0.065,,60,4 Hands Brewing Company,Saint Louis,MO
50,1870.0,Contact High,American Pale Wheat Ale,12.0,0.05,28.0,60,4 Hands Brewing Company,Saint Louis,MO
51,15057.131859286283,Galaxyfest,American IPA,93.64460072740982,0.065,,120.95445609833706,450 North Brewing Company,Columbus,IN
52,2602.0,Citrafest??$,American IPA,16.0,0.05,45.0,27,450 North Brewing Company,Columb%us#,IN
53,2220.0,Barn Yet$i,Belgian Strong Dark Ale,52.094227685292836,0.09,,27,450 North Brewing# Comp@@any,Columbus,IN
54,2219.0,Scarecrow,American IPA,16.0,0.069,65.0,27,450 North Brewing Company,Columbus,?@@?IN
55,2218.0,Ironman,English Strong Ale,16.0,0.09,50.0,27,450 North Brewing Company,Columbus,IN
56,2217.0,Honey Kolsch,Kölsch,16.0,0.046,51.947795503929,27,450 North Brewing Company,Columbus,IN
57,2216.0,Copperhead Amber,Belgian Dark Ale,16.0,0.052,18.0,106.41189553146798,450 North Brewing Company,Columbus,IN
58,972.0,Rude Parrot IPA,American IPA,16.0,0.059,75.0,481,7 Seas Brewing Company,Gig Harbor,$@@WA
59,866.0,British Pale Ale (2010),Engl%ish Pale A@@le,16.0,0.054,159.81907389547078,481,7 Seas Brewing Company,Gig Harbor,WA
60,48.0,Br@@itish Pale Ale,English Pale Ale,16.0,0.2261388347921187,30.0,481,7 Se@@as Brewing Company,Gig Harbor,WA
61,47.0,%Ballz Deep Doub??le IPA,American Double / Imperial IPA,66.87419204488302,0.084,293.40463578632546,481,7 Seas Brewing Company,Gig Harbor,WA
62,1583.0,Wolfman's %Be%rliner,Berliner Weissbier,12.0,0.038,,373,7venth $S??un,Dunedin,@@$FL
63,1165.0,Colorado Native,American Amber / Red Lager,67.94801101441294,0.23979380742074236,26.0,462,AC Golden Brewing Company,Golden,CO
64,1674.561968838357,Colorado Native (2011),American Amber / Red Lager,12.0,0.055,26.0,462,AC?? Golden B$rewing Company,Go$lde$n,CO
65,516.0,Jockamo IPA,American IPA,12.0,0.065,52.0,533,Abita Brewing Company,Abita Springs,LA
66,515.0,Purpl$e Ha??ze,Fruit / Vegetable Beer,12.0,0.042,13.0,533,Abita Brewing Company,Abita Springs,LA
67,514.0,Abita Amber,American Amber / Red Lager,12.0,0.045,17.0,533,Abit@@a Brewing Company,Abita Springs,LA
68,12013.593721587416,Citra Ass Down,American IPA,16.0,0.082,68.0,62,Against The Grain Brewery,Louisville,KY
69,2539.0,The Brown Note,American Brown Ale,16.0,0.05,20.0,62,Against# The Grain Brewery,Lou$isville#,K??Y
70,8277.30788998661,Citra Ass Down,American Double / Imperial IPA,16.0,0.08,68.0,1,Against the Grain Brewery,Louisville,KY
71,2685.0,London Balling,English Barleywine,62.23408537321821,0.125,80.0,1,Against the Grain Brewery,Louisville,KY
72,2684.0,35 K,Milk / Swee@@t Stout,16.0,0.077,25.0,1,Against the Grain Brewery,Louisville,KY
73,2683.0,A Beer,American Pale Ale (APA),16.0,0.042,42.0,1,Against the Grain Brewery,Louisville,KY
74,2682.0,Rules@@ a$re Rules,German Pilsener,16.0,0.23231066112227727,25.0,1,Against the Grain Brewery,Lo????uisville,KY
75,2681.0,Flesh Gourd'n,Pumpki??n #Ale,16.0,0.066,21.0,4.65086178052192,Against the Grain Brewery,Louisville,KY
76,2680.0,Sho'nuff,Belgian Pale Ale,16.0,0.04,13.0,1,@@Against the Grain% Brewery,Louisville,KY
77,2679.0,Bloody Show@@,American Pilsner,86.89942231084235,0.055,17.0,4.969495806225217,Against the Grain Brewery,Louisville,KY
78,2678.0,Rico Sauvin,American Double / Imperial IPA,16.0,0.076,68.0,4.63003943578386,Against the Grain Brewery,Louisville,KY
79,8758.880549744526,Coq de la Ma#rc$he,Saison / Farmhouse Ale,93.57282047237183,0.051,38.0,1,Against the Grain Brewery,Louisville,K%Y
80,2676.0,Kamen Knuddeln,American Wild Ale,16.0,0.065,,1,Against the Grain Brew@@ery@@,Louisvi$$lle,KY
81,14220.049417311013,Pile of Face,American IPA,16.0,0.06,360.8562388260782,1,Against the Grain Brewery,Louisville,KY
82,2674.0,The Brown Note,English Brown Ale,16.0,0.05,79.61482293256981,1,Against the Grain Brewery,Louisville,KY
83,5526.756489369087,Maylani's Coconut Stout,American Stout,82.04902685337686,0.053,35.0,367,Airways Brewing Company,Ken#t,WA
84,1162.0,Oatmeal PSA,American Pale Ale (APA),16.0,0.05,35.0,367,Airways Brewing Company,??K@@ent,WA
85,1137.0,Pre Flight Pilsner,American Pilsner,16.0,0.052,33.0,367,Airways Brewing Company,Kent,WA
86,2403.0,P-Town Pilsner,American Pilsner,12.0,0.04,20.0,117,Al$ameda Brewing,Portland,OR
87,2402.0,Klickitat Pale Ale,American Pale Ale (APA),12.0,0.053,36.0,476.24926347437327,Alameda Brewing,Portland,OR
88,2401.0,Yellow Wolf Imperial IPA,American Double / Imperial IPA,12.0,0.082,463.43906394680124,508.00532284104213,Alameda Brewing,Portland,OR
89,1921.0,Free%ride APA,American Pale Ale (APA),51.63470470854151,0.2133740608637614,40.0,270,Alaskan Brewing Company,Juneau,AK??
90,6073.91264644385,Alaskan Amber,Altbier,12.0,0.053,18.0,270,Alaskan Brewing Company,Juneau,AK$
91,2501.0,Hopalicious,American Pale Ale (APA),12.0,0.057,,73,$Ale Asylum,Madison,WI
92,1535.0,Kentucky Kölsch,Kölsch,71.60247722907232,0.19456679399371135,,388,Alltech's Lexington Brewing Company,Lexington,KY
93,1149.0,Kentucky IPA,#American% IPA,16.0,0.065,,388,Alltech's Lexington Brewing Company,Lexington,KY
94,1474.0,Dusty Trail Pale Ale,American Pale Ale (APA),16.0,0.054,,1312.2832452092532,Amnesia Brewing Company,Washougal,WA
95,1473.0,Damnesia,American IPA,51.69074864952345,0.062,,401,Amnesia Brewing Company,Washougal,WA@@
96,3394.688094429946,Desolat@@i%on IPA,A@@merican IPA,16.0,0.062,43.0,2224.319493522036,Amnesia Brewing Company,Washougal,$WA
97,2592.0,Liberty Ale,Ame%rican IPA,12.0,0.2834496433541706,,203.83257205838999,Anchor Brewing Company,San Francisco,CA
98,2578.0,IPA,American IPA,12.0,0.065,,35,Anchor Brewing Company,San Francisco,CA
99,2577.0,Summer Wheat,American Pale Wheat Ale,12.0,0.045,,35,Anchor Brewing Co%mpany,San F@@rancisco,CA$
100,2103.0,California Lager,American Amber / Red Lager,12.0,0.23421179897705632,,182.24844946357126,Anchor Brewing Company,San Francisco,CA
101,2102.0,Brotherhood Steam,C%alifornia Common / Steam Beer,12.0,0.056,,35,Anchor Brewing Company,San Francisco,CA
102,2291.0,Blood Orange Gose,Gose,12.0,0.042,,667.2999538863746,Anderson Valley Bre#wing Company,Boonvil$le,CA
103,1818.0,Keebarlin' Pale Ale,American Pale Ale (APA),12.0,0.042,,171,Anderson Valley Brewing Company,Boonville,CA
104,1738.0,the Kimmie the Yink and ??the Hol$y Gose,Go%se,12.0,0.2878245084760161,,979.7130344870891,Anderson Valley Brewing Company,Boonville,CA
105,1563.0,Fall Hornin',Pumpkin Ale,12.0,0.06,,171,Anderson Valley Brewing Company,Boonville,CA
106,5813.949863979124,Barney Flats Oatmeal Stout,Oatmeal Stout,12.0,0.057,13.0,171,Anderson Va??ll%ey Brewing Company,Boonville,CA
107,1350.0,Summe#r So??lstice,Cream Ale,12.0,0.056,4.0,792.9537098178023,Anderson Valley Brewing Company,Boonville,CA
108,1327.0,Hop Ottin' IPA,American IPA,12.0,0.07,80.0,171,Anderson Valley Brewing Company,Boonville,CA
109,1326.0,Boont Amber Ale,American Amber / Red Ale,41.658301338475,0.19216625182498934,15.0,171,Anderson Valley Brewing@@ Company,Boon%ville,CA
110,1221.0,Barney Flats Oatmeal Stout,Oatmeal Stout,12.0,0.25878274111409655,13.0,171,Anderson Valley Brewing Company,Boonville,CA
111,1217.0,El Steinber Dark Lager,Vienna Lager,16.0,0.055,25.0,171,Anderson Valley Brewing Company,Boon??ville@@,CA
112,811.0,Boont Amber Ale (2010),American Amber / Red Ale,12.0,0.058,52.68252723016312,681.7409558700083,Anderson Valley Brewing Company,Boonville,CA
113,753.0,Summer Solstice Cerveza Crema (2009),Cream Ale,12.0,0.056,4.0,171,Anderson Valley Brewing Company,Boonville,CA
114,572.0,Barney Flats Oatmeal Stout (2012),Oatmeal Stout,12.0,0.057,13.0,529.8171111049583,Anderson Valle#y Brewing$ Company,Boonville,CA
115,523.0,Winter Solstice,Winter Warmer,12.0,0.069,6.0,171,Anderson Valley Brewing Company,Boonville,CA
116,367.0,Hop Ottin' IPA (2011),America??n IPA,12.0,0.07,80.0,971.304219982928,Anderson Valley Brewing Company,Boonville,CA%
117,270.9355375464184,Boont Amber Ale (2011),American Amber / Red Ale,12.0,0.058,15.0,627.4901278277727,Anderson Valley Brewing Company,Boonville,CA
118,77.0,Summer Solstice (2011),Cream Ale,12.0,0.2476724829886752,18.09212987698414,171,Anderson Valley Brewing Company,Boonville,CA
119,76.0,Poleeko Gold Pale Ale (200@@9),American Pale Ale (APA),12.0,0.055,28.0,171,Anderson Valley Brewing Company,Boon@@ville,CA
120,2337.0,Charlie's Rye IPA,American IPA,72.80336343455613,0.06,,788.2094566092456,Angry Minnow,Hayward,WI
121,410.0,River Pig Pale Ale,American Pale Ale (APA),71.32721499696532,0.054,,542,Angry Minnow Brewing% Compa??ny,Hayward??#,WI
122,409.0,Oaky's Oatmeal Stout,Oatmeal Stout,16.0,0.047,,542,Angry Minnow Brewing Company,Hayward,WI
123,1294.0,Angry Orchard Apple% Ginger,Cider,54.69142174470409,0.25846828924635645,,434,Angry Orchard Cider Company,Cincinnati,OH
124,1293.0,Angry Orchard Cr#is@@p Apple,Cider,16.0,0.2378776723189239,,434,Angry Orchard Cider Company,Cincinnati,OH
125,1292.0,Angry Orchar@@d Crisp Apple,Cider,12.0,0.05,,434,Angry Orchard Cider Company,Cincinnati,OH$
126,2207.0,Golden One,Belgian Pale Ale,12.0,0.068,,193,Anthem Brewing Company,Oklahoma City,OK
127,2040.0,Arjuna,Witbier,67.03482160956618,0.06,,193,Anthem Brewing Company,Oklahoma City,OK
128,2039.0,Uroboros,American Stout,12.0,0.085,,193,A$nthem Brewi#ng Company,Oklahoma City,O@@K
129,2511.0,Long Leaf,American IPA,16.0,0.071,75.0,69,Appalachian Mountain Brewery,Boon@@e,NC
130,11171.817000051227,Honey% @@Badger Blonde,Am??erican Blonde Al$e,16.0,0.047,19.0,69,Appalachian Mountain Brewery,Boone,NC
131,2509.0,Porter (a/k/a Black Gold Porter),American Porter,16.0,0.06,23.0,69,Appalachian Mountain Brewery,Boone#,NC
132,413.0,Sky High Rye,American Pale Ale (APA),12.0,0.06,55.0,541,Arcadia Brewing Company,Battle Creek,M@@#I
133,390.0,Whitsun,American Pale Wheat Ale,12.0,0.062,17.0,2533.2896803522594,Arcadia Brewing Company,Battle Creek,M????I
134,735.0,On-On Ale (2008),Am#erican Pale Ale (APA),12.0,0.052,,513,Arctic Craft Brewery,Colorado Springs,CO
135,1333.0,Quakertown Stout,American Double / Imperial Stout,12.0,0.092,291.3179962367386,426,Armadillo Ale Works,Denton,#TX
136,1332.0,Green$belt F$armhouse Ale,Saison / Farmhouse Ale,12.0,0.051,20.0,1773.1216532990586,Armadillo Ale Works,Denton,TX
137,1172.0,$Mo's Gose,Gose,16.0,0.052,56.23769378658387,461,Armstrong Brewing Company,South San Francisco,CA
138,1322.0,Green Bullet Organic India Pale Ale,American IPA,16.0,0.07,45.0,2391.380658975497,Asher Brewing Company,Boulder,CO
139,550.0,Rocket Girl,Kölsch,12.0,0.1586547638118968,152.20006519965972,528,Asheville Brewing Company,Asheville,NC
140,1324.8692462939373,Ninja Porter,American Porter,12.0,0.053,26.0,2728.917053995043,Asheville Brewing Company,Asheville,NC
141,428.0,Shiva IPA,American IPA,12.0,0.06,69.0,528,Asheville Brewing Company,Asheville,NC
142,1640.0,Aslan Kölsch,K$$ölsch,16.0,0.048,,353,Asl$an Brewing Company,Bellingham,WA
143,1639.0,Aslan IPA,American IPA,16.0,0.4549150492859003,,353,Aslan Brewing Company,Bellingham,WA
144,1638.0,Aslan Am#$ber,American Amber / ??Red ??Ale,16.0,0.077,,353,A#slan B%rewing Company,Bellingham,WA
145,597.0,This Season's Blonde,American Blonde Ale,12.0,0.056,27.0,523,Aspen Brewing Company,Aspen,CO
146,2457.322385245466,Independence Pass Ale,American IPA,12.0,0.07,67.0,523,As@@pen Brewing Company,Aspen,$CO
147,1580.0,Trolley Stop Stout,American Stout,67.92353689981546,0.057,40.0,374,Astoria Brewing Company,Astoria,OR
148,980.0,Bitter Bitch Imperial IPA,American Double / Imperial IPA,12.0,0.082,502.18903678148973,374,Astoria Brewing Company,Astoria,OR
149,979.0,Poop Deck P?@@?orter,American Porter,12.0,0.062,35.0,374,Astoria Brewing Company,#Astoria,OR
150,978.0,??Old Red Beard Amb#er Ale,American Amber / Red Ale,12.0,0.06,35.0,374,Astoria Brewing Company,Astoria,OR
151,2503.0,Ho$p A-Peel,American?? Double / Imperial# IPA,16.0,0.075,115.0,72,Atwater Brewery,Detroit,MI$
152,2502.0,Va$nilla% Java Porter,Ameri??can Porter,16.0,0.055,12.0,72,Atwater Brewery,Detroit,MI
153,2495.0,Michelada,Fruit / Vegetable Beer,16.0,0.052,,72,Atwater Brewery,Detroit,MI
154,534.0,Dirty Blonde Ale,A#meri%can Blonde Ale,12.0,0.045,8.0,72,Atwater Brewery,Detroit,MI
155,528.0,Gran%d Circus IPA,American @@IPA,12.0,0.2774208785232712,62.0,72,Atwater Brewery,Detroit,MI
156,527.0,$Atwater's Lager,Munich Helles Lager,12.0,0.05,12.0,72,$At??water Brewery,Detroit,MI
157,4567.263101475914,Heavy Machinery IPA Series #1: Heavy Fist,American Black Ale,16.0,0.07,,413,Austin Beerworks,Austin,TX
158,1423.6450388640817,Fire Eagle IPA,American IPA,12.0,0.062,,413,Austin Beerworks,Austin,TX
159,342.0,Peacemaker,American Pale Ale (APA),69.38093551055266,0.051,,413,Austin Beerworks,Austin,T%X
160,341.0,Pearl-Snap,German Pilsener,12.0,0.053,,413,Austin Beerwo$rks,Austin,TX
161,340.0,Black Thunder,Schwarzbier,12.0,0.052,,413,Austin Beerworks,Austin,TX
162,2589.0,Raja,American Double / Imperial IPA,12.0,0.08,,37,Avery Brewing Company,Boulder,CO
163,2546.0,Perzik Saison,Saison / Farmhouse Ale,12.0,0.064,,37,A$very Brewing Company,Boulder,CO
164,146.0,Avery Joe’s Premium American Pilsner,German Pilsener,12.0,0.047,154.24933210772826,37,Avery Brewing Company,Boulder,CO
165,108.0,White Ras??cal,Witbier,68.29742019556072,0.056,10.0,37,Avery Brewing Company,Boulder,CO
166,107.0,Avery India Pale Ale,American IPA,57.27827486270844,0.19288474699090474,69.0,37,Avery Brewing Company,Boulder,CO
167,323.805077469077,Ellie’s Brown Ale,American Brown Ale,12.0,0.055,17.0,37,Avery Brewing Co@@mpany,Boulder,??C??O
168,5159.878702132955,Pumpkin Beast,Pumpkin Ale,45.206516652817996,0.3331927300750449,17.0,360,Aviator Brewing Company,Fuquay-Varina,NC
169,1579.0,OktoberBeast,Märzen / Oktoberfest,12.0,0.072,22.0,360,Aviator Brewing Company,Fuquay-Varina,NC
170,6089.449543015353,Mad Beach,A??merican Pale Wheat A%le,12.0,0.048,23.0,360,Aviator Brewing Company,Fuquay-Varina,NC
171,705.0,Hog Wild India Pale Ale,American IPA,12.0,0.067,,1632.9643304887165,Aviator Brewing Company,Fuquay-Varina,N@@C
172,704.0,Devils Tramping Ground Tripel,Tripel,12.0,0.092,25.936615171288047,360,Aviator Brewing Company,Fuquay-Varina,NC
173,702.0,Hot Rod Red,American Amber / Red Ale,12.0,0.061,41.0,1852.499881704447,Aviator Brewing Company,Fuquay-Varina,NC
174,2058.0,Palate Mallet,American Double / Imperial IPA,12.0,0.086,,235,Back East Brewing Company,Bloomfield,CT
175,1483.0,Back East Porter,American Porter,12.0,0.06,,1224.5418667881322,Back East Brewing Company,Bloomfield,CT
176,1426.0,Back East Golden Ale,American Blonde Ale,43.129963141548195,0.049,,235,Back East Brewing Company,Bloomfield,CT
177,1132.0,Misty Mountain IPA,American IPA,42.54506862719609,0.07,,235,Back East #@@Brewing Company,Bloomfield,CT
178,1131.0,Back East Ale,American Amber / Red Ale,12.0,0.05,,235,Back East Brewing Company,Bloomfield,CT
179,1876.0,Truck Stop Honey Brown Ale,English Brown Ale,63.3206689310025,0.06,,286,Back Forty Beer Company,Ga$dsden,AL
180,1875.0,Naked Pig# Pale?? Ale,American Pale Ale (APA),12.0,0.06,43.0,286,Back Forty Beer Company,Gads%d@@en,AL
181,966.0,Topcutter India Pale Ale,American IPA,12.0,0.068,70.0,483,Bale Breaker Brewing Company,Yakima,WA
182,965.0,Field 41 Pale Ale,American Pale Ale (APA),12.0,0.044,38.0,483,Bale Breaker Brewing Company,Yakima,WA
183,11578.723399640256,Grapefruit Sculpin,American IPA,12.0,0.07,,136.361152429584,B$allast Point Brewing Company,San Diego,CA
184,2105.0,Even Keel,American IPA,12.0,0.038,237.92612889302077,34,Ballast Point Brewing Company,San Diego,CA
185,1401.0,Ballast Point Pale Ale,Kölsch,12.0,0.052,23.0,139.70957440164827,Ballast Point Brewing Company,San Diego,CA
186,1400.0,Big Eye India Pale Ale,American IPA,12.0,0.3155157033855091,75.0,34,Ballast Point Brewing Company%,San Diego,C#A??
187,1019.0,Longfin Lager,Munich Helles Lager,12.0,0.046,,34,Ballast Point Brewing Company,San Diego,CA
188,4378.274008206735,Sculpin IPA,American IPA,12.0,0.07,70.0,34,Ballast Point Brewing Company,San Diego,CA
189,1776.0,All Nighter Ale,Extra Special / Strong Bitter (ESB),12.0,0.045,,318,Banner #Beer Comp??any,Williamsburg??,MA
190,1644.0,Bann??er American Rye,Rye Beer,12.0,0.045,20.0,318,Banner Beer Company,Williamsburg,%MA
191,1643.0,Banner American Ale,American Amber / Red Ale,12.0,0.035,168.4118059261922,318,Banner Beer Company,Williamsburg,MA
192,2618.0,Thai.p.a,American IPA,72.91422859670466,0.3748526352020692,46.0,20,Bare Hands $Brewery,Granger,IN
193,2005.0,Barrio Blanco,American IPA,12.0,0.06,60.0,251,Barrio Brewing Company,T@@ucson,AZ
194,1343.0,Barrio T$ucson Blonde,American Blonde Ale,12.0,0.045,,1341.9154556838696,Barrio Brewing Company,Tucson,@@AZ
195,2404.0,Hop in the ‘Pool Helles,American Pilsner,12.0,0.049,22.0,116,Base Camp Brewing Co.,Portland,OR
196,2323.0,Ultra Gnar Gnar IPA,A%merican$ IPA,12.0,0.067,60.0,116,Base Camp Brewing Co.,Portland,OR$
197,2189.0,In-Tents India Pale Lager,American Pale Lager,12.0,0.068,62.0,116,Base Camp Brewing Co.,Portland,OR
198,2188.0,Lost Meridian Wit,Witbier,36.054116063100786,0.05,20.0,116,Base Camp Brewing Co.,Portlan@@d,OR
199,10826.84011448907,Celestial Meridian Cascadian Dark Lager,E$uro Dark Lager,12.0,0.051,45.0,367.8210401804062,Base Camp Brewing Co.,Por@@tl#and,OR
200,10837.236123305702,Wagon Party,California Common / Steam Beer,12.0,0.054,55.0,1426.4729794816433,Bauhaus Brew Labs,Mi@@nneapolis,%MN
201,1965.0,Sky-Five,American IPA,12.0,0.067,70.0,1277.602884361172,Bauhaus Brew Labs,Minneapolis,MN$
202,1964.0,Stargrazer,Schwarzbier,12.0,0.05,28.0,258,Bauhaus Brew Labs,Minneapolis,MN
203,1963.0,Wond$erstuff,German Pilsener,12.0,0.054,48.0,258,Bauha@@us $Brew Labs,Minneapolis,MN
204,1855.0,Tarnation California-Style ??Lager,California Common / Steam Beer,12.0,0.21488929908138457,,292,B%axter Brewing Co%mpany,Le@@wiston,ME
205,1778.0,On the Count of 3 (2015),Hefeweizen,16.0,0.07,42.0,292,Baxter Brewing Company,Lewiston,ME
206,3972.986226090569,Summer Swelter,American Pale Whe#??at Ale,12.0,0.047,,292,Baxter Brewing Company,Lewiston,ME
207,954.0,Phantom Punch Winter Stout,Foreign / Export Stout,12.0,0.068,,292,Baxter Brewing Company,Lewiston,ME
208,910.0,Hayride Autumn Ale,Rye Beer,12.0,0.066,,292,Baxte$r Brewing Company,Lewiston,ME
209,707.0,Celsius Summer Ale (2012),American Pale Wheat Ale,12.0,0.047,,292,Baxter Brewing Company,Lewiston,ME
210,2375.937498506692,Amber Road,American Amber / Red Ale,12.0,0.055,35.0,292,Baxter Brewing Company,Lewiston,ME
211,183.0,Pamola Xtra Pale Ale,American Pale Ale (APA),12.0,0.049,28.0,292,Baxter Brewing Company,Lewiston,ME
212,182.0,Stowa@@#way IPA,American IPA,12.0,0.069,69.0,292,Baxter Brewing Company,Lewi@@s$ton,ME
213,8203.825813066362,Hoptopus Double IPA,American Double / Imperial IPA,16.0,0.088,108.0,306,Beach Brewing Company,Virginia Beach,VA
214,2435.0,Wat%#ermelon Ale,Fruit / Vegetable Beer,12.0,0.05,10.0,103,Beer Works Brewery,Lowell,MA
215,2423.0,Fenway American Pale Ale,American Pale Ale (APA),12.0,0.058,45.0,103,Beer Works Brewery,Lowell,#M#A
216,2420.0,Back Bay IPA,American IPA,12.0,0.068,85.0,103,Beer Works Brewery,Lowell,MA
217,2419.0,Bunker Hill Blueberry Ale,Other,58.583774633974244,0.048,16.0,103,Beer Works Brewery,Lowell,MA
218,11811.970135107516,O@@b$eron,American Pale Wheat Ale,12.0,0.058,,76,Bell's Brewery,Kalamazoo,#MI??
219,2325.0,Smitten,Rye Beer,16.0,0.06,,76,Bell's Brewery,Kalamazoo,MI
220,2022.0,Winter White,Witbie$r$,16.0,0.05,,420.67956967997014,Bell's Brewery,Kala@@mazoo,MI
221,11443.419485598653,Oberon,American Pale Wheat Ale,16.0,0.29888876383329993,,76,Bell's Brewery,Kalamazoo,MI
222,7387.418396530838,Two Hearted,Amer??ican IPA,16.0,0.32470345065972855,,76,Bell's Brewery,Kal$amazo#o,MI
223,1955.0,Best Brown,American Brown Ale,16.0,0.058,,335.35702349441016,Bell's Brewery,Ka%lamazoo,MI
224,2558.0,@@Moar??,English India Pale Ale (IPA),54.67552833658528,0.044,190.06120047758316,53,Bent Brewstillery,Roseville,MN
225,2557.0,Uber Lupin Schwarz IPA,American Double / Imperial IPA,16.0,0.083,,53,Bent Bre%wstil@@lery,Rosev#??ille,M????N
226,2556.0,Nordic Blonde,American Blonde Ale,12.0,0.057,124.76550477938838,53,Bent Brewstillery,Rose%ville,M%N$
227,2496.0,Cold Press,American Black Ale,12.0,0.06,,328.35224088047727,Bent Paddle Brewing Company,Duluth,MN
228,2410.0,Harness the Winter,Amer@@ican IPA,12.0,0.072,87.0,75,Bent Paddle Brewing Company#,Duluth,MN
229,1902.0,14%° ESB,Extra Special / Strong Bitter (ESB),12.0,0.056,32.0,424.37461805253804,Bent Paddle Brewing Company,Duluth,MN
230,1901.0,Bent Hop Golden IPA,Am#erican IPA,12.0,0.062,68.0,75,Bent Paddle Brewing Company,Duluth,MN
231,1261.0,Bent Paddle Black Ale,American Black Ale,12.0,0.06,34.0,75,%Bent Paddle Brewing# Company,Duluth,MN
232,5222.213293388081,Venture Pils,German Pilsener,12.0,0.05,38.0,75,Bent Paddle Brewing Company,Duluth,MN
233,1900.0,Lost Sailo??r @@IPA,English India Pale Ale (IPA),12.0,0.055,40.0,278,Berkshire $Brewing C#ompany,South Dee%rfield$,MA
234,1317.0,Steel Rail Extra Pale Ale,American Pale Ale (APA),12.0,0.053,117.21516171467464,1287.5527811711252,Berkshire Brewing Company,South Deerfield,MA
235,1158.0,La Frontera Premium IPA,American IPA,12.0,0.078,,463,Big Bend Brewing Company,Alp@@ine,TX
236,1157.0,Tejas Lager,Czech Pilsener,51.75664983327117,0.047,,463,Big Bend Brewing@@ Company,Alpine,TX
237,1156.0,Number 22 Porter,Am$eric#an Porter,12.0,0.064,,1952.9497250246195,Big Bend Brewing Company,Alpine,TX
238,1155.0,Big Bend Hefeweizen,Hefeweizen,12.0,0.056,,463,Big Bend Brewing Company,Al$pi#ne,TX
239,1154.0,Terlingua Gold,American @@Blonde Ale,12.0,0.06,,1915.6700727122231,Big Bend Brewing Company,Alpine,TX
240,2104.0,Aprè Shred,American St$rong Ale,16.0,0.081,17.0,220,Big Choice Brewing,Broomfield,CO
241,1762.0,Hemlock Double IPA,American Double / Imperial IPA,12.0,0.095,104.0,220,Big Choice Brewing,Broomfield,CO
242,1422.0,West Portal Colorado Common Summer Ale,California Common / Steam Beer,16.0,0.041,,1099.1685897718432,Big Choice B#rewing,Broomfield,CO
243,1067.0,Disconnected Red,Americ??an Amber$ / Red Ale,16.0,0.067,85.0,220,Big Choice Brewing,Broomfield,CO
244,1003.0,Bi#g Elm IPA,American IPA,12.0,0.07,,477,Big Elm Brewing,Sheffield,MA
245,1002.0,Gerry Dog Stout,American Stout,12.0,0.065,,477,Big Elm Brewing,Sheffield,M#A@@
246,1001.0,413 Farmhouse Ale,Saison / Farmhouse Ale,12.0,0.06,,477,B$ig Elm Brewing,Sheffield,MA
247,2639.0,Dark Star,American Stout,16.0,0.3372105972838697,54.0,8,Big Lake Brewing,Hol$land,MI
248,2469.0,Ryecoe,American IPA,16.0,0.062,,8,Big Lake Brewing,Holland,MI
249,2586.0,Blueberry Blonde,F#ruit / Veget%able Beer,12.0,0.06,,40,Big Muddy Brewing,Murphysboro,IL
250,2585.0,Galaxy IPA,American IPA,16.0,0.25352321751651247,60.0,40,Big Muddy Brewing,Murphysboro,@@I#L
251,3509.527127306224,Big River Pilsner,Czech Pilsener,12.0,0.05,190.43029066251302,519,Big River Brewing Company,Chattan@@oog$a,TN
252,632.0,H??ouse?? Brand IPA,American IPA,12.0,0.06,55.0,519,Big River Brewing Company,Chattanooga,TN
253,1714.0,Big Sky IPA,American IPA,12.0,0.062,65.0,336,Big Sky Brewing%% Company,Missoul#a,MT
254,1713.0,Scape Goat Pale Ale,English Pale Ale,12.0,0.05,40.0,336,Big Sky Brewing Company,Missou#la,MT
255,1712.0,Montana %Trout Slayer Al%e,American Pale Wheat Ale,64.33249825234358,0.17583588639141742,35.0,336,Big Sky Brewing Company,Miss%ou@@la,MT
256,1711.0,Moo@@se Drool B@@rown Ale,American Brown Ale,12.0,0.051,26.0,336,Big Sky Brewing Company,Missoula,MT
257,1456.0,Powder Hound Winter Ale,English Strong Ale,12.0,0.072,60.0,1185.888312576493,Big Sky Brewing Company,Missoula,MT
258,767.0,Moose Drool Brown Ale (2011),American Brow$n A#le,12.0,0.051,26.0,336,Big Sky Brewing Company,Missoula,MT
259,3286.9275353690105,Montana Trout Slayer Ale (2012),American Pale Wheat Ale,12.0,0.05,35.0,1632.9892893026083,Big Sky Brewing Company,Missoula,MT$
260,579.0,Big Sky IPA (%2012),Amer??ican I#PA,12.0,0.21924392042182878,65.0,336,Big Sky Brewing Company,Missoula,MT
261,740.0030900745367,Summer Honey,American Blonde Ale,12.0,0.14891006339297788,,336,Big Sky Brewing Company,Missoula,MT
262,159.0,Scape Goat Pale Ale (2010),English Pale Ale,68.71783765090622,0.05,40.0,336,Big Sky Brewing Company,Missoula,MT
263,35.0,Montana Trout Slayer Ale (2009),American Pale Wheat Ale,12.0,0.05,35.0,336,Big Sky Brewing Company,Missoula,MT
264,176.58591790560752,Moose Drool Brown Ale (2009),American Brown Ale,12.0,0.30151361773375907,26.0,336,Big Sky Brewing Company,Missoula,MT
265,2096.0,Arcus IPA,American IPA,53.507137944649436,0.069,81.0,221,Big Storm Brewing Company,Odessa,FL
266,2095.0,Wavemaker,Americ$an Amber / Red Ale,12.0,0.058,38.0,221,Big Sto%rm Brewing Company#,Odessa,FL
267,1257.0,Jack Pine Savage,American Pale Ale (APA),16.0,0.053,43.0,2023.3803344038188,Big Wood Brewery,Vad??n@@ais Heights,MN
268,5174.858341320236,Forest Fire Imperial Smoked Rye,Rye Beer,16.0,0.4019048083403828,85.0,2661.0554270120406,Big Wood Brewery,Vadnai%s H%eights,MN
269,1255.0,Bad Axe Imperial IPA,American Double / Imperial IPA,16.0,0.098,76.0,444,Big Wood Brewery,Vad@%@nais Heights,MN
270,986.0,Morning Wood,Oatmeal #Stout,16.0,0.055,35.0,444,Big Wood Brewery,Vadnais Heights,MN
271,985.0,Bark Bite I#PA%,A#merican IP@@A,16.0,0.066,224.3649026307384,444,Big Wood Brewery,Vadnais Heights,$@@MN
272,2508.0,Jalapeno Pale Ale,American Pale Ale (APA),50.18589647086616,0.055,45.0,70,Birdsong Brewing Company,Charlotte,NC
273,1441.0,Blown Out Brown,American Brown Ale,60.11431067473221,0.052,,407,Bitter Root Brewing,Hamilton,MT
274,1413.0,Si$ngle Hop #Ale,American Pale Ale (APA),12.0,0.063,,407,Bitter Root Brewing,Ha??$milton,MT
275,1411.0,Sawtooth Ale,American Blonde Ale,12.0,0.27662776815559853,,407,Bitter Root Brewing,Hamilton,MT
276,2620.0,Saucy Intruder,Rye Beer,16.0,0.072,75.0,18,Black Acre Brewing Co.,Indianapolis,IN
277,2412.0,Decep%tio@@n,American Blonde Ale,12.0,0.045,16.0,112,Black $M#arket Brewing Company,Temecula,CA
278,1898.0,Blackmarket Rye IPA,American IPA,12.0,0.075,167.9853453500951,637.2746382982407,Black Market Brewing Company,Temecula,CA
279,1897.0,Black Market Hefeweizen,Hefeweizen,12.0,0.05,8.0,112,Black Market Brewing Company,Temecula,CA
280,1896.0,Aftermath Pale Ale,American Pale Ale (APA),12.0,0.058,44.0,112,Black Market Brewing Company,$Teme@@cula,CA
281,1850.0,American India Red Ale,American Strong Ale,67.07514148767346,0.071,253.87974579895177,294,Black Shirt Brewing Company,D??enver$,CO
282,1849.0,American Red P%orter,American Porter,47.45944190701868,0.4135892948893463,45.0,294,Black Shirt Brewi#ng Company,Denver,CO
283,1848.0,American Red Saison,Saison / Farmhouse Ale,12.0,0.078,34.0,1395.577604838181,Black Shirt Brewing Company,Denver,@%@CO
284,1847.0,Colorado Red Ale,American Amber / Red Ale,12.0,0.066,44.0,294,Black Shirt Brewing Company,De??@@nver,CO
285,2485.0,Saddle Bronc Brown Ale,American Brown Ale,12.0,0.048,16.0,79,Black Tooth Brewing Company,Sheridan,WY
286,2484.0,Bomber Mountain Amber Ale,American Amber / Red Ale,12.0,0.046,20.0,79,Black Tooth Brewing Company,Sheridan,WY
287,2449.0,Flying Sailor,Rye Beer,12.0,0.31904534268017726,,95,Blackrocks Brewery,Marquette,MA
288,2634.0,Nordskye,American IPA,12.0,0.048,47.0,12,Blackrocks Brewery,Marquette,MI
289,2153.0,North Third Stout,Foreign / Export Stout,12.0,0.06,30.0,12,Blackrocks Brewery,Marquette,MI
290,1953.0,Honey Lav,American Pale Wheat Ale,47.42061511105132,0.052,,59.30170735397182,Blackrocks Brewery,Marquette,MI
291,1496.0,Coconut Brown Ale,American Brown Ale,12.0,0.068,,12,Bla??ckrocks Brewery,Marquette,MI
292,1481.0,51K IPA,American IPA,12.0,0.07,51.0,12,Blackrocks Brewery,Marquette,MI
293,1480.0,Grand Rabbits,Cream Ale,12.0,0.055,,12,Blackrocks Brewery,Marquette,MI
294,1564.0,1800 Big Log Wheat (2012),American Pale Wheat Ale,12.0,0.05,,380,Blue Blood Brewing Company,Lincoln,NE
295,1541.0,Double Play Pilsner,American Pilsner,12.0,,,1925.0788643376625,Blue Blood Brewing Company,Lincoln,NE
296,1321.0,Brewerhood Brown Ale,American Brown Ale,12.0,0.055,,380,Blue Blood Brewing Company,Lincoln,NE
297,1320.0,Last Call Imperial Amber Ale,American Amber / Red Ale,12.0,0.08,,380,Blue Blood Brewing Company,Lincoln,NE
298,7645.941631731987,Pernicious Double IPA,American Double / Imperial IPA,12.0,0.096,,380,Blue Blood Brewing Company,Lincoln,NE
299,1303.0,6-4-3 Double Play Pilsner,German Pilsener,44.33482270975084,0.052,,380,Blue Blood Brewing Company,Lincoln,N$E@@
300,1025.0,N Street Drive-In 50th Anniversary IPA,American Double / Imperial IPA,12.0,,,380,Blue Blood Brewing Company,Lincoln,NE
301,3138.937822931223,467 Ethan's Stout,Am%erican #Stout,12.0,0.05,,380,Blue Blood Brewing Company,Lincoln,NE
302,942.0,1335 Wicked Snout,Saison / Farmhouse #Ale,12.0,0.23798351545591087,,380,Blue Blood Brewing Company,Lincol@@n$,N??%E
303,4391.408723149414,543 Skull Creek Fresh Hopped Pale Ale,American Pale Ale (APA),12.0,0.045,,1212.6797497488499,Blue Blood Brewing Company,Lincoln,NE
304,3145.151805439699,1327 $Pod's %ESB,Extra Special / Strong Bitter (ESB),12.0,0.056,151.55243570917884,1350.2424092743292,Blue Blood Brewing Company,Lincoln,NE
305,886.0,1327 Pod's ESB,Extra Special / Strong Bitter (ESB)#,12.0,0.056,37.0,2252.546769385471,Blue Blood Brewing Company,Lin$@@coln,%NE@@
306,612.0,1327 Pod's ESB,Extra Special %/ Strong Bitter (ESB),12.0,0.056,37.0,380,Blue Blood Brewing Company,%Lincoln@@,NE
307,611.0,834 Happy As Ale,A%merican Pale Ale (APA),12.0,0.046,35.0,380,Blue Blood Brewing$ Company,Lincoln,NE
308,1372.0,Yellow Collar,Mead,12.0,0.059,,422,Blue Dog Mead,Eugene,$OR
309,1371.0,Green Collar,Mead,12.0,0.059,,1500.869839902337,Blue Dog Mead,Eugene,OR
310,1812.0,Quarter Mile Double IPA,American Double / Imperial IPA,12.0,0.08,338.436953376598,304,Blue Hills Brewery,Canton,$%MA
311,1547.0,Full Nelson Pale Ale,American Pale Ale (APA),12.0,0.059,60.0,382,Blue Mountain Brewery,Afton,VA
312,1546.0,Steel% Wheels@@ ESB,Extra Special / Strong Bitter (ESB),12.0,0.065,30.0,382,Blue Mountain Brewery,Afton,%VA??
313,1545.0,Blue Mountain Classic Lager,Euro Pale Lager,12.0,0.053,22.0,382,Blue Mountain Brewery,Afton,?@@?VA
314,119.0,Full Nelson Pale Ale (2010),America$n Pale Ale (APA),56.09316385708322,0.059,60.0,382,Blue Mountain Brewery,Afton,VA
315,1408.0,Kölsch 151,Kölsch,12.0,0.049,16.0,414,Blue Mountain Brewery,Arrington,VA
316,2490.0,Professor Black,American Stout,12.0,,,315.3579741634355,Blue Owl Brewing,Austin,TX
317,2489.0,Little Boss,American Pale Wheat Ale,12.0,,,453.15299235851137,Blue Owl Brewing,Austin,TX??#
318,2488.0,Van Dayum!,American Amber / Red Ale@@,12.0,,,77,Blu??e O$wl Brewing,Austin,TX
319,2487.0,Spirit Animal,American Pale Ale (APA),50.103196504250306,,,77,Blue Owl Brewing,Austin,TX
320,939.0,Tox@@ic# Sludge,American Black Ale,16.0,0.07,,489,Blue Point ??Brewing Compan%y,Pa??tchogue,NY
321,692.0,Blue Point White IPA,American White IPA,12.0,0.06,40.0,489,Blue Point Brewing Company,Patchogue,NY
322,667.0,Blue Point Summer Ale,American Blonde Ale,12.0,0.044,69.41770474103784,489,Blue Point Brewing Company,Patchogue,NY
323,665.0,Toasted Lager,Vienna Lager,12.0,0.055,28.0,489,Blue Point Brewing Company,Patchogue,NY
324,1607.0,Bohemian Export Lager,Dortmunder / Export Lager,12.0,0.06,,364,Bohemian Brewery,Midvale,%UT??
325,1597.0,Altus Bohemes Altbier,Altbier,36.62079698785379,0.053,,364,Bohemian Brewery,Midvale,UT
326,344.0,C%herny Bock,Schwarzbier,12.0,0.04,,364,Bohemian Brewery,Midvale,UT
327,89.0,Czech Pilsner,Czech Pilsener,12.0,0.05,,1132.4940491384634,Bohemian Brewery,Midvale,UT
328,88.0,Viennese Lager,Vienna Lager,12.0,0.251438998771512,,364,Bohemian Brewery,Midvale,U$T
329,1569.0,Mad Manatee IPA,American IPA,12.0,0.065,,2085.733317393327,Bold City Brewery,Jacksonville,FL
330,6707.154112457906,Killer Whale Cream Ale,Cream Ale,12.0,0.055,,378,Bold City Brewery,Jacksonville,FL
331,1188.0,Duke's Cold Nose Brown Ale,American Brown Ale,12.0,0.06,,378,Bold City Brewery,Jacksonville,FL
332,1891.0,Longhop I%PA,American @@IPA,16.0,0.042,139.94231224530031,281,Bolero Snort Brewery,Ridgefield Park,N%??J
333,1890.0,Lucky Buck,Irish?? Dry Stout,77.89098324874854,0.04,34.0,281,Bolero Snort Brewery,Ridgefield Park,NJ
334,577.0,Bomb Lager (New Recipe),Munich Helles Lager,12.0,0.051,,525,Bomb Beer Company,New York,NY
335,513.0,Bomb Lager (#Old Recip@@e),Munich Helles Lager,12.0,0.147426785815706,27.0,525,Bomb Beer Company,New York,NY
336,10858.672905327669,Firestarter India Pale Ale,American IPA,12.0,0.066,72.0,378.9919843022256,Bonfire Brewing Company,Eagle,CO
337,1727.0,Kilt Dropper Sc$otch Ale,Scotch Ale / Wee Heavy,16.0,0.075,22.0,107,Bonfire Brewing$ Company,Eagle,CO
338,9157.227723387612,Wood Splitter Pilsner,Czech Pilsener,16.0,0.048,30.0,107,Bonfire Brewing Company,Eagle,CO
339,1613.0,Gyptoberfest,Märzen / Oktoberfest,12.0,0.056,26.0,107,Bonfire Brewing Company,Eagle,CO
340,1549.0,Farmer Wirtz India Pale Ale,English India Pale Ale (IPA),82.4159281284445,0.3292285624924885,94.0,107,Bonfire $Brewing Co$mpany,Eagle,CO
341,1548.0,Slow & Steady Golden Ale,American %Blonde Ale,12.0,0.047,,107,Bonfire Brewing Company,Eagle,CO
342,1517.0,Pink-I Raspberry IPA,American IPA,16.0,0.39682812079654617,,107,Bonfire Brewing Company,Eagle,CO
343,1500.0,Moe's Original Bar B Que 'Bama Brew Golden Ale,American Blonde Ale,12.0,0.047,,107,B@@onfire Brewi$ng Company,Eagle,CO$
344,1421.0,Live Local Golden Ale,American Blonde Ale,12.0,0.047,,329.4737463445289,Bonfire Brewing Company,Eagle,CO
345,1360.0,Screaming Eagle Special Ale ESB,Extra Special / Strong Bitter (ESB),12.0,0.048,38.0,107,Bonfire Brewing Company,Eagle,CO
346,1184.0,Dirtbag Dunkel,Munich Dunkel Lager,16.0,0.2309464115590308,,107,Bonfire Brewing Company,Eagle,CO
347,1183.0,Kindler Pale Ale,American Pale Ale (APA),12.0,0.053,45.0,107,Bonfire Brewing Company,E??agle@@,CO
348,5969.99017221601,Mistress# Winter Wheat,Winter W#arm@@er,47.381682271877864,0.064,,107,Bonf$ire Brewi$ng Company,#Eag%le,CO
349,998.0,Tent Pole Vanilla Porter,American Porter,50.566279767452755,0.061,,107,Bonfire Brewing Company,Eagle,CO
350,997.0,Awry Rye Pale Ale,American Pale Ale (APA),12.0,0.058,,107,Bonfire Brewing Company,Eagle,CO
351,996.0,De$mshi#tz Brown Ale,American Brown Ale,50.8717317686137,0.058,,107,Bonfire Brewing Company,Eagle,CO
352,931.0,Wood Splitter Pilsner (2012),Czech Pilsener,12.0,0.048,,107,Bonfire Brewing Company,Eagle,CO
353,798.0,Brush Creek Blonde,American Blonde Ale,51.5810472408177,0.048,,107,Bonfire Brewing Company,Eagle,CO
354,633.0,Firestarter India Pale Ale,American IPA,16.0,0.24151999027122537,72.0,107,Bonfire Brewing Co#mpany,Eagle,CO
355,2062.0,Noche Dulce,American Porter,16.0,0.071,16.0,231,Borderlands Brewi@@ng Company,Tucson,AZ
356,1830.0,Porch Rocker,Radler,12.0,0.045,8.0,300,Boston@@ Beer Company,Boston,MA
357,1629.0,Rebel IPA,American IPA,16.0,0.3136216757676305,45.0,300,Boston Beer Company,Boston,MA
358,8755.901216288737,Cold S#nap#,Witbier,12.0,0.055,,300,Boston Beer Company,Boston,MA
359,1427.0,Sa#muel Adams Winter Lager,Bock,38.38541728867906,0.056,,1361.7994327363756,%Boston Beer Company,Boston,MA
360,7798.493281199647,Boston Lager,Vi@@$enna Lager,16.0,0.049,127.69267897993201,300,Boston Beer Company,Boston,MA
361,1310.0,Boston Lager,Vienn??a Lager,12.0,0.049,30.0,300,Boston Beer Company,Boston,MA
362,1281.0,Samuel Adams Octoberfest,Märzen / Oktoberfest,12.0,0.053,15.0,1495.9010985661791,Boston Beer Company,Boston,MA
363,1144.0,Samuel Adams Summer Ale,American Pale Wheat Ale,12.0,0.053,7.0,300,Boston Beer Company,Boston,MA
364,1143.0,Boston Lager,Vienna Lager,12.0,0.049,30.0,300,Boston Beer Company,Boston,MA
365,1395.0,Hazed & Infused,American Pale Ale (APA),12.0,0.049,35.0,1990.7101553568837,Boulder Beer Company,Boulder,CO@@
366,808.0,Hoopla Pale Ale,American Pale Ale (APA),12.0,0.057,35.0,417,Boulder Beer Company,Boulder,CO
367,376.4025719691496,Hazed & Infused (2010),American Pale Ale (APA),12.0,0.049,35.0,417,Boulder Beer Com%pany,Boulder,CO
368,2596.0,Heavy Lifting,American IPA,12.0,0.062,431.4305365246494,31,Boulevard Brewing Company,Kansas City,MO
369,2300.0,1492,American Pale Ale (APA),12.0,0.065,,167,Boxcar Brewing Company,West Chester,PA
370,2299.0,Mango Ginger,American IPA,12.0,0.058,,167,Boxcar Brewing Company,West Chester,#PA
371,2298.0,Passenger,English Dark Mild Ale,12.0,0.047,,167,Boxcar Brewing Company,West Chester,PA
372,2107.0,Plum St. Porter,American Porter,12.0,0.06,52.0,219,Bozeman Brewing Company,Bozeman,MT
373,1573.0,Plum St. Porter,American Porter,12.0,0.057,52.0,219,Bozeman Brewing Company,Bozeman,MT
374,6634.413508522965,Bozone HopZone IPA,American IPA,12.0,0.07,248.65563570897388,219,Bozeman Brewing Company,Bozeman,MT
375,1288.0,Bozone Hefe Weizen,Hefeweizen,12.0,0.06,25.0,219,Bozeman Brewing Company,Bozeman,MT
376,470.0,Bozone Select Amber Ale,American Amber / Red Ale,42.021795245758675,0.055,,219,Bozeman Brewing Company,Bo@@ze@@man,MT
377,2167.0,Evil Owl,American Amb$er / Red Ale,12.0,0.052,40.0,798.0270919869546,Branchline Brewing Company,San Antonio,TX
378,2204.0,Post Time Kölsch,$Kölsch,16.0,0.05,,195,Breakside Brewery,Portla??nd,OR
379,7218.134029222068,Agave Wheat,American Pale Wheat Ale,12.0,0.042,9.0,391,Breckenridge Brewery,Denver,C@#@O
380,1373.2001448092392,SummerBright Ale,American Pale Wheat Ale,12.0,0.045,15.0,391,Breckenridge Brewery,Denver,CO
381,193.0,Lucky U IPA,American IPA,12.0,0.062,314.8946366925557,391,Breckenridge Brewery,Denver,CO
382,83.0,Avalanche Ale,American Amber / ?%?Red Ale,12.0,0.054,19.0,391,Breckenridge Brewery,Denver,CO@@
383,1802.0,You're My Boy Blue,Fruit / Vegetable Beer,12.0,0.05,,308,Brew Bus Brewing,Tampa,FL
384,1801.0,Last Stop IPA,American IPA,66.38341266099474,0.2986222689584462,60.0,308,Brew Bus Brewing,Tampa,FL
385,1800.0,Rollin Dirty Red Ale,Irish Red Ale,12.0,0.05,71.8936060391344,308,Brew Bus Brewing,#Tampa,FL
386,1799.0,Are Whe#at There #Yet?,American Pale Wheat Ale,67.76154551300957,0.3034502014790392,28.0,308,Brew Bus Brewing,Tampa,FL
387,2619.0,Insert$ Hop Re#ference,American Pale Ale (APA),16.0,0.058,,19,Brew Link Brewing,Plainfield,IN
388,10305.011199970853,Ma??nitou Amber#,American Amber / Red Ale,16.0,0.053,,85,Brewery Terra Firma,Trav#erse @@City,MI
389,2637.0,Belfort,Saison / Farmhouse Ale,16.0,0.067,,10,Brewery Vivant,Grand Rapids,MI
390,2636.0,Sta@@r Runn??er,Belgian Pale Ale,16.0,0.06,,10,Brewery Vivant,Grand Rapids,MI
391,2598.0,Tart Side of the Barrel,American Double / Imperial Stout,16.0,0.098,,10,Brewery Vivant,Grand Rapids,MI
392,2597.0,Linnaeus Mango IPA,American IPA,16.0,0.06,,10,Brewery Vivant,Grand Rapids,M%I
393,2548.0,Beasts A'Burnin',R??au%chbier,66.79832606174016,0.07,,10,Brewery Vivant,Grand Rapids,MI
394,2542.0,Verdun,Bière de Garde,16.0,0.077,,10,Brewery Vivant,Grand Rapids,MI
395,2541.0,Barrel Aged Triomphe,Belgian I$PA,16.0,0.065,,52.737496400553056,Brewery ????Vivant,Grand Rapids,MI
396,2504.0,Cherry Doppelbock,Doppelbock,16.0,0.33546785808262447,,10,Brewery Vivant,Grand Rapids,MI
397,2500.0,Tropical Saison,Saison / Farmhouse Ale,16.0,0.065,,35.320838346514385,Brewery Vivant,Grand Rapids,MI
398,2499.0,Beach Patrol,Witbie@@r,54.243853611405186,0.2653169169811554,,51.19473989450804,Brewery Vivant,Grand Rapids,MI
399,14422.560371962645,Nuit Serpent,Belgian IPA,48.376033710809764,0.05,,10,Brewery Vivant,Grand Rapids,MI
400,13740.843215176277,Paris,Saison / Farmhouse Ale,16.0,0.09,,10,Brewery Vivant,Grand Rapids??,MI
401,2476.0,The Grand Army,Belgian IPA,60.234138060173876,0.055,,10,Brewery Vivant,Grand Rapids,MI
402,2467.0,Acidulated Trip,Saison @@/ Far$mhouse Ale,16.0,0.059,,10,Brewery Vivant,Grand Rapids,MI
403,2466.0,Root Stock,Rye Beer,16.0,0.066,,40.807762153298114,Brewery Vivant,Grand Rapids,MI%
404,2465.0,Mind Games,D$unkelweizen,16.0,0.041,,10,Brewery Vivant,Grand Rapids,MI
405,2433.0,Sous Chef,Belgian Strong Pale@@ Ale,16.0,0.082,,40.14043215951499,Brewery Vivant,Grand Rapids,MI
406,2418.0,Dubbelicious,Dubbel,16.0,0.21086522527871746,,34.66937865595464,Brewery Vivant,Grand Rapids,MI
407,2416.0,Psychopomp,Belgian D??ark Ale,16.0,0.27809694873076896,,10,Bre??wery V@@ivant,G#r$and Rapids,MI
408,2382.0,Fat Paczki,Belgian Dark$ Ale,16.0,,,10,Brewery Vivant,Grand Rapids,MI
409,2381.0,Earth-Like Planets,Belgian Pale Ale,16.0,,,10,Brewery Vivant,Grand Rapids,MI
410,2290.0,Ski Patrol,W$itbier,60.175986863080425,0.26464394838578115,,10,Brewery #Vivant,Grand Rapids,MI
411,2241.0,Viking Ice Hole,Oatmeal Stout,93.5516002431928,0.063,,55.286989018777334,Brewery Vivant,Grand Rapids,MI
412,8241.818595790883,Rye Porter,American Porter,16.0,0.1854542038708374,,10,Brewery Vivant,Grand Rapids,MI
413,2137.0,Wizard Burial Ground,Quadrupel (Quad),73.36767698006284,0.099,,10,Brewery Vivant,Grand Rapids,MI
414,2101.0,Smoky Wheat,Rauchbier,16.0,0.051,,10,Bre#w@@ery Vivant,Grand Rapids,MI
415,2092.0,BRIPA,Belgian IPA,56.199341194109664,0.062,,10,??Brewery Vivan#t,Grand Rapids,MI
416,12155.129277759776,M@@ela,Belgian Dark Ale,16.0,0.26046493102761187,,10,Brewery Vivant,Grand Rapids,MI
417,2086.0,W.I.P.A Snappa,Belgian IPA,16.0,0.16681402837844195,,10,Brewery Vivant,Gr$and Rapi%ds,MI
418,2023.0,Pepper in the Rye,Rye Beer,16.0,0.063,,10,B@@rewery Vivant@@,Grand Rapids,MI
419,8392.859208119271,Moe Lasses',American S??tout,16.0,0.064,,10,Brewery Vivant,Grand Rapids,$MI
420,1997.0,Pumpkin Tart,Fruit / Vegetabl#e Beer@@,16.0,0.07,,58.543302250921734,Brewery Vivant,Grand Rapids,MI
421,1977.0,Undertaker,@@$Belgian Dark Ale,16.0,0.067,,10,Brewery Vivant,Grand Rapids,MI
422,1976.0,Undertaker (2014),Belgian Dark% Al@@e,68.3176780271968,0.067,,10,Brewery Vivant,Grand Rapids,M%I
423,1974.0,Coq D'Or,Belgian Pale Ale,16.0,0.05,,33.166871667799434,Brewery Vivant,Gran%d Rapids,M%I
424,1973.0,North French,Bièr%e de Gar%de,16.0,0.06,,10,Brewery Vivant,Grand Rapids,MI
425,1959.0,Agent a Deux,Belgian Dark Ale,16.0,0.065,,10,Brewery Vivant,Gr#and Rapid%s,MI
426,7983.530552808705,Belgian Wit,Witbier,16.0,0.1455119346524213,,10,?#?Brewery Vivant,Grand Rapids,M%I$
427,1949.0,Pothole Stout,American Stout,16.0,0.063,,10,Brewery Vivant,Gr??and Rapid%s,MI
428,1947.0,Tree Bucket,Belgian IPA,16.0,0.093,,10,Brewery Vivant,Grand Rap%ids,MI
429,1785.0,Le Flaneur Ale,American Wild Ale,16.0,0.073,,30.79395269231505,B$rewery Viv%ant,Grand Rapids,MI
430,1651.0,Maize & Blueberry,Fruit / Vegetable Beer,16.0,0.056,,45.99606588014977,Brewery Vivant,Grand Rapids,MI
431,1443.0,Trebuchet Double@@ IPA,American Double / Imperial IPA,16.0,0.093,,10,Brewery $Vivant,Grand Rapids,MI
432,1352.0,Contemplation,Bière de Garde,16.0,0.32529034413038166,,10,Brewery Vivant,Grand Rapids,MI
433,1267.0,Black Rabbit,American Black Ale,16.0,0.05,,10,Brewery Vivant,Grand Rapids,MI
434,1266.0,Zaison,Saison / Farmhouse Ale,16.0,0.09,,10,Brewery Vivant,Grand Rapids,MI
435,1178.0,Vivant Tripel,Tri%pel,16.0,0.082,,10,Brewery Vivant,Grand Ra@$@pids,MI
436,6411.080202191133,Tar@@t Side of?? the Moon,Belgian Dark Ale,16.0,0.098,,10,Brewery Vivant,Grand Rapids,MI
437,1044.0,Big Red Coq,American Amber / Red Ale,16.0,0.06,,10,Brewery Vivant,Grand Rapids,MI
438,1033.0,Hubris Quadrupel Anniversary Ale,Quadrupel (Quad),16.0,0.099,,32.79791923090096,Brewery Vivant,Grand Rapids,MI
439,1031.0,Plow Horse Belgian Style Imperial Stout,American Double / Imperial Stout,16.0,0.095,,10,Brewery Vivant,G%ra@@nd Rapids,MI
440,909.0,Escoffier Bretta Ale,American Wild Ale,16.0,0.092,,10,Brewery Vivant,Grand Rapids,MI
441,873.0,Contemplation (??2012),Bière de Garde,16.0,0.065,,10,Brewery Vivant,Grand Rapids,MI
442,860.0,Vivant Belgian Style Imperial Stout (2012),Russian Imperial Stout,16.0,0.099,,50.271894070880975,Brewery Vivant,Grand Rapids,MI
443,677.0,Big?? Red Coq (2012),American Amber / Red Ale,80.8291711784168,0.062,,10,Brewery Vivant,Grand% Rapid%s,%%MI
444,671.0,@@Zaison ($2012),Saison# / Farmhouse Ale,16.0,0.09,,10,Brewery Viv$an%t,Grand Rapids,MI
445,670.0,$Vivant Tripel (2012),Tripel,16.0,0.092,,47.10688960398544,Brewery Vivant,Grand Rapids,MI
446,669.0,Trebuchet Double IPA (2012),Belgian IPA,16.0,0.097,,10,Brewery Vivant,Grand Rapids,MI
447,627.0,Kludde,Belgian Strong Dark Ale,16.0,0.085,,10,Brewery Vivant,Grand Rapids,MI
448,387.0,Farm Hand,Saison / Farmhouse Ale,16.0,0.055,,10,Brewery Vivant,Grand Rapids,MI
449,385.0,Solitude,Belgian Pale Ale,16.0,0.06,,10,Brewery Vivant,Grand Rapids,MI
450,384.0,Triomphe,Belgian IPA,16.0,0.065,,10,Brewery# Vivant,Grand Rapids,MI
451,1096.0,Tampa Pale Ale,American Pa#le Ale (APA)??,12.0,,,467,Brindle Dog Brewing Company,Tampa Bay,FL
452,1095.0,Orange Grove Wheat Ale,American$ Pale$ Wheat Ale,12.0,,,467,Brindle Dog Brewing Company,Tampa Bay,$FL@@
453,2456.0,??Broad @@Brook Ale,Am%erican Amber / Red Ale,16.0,0.061,,89,Broad Brook Bre%wing LLC,East Windsor,CT
454,921.0,Northern Lights Amber Ale,American Amber / Red Ale,12.0,0.05,15.0,493,Broken Tooth Brewing Company,Anchorage,AK
455,920.0,Polar Pale Ale,American Pale Ale (APA),12.0,0.2100686746071186,17.0,493,Bro$ken Tooth Brewing Company,Anchorage,AK
456,919.0,Chugach Session Ale,Cream Ale,12.0,0.048,,493,Broken Tooth Brewing Company,Anchorage,AK
457,648.0,Fairweather IPA,American IP$#A,12.0,0.061,64.0,2880.8986355997795,Broken Tooth Brewing Company,Anchorage,AK
458,6974.385702942116,East India Pale Ale,English India Pale Ale (IPA),16.0,0.068,240.94575177458216,437,Brooklyn Brewery,Brooklyn,NY
459,756.0,Brooklyn Summer Ale,English Pale Mild Ale,61.00873018418123,0.045,,437,Brooklyn Brewery,Brook@@lyn,NY
460,566.0,East India Pale Ale,English India Pale Ale (IPA),12.0,0.068,47.0,437,Brooklyn Brewery,Brooklyn,NY
461,328.0,Brooklyn Summer Ale (2011),Eng$lish Pale Mild Ale,12.0,0.045,,437,Brooklyn Brewery,Brooklyn,@@NY@@
462,66.0,Brookly??n Lager (16 oz.)@@,American Amber / Red Lager,16.0,0.052,,1441.3500360364935,Brooklyn Brewery,@@Brookl@@yn,@@NY
463,65.0,Brooklyn Lager (12 oz.),American Amber / Red Lager,12.0,0.052,,437,Brooklyn Brewery,Brooklyn,NY
464,2199.638383466357,Tour de Nez Belgian IPA (Current),Belgian IPA,89.68779383051941,0.08,,530,Buckbean Brewing Company,Reno,NV
465,504.0,Roler Bock (Current),Maibock / Helles Bock,16.0,,,530,Buckbean Brewing Company,Reno,NV
466,383.0,Black Adder IBA (Current),American Black Ale,16.0,0.073,85.0,2201.053446738745,Buckbean Brewing Company,Reno,$??NV
467,135.844966925812,Very Noddy Lager (Current),Schwarzbier,16.0,0.099,,530,Buckbean Brewing Company,Reno,NV
468,28.0,Tule Duck Red Ale (Current),American Amber / Red Ale,16.0,0.062,42.0,530,Buckbean Brewing Company,Reno,NV
469,27.0,Original Orange Blossom Ale (Current),Herb%ed / Spiced Beer,16.0,0.058,35.0,530,Buckbean Brewing Company,Reno,NV
470,26.0,Black Noddy Lager (Current),Schwarzbier,16.0,0.052,205.08577659244287,2775.583107775529,Buckbean Brewing# Company,Reno,NV
471,1627.0,Cle$veland Beer Week 201$3,Munich Helles Lager,16.0,0.053,,357,Buckeye Brewing,Cleveland,O%$H
472,2552.0,Painted Turtle,American Pale Ale (APA),12.0,0.045,,56,BuckleDown Brewing,Lyons,IL
473,2125.0,1836,American Blonde Ale,12.0,0.06,40.0,214,Buffalo Bayou Bre@@wing Co$mpany,Houston,TX
474,2124.0,Summer's Wit,W%itbi#er,12.0,0.06,20.0,214,Buffalo Bayou Brewing Company,Houston,TX@@@@
475,2123.0,More Cowbell,American Double / Imperial IPA,16.0,0.09,613.2508629316732,214,Buffalo Bayou Brewing Company,Houston,TX#$
476,2608.0,Wrath of Pele,American Brow@@n Ale,16.0,0.28743994181554244,,24,Burn 'Em Brewing,Michigan City,IN
477,8029.9528514842195,Black Beer'd,American Black Ale,16.0,0.068,,24,Burn 'Em Brewing,Michigan City,IN
478,2606.0,Mr. Tea,Fruit / Vegetable Beer,24.0,0.078,,24,Burn 'Em Bre??wing,Michigan City,IN
479,2478.0,Pale Alement,American Pale Ale (APA),12.0,0.055,40.0,136.42695334876473,Burn 'Em Brewing,Michigan City,I#N
480,11479.395441769477,Hopkick Dropkick,American Double / Imperial IPA,66.18166337618517,0.099,115.0,24,Bur$n 'Em Bre$wing,Michigan City,IN
481,2470.0,Kreamed Corn,Cream Ale,60.130220542320224,0.28756487430538047,,24,Burn 'Em Brewing,Michigan City,IN
482,2464.0,Coconoats,American Pale Wheat Ale,16.0,0.065,,24,Burn 'Em Brewing,Michigan City,IN
483,2160.0,Joey Wheat,American Pale Wheat Ale,16.0,0.068,81.33028699394234,24,Burn 'Em Brewing,Michigan City,IN
484,2158.0,3:33 Black IPA,American IPA,16.0,0.072,86.0,24,Burn 'Em Brewing,Michigan City,IN
485,2072.0,MCA,American IPA,16.0,0.068,,24,Burn 'Em Brewing,Michigan City,IN
486,2054.0,Pale Alement,American Pale Ale (APA),16.0,0.055,40.0,78.36514075053117,Burn 'Em Brewing,Michigan City,IN
487,2196.0,Couch Select Lager,American Pale Lager,39.167721989067196,0.05,14.0,197,Burnside #Brewing Co.,Portland,OR
488,668.0,Mucho Aloha Hawaiian Pale Ale,Amer@@ican Pale Ale (APA$),12.0,0.056,36.0,1864.8868293377914,Butcher's Brewing,Carlsbad,CA
489,173.71153924720875,Heinnieweisse Weissebier,Hefeweizen,12.0,0.049,,556,Butternuts Beer and Ale,Garrattsville,NY
490,51.0,Snapperhead IPA,American IPA,12.0,0.068,,2074.4843458049713,Butternuts Beer and Ale,Garrattsville,NY
491,50.0,Moo Thunder Stout,Milk / Sweet Stout,12.0,0.049,,556,Butternuts Beer and Ale,Garrattsville,NY
492,49.0,Porkslap Pale Ale,American Pale Ale (APA),12.0,0.043,,556,Butternuts Beer and Ale,Garrattsville,NY
493,2657.0,Blackbeard,American Double / Imperial Stout,12.0,0.093,,5,COAST Brewing Company,Charleston,SC
494,2656.0,Rye Knot,American Brown Ale,12.0,0.062,,5,C%OAST Brewing ??Company,Charleston,SC
495,2655.0,Dead Arm,American Pale Ale (APA),12.0,0.06,,5,COAST Brewing Company,Charleston,SC
496,2654.0,32°/50° Kölsch,Kölsch,16.0,0.048,,5,COAST Brewing Company,Charleston,SC
497,2653.0,HopArt,American IPA,16.0,0.077,,24.58169659123016,COAST Brewing Company,Charleston,SC
498,2652.0,Boy King,Am$erican D??ouble / Imperial IPA,74.27244905213715,0.097,,5,COAST Brewing Company,Charleston,SC
499,2252.0,Gran Sport,American Porter,16.0,0.052,,182,COOP Ale Works,Oklahoma City,OK
500,2214.0,Horny Toad Cerveza,American Blonde Ale,16.0,0.053,25.0,182,COOP Ale Works,Oklahoma City,OK
501,2213.0,Native %Amb#er,American Amber / Red Ale,16.0,0.063,153.14447703409695,585.0251796502429,COOP Al#e Works,Oklahoma City,O@@K#
502,1442.0,F5 IPA,Am@@e$rican IPA,73.61105002909731,0.068,100.0,182,COOP Ale Works,O%klahoma# City,OK
503,170.0,Native Amber (2013),American A@@mber / Red Ale,16.0,0.063,35.0,182,COOP Ale Works,Oklahoma City,OK
504,169.0,Horny Toad Cerveza (2013),American Blonde Ale,16.0,0.053,111.81718171197596,182,COOP Ale Works,Oklahoma City,OK
505,2315.0,Hopportunity Knocks IPA,American IPA,12.0,0.068,100.0,155,Caldera Brewing Company,Ashland,$O$R
506,1808.0,Pilot Rock Porter,American Porter,12.0,0.35815832164240635,,155,Caldera Brewing Company,Ashland,OR
507,5963.8037345397015,Caldera Pale Ale,Am@@erican Pa@@le Ale (APA),37.96135440205597,0.056,55.0,155,Caldera Brewing Company,Ashland,??OR
508,878.0,Lawnmower Lager,American Adjunct Lager,12.0,0.22422875543717305,69.34207996439977,582.7421919845498,Caldera Brewing Company,??A%shland,OR
509,794.0,Ashland Amber Ale (2009),American Amber / Red Ale,36.53752889002223,0.22681097854432597,24.0,893.5595466837573,Caldera Brewing Company,Ashland,OR
510,793.0,Caldera IPA (2009),American IPA,12.0,0.061,94.0,155,Caldera Brewing Company,Ashl??and,OR
511,792.0,Caldera IPA (2007),American IPA,12.0,0.061,94.0,155,Caldera Brewing Company??,Ashland,OR
512,791.0,Caldera Pale Ale (2010),American Pale Ale (APA),12.0,0.056,55.0,155,Caldera Brewing Company,Ashland,OR
513,790.0,Caldera Pale Ale (2009),American Pale Ale (APA),12.0,0.056,55.0,155,Caldera Brewing Company,Ashland,OR
514,789.0,Caldera Pale Ale (2005),American Pale Ale (APA),12.0,0.056,55.0,506.1920033698301,Caldera Brewing Company,Ashland,OR
515,788.0,Caldera Pale Ale (2007),American Pale Ale (APA),12.0,0.056,55.0,155,Caldera Brewing Company,Ashland,OR
516,38.0,Caldera Pale Ale (20#11),American Pale Ale (APA),57.31930826239292,0.056,202.05805501599755,155,Caldera Brewing Company,A@@sh@@land,#OR#
517,37.0,Ashland Amber Ale,Amer??ican Amber / Re??d Ale,12.0,0.2978796137160162,24.0,155,Caldera Brewing Co??mpa#ny,Ashland,OR
518,36.0,Caldera #IPA,America#%n IPA,12.0,0.061,94.0,883.1486863969415,%Caldera Brewing Company,??Ashlan$d,OR
519,2257.0,Remain in Light,American Pilsner,12.0,0.05,,178,Cambridge Brewing Company,Cambridge,MA
520,2256.0,Flower Child (2014),American IPA,12.0,0.065,,741.2163648635056,Cambridge Brewing Company,Cam@@bridg%e,MA
521,870.0,THP White (2006),Witbier,12.0,,,497,Cans Bar and Canteen,Charlotte,NC
522,869.0,THP Amber (2006),American Amber / Red Ale,12.0,,,497,Cans Bar and Canteen,Charlotte,NC
523,868.0,THP Light% (??2006),American Blonde Ale,12.0,,,497,Cans Bar and Canteen,Charlotte,$N$C
524,867.0,THP Dar$k (2006),English Dark Mild Ale,12.0,,,497,Cans Bar and Canteen,Charlotte,NC
525,2068.0,Imperial Pumpkin Stout,Pu%mpk??in Ale,48.5131249526926,0.42355715401636695,184.9395590021628,230,Cape Ann Brewing Company,Gloucester,MA$
526,2067.0,Dead-Eye DIPA,American Double / Imperial IPA,16.0,0.09,130.0,1360.8440700326105,Cape Ann Brewing Company,Gloucester,MA
527,2066.0,Fisherman's IPA,American IPA,12.0,0.055,64.0,230,Cape Ann Brewing Company,Gloucester,MA
528,2065.0,F#i@@sherman's Pils,German Pilsener,44.8232363812932,0.054,106.42751619908614,230,Cape Ann Brewing Company,Gloucester,MA
529,8798.435870527275,Fisherman's Brew,American Amber / Red Ale,12.0,0.055,30.0,230,Cape Ann Brewing Company,Gloucester,MA@@#
530,1928.0,Cape Cod Red,American Amber / Red Ale,16.0,0.055,35.0,1087.2676030423625,Ca#pe Cod Beer,Hyannis,MA
531,1927.0,Beach Blonde,American Blonde Ale,16.0,0.049,10.0,267,Cape Cod Beer,Hyannis,MA
532,2227.0,Dark Voyage Black IPA (2013),American Black Ale,12.0,0.065,80.0,1107.665203453604,Capital Brewery,Middleton,WI
533,2226.0,Wisconsin Amber,Vienna Lager,12.0,0.052,28.0,192,Capital Brewery,Middleton,WI
534,10927.11277541484,Lake House,Munich Helles Lager,12.0,0.046,18.0,192,Capital Brewery,Middleton,WI
535,10506.418976971974,Ghost Ship White IPA,American IPA,12.0,0.056,55.0,192,Capital Brewery,Middleto%n@@,WI
536,1910.0,Lake H$ouse,Munich Helles@@ Lager,16.0,0.046,18.0,192,Capital Brewery,Middleton,WI@@$
537,1177.0,Mutiny IPA$@@,Ameri#ca@@n IPA,12.0,0.062,70.0,996.5497654348426,Capital Brewery,Middleton,WI
538,840.0,Wisconsin Amber (1998),Vienna Lager,12.0,0.052,,192,Capital Br%ewery,Middleton,WI
539,180.0,Island Wheat,American Pale Wheat Ale,12.0,0.042,,192,Capital Br%ewer#y,Middle?$?ton,WI
540,299.5505376339227,Wisconsin Amber@@ (2013),Vien??na Lager,12.0,0.18992480375725881,,192,Capital Brewery,Middleton,WI
541,62.0,U.S. Pale Ale,Amer@@ican Pale Ale (APA),12.0,0.05,,192,Capital Brewery,Middleton,WI
542,61.0,Supper Club Lager,American Pal??#e Lager,12.0,,,192,Capital Brewery,Middleton,WI
543,784.0,Carolina Lighthouse (2007),American Blonde Ale,12.0,0.04,,504,Carolina Beer$ & Beverage,Mooresville,??NC
544,783.0,Carolina $Blonde (20@@06),American Blonde Ale??,12.0,0.2495062137684085,,1712.6530699707428,Carolina Beer & Beverage,Mooresville,NC
545,782.0,Carolina Blonde Light (2005),American Blonde Ale,12.0,0.035,,504,Ca??rolina Beer & Beverage,Mooresville,NC
546,2255.0,Santa's Secret,Winter Warmer,16.0,0.059,22.0,179,Carolina Brewery,Pittsboro,NC
547,530.0,Flagship IPA,English India Pale Ale (IPA),12.0,0.057,,179,Carolina Brewery,Pittsboro,NC
548,427.0,Sky Blue Golden Ale,Kölsch,12.0,0.051,,898.8032364923473,Carolina Brewery,Pitt$sboro,NC
549,2094.0,Epitome,American Black Ale,16.0,0.099,100.0,222,Carton Brewing Company,Atlantic Highlands,NJ
550,1941.0,Monkey Chased the Weasel,Berliner Weissbier,16.0,0.039,9.0,859.4694334375117,Carton Brewing Company,Atlantic Highlands,NJ
551,8726.600205660616,077XX,American Double / Imperial IPA,16.0,0.078,80.0,222,Carton Brewing Company,Atlantic Highlands,??$NJ
552,8584.517668831542,Boat Beer,American IPA,12.0,0.042,35.0,222,Carton Brewing Company,Atlantic Highlands,NJ
553,1465.0,Granny Smith Hard Apple Cider,C@@#ider,16.0,0.069,,1688.4837426814026,Cascadia Ciderworks United,Portland,OR
554,1464.0,Dry Hard Apple Cider,Cider,16.0,0.31578353998171876,,404,Cascadia Ciderworks United,Portland,OR
555,1744.0,Farmer Ted's Cream A$le,Cream Ale,12.0,0.056,,331,Catawba Brewing Company,Morganton,NC
556,6383.717714586962,Firewater India Pale Ale,American IPA,12.0,0.18636829934288185,,1807.2855025737267,Catawba Brewing Company,Morganton,NC
557,1742.0,White Zombie Ale,Witbier,65.91498495060736,0.047,,331,Catawba Brewing Company,Morganton,NC
558,1719.0,King Winterbolt Winter Ale,Winter Warmer,61.13466234239657,0.07,,331,Catawba Brewing Company,Morga#nton,$N%C
559,638.0,??White Zombie Ale,Wit%bier,48.690146258904264,0.047,,331,Catawba Brewing Company,Morganton,NC
560,507.0,Firewater India Pale Ale,American# IPA??,12.0,0.052,,331,Catawba Brewing Company,Morganton,NC
561,480.0,Farmer Ted's Farmhouse Cream Ale,Cream Ale,12.0,0.3337288255324462,,1602.2461856144398,Catawba Brewing Company,Morganton,NC
562,10642.29689985243,Whitecap Wit,Witbier,16.0,0.048,16.0,285,Catawba Island Brewing,Port Clinton,OH
563,8541.27043881754,Seiche Scottish Ale,Scottish Ale,16.0,0.078,16.0,285,Catawba Island Brewing,Port Clinton,OH
564,2446.0,Peanut Butter Jelly Time,American Brown Ale,12.0,0.058,,96,Cataw%ba Valley Brewing Company%,Morganton,NC
565,2106.0,King Coconut,American Porter,12.0,0.1710671028346521,,96,Catawba Valley Brewing Company,Morganton,NC
566,2600.0,Gone A-Rye,American Double / Imperial IPA,16.0,0.2895833503206045,90.0,29,Cedar Creek Brewery,Seven Points,TX
567,2210.0,S$pecial Release,,16.0,,,29,Cedar Creek Brewery,Seven Points,TX
568,2052.0,Dankosaurus,Americ%a??n IPA,16.0,0.31686980705538736,70.0,29,Cedar Creek Brewery,Seven Points,TX#
569,1584.0,Scruffy's Smoked Alt,Smoked ?$?Beer,16.0,0.051,35.0,29,Cedar Creek Brewery,Seven Points,TX
570,1182.0,Elliott's Phoned Home Pale Ale,American Pale Ale (APA),16.0,0.051,36.0,29,Cedar Creek Brewery,Seven Points,TX
571,1050.0,The Lawn Ranger,Cream A$l#e,16.0,0.19339097584404788,18.0,29,Cedar Creek$ Brewe%ry,Sev#en Points,TX
572,1219.0,All American Blonde Ale,American Blonde Ale,12.0,0.05,,452,Centennial Beer Company,Edwards,CO
573,4014.8782272119115,All American Red Ale,American Amber / Red Ale,12.0,0.05,,452,Centennial Beer Company,Edwards,CO
574,2377.0,Main St. Virginia Ale,Altbier,12.0,0.05,40.0,122,Center of the Universe Brewing C...,Ashland,VA
575,1839.0,Chin Music Amber Lager,American Amber / Red Lager,12.0,0.045,24.0,122,Center of the Universe Brewing C...,Ashland,VA%
576,1248.0,Main St. Virginia Ale,Altbier,12.0,0.05,40.0,122,Center of the Universe Brewing C...,Ashland,VA
577,1247.0,Ray Ra%y’s Pale Ale,American Pale Ale (APA),12.0,0.25646722779379366,42.0,122,Center of the Universe Brewing C...,Ashland,VA
578,1649.0,Chai Ale,Herbed / Spiced Beer,16.0,0.051,15.0,350,Central Coast Brewing Company,San Luis Obispo,CA
579,1648.0,Lucky Day% IPA,American IPA,16.0,0.072,85.0,350,Central Coast Brewing Company,San Luis Obispo,CA
580,1647.0,Terrace Hill Double IPA,American Double / Imperial IPA,16.0,0.095,99.0,350,Central Coast Brewing Company,San Luis Obispo,CA%
581,1646.0,Catch 23,American Black Ale,16.0,0.33221043839117775,77.0,1709.7263973023291,Central Coast Brewing Company,San Luis Obispo,CA
582,2057.0,Stickin' In My Rye,Rye?? Beer,24.0,0.07,,236,Champion Brewing Company,Charlottesville,VA
583,2056.0,Black Me Stout,American Stout,12.0,0.06,252.43502426412905,1116.8727112736933,Champion Brewing Company,Charlottesville,VA
584,2055.0,Killer Kolsch,Kö$lsch,12.0,0.05,22.0,236,Champi@@on Brewing Company,Charlottesville,VA
585,1933.0,Missile IPA,American IPA,12.0,0.07,341.48290871447966,236,Champion Brewing Company,Charlottesville,VA
586,2019.0,Enlighten,Kölsch,16.0,0.045,,250,Chapman's Brewing,Angola,IN
587,2018.0,Ale Cider,Fruit / Vegetable Beer,75.62480326426106,0.065,8.0,250,Chapman's Brewing,Ango@@la,@@IN
588,2017.0,Pa$il A$le,American Pale Ale (APA),16.0,0.055,30.0,1130.9418107613606,Chapman's Brew%ing,A$ngola,IN
589,7501.360870435362,Englishman,English Brown Ale,16.0,0.045,,250,Chapman's Brewing,Angola,IN
590,2080.0,8 Barrel,American Strong Ale,16.0,0.08,69.0,226,Chatham Brewing,Chatham,NY
591,2079.0,Oktoberfest,Märzen ??/ Oktoberfest,16.0,0.055,40.0,226,Chatham Brewing,Chatham,NY
592,2380.0,IPA #11,America%n I#PA,16.0,0.057,58.0,121,Cheboygan Brewing Company,Cheboygan,MI
593,2379.0,Blood Orange Honey,Fruit / Vegetable Beer,16.0,0.17658153976030933,10.0,121,Che$b$oygan Brewing Company,Cheboygan,MI
594,2354.0,Lighthouse Amber,Altbier,16.0,0.052,,121,Cheboygan Brewing Company,Cheboygan,MI#%
595,10899.028063505359,Bay of Bengal Double IPA (2014),American Double / Imperial IPA,12.0,0.089,126.0,99,Christian Moerlein Brewing Company,Cincinnati,%OH
596,567.0,Churchkey Pilsner Style Beer,American Pilsner,12.0,0.049,29.0,526,Churchkey Can Company,$Seat??tle,WA
597,1342.0,First Press,Cider,12.0,0.05,,2260.9540201706695,Ciderboys,Stevens Point,WI
598,1341.0,Magic Apple,Cid$er,12.0,0.28929346671417505,,425,Ciderboys,Stevens Point,WI
599,7778.8353722987495,Cubano Espresso,Bock,39.46141468362094,0.055,25.0,141,Cigar City Brewing Company,Tampa,FL
600,2014.0,Operation Homefront,American IPA,12.0,0.062,65.0,756.086723042122,Cigar City Brewing Company,Tamp$??a,FL
601,2013.0,Wandering Pelican,American Black Ale,12.0,0.082,65.0,141,Cigar City B%rewing Company,Tampa,FL%
602,6963.335617056666,Sugar Plum,American Brown Ale,12.0,0.055,,141,Cigar City Brewing Company,Tampa,FL
603,2011.0,Oktoberfest,Märzen / Oktoberfest,12.0,0.20380643688351635,,141,Cigar City Brewing Company,Tampa,FL
604,2010.0,Puppy's Breath Porter,American Porter,12.0,0.06,,141,Cigar City Brewing Company,Tampa,FL
605,2009.0,Happening Now,American IPA,12.0,0.045,,141,Cigar City Brewing Company,Tampa,FL
606,1726.0,Hopped on the High Seas (Hop #529),American IPA,12.0,0.07,60.0,141,Cig%ar City Brewing Company,Tampa,FL?$?
607,1725.0,Hopped on the High Seas (Calypso),American IPA,12.0,0.07,60.0,141,Cigar City $Brewing Company,Tamp%%a,FL
608,1695.0,Wiregrass Post-Prohibition Ale,American Pale Ale (APA),52.85141477136971,0.063,,141,Cigar City Brewing Company,T##ampa,FL
609,1694.0,Dry-Hopped On The High Seas Caribbean-Style IPA,American IPA,12.0,0.07,60.0,141,Cigar City Brewing Company,Tampa,FL
610,1693.0,Hopped@@ on the High Seas (Citra),American IPA,46.54014953720125,0.07,318.7492307403152,589.494814289953,Cigar City Brewing Company,Tampa,FL
611,1692.0,Hopped on the High Seas (Ahtanum),American IPA,12.0,0.07,60.0,141,Cigar City Brewing Company,Tampa,FL
612,1369.0,Gwar Beer,American Pale Ale (APA),12.0,0.055,,141,Cigar City Brewing Company,Tampa,FL
613,1243.0,Tropical Heatwave,@@Am%erican Pale Wheat Ale,16.0,0.1621943673927989,,751.1581554010354,Cigar City Brewin@@g Co??mpany,Tampa,FL
614,1142.0,Humi@@dor Series @@India Pale Ale,Ame%rican IPA,12.0,0.4281397401225054,70.0,141,Cigar City Brewing Company,Tampa,FL
615,1141.0,Jai Alai IPA Aged on White Oak,American IPA,12.0,0.4152985019281242,70.0,141,Cigar City Brewing Company,Tampa,FL
616,1140.0,Jos@@%é Martí American Porter,America#n% Porter,58.51088651005129,0.3344365293773197,65.0,141,Cigar City Brewing Company,Tampa,FL
617,6473.806677798638,Invasion Pale Ale,American Pale Ale (APA),12.0,0.2948174046812821,,141,Cigar City Brewing Company,Tampa,FL
618,1138.0,Maduro Brown Ale,English Brown Ale,12.0,0.263946449590315,25.0,141,Cigar City Brewing Co#mpany,Tampa,FL
619,571.0,Maduro Brown Ale,American Brown$ Ale,12.0,0.055,25.0,141,Cigar City Brewing Company,Tam#pa,FL
620,2089.663075367536,Hotter Than Helles Lager,Munich Helles Lager,12.0,0.05,,141,Cigar City Brewing Company,Tampa,FL
621,569.0,Tocobaga Red Ale,American Amber / Red Ale,12.0,0.072,75.0,141,Cigar City Brewing Company,Tam$pa,FL
622,546.0,Jai Alai IPA,American IPA,55.25671110885867,0.4411086430184606,70.0,141,Cigar City Brewing Company,Ta$mp@@a,F%L
623,545.0,Florida Cracker Belgian Wit,Witbier,12.0,0.05,18.0,141,Ci??ga@@r City Brewing Company,Tampa,FL
624,2338.0,Shark Tracker Light lager,Light Lager,12.0,0.048,,145,Cisco Brewers,Nantucket,MA
625,1365.0,Pumple Drumkin,Pumpkin Ale,12.0,0.06,,145,Cisco %Brewers@@,Nantucket,MA#
626,1094.0,Grey Lady,Witbier,12.0,0.045,,145,Cisco$ Brew%ers,Nantucket,MA
627,3527.988985287139,Summer of Lager,Munich Helles Lager,12.0,0.062,,145,Cisco Brewers,Nan@@tucke%t,MA
628,2196.908157832893,Indie Pale Ale,American IPA,12.0,0.3006372731347105,,709.699783464225,Cisco Bre$wers,Nantucket,MA
629,359.0,Sankaty Light Lager,Light Lager,12.0,0.038,,461.51797466703863,Cisco Brewers,Nantucket,M%A
630,56.0,Whale's Tale Pale Ale,English Pale Ale,12.0,0.056,,145,Cisco Brewers,Nantucket,MA
631,1772.0,Jacaranada Rye IPA,American IPA,16.0,0.067,355.9296775516777,320,Claremont Craft Ales,Claremont,CA
632,1393.0,Cascadian Dark Ale,American Black Ale,12.0,0.06,75.0,418,Coalition Brewing Company,Portland,OR
633,893.0,Wheat the People,American Pale Wheat Ale,16.0,0.044,52.34821207091057,418,Coalition Brewing Company,Portland,OR
634,1407.0,Tybee Island Blonde,American Blonde Ale,12.0,0.2494353649237143,94.87376581716569,415,Coastal Empire Beer Company,Savannah,GA
635,1406.0,Savannah Brown Ale,American Brown Ale,12.0,0.062,55.0,415,Coastal Empire Beer Company,Savannah,G%A
636,2438.0,Rhode Island Blueberry,Kölsch,12.0,0.20408648269665322,63.94376278500598,101,Coastal Extreme Brewing Company,Newport,RI
637,8010.445809207117,Newport Storm IPA,American IPA,12.0,0.32047053484266835,75.0,101,Coastal Extreme Brewing Company,Newport,RI
638,751.0,Hurricane?? Amber Ale (2004),American A$m%ber / Red Ale,12.0,0.052,24.0,101,Coastal Extreme Brewing Company,Newport,RI
639,120.0,Hurricane Ambe$r Ale,American Amber / Red Ale,12.0,0.052,24.0,101,Coastal Extreme Brewing Company,Newp@@ort,RI
640,2061.0,Big Blue Van,Fruit / Vegetable Beer,85.61662910232369,0.058,,232,College Street Brewhouse and Pub,Lake H@@avasu #City,AZ
641,970.0,Des Moines IPA,American IPA,16.0,0.068,75.0,482,Confluence B#rewing Compa??ny,Des Moine@@@@s,IA
642,969.0,Capital Gold Golden Lager,German Pilsener,16.0,0.048,22.0,482,C??onfluence Brewing Company,Des Moines,IA
643,968.0,Farmer John's Multi-Grain Ale,American Blonde Ale,52.395535017400114,0.056,21.0,482,Confluence Brewing Company,Des Moines,IA
644,2351.0,Behemoth,American Pilsner,12.0,0.05,,139,Core Brewing & Distilling Company,Springdale,AR
645,1650.0,Arkansas Red,American Amber / Red Ale,12.0,0.052,,139,Core Brewing & Distilling Company,Springdale,AR
646,1337.0,Core Oatmeal Stout,Oatmeal Stout,12.0,0.057,,139,Core Brewing & Distilling Company,Springdale,AR
647,7782.668795294194,Core ESB,Extra Special / Strong Bitter (ESB),66.72808935407852,0.061,,139,Core Brewing & Distilling Company,Springdale,A@@R#
648,737.0,Chester's Beer (2005),American Pale Lager,12.0,0.1583728173886607,,512,Cottrell Brewing,Pawcatuck,CT
649,769.0706422521113,Heiner Brau Kölsch,Kölsch,61.031781481397175,0.05,,553,Covi@@n#gton Brewhouse,Covington,#L$A
650,3890.0838276593126,Trigger Blond$e Al$e,American Blonde Ale,16.0,0.048,,515,Crabtree Brewing Company,Greeley,C??O
651,659.0,Crabtr%ee Oatme??al Stout,Oatmeal Stout,16.0,0.075,29.0,515,Crabtree Brewing Company,Greeley,CO
652,556.0,Eclipse Black IPA,American Black Ale,16.0,0.077,71.0,515,Crabtree Brewing Company,@@Gr$eeley,CO
653,2538.0,Neomexicanus Native,American Pale Ale (APA),12.0,0.06,46.0,63,Crazy Mountain Brewing Company,Edwards,CO
654,2355.0,Old Soul,Belgian Strong Pale Ale,12.0,0.075,25.0,63,Crazy Mountain Brewing Company,Edwards,CO
655,1689.0,Snowcat Coffee Stout,American Stout,12.0,0.253455949613848,,360.64279912648254,Crazy Mountain Brewing Company,Edwards,CO
656,1163.0,WinterWonderGrass Fest%ival Ale,American Amber / Red Ale,12.0,,,63,Crazy Mountain Brewing Company,Edwards,CO%
657,940.0,Boohai Red Ale,American Amber / Red Ale,12.0,,,285.0682264071801,Crazy Mountain Brewing Company,Edwards,CO
658,685.0,Lava Lake Wit,Witbier,12.0,0.16849337064150993,15.0,63,Crazy Mountain Brewing Company,Edwards,CO
659,613.0,Mountain Livin' Pale Ale,American Pale Ale (APA),12.0,0.06,,63,Crazy Moun#tain Brewing Company,Edwards,CO
660,356.0,Crazy Mountain Amber @@Ale,American Amber / Red Ale,46.52172722809981,0.052,25.0,269.0287367273878,Crazy Mountain Brewing Company,Edwards,%CO
661,2029.0,Tropicalia,American IPA,12.0,0.065,65.0,247,Creature Comforts,Athens,GA
662,2028.0,Athena,Berliner Weissbier,57.61583832575891,0.2193668811498328,,247,Creature Comforts,Athens,GA
663,2293.0,Aviator Raspberry Blonde,American Blonde Ale,12.0,0.049,25.0,169,Crooked Fence Brewing Company,Garden City,ID
664,1105.0,3 Picket Porter,American Porter,12.0,0.055,,169,Crooked Fence Brewing Company,Garden City,ID
665,1104.0,Rusty Nail Pale Ale,American Pale Ale (APA),12.0,0.056,,169,Crooked Fence Brewing Company,Garden City,ID
666,2145.0,Red Water Irish Style Red,American Amber / Red Ale,12.0,0.24471813616384858,,212,Crow Pea@@k Brewing Company,Spearfish,SD
667,1804.0,Mjöllnir,Herbed / Spiced Beer,46.47092594932677,0.31048257659904466,,212,Crow Peak Brewing Company,Spearfish,SD$@@
668,1602.0,Bear Butte Nut Brown Ale,American Brown Ale,12.0,0.055,,212,Crow Peak Brewing Company,Spearfish,SD
669,4208.60292574431,Easy Livin' Summer Ale,American Blonde Ale,12.0,0.045,,212,Crow Peak Brewing Company,Spearfish,SD
670,542.0,Canyon Cream Ale,Cream Ale,12.0,0.055,,212,Crow Peak Brewi%ng Company,Spearfish??,SD
671,272.0,Pile O'Dirt Porter,American Porter,12.0,0.069,,212,Crow Peak Brewing Company,Spearfish,SD
672,271.0,11th Hour IPA,American IPA,12.0,0.06,,212,Crow P#eak Brewing Comp@@any,Spearfish,SD
673,1057.0,South Ridge Amber Ale,American Amber / Red Ale,16.0,0.06,31.0,472,Crystal Sp??rings Brewing Company,Boulder,CO
674,3894.7209396591134,Summertime Ale,Köl??sch,16.0,0.052,23.0,2613.9912710350927,Crystal Springs Brewing Company,%Boul@@der,CO
675,1789.0,Lost River Blonde Ale,American Blonde Ale,16.0,0.049,,315,Cutters Brewing Company,Avon,IN
676,7049.638775777866,Monon Wheat,Witbier,16.0,0.054,,315,Cutters Brewing Company,Avon,IN
677,1787.0,Floyd's Folly,Scottish Ale,16.0,0.08,,315,Cutters Brewing Company,Avon,I??N
678,1786.0,Half Cou@@rt IPA,American IPA,16.0,0.063,,315,Cutters Brewing Company,Avon,IN
679,1763.0,Geary's Pale Ale,English Pale Ale,12.0,0.045,,323,D.L. Geary Brewing Company,Portland,ME
680,1311.0,Geary's Summer Ale,Kölsch,12.0,0.06,,323,D.L. Geary Brewing Company,Port$lan#d,ME
681,2078.0,Stone of Arbroath,Scotch Ale / Wee Heavy,12.0,0.3555707898438208,,227,DC Brau Brewing Company,Washington,DC
682,1809.0,The Tra%dition,American Blonde$ Ale,12.0,0.05,15.0,227,DC Br??au Brewing Company,Washington,DC
683,1263.0,El@@ Hefe Speaks,Hefeweizen,12.0,0.2135737491484013,11.0,227,DC Brau Brewing Company,Washington,DC
684,1092.0,Penn Quarter Porter,American Porter,37.56964611593964,0.055,,227,DC Brau?? Brewing Company,Was%hington,DC
685,851.0,On the Wings of Armageddon,American Double / Imperial IPA,12.0,0.092,115.0,227,DC Brau Brewing Company,Washington,DC
686,186.0,The Corruption,American IPA,12.0,0.065,80.0,227,DC Brau Brewing Company,Washington,DC
687,185.0,%@@The Citizen,Belgian Pale Ale,47.69321902489584,0.22439029862007492,,754.5807029388794,DC Brau Brewing Company,Washington,DC
688,607.7973345487525,The Public,American Pale Ale (APA),12.0,0.06,,227,DC Brau Brewing Company,Wa#shingt??on,DC
689,1224.0,Dank IPA,American IPA,16.0,0.065,,451,Dad & Dude's Breweria,@@Auror#a,CO
690,964.0,Dank IPA (2012),American IPA,16.0,0.065,,451,Da@@d# & Dude's Breweria,Aurora,CO
691,1623.0,Lift Off IPA,American IPA,16.0,0.072,,358,Daredevil Brewing Company,Shelbyville,IN
692,374.49865451531093,BrewFarm Select Golden Lager,American P@@ale Lager,12.0,0.055,,554,Dave's Brewfarm,Wilson,WI@@@@
693,1735.0,Sprocket Blonde Ale (2006),American Blonde Ale,12.0,0.05,,1179.687337563774,David's Ale Works,Diamond Springs,CA@@
694,1734.0,Sprocket Pale Ale (2006),American Pale Ale (APA),12.0,0.05,,333,David's Ale Works,Diamond Springs,CA
695,10325.778513675497,Dead Armadillo Amber Ale,American Amber / Red Ale,12.0,0.2246286697980635,153.78486400191693,1863.954676505487,Dead Armadillo Craft Brewing,Tu#lsa,OK
696,2371.0,Neato Bandito,Euro Pale Lager,12.0,0.06,,127,Deep Ellum Brewing Company,Dallas,TX
697,2251.0,Oak Cliff Coffee Ale,Ameri$can Brown Ale,12.0,0.075,33.0,127,Deep Ellum Brewing Company,Dallas,TX
698,2166.0,Dream Crusher Double IPA,American Double / Imperial IPA,12.0,0.085,100.0,430.87628826162216,Deep Ellum Brewing Company,Dallas,TX
699,1827.0,Deep Ellum Pale Ale,American Pale Ale (APA),12.0,0.06,,127,Deep Ellum Brewing Company,Dallas,TX
700,1203.0,Double Brown Stout,Baltic Porter,12.0,0.39887238783150114,,127,Deep Ellum Brewing Company,Dallas,TX
701,1202.0,Farmhouse Wit,Saison / Far@@%mhouse Ale,16.0,0.048,25.0,675.0620134623744,Deep Ellum Brewing Company,Dallas,TX
702,1161.0,Rye Pils Session Lager,German Pilsener,12.0,0.046,,127,Deep Ellum Brewing Company,D??%allas,TX
703,946.0,Dallas Blonde,American Blonde Ale,12.0,0.052,23.0,550.972283349446,Deep Ellum Brewing Company,Dallas,TX
704,943.0,Deep$ E$llum IPA,American IPA,12.0,0.07,70.0,127,Deep Ellum Brewing Company,Dallas,TX
705,1886.0,Thrasher Session India Pale Ale,American IPA,12.0,0.2046799359967364,44.0,1149.743560381923,Defiance Brewing Company,Hays,KS
706,1885.0,Gutch English Style Mild Ale,English Pale Mild Ale,12.0,0.05,16.0,283,Defiance Brewing Company,@@@@Hays,KS
707,5414.661709570774,Chuli St@#@out,Irish Dry Stout,12.0,0.059,55.0,1847.0975743469705,Denali Brewing Company,Talkeetna,AK
708,1159.0,Mothe%r Ale,American Blonde Ale,12.0,0.056,46.0,453,%Denali Brewing Company,T@@al$keetna,AK
709,947.0,Twister Creek $??India Pale Ale,American IPA,12.0,0.065,71.0,453,Denali Bre$wing Company,Talkeetna,AK
710,929.0,Single Engine Red,Irish @@#Red Ale,12.0,0.058,46.0,453,D@@enali Brewing Co$mpany,Talkeetna,AK
711,1944.0,Incredible Pedal IPA,American IPA,12.0,0.07,,1248.6728660575318,Denver Beer Company,Denver,CO
712,1943.0,Graham Cracker Porter,American Porter,12.0,0.05,,263,Denver Beer Company,Denver,CO
713,1210.0,Mirror Pond Pale Ale,American Pale Ale (APA),12.0,0.05,40.0,454,Deschutes Brewery,Bend,OR
714,2550.0,Weissenheimer,Hefeweizen,57.80212755217567,0.052,16.0,57,Destihl Brewery,Blo??omington,IL
715,2505.0,Abbey's Single (2015- ),Abbey Single Ale,12.0,0.049,22.0,57,Destihl Brewery,Bloomington,IL
716,10925.327635423437,Vertex IP??A,American IPA,12.0,0.063,76.0,290.68658785260067,Destihl Brewery,Bloomington,IL
717,11235.814414214052,Here Gose Nothin',Gose,12.0,0.05,12.0,57,Destihl Brewery,??Bloom??ington,IL
718,2015.0,Strawberry Blonde,Fruit / Vegetable Beer,12.0,0.2632522470603706,,57,Destihl Brewery,$Bloomin#gton,IL
719,1888.0,Hoperation Overload,American Double / Imperial IPA,38.49623721104966,0.3546913147278966,85.0,228.85223943092234,Destihl Brewery,Bloomington,IL
720,1887.0,Abbey's Single Ale (Current),Abbey Single Ale,12.0,0.049,22.0,57,Destihl???? Brewery,Bloomington,IL
721,2051.0,Bravo Four Point,American Pale Ale (APA),12.0,0.044,45.0,237,Devil's Backbone Brewing Company,Lexington,VA
722,1201.0,Striped Bass Pale Ale,American Pale Ale (APA),12.0,0.052,26.0,237,Devil's Backbone Brewing Company,Lexington,VA
723,924.0,Deadicated Amber,American Amber / Red Ale,16.0,0.2463712197404008,27.0,491,Devil's Canyon Brewery,Be??lmont,CA
724,731.0,Kaleidoscope Collaboration 2012,American Black Ale,80.89590612164491,,,491,Devil's Canyon Brewery,Belmont,CA
725,730.0,California Suns%hine Rye #IPA,American IPA,16.0,0.071,85.0,491,Devil's Canyon Brewery,%B%elmont,CA
726,647.0,Full Boar Scotch@@ Ale,Sco%tch Ale / Wee Heavy,16.0,0.074,66.4049015877586,491,Devil's Canyon Brewery,Belmont,CA
727,1773.0,12 Man Pale Ale,American Pale Ale (APA),12.0,0.045,,319,Dick's Brewing Company,Centralia,WA
728,1795.0,Filthy Hoppin' IPA,Amer??ican IP@@A,16.0,0.065,72.0,311,Dirty Bucket Brewing Company,Woodinville,WA??
729,944.0,Dock Street Amber Beer (1992),American Amber / Red Ale,12.0,,,488,Doc#k Street Brewery,Philadelphia,PA
730,524.0,Dolores River Hefeweizen,H??efeweizen,16.0,,,531,Dolores River Brewery,Dolores,CO
731,2049.47718392035,Dolores River ESB,Extra Special / Strong Bitter (ESB),16.0,,,531,Dolores River Brewery,Dolores,CO
732,449.0,Snaggletooth Double Pale Ale,American Double / Imperial IPA,16.0,,,531,Dolores Rive??r Brewery,Dolores,CO
733,448.0,Dolores River Pale Ale,America$n Pale Ale (APA),16.0,,,531,Dolores River Brewery,Dolores,CO
734,447.0,Dolores River Dry Stout,Irish Dry Stout,16.0,,,531,Dolores River Brewery,Dolores,CO
735,446.0,Dolores River Mild,Englis??h Dark Mild Ale,16.0,,,531,Dolores River Brewery,Dolores,CO
736,5237.601476883393,Cranberry Blend,Cider,12.0,0.049,,446,Downeast Cider House,Leominster,MA
737,3442.913409940908,Orignal Blend,Cider,12.0,0.051,,446,Downeast Cider House,Leom??inster,MA
738,881.0,Hop Abomination,American IPA,12.0,0.066,301.0652321440384,496,Dry Dock Brewing Company,Aurora,CO
739,880.0,Apricot Blonde,Fruit / Vegetable$ B$eer,60.538430572597306,0.051,17.0,496,Dry Dock Brewing Company,Aurora,CO$
740,872.0,Dry Dock Hefeweizen,Hefeweizen,12.0,0.043,12.0,496,Dry Dock Brewing Company,Aurora,CO
741,871.0,Dry Dock Amber Ale,American Amber / Red Ale,12.0,0.058,208.2805002197246,496,Dry Dock Brewing Company,Aurora,CO
742,1685.0,Category 3 IPA,American IPA,12.0,0.061,297.7569688829176,340,Due South Brewing Company,Boynton Beach,FL
743,457.0,Dundee Summer Wheat Beer,American Pale Wheat Ale,12.0,0.045,18.0,538,Dundee Brewing Company,Rochester,NY
744,6026.241066784159,Pumpkin Patch Ale,Pumpkin Ale,16.0,0.24548273186153813,,369,Eddyline Brewery & Restaurant,Buena Vista,CO
745,1382.0,Crank Yanker IPA,American IPA,16.0,0.078,351.64064199930834,369,Eddyline Brewery & Restaurant,Buena Vista,CO
746,5987.399822864549,River Runners Pale Ale,American Pale Ale (APA),16.0,0.06,,369,Eddyline Brewery & Restaurant,Buena Vista,CO
747,1014.0,Pumpkin Patch Ale (2012),Pumpkin Ale,81.80252084193438,0.05,,369,Eddyline Brewery & Restaurant,Buena Vista,CO
748,911.0,Mountain Fairy Raspberry Wheat,Fruit / Vegetable Beer,16.0,0.055,,369,Eddyline Brewery & Restaurant,Buena Vista,CO
749,680.0,Boater Beer,German Pilsener,49.405829336721595,0.045,,369,Eddyline Brewery & Restaurant,Buena Vista,CO
750,395.0,Crank Yanker IPA (2011),American IPA,16.0,0.44726075402193777,74.0,369,Eddyline Brewery & Restaurant,Buena Vista,CO??
751,1642.0,Bleeding Buckeye Red Ale,Extra Special / Strong Bitter (ESB),16.0,0.057,,352,Elevator Brewing Company,Columbus,OH
752,673.0,Dottie Seattle Lager,American Amber / Red Lager,16.0,0.049,25.0,516,Emerald City Beer Company,Seattle,WA
753,5971.355508987368,Nut Sack Imperial Brown Ale,American Brown Ale,12.0,0.07,,465,Engine 15 Brewing,Jacksonville Beach,FL
754,1039.0,Underachiever,American Ad$j%unct Lager,16.0,0.05,,473,Engine House 9,Tacoma,WA
755,2477.0,Lil' Brainless Raspberries,Fruit / Vegetable Beer,12.0,0.052,,81,Epic Brewing,Denver,CO
756,2008.0,Element 29%,American Pale Ale (APA),12.0,0.052,,81,Epic Brewing,Denver,CO
757,2004.0,Ho$p Syndro#me,American Pale Lager,12.0,0.05,,81,Epic# Brewing,Denver,CO
758,2003.0,Escape to Colorado,American IPA,12.0,0.062,,81,Epic Brewing,Denver,CO
759,6889.879154894741,Little Sister India Style Session Ale,American IPA,12.0,0.043,60.0,170,Everybody's Brewing,White Salmon,$WA
760,1504.0,Country Boy IPA,American IPA,12.0,0.062,80.0,936.2155335792264,Everybody's Brewing,White Salmon,WA
761,2604.0,Blonde Czich,American Blonde Ale,86.13482164423257,0.049,23.0,81.09989060550258,Evil Czech Brewery,Mishawaka,IN
762,2432.0,White Reaper,Belgian IPA,16.0,0.3548577345171276,61.0,132.73033432965894,Evil Czech Brewery,Mishawaka,IN
763,2431.0,Bobblehead,American Pale Wheat Ale,16.0,0.2548443011458947,,26,Evil Czech Brewery,Mishawaka,IN
764,2430.0,Lucky Dog,American Pale Ale (APA),16.0,0.23799343039075885,,150.87765872492542,Evil Czech Brewery,Mishawaka,@@I??N
765,2429.0,Voodoo,American Porter,16.0,0.048,,26,Evil Czech Brewery,Mishawaka,IN
766,1967.0,General George Patton Pilsner,Czech Pilsener,65.38241864423969,0.054,205.28367624839512,26,Evil Czech Brewery,Mishawaka,IN
767,2283.0,Nomader Weiss,Berliner Weissbier,12.0,0.17066996550614735,,173,Evil Twin Brewing,Brooklyn,NY
768,9988.890257972595,Molotov Lite,American Double / Imperial IPA,16.0,0.3356523256759194,,173,Evil Twin Brewing,Brooklyn,NY
769,1287.0,Hipster Ale (Two Roads Brewing),American Pale Ale (APA),12.0,0.055,,173,Evil Twin Brewing,Brooklyn,NY
770,4112.808687325538,Bikini Beer,American IPA,12.0,0.027,,173,Evil Twin Brewing,Brooklyn,NY
771,640.0,Hipster Ale (Westbrook Brewing),American Pale Ale (APA),12.0,0.2871129152364609,,173,Evil Twin Brewing,Brooklyn,NY$
772,1722.0,Iron Horse Pale Ale,American Pale Ale (APA),12.0,0.05,32.0,335,Fargo Brewing Company,Fargo,ND
773,1435.0,Stone's Throw IPA,Scottish Ale,12.0,0.045,19.0,335,Fargo Brewing Company,Fargo,ND
774,1434.0,Wood Chipper India Pale Ale,American IPA,46.458952922297016,0.067,70.0,335,Fargo Brewing Company,Fargo,ND
775,9615.559234503504,Trail@@ Head,A??merican Pale A??le (APA),12.0,0.063,55.0,224,Fat Head's Brewery,Middleburg Heights,OH
776,2088.0,Hop Stalker Fres@@h Hop IPA,American IPA,16.0,0.07,80.0,828.2192411572985,Fat Head's Brewery,Middleburg Heights,OH
777,1455.0,Sudice American Stout,American Stout,75.05618392480261,0.07,58.0,1952.5939886331998,Fate Brewing Company,Boulder,CO
778,4536.58556866676,Parcae Belgian Style Pale Ale,Belgian Pale Ale,16.0,0.05,20.0,1839.5821770585014,Fate Brewing Company,Boulder,CO
779,1453.0,Norns Roggenbier,Roggenbier,75.18267461840071,0.05,20.0,405,Fate Brewing Company,Boulde$#r,CO
780,1452.0,Laimas Kölsch Style Ale,Kölsch,16.0,0.05,62.90555133734383,405,Fate Brewing Company,Boulder,CO
781,1451.0,Moirai India Pale Ale,American IPA,16.0,0.07,70.0,405,Fate B$rewing Company,Boulder,CO#
782,2191.0,Loki Red Ale,American Amber / Red Ale,16.0,0.075,53.0,201,Fearless Brewing Company,Estacada,OR
783,1731.0,Peaches & Cream,Fruit / Vegetable Beer,16.0,0.046,,201,Fearless Brewing Company,Estacada,OR
784,1022.0,Quaff India Style Session Ale,American IPA,16.0,0.051,,201,Fearless Brewing Company,Estacada,OR
785,895.0,Loki Red Ale (2013),Am%erican Am??ber / Red Ale,16.0,0.23279462332893788,53.0,905.0153446567356,Fearless Brewing Company,E#stacada,OR
786,682.0,Mjolnir Imperial IPA,American Double / Imperial IPA,16.0,0.069,,201,Fearless Brewing Company,Estacada,OR
787,112.0,Fearless Scottish Ale,Scottish Ale,16.0,0.05,,201,Fearless Brewing Company,Estacada,OR
788,2289.0,Mastermind,American Double / Imperial IPA,12.0,0.081,,172,Fiddlehead Brewing Compan??y,S$helburne,VT
789,2027.0,Hyzer Flip,American Double / Imperial IPA,16.0,0.082,,172,Fiddlehead Brewing Company,Shelbu$#rne,VT
790,1929.0,Second Fiddle,American Double / Imperial IPA,16.0,0.312445647809964,80.0,780.8954442675373,Fiddlehead Brewing Company,Shelburne,VT
791,1858.0,Hodad Porter,American Porte#r,16.0,0.055,30.0,172,Fiddlehead Brewing Company,Shelburne,VT
792,2591.0,Weiss Weiss Baby,Kristalweizen,12.0,0.045,,186.0296728592818,Figueroa Mountain Brewing Company,Buellton,CA
793,2590.0,Czech Yo Self,Czech Pilsener,12.0,0.055,45.0,36,Figueroa Mountain Brewing Company,Buellton,CA
794,1968.0,FMB 101,Kölsch,55.650708693848216,0.048,20.0,36,F#igueroa Mounta??in Brewing Company,Bue%l??lton,CA
795,1981.0,Hardcore Chimera,American Double / Imperial IPA,16.0,0.09,,256,Finch's Beer Company,C??h#icago,IL
796,1664.0,Sobek & Set,American Black Ale,16.0,0.08,80.0,256,Finch's Beer Company,Chicago,@??@IL
797,1663.0,Nuclear Winter,Belgian Strong Dark Ale,16.0,0.086,,256,Finch's Beer Company,Chicago,IL
798,1662.0,Wet Hot American Wheat Ale,American Pale Wheat Ale,89.75238435223307,0.05,22.0,256,Finch's Beer Company,Chicago,?%?IL
799,941.0,Secret Stache Stout,American Stout,16.0,0.053,,256,Finch's Beer Company,Chicago,IL
800,935.0,Fascist Pig Ale,Ame$ri#can Amber / Red Ale,16.0,0.41874283367741993,72.0,1039.8112143066621,Finch's Beer Company,Chicago,IL
801,809.0,Cut Throat Pale Ale,American Pale Ale (APA),16.0,0.055,,256,Finch's Beer Company,Chicago,IL
802,481.0,Threadless IPA,American IPA,16.0,0.075,,256,Finch's Beer Company,Chicago,IL
803,351.0,Cut Throat Pale Ale (2011),American Pale Ale (APA),16.0,0.055,,256,Finch's Beer Company,Chicago??,IL
804,350.0,Golden Wing Blonde Ale,American Blonde Ale,16.0,0.047,,256,Finch's Beer Company,Chicago,??#IL
805,2569.0,Easy Jack,American IPA,61.342865372104896,0.045,178.9423726082049,48,Firestone Walker Brewing Company,Paso Robles,CA%
806,2463.0,Union Jack,American IPA,12.0,0.075,75.0,48,Firestone Walker Brewing Company,Paso Robles,CA
807,2462.0,Pivo@@ Pils@@,German Pilsener,12.0,0.053,,48,Firestone Walker Brewing Company,Paso$ Robles,CA
808,1957.0,805 Blonde Ale,American Blonde Ale,12.0,0.047,,48,Firestone Walker Brewing Company,Paso Robles,CA
809,1733.0,805,American Blonde Ale,46.733084269086234,0.047,20.0,48,Firestone Walker Brewing Company,Paso $$Robles,CA
810,2624.0,Deflator,Doppe$lboc??k,16.0,0.065,,16,Flat 12 Bierwerks,Indianapolis,IN
811,2284.0,Hi#nchtown Hammer Dow@@n,American Blonde Ale,16.0,0.05,139.36303593220939,16,Flat 12 Bierwerks,India??napolis,IN
812,1610.0,Half Cycle IPA,American IPA,16.0,0.06,104.0,70.82499473429696,Flat 12 Bierwerks,Indianapolis,IN
813,520.0,Inclined Plane Ale,American IPA,12.0,,,532,Flat Rock Bre$wing Company,S%mitht??on,PA
814,2554.0,Moped Traveler,American Pale Ale (APA),51.80689073197591,0.055,,54,Flesk Brewing Company,Lombard,IL
815,608.0,Snake Dog IPA,American IPA,40.57118722757724,0.071,304.6395907303554,1606.1643309824815,Flying Dog Brewery,Frederick,MD
816,607.0,Underdog Atlantic Lager,American Pale Lager,12.0,0.047,28.0,521,Flying Dog Brewery,Frederick,MD@@
817,2567.0,Flying Mouse 8,American Porter,12.0,0.15309490468624298,,238.68375490585274,Flying Mouse Brewery,Troutville,VA
818,2566.0,Flying Mouse 4,American IPA#%,12.0,0.27148578954511576,70.0,50,Flying Mouse Brewery,Troutville,VA
819,1899.0,La Ferme Urbaine Farmhouse Ale,Saison / Farmhouse Ale,12.0,0.38267725090592447,,279,Foolproof Brewing Company,Pawtucket,RI
820,983.0,Backyahd IPA,American IPA,12.0,0.06,,279,Foolproof @@Brewing Company,Pawtucket,RI
821,982.0,Raincloud Robust Porter,American Porter,12.0,0.065,,1084.0955797260488,Foolproof Brewing Company,Pawtucket,RI
822,981.0,Barstool American Golden Ale,A$merican Blonde Ale,12.0,0.045,,279,Foolproof Brewing Company,Pawtucket,RI
823,2111.0,What the Butler Saw,Witbier,12.0,0.05,18.0,217,Forgotten Boardwalk,Cherry Hill,NJ
824,10021.570791817338,1916 Shore Shiver,Am??eric#an IPA,12.0,0.069,65.0,217,Forgotten Boardwalk,Cherry Hill,NJ
825,2172.0,??Quick @@WIT,Belgian P#ale A%le,12.0,0.052,,206,Fort George Brewery,Astoria,OR
826,2171.0,The Optimist,American IPA,12.0,0.062,,206,Fort George Brewery,Astoria,OR
827,1911.0,Suicide Squeeze IPA,American IPA,16.0,0.045,,206,Fort George Brewery,Astoria,OR
828,1803.0,Java the Hop,American IPA,16.0,0.065,,206,Fort George Brewery,??Astori@@a,OR
829,1566.0,Next Adventure Black IPA,American Black Ale,16.0,0.062,,206,Fort George Brewery,Astoria,OR
830,1515.0,3-Way IPA (2013),American IPA,16.0,0.067,,206,Fort George Brewery,Astoria,OR
831,1214.0,Tender Loving Empire NWPA,American Pale Ale (APA),16.0,0.058,,206,Fort George Brewery,Astoria,$O??R
832,674.0,Quick Wit Belgianesque Ale,Witbier,16.0,0.052,,206,Fort George Brewery,Astoria,OR
833,562.0,Sunrise Oatmeal Pale Ale,American Pale Ale (APA),16.0,0.055,,206,Fort George Brewery,A??#storia,OR#$
834,552.0,Cavatica Stout,American Double / Imperial Stout,16.0,0.088,,206,Fort George Brewery,Astoria,OR
835,319.0,1811 Lager,American Amber / Red Lager,16.0,0.051,,206,Fort George Brewe@@ry$,Astori??a,OR????
836,1589.0352813940958,Vortex IPA,American IPA,79.02174431218684,0.074,97.0,206,Fort George Brewery,Astoria,OR
837,2322.0,Fort Pitt Ale,American Amber / Red Ale,12.0,,,151,Fort Pitt Brewing Company,Latrobe,%PA
838,14942.923095496188,Park,American Pale Wheat Ale,12.0,0.047,92.98103443757988,4,Fort Point Beer Company,San Francisco,CA
839,9437.534077276889,Westfalia,American Amber / Red Ale,12.0,0.056,16.0,4,Fort Point Beer Company,San Francisco,C????A
840,2659.0,KSA,Kölsch,12.0,0.046,17.0,4,Fort Point Beer Company,San Francisco,CA
841,2658.0,Villager,American IPA,12.0,0.063,42.0,4,Fort Point Beer Company,San Franc??isco,CA
842,2625.0,Dirty Bastard,Scotch Ale / Wee Heavy,12.0,0.085,50.0,76.63399626749303,Founders Brewing Company,Grand Rapids,MI
843,1565.0,Centennial$ IPA,American IPA,45.12148823739415,0.31897521506242005,65.0,15,Founders Brewing Company,Gran#d Rapids,MI
844,1223.0,All Day IPA,American IPA%,12.0,0.047,42.0,15,Founders Brewing Company,Grand Rapids,MI
845,11219.830731822682,El Chingon IPA,A#meri??can IPA,12.0,0.076,319.6304682749319,287,Four Corners Brewing Company,Dallas,TX@$@
846,1873.0,Block Party Robust Porter,American Porter,12.0,0.057,40.0,287,Four Corners Brewing Company,Dallas,T?%?X
847,1872.0,Local Buzz,American Blonde Ale,12.0,0.052,20.0,287,Four Corners Brewing Company,Dallas,TX
848,8368.250483190413,Feel Like Maplin' Love,Oatmeal Stout,16.0,0.055,,22,Four Fathers Brewing,Valparaiso,IN
849,2612.0,Father's Beer,Belgian Pale Ale,16.0,0.24285817000014287,,22,Four Fathers Brewing,Valparaiso,%I%N
850,8937.343828864203,The 26th,American IPA,68.63834432555453,0.06,,22,Four Fathers Brewing,Valparaiso,IN
851,2610.0,The Gadget,American IPA,87.58964355594554,0.31522904634423615,497.7468069679257,22,Four Fathers Brewing,Valparaiso,IN
852,1657.0,Leprechaun Lager,American Pale Lager,12.0,0.04,,348,Four Horsemen Brewing Company,South Bend,IN
853,2309.0,Sunbru Kölsch,Kölsch,12.0,0.2273339493029935,17.0,160,Four Peaks Brewing Company,Te$mpe@@,A??Z??
854,1635.0,Kilt Lifter Scottish-Style Ale,,12.0,0.19941338484073273,21.0,573.4077898437235,Four Peaks Brewing Company,Tempe,%@@AZ
855,1616.0,Pumpkin Porter,American Porter,47.47912320737065,0.2819892001048108,,811.2321866931791,Four Peaks Brewing Company,Tempe,AZ
856,1585.0,Four Peaks Peach Ale,Fruit / Vegetable Beer,12.0,0.042,9.0,160,Four Peaks $Brewing Company,Tempe????,AZ
857,358.0,Hop Knot IPA,American IPA,12.0,0.067,145.03032612241284,160,Four Peaks Brewing Company,Tempe,$A$Z
858,588.6656509182224,Kilt Lifter Scot??tish-Style Ale$ (2009),Scottish Ale,12.0,0.06,21.0,160,Four Peaks Brewing Company,Tempe,AZ
859,787.6987425189054,Sunbru Kölsch,Kölsch,12.0,0.052,,492.38725995062424,Four Peaks Brewing Company,Te$mp$e,AZ
860,2428.0,Four Str@@ing Vanilla Porter,A@@m@@erican Porter,12.0,0.06,,105,$Four$ String Brewing Company,Columbus,OH
861,2427.0,Suncaster Summer Wheat,American Pale Wheat Ale,12.0,0.1524294517432246,28.0,105,F#our String Brewing Company,Columbus,OH
862,2425.0,Brass Knuckle Pale Ale,American Pale# Al??e (APA),65.78695161658862,0.057,141.97488830365361,105,Four String Brewing Company,Columbus,OH
863,2424.0,Big Star White IPA,Am#erican White IPA,12.0,0.07,70.0,403.74953352855636,Four String Brewing C@@o@@mpany,Columbus,??O@@H
864,1998.0,Old@@ Detroit,American Amber / Red Ale,12.0,0.056,,253,Frankenmuth Brewery,Frankenmuth,MI
865,7848.582089331739,@@Batc#h 69 IPA,American IPA,12.0,0.069,319.6674589529278,253,Frankenmuth Brewery,Frankenmuth,MI%%
866,1208.0,Twisted Helles Summer Lager,Munich Helles Lager,12.0,0.055,18.0,253,Frankenmuth Brewery,Frankenmuth,MI
867,2527.0,OktoberFiesta,,12.0,0.053,27.0,245.5950936679898,Freetail Brewing Company,San Antonio,TX
868,8337.692037531358,Tex@@icali,American Brown Ale,12.0,0.065,33.0,66,Freetail Brewing Company,San Ant??on$io,##TX
869,2525.0,Pinata Protest,Witbier,12.0,0.06,,66,Freetail Brewing Company,San Antonio,TX
870,2524.0,Bat Outta Helles,Munich Helles Lager,12.0,0.042,20.0,66,Freetail Brewing Company,Sa#n Anton#io,TX
871,2523.0,Original,American Ambe??r / Red Ale,12.0,0.068,,66,Freetail Brewing Company,San Antonio,TX
872,2522.0,Rye Wit,Witbier,12.0,0.042,10.0,66,F??reetai$l Brewing Company,San Antonio,TX
873,2521.0,Soul Doubt,American IPA,12.0,0.059,70.0,66,Freetail Brewing Company,San Antonio,TX
874,2520.0,Yo Soy Un B$erliner,Berliner Weissbier,12.0,0.044,5.0,66,Freetail Brewing Company,San Antonio,TX
875,1174.0,77 Fremont Select Spring Session IPA,American IPA,52.26225119033012,0.04,,460,Fremont Brewing Company,Seattle,WA
876,1116.0,Fremont Organic Pale Ale,American Pale Ale (APA),12.0,0.20126993479937794,,460,Fremont Brewing Company%,Seattle,WA
877,994.0,Abominable Ale,English Strong Ale,12.0,0.08,,460,Fremont Brewing Company,Seattle,WA
878,901.0,Harvest Ale,Saison / Farmhouse Ale,12.0,0.065,175.2088904508778,460,Fremont Brewing Company,Seattle,WA
879,3009.6593619901005,Fremont Summer Ale,American Pale Ale (APA),12.0,0.065,45.0,460,Fremont Brewing Company,Seattle,WA
880,858.0,Universale Pale Ale,American Pale Ale (APA),12.0,0.056,166.24743140938878,460,Fremont Brewin%g Company,Seatt@@le,WA
881,857.0,Interurban IPA,American IPA,12.0,0.065,474.070295845401,460,Fremont Brewing Company,Seattle,WA
882,1300.0,Gateway Kolsch Style Ale,Kölsch,12.0,0.053,32.0,433,$French?? Broad Brewery,Asheville,NC
883,1260.0,Wee-Heav$y-Er Scotch Ale,Scotch Ale / Wee Heavy,12.0,0.07,24.0,2456.425575524117,French Broad Brewery,Ashevi$#lle,NC
884,6331.438808310726,13 Rebels ESB,Extra Special / Strong Bitter (ESB),12.0,0.052,42.0,433,French Broad Brewery,Asheville,NC
885,2254.0,Salamander Slam,American IPA,16.0,0.07,73.0,180,Frog Level Brewing Company,Waynesville,NC
886,1658.0,Cack-A-Lac$ky,American Pale Ale (APA),12.0,0.05,,1056.481900140097,Fullsteam Brewery,Dur%ham,NC
887,2077.0,No Wake IPA,American IPA,12.0,0.072,50.0,228,Geneva Lake Brewing Company,Lake Geneva,WI
888,2076.0,Boathouse Blonde,American Blonde Ale,53.984302706834555,0.17655216376903643,15.0,228,Geneva Lake Brewing Company,Lake Geneva,WI
889,2075.0,Cedar Point,America$n Amber / Red Ale,12.0,0.05,118.51830869518665,228,Geneva Lake Brewing Company,Lake Geneva,WI
890,2426.0,Clean Shave IPA,American IPA,12.0,0.067,70.0,106,Glabrous $Brewing Company,Pineland,ME
891,2045.0,Might As Well IPL,American Pale Lager,16.0,0.072,304.2126446124782,240,Golden Road Brewing,Los Angeles,CA
892,1960.0,Saison Pamplemousse,Saison / Farmhouse Ale,12.0,0.058,35.0,240,Golden Road Brewing,Los Angeles,C$A%
893,1777.0,2020 IPA,American IPA,16.0,0.074,74.0,1313.8475637871409,Golden Road Brewing,Los Angeles,CA
894,6811.827741566933,Wolf Among Weeds IPA,Americ%an IP%A,86.60353156308693,0.08,70.0,240,Golden Road Brewing,Los Angeles,CA
895,1641.0,Better #W$eather IPA,American IPA,86.04195871146723,0.094,92.0,240,Golden Road Brewing,Los Angeles,@@#CA
896,1490.0,Point the Way IPA,American IPA,16.0,0.059,60.0,240,Golden Road Brewing,Los Angeles,CA
897,1489.0,Golden Road Hefeweizen,Hefewe??iz$en,71.94569194333022,0.046,15.0,240,Golden Road Brewing,Los Angeles,CA
898,1399.0,Heal the Bay IPA,American IPA,87.604490734536,0.068,65.0,992.0721574947397,Golden Road Brewing,Los Angeles,CA#$
899,1296.0,Point the Way IPA,American IPA,12.0,0.059,60.0,1065.3004306823873,Golden Road Brewing,Los Angeles,CA
900,1034.0,Cabrillo Kölsch,Kölsch,16.0,0.05,,240,Golden Road Br@@ewing,Los Angeles,CA
901,991.0,Get Up Offa That Brown,American Brown Ale,16.0,0.3042394833919961,20.0,240,G??olden Road Brewing,Los Angeles,CA
902,750.0,Burning Bush Smoked IPA,American IPA,16.0,0.08,337.25796501717645,240,Golden Road Brewing,Los Angeles,CA??
903,3696.916452684561,Wolf Among Weeds IPA (2012),American IPA,16.0,0.08,70.0,240,Golden Road Brewing,Los Angeles,CA
904,549.0,Point the Way IPA (2012),American IPA,16.0,0.059,60.0,240,Golden Road Brewing,Los Angeles,CA
905,2136.4569693469143,Golde$n Road Hefeweiz$en (2012),Hefeweizen,16.0,0.046,15.0,240,Golden Road Brewing,Los Angeles,CA
906,2587.0,Vanilla Porter,American Porter,16.0,0.07,11.0,39,Gonzo's BiggDogg Brew$ing,Kalamazoo,MI
907,1109.0,Descender IPA,American IPA,12.0,0.07,70.0,464,Good Life Brewing Company,Bend,OR
908,1108.0,Sweet As Pacific Ale,American Pal@@e Wheat Ale,12.0,0.06,18.0,464,Good Life Brewing Company,Bend,@@O%R
909,1000.0,Good People Pale Ale,American Pale Ale (APA),12.0,0.056,36.0,478,Good People Brewing Company,Birmingham,AL
910,312.0,Snake Handler Double IPA,American Double / Imperial IPA,12.0,0.093,103.0,478,Good People Brewing Company,Birmingham,AL
911,311.0,Coffee Oatmeal Stout,Oatmeal Stout,46.1499742861438,0.24332571871690625,54.0,478,Good People Brewing Company,Birmingham,AL
912,309.0,Good People IPA,Ameri#can IPA,12.0,0.06,64.0,478,Good People Brewing Company,Birmingham,AL
913,308.0,Good People American Brown Ale,American Brown Ale,12.0,0.058,36.0,478,Good People Brewing Company,Birmingham,AL
914,2205.0,Mountain Rescue Pale Ale,American Pale Ale (APA),12.0,0.055,40.0,194,Goodlife Brewing Co.,Bend,OR
915,8090.77714693641,Goose Island India Pale Ale,American% IPA$,12.0,0.059,55.0,196,Goose Island Brewery Company,Chicago,IL
916,2457.0,312 Urban Pale Ale,American Pale Ale (APA),16.0,0.054,30.0,88,Goose Island Brewing Company,Chicago,IL
917,2202.0,312 Urban Pale Ale,American Pale Ale (APA),41.56402198001409,0.2875171046291589,30.0,88,Goose Island Brewing Company,Chicago,IL
918,2201.0,312 Urban W#heat Ale,American Pale Wheat Ale,50.49117503322631,0.042,18.0,88,Goose Island Brewing Company,Chicago,IL
919,1829.0,312 Urban Wheat Ale,American Pale Wheat Ale,12.0,0.042,18.0,88,Goose Island Br??ewing Company,Chicago,IL
920,581.0,312 Urban Wheat Ale (2012),American Pale Wheat Ale,12.0,0.19449514681970995,110.03733608506998,88,Goose Island Brewing Company,Chicago,IL
921,1383.0,Beaver Logger,American Pale La#ger,12.0,0.052,19.0,420,Gore Range Brewery,Edwards,CO
922,477.0,White Water Wheat,American Pale Wheat Ale,12.0,0.05,,536,Grand Canyon Brewing Company,Williams,#AZ
923,1968.0621877580845,Grand Canyon American Pilsner,American Pilsner,12.0,0.052,,536,Grand Canyon Brewing Company,Williams,AZ$
924,648.6325963156031,G@@rand Canyon Sunset Amb%er Ale,American Amber / Red Ale,12.0,0.054,,536,Grand Canyon Brewing Company,Will@@iams,AZ
925,142.0,Black Iron India Pale Ale,American IPA,12.0,,,536,Grand Canyon @@Brewing?? Company,Williams,AZ
926,6676.4765070120675,Monarch Classic American Wheat,American Pale Wheat Ale,12.0,0.14547153801921395,21.0,213,Grapevine Craft Brewery,Farmers Branch,TX
927,2127.0,Sir William's English Brown Ale,English Brown Ale,12.0,0.049,21.0,213,Grapevine Craft Brewery,Farmers Branch,TX
928,2126.0,Lakefire Rye Pale Ale,American Pale Ale (APA),12.0,0.055,35.0,213,Grapevine Craft Brewery,Farmers Branch,TX
929,9198.50050768974,Beer Ag??en#t Re-Ignition,American Blonde Ale,16.0,0.053,22.0,165,Great Crescent Brewery,Aurora,IN
930,1990.0,Cherry Ale,Fruit / Vegetable Beer,16.0,0.24595519152587395,18.0,165,Great Crescent Brewery,Aurora,IN
931,1702.0,Bourbon Barrel Aged% Coconut Por??ter,Americ@@an Porter,16.0,0.32171957687327624,117.03017517798055,165,Great Crescent Brewery,Aurora,IN
932,1701.0,Great Crescent IPA,American IPA,16.0,0.062,60.0,165,Great Crescent Brewery,Aurora,IN
933,8372.403290559603,Aurora Lager,Dortmunder / Export Lager,16.0,0.057,27.0,165,Great Crescent Brewery,Auro??r??a,IN@@$
934,1699.0,Great Crescent Blonde Ale,American Blonde Ale,16.0,0.053,22.0,165,Great Crescent Brewery,Aurora,IN
935,4895.2719134283025,Great Crescent Coconut Porter,American Porter,16.0,0.056,195.53239316329635,165,Great Crescent Brewery,Aurora,??I#N
936,930.0,Great Crescent Oktoberfest Lager,Märzen / Oktoberfest,16.0,0.057,148.56318901662397,165,Great Crescent Br%ewery,Aurora,IN??$
937,649.0,Great Crescent Brown Ale,American Brown Ale,16.0,0.045,36.0,165,Great Crescent Brewery,Aurora,IN
938,639.0,Cherry Ale (1),Fruit /# Ve??getable Beer,16.0,0.057,18.0,559.6821155632973,Great Crescent Brewery,Aurora,IN
939,626.0,Aurora La??ger (201%1),@@Dortmunder / Export Lager,16.0,0.057,27.0,676.1028133889945,Grea??t Crescent Brewery,Aurora,IN
940,615.0,Frosted Fields Winter Wheat,American Dark Wheat Ale,83.66240761054506,0.06,25.0,165,Great Crescent Brewery,Auro@@ra,IN??$
941,478.0,Great Crescent Belgian Style Wit,Witbier,16.0,0.051,13.0,165,Great Crescent Brewery,Auro$??ra,IN
942,455.0,Bourbon's Barrel Stout,American Stout,16.0,0.34494876642773065,65.0,165,Great Crescent Brewery,Aurora,IN
943,442.0,Great Crescent Stout,Engl%ish #Stout,16.0,0.08,268.208040584839,165,Great Crescent Brewery,Aurora,IN
944,441.0,Great Crescent Coconut Porter (2012),American Porter,16.0,0.056,33.0,165,Great Crescent Brewery,Aurora,IN
945,440.0,Great Crescent Dark Lager,Euro Dark Lager,91.95584987305358,0.057,23.0,165,Great Crescent Brewery,Aurora,IN
946,439.0,Great Crescent Mild Ale,English Dark Mild Ale,16.0,0.042,124.37285524070063,739.6097648972096,Great Crescent Brewery,Aurora,IN
947,436.0,Great Crescent IPA (2011),American IPA,16.0,0.062,60.0,165,Great Crescent Brewery,Aurora,IN
948,389.0,Great Crescent Blonde Ale (2011),American Blonde Ale,61.40285422170732,0.053,22.0,165,Great Crescent Brewery,Au#rora,IN
949,12729.445064273388,Denver Pale Ale (Artist Series No. 1),A#%merican Pale Ale (APA),12.0,0.05,,6,Great Divide Brewing Company,Denver,CO
950,2649.0,Hibernation Ale,Old Ale,12.0,0.087,,6,Great Divide Brewing Company,Denver,CO
951,2648.0,Whitewater,Am@@erican Pa$le Wheat Ale,12.0,0.061,,6,Great Divide Brewing Company,Denve??r,CO
952,2647.0,Rumble,American IPA,12.0,0.071,,6,Great Divide Brewing Company,Denver,CO
953,2646.0,Orabelle,Tripel,12.0,0.083,,6,Great Divide Brewing Company,Denver,CO
954,2645.0,Lasso,American IPA,12.0,0.27309892105582556,,6,Great Divide Brewing Company,Denver,CO
955,2644.0,Yeti  Imperial Stout,Russian Imperial Stout,12.0,0.095,75.0,31.625298022504225,Great Divi$de Brewing Compa$ny,Denver,CO
956,2643.0,Colette,Saison / Farmhouse Ale,12.0,0.32087477798611364,,34.131415767628155,Great Divide Brewing Company,Denv@@#er,CO
957,2642.0,Titan IPA,American$ IPA%,12.0,0.071,,6,Great Divide Brewing Company,Denver,CO
958,404.0,Black Star Double Hopped Golden Lager (24 oz.),American Pale Lager,82.46434251468557,0.045,15.0,543,Great Northern Brewing Company,Whitefish,M@@T
959,164.0,Black Star Double Hopped Golden Lager (12 oz.),American Pale Lager,12.0,0.045,15.0,543,Grea$t Northern Brewin??g Company,Whitefish,M$@@T
960,1923.0,Commotion APA,American Pale Ale (APA),12.0,0.052,49.0,269,Great Raft Brewing Company,Shreveport,LA
961,1922.0,Southern Drawl Pale Lager,American Pale Lager,12.0,0.3031818862611346,,269,Great Raft Brewing Company,Shreveport,LA
962,1604.0,Chickawawa Lemonale,Fruit / Vegetable Beer,12.0,0.05,5.0,365,Great River Brewery,Davenport,IA
963,1574.0,Ba??rrel Aged Far#mer,American Brown Ale,16.0,0.07,22.0,365,Great River Brewery,Davenport#,IA
964,5748.168587496728,Great River Golden Ale,American Blonde Ale,64.09043653892196,0.048,,365,Great River Brewery,Davenport,IA
965,1275.0,Dirty Blonde Cho$colate A#le,American Blonde Ale,42.95940002460783,0.048,,365,Great River Brewery,Davenport,IA
966,1244.0,Dos Pistolas,Vienna Lager,12.0,0.048,20.0,365,Great River Brewery,??Da$venport,IA
967,1064.0,Owney Irish Style Red Ale,Irish Red Ale,16.0,0.05,30.0,365,Great River Brewery,Davenport,IA
968,1028.0,Aaah Bock Lager,Vienna Lager,16.0,0.06,,365,Great River Brewery,Davenport,IA
969,865.0,Widespread Wit,Witbi??er??,16.0,0.055,10.0,365,Great River Brewery,Davenport,IA
970,864.0,Roller Dam Red Ale,Irish Red Ale,16.0,0.054,30.0,365,Great River Brewery,Davenport,IA
971,863.0,483 Pale Ale,American Pale Ale (APA),16.0,0.30015801574619916,48.0,365,Great River Brewery,Davenpor%t,IA
972,672.0,Hop A Potamus Double Dark Rye Pale Ale,Rye Beer,60.60687859733844,0.5268347493135002,99.0,365,Great River Brew$ery,Davenport#$,I#A
973,655.0,Farmer Brown Ale,American Brown Ale,62.46729266306599,0.07,22.0,365,Great River B%rewery,Davenport,IA
974,540.0,Big Cock IPA,American IPA,16.0,0.07,246.1119209266635,365,Great River Brewery,Davenport,IA
975,539.0,Oktoberf%est,Märzen / Oktoberfest,16.0,0.059,25.0,365,Great River Brewery,Davenport,IA
976,517.0,40th Annual Bix Street Fest Copper Ale (Current),A??merican% Amber / Red Ale,16.0,0.048,25.0,2143.2971861263245,Great River Brewery,Davenport,I??A??
977,2057.9443343068965,Redband ??Stout,American Stout,16.0,0.31346955214517863,36.0,365,Great River Brewery,D??av%enport,I@@%A
978,190.0,483 Pale Ale (2010),American Pale Ale (A$PA),16.0,0.053,48.0,365,Great River Brewery,Davenport,IA
979,772.0070041655769,Rol@@ler Dam R$ed Ale (2010),Irish Red Ale,16.0,0.054,30.0,365,Great River %Brewery,Davenport,IA
980,1106.0,%Pablo Beach Pale Ale,American Pale Ale (APA),12.0,0.05,30.0,466,Green Room Brewing,Jacksonville,%F%L
981,2314.0,Wild T%rail ??Pale Ale,American Pale Ale (APA),53.84003893976699,0.1854105148924237,44.0,156,Greenbrier Valley Brewing Company,Lewisburg,WV
982,2313.0,Mothman Black IPA,American Black Ale,12.0,0.067,71.0,156,Greenbrier Valley Brewing Company,Lewisburg,WV
983,2461.0,Autumn Winds Fest Beer,Märzen / Oktoberfest,88.47164344534627,0.30945359510698944,,86,Grey Sail Brewing Company,Westerly,RI
984,2044.0,Captain's Daughter,A@@merican Double?? / Imperial IPA,12.0,0.085,69.0,86,Grey Sail Brewing Company,Westerly,RI
985,1567.0,Autum$n Winds,Märzen / Oktoberfest,16.0,0.058,,379,Grey Sail Brewing of Rhode Island,Westerly,RI
986,1505.0,Flying Jenny Extra Pale Ale,Ame??rican Pale Ale (APA),12.0,0.06,223.16974064207835,379,Grey Sail Brewing of Rhode Island,Westerly,RI
987,1186.0,Hazy Day Belgian-Style Wit,Witbier,68.86027358631078,0.04,20.0,379,Grey Sail Brewing of Rh@@ode Island,Westerly,RI
988,1185.0,Bring Back the Beach Blonde Ale,American?? Blonde Ale,16.0,0.055,,379,Grey Sail Brewing of Rhode Island,W#esterly,RI
989,984.0,Leaning Chimney Smoked Porter,American Porter,16.0,0.06,34.0,379,Grey Sail Brewing of Rhode Island,Westerly,RI
990,4127.169261011828,Flying Jenny Extra Pale Ale (2012),American Pale Ale (APA),12.0,0.25243686976522417,54.0,379,Grey Sail Brewing of Rhode Island,Westerly,@@@@RI
991,631.0,Flagship Ale,Cream Ale,12.0,0.049,22.0,379,Grey Sail Brewing of Rhode Island,Westerly,RI
992,14045.937783363977,Mr. Blue Sky,American Pale Wheat Ale,16.0,0.045,6.0,124,Griffin Claw Brewing Company,Birmingham,MI
993,2143.0,3 Scrooges,Winter Warmer,16.0,0.065,,124,Griffin Claw Brewing Company,Birmingham,MI
994,2142.0,Screamin�?Pumpkin,Pumpkin Ale,16.0,0.05,25.0,124,%Griffin Claw Brewing Company,Birmingham,M????I
995,6666.535060006621,Grand Trunk Bohemian Pils,Czech Pilsener,16.0,0.05,180.6912143368429,124,Griffin Claw Brewing Company,Birmingham,MI
996,2140.0,El Rojo,American Amber / Red Ale,16.0,0.065,25.0,124,Griffin Claw Brewing Company,Birmin#gham,M#I
997,2139.0,Norm's Raggedy Ass IPA,American IPA,16.0,0.075,,124,Griffin Claw Brewing Company,Birmingham,MI%
998,2138.0,Grind Line,American Pale Ale @@(APA),16.0,0.28142191172777303,208.23286734711286,124,Griffin Claw Brewing Company,Birmingham,MI
999,2007.0,Norm's Gateway IPA,American IPA,12.0,0.04,55.0,521.1965873253671,Griffin Claw Brewing Company,Birmingham,MI
1000,1570.0,Lemon Shandy Tripel,Tripel,16.0,0.09,,124,Griffin Claw Brewing Company,Birmingham,MI
1001,7467.179782812327,Little Red Cap,@@Altbie??r,12.0,0.063,43.0,144,Grimm Brothers Brewhouse,Loveland,CO
1002,1857.0,Supergoose IPA,Ameri@@can I#PA,12.0,0.069,67.0,1445.9222577498892,Hale's Ales,Seattle,WA
1003,1440.0,Hale's Pale American Ale,American Pale Ale (APA),12.0,0.047,,290,Hale's Ales,Seattle,WA
1004,1753.0,Heyoka IPA,American IPA,16.0,0.07,,327,Half Acre @@Beer Company,Chicago,IL
1005,1448.0,Guest Lager,American Double / Imperial Pilsner,16.0,0.08,,327,Half Acre Beer Company,Chicago,IL
1006,1134.0,Pony Pilsner,German Pilsener,16.0,0.057,,327,Half Acre Beer Company,Chicago,IL
1007,1066.0,Akari Shogun American Wheat Ale,American Pale Wheat Ale,16.0,0.055,,327,Half Acre Beer# Company,Chicago,IL
1008,849.0,Meat Wave,English India Pale Ale (IPA),16.0,0.06,,327,Half Acre Beer Company,Chicago,IL
1009,352.0,Over Ale,American Brown Ale,83.53285589591958,0.06,,327,Half Acre Beer Company,Chicago,IL
1010,149.0,Gossamer Golden Ale,American Blonde Ale,51.85931313805296,0.042,,327,Hal#f Acre Beer Company@@,Chicago,IL
1011,148.0,Daisy Cutter Pale Ale,American Pale Ale (APA),94.31819576441285,0.052,,1686.2496520025438,Half Acre Beer Company,Chicago,IL
1012,2026.0,Pursuit,American IPA,12.0,0.07,40.0,248,Ha@@lf Full B%rewery,Stamfo@@??rd,CT
1013,1361.0,Half Full Bright Ale,American Blonde Ale,12.0,0.052,18.0,248,Half Full Brewery,Stamford@@,$C#T
1014,1016.0,Orange Wheat,Fruit / Vegetable Beer,12.0,0.046,17.0,476,Hangar 24 Craft Brewe#ry%,Redlands,%%CA
1015,1015.0,Hangar 24 Helles Lager,Munich Helles Lager,12.0,0.043,14.0,476,Hangar 24 Craft Brewery,Redlands,CA
1016,1677.0,The Great Return,American IPA,16.0,0.075,70.0,343,Hardywood Park Craft Brewery,Richmond,VA
1017,1331.0,Hardywood Cream Ale,Cream Ale,12.0,0.21773464011485935,18.0,343,Hardywood Park Craft Brewery,Richmond,@@VA
1018,1270.0,Capital Trail Pale Ale,A@@merican Pal#e Ale (APA),12.0,0.2402195401436775,55.0,343,Hardywood Park Craft Brewery,Richmond,VA
1019,2059.0,UFO Gingerland,He@@rb@@ed / Spiced Beer,12.0,0.052,15.0,234,Harpoon Brewery,Boston,MA
1020,1653.0,The Long Thaw White IPA,American White%?? IPA,64.61288212654773,0.062,45.0,234,Harpoon Brewery,Boston,MA
1021,1558.0,Honey Cider,Cider,12.0,0.048,,234,Harpoon Brewery,Boston,MA
1022,1380.0,Harpoon Summer Beer,Kölsch,12.0,0.05,113.0172712496881,234,Harpoon Brewery,Boston,MA
1023,1379.0,Harpoon IPA,American IPA,12.0,0.059,42.0,234,Harpoon Brewery,Boston,MA
1024,1340.0,UFO Pumpkin,Pumpkin Ale,12.0,0.059,20.0,234,Harpoon Brewery,Boston,MA
1025,1313.0,Harpoon Octoberfest,Märzen / Oktoberfest,12.0,0.055,30.0,234,Harpoon Brewery,Boston,MA
1026,770.0,Harpoon IPA (2012),American IPA,12.0,0.059,42.0,234,Harpoon Brewery,B@@%oston,MA
1027,769.0,Harpoon Summer Beer (2012),Kölsch,42.4693999552727,0.26468019465170584,28.0,234,Harpoon Brewery,Boston,MA
1028,610.0,UFO White,American Pale Wheat #Ale,12.0,0.24869248613328737,10.0,234,Harpoon Brewery,Boston,MA
1029,923.1245462319094,Ha#rpoon Summer Beer (2010),Kölsch,12.0,0.05,28.0,1033.26931753733,Harpoon Brewery,Boston,MA
1030,126.0,Harpoon IPA (2010),American IPA,12.0,0.2026261448209068,42.0,1330.3335455413412,Harpoon Brewery,Boston,M%A
1031,2600.513243079229,Great Falls Select Pale Ale,American Blonde Ale,12.0,,,535,Harvest Moon Brewing Company,Belt,MT
1032,181.0,Beltian White,Witbier,12.0,0.048,,535,Harvest Moon Brewing Company,Belt,MT
1033,2183.0,Ka%ua'i Gold$en Ale,American Blonde Ale,12.0,0.049,,204,Hawai'i Nui Brewing Co.,Hilo,HI
1034,2182.0,Sunset Amber,American Pale Ale (APA),12.0,0.054,,204,Hawai'i Nui Brewing Co.,Hilo,HI
1035,2181.0,Hapa Brown Ale,American Brown Ale,84.3246917956409,0.064,,204,Hawai'i Nui Brewing Co.,Hilo,HI
1036,2180.0,Hapa Brown Ale,American Brown Ale,12.0,0.064,,204,Hawai'i Nui Brewing Co.,Hilo,#HI
1037,2179.0,Southern Cross,Flanders Red Ale,19.2,0.083,,204,Hawai'i Nui Brewing Co.,Hilo,HI
1038,1895.0,Groupe G,Belgian IPA,16.0,0.076,65.0,280,Headlands Brewing Company,Mill Va#lley,CA
1039,1894.0,Pt. Bonita Rustic Lager,American Pale Lager,16.0,0.062,40.0,280,Headlands Brewing Company,Mill Valley,CA
1040,9453.504746933526,Hi%ll@@ 88 Double IPA,American Double / Imperial IPA,16.0,0.088,77.0,280,Headlands Brewing Company,Mill Valley,CA
1041,990.0,Loose Cannon,American IPA,12.0,0.072,45.0,479,Heavy Seas Beer,Halethorpe,MD
1042,989.0,AARGHtoberfest!,Märzen / Oktoberfest,12.0,0.06,30.0,479,Heavy Seas Beer,Halethorpe,MD
1043,988.0,Davy Jones Lager,Cre$am Ale,12.0,0.06,,479,Heavy Seas Beer,Halethorpe,MD
1044,1351.0,Grazias,C%ream Ale,66.98323495111237,0.063,30.0,423,Hess Brewing Company,San Die$go,C%A#
1045,1346.0,Habitus IPA,American IPA,16.0,0.08,478.1840767998456,423,Hess Brewing Company,San $Diego,CA
1046,904.0,Ex Umbris Rye Imperial Stout,American Double / Imperial Stout,16.0,0.099,85.0,2467.7641488901063,Hess Brewing Company,San Diego,CA@%@
1047,2295.0,The Golden One,American Pilsner,12.0,0.063,107.91204893869809,168,High Hops Br@@ewe#ry,Win@??@dsor,CO
1048,10389.917766455095,The Power of Zeus,America$n Pale A??le (APA),12.0,0.07,68.0,168,High Hops Brewery,W@@indsor,CO
1049,824.0,Tonganoxie Honey Wheat,American Pale Wheat Ale,43.13668692218924,0.16410237174334533,22.0,500,High Noon Saloon And Brewery,Leavenworth,??K@@S
1050,616.0,Oregon Trail Unfiltered Raspberry Wheat,Fruit / Vegetable Beer,12.0,0.045,,500,High Noon Saloo@@n And$ Brewery,L??eav$enworth,KS
1051,96.0,Annie's Amber Ale,American Amber / Red Ale,50.190342150561705,0.055,,500,High Noon Saloon And Brewery,Leavenworth,KS
1052,1615.0,The 12th Can�?American Pale Ale (APA),16,0.045,32.0,362.0,Hilliard's Beer,Seattle,WA,
1053,889.0,Hilliard's Pils,Czech Pilsener,16.0,0.055,152.05486442283222,362,Hilliard's Beer,Seattle,WA
1054,724.0,Hilliard's Blonde,American Blonde Ale,16.0,0.049,20.0,362,Hilliard's Beer,Seattle,WA
1055,497.0,Hilliard's Amber Ale,American Amber / Red Ale,16.0,0.055,60.0,362,Hilliard's Beer,Seattle,@@W%A
1056,496.0,Hilli%ard's Saison%,Saison / Farmhouse Ale,16.0,0.3741593037406512,30.0,362,Hilliard's Beer,Seattle,WA
1057,1652.0,Wh@@ite Cap White IP@@A,American White IPA,16.0,0.042,,349,Hinterland Brewery,Green Bay,WI
1058,1835.0,Provision,Saison / Farmhouse Ale,12.0,0.042,25.0,297,Hop Farm Brewing Company,Pittsburgh,PA
1059,1834.0,One Nut Brown,American Brown Ale,12.0,0.047,92.53183503954303,297,Hop Farm Brewing Company,Pittsburg@@h,@@PA%
1060,6911.601188951537,Hop Farm IPA,American IPA,12.0,0.058,45.0,1626.6042176449225,Hop Farm Brewing Company,Pittsburgh,PA
1061,8776.960083863825,Double D Blonde,%American Blonde Ale,45.1679425104339,0.049,20.0,198,Hop Valley Brewing Company,Springfield,OR
1062,1605.0,Festeroo Winter Ale,American Strong Ale,41.37858846124637,0.39569893120923366,342.79364545943736,198,Hop $Valley Brewing Company,Springfield,OR
1063,1543.0,Proxima IPA,American IPA,69.73219993402398,0.063,70.0,198,Hop Valley Brewing Company,Springfield,OR
1064,1390.0,Double D Blonde (2013),American Blo%nde Ale%,12.0,0.049,20.0,1136.7986194532682,Hop Valley Brewing Company,Springfield,OR
1065,7120.32775540498,541 American Lager,American Pale Lager,12.0,0.048,13.0,198,Hop Valley Brewing Company,Springfield,OR
1066,1353.0,Alphadelic IPA,American IPA,49.7432192254247,0.065,90.0,198,Hop Valley Brewing Company,Sp$ringfiel@@d,OR
1067,2767.6707719304277,Alphadelic IPA (#2%011),American IPA,12.0,0.065,90.0,198,Hop Valley Brewing Company,Sprin@@gfield,OR
1068,498.0,Double D Blonde (2011),American Blonde Ale,12.0,0.049,20.0,198,Hop Valley Brewing Company,Springfield,OR
1069,1501.0,Gre$en House Ind%ia Pale Ale,American IPA,12.0,0.07,,2030.7796801656411,Hops & Grain Brewery,Austin,TX
1070,1004.0,The One They Call Zoe,American Pale Lager,12.0,0.051,,395,Hops & Grain Brewery,Austin,TX
1071,502.0,Alteration,A%%ltbier,12.0,0.051,165.6272812223844,395,Hops & Grain Brewery,Austin,TX
1072,2956.8224722517466,Pale Dog,American Pale Ale (APA),12.0,0.06,50.0,395,Hops & Grain Brewery,Austi??n,$TX
1073,2357.0,Porter Culture,American Porter,12.0,0.065,,787.3461737984843,Hops & Grains Brewing Company,Austin,TX
1074,11800.3636445049,Hard Cider,Cider,16.0,0.068,,80,Hopworks Urban Brewery,Port#land,OR
1075,2482.0,Totally Radler,Radler,16.0,0.027,122.99817266769081,80,Hopworks Urban Brewery,Portland,O%%R
1076,2400.0,Nonstop Hef Hop,American Pale Wheat Ale,16.0,0.039,20.0,80,Hopworks Urban Br??ewery,Portland,OR
1077,2399.0,Nonstop Hef Hop,American Pale Wheat Ale,16.0,0.039,20.0,80,Hopwo?$?rks Urban Brewery,Portland,OR
1078,2398.0,Nonstop Hef Hop,American Pale Wheat Ale,16.0,0.15089967807255214,20.0,447.04848827883995,Hopworks Urban Brewery,Portland,OR
1079,14251.348578966932,$Non#stop Hef Hop,American Pale Wheat Ale,16.0,0.039,20.0,80,Hopworks Urban Brewery,Portland,OR
1080,2396.0,Nonstop Hef Hop,American Pale Wheat Ale,80.49317223089523,0.039,90.93541267321824,80,Hopwo%rk$s Urban Brewery,Portland,OR
1081,12594.242342240294,Nonstop Hef Hop,American Pale Wheat Ale,16.0,0.039,20.0,80,Hopworks Urban Brewery,Portland,OR
1082,2394.0,Non$stop Hef Hop,American Pale Wheat Ale,16.0,0.039,119.75871177146986,80,Hopworks Urban Brewery,Portland,OR
1083,2393.0,Nonstop Hef Hop,American Pale Wheat Ale,16.0,0.039,20.0,80,Hopworks Urban Brewery,Portland,OR
1084,2392.0,No@@nstop Hef Ho$p,American Pale Wheat Ale,16.0,0.039,20.0,80,Hopworks Urban Brewery,Portland,$OR#
1085,2391.0,Nonstop Hef Hop,American Pale Wheat Ale,16.0,0.039,74.48716792049929,80,Hopworks Urban Brewery,Portland,OR
1086,2390.0,Nonstop Hef Hop,American Pale Wheat Ale,16.0,0.039,20.0,80,Hopworks Urban Brewery,Portland,OR
1087,2389.0,Nonstop Hef Hop,American Pale Whea%t Ale,16.0,0.039,20.0,424.2990127242112,Hopworks Urban Brewery,Portland,OR
1088,2388.0,Rise Up Red,American Amber / Red Ale,16.0,0.058,60.0,80,Hopworks Urban Brewery,Portland,OR
1089,10700.257183154237,Survival Stout,American Stout,16.0,0.058,35.0,80,H$opworks Urban Brewe#ry,Portland,OR
1090,2199.0,Hopworks IPA,American IPA,16.0,0.066,363.93924068397195,80,Hopworks Urban Brewery,Portland,O#R
1091,10804.365589184397,Abominable Winter Ale,American Strong Ale,16.0,0.073,328.30015204376906,80,Hopworks Urban Brewery,Portland,OR
1092,1398.0,Pigwar White India Pale Ale,American White IPA,48.61636079502668,0.06,60.0,80,Hopworks Ur#ban Bre%wery,Portland,OR
1093,1085.0,Rise-Up Red (2014),American Amber / Red Ale,16.0,0.058,218.43311928836874,80,Hopworks Urban Brewery,Portland,OR
1094,4816.193047980957,Abominable ??Winter A#le (2012),American Strong Ale,16.0,0.41343185777266167,378.96031135931287,80,Hopworks Urban Brewery,Portland,OR
1095,658.0,HUB Lager,Czech Pilsener,16.0,0.051,32.0,80,Hopworks Urban Brewery,Portland,O@@R
1096,653.0,Hopworks IPA (2012),American IPA,16.0,0.066,75.0,80,Hopworks Urban Brewery,Portland,OR
1097,2385.0,Watermelon Wheat,American P??ale Wheat A??le,12.0,0.056,,120,Horny Goat Brew Pub,Milwaukee,WI
1098,2384.0,Laka Laka Pineapple,Hefeweizen,12.0,0.051,17.0,120,Horny Goat Brew Pub,Milwaukee,WI
1099,2383.0,O$ktoberfest??,Märzen / Oktoberfest,16.0,0.06,,120,Horny Goat Brew Pub,Milwaukee,WI
1100,1251.0,Trail Maker Pale Ale,American Pale Ale (APA),12.0,0.065,,445,Howard Brewing Company,Lenoir,NC
1101,1250.0,Action Man Lager$,Vienna Lager,12.0,0.055,,2072.5959821631054,Howard Brewing Company,Lenoir,NC
1102,7110.363962742467,Let It Ride IPA,American IPA,12.0,0.068,90.0,277,Indeed Brewing Compa$ny%,Minneap#olis,MN
1103,6537.094892346915,Stir Crazy Winter Ale,Wi$@@nter Warmer,12.0,0.21010948657019912,22.0,277,Indeed Brewing Company,Minneapolis,MN
1104,1555.0,Sweet Yamma Jamma Ale,Fruit / Vegetable Beer,61.89434340996953,0.05,10.0,277,Indeed Brewing Company,Minneapolis,M#N
1105,1115.0,Shenanigans Summer Ale,Amer??ican Pale Wheat Ale,12.0,0.046,27.0,938.5811108721276,Indeed Brewing Company,Minne$apolis,MN
1106,729.0,Midni@@ght Ryder,American Black Ale,12.0,0.065,80.0,277,Indeed Brewing Company,Minneapolis,MN
1107,728.0,Day Tripper Pale Ale,American Pale Ale (APA),12.0,0.2538531074920342,45.0,277,Indeed Brewing Company,Minneapolis,MN@@
1108,2350.0,Oklahoma Suks,American Amber / Red Ale,12.0,0.048,32.0,140,Independence Brewing Company,Austin,TX
1109,12944.24620266434,Power & Light,American Pale Ale (APA),12.0,0.055,42.0,140,Independence Brewing Company,Austin,TX
1110,1904.0,White Rabbit,Wit%bi??er,12.0,0.059,27.0,833.8657856565865,Independence Brewing Company,Austin,TX
1111,2609.0,Tribute,American Pale Ale (APA),12.0,0.058,58.0,127.33048068904492,Indiana City Brewing,Indianapolis,IN
1112,2038.0,Infamous IPA,American IPA,12.0,0.07,75.0,242,Infamous Brewing Company,Austin,TX
1113,7300.326123267836,Hijack,Cream Ale,37.9998077804392,0.055,20.0,242,Infamous Brewing Company,Austin,TX
1114,559.0,Jon Boat Coastal Ale,Amer??ic@@an Blonde Ale,12.0,0.045,20.0,527,Intuition Ale Works,Jacksonville,F##L
1115,2437.074474471716,I-10 IPA,American IPA,12.0,0.3156032867228683,55.0,527,Intuition Ale Works,Jacksonville,FL
1116,553.0,People's Pale Ale,American Pale Ale (APA),12.0,0.053,84.76954171013875,527,Intuition Ale Works,Jacksonville,FL
1117,2376.0,Summer Ale,American Blonde Ale,12.0,0.049,,586.1381713304531,Ipswich Ale Brewer#y,Ipswich,MA
1118,1784.0,Appreciation Ale,Ameri$ca$n IPA,16.0,,,316,Iron Hill Brewery & Restaurant,Wilmin#gton,DE
1119,12200.522235908404,House Lager,Keller Bier / Zwickel Bier,16.0,0.052,18.0,2,Jack's Abby Craft Lagers,Framingham,MA
1120,2672.0,Leisure Time,America$n Pale Lager,12.0,0.048,15.0,2,Jack's Abby Craft Lagers,Framingham,MA
1121,2671.0,Excess IPL,American India Pale Lager,16.0,0.072,80.0,2,Jack's Abby Craft Lagers,Framingham,MA
1122,2670.0,Hoponius Union,American India Pale Lager,12.0,0.067,65.0,2,Jack's Abby Craft Lagers,Framingham,MA
1123,2669.0,Calyptra,American India Pale Lager,12.0,0.049,45.0,2,Jack's Abby Craft Lagers,Framingham,MA
1124,1405.0,Helen's Blend,Cider,12.0,0.05,,416,Jack'$s Hard Cider (Hauser Estate...,Biglerville,PA
1125,823.0,Jack's Hard Cider,Cider,12.0,0.051,,416,Jack's Hard Cider (Hauser Estate...,Biglerville,PA
1126,1793.0,Thunder Ann,American Pale Ale (APA),12.0,0.055,37.0,312,Jackalope Brewing Company,Nashville,TN
1127,2453.0,Razz Wheat,Fruit / Vegetabl$e Beer,12.0,0.055,,401.3449484926195,Jackie O's Pub & Brewery,Athens,OH
1128,2363.0,Hop Ryot,American IPA,12.0,0.065,,92,Jackie O's Pub & Brewery,Athens,OH
1129,689.0,Myst??ic M#ama IPA,American IPA,12.0,0.07,,92,Jackie O's Pub & Brewery,Athens,OH
1130,688.0,Firefly Amber Ale,American Amber / Red Ale,71.38523771321067,0.05,,92,Jackie O's Pub & Brewery,Athens,OH
1131,687.0,Chomolungma Honey Nut Brown Ale,English Brown Ale,43.44039776016534,0.067,,92,Jackie O's Pub & Brewery,Athens,OH
1132,2408.0,Welcome to Scoville,American IPA,12.0,0.069,,114,Jailbreak Brewing Company,Laurel,MD
1133,2595.0,Bastian,American Strong@@ ??Ale,12.0,,,32,James Page Brewing Company,Stevens Point,WI
1134,2480.0,Healani,H%efeweizen,12.0,0.045,,32,James Page Brewing Company,S%tevens P@@oint,WI
1135,8190.454975519209,Yabba Dhaba Chai Tea Porter,American Porter,68.5618754838223,0.055,,32,James Page Brewing Company,Stevens Point,WI
1136,1524.0,A Capella Gluten Free Pale Ale,American Pale Ale (APA),12.0,0.27379350145626413,,32,James Page Brewing Company,Stevens Point,WI
1137,1523.0,Casper White Stout,American Blonde Ale,12.0,0.06,,130.145371616273,James Page Brewing Company,Stevens Point,WI
1138,1254.0,JP's Ould Sod Irish Red IPA,American IPA,12.0,0.3290444996556973,,32,James Page Brewing Company,S$teve@@ns Point,WI
1139,2060.0,Weize Guy,Hefeweizen,12.0,0.24475257592838218,15.0,233,Joseph James Brewing Company,Henderson,NV
1140,469.0,Fox Tail Gluten Free Ale,American Pale Ale (APA),12.0,0.05,50.0,785.7530031205163,Joseph James Brewin$#g Company,Henderson,NV
1141,468.0,Hop Box Imperial IPA,American Double / Imperial IPA,12.0,0.093,304.79264977550105,233,Joseph James Brewing Company,Henderson,NV
1142,467.0,Joseph James Ame??rican #Lager,American Adjunct Lager,12.0,0.052,15.0,233,Joseph James Brewing Company,Henderson,NV
1143,2163.0,Sucha Much IPA,American IPA,12.0,0.071,,208,Kalona Brewing Company,Kalona,IA
1144,9510.067419969055,Lewbricator Wheat Dopplebock,Doppel%bock,12.0,0.37894655818965045,24.0,1029.7088048721969,Kalona Brewing Company,Kalona,IA
1145,2374.0,Weisse Versa (2$012),Hefeweizen,12.0,0.2696506792786231,16.0,125,Karbach Brewing Company,Houston,TX
1146,1560.0,Mother in Lager,Munich Dunkel Lager,52.81548938759348,0.058,25.0,125,Karbach Brewing Company,Houston,TX
1147,7068.701705575903,Weekend Warrior Pale Ale,American Pale Ale (APA),12.0,0.20035133316699757,40.0,125,Karbach Brewing Company,Houston,TX
1148,1458.0,Karbachtoberfest,Märzen / Oktoberfest,12.0,0.055,25.0,125,Karbach Brewing Company,Houston,TX
1149,1235.0,Love Street Summer Seasonal (2014),Kölsch,12.0,0.047,79.28627430378214,125,Karbach Brewing Company,Houston,TX
1150,1068.0,Barn Bur$#ner Saison,Saison / Farmhouse Ale,12.0,0.066,20.0,125,Karbach Brewing Company,Houston,TX@@
1151,3118.0948606831907,Rodeo Clown Double IPA,American Double / Imperial IPA,12.0,0.095,85.0,125,Karbach Brewing Company,Houston,??TX
1152,465.0,Sym??pathy for th$e Lager,American Amber / Red Lager,69.29245164315893,0.049,190.46029359494287,536.3448501036861,Karbach Brewing Company,Hou@%@ston,TX
1153,464.0,Weisse Versa,Hefeweizen,12.0,0.052,15.0,125,Karbach Brewing Company,Houston,TX
1154,463.0,Hopadillo India Pale Ale,American IPA,53.265869752692,0.066,70.0,125,Karbach Brewing Company,Houston,TX
1155,1678.0,KelSo Nut@@ Brown Lager,Euro Dar??k Lager,36.04681655153154,0.057,113.69517737695627,342,KelSo Beer Company,Brooklyn,NY
1156,5975.048698202071,KelSo India Pale Ale,American IPA,12.0,0.06,261.71708146818804,342,KelSo Beer Company,Brooklyn,NY
1157,5907.31728661839,KelSo Pilsner,Czech Pilsener,12.0,0.055,23.0,1060.2164016346553,KelSo Beer Company,Brooklyn,NY
1158,1193.0,Skilak Scottish Ale,Scottish Ale,12.0,0.23128842622164,,458,Kenai River Brewing Company,Soldotna,AK@@$
1159,1187.0,Peninsula Brewers Reserve (PBR),American Blonde Ale,12.0,0.05,89.84779147592182,458,Kenai River Brewing Company,Soldotna,AK
1160,349.0,Sunken I@@sl#and IPA,American IPA,12.0,0.068,,458,Kenai River Brewing Company,Soldotna,#AK
1161,348.0,Skilak Scottish Ale (2011),Scottish Ale,12.0,0.058,,458,Kenai River Brewing Company,Soldotna,AK
1162,760.0,Cold Smoke Scotch Ale (2007),Scotch Ale / Wee Heavy,16.0,0.065,11.0,510,Kettle House Brewing Company,Missoula,MT
1163,759.0,Double Haul IPA (2009),American IPA,16.0,0.065,65.0,510,Kettle House Brewing Company,Missoula,MT
1164,758.0,Double Haul IPA (2006),American IPA,89.55606698437464,0.065,65.0,510,Kettle House Brewing Company,Missoula,MT
1165,87.0,Eddy Out Pale Ale,American Pale Ale (APA),16.0,0.17772059687351435,50.0,510,Kettle House Brewing Company,Missoula,M#T
1166,86.0,Double Haul IPA,American IPA,16.0,0.065,65.0,510,Kettle House Brewing Company,Missoula,MT
1167,85.0,Cold Smoke Scotch Ale,Scotch Ale / Wee Heavy,16.0,0.065,11.0,510,Kettle House Brewing Company,Missoula,MT
1168,2472.0,U. P. Witbier,Witbier,12.0,,,261.049055413378,Keweenaw Br@@ewing Company,Houghton,MI
1169,779.0,November Gale Pale Ale,American Pale Ale (APA),12.0,,,84,Keweenaw Brewing Company,Houghton,MI
1170,364.0,Olde Ore Dock Scottish Ale,Scottish Ale,12.0,,,84,Keweenaw Brewing Company,Houghton,MI
1171,60.0,Widow Maker Black Ale,American Brown Ale,12.0,,,265.72709330978716,Keweenaw Brewing Company,Houghton,MI
1172,59.0,Lift B??r%idge Brown Ale,American B%ro@@wn Ale,12.0,,,84,Keweenaw Brewing Company,Houghton,MI
1173,58.0,Pick Axe Blonde Ale,American Blonde Ale,12.0,,,84,Keweenaw Brewing Company,Houghton,MI
1174,57.0,Red Jacket Amber Ale,American Amber / Red Ale,43.455746729677585,,,84,Keweenaw Brewing Company,Houghton,MI
1175,2436.0,Amber Ale@@,Am@@erican Amber / Red Ale,12.0,0.051,,102,King Street Brewing Company,Anchorage,AK
1176,9083.03743066205,King Street Pilsner,#Czech Pils%ener,12.0,0.055,,102,King Street @@Brewing Company,Anchorage,AK
1177,1667.0,King Street IPA,American IPA,12.0,0.06,70.0,102,King Street Brewing Company,Anchorage,AK%
1178,1666.0,King Street Hefeweizen,Hefeweizen,12.0,0.057,10.0,102,King Street Brewing Company,Anchorage,AK
1179,1665.0,King Street Blonde Ale,A$meric@@an Blonde Ale,12.0,0.049,,102,King Street Brewing Company,Anchorage,AK
1180,2460.0,India Pale Al%e,American IPA,16.0,0.063,65.0,370.12667869531214,Kirkwood Station Brewing Company,Kirkwood,MO
1181,2459.0,Blackberry Wheat,American Pale Wheat Ale,16.0,0.18637961811886,11.0,87,Kirkwood Station Brewing Company,Kirkwood,MO
1182,1274.0,Longboard Island Lager,American Amber / Red Lager,24.0,0.046,18.0,439,Kona Brewing Company,Kona,HI
1183,1220.0,Longboard Island Lager,American Amber / Red Lager,16.0,0.18374414819780924,18.0,439,Kona Brewing Company,Kona,H#I@@
1184,1070.0,Longboard Island Lager,American Amber / Red Lager,12.0,0.1540672276076064,18.0,439,Kona Brewing Company,Kona,HI
1185,590.0,Longboard Island Lager,American Amber / Red Lager,12.0,0.046,55.66344861294062,439,Kona Brewing Company,Kona,HI
1186,781.0,Cho$c Beer (2003),American Dark Wheat Ale,69.36582631766706,0.04,51.71031051231499,505,Krebs Brewing Company (Pete's Pl...,Krebs,$O%K
1187,1637.0,Bellingham Beer Week 2013 Collaboration,Belgian Strong Dark Ale,16.0,0.08,,1136.4300556527241,Kulshan Brewery,Bellingham,W@@A
1188,1741.0,A Slice of Hefen,Hefeweizen,16.0,0.054,58.150902486195605,332,La Cumbre Brewing Company,Albuquerque,NM
1189,664.0,El$e$vated IPA,American IPA,16.0,0.072,100.0,332,La Cumbre Brewing Company,Albuquerque,NM
1190,392.0,Rumspringa Golden Bock,Maibock / Helles Bock,12.0,0.066,30.0,545,Lancaster Brewing Company,Lancaster,PA
1191,195.0,Lancaster German Style Kölsch,Kölsch,12.0,0.048,28.0,545,Lancaster Brewing Company,Lancaster,PA
1192,2547.0,Beach Cruiser,Hefeweizen,51.87877632951313,0.045,,59,Latitude 42 Brewing Company,Portage,MI
1193,2493.0,I.P. Eh!,American IPA,12.0,0.068,,59,Latitude 42 Brewing Company,Portage,MI
1194,2492.0,Schoolhouse Honey,American Amber / Red %Ale,12.0,0.05,,59,Latitude 42 Brewing Company,Portage,MI
1195,14901.790866356423,10 Degrees of Separation,English Brown Ale,62.631989937318686,0.055,,59,Latitude 42 Brewing Company,Portage,MI
1196,2108.0,Laughing Dog Cream Ale,Cream Ale,12.0,0.05,12.0,218,Laughing Dog Brewing Company,Ponderay,I@@D$
1197,1397.0,Two-One Niner,American Pilsner,55.51085327467065,0.048,43.321594877377294,218,Laughing Dog Brewing Company,Ponderay,ID
1198,1396.0,Laughing Dog IPA,Ame#r%ican IPA,12.0,0.064,359.0579432960494,218,Laughing Dog Brewing Company,Ponderay,ID
1199,1675.0,@@M??adra Allta,American IPA,12.0,0.064,95.0,345,L??avery Brewin??g Company,Erie,PA
1200,1249.0,Duluchan India Pale Ale,American IPA,12.0,0.056,70.0,345,Lavery Brewing Company,E#rie,PA
1201,1445.0,Lazy Monk Bohemian Pilsner,Czech Pilsener,16.0,0.05,,406,Lazy Monk Brewing,Eau Claire,WI
1202,475.0,Yellowstone Golden Ale,Kölsch,51.786552891394905,0.2185406044464561,,537,Lewis and Clark Brewing Company,Helena,MT
1203,474.0,Tumbleweed I??P??A,American IPA,62.41787730705067,0.057,,537,Lewis and Clark Brewing Company,Helena,MT
1204,2701.020131661951,Lewis & Clark Amber Ale,American Amber / Red Ale,12.0,0.05,,537,Lewis and Clark Brewing Company,Helena,MT
1205,472.0,Miner's Gold Hef????eweizen,Hefeweizen,54.052024771070954,0.05,,537,Lewis and Clark Brewing Company,Helena,MT
1206,471.0,Back Country Scottish Ale,Scottish Ale,12.0,0.2595627460076128,,537,Lewis and Clark Brewing Company,Helena,MT
1207,2036.0,Getaway,German Pilsener#,16.0,0.052,99.6027569037021,244,Lift Bridge Brewing Company,Stillwater,MN
1208,1168.0,Farm Girl Saison,Saison / Farmhouse Ale,16.0,0.33714839913619427,30.0,244,Lift Bridge Brewing Company,Stillwater,MN
1209,1832.0,Adam's Stout,American Stout,12.0,0.058,40.0,298,Liquid Hero Brewery,York,@@$PA
1210,1688.0,American Hero,American Amber / Red Ale,12.0,0.057,42.0,298,Liquid Hero Brewery,York,P%A
1211,1687.0,Schweet Ale,Fruit / Vegetable B#eer,12.0,0.052,77.48007021402826,1761.5837721244998,Liquid Hero Brewery,York,PA
1212,6821.565703775117,Irregardless IPA,American IPA,12.0,0.065,75.0,298,Liquid Hero Brewery,York,PA
1213,2434.0,Peach Pale Ale,American Pale Ale (APA),12.0,0.057,40.0,104,Lone Tree Brewing Company,Lone Tree,CO
1214,2332.0,Deadeye Jack,American Porter,12.0,0.06,,149,Lonerider Brewing Company,Raleigh,NC
1215,2330.0,Pistols at Dawn,American Stout,16.0,0.2663845347783144,,518.5759438363157,Lonerider Brewing Company,Raleigh,NC
1216,2329.0,Peacemaker Pale Ale,American Pale Ale (APA),12.0,0.057,47.0,149,Lonerider Brewing Company,Raleigh,NC
1217,2327.0,Shotgun Betty,Hefeweizen,44.74491000040986,0.058,11.0,149,Lonerider Br%ewing Com$pany,Raleigh,NC
1218,2326.0,Sweet Josie,American Brown Ale,12.0,0.061,30.0,149,Lonerider Brewing Company,Raleigh,NC
1219,1926.0,Long Trail IPA,English India Pale Ale (IPA),12.0,0.059,42.0,268,Long Trail Brewing Company,Bridgewater Corners,V@@T
1220,1924.0,Long Trail Ale,American Amber / Red Ale,12.0,0.046,143.36616609909558,268,Long Trail Brewing Company,Bridgewater Corners,VT
1221,1090.0,Double Bag,Altbier,16.0,0.072,186.55060254455842,268,Long Trail Brewing Company,Bridgewater Corners,VT
1222,574.0,Blackbeary Wheat,Fruit / Vegetable Beer,12.0,0.04,8.0,1350.624374798272,Long Trail Brewing Company,Bridgewater $Corners,VT
1223,3227.5638043899025,Long Trail Ale (1),Alt$bier,12.0,0.046,30.0,268,Long Trail Brewing Company,Bridgewater Co@@rner??s,VT
1224,2584.0,Gose,Gose,16.0,0.046,40.39247205038658,41,Lost Nation Brewing,East Fairfield,VT
1225,2583.0,Vermont Pilsner,German Pilse??ner,16.0,0.048,20.0,212.81179939924579,Lost Nation Brewing,East Fairfield,VT
1226,2582.0,Mosaic Single Hop IPA,Am??erican IPA,16.0,0.3146943252366954,,228.8265901480574,Lost Nation Brewing,E#ast Fa??irfield,VT
1227,2581.0,Lost Galaxy,American IPA,85.64838200102324,0.045,,41,Lost Nation Brewing,East Fairfield,VT
1228,1309.0,Face Plant IPA,American IPA,12.0,0.062,65.0,2075.9133636458123,Lost Rhino Brewing Company,Ashburn,VA
1229,1308.0,Rhino Chasers Pilsner,Czech Pilsener,12.0,0.2665569107795794,55.0,430,$Lost Rhino Brewing Co??mpany,Ashburn,VA
1230,1571.0,Sl@@o$w Hand Stout,American Stout,16.0,0.052,29.0,377,Lucette Brewing Company,Menominee,WI#??
1231,1204.0,Hips Don't Lie,Hefeweizen,16.0,0.062,,456,Lucette Brewing Company,Menominie,WI
1232,1122.0,Rid??e Again #Pale Ale,American Pale Ale (APA),59.200683064725524,0.052,,456,Lucette Brewing Company,Menomini%e$,WI
1233,700.0,The Farmer's Daughter,American Blonde Ale,16.0,0.048,,456,Lucette Brewing Company,Menominie,WI
1234,2033.0,P@$@ub Ale,English Dark Mild Ale,12.0,0.038,18.0,245,Lucky Town Brewing Company,Jackson,MS
1235,2032.0,Ballistic Blonde,Belgian Pale Ale,45.326626591565095,0.051,104.13223646684818,245,Lucky Town Brewing Company,Jackson,MS
1236,2311.0,Knotty Pine,American Pale Ale (APA),12.0,0.054,,158,Lumberyard Brewing Company,Flagstaff,AZ
1237,1153.0,Lumberyard Pilsner,American Pilsner,12.0,0.053,20.0,158,Lumberyard Brewing Company,Flagstaff,AZ
1238,355.0,Lumberyard IPA,American IPA,36.069741105584896,0.061,,158,Lumberyard Brewing Company,Flagstaff,AZ
1239,125.0,Lumberyard Red Ale,American Amber / Red Ale,12.0,0.23177088562452222,,158,Lumberyard Brewing Company,Flagstaff,AZ
1240,962.0,Mac's Highlander Pale Ale (2000),American Pale Ale (APA),12.0,0.05,,485,MacTarnahans Brewing Company,Portland,OR
1241,961.0,Mac's Scottish Style Amber Ale (2000),??American Amber / Red A#le,12.0,0.051,32.0,485,MacTarnahans Brewing Company,Portlan#d,OR
1242,1475.0,Macon Progress Ale,American Pale Ale (APA),12.0,0.05,,1852.7017762124071,Macon Beer Company,Macon,%GA$
1243,1008.0,Macon History Ale,American Brown Ale,12.0,0.055,,400,Macon Beer Company,Macon,GA
1244,2454.0,Galaxy High,American Double / Imperial IPA,12.0,0.099,,91,Madtree Brewing Company,Cincinnati,OH#@@
1245,9346.803536012625,Sol Drifter,American Blonde Ale,12.0,0.043,18.0,91,Madtree Brewing Company,Cincinnati,??OH
1246,2133.0,Thunder Snow,Winte$r Warmer,12.0,0.085,,91,Madtree Brewing Company,Cincinnati,OH
1247,1994.0,The Great Pumpcan,Fruit / Vegetable Beer,16.0,0.079,18.0,476.56059853607235,Madtree Brewing Company,C$incinnat@@i,OH
1248,1816.0,LIFT,Köls%??ch,66.85127573375212,0.047,59.62939024314107,91,Madtree Brewing Company,Cincinn@@a??ti,O%??H
1249,1815.0,SPRYE,American Pale Ale (APA)#,12.0,0.05,40.0,91,Madtree Brewing Company,??#Cincinnati,OH??
1250,1126.0,Psych#op#athy,American IPA,61.782550670674254,0.069,70.0,91,Madtree Brewing Company,Cincinnati,OH
1251,1125.0,Gnarly Brown,American Brown Ale,12.0,0.07,32.0,487.4229963108296,Madtree Brewing Company,Cincinnati,OH
1252,1124.0,Happy Amber,American Amber / Red Ale,12.0,0.06,30.0,91,Madtree Brewing Company,Cincinnati,OH
1253,1813.0,#9,Fruit / Vegetable Beer,16.0,0.051,20.0,303,Magic Hat Brewing Company,South Burlington,VT
1254,6474.88081774948,El??der Be#tty,Hefeweizen,12.0,0.055,13.0,303,Magic Hat Brewing Company,South Burlington,VT
1255,1506.1312649403555,#9,Fruit / Vegetable Beer,12.0,0.051,20.0,303,Magic Hat Brewing Company,South Burlington,VT
1256,511.0,High Country Pilsner (Current),German Pilsener,12.0,0.042,,534,Mammoth Brewing Compa#ny,Mammoth Lakes,CA
1257,75.0,Epic IPA,American IPA,12.0,0.3134985705798418,,534,Mammoth Brewing Company,Mammoth Lakes,CA
1258,74.0,Golden Trout Pilsner,German Pilsener,12.0,0.042,,534,Mammoth Brewing Co%mpany,Mammoth Lakes,CA
1259,73.0,Real McCoy Amber Ale (Current),American Amber /% Red Ale,12.0,0.045,,2995.7936244522393,Mammoth Brewing Company,Mammoth Lakes,CA
1260,1628.0,@@Festivus (1),Winter Warmer,53.52463565344371,0.072,,356,Manayunk Brewing Company,Philadelphia,PA
1261,1626.0,Manayunk Oktoberfest,Märzen / Oktoberfest,12.0,0.067,,356,Manayunk Brewing Company,Philadelphia,PA
1262,5594.455631929419,Belgian Style Session Ale,Belgian Pale Ale,12.0,0.045,21.0,356,Manayunk Brewing Company,Philadel@@phia$,PA
1263,1624.0,Mana$yu@@nk IPA,#American IPA,57.35350125843145,0.055,,1969.7588474786294,Manayunk Brewing Com??pa%ny,Philadelphia,PA
1264,1600.0,Yunkin' Pun%kin',Pumpkin Ale,12.0,0.055,,356,Manayunk Brewing Company,??Philadelphia,PA
1265,1484.0,Summer Paradise,American Pale@@ Wh??eat Ale,12.0,0.05,97.62958149722226,356,Manayunk Brewing Company,Philadelphi??a,PA
1266,1356.0,Monk from the 'Yunk,Tr??ipel,12.0,0.09,30.0,356,Ma%nayunk Brewing Company,P%@@hiladelphia,PA
1267,1355.0,Schuylkill Punch,Fruit / Vegetable Beer,12.0,0.3172991607364634,14.0,356,Manayunk Brewing Company,Philadelph@@ia,PA
1268,1334.0,Dreamin' Double IPA,American Double / Imperial IPA,41.48385138512399,0.085,85.0,356,Manay%unk Bre??wing Company,Philadelphia,PA
1269,9512.903224859643,Chaotic Double IPA,American Doub%le / Imperial IPA,12.0,0.099,93.0,346,Manzanita Brewing Company,Santee,CA
1270,1673.0,Manzanita IPA,American IPA,12.0,0.08,88.0,1865.4224661306612,Manzanita Brewing Company,Santee,CA
1271,1672.0,Riverwalk Blonde Ale,American Blonde Ale,12.0,0.3073392341169132,25.0,346,Manzanita Brewing Company,Santee,CA
1272,1671.0,Gillespie Brown Ale,American Brown Ale,12.0,0.31714028771609676,49.0,346,Manzanita Brewing Company,Santee,CA
1273,7492.644432315663,Manzanita Pale Ale,American Pale Ale (APA),12.0,0.066,132.23335152502864,1830.1390890842904,Manzanita B????rewing Company,Santee,CA
1274,1262.0,Marble Pilsner,German Pilsener%,12.0,0.16431505551085268,,443,Marble Brewery,Albuquerque,#NM
1275,845.0,Marble India Pale Ale,American IPA,66.28032060229872,0.062,,443,Marble #Brewe??ry,Albuquerque,NM
1276,1783.0,Toughcats IPA,American IPA,16.0,0.072,,317,Marshall Wharf Brewing Company,Belfast,ME
1277,1717.0,Tug Pale Ale,American Pale Ale ($APA),16.0,0.05,,317,Marshall Wharf Brewing Company,Belfast,ME
1278,1716.0,Sexy Chaos,Russian Imperial Stout,16.0,0.099,,317,Marshall Whar@@f Brewing Co%mpany,Belfast,ME
1279,1516.0,Ace Hole American Pale Ale,American Pale Ale (APA),16.0,0.19364370282797563,,317,Marshall Wharf Brewing Company,Belfast,ME
1280,725.0,Cant Dog Imperial Pale Ale,American Double / Imperial IPA,16.0,0.097,,317,Marshall Wharf Brewing Company,Belfast,ME
1281,2308.0,River House,Saison / Farmhouse Ale,16.0,0.05,20.0,829.4901113601255,Martin House Brewing Company,Fort Worth,TX#
1282,2268.0,Pret$zel Sto??ut,American Stout,16.0,0.065,47.0,161,Martin House Brewing Company,Fort @??@Worth,TX
1283,2197.0,Ru#bberneck ??Red,American Amber / Red Ale,16.0,0.05,35.0,161,Martin House$ Brewing Comp@@any,Fort Worth,TX
1284,2120.0,The Imperial Texan,American Double / Imperial IPA,90.01323689836833,0.08,,720.1086850248654,Martin House Brewing Company,Fort Worth,TX
1285,1234.0,The Imperial Texan,American Double / Imperial IPA,69.25325040567205,0.08,,161,Martin House Brewing Company,Fort Worth,TX
1286,6548.83798591064,Day Break 4-Grain Breakfast Beer,Rye Beer,64.90114612904145,0.05,,161,Martin House Brewing Company,Fort Worth,TX
1287,1232.0,River House Saison,Saison #/ Farmhous$e Ale,12.0,0.05,,161,Martin House Brewing Company,Fort Worth,TX
1288,4340.049636144103,There Will Be Stout,American% Stout,12.0,0.065,,161,Martin House Brewing Company,Fort Worth,T@@??X
1289,1831.0,Our Legacy IPA,American IPA,12.0,0.065,60.0,299,Matt Brewing Company,Utica,NY
1290,1359.0,Saranac Shandy,Shandy,12.0,0.23372706812325594,,1744.2532685776234,Matt Brewing Company,Utica,NY
1291,1135.0,Our Legacy IPA,American IPA,71.05166982226956,0.38829187363722506,60.0,299,Matt Brewing Company,Utica,NY
1292,960.0,Saranac Golden Pilsener (2003),German Pilsener,12.0,0.051,,299,Matt Brewing Company,U%tica,NY
1293,959.0,#Saranac Adirondack Light# (2002),Light Lager,12.0,0.045,,958.1941355762957,Matt Brewing Company,Utica,NY
1294,958.0,DAX Light (1998),Light ??Lager,12.0,0.045,,299,Matt Brewing Company,Utica,NY
1295,957.0,Saranac Traditional Lager (2000),American Pale Lager,12.0,0.048,,1712.9128200479447,Matt Br$ewin%g Company,Utica,NY
1296,956.0,Pomegranate Wheat (2008),Fruit / Vegetable Beer,12.0,0.047,,299,Ma#tt Bre#wing Company,#??Utica,NY
1297,3260.0436268438025,Blueberry Blonde Ale,American Blonde Ale,12.0,0.05,12.0,926.2232434271467,Matt Brewing Company,Utica,NY
1298,686.0,Saranac White IPA,American IPA,12.0,0.06,,299,Matt Brewing Company,Utica,NY
1299,2543.998300790124,Saranac Summer Ale (2011),American Pale Wheat Ale,45.881634970899,0.047,,299,Matt Brewing Company,Utica,NY
1300,150.0,Saranac Pale Ale (12 oz.),English Pale Ale,12.0,0.055,,299,Matt Brewing Company,Utica,NY
1301,133.0,Saranac Pale Ale (16 oz.),@@E%nglish Pale Ale,16.0,0.055,,299,Matt Brewing Company,Utica,NY
1302,1578.0,Lahaina Town Brown,American Brown Ale,12.0,0.19607472201686688,116.17905982567859,375,Maui Brewing Company,Lahaina,HI
1303,1429.0,Pau H#ana Pilsne$r,Czech Pilsener,12.0,0.055,,1229.1556444231978,Maui Brewing Company,Lahaina,HI
1304,6375.876226282045,Lemongrass Saison,Saison / Farmhouse Ale,12.0,0.05,,375,Maui Brewing Company,Lahaina,HI
1305,713.0,Aloha B’ak’tun,Belgian Strong Dark Ale,12.0,0.07,,1219.16819026312,Maui Brewing Company,Lahaina,H#I@@
1306,712.0,Liquid Breadfruit,Fruit / Vegetable Beer,53.99572641857965,0.082,,1517.7017217629507,Maui Brewing Company,Lahaina,@@HI
1307,690.0,Sobrehumano Palena'ole,American Amber / Red Ale,12.0,0.06,24.0,375,Maui Brewing Company,Lahaina,HI
1308,547.0,La Perouse White,Witbier,45.923390451864485,0.24405837932400792,12.0,375,Maui Brewing Company,Lahaina,HI
1309,2499.1269822689355,Flyin' HI.P.Hay,American IPA,12.0,0.068,68.0,375,Maui Brewing Company,Lahaina,HI
1310,313.0,Mana Wheat,American Pale Whe$a@@t Ale,12.0,0.055,15.0,375,Maui $$Brewing Company,Lahaina,HI
1311,193.82873393196598,Bikini Blonde Lager,Munich Helles@@ La??ger,48.35412268475771,0.045,18.0,375,Maui Brewing Company,Lahaina,?$?HI
1312,32.0,CoCoNut Porter,American Porter,43.260510879999785,0.057,30.0,375,Maui Brewing Company,Lahaina,HI
1313,31.0,Big Swell IPA,American IPA,58.07348913416797,0.062,65.0,375,Maui Brewing Company,Lahaina,HI
1314,1237.0,Pit Stop Chocolate Porter,American Porter,12.0,0.037,34.0,448,Mavericks Beer Company,Half Moon Bay,CA##
1315,1236.0,Pace Setter Belgian Style Wit,Witbier,12.0,0.037,21.0,448,Mavericks Beer Company,Half Moon Bay,#C$A
1316,1047.0,Back in the Saddle Rye Pale Ale,American Pale ??Ale (APA),12.0,0.037,314.67749537072257,448,Mavericks Beer Company,Half Moon Bay,CA
1317,1986.0,Bushwhacker Cider,Cider,16.0,0.069,,893.1484593557786,Meckley'#s Cidery,Somerset Center,MI
1318,1985.0,Weim-R-Iner,Cider,16.0,0.069,,254,Meckley's Cidery,Somerset Center,MI
1319,1984.0,Cherry Bomb,Cider,16.0,0.069,,254,Meckley's Cidery,Somerset Center,MI
1320,2186.0,Tsunami IPA,American IPA,19.2,0.072,75.0,203,Mehana Brewing Co.,Hilo,HI
1321,2185.0,Tsunami IPA,Americ??an IPA,12.0,0.072,75.0,203,Mehana Brewing Co.,Hilo,HI
1322,2184.0,Humpback Blonde Ale,American Blonde Ale,12.0,0.042,22.0,203,Mehana Brewing Co.,Hilo,HI
1323,2178.0,Hawaiian Crow Porter,American Porter,12.0,0.20640995393554593,27.0,203,Mehan$a Brewing C%o.,Hilo,HI
1324,2177.0,Volcano Red Ale,American Amber / Red Ale,69.91996148651555,0.052,23.0,203,Mehana ??Br$ewing Co.,Hilo,HI
1325,2176.0,Mauna Kea Pale Ale,American Pale Ale (APA),38.04964541186416,0.24001475541497252,196.79230352687128,203,Mehana Brewing Co.,Hilo,HI
1326,1508.0,Shark Bait,Fruit / Vegetable Beer,12.0,0.1937756896707503,11.0,393,Miami Brewing Company,Miami,FL
1327,1507.0,Ga@@tor Tail Brown Ale,Americ%an Brown $Ale,12.0,0.053,30.0,393,Miami Brewing Company,Miami,FL
1328,8593.648830099648,Miami Vice IPA,American IPA,12.0,0.071,253.67026105865557,393,Miami Brewing Company,Miami,FL
1329,1325.0,Big Rod Coconut Ale,American Blonde Ale,12.0,0.053,16.0,1318.2106596067347,Miami Brewing Company,Miami,FL
1330,174.0,Mickey Finn's Amber Ale,American Amber / Red Ale,12.0,0.056,,552,Mickey Finn's Brewery,Libertyville,IL
1331,2093.0,Pleasure Town,American IPA,12.0,0.063,61.0,931.2433495051827,Midnight Sun Brewing Company,Anchorage,$AK
1332,1814.0,P@@leasure Town IPA,American IPA,12.0,0.063,61.0,223,Midnight Sun Brewing Company,Anchorage,AK
1333,587.0,Snowshoe White Ale,Witbier,36.98268732395134,0.27344292279067917,12.0,223,Midnight Sun Brewing Company,Anchorage,AK
1334,586.0,Kodiak Brown Ale,American Brown Ale,12.0,0.05,24.0,223,Midnight Sun Brewing Company,Anchorage,AK
1335,2580.3888398281465,Sockeye Red IPA,American IPA,12.0,0.057,70.0,982.5953122718082,Midnight Sun Brewing Company,Anchorage,AK
1336,2668.0,Habitus (2014),American Double / Imperial IPA,16.0,0.31169400783833723,100.0,3,Mike Hess Brewing Company,San Diego,@@CA#
1337,2667.0,Solis,American IPA,16.0,0.075,85.0,3,Mike Hess Brewing Company,%San Diego,CA
1338,2666.0,Jucundus,Wheat Ale,16.0,0.06,24.0,3,Mike Hess Brewing Company,San Diego,CA
1339,2664.0,Habitus,American Double / Imperial IPA,57.14730830110931,0.08,100.0,9.038979126671649,Mike Hess Brewing Company,San Diego,CA
1340,13460.28807613948,Grazias,Cream Ale,16.0,0.063,30.0,3,Mike Hess Brewing Company,San Diego,C????A
1341,2662.0,??Clarita%s,Kölsch,16.0,0.058,28.0,3,Mike H@@ess Brewing Company,San Diego,CA
1342,14241.27043366459,Vinyl Frontier,American Double / Imperial IPA,24.0,0.38947858432795407,,65,Mikerphone Brewing,Chicago,IL
1343,2534.0,Disco Superfly,American IPA,24.0,0.4082068030108532,,65,Mikerphone Brewing,Chicago,IL
1344,2533.0,Misty Mountain Hop,American IPA,24.0,0.075,,65,Mikerphone Brewing,Chicago,IL
1345,2532.0,One-Hit Wonderful,Belgian IPA,131.4375678743172,0.075,,65,Mikerphone Brewing,Chicago,IL
1346,2531.0,En Parfaite Harmonie,Saison / Farmhouse Ale,24.0,0.065,,65,Mikerphone Brewing,Chic??ago,IL
1347,2530.0,Daft Funk,Berliner Weissbier,116.47500292401503,0.043,8.0,65,Mikerphone Brewing,Chicago,IL
1348,2529.0,Love In An Ellavator,American IPA,24.0,0.075,,65,Mikerphone Brewing,Chicago,IL
1349,2528.0,Spin Doctor,American Pale Ale (APA),24.0,0.2779421836389933,,65,Mikerphone Brewing,Chicago,IL
1350,1612.0,Keeper (Current),Ame#ric@@an Pilsner,12.0,0.05,,363,Mikkeller,Pottstown,PA
1351,1611.0,Better Half,American IPA,45.22553376722884,0.068,,363,Mikkeller,Pottstown,PA
1352,1273.0,SNO White Ale,Witbier,70.50399457903006,0.048,,440,MillKing It Productions,Royal Oak,MI
1353,365.0,BRIK Irish Red Ale,Irish Red Ale,16.0,0.048,,440,MillKing It Productions,Royal Oak,MI
1354,1444.6617257640194,AXL Pale Ale,American Pale Ale (APA),16.0,,,440,Mi??llKing It Productions,Royal Oak,MI
1355,1884.0,Hop Freak,American Double / Imperial IPA,16.0,0.087,80.0,284,Milw??aukee Brewing Co%mpany,Milwaukee,W@@I@@
1356,1272.0,Louie's Demise Amber Ale,American Amber / Red Ale,90.96390059984404,0.051,24.0,284,Milwaukee Brewing Company,Mil%waukee,WI
1357,1080.0,Hop Happy,American IPA,16.0,0.075,51.0,1349.891223416672,Milwau%kee% Brewing Company,Milwaukee,WI
1358,932.0,Booyah Farmhouse Ale,Saison / Farmhouse Ale,16.0,0.065,90.9890191498761,284,Milwaukee Brewing Company,Milwaukee,WI
1359,776.0,O-Gi@@i,Witbier,16.0,0.4534420634355486,,284,Milwaukee Brewing Company,Milwaukee,WI
1360,172.0,Flaming Damsel Lager (2010),Vienna Lager,16.0,0.048,18.0,284,Milwaukee Brewing Company,Milwaukee,WI
1361,171.0,Louie’s Demise Immort-Ale (2010),American Amber / Red Ale,16.0,0.051,24.0,1216.0949922078662,Milwauke$e Brewing Company,Milwaukee,WI#
1362,2361.0,Axe Head?? Malt Liqu$or,American Mal$t Liquor,24.0,0.099,,134,Minhas Craft Brewery,M$onroe,WI
1363,2359.0,Huber Bock (2014),Bock,49.58640403460515,0.054,,134,Minhas Craft Brewery,Monroe,WI
1364,2358.0,Minhas Light (2012),Light Lager,12.0,0.04,,134,Minhas Craft Brewery,Monroe,WI
1365,2282.0,Huber,#American Pale $Lager,12.0,0.05,,134,Minhas Craft B??rewery,Monroe,WI
1366,2281.0,Clear Creek Ice,American Pale Lager,16.0,0.062,,134,M$inhas Craft Brewery,Monroe,WI
1367,2280.0,Clear Creek Ice,American Pale Lager,12.0,0.062,,763.1089251020273,Minhas Craft Brewery,Mon$roe@@,WI
1368,2279.0,Mountain Crest,American Pale Lager,16.0,0.055,,134,Minhas Craft Brewery,Monroe,WI
1369,6935.660611949946,Mountain Crest,American Pale Lager,12.0,0.3054655962511742,,578.4643660508167,Minhas Craft Brewery,Monroe,??WI#
1370,2277.0,Mountain Creek (2013),American Pale Lager,12.0,0.055,,134,Minhas Craft Brewery,Monroe,#W$I
1371,2276.0,Boxe??r,American Adjunct Lager,24.0,0.05,,134,Minhas Craft Brewery,Monroe,WI
1372,2275.0,Boxer Ligh?%?t,Light Lager,12.0,0.042,,134,M@@inhas Craft Brewe%ry,Monroe,WI
1373,2274.0,Boxer Ice,American Adjunct Lager,12.0,0.055,,134,Minhas Craft Brewery,Monroe,WI
1374,10157.580578512328,Boxer,American Adjunct Lager,12.0,0.05,,134,Minhas Craft Brewery,Monroe,WI
1375,2442.0,Cortez Gold,Belgian Pale Ale,32.0,0.05,,98,Mission Brewery,San Diego,CA
1376,2441.0,Mission IPA,American IPA,32.0,0.068,66.0,98,Mission Brewery,San Diego,CA
1377,7532.118574274278,El Conquistador Extra Pale Ale,American Pale Ale (APA),32.0,0.048,44.0,98,Mission Brewery,San Diego,CA
1378,1459.0,Shipwrecked Double IPA,American Double / Imperial IPA,32.0,0.092,75.0,98,Mission Brewery,San Diego,CA
1379,5663.036644870093,Squeaky Bike Nut Brown Ale,American Brown Ale,16.0,0.04,,399,Moab Brewery,Moab,UT
1380,902.0,Dead Horse Amber,@@American Pale Wheat Ale,16.0,0.04,,399,Moab Brewery,Moab,UT
1381,645.0,Rocket Bike American Lager,California Common / Steam Beer,16.0,0.21829047306243035,,399,Moab Brewery,Moab,UT
1382,644.0,Johnny's American IPA,American IPA,16.0,0.04,,1670.2350551821296,Moab Brewery,Moab,??UT@@
1383,337.0,Boneshaker ??Brown Ale,English# #Brown Ale,24.0,0.055,,547,Moat Mountain Smoke House & Brew...,North Conway,NH
1384,336.0,Iron Mike Pale Ale,American Pale Ale (APA),24.0,0.056,,1652.3169992918256,Moat Mountain Smoke House & Brew...,North Conway,N#H
1385,2236.0,Monkadelic,American Pale Ale (APA),12.0,0.14030485986615535,,189,Modern Monks Brewery,Lincoln,NE
1386,11558.360358137916,City of the Sun,American IPA,48.15295309421048,0.075,85.0,209,Modern Times Beer,San Diego,#CA
1387,2157.0,Boomin%g Rollers,American IPA,90.48538652323433,0.068,275.5562089814756,209,Mo@@dern Times Beer,San Diego,CA
1388,2156.0,One@@ida,American Pale Ale (APA),84.14984365780091,0.052,50.0,209,Modern Times Beer,San Diego,CA
1389,10580.14611739588,Aurora,American Amber / Red Ale,16.0,0.36815609060957005,75.0,209,Modern Times Beer,San Diego,CA
1390,1495.0,Lomaland,Saison / Farmhouse Ale,16.0,0.055,30.0,209,Modern Times Beer,San Diego,CA
1391,1494.0,Fortunate Islands,American Pale Wheat Ale,16.0,0.2633512958456596,46.0,209,Modern Times Beer,San #Diego,CA
1392,1493.0,Black House,American Stout,16.0,0.058,40.0,209,Modern Times Beer,San Diego,CA
1393,1492.0,Blazing World,American Amber / Red Ale,16.0,0.065,115.0,1106.9938943479985,Modern Times Beer,San Diego,C@??@A
1394,327.0,Wapiti Amber Ale,American A@@mber / Red A??le,12.0,0.05,,549,Mogollon Brewing Company,F??l??agstaff,AZ
1395,719.0,Sweet Georgia Brow@@%n,American Brown Ale,57.30344165487247,0.054,,1921.0877290944634,Monk%ey Paw Pub & Brewery,San Diego,CA
1396,718.0,Rich Man's IIPA,American Double / Imperial IPA,16.0,0.087,,514,Monkey Paw Pub & Bre%wery,San Diego,CA
1397,717.0,Monkey Paw Oatmeal Pale Ale,American Pale Ale (APA),16.0,0.20299136993397174,,514,Monkey Paw Pub & Brewery,San Diego,CA
1398,1907.0,%Montauk Summer $Ale,American Blonde Ale,12.0,0.056,28.0,276,Montauk Brewing Company,Mo??ntauk??,NY
1399,1906.0,Driftwo#od Al@@e,Extra Special / Strong Bitter (ESB),12.0,0.06,49.0,276,Montauk Brewing Company,Mon@@ta%uk,NY
1400,5536.859941623903,When Helles Freezes Over,Munich Helles Lager,12.0,0.056,18.0,326,Morgan Street Brewery,Saint L%oui??s,MO
1401,1617.0,Morgan Street Oktoberfest,Märzen / Oktoberfest,12.0,0.049,24.0,326,Morgan Street Brewery,Saint Louis,MO
1402,1052.0,Honey Wheat,American Pale Wheat Ale,12.0,0.047,14.0,326,Morg??an Street Brewery,Saint Louis,MO
1403,1051.0,Black Bear Dark Lager,Schwarzbier,12.0,0.046,24.0,1866.3167247658375,Morgan S#treet Brewer@@y,Saint Louis,MO
1404,1046.0,Golden Pilsner,German Pilsener,12.0,0.05,35.0,326,Morgan Street Brewery,Saint Louis,MO
1405,2413.0,Cali Creamin',Cream Ale,12.0,0.052,21.0,111,Mother Earth Brew Company,Vista??,CA
1406,419.0,Second Wind Pale Ale,American Pale Ale# (APA),12.0,0.05,,540,Mother Earth Brewing Company,Kinston,NC
1407,408.0,Sunny Haze,Hefeweizen,12.0,0.05,,540,Mother Earth% Brewing Company,Kinston,NC
1408,2237.0,Towhead,American Blonde A??le,12.0,0.1733199524737102,66.64029495647792,188,Mother's Brewing,Springfield,MO
1409,2208.0,Lil' Helper,A$meric??an IPA,12.0,0.07,70.0,577.5093109505202,Mother's Brewing,Springfield,MO
1410,1952.0,Train Wreck,American Amber / Red Ale,16.0,0.082,,260,Mountain Town Brewing Company,Mount Pleasant,MI
1411,768.0,Full Moon Belgian?? #White Ale,@@Witbi#er,12.0,0.085,,507,Mudshark Brewing Company,Lake Havasu City,AZ
1412,3438.104763926346,Desert Magic IPA,American IPA,12.0,0.072,,507,Mudshark Brewing Company,Lake Havasu City,AZ
1413,1276.7693824253492,Up River Light,Light Lager,12.0,0.042,,507,Mudshark$ Brewing Comp@@any,Lake Havasu City,AZ
1414,132.0,Full Moon Belgian White Ale (2007),Witbier,12.0,0.085,,507,Mudshark Brewing Company,Lake Havasu City,AZ
1415,131.0,Dry Heat Hefeweizen (2006),Hefeweizen,58.50939454572061,0.055,,2121.344424163265,Mudshark Br$ewing Company,Lake Havasu City,AZ
1416,1598.0,Mustang Sixty-Six,American Amber / Red Lager,12.0,0.05,,366,Mustang Brewing Company,Mustang,OK
1417,862.0,Mustang '33,American Pale Lager,12.0,0.04,,1854.1517035447039,Mu@@$stang Brewing Company,Mustang,OK
1418,2158.122983302137,Session '33 (2011),American Pale Lager,54.456752573322234,0.04,,366,Mustang Brewing Company,Mustang,OK
1419,421.0,Mustang Golden Ale,American Blonde Ale,12.0,0.053,10.0,1250.5250690497364,Mu#stang Brewing Co@@mpany,Mustang,OK
1420,420.0,Washita# ??Wheat,American Pale Wheat Ale,12.0,0.053,14.0,366,Must%@@ang Brewing Company,Mustang,OK
1421,2345.0,Gansett Light,Light Lager,16.0,0.037,10.0,670.5842064388654,Narragansett Brewing Company,Providence,RI
1422,2224.0,#Bohe%mian Pils,American Pilsner,16.0,0.052,30.0,143,Narragansett Brewing Company,Providence,RI
1423,9980.0545691773,Autocrat Coffee Milk Stout,Milk / Sweet Stout,16.0,0.053,30.0,777.4686929085802,Narragansett Brewing Company,Pr??ovidence,RI
1424,1291.0,Narragansett Bohem#ian Pilsne$r,German Pilsener,16.0,0.086,35.0,143,Narragansett Brewing Company,Providence,RI
1425,1093.0,Narragansett Summer Ale,American Pale Wheat Ale,12.0,0.042,24.0,143,Narragansett Brewing Company,Providence,??R@@I
1426,580.0,Narragansett Cream Ale,Cream Ale,16.0,0.05,22.0,797.5051590179505,Narragansett Brewing Company,Providence,RI
1427,1360.099668088631,Narragansett Summer Ale,American Pale Wheat Ale,16.0,0.042,24.0,143,Narragansett Brewing Company,Providence,RI
1428,316.0,Narragansett Porter,American Porter,16.0,0.07,22.0,143,Narragansett Brewing Company,Providence,RI
1429,315.0,Narragansett Bock,Bock,16.0,0.065,32.0,143,Narragansett Brewing Company,Providence,RI
1430,314.0,Narragan@@sett F??est Lager,Märzen / Oktoberfest,16.0,0.055,83.3600043025166,143,Narragansett Brewing Company,Provide%nc@@e,RI
1431,1537.0,Undun Blonde Ale,American Blonde Ale,16.0,0.053,,387,Natian Brewery,Portland,OR
1432,1536.0,CuDa Cascadian Dark Ale,American Black Ale,16.0,0.074,,387,Natian Brewery,Portland,OR
1433,1265.0,Old Grogham Imperial India Pale Ale,American Double / Imperial IPA,16.0,0.085,86.0,2120.4595678814803,Natian Brewery,Portland,OR
1434,747.0,Old Grogham Imperial India Pal@@e Ale (2012%),American Double / Imperia%l IPA,91.38624827603954,0.085,86.0,2029.2510477033295,Natian Brewery,Portland,OR
1435,746.0,CuDa Cascadian Dark Ale (2012),American Black Ale,16.0,0.074,,387,Natian Brewery,Portland,OR
1436,654.0,Undun Blonde Ale (2012),American Blonde Ale,16.0,0.053,,387,Natian Brewery,Portland,OR
1437,1705.0,Wick For Brains,Pumpkin Ale,12.0,0.061,37.31036974585648,337,Nebraska Brewing Company,Papillion,#NE@@
1438,1148.0,Nebraska India Pale Ale,American IPA,12.0,0.065,65.0,337,Nebraska Brewing Company,P??apilli$on,NE
1439,1147.0,EOS Hefeweizen,Hefeweizen,12.0,0.15290165465580993,10.0,337,Nebraska Brewing Company,Papillion,NE
1440,1146.0,Brunette Nut Brown Ale,English Brown Ale,12.0,0.048,15.0,337,Nebraska Brewing Company,Papillion,NE
1441,1145.0,Cardinal Pale Ale,Am%erican Pale Ale ??(APA),12.0,0.18963912900871024,126.14394797114566,337,Nebraska Brewing Company,Papillion,NE
1442,1758.0,County Line IPA,American IPA,12.0,0.066,,1371.436773535559,Nesham%iny?? Creek Brewing Company,Croydon,PA
1443,1757.0,Trauger Pilsner,Germa%n $Pilsener,12.0,0.2733933725847202,,325,Neshaminy Creek Brewing Company,Cro%ydon,PA
1444,13210.8540685156,Slow Ride,American IPA,12.0,0.045,40.0,417.7665519382577,New Belgium Brewing Company,Fort Collins,CO
1445,9519.136886672351,Ranger IPA,American IPA,12.0,0.065,70.0,82,New Belgium Brewing Company,Fort Collins,%CO
1446,1987.0,Shift,American Pale Lager,12.0,0.28931084917263067,29.0,82,New Belgiu#m Brewing Company,Fort Co??llins$,CO
1447,1978.0,1554 Black Lager,Euro Dark L@@ager,41.50036417267968,0.056,21.0,82,New Belgium Brewing Company,%Fort Collins,CO
1448,10541.841804421712,Blue Paddle,Czech Pilsener,12.0,0.048,,82,New Belgium Brewing Company,Fort Collins,CO
1449,1737.0,California Route,American Amber / Red Lager,12.0,0.055,,82,New Belgium Brewing Company,Fort Col$l??ins,??CO$
1450,1707.0,Snapshot,American Pale Wheat Ale,53.5081821853194,0.052,,82,New Belgium Brewing Company,Fort Collins,CO$
1451,1690.0,Sunshine Wheat Beer,American Pale Wheat Ale,12.0,0.048,,82,New Belgium Brewing Company,Fort Collins,CO
1452,7220.162021356966,Fat Tire Amber Ale,American Amber / Red Ale,12.0,0.25054565176913174,18.0,82,New Belgium Brewing Company,Fort Collins,CO
1453,4295.258365355919,Shift (1),American Pale Lager,12.0,0.05,29.0,82,New Belgium Brewing Company,Fort Collins,CO
1454,2363.9544841505817,Fat Tire Amber Ale (2011),American Amber / Red Ale,12.0,0.052,18.0,82,New Belgium Brewing Company,Fort Collins,CO
1455,578.0,Sh$@@ift,American Pale Lager,16.0,0.05,29.0,82,New Belgium Brewing Company,Fort Collins,CO
1456,564.0,Ranger IPA,American IPA,16.0,0.065,70.0,82,New Belgium Brewing Company,Fort Collins,CO
1457,563.0,Fat Tire Amber Ale,American Amber / Red Ale,16.0,0.052,18.0,82,New Belgium Brewing Company,Fort Collins,CO
1458,115.0,Ranger IPA (Current),American IPA,49.69101700083689,0.065,70.0,82,New Belgium Brewing Company,Fort Collins,CO
1459,72.0,Sunshine Wheat Beer (2009),American Pale Wheat Ale,12.0,0.048,,396.67214635825235,New Belgium Brewing Company,Fort Collins,#CO@@
1460,308.9133072644439,Fat Tire Amber Ale (2008),American Amber / Red Ale,12.0,0.052,18.0,82,New Belgium Brewing Company,Fort Collins,CO
1461,1417.0,Weiss Trash Culture,Berliner Weissbier,12.0,0.034,34.59401596419534,410,New England Brewing Company,Woodbridge,CT
1462,885.0,Sea Hag IPA,American IPA,12.0,0.3677340648178662,,2337.16483164021,New England Brewing Company,Woodbridge,CT
1463,884.0,Elm City Pilsner,American Pilsner,12.0,0.05,,410,New England Brewing Company,Woodbridge,CT
1464,757.0,Atlantic Amber Ale (2004),American Amber / Red Ale,12.0,0.05,,410,New England Brewing Company,Woodbridge,CT
1465,568.0,668 Neighbor of the Beast12 oz.,Belgian Pale Ale,12.0,0.5175703568639525,,410,New England Brewing Company,Woodbridge,CT
1466,320.0,Gandhi-Bot Double IPA (12 oz.),American Double / Imperial IPA,12.0,0.088,85.0,1678.5576788596163,New England Brewing Company,Woo??dbri$dge,CT
1467,43.0,668 Neighbor of the Beast (16 oz.) (2010),Belgian Pale Ale,16.0,0.09,,410,New England Brewing Company,Woodbridge,C%T
1468,42.0,Gandhi-Bot Double IPA (16 oz.) (2010),American Double / Imperial IPA,16.0,0.088,85.0,410,New England Brewing Company,Woodbridge,CT
1469,143.2197597894706,Elm City Lager (2007),American Pilsner,12.0,0.05,,410,New England Brewing Company,Woodbridge,CT
1470,40.0,Atlantic Amber Ale (2007),American Amber / Red Ale,12.0,0.05,,410,New England Brewing Company,Woodbridge,CT
1471,39.0,Sea Hag IPA (Current),American IPA,12.0,0.062,,410,New England Brewing Company,Woodbridge,CT
1472,2272.0,Rebirth Pale Ale,American Pale Ale (APA),12.0,0.05,,174,New Orleans Lager & Ale Brewing ...,New Orleans,LA
1473,1582.0,Irish Channel Stout,American Stout,16.0,0.068,,707.9016215919655,New Orleans Lager & Ale Brewing ...,New Orleans,LA
1474,1114.0,MechaHopzilla,American Double / Imperial IPA,48.75075800636004,0.088,,617.1701492432119,New Orleans Lager & Ale Brewing ...,New Orleans,LA
1475,486.0,Hopitoulas IPA,American IPA,16.0,0.065,,573.405213583499,New Orleans Lager & Ale Brewing ??...,New Orleans,LA
1476,485.0,NOLA Brown Ale,English Dark Mild Ale,12.0,0.039,,174,New Orleans Lager & Ale Brewing ...,New Orleans,LA@@
1477,484.0,NOLA Blonde Ale,American Blonde Ale,12.0,0.049,,174,New Orlea@@n$s Lager & Ale Brewing ...,New Orleans,LA
1478,11118.18021161214,Skylight,Dunkelweizen,12.0,0.056,94.72106536310986,241,New Republic Brewing Company,College Station,TX
1479,2042.0,K$adigan$,American Blonde Ale,12.0,0.056,30.0,241,New Republic Brewing Company,College Station,TX
1480,10240.377790991874,Dammit Jim!,American% Amber / Red Ale$,12.0,0.052,50.0,241,New Republic Brewing Company,College Station,TX
1481,646.0,Nut Brown Ale,English Brown Ale,12.0,0.2870627604973275,,518,New South Brewing Company,Myrtle Beach,SC
1482,165.0,White Ale,Witbier,12.0,0.046,,518,New South Brewing Company,Myrtle Beach,SC
1483,2050.0,Cream Ale,Cream Ale,12.0,0.042,35.0,238,Newburgh Brewing C$ompany,Newburgh,NY
1484,915.0,Green Head IPA,American IPA,12.0,0.072,,495,Newburyport Brewing Company,Newburyport,MA
1485,914.0,Plum Island Belgian White,Witbier,12.0,0.054,,495,Newburyport Brewing Company,Newburyport,MA
1486,913.0,Newburyport Pale Ale,American Pale Ale (APA),12.0,0.2507814363805189,,495,Newburyport Brewing Company,Newburyport,M@@A
1487,1811.0,Marblehead,American Amber #/ Red% Ale,16.0,0.055,,305,Night S??hift Brew#ing,Everett,MA
1488,1622.0,Jam Session,American Pale Ale (APA),16.0,0.051,31.0,1230.6580320491294,NoDa Brew$ing Company,Charlotte,NC
1489,1621.0,Hop Drop 'N Roll IPA,American IPA,16.0,0.22257484178915585,331.13023946450505,359,NoDa Brewing Company,Charlotte,NC
1490,1307.0,Paleo IPA,English India Pale Ale (IPA),12.0,0.24671386164948922,,431,North Country Brewing Company,Slippery Rock,PA
1491,1306.0,Buck Snort Stout,American Stout,12.0,0.061,,431,North Country Brewing Company,Slippery Rock,PA
1492,1305.0,Station 33 Firehouse Red,$Irish Red Ale,12.0,0.23414130810246134,,1843.6438385587062,North Country Brewing Company,Slippery Rock,PA
1493,1304.0,Slimy Pebble Pils,German Pilsener,12.0,0.045,,431,North Country Brewing Company,Slippery Rock,PA
1494,2692.0,Get Together,American I@@PA,16.0,0.045,50.0,0,NorthGate Brewing,Minneapolis,MN
1495,2691.0,Maggie's Leap,Milk / Sweet Stout,16.0,0.049,26.0,0,NorthGate Brewing,Minneapolis,MN
1496,2690.0,Wall's End,English Brown Ale,16.0,0.048,19.0,0,NorthGate Brewing,Minneapolis,MN
1497,2689.0,Pump#ion,Pumpkin Ale,75.1104800873243,0.26535761513515255,38.0,0.0,NorthGate Brewing,Minneapolis,MN
1498,2688.0,Stronghold,American Porter,16.0,0.06,25.0,0,North$$Gate Brewing,Minneapo??lis,MN
1499,2687.0,Parapet ESB,Extra Special / Strong Bitter (ESB),16.0,0.056,47.0,0,NorthGate Brewing,Minneapolis,MN
1500,1854.0,Blue Boots IPA,American IPA,16.0,0.3976582708261843,,293,Northampton Brewery,Northamtpon,#MA
1501,1227.0,Hoppy B%@@itch IPA,American IPA,16.0,0.063,,450,Northwest Brewing Company,Pacific,WA
1502,1226.0,Three Sk@@ulls Ale Pa%le Ale,American Pale Ale (APA),16.0,0.063,42.0,450,Northwest Brewing Company,Pacific,WA
1503,2219.86541011284,Walter's Premium Pilsener Beer,German Pilsener,12.0,0.045,,2534.446706213433,Northwoods Brewpub,Eau Claire,WI
1504,109.0,Floppin' Crappie,American Pale Wheat Ale,12.0,0.045,,529,Northwoods Brewpub,Eau Claire,WI
1505,1917.0,Left of the Dial IPA,American IPA,12.0,0.043,,271,Notch Brewing Company,Ipswich,MA
1506,1190.0,Notch Session Pils,Czech Pilsener,12.0,0.13962627763197366,,271,Notch Brewing Company,Ipswich,MA
1507,1264.0,O'Fallon Pumpkin Beer,Pumpkin Ale,12.0,0.055,,442,O'Fallon Brewery,O'Fallon,MO
1508,1258.0,5 Day IPA,American IPA,47.2563194211496,0.2039570532823053,66.0,1434.4014604300107,O'Fallon Brewery,O'F@@allon,MO
1509,128.0,O'Fallon Wheach,Fruit / Vegetable Beer,12.0,0.051,7.0,442,O'Fallon Brewery,O'Fallon,MO
1510,2331.0,??Watershed %IPA,American IPA,12.0,0.067,70.0,150,Oakshire Brewing,Eugene,OR
1511,1669.0,Oakshire Amber Ale,American Amber / Red# Ale,12.0,0.054,24.0,150,Oakshire Brewing,Eugene,O%%R
1512,6358.405161912969,Overca$st Espres@@so Stout,??American ??Stout,12.0,0.058,131.4983417517402,150,O??akshire Brewing,Eugene,OR
1513,999.0,Watershed IPA (2013),American IPA,12.0,0.067,70.0,150,Oakshire Brewing,Eugene,OR
1514,2247.0,Lake Monster,Baltic Porter,16.0,0.082,25.0,184,Oasis Texas Brewing Company,Austin,TX
1515,7207.249588729644,London Homesick Ale,English Bitter,12.0,0.1966252622278235,27.0,1088.4126785448416,Oasis Texas Brewing Company,Austin,TX
1516,2070.0,Luchesa Lager,Keller Bier / Zwickel Bier,12.0,0.17845948310291718,35.0,184,Oasis Texas Brewi??ng Co??mpany,Austin,TX
1517,2069.0,Slow Rid??e#,American Pale Ale (APA),12.0,0.048,35.0,184,Oasis Texas Brewing Company,Austin,TX
1518,2192.0,Occidental Hefeweizen,American Pale Wheat Ale,16.0,0.047,,200,Occidental Brewing Company,Portland,O@@R
1519,3598.168476660545,Occidental Dunkel,Dunkelweizen,16.0,0.051,,667.2862648013481,Occidental Brewing Company,Portland,OR
1520,1129.0,Occidental Altbier,$Al$tbier,16.0,0.05,,200,Occidental Brewing Company,Portland,OR
1521,1081.0,Occidental Kölsch,Kölsch,16.0,0.045,,200,Occidental Brewing Company,Portland,OR
1522,2335.0,Perpetual Darkness,Belgian Strong Dark Ale,12.0,0.092,363.6353835919675,148,Odyssey Beerwerks,Arvada,CO
1523,2334.0,Clan Warrior,Scotch Ale / Wee Heavy,12.0,0.5038011437313643,29.0,148,Odyssey Beerwerks,Arvad#a,$CO
1524,2333.0,Psycho Penguin Vanilla Porter,#American Porter,12.0,0.054,127.03473335127329,148,Odyssey Beerwerks,Arvada,CO
1525,1721.0,Heliocentric Hefeweizen,Hefeweizen,12.0,0.24466967213922164,,148,Odyssey Beerwerks,Arvada,CO
1526,1720.0,G#hose Drifte@@r Pale Ale,American Pale Ale (APA),12.0,0.051,,148,Odyssey Beerw#e#rks,Arvada,CO
1527,1431.0,Ghost Ride$r Pale Ale (2013#),American$ Pale Ale (APA),12.0,0.051,,148,Odyssey Beerwerks,Arv#ada,CO
1528,1430.0,Helios Hefeweizen (2013),Hefeweizen,12.0,0.25755429314107714,,148,Odyssey Beerwerks,Arvada,CO
1529,1059.0,The Hole in Hadrian's Wall,Scottish Ale,16.0,0.095,19.0,471,Okoboji Brewing Company,Spirit Lake,IA
1530,1058.0,33 Select Brown Ale,American Brown Ale,16.0,0.065,26.0,471,Okoboji Brewing Company,Spirit Lake,IA
1531,603.0,Midwest Charm Farmhouse Ale,Saison / Farmhouse Ale,16.0,0.06,29.0,471,O??koboji Brewing Company,Spir??it La$ke,IA
1532,602.0,Bo??ji Blue Pale Ale,American Pale Ale (APA),16.0,0.05,45.0,471,Okoboji Brewing Company,Spirit Lake,IA
1533,601.0,Winter Games Select #32 Stout,American Stout,16.0,0.057,26.0,471,Okoboji Brewing Company,Spirit Lake,IA
1534,600.0,$Boji Beach @@Golden Rye Ale,Ry%$e Beer,16.0,0.05,23.0,2331.335984279117,Okoboji Brewing Company,Spirit Lake,IA
1535,1828.0,Hopsmith Pale Lager,American Pale Lager,77.42347562089337,0.06,,301,Old Forge Brewing Company,Danville,PA
1536,1487.0,Falling Down Brown Ale,American Brown Ale,16.0,0.3463702354919954,65.0,301,Old Forge Brewing Company,Danville,PA
1537,1486.0,Resolution Rye Stout,American Stout,16.0,0.068,,301,Old Forge Brewing Company,Danv$i??lle,PA
1538,1485.0,Plowshare Porter,American Porter,16.0,0.055,,1430.0534306442808,Old Forge Brewing Company,Danville,PA
1539,1394.0,Old Forge Pumpkin Ale,Pumpk@@in Ale,63.27360141384689,0.046,20.0,301,Old Forge Brewing Company,Danville,PA
1540,1381.0,Endless Sun Ale,American Pale Wheat Ale,16.0,0.045,,1564.8664980573062,Old Forge Brewing Company,Danville,P??A??
1541,900.0,Celestial Blonde Ale,American Blonde Ale,16.0,0.065,,301,Old Forge Brewing Company,Danville,PA
1542,4655.153928167912,%Overbite?? IPA,American IPA,16.0,0.3305604009174414,,301,Old Forge Brewing Company,Dan??vi@@lle,PA
1543,509.0,T-Rail Pale Ale,American Pale Ale (APA),62.465966851163266,0.055,,1091.3593894800322,Old Forge Brewing Company,Danville,PA
1544,508.0,Endless Summer Ale (2011),American Pale Wheat Ale,16.0,0.048,,301,Old Forge Brewing Company,Danville,PA
1545,1530.0,Clem's Gold,American Pale Lager,16.0,0.053,,390,Orlison Brewing Company,Ai??rway ??Heights,WA
1546,1529.0,Lizzy's Red,American Amber / Red Lager,87.59943739970537,0.055,,390,Orlison Brewing Company,Airway Heights,WA
1547,1528.0,Orlison I??ndi??a Pale Lager,American$ Pal??e Lager,16.0,0.067,,390,Or%lison Brewing Company,Airway Heights,#W@@A
1548,1527.0,Brünette,Euro Dark Lager,16.0,0.042,,390,Orliso$n Brewi#ng Company,Airway Heights,WA
1549,1526.0,H$avan#üther,Light Lager,16.0,0.20530094045092412,,390,Orlison Brew??ing Company,Airway Heights,WA
1550,2113.0,Lyric Ale,Saison / Farmhouse Ale,64.30986320286137,0.065,,216,Orpheus @@Brewing#,Atlanta,G#A
1551,12144.681939971395,Atalanta,Saison / Farmhouse Ale,12.0,0.053,,216,Orpheus Brewing,Atlanta,GA
1552,2302.0,Pinner Throwback IPA,American IPA,12.0,0.049,35.0,166,Oskar Blues Brewery,Longmont,CO
1553,1883.0,Centennial State Pale #Ale,American Pale Ale (APA),19.2,0.052,,166,Oskar Blues Bre%wery,Longmont,CO
1554,1859.0,Old Chub NITRO,Scotch Ale / Wee Heavy,16.0,0.08,,166,O#skar Blues Br@@ewery,Longmont,CO
1555,1796.0,The CROWLER�?,169.37429694996737,,,166.0,Oskar Blues Brewery,Longm%@@ont,CO,
1556,1790.0,CAN'D AID Foundation,,12.0,,,166,Oskar Blues Brewery,Long@@mon%t,CO
1557,6522.538420115906,Icey.P.A.,American IPA,16.0,,,166,Oska%r Blues ??Brewery,Longmont,CO
1558,1751.0,One Nut Brown,English Brown A??le#,12.0,0.21416178333127298,,166,Oskar Blues Brewery,Longmont,@@CO
1559,1750.0,Birth IPA,American IPA,12.0,,,166,Oskar Blues Brewery,Longmont,CO
1560,1444.0,Dale's Pale Ale,American Pale Ale (APA),62.48320778852859,0.065,65.0,166,Oskar Blues Brewery,Longmont,CO
1561,1252.0,Dale's Pale Ale,American Pale Ale (APA),55.26934052535363,0.065,65.0,166,Oskar Blues Brewery,Longmont,CO
1562,1167.0,Mama's ??Little Yella Pils,Czech Pilsener,19.2,0.18608448156062532,35.0,166,Oskar Blues% Brewer$y,Longmont#@@,CO
1563,4767.677082755769,oSKAr the G'Rauch,American IPA,19.2,0.085,,166,Oskar Blues Brewery,Longmont,CO
1564,992.0,oSKAr the G'Rauch,American IPA,50.412243332664396,0.085,,166,Oskar Blues Brewery,Longmont,C#O
1565,955.0,Da@@le's Pale Al#e,American Pale Ale (APA),19.2,0.2654539754216359,65.0,166,Oskar Blues Brewery,Longmont,C@@O@@
1566,933.0,The Deuce,American Brown Ale,48.68180882832135,0.07,,166,Oskar Blues Brew$ery,Longmont,????CO
1567,892.0,Dale's Pale Ale (10 Year Anniversary),American Pale Ale (APA),12.0,0.065,65.0,790.4860213077164,Oskar Blues Brewery,Longmont,CO
1568,828.0,Dale's Pale Ale$ (2012),American Pale Ale (APA),12.0,0.065,65.0,166,Oskar Blues Brewery,Longmont,CO
1569,3152.7122696858064,Gordon Imperial Red (2010),American Double / Imperial IPA,12.0,0.087,85.0,166,Oskar Blues Brewery,Longmont,CO
1570,755.0,Dale's Pale Ale (2011),American Pale Ale (APA),12.0,0.30751372115763353,65.0,739.7275417292573,Oskar Blues Brewery,Longmont,CO
1571,3635.0976605532314,Dale's Pale Ale (2010),American Pale Ale (APA),12.0,0.065,65.0,166,Oskar Blues Brewery,Lo?@@?ngmont,CO
1572,2396.8523810184183,G'KNIGHT (16 oz.),American Double / Imperial IPA,16.0,0.087,85.0,166,Oskar Blues Brewery,Longmont,CO
1573,720.0,15th Anniversary Abbey Ale (2012),Belgian Dark Ale,16.0,0.09,,166,Oskar Bl#ues Brewery,Longmont,CO
1574,661.0,Chaka,Belgian Strong Pale Ale,16.0,0.08,,613.6349829993355,Oskar B%lu@@es Brewery,Longmont,CO
1575,585.0,HGH (Home Grown Hops): Part Duh,American Strong Ale,12.0,0.3677778615181687,70.0,166,Oskar Blues Brewery,Longmont,CO
1576,2599.303242040349,Deviant% Da$le's IPA,American Double / Imperial IPA,16.0,0.3235585254650135,,166,Oskar Blues Brewery,Longmont,CO
1577,2031.2283760138998,One# H@@it Wonder,American Double / Imperial IPA,12.0,0.09,60.0,166,Oskar Blues Brewery,Longmont,CO
1578,388.0,G'KNIGHT (12 oz.),American Double / Imperial IPA,12.0,0.39968835963982446,85.0,166,Oskar Blues Brewery,Longmont,CO
1579,8.0,Ten Fidy Imperial Stout,Russian Imperial Stout,12.0,0.099,98.0,166,Oskar Blues Brewery,Longmont,CO#??
1580,27.604758612038378,Mama's Little Yella Pils,Czech Pilsener,57.59959567817032,0.053,35.0,166,Oskar Blues Brewery,Longmont,CO
1581,6.0,GUBNA Imperial IPA,American Double / Imperial IPA,12.0,0.099,100.0,166,Oskar Blues Brewery,Longmont,CO
1582,5.0,Old Chub,Scottish Ale,48.62193139854436,0.31688383596931313,35.0,166,Oskar Blues Brewery,Longmont,CO
1583,4.0,Gordon Ale (2009),American Double / Imperial IPA,12.0,0.087,85.0,838.7029970639879,Oskar Blues Brewery,Longmont,CO
1584,1.0,Dale's Pale Ale,American Pale Ale (APA),12.0,0.065,65.0,166,Oskar Blues Brewery,Longmont,CO
1585,805.0,Gordon (2005),American Double /# Im@@perial IPA,12.0,0.092,85.0,503,Oskar Blues Brewery,Lyons,CO
1586,4207.294769858022,Ten Fidy Imperial Stout (2008),Russian Imperial Stout,45.917443830154895,0.4064192471552232,98.0,503,Oskar@@ Bl@@ues Brewery,Ly#ons,CO
1587,803.0,Ten Fidy Imperial Stout (2007),Russian Imperial Stout,12.0,0.099,98.0,2562.2216017868964,Oskar Blu$es Brewery,Lyons,CO
1588,787.0,Old Chub (2008),Scottish Ale,12.0,0.08,35.0,503,Oskar Blues Brewery,Lyons,CO
1589,3227.0187589754014,Old Chub (2004),Scottish Ale,12.0,0.08,35.0,503,Oskar Blues Brewery,Lyons,CO
1590,785.0,Old Chub (2003),Scottish Ale,12.0,0.08,123.51295657850665,503,Oskar Blues Brewery,Lyons,CO
1591,745.0,Dale's Pale Ale (2008),American Pale Ale (APA),12.0,0.065,65.0,503,Oskar Blues Brewery,Lyons,CO
1592,744.0,Dale's Pale Ale (2006),American Pale Ale (APA),12.0,0.065,65.0,1844.9040364215616,Oskar Blues Brewery,Lyons,CO
1593,743.0,Da%le's Pale Ale (2004),American Pale Ale (APA),12.0,0.065,65.0,503,Oskar Blues Brewery,Lyons,CO
1594,742.0,Dale's Pale Ale (2003),American Pale Ale (APA),60.17841499903011,0.065,65.0,503,Oskar Blues Brewery,Lyons,CO
1595,741.0,Dale's Pale Ale (2002),American Pale Ale (APA),12.0,0.065,65.0,503,Oskar Blues Brewe??ry,Lyons,CO
1596,734.0,Leroy (2005),American Brown Ale,12.0,0.052,,503,Oskar Blues Brewery,Lyons,CO
1597,733.0,Gordon Beer (2006),American Double / Imperial IPA,12.0,0.087,60.0,503,Oskar Blues Brewery,Lyons,CO
1598,1533.0,G'KNIGH??T,American Double / Imperial IPA,12.0,0.087,85.0,389,Oskar Blues Brewery (North Carol#@@...,Brevard,NC
1599,1532.0,Ten Fidy,Russian Imperial Stout,46.409453541575914,0.099,98.0,389,Oskar Blues Brewery (North Carol...,Brevard,NC
1600,1328.0,Deviant Dale's IPA,American D$ouble / Imperial IPA,16.0,0.08,85.0,389,Oskar Blues Brewery (North Carol...,Brevard,NC
1601,1175.0,Old Chub,Scottish Ale,12.0,0.08,35.0,1964.0798335762734,Oskar Blues Brewery (North Carol...,Brevar#d#,NC%??
1602,1166.0,Dale's Pale Ale,American Pale Ale (APA),19.2,0.065,65.0,389,Oskar Blues Brewery (North Carol...,Brevard,NC
1603,1065.0,Dale's Pale Ale,American Pale Ale (APA),12.0,0.065,65.0,389,Os@@%kar Blues Brewery (North Carol...,Brevard,NC
1604,7265.426668758462,Fresh Slice White IPA,American White IPA,12.0,0.055,45.0,932.1695101176063,Otter Creek Brewing,Middlebury,VT
1605,1946.0,Overgrown American Pale Ale,American Pale Ale (APA),12.0,0.055,55.0,261,Otter Creek Brewing,Waterbury,VT
1606,9764.658859997957,Ozark American Pale Ale,American Pale Ale$ %(APA),12.0,0.04,39.0,259,Ozark Beer Company,Rogers,AR
1607,1684.0,Hula Hoppie Session IPA,American IPA,12.0,0.048,,341,Palisade Brewing Company,Palisade,CO
1608,927.0,Dirty Hippie Dark Wheat,A#merican Dark?? Wheat Ale,12.0,0.053,,341,Palisade Brewing Company,Palisade,CO
1609,4943.395267073551,Rustic Red,Irish Red Ale,16.0,0.2915564472896658,128.71179535485712,441,Pateros Creek Brewing Company,Fort Collins,CO
1610,697.0,Stimulator Pale Ale,American Pale Ale (APA),16.0,0.053,197.83654847820137,441,Pateros Creek Brewing Company,Fort Collins,??CO
1611,3462.255363754092,Old Town Ale,Kölsch,16.0,0.045,22.0,441,Pateros Creek Brewing Company,Fort Collins,CO
1612,695.0,Car 21,English Bitter,16.0,0.044,163.18832184910562,441,Pateros Creek Brewing Company,Fort Colli??#ns,CO
1613,694.0,Cache La$ Porter,American Porter,16.0,0.05,24.0,441,Pateros Creek Brewing Company,Fort Collins,CO
1614,6375.233329886272,Rodeo Rye Pale Ale,American Pale Ale (APA),12.0,0.042,188.40588570813745,1618.2693970127827,Payette Brewing Company,G#arden City,ID
1615,1048.0,Outlaw IPA,American @@IPA,12.0,0.062,65.0,1266.7761469927498,Payette Brewing Company,Garden City,ID
1616,1043.0,North Fork% Lag%er,American Pale Lager,12.0,0.1392805720540465,,307,Payette Brewing Company,Garden Ci$??ty,ID
1617,890.0,Payette Pale Ale,American Pale Ale (APA),12.0,0.048,35.0,307,Payette Brewing Co#mpany,Garden City,ID
1618,775.0,Mutton Buster,American Brown Ale,12.0,0.055,25.0,307,Payette Brewing Company,Garden City,ID
1619,1087.0,Side Kick Kölsch,Kölsch,12.0,0.05,,468,Peace Tree Brewing Company,Knoxville,IA
1620,1931.0,Fresh Cut Pilsner,American Pilsner,12.0,0.17503410079659898,,266,Peak Organic Brewing %Co#mpany,Portland,ME
1621,1930.0,Summer Session Ale,American Pale Wheat Ale,12.0,0.05,61.0,266,Peak Organic Brewing Company,P$$ortland,ME
1622,2238.0,Lobo Lito,Light Lager,39.91124544543254,0.04,12.0,187,Pedernales Brewing Company,Fredericksburg,TX
1623,10128.416744569426,Robert Earl Keen Honey Pils,American Pilsner,12.0,0.05,17.0,187,Pedernales Brewing Company,Fredericksburg,T#X
1624,7679.044183706678,Mound Builder IPA,American IPA,12.0,0.065,77.0,205,P??eople's Brewing Company,Lafayette,IN
1625,2168.0,Amazon Princess IPA,American IPA,12.0,0.062,62.0,205,People's Brewing Company,L$afay$ette,IN
1626,1956.0,Fa@@rmer's Daughter %Wheat,American Pale Wheat Ale,12.0,0.042,,205,People's Brewing Company,Lafayette,IN
1627,5485.374192991007,People's Pilsner,German Pilsener,53.37291812755288,0.045,,205,People's Brewing Company,Lafayette,IN
1628,13359.326283066861,Hotbox@@ Brown,American Brown Ale,12.0,0.055,10.0,13,#Perrin Brewing Company,Comstock Park,MI
1629,2632.0,Gold,American Blonde Ale,12.0,0.048,15.0,55.922340409323226,Perrin Brewing Company,Comstock $Park,MI
1630,2631.0,B@@lac??k,American Black Ale,12.0,0.058,,13,Perrin Brewing Company,Comstock Park,MI
1631,2630.0,98 Problems (Cuz A Hop Ain't One),American IPA,12.0,0.313269370077118,196.45616676017247,13,Perrin Brewing Company,Comstock Park,MI@@
1632,2629.0,Veteran’s Pale Ale (VPA),A$merican Pale Ale (A??PA),12.0,0.05,40.0,13,Perrin Brewing Company,Comstock Park,MI
1633,2628.0,Grapefruit IPA,American IPA,49.499355798560906,0.19445663982202177,35.0,13,Perrin Brewing Company,Co??mstock?? Park,MI
1634,1062.0,Pete's ESP Lag??er (@@1998),American Pale Lager,12.0,0.22330059461278925,,470,Pete's Brewing Company,San Antonio,$@@TX
1635,3285.0157871231495,Pete's Wicked Summer Brew (1995),American Pale Wheat Ale,12.0,0.1975466646610436,,470,Pete's Brewing Company,San Anton??io@@,TX
1636,1060.0,Pete's Wicked Boh@@em@@ian Pilsner (1997),Czech Pilsener,12.0,0.049,,470,Pete's Brewing Company,San Antonio,TX
1637,1056.0,Pete's Wicked Pale Ale (1997),American Pale Ale (APA),12.0,,,2152.2724522891604,Pete's Brewing Company,San Antonio,TX
1638,1055.0,Pete's Wicked Summer Brew (2002),American Pale Wheat Ale,12.0,0.047,,470,Pete's Brewing Company,San Antonio,TX
1639,1054.0,Pete's Wicked Summer Brew (1997),American Pale Wheat Ale,56.567882153671725,0.047,,470,Pete's Brewing Company,San Antonio,TX
1640,1053.0,Pete's Wicked Summer Brew (1996),American Pale ??Wheat Ale??,12.0,0.047,,470,Pete's Brewing Company,San Anton#io%,TX
1641,2635.0,Spa%rkl@@e,American Pale Lager,16.0,0.041,12.0,58.36841360285377,Petoskey Brewing,Petoskey,MI
1642,1404.0,North 45 Amber Ale,American Amber / Red Ale,16.0,0.059,25.0,61.71556461425886,Pet#oskey Brewing,Petoskey,MI
1643,4416.538265420113,Horny Monk,Dubbel,16.0,0.069,20.0,11,Petoskey Brewing,Petoskey@@,MI
1644,1402.0,Mind's Eye PA,American IPA,16.0,0.067,74.0,11,Petoskey Brewing,Petoskey,MI
1645,2312.0,Camelback,American IPA,12.0,0.061,60.0,157,Phoenix Ale Brewery,Phoenix,AZ
1646,1636.0,Local 5 Pale Ale,American Pale Ale (APA),16.0,0.056,,355,Pikes Peak Brew%ing Company,M@@onument@@,CO
1647,1518.0,Devils Head Red Ale,American Amber / Red Ale,16.0,0.073,,355,Pikes Peak Brewing Company,Monument,CO$
1648,7421.670966117161,Elephant Roc@@k IPA,America%%n IPA,12.0,0.07,322.8903717076113,1727.5943750185156,Pikes Peak Brewing Company,Monume$n#t,CO
1649,1797.0,Black Bay Milk Stout,Milk / Sweet Stout,12.0,0.2099032413445913,,310,Pine Street Brewery,San% Francisco,CA
1650,1437.0,Atom Splitter Pale Ale,American Pale Ale (APA),12.0,0.05,,310,Pine Street Brewery,San Francisco,$CA@@
1651,1791.0,Hot Date Ale,Chile Beer,16.0,0.06,20.0,314,Piney River Brewing Company,Bu%cryus,MO
1652,1540.0,Masked Bandit IPA,American Black Ale,16.0,0.2362769284466853,,314,Piney River Brewing Company,Buc#ryus,MO
1653,7420.543999052983,Sweet Potato Ale,Fruit / Vegetable Beer,94.67946968801338,0.06,24.0,314,Piney River Brewing Company,Bucryus,MO
1654,1335.0,Float Trip Ale,American Blonde Ale,16.0,0.045,18.0,314,Piney River Brewing Company,Bucryus,MO
1655,847.0,Old Tom Porter,American Porter,16.0,0.26690423592869306,25.0,314,Piney River Brewing Company,Bucryus,MO
1656,846.0,Black Walnut Wheat,American Dark Wheat Ale,16.0,0.045,18.0,314,Piney River Brewing Company,Bucryus$,MO
1657,521.0,McKinney Eddy Amber Ale,American Amber / Red Ale,16.0,0.22813912775959683,20.0,1692.9083879445686,Piney River Brewing Company,Bucryus,MO
1658,479.0,Misso#uri Mule India Pale# Ale,Amer%ican I$PA,16.0,0.4140521239216131,70.0,314,Piney River Brewing Company,??Bucryus,MO
1659,2559.0,Blood of the Unicorn,American Amber / Red Ale,16.0,0.065,,52,Pipeworks Brewing Company,Chic@@a#go,IL
1660,1760.0,GreyBeard�?IPA,American IPA,41.41690707668052,0.069,51.0,324,Pisgah Brewing Company,Black Mountain,$NC
1661,1759.0,Pisgah Pale Ale,American Pale Ale (APA),12.0,0.057,31.0,324,Pisgah Brewing Company,Black Mountain,NC
1662,1589.0,PONTO S.I.P.A.,American IPA,86.14958780619375,0.045,,370,Pizza Port Brewing Company,Carlsbad,CA
1663,1457.0,Chronic Ale??,American Amber / Red Ale,16.0,0.049,,1932.347808370381,Pizza Port Brewing Company,Carlsbad,CA
1664,1191.0,Swami's India Pale Ale,American IPA,72.84128540078329,0.068,,370,Piz$za Port Brewing Compa@@ny,Carlsbad,CA
1665,2336.0,New Cleveland Palesner,American Pilsner,12.0,0.05,,147,Platform Beer Company,Cleveland,OH
1666,2553.0,Mazzie,American Pale Ale (APA),12.0,0.054,45.0,55,Pollyanna Brewing Company,Lemont,IL
1667,1909.0,Big Chuck Barleywine,A%me#rican Barleywine,12.0,0.099,,274,Portside Brewery,Cleveland,OH
1668,335.0,Ponderosa IPA,American IPA,12.0,,,548,Prescott Brewing Company,Prescott,AZ
1669,263.7849389464695,L$iquid Amb%er Ale,American Amber / Red Ale,12.0,,,2060.149870116173,Prescott Brewing Company,Prescott,AZ
1670,2360.0,Morni%ng Wood Wheat (Curren%t),American Pale Wheat Ale,41.44635507919359,0.18306046091848113,14.0,135,Pug Ryan's Brewery,Dillon,CO
1671,1463.0,Hideout Helles,Munich Helles Lager,12.0,0.069,17.0,135,Pug Ryan's Brewery,Dillon,CO
1672,1462.0,Dead Eye Dunkel,Munich Dunkel Lager,53.8698522201752,0.06,15.0,135,Pug Ryan's Brewery,Dillon$,CO
1673,5366.0682710448145,Peacemaker Pilsner,%Czech Pilsener%,12.0,0.058,65.55347844844812,135,Pug Ryan's Brewery,Dill@@on,CO
1674,711.0,Over @@t$he Rail Pale Ale,American Pale Ale (APA),57.84808828511815,0.057,68.0,765.5008614015577,Pug Ryan's Brewery,Dillon,C$O%
1675,188.0,Pallavicini Pilsner (2009),Czech Pilsener,12.0,0.058,21.0,708.4097288523935,Pug Ryan's Brewery,Dillon,CO
1676,130.0,Morning Wood Wheat (Current),American Pale Wheat Ale,12.0,0.059,14.0,135,%Pug Ryan's Brewery,Dillon#,CO
1677,399.0,Pyramid Hefeweizen (2011),Hefeweizen,12.0,0.052,18.0,544,Pyramid Breweries,Seattle,WA
1678,82.0,Haywire Hefeweizen (2010),Hefeweizen,16.0,0.052,18.0,544,Pyramid Breweries,Seattle,WA
1679,2031.0,Golden Fleece,Belgian Pale Ale,12.0,0.045,35.0,246,Quest Brewing Company,Greenville,SC
1680,2030.0,Smoking Mirror,American Porter,37.739410624715255,0.055,30.0,246,Quest Brewing Company,Greenville,SC
1681,8762.792831543513,Rahr's Blonde,Munich Helles Lager,12.0,0.046,,176,Rahr & Sons Brewing Company,Fort Worth,TX
1682,2229.0,Pride of Texas Pale Ale,American Pale Ale (APA),63.978973667251786,0.058,60.0,176,Rahr & Sons Brewing Company,Fort Worth,TX
1683,2370.0,18th Anniversary Gose,Gose,12.0,0.044,5.0,128,Real Ale Brewing Company,Blanco,%T%X
1684,2211.0,White (2015),Witbier,12.0,0.046,25.0,128,Real Ale Brewing Company,Blanco,TX
1685,1861.0,BLAKKR,American Black Ale,12.0,0.099,85.0,128,Real Ale Brewing Company,Blanco,TX
1686,1718.0,Fire%mans #4 Blonde Ale (2013%),American Blonde Ale,12.0,0.051,21.0,685.8195755424808,Real Ale Brewing Company,Blanc$$o,TX
1687,6849.903817618065,The Sword Iron Swan Ale,English Pale Ale,12.0,0.059,,660.0370950512348,Real Ale Brewing Company,Blanco,TX
1688,1091.0,Hans' Pils (2015),German Pilsener,12.0,0.053,52.0,128,$Real #Ale Brewing Company,Blanco,TX
1689,5063.091210225119,Four Squared (2015),American Blonde Ale,12.0,0.34531149678557854,50.0,128,Real Ale Brewing Company,Blanco,TX
1690,4775.257487637985,Firemans #4 Blonde Ale (2015),American Blonde Ale,55.307602012302034,0.051,21.0,128,Real Ale Brewing Company,Blan#co@@,TX
1691,1021.0,Watership Brown Ale,American Brown Ale,12.0,0.072,55.0,2680.0668776421694,Red Hare Brewing Company,Marietta,G??A
1692,4099.067232509953,Gangway IPA,Am%erican IPA,47.40016756912552,0.3154988495823826,55.0,475,Red Hare Brewing Company,Marietta,GA
1693,715.0,Long Day Lager,Czech Pilsener,12.0,0.049,,475,Red Hare Brewing Company,Marietta,GA
1694,12883.381581334095,Farmer'$s Daugh@@ter Blonde,American Blonde Ale,16.0,0.051,17.0,381.72796068370485,Red Shedman Farm Brewery and Hop...,Mt. Airy,MD
1695,2515.0,Pump House IPA,American IPA,16.0,0.055,45.0,68,Red Shedman Farm Brewery and Hop...,Mt. Airy,MD
1696,2514.0,Suicide Blonde IPA,Belgian IPA,16.0,0.2746687354251039,,68,Red Shedman Farm Brewery and Hop...,Mt. Airy,MD
1697,2513.0,Vanilla Porter,American Porter,16.0,0.047,25.0,68,Red Shedman Farm Brewery and Hop...,Mt. Airy,MD
1698,2512.0,Honey Rye,Rye Beer,16.0,0.058,18.0,68,Red Shedman Farm Brewery and Hop...,Mt. Airy,MD
1699,1467.0,Happy Cider,Cider,16.0,0.055,,403,Red Tank Cider Company,Bend,OR
1700,945.0,Long Hammer IPA,American IPA,16.0,0.065,44.0,2448.4190244802785,Redhook Brewery,Woodinville,WA
1701,583.0,Long Hammer IPA,American IPA,12.0,0.3264717670256954,44.0,487,Redhook Brewery,Woodinville,WA
1702,339.0,Copper Hook (2011),American Amber / Red Ale,12.0,0.058,135.16488152966537,487,Redhook Brewery,Woodinville,WA
1703,1375.0,Nectar of the Hops,Mead,16.0,0.38449587565427523,,2455.9543975691995,Redstone Meadery,Boulder,CO#
1704,1374.0,Sunshine Nectar,Mead,16.0,0.08,,2493.3218623158837,Redstone Mea??dery$,Boulder,@@CO%
1705,1373.0,Black Raspberry Nectar,Mead,87.10018098676133,0.08,,421,Redstone Meadery,Boulder,CO
1706,2087.0,Blood Orange Wit,Witbier,59.966241699377065,0.05,16.0,225,Refuge Brewery,Temec%ula,CA
1707,2414.0,Consilium,American Pale Ale (APA),42.73620641569759,0.05,40.0,110,Renegade Brewing Company,Denver,CO
1708,1581.0,Hammer & Sickle,Russian Imperial Stout,49.81321370316065,0.09,60.0,110,Renegade Brewing Company,Denver,CO
1709,1176.0,Redacted Rye IPA,American IPA,16.0,0.07,100.0,110,Renegade Brewing Company,De$n??ver,CO
1710,1006.0,Elevation Triple$ India Pale Ale,American Double / Imperial IPA,12.0,0.099,100.0,110,Renegade Brewing Company,D#??enver,CO
1711,1005.0,5:00 O'Clock Afternoon Ale,American Blonde Ale,16.0,0.05,25.0,110,Renegade Brewing Company,Denver,CO
1712,636.0,Ryeteous Rye IPA (2012),Ame%rica@@n IPA,16.0,0.07,384.5583049019178,110,Renegade Brewing Company,Denver,CO
1713,1538.0,Stout Ol' Friend,American Stout,16.0,0.064,,386,Rev$olution Brew$ing,Paonia,CO
1714,1075.0,Stout Ol' Friend (2012),American Stout,16.0,0.33050721458788074,,386,Revolution Brewing,Paonia,CO
1715,2903.782221362841,Rye Por%ter,American Porter,16.0,,,386,Revolution Brewing,Paonia,CO
1716,709.0,Miner's Gold,American Blonde Ale,16.0,0.05,,386,Revolution Brewing,Paonia,$%CO
1717,708.0,Vienna Lager,Vienna Lager,71.34685647446071,0.046,,386,Revolution Brewing,Paoni%a,CO
1718,706.0,Jessie's Garage,American Pale Ale (APA),66.80214210493511,0.056,,386,Revolution Brewing,Paonia,$CO
1719,220.0,Colorado Red Ale,American Amber / Red Ale,12.0,0.23833367000820085,,1428.3496983012262,Revolution Brewing,Paonia,CO
1720,219.0,Miner's Gold,American Blonde Ale,12.0,,,386,Revolution Brewing,Pao@@@@nia,CO
1721,2576.0,Fist City,American Pale Ale (APA),12.0,0.055,40.0,246.69967623330558,Revolution Brewing Company,Chicago,#IL
1722,1133.0,A L%ittle Crazy,Belgian Pale Ale,51.326037086230784,0.2453638492060293,,44,Revolution Brewing Company,Chicago,I%??L
1723,2935.6142746394803,Rosa Hibiscus Ale,Herbed / Spiced Beer,12.0,0.058,15.0,44,Revolution Brewing Company$,Chicago,IL
1724,418.0,Fistmas Ale,Herbed / Spiced Beer,12.0,0.061,31.0,44,Revolution Brewing Company,Chi#cago,IL
1725,417.0,Oktoberfest Revolution,Märzen / Oktoberfest,12.0,0.057,25.0,44,Revolution Brewing Compan@@y,Chicago,#$IL
1726,416.0,Eugene Porter,American Porter,12.0,0.068,28.0,44,Revolution Brewing Company,Chicago,IL
1727,415.0,Anti-Hero IPA,A#merican IPA,71.31395153920312,0.065,70.0,44,Revolution Brewing Company,Chicago,IL
1728,414.0,Bottom Up Belgian Wit,Witbier,12.0,0.05,60.004041341453004,44,Re@@volution Brewing Com%pany,Chicago,IL
1729,2452.0,Hustle,American Am#ber / Red Ale,12.0,0.057,42.0,93,Rhi#negeist Brewe@@ry,Cincinnati,OH
1730,2451.0,Pure Fury,American Pale Ale (APA),66.49153881893719,0.055,42.0,93,Rhinegeist Brewery,Cincinnati,#OH
1731,2132.0,Dad,American Amber / Red Ale,12.0,0.06,60.0,93,Rhinegeist Brewery,Cincinnati,OH
1732,1993.0,Panther,American Porter,36.34789174497727,0.058,35.0,93,Rhinegeist Brewery,Cincinnati,OH
1733,1992.0,Franz,Märzen / Oktoberfest,12.0,0.052,21.0,93,Rhinegeist Brewery,Cincinnati@@@@,OH
1734,1935.0,Zen,American Pale Ale (APA),12.0,0.043,238.9324076758377,93,Rhinegeist Brewery,Cincinnati,OH
1735,1852.0,Truth,Ameri@@can @@IPA,12.0,0.072,338.70697973912456,93,Rhinegeist Brewery,Cincinnati$%,OH
1736,1851.0,Cougar,American Blonde Ale,12.0,0.2210614875116664,25.0,472.86363829371845,Rhinegeist Brewery,Cincinnati,OH
1737,2307.0,Smooth Operator,Cream Ale,16.0,0.038,,162,Right Brain Brew??ery,Traverse City,%#MI
1738,2580.0,Gose,Gose,16.0,0.035,,42,Rising Tide Brewing Company,Portland,ME
1739,10158.752435548871,Maine Island Trail Ale,American Pale Ale (APA),16.0,0.21902763422873306,,42,Rising Tide Brewing Company,Portland,ME
1740,1180.0,River North White Ale,Witbier,95.25904085600312,0.05,,459,River North $Brewery,Denver,CO
1741,1179.0,River North Ale,American Amber / Red Ale,16.0,0.05,,459,River North Brewery,Denver,CO
1742,1771.0,Lil SIPA,American IPA,16.0,0.05,55.0,321,Rivertown Brewing Company#,Lockl@@an$d,OH
1743,9782.49867329329,Hop Bomber Rye Pale Ale,American Pale Ale (APA),87.0713116278735,0.055,264.1646819240315,321,Rivertown Brewing Company,Lockland,OH
1744,2579.0,Jah Mon,American IPA,12.0,0.05,507.14077618395646,235.84200301712795,Rivertowne Brewing Company,Export,PA
1745,2373.0,Oktoberfest,??Märzen / Oktoberfest,12.0,0.062,,43,Rivertowne Brewing Company,Export,PA
1746,2049.0,He$adless Wylie,P??umpki$n Ale,50.829015321383,0.08,,170.23944416003835,Rivertowne Brewing Company,Export,PA
1747,2048.0,Dayman IPA,American IPA,12.0,0.2805160098606721,,43,Rivertowne Brewing Company,Export,PA
1748,1880.0,All Aboard! Anniversary Stout,Oatmeal Stout,57.54049780912188,0.071,,43,Rivertowne Brewing Company,Export,PA
1749,1879.0,Hop Lace,American Whit$e IPA,12.0,0.062,,43,Rivertowne Brewing Company,E%xport@@,PA
1750,1878.0,OH-PA Session Pale Ale,American Pale Ale (APA),12.0,0.048,,43,Rivertowne Brewing Company,@@Export,%#PA
1751,8001.892301860559,Patrick's Poison,American Amber / Red Ale,67.01381159326961,0.08,,43,Rivertowne Brewing Company,Export,PA
1752,1764.0,Rudol??ph's Red,American Amber / Red Ale,12.0,0.081,,189.3042956112823,Rivertowne Brewing Compa@@ny,Export,PA
1753,1103.0,Babbling Blonde,American Blonde Ale,12.0,0.053,,43,Rivertowne Brewing Company,Export,PA
1754,1102.0,Maxwell's Scottish Ale,Scottish Ale,12.0,0.17504707294005142,,43,Rivertowne Brewing Company,Export,PA
1755,1101.0,Grateful White,Witbier,12.0,0.061,,43,Rivertowne Brewing Company,Export,PA
1756,1100.0,RT Lager#,American Amber / Red Lager,43.494374307798644,0.055,,43,Rivertowne Brewing Company,Export,PA
1757,1099.0,Old Wylie's IPA,A$merican IPA,12.0,0.062,,43,Rivertowne Brewing Company,Export,PA
1758,1098.0,Hala Kahiki Pineapple Beer,Fruit / Vegetable Beer,54.82644660524314,0.048,,43,Rivertowne Brewing Company,Export,PA
1759,1330.0,Track 1 Amber Lager,American Amber / Red Lager,83.1709618735132,0.045,,427,Roanoke Railhouse Brewery,Roanoke,VA%$
1760,2074.0,Pine Knob Pilsner,Czech Pilsener,16.0,0.053,,229,Rochester Mills Brewing Company,Rochest$$er,MI
1761,1724.0,Cal and Co.$ Black Cherry Porter,American Porter,16.0,,,229,Rochester Mills Brewing Company,Rochester,MI
1762,1280.0,Lazy Daze Lager,American Adjunct Lager,16.0,0.055,,229,Rochester Mills Brewing Company,Rochester,$M$I
1763,899.0,Rochester Red Ale,American Amber / Red Ale,16.0,0.059,,229,Rochester Mills Brewing Company,Rochester,MI
1764,363.0,Milkshake Stout,Milk / Sweet Stout,16.0,0.05,,229,Rochester Mills Brewing Company,Rochester,MI
1765,572.0206102564948,Cornerstone IPA,American IPA,16.0,0.07,,229,Rochester Mills Brewing Company,Rochester,MI
1766,97.0,Lazy D#aze Lager,American Adjunct Lager,12.0,0.055,,229,Rochester Mills Brewing Company,Rochester,MI
1767,1860.0,Rogue American Amber Ale,American Amber / Red Ale,16.0,0.051,,289,Rogue Ales,Newport,O%R%
1768,1577.0,12th Round,American Strong Ale,16.0,0.076,78.0,376,RoughTail Brewing Company,Midwest City,OK
1769,1576.0,RoughTail IPA,Ame$rican IPA,16.0,0.07,80.0,376,RoughTail Brewing Company,Midwest City,OK
1770,6719.3200070196735,Polar Night Stout,American Stout,16.0,0.08,,376,RoughTail Brewing Company,Midwest City,OK@#@
1771,2304.0,Sundown,Saison / F$armhouse Ale,12.0,0.071,36.0,164,Round G$uys Brewing$,Lans@@d%ale,PA
1772,2249.0,Sanctified,Belgian Strong Pale Ale,36.933847851296846,0.099,,494.04565736324207,Round Guys Brewing,Lansdale,PA
1773,2053.0,Fear of a Brett Planet,American Pale Ale (APA),12.0,0.051,,689.6587875186157,Round Guys Brewing,Lansdale,??PA??
1774,1842.0,Original Slacker Ale,English Brown Ale,51.625916649560764,0.056,40.0,975.0933182576904,Round Guys Brewing,Lansd??ale,PA
1775,1841.0,Alpha Blackback,American Black Ale,12.0,0.072,,164,Round Guys Brewing,Lansda??le,PA
1776,1782.0,Kiss Off IPA,American IPA,12.0,0.063,,977.9953375092795,Round Guys Brewing,Lansdale,PA
1777,1552.0,Dog Days Summer Ale,Kölsch,12.0,0.045,28.0,164,Round Guys Brewing,Lansdale,PA
1778,1479.0,1881 California Red,American Amber / Red Ale,12.0,0.056,35.0,1958.9770307084561,Ruhstaller Beer Company,Sacramento,CA
1779,1478.0,CAPT Black IPA,American Black Ale??,12.0,0.073,168.78703705236595,397,Ruhstaller Beer Company,Sacr@@amento,CA
1780,7729.5110243416075,Ruhstaller's Gilt Edge Lager Beer,American Amber / Red ??Lager,12.0,0.048,42.0,397,Ruhstaller Beer Company,Sacramento,CA
1781,883.0,CAPT Black IPA,American Black Ale,16.0,0.073,264.86185490740434,397,Ruhst$aller Beer Company,Sacramento,CA
1782,4038.0449144483728,1881 California Red Ale,American Amber / Red Ale,16.0,0.056,35.0,397,Ruhstall@@er Beer Compa$ny,Sacramento,$%CA
1783,1868.0,Saint Archer White Ale,Wi??tbier,12.0,0.05,15.0,1043.326061446521,Saint Archer Brewery,San Diego,CA
1784,1867.0,Saint Archer IPA,American IPA,12.0,0.068,313.72597868731333,288,Saint Archer Brewery,San Diego,CA$
1785,1865.0,Saint Archer Pale Ale,American Pale Ale (APA),12.0,0.052,138.66942587288568,288,Saint Archer Brewery,San Diego,CA
1786,1864.0,Saint Archer Blonde,Kölsch,12.0,0.16797050184153203,22.0,288,Saint Archer Brewery,San Diego,%CA
1787,2599.0,Sex Panther,America%n Porter,61.70829369863952,0.2400523607694411,20.0,30,SanTan Brewing Company,Chandler,AZ
1788,2073.0,Winter Warmer (Vau@@lt Seri#es),Winter $Warmer%,16.0,0.095,25.0,30,SanTan Brewing Company,Chandler,AZ
1789,2063.0,Count Hopula (Vault Series),American Double / Imperial IPA,16.0,0.091,99.0,30,SanTan Brewing Company,Cha#ndler,AZ
1790,10717.626365479486,Oktoberfest,Märzen / Oktoberfest,12.0,0.055,,30,SanTan Brewing Company,Chandler,AZ
1791,1934.0,SunSpot Golden Ale,American Blonde Ale,12.0,0.05,15.0,130.83149289830405,SanTan Brewing Company,C??handler#,AZ
1792,1329.0,I.W.A. (2011),American Pale Wheat Ale,12.0,0.06,,30,SanTan?? Brewing Company,Chandler,AZ
1793,1299.0,Supermonk I.P.A.,Belgian IPA,12.0,0.065,,30,S#anTa#n Brewing Company,Chandler,AZ
1794,1073.0,Epicenter Amber Ale,American Amber / Red Ale,12.0,0.055,20.0,30,SanTan Brewin#g Compa#ny,Chandler,AZ
1795,1072.0,SanTan HefeWeizen,Hefewei??zen,12.0,0.19670474956925657,15.0,30,SanTan Brewing Company,Chandle#r,AZ
1796,1071.0,Hop Shock IPA,American IPA,12.0,0.07,85.0,30,SanTan Brewing Company,Chandler,AZ
1797,852.0,Sex Panther (2014),American Porter,12.0,0.069,20.0,30,SanTan Brewing Comp@@an#y,Chandler,AZ
1798,2580.5846163565557,Devil’s Ale,American Pale Ale (APA),12.0,0.055,45.0,30,SanTan Brewing Company,Chandler,AZ
1799,839.0,Rail Slide Imperial Spiced Ale,Herbed / Spiced Beer,12.0,0.081,,30,SanTan Brewing Company,Chandler,AZ
1800,777.0,??Mr. Pi@@neapple,Fruit / Vegeta$ble Beer,12.0,0.05,20.0,30,SanTan Brewing Company,Chandler,??AZ??
1801,764.0,American Idiot Ale (2012),American Pale Ale (APA),12.0,0.055,45.0,30,SanTan Brewing Company,Chandler,AZ
1802,317.0,Hop Shock IPA (2010),American IPA,37.28134156247637,0.07,85.0,30,SanTan Brewing Company,Chandler,A#Z
1803,286.0,SanTan HefeWeizen (2010),Hefeweizen,12.0,0.05,15.0,30,SanTan Brewing Company,Chandler,AZ
1804,285.0,Devil’s Ale (2010),American Pale Ale (APA),12.0,0.055,45.0,30,San??Tan Brewing #Company,Chan@@dle??r,AZ
1805,124.0,Epicenter Amber Ale (2010),American Amber@@ / Red Ale,12.0,0.055,20.0,30,SanTan Brewing Company,Cha#ndler,AZ
1806,1392.0,Sanitas Saison Ale,Saison / Farmhouse Ale,12.0,0.058,20.0,419,Sanitas Brewing Company,Boulder,CO
1807,1391.0,Sanitas Black IPA,American Black Ale,12.0,0.068,65.0,2096.2817910921844,Sanitas Brewing Company,Boulder,CO
1808,2002.0,Giant DIPA,American Double / Imperial IPA,16.0,0.089,88.0,252,Santa Cruz Mountain Brewing,Santa Cruz,CA
1809,1683.0,Dread Brown Ale,American Brown Ale,12.0,0.054,,252,Santa Cruz Mountain Brewing,Santa Cruz,CA
1810,1362.0,Casi%nos# IPA,English India Pale Ale (IPA),16.0,0.07,,252,S@@anta Cruz Mountain Brewing,Santa Cruz,CA
1811,1519.0,Saison 88,Saison / Farmhouse Ale,12.0,0.1992653096557581,30.0,1974.7916186892305,Santa Fe Brewing Company,Santa Fe,%N??M
1812,967.0,Black IPA,American Black Ale,55.324667597049874,0.071,95.0,392,Santa Fe Brewing Company,Santa Fe,NM
1813,599.0,Sa@@nta Fe Irish @@Red Ale,Irish Red Ale,12.0,0.2049621167547306,,2225.17356837939,Santa Fe Brewing Comp@@any,Santa Fe,NM
1814,307.0,Santa Fe Oktoberfest,Märzen / Oktoberfes??t,50.595508347508314,,,392,Santa Fe Brewing Company,Santa Fe,NM
1815,305.0,Imperial J$ava Stout,Russian Imperial Stout,56.53055283391849,0.47459995332041993,,392,Santa Fe Brewing Compa#ny,Santa Fe,NM
1816,304.0,Freestyle Pilsner,German Pilsener,12.0,0.055,,392,Santa Fe Brewing Company,Santa Fe,NM
1817,217.0,Happy$ Camper IPA,American IPA,46.35778411863165,0.066,,392,Santa Fe Brewi??ng Company,S$anta% Fe,NM
1818,1477.0,Oval Beach Blonde Ale,American Blonde Ale,16.0,0.05,11.0,398,Saugatuck Br#ewing Company,Douglas,MI
1819,1503.0,Oak Aged Cider,Cider,12.0,0.065,,394,Schilling & Company,Seattle,@@WA
1820,7110.030003041881,Ginger Cider,Cider,12.0,0.3270856714739166,,394,Schilling & Company,Seattle,WA
1821,1245.0,Schilling Hard Cider,Cider,12.0,0.065,,394,Schilling & Company,Seattle,WA
1822,1324.0,Schlafly Yakima Wheat Ale,Ame@@rican Pale Wheat Ale,12.0,0.05,45.0,428,Schlafly Brewing Company,Saint Louis,MO
1823,1323.0,Schlafly Black Lager,Schwarzbier,63.95167775923553,0.05,,2043.841589222644,Schlafly Brewing Company,Saint Louis,MO
1824,1078.0,Schlafly IPA,American IPA,12.0,0.045,114.75840737589253,428,Schlafly Brewing Company,Saint Lou%is??,MO
1825,1077.0,Schlafly American Brown Ale,American Brown Ale,12.0,0.05,30.0,428,Schlafly Brewing Company,Saint Louis,MO
1826,588.0,Schlafly Hefeweizen,Hefeweizen,12.0,0.041,16.0,428,Schlafl%y Brewing Company,Saint Louis,MO
1827,194.18706750483682,Schlafly Summer Lager,Munich Helles Lager,12.0,0.045,17.0,428,Schlafly Brewing Company,Saint Louis,MO
1828,3441.228489126565,Sea Dog Wild Blueberry Wheat Ale,Fruit / Vegetable Beer,39.64964214972903,0.047,,502,Sea Dog Brewing Company,Portl#and,ME
1829,6664.033175269836,Blur India Pale Ale,American IPA,68.39935720876426,0.074,60.0,432,Seabright Brewery,Santa Cruz,CA
1830,1416.0,Dry Cider,Cid$%er,16.0,0.065,,411,Seattle Cider Company,Seattle,??#WA
1831,1415.0,Dr@@y Hard Cid#er,Cider,16.0,0.065,,411,Seattle Cider Company,Seattle,WA
1832,918.0,Frankenlou's IPA,American IPA,16.0,0.07,105.0,494,Seven Brides Brewery,Silverton,OR
1833,917.0,Becky's Black Cat Porter,American Porter,75.27071626496868,0.23949624185703,189.42785997078371,494,Seven Brides Brewery,Silverton,OR
1834,2250.0,S%even@@th Son of a Seventh Son,American Strong Ale,16.0,0.077,40.0,803.6566260942083,Seventh S$on Brewing Company,Columbus,%@@OH
1835,1768.0,#Ston#e Fort Brown Ale,English Brown Ale,16.0,0.053,20.0,183,Seventh Son Brewing Company,Columbus,OH
1836,1767.0,Seventh Son Hopped Red Ale,American Amber / Red Ale,16.0,0.077,40.0,183,Seventh Son Brewing Company,Colum@@#bus,OH
1837,1766.0,Humulus Nimbus Super Pale Ale,American Pale Ale (APA),16.0,0.34644003879738433,53.0,183,Seventh Son Brewing Company,Columbus,??OH
1838,1765.0,Golden Ratio IPA,American IPA,16.0,0.07,68.0,183,Seventh Son Brewing Company,Columbus,OH
1839,2368.0,Black Hop IPA,American Black Ale,12.0,0.068,,130,Shebeen Brewing Company,Wolcott,CT
1840,738.0,Arc#her's Ale (2004),English Pale Ale,12.0,0.05,,511,Sher#wood Forest Br@@ewers,Marlborough,??MA
1841,1539.0,Monkey Fist IPA,American IPA,12.0,0.069,65.0,385,Shipyard Brewing Company,Portland,ME
1842,975.0,Shipyard Summer Ale,American Pale Wheat Ale,12.0,0.051,,385,Shi??pyard Brewing Company,Portland,ME
1843,814.0,Pumpkinhead Ale,Pumpkin Ale,12.0,0.047,,385,Shipyard Brewing Company,P??ortland,M%E
1844,4085.4337580830934,Shipyard Export,American Blonde Ale,12.0,0.051,,385,Shipyard Brewing Company,Portla%n@@d,ME
1845,2474.0,Nooner,German Pilsener,12.0,0.29060768126598135,,83,Sierra Nevada Brewing Company,Chico,CA
1846,11370.317635832802,Torpedo,A$merican IP#A,12.0,0.072,65.0,83,Sierra Nevada Brew%ing Company,Chico,C@@A%
1847,8824.233947287323,Yon$der Bock,Maibock / Helles Bock,12.0,0.3347678926537743,,83,Sierra Nevada Brewing Company,Chic$o@@,CA
1848,1918.0,CANfusion Rye Bock,Rye Beer,12.0,0.06,,83,Sierra Nevada Brewing Company,Chico,CA
1849,1905.0,Sierra Nevada Pale Ale,Ameri??can Pale Al$e (APA),16.0,0.24558802753733994,37.0,83,Sierra Nevada Brewing Company,Chico,CA
1850,5538.469786947767,Old Chico Crystal Wheat,American Pale Whe#at Ale,12.0,0.048,26.0,83,Sierra Nevada Brewing Company,Chico,C??A
1851,1295.0,Summe%rfest,Czech Pilsener,12.0,0.17618990367538434,156.70645478009783,83,%Sierra Nevada Br$ewing Company,Chico,CA
1852,426.0,Torpedo,American IPA,16.0,0.072,65.0,83,Sierra Nev%ada Brewing Company,Chico,C#A
1853,400.0,Sierra Neva$da# Pale Ale,American Pale Ale (APA),12.0,0.056,37.0,83,Sierra Nevada Brewing Company,Chico,C%A%
1854,2353.0,Sietsema #Red Label,Cider,16.0,0.069,,137,Sietsema Orchards and Cider Mill,Ada,MI
1855,212.0,Bear Ass Brown,American Brown Ale,41.026697138771,0.042,,551,Silverton Brewery,Silv$erto%n,%$CO
1856,721.3079594445585,Red Mountain Ale,American Amber / Red Ale,12.0,0.32070435025059507,,551,#Silverton Brewery,Silverton,CO
1857,160.0,Ice Pick Ale,American IPA,12.0,0.068,,551,Silverton Brewery,Silverton,CO
1858,2574.0,4Beans,Baltic Por??$ter,12.0,0.1,52.0,223.76478190291164,Sixpoint Craft Ales,Brooklyn,NY
1859,2479.0,Jammer,Gose,12.0,0.042,16.0,231.2553198753765,Sixpo$int Craf@@t Ales,Brooklyn,NY
1860,2443.0,Abigale,Belgian Pale Ale,12.0,0.08,,46,Sixpoint Craft Ales,Brooklyn,NY
1861,11498.436069351917,Ra??d??,Fru#it / Vegetabl%e Beer,16.0,0.032,7.0,46,Sixpoint Craft Ales,Brooklyn,NY
1862,10513.882465724198,Bengali,American IPA,24.0,0.065,62.0,46,Sixpoint Craft Ales,Brooklyn,NY
1863,1962.0,Sensi Harvest,American Pale Ale (APA),12.0,0.047,50.0,46,Sixpoint Craft Ales,Brooklyn$,NY
1864,1696.0,Hi-Res,American Double / Imperial IPA,12.0,0.099,111.0,46,Sixpoint Craft Ales,Brooklyn,NY
1865,1608.0,Global Warmer,American Strong Ale,12.0,0.07,70.0,236.7812049163965,Sixpoint Craft Ales,Brooklyn,NY
1866,1591.0,Autumnation (2013),American IPA,16.0,0.067,74.0,46,Sixpoint Craft@@ #Ales,Brooklyn,NY
1867,1388.0,The Crisp,German Pilsener,16.0,0.054,42.0,46,Sixpoint Craft Ales,Brooklyn,NY
1868,7067.834714759307,Sweet Action,Cream Ale,76.26752951521715,0.052,34.0,46,Sixpo#int Craft Ales,Brooklyn,NY
1869,1386.0,Righteous Ale,Rye Beer,16.0,0.063,57.0,169.4518722188862,Sixpoi$nt @@Craft Ales,Brooklyn,NY
1870,1385.0,Bengali Tiger,American IPA,16.0,0.064,62.0,46,Sixpoint Craft Ales,Brooklyn,NY
1871,1020.0,3Beans,Baltic Po@@rter@@,12.0,0.35726410525817887,85.0,46,Sixpoint Craft Ale$s,Brooklyn,%NY
1872,2671.232820150147,Brownstone,American Brow??n Ale,91.65166526079918,0.059,47.0,46,Sixpoint Craft Ales,Brooklyn,NY
1873,630.0,Apollo,American Pale Wheat Ale,16.0,0.052,11.0,46,Sixpoint Craft Ales,Brooklyn??,NY
1874,629.0,Harbinger,Saison / Farmhouse Ale,16.0,0.049,35.0,250.69809507387598,Sixpoint Craft Ales,Brooklyn,NY
1875,2701.491259412194,Resin,American Double / Imperial IPA,12.0,0.4138104831286999,103.0,46,Sixpoint Craft Ales,Brooklyn,NY
1876,525.0,Diesel,American Stout,54.02551001167316,0.2420564452714659,326.5380482749947,46,Sixpoint Craft Ales,Broo??%klyn,NY
1877,512.0,Autumnation (2011-12) (2011),Pumpkin Ale,16.0,0.3025298709428541,48.0,46,Sixpoint Craft Ales,Brooklyn,NY
1878,425.0,The Crisp (2011),German Pilsener,16.0,0.054,42.0,46,Sixpoint Craft Ales,Brooklyn,NY
1879,424.0,Sweet Action (2011),Cream Ale%,16.0,0.26948208209612184,34.0,46,Sixpoint Craft Ales,Brooklyn,??N@@Y
1880,423.0,Righteous Ale (2011),Rye Beer,16.0,0.3064147523762436,57.0,46,Sixpoint Craft Ales,Brooklyn,NY
1881,422.0,Bengali Tiger (2011),American IPA,16.0,0.064,62.0,46,Sixpoin#t Craft Al$es,Brooklyn,NY
1882,11343.561964671464,Rudie Session IPA,American IPA,12.0,0.045,,264,Ska Brewing Company,Durango,CO
1883,1708.0,Taster's Choice,Doppelbock,12.0,0.22381815540398844,,264,Ska Brewing C@@ompa$ny,Durango,CO
1884,1521.0,@@Modus Hoper$andi,American IPA,12.0,0.068,65.0,264,Ska Brewing Company,Durango$$,CO
1885,1297.0,Estival Cream Stout,American Stout,62.95090552656042,0.058,15.0,264,Ska Brewing Company,%Dura$ngo,CO
1886,1192.0,Vernal Minthe Stout,American Stout,12.0,0.058,,264,Ska Brewing Company,Durango,@@@@CO
1887,1013.0,Hibernal Vinifera Stout,Foreign / Export Stout,12.0,0.08,,264,Ska Brewing Company,Durango,CO
1888,774.0,Autumnal Molé Stout,American Stout,12.0,,,264,Ska Brewing Company,Durango,CO
1889,386.0,Mexican Logger,American Pale Lager,12.0,0.042,18.0,264,Ska Brewing Company,Durango,CO
1890,70.0,True Blonde Al$e,American Blonde Ale,12.0,0.053,,264,Ska Brewing Company,Durango,CO
1891,69.0,Euphoria Pale Ale,American Pale Ale (APA),12.0,0.061,,1402.972772830434,Ska Brewing Company,Durango,CO
1892,68.0,ESB Special Ale,Extra Special / Strong Bitter (ESB),12.0,0.057,189.849901530942,264,Ska Brewing Company,Durango,CO
1893,67.0,Modus Hoperandi,Americ%@@an IPA,12.0,0.068,65.0,264,S%ka Brewing Company,Durango,%CO
1894,1792.0,Iron Butt Red Ale,American Amber / Red Ale,12.0,0.058,39.0,313,Slanted Rock Brewing Company,Meri%dia#n,ID%
1895,1609.0,Initial Point India Pale Ale,American IPA,70.63797760302157,0.071,92.0,313,$Slanted Roc??k Brewing Company,Meridian,ID
1896,10412.613002414424,Monkey Dancing On A Razor Blade,Belgian IPA,127.4672013675663,0.085,,64,Sl??apS#hot Brewing Company,Chicago,IL
1897,12858.394268190623,Tripel Deke,Tripel,124.69605774324117,0.082,,64,SlapShot Brewing Company,Chicago,IL
1898,30.0,Urban Wilderness Pale Ale,English Pale Ale,12.0,0.049,,557,Sleeping Lady Brewing Company,Anchorage,AK
1899,8878.611010623787,Homefront IPA,American IPA,12.0,0.06,70.0,163,Sly Fox Brewing Company,Phoenixville,PA
1900,1588.0,Sly Fox Christmas Ale 2013,Winter Warmer,61.93835231548974,0.055,16.0,371,Sly Fox Brewi#ng Compan#y,Pottstown,PA
1901,1363.0,Grisette,Grisette,47.559959765437384,0.27093109457059467,25.0,371,Sly Fox Brewing Company,Pottstown,PA
1902,1211.0,360° India Pale Ale,American IPA,12.0,0.062,,371,Sly Fox Brewing Company,Pottstown,PA
1903,1123.0,Helles Golden Lager,Munich Helles Lager,12.0,0.049,18.0,371,Sly Fox Brewing Company,Pottstown,P$A
1904,926.0,Sly Fox Christmas Ale 2012 (2012),Winter Warmer,12.0,0.055,16.0,371,Sly Fox Brewing Company,Pottstown,PA
1905,894.0,Odyssey Imperial IPA,American Double / Imperial IPA,12.0,0.3742091611207573,90.0,1354.191010217384,Sly Fox Brewing Company,Pottstown,PA
1906,871.9939341843773,Oktoberfest Lager,Märzen / Oktoberfest,12.0,0.058,25.0,371,Sly Fox Brewing Company,Pottstown$,PA
1907,138.15907461249174,113 IPA,American IPA,12.0,0.07,113.0,371,Sly Fox Brewing Company,Pottstown,PA
1908,23.0,Dunkel Lager,Munich Dunkel Lager,12.0,0.053,21.0,371,Sly Fox Brewing Company,Pottstown,PA
1909,22.0,Royal Weisse Ale,Hefeweizen,12.0,0.056,11.0,371,Sly Fox Brewing Company,Pottstown,PA
1910,21.0,Pikeland Pils,$German Pilsene??r,12.0,0.049,44.0,371,Sly Fox Brewing Company,P#ottstown,PA
1911,20.0,Phoenix Pale Ale,American Pale Ale (APA),12.0,0.051,227.0516764907718,371,Sly Fox Brewing Company,Pottstown,#P??A
1912,2407.0,Rule G IPA,American IPA,12.0,0.07,88.0,115,Smartmouth Brewing Company,Norfolk,VA
1913,14005.50777589613,Murphy's Law,American Amber / Red Ale,12.0,0.058,35.0,115,Smartmouth Brewing Company,Norfolk,VA
1914,2405.0,Alter Ego,Saison / Farmhouse Ale,12.0,0.062,33.0,115,Smartmouth Brewing Company,Norfolk,VA
1915,2234.0,Monarch Pilsner,Amer??@@ican Pilsner,12.0,0.05,,191,Snake River Brewing Company,Jackson,WY
1916,1606.0,Snow King Pale Ale,American Pale Ale (APA),58.976275782153024,0.06,55.0,624.0560599452003,Snake Riv@@er Brewing Company,Jackso%n,WY
1917,617.0,Zonker Stout,Foreign / %Expor@@t Stout,12.0,0.054,36.0,191,Snake River Brewing Company,Jackson,WY
1918,407.0,OB-1 Organic Ale,English Brown Ale,12.0,0.05,22.0,191,Snake River Brewing Company,Jackson,WY
1919,406.0,Snake River Lager,Vienna Lager,12.0,0.05,18.0,191,Snake River Brewing Company,Jackson,WY
1920,402.0,Snake River Pale Ale,American P@@ale Ale% (APA),65.5860979124538,0.052,32.0,191,Snake River Brewing Company,Jackson,%WY$
1921,393.0,Pako’s EyePA,American IPA,57.94493265604922,0.3552368901744041,60.0,191,Snake River Brewing Company,Jackson,WY
1922,1798.0,Thanksg#iving Ale,Kölsch,12.0,0.16728808028576722,,309,Sockeye Brewing Company,Boise,ID
1923,1655.0,Double Dagger Imperial IPA,American Double / Imperial IPA,12.0,0.3665319270687709,,309,Sockeye Brewing Company,Boise,ID
1924,1596.0,Dagger Falls IPA,American IPA,12.0,0.063,100.0,1542.505149800919,Sockeye Brewing Company,Boise,ID
1925,1595.0,Dagger Falls IPA,American IPA,46.08501574527864,0.063,100.0,309,Sockeye Brewing Company,Boise,$I%D
1926,1482.0,Socktoberfest,Märzen / Oktoberfest,16.0,0.06,,309,Sockeye Brewing Company,Boi#s#e,ID
1927,1447.0,Hopnoxious Imperial IPA,American Double / Imperial IPA,12.0,0.079,,309,Sockeye Brewing Company,Boise,ID
1928,1425.0,Barrel Aged Seven Devils Imperial Stout,American Double / Imperial Stout,12.0,0.3600372562889892,,309,Sockeye Brewing Company,Boise,ID
1929,1424.0,Boise Co-Op Two Score Ale,Saison / Farmhouse Ale,16.0,0.055,,309,Socke$ye Brewing Company,Boise,ID
1930,1298.0,Sockeye Belgian Style Summer Ale,Witbier,16.0,0.05,,1297.0916392605966,Soc@@keye Brewing Company,Bois#e@@,ID
1931,1181.0,Sockeye Maibock,Maibock / Helles Bock,12.0,0.064,,309,Sockeye Brewing Company,Bois%e??,ID@@
1932,1160.0,Old Devil's Tooth,American Barleywine,12.0,0.099,100.0,309,Sockeye Brewing Company,Boise,ID
1933,1152.0,Galena Golden,American# Blonde Ale,12.0,0.043,,309,Sockeye Brewing Company,Boise,ID
1934,1151.0,Hell-Diver Pale Ale,American Pale Ale (APA),12.0,0.052,100.7159320398903,309,Sockeye Brewing Company,Boise,ID
1935,1150.0,Woolybugger Wheat,American Pale Wheat Ale,12.0,0.046,12.0,309,Sockeye Brewing Company,Bois%e,ID
1936,1076.0,Power House Porter,American Porter,12.0,0.057,,309,Sockeye Brewing Company,Boise,I@@D
1937,995.0,Wint@@erfest??,American Strong Ale,75.07462285819668,0.084,447.4942069179703,309,So%ckeye Brewing Compan#y,Boise,ID#
1938,879.0,Dagger Falls IPA,American IPA,12.0,0.2235056703605818,100.0,309,Sockeye Brewing Company,Boise,ID
1939,1972.0,LuckenBock,Bock,16.0,0.2799097235217766,18.0,257,South Austin Brewery,South Austin,TX
1940,1971.0,Texas Pale Ale (TPA),American IPA,58.51373774202122,0.055,40.0,257,South Austin Brewery,South Austin,TX
1941,1970.0,6 S#tring Saison,Saison / Farmhouse Ale,16.0,0.08,,257,South A#ustin Brewer#y,South Austin,TX
1942,1969.0,Kol' Beer,Kölsch,16.0,0.05,22.0,257,South Austin Brewery,South Austin,TX
1943,2024.0,Montauk Light,Light Lager,12.0,0.14269076324503374,,249,Southampton Publick House,Southampton,NY
1944,1283.0,Na Zdraví Pilsner,Czech Pilsener,16.0,0.048,32.0,436,Southern Oregon Brewing Company,Medford,OR
1945,1282.0,Nice Rack IPA,American IPA,16.0,0.055,314.8913613659461,436,Southern Oregon Brewin#g Company#,Medford,OR
1946,2362.0,2014 IPA Cicada Series,American IPA,16.0,0.075,72.0,133,Southern Prohibition Brewing Com...,Hattie??sburg??,MS
1947,2346.0,Sinister Minister Black IPA,Americ#an IPA,16.0,0.077,65.0,133,Southern Prohibition Brewing Com...,Hattiesburg,%M??S
1948,2320.0,Jack the Sipper,Extra Special / Strong Bitter (ESB),12.0,0.053,45.0,133,Southern Prohibit@@??ion Brewing Com...,Hattiesburg,MS
1949,2297.0,Devil's Harvest Extra Pale Ale,American Pale Ale (APA),12.0,0.33885163274186747,60.0,133,@@Southern Prohibition Brewing Com...,Hattiesburg,M$S
1950,2296.0,Suzy B Dirty Blonde Ale,American Blonde Ale,12.0,0.05,20.0,133,Southern Prohibition Brewing Com...,Hattiesburg,MS
1951,1745.0,Mississippi Fire Ant,American Amber / Red Ale,16.0,0.08,420.3820371264852,711.9462527982225,Southern Prohibition Brewing Com...,Hattiesburg,MS
1952,1120.0,Hipster Breakfast,Oatmeal Stout,16.0,0.058,40.0,133,Southern Prohibition Brewing Com...,Hattiesburg,MS
1953,1118.0,Suzy B Dirty Blonde Ale,American Blonde Ale,53.22802182309336,0.05,20.0,133,Southern Prohibition Brewing Com...,Hattiesburg,#MS#
1954,1117.0,Devil's Harvest Extra Pale Ale,American Pale Ale (APA),16.0,0.058,60.0,133,Southern Prohibition Brewing Com...,??$Hattiesburg,MS
1955,2387.0,Pine Belt Pale Ale,American Pale Ale (APA),12.0,0.3237497231486837,45.0,118,Southern Star Brewin#g Company,@@Conroe,TX
1956,2267.0,Walloon,Saison / Farmhouse Ale,12.0,0.055,,118,Southern Star Brewing Company,C%on#roe,TX
1957,5689.00621337873,Le Mort Vivant,Bière de Garde,12.0,0.069,91.45555442981835,118,Southern Star Brewing Company,Conroe,TX$
1958,1728.0,Red Cockaded Ale,Am#erican Double / Imp#erial IPA,12.0,0.085,110.0,118,Southern Star Brewing Company,Conroe,TX
1959,4869.69954513738,Valkyrie Double IPA,American Double / I#mperia%l IPA,12.0,0.092,100.0,118,Southern Star Brewing Company,Conroe,TX
1960,1011.0,Red Cockaded Ale (2013),American Double / Imperial IPA,12.0,0.3326233482955169,110.0,118,Southern Star Brewing Company,Conroe,TX
1961,1010.0,Old?? Potentat??e,Old Ale,12.0,0.072,40.0,118,Southern Star Brewing Company,Conroe,TX
1962,4674.993496361909,Bombshell Blonde,American Blonde Ale,16.0,0.05,20.0,118,Southern Star Brewing Company,C@@onroe,TX@@
1963,853.0,PRO-AM (2012) (2012),American Double / Imperial IPA,64.40403133760064,0.099,416.85158055767715,118,Southern Star Brewing Company,Conroe,TX
1964,3936.783682410484,Walloon (2014),Saison / Farmhouse Ale,12.0,0.055,,118,Southern Star Brewing Company,Co$nroe,TX
1965,3106.576025858088,Le Mort Vivant (2011),Bière de Garde,12.0,0.069,23.0,118,Southern Star Brewing Company,Conroe,TX%$
1966,46.0,Buried% Hatche#t Stout,Foreign / Export Stout,12.0,0.083,50.0,118,Southern Star Brewing Com%pany,Conroe,TX
1967,45.0,Pine Belt Pale Ale,American Pale Ale (APA),16.0,0.065,45.0,118,Southern Star Brewing Company,Conroe,TX
1968,157.5663957262201,Bombshell Blonde,American Blonde Ale,12.0,0.05,102.33634621648494,118,Southern Star Br@@ewing Company,Conroe,TX
1969,2486.0,Baby Dadd@@y Session?? IPA,America??n ??IPA,12.0,0.28002381610637905,35.0,364.77324372541324,Speakasy Ales & Lagers,San Francisco,CA
1970,3065.1441073496,Hopluia (2004),English India Pale Ale (IPA),16.0,,,508,Spilker Ales,Cortland,NE
1971,2271.0,Ball & Chain (2014),American Pale Ale (APA),16.0,0.22391396787077655,,175,Spiteful Brewing Company,Chicago,??IL
1972,2206.0,Bitter Biker Double IPA,American Double / Imperial IPA,16.0,0.096,,175,Spiteful Brewing Company,Chicago,IL
1973,2136.0,God Damn Pigeon Porter,American Porter,95.09948056293089,0.082,,175,Spiteful Brewing Company,C#hicago,IL
1974,2135.0,W??orking for the?? Weekend,American Double / Imperial IPA,16.0,0.079,,175,Spiteful Brewing Company,Chicago,IL
1975,2134.0,Angry Adam,American Amb%er / Red $Ale,16.0,0.06,,663.9393537379522,Spiteful Brewing Company,Chicago,IL
1976,2109.0,Freedom Fries,American Stout,16.0,0.055,,175,Spiteful Brewing Company,Chicago,IL
1977,1821.0,Bi#tter Biker Double I@@PA,American Double / Imperial IPA,12.0,0.096,,175,Spiteful Brewing Company,Chicago,IL
1978,1820.0,Gho$st Bike Pal$e Ale,American Pale Ale (APA),16.0,0.073,,175,Spiteful Brewing Company,Chicago,IL
1979,1819.0,Spiteful IPA,American IPA,12.0,0.062,,175,Spiteful Brewing Company,Chicago,%IL
1980,1634.0,Alley Time,American Pale Ale (APA),12.0,0.06,,175,Spiteful Brewing Company,Chicago,IL
1981,1633.0,Fat Badger,Irish ????Red Ale,12.0,0.2932281856651028,,175,Spiteful Brewing Company,Chicago,IL
1982,1632.0,In the Weeds,American Pale Wheat Ale,12.0,0.055,,175,Spiteful Brewing Company,Chicago,IL
1983,855.0,Special Amber%,@@Vienna La#ger,69.75976303287622,0.05,22.0,498,Sprecher Brewing Company,Glendale,$WI%
1984,445.0,Special Amber,Vienna Lager,12.0,0.19759229420921243,74.64725634033232,498,Sprecher Brewing Company,Glendale,WI
1985,1587.0,Seven Gates Pale Ale,American Pale Ale (APA),12.0,0.056,,1984.6438593192433,Spring House Brewing Company,Conestoga,PA
1986,8375.932888345029,Gunga Din,Cider,16.0,0.052,,712.5485263386394,St. Julian Winery,Paw Paw,@%@MI
1987,1544.0,Starr Pils,German Pilsener,12.0,0.042,20.0,383,Starr Hill Bre#wery,Crozet,VA
1988,1205.0,Northern Lights India Pale Ale,American IPA,16.0,0.065,52.0,383,Starr Hill Brewery,Crozet,VA
1989,369.0,Festie@@,Märzen / Oktoberfest,12.0,0.048,12.0,1271.790085916863,Starr Hill Brewery,Crozet,VA
1990,368.0,North#ern Lights$ India Pale Ale,American IPA,12.0,0.24481307003954367,52.0,383,Starr Hill Brewery,Cr$ozet,@@V??A
1991,2386.0,Third Eye Enlightened Pale Ale,A@@meric??an Pale Ale (APA),12.0,0.065,65.0,119,Steamworks Brewing Company,Durango,CO
1992,92.0,Colora??do Kölsc??h,Kölsch,59.74194062714357,0.049,17.0,119,Steamworks Brewing Company,Durango,C??O
1993,91.0,Steam Engine Lager,American Amber %/ Red Lager,68.83287370908782,0.057,25.0,119,Steamworks Brewing Company,Durango,CO
1994,90.0,Third Eye Pale Ale,American IPA,12.0,0.3498259657457527,65.0,119,Steamworks Brewing Company,Durango,CO
1995,2366.0,Point Special (Current),American Adjunct Lager,12.0,0.047,9.0,131,Stevens Point Brewery,Stevens Point,WI
1996,2365.0,Point Special,American Adjunct Lager,49.27502113740444,0.047,9.0,131,Stevens Point Bre?%?wery,Stevens Point,??WI$
1997,11981.911873899802,Point Cascade Pale Ale (2013),American Pale Ale (APA),12.0,0.054,33.0,131,Stevens Point Brewery,Stevens Point,WI
1998,2228.0,Poin%t Special,American Adjunct $Lager,66.28820575512115,0.047,9.0,131,Stevens Point Brewery,Stevens Point,WI
1999,2151.0,Onyx Black Ale,American Black Ale,12.0,0.22528519836066777,9.0,131,Stevens Point Brewery,Stevens Point,WI
2000,8831.838777687404,Be??yond The Pale IPA,American IPA,12.0,0.063,64.0,131,Stevens Point Brewery,Stevens Point,W??I
2001,12345.959091029397,Point Special (2013),American Adjunct Lager,12.0,0.047,9.0,131,Stevens Point Brewery,$Stevens Po$int,WI
2002,2121.0,Point Special (2012),American Adjunct Lager,12.0,0.047,9.0,131,Stevens Point Brewery,Stevens Point,WI
2003,2115.0,Point Special Lager,American Adjunct Lager,16.0,0.047,9.0,652.5823719057487,Stevens Point Brewery,Stevens Point,W$#I
2004,1450.0,St. Benedict's Winter Ale,W@@@@inter Warmer,12.0,0.062,,131,Stevens Point Brewery,Stevens% Point,@@WI
2005,4915.731468157383,Point Oktoberfest,Märzen / Oktoberfest,87.96852297034228,0.057,15.0,131,Stevens Point Brewery,Stevens Point,WI
2006,1225.0,Point Nude Beach Summer Wheat,American Pale Wheat Ale,16.0,0.26366081993439544,7.0,131,Stevens Point Brewery,Stevens Point,WI
2007,816.0,Point Nude Beach Summer Wheat,American Pale Wheat Ale,12.0,0.05,7.0,131,Stevens Point Brewery,S$tevens Point,WI
2008,2529.867834425446,Point Nude Beach Summer Wheat (2011),American Pale Wheat Ale,12.0,0.05,7.0,463.15757183375115,Stevens Point Brewery,Stevens Point,??W$I
2009,684.0,Drop Dead Blonde,American Blonde Ale,12.0,0.035,,131,Stevens Point Brewery,Stevens Point,WI
2010,2160.5794515459806,Three Kings Ale,Kölsch,12.0,0.049,71.69930867298373,131,Stevens Point Brewery,Stevens Point,WI
2011,456.0,Point Oktoberfest,Märzen / Oktoberfest,43.60269276445826,0.057,15.0,679.4237354822678,Stevens Point Brewery,Stevens Point,WI
2012,357.0,2012 Black Ale,American Brown Ale,12.0,0.054,32.0,131,Stevens Point Brewery,Stevens Point,WI
2013,141.0,Point Nude Beach Summer Wheat (2010),American Pale Wheat Ale,12.0,0.05,7.0,131,Stevens Point Brewery,Stevens Point,WI
2014,140.0,Point Cascade Pale Ale,American Pale Ale (APA),12.0,0.054,33.0,592.1036530531755,Stevens Point Brewery,S$@@tevens Point,WI
2015,671.7813841459398,Point Amber Classic,American Amber / Red Lager,12.0,0.047,14.0,131,Stevens Point Brewery,Stevens Point,WI
2016,138.0,Point Special Lager,American Adjunct Lager,12.0,0.047,9.0,131,Stevens Point Brewery,Stevens Point,WI
2017,953.0,Wisco Disco,American Amber / Red Ale,16.0,0.051,31.0,486,Stillman$k Beer Compan#y,Green Bay,W#I@@
2018,1983.0,Brontide,American Black Ale,12.0,0.05,,255,Stillwater Artisanal Ales,Baltimore,$MD
2019,1631.0,Brontide,American Black Ale,64.9456033039539,0.05,,255,Stillwater Artisanal Ales,Baltimore,MD
2020,1344.0,Classique,Saison / Farmhouse Ale,12.0,0.045,,255,Stillwater Artisanal Ales,Baltimore,MD
2021,922.0,Sunsplash Golden Ale (2004),American Blonde Ale,12.0,0.045,,492,Ston@@e@@ Coast Brewing Company,Portland,M$$E
2022,6821.892258448982,Sand Island Lighthouse,Kölsch,12.0,0.051,25.0,412,Straight to Ale,H#unt$sville,%??AL
2023,925.0,Lily Flagg Milk Stout,Milk / Sweet Stout,12.0,0.21206121091431643,30.0,412,Straight t#o Ale,Huntsville,AL
2024,637.0,Monkeynaut IPA,American IPA,12.0,0.072,70.0,412,Straight to Ale,Huntsville,AL
2025,2369.0,Strau?$?b Beer (Current),American Adjunct Lager,12.0,0.05,,129,Straub Brewery,St Ma%ry's$,%P$A
2026,10949.705394676497,American Lager,American Adjunct Lager,12.0,0.041,32.55000713613194,129,Straub Brewery,St Mary's,PA
2027,2232.0,American Amber,American Amber / Red Lager,12.0,0.041,8.0,129,Straub Brewery,St Mary's,PA
2028,2231.0,American Light,Light Lager,12.0,0.032,13.0,129,Straub Brewery,St Mary's,PA
2029,2352.0,Extra Pale Ale,American Pale Ale (APA),12.0,0.053,49.0,138,Summit Brewing Company,St Paul,@@MN
2030,2549.0,Make It So,Extra Special / Strong Bitter (ESB),12.0,0.053,40.0,58,Summit Brewing Company,St. Paul,MN
2031,2473.0,Hopvale Organic Ale,American Pale Ale (APA),93.21960440747407,0.047,55.0,58,Summit Brewing Company,St. Paul,MN
2032,9946.178819356332,Unchain$ed #18 Hop Silo,American Double / Imperial IPA,16.0,0.083,100.0,58,Summit$ Brewi%ng Company,St. Paul,MN
2033,14991.941492295095,Tip Off,Alt#bier,70.20366660238707,0.23204889649589105,29.0,25,Sun King Brewing Company,In$dianapoli@@s,IN
2034,2215.0,Java Mac,S%cottish Ale%,16.0,0.054,,123.92395531195581,Sun King Brewing Company,Indianapolis,IN
2035,2164.0,Co#wbell,American Porter,16.0,0.26785533717295357,137.28267360401244,25,Sun King Brewing Company,Indianapolis,IN
2036,2085.0,Hop Up Offa That Brett (2014),Belgian Pale Ale,16.0,0.058,82.81986928176988,83.82420293548485,Sun King Brewing Company,Indianapolis,IN
2037,2084.0,PV Muckle (2013),Scot#c%h Ale / Wee Heavy,16.0,0.369011020089384,23.0,25,Sun King Brewing Company,Indianapolis,IN
2038,10252.328446645446,Bourbon Barrel Batch 666: Sympathy for the Devil,Belgian Dark Ale,16.0,0.4152549074131091,36.0,25,Sun King Brewing Company,Indianapolis,IN
2039,10515.160854651143,Whip Fight,Scotch Ale / Wee Heavy,16.0,0.09,30.0,25,Sun King Brewing Company,Indianapolis,IN
2040,2081.0,Port Barrel Wee Mac,Scotch Ale / Wee Heavy,16.0,0.053,23.0,88.68946310767177,Sun King Brewing Company,Indianapolis,??IN@@
2041,2001.0,Fistful Of Hops Red,Am$eric#an IPA,16.0,0.064,75.0,25,Sun King Brewing Company,Indianapolis,IN
2042,2000.0,Fistful of Hops Orange,American IPA,92.29985969674715,0.063,437.00959329485653,25,Sun King Brewing Company,Indiana#polis,I$N%
2043,1999.0,F$istful Of Hops Blue,American IPA,71.92881423678158,0.064,75.0,25,Sun King Brewing Company,Indianapolis,IN
2044,10780.407495445725,Fistful of Hops Green,American IPA,16.0,0.2978590188805786,75.0,25,Sun King Brewing Company,Indianapolis,IN
2045,1948.0,30 Min Coma,Belgian IPA,16.0,,,77.77179312424958,Sun King Brew%ing C#ompany,Indianapolis,IN
2046,1656.0,Wee Muckle,Scotch Ale / Wee Heavy,90.92953479916248,0.09,30.0,25,Sun King Brewing Company,Indianapolis,IN
2047,1599.0,Royal Brat,Extra Special / Strong Bitter (ESB),16.0,0.065,55.0,25,Sun King Brewing Company,Indianapolis,IN
2048,1420.0,Grapefruit Jungle (GFJ),American IPA,16.0,0.075,447.718341552398,25,Sun King Brewing Company,Indianapoli#s,IN
2049,7080.088195627318,Osiris Pale Ale,American Pale Ale (APA),16.0,0.056,50.0,25,Sun King Brewing Company,Indianapolis,IN
2050,1367.0,Bourbon Barrel Aged Timmie,Russian Imperial Stout,16.0,0.099,397.7477234429528,25,Sun King Brewing Company,Indianapolis,IN
2051,7005.641784931556,Stupid Sexy Flanders,Flanders Oud% Br%uin,81.5658801857582,0.063,23.0,25,Sun King Brewing Company,Indianapolis,IN
2052,1347.0,Bourbon Barrel Cowbell,American Porter,16.0,,,134.28239712708958,Sun King B??rewing Company,Indianapolis,IN
2053,1314.0,Popcorn Pilsner,German Pilsener,16.0,0.054,,25,Sun King Brewing Company,Indi#ana??polis,IN
2054,5996.743945562844,Ring of Dingle,Irish Dry Stout,16.0,0.071,27.0,25,Sun King Brewing Company,Indianapolis,IN
2055,4276.759479207657,Bourbon Barrel Wee Mac,Scottish Ale,16.0,0.054,118.28228334651752,25,Sun King Brewing Company,I??ndianapol??is,IN
2056,1049.0,Bourbon Barrel Johan,English Barleywine,58.980173749570895,0.099,60.0,25,Sun King Brewing Company,Indianapolis,IN
2057,934.0,The Deuce,American Brown Ale,16.0,0.07,,25,Sun King Brewing Company,Indianapolis,IN
2058,3292.035792965605,The Velvet Fog,Quadrupel (Quad),16.0,0.09,120.27905069532468,25,Sun King Brewing Company,Ind#ianapolis,IN
2059,874.0,Sun King Oktoberfest,Märzen / Oktoberfest,16.0,0.3233911856690818,23.0,25,Sun King Brewing Company,Indianapoli#s,IN
2060,739.0,Indianapolis Ind#ia$ns Lager,Dortmunder / Export L@@ager,16.0,0.052,24.0,25,Sun King Brewing Company,Indianapolis,IN????
2061,698.0,Indians Victory Lager (2012),Dortmunder / Export Lager,16.0,0.052,24.0,25,Sun King Brewing Company,Indianapolis,IN
2062,660.0,Chaka,Belgian Strong Pale Ale,16.0,0.08,,25,Sun King Brewing Company,Indianapolis,IN
2063,651.0,Is$is,American Double #/ Imperial IPA,89.96323430641392,0.091,91.0,25,Sun King Brewing Company,#Indianapol$is,I#%N
2064,584.0,Wee Muckle (2011),Scotch Ale / Wee Heavy,16.0,0.09,30.0,25,Sun King% Brewing Com#pany,Indianapolis,IN
2065,532.0,Grapefruit Jungle (GFJ) (2011),American IPA,16.0,0.39362295013830034,77.0,25,Sun King Brewing Company,Indianapolis,IN
2066,2687.543826749278,Sun King Oktoberfest (2011),Märzen / Oktoberfest,16.0,0.055,23.0,25,Su@@n King Brewing Company,Indianapolis,IN
2067,394.0,Joh%an the Bar%leywine,English?? Barleywine,16.0,0.099,60.0,25,Sun King Brewing Company,Indianapolis,IN
2068,213.0,Wee Mac Scottish-Style Ale,Scottish Ale,16.0,0.054,118.52861391982388,25,Sun King Brewing Company,Indianapolis,IN
2069,55.0,Sunlight Cream Ale,$Cream Ale$,16.0,0.053,20.0,25,Sun Kin@@g Brewi$ng Company,Indianapolis,IN
2070,54.0,Osiris Pale Ale (2010),American Pale Ale (APA),16.0,0.056,50.0,25,Sun King Brewing Company,Indianapolis,IN
2071,7083.311991083985,Dam@@ Lager,American Amber / Red Lager,12.0,0.17275820878395148,,455,Sunken City Brewing Company,Hard#y%,V%A
2072,1206.0,Red Clay IPA,American IPA,12.0,0.24964810005765153,,455,Sunken City Brewing Company,Hardy,V??A
2073,2543.0,Todd the Axe Man,American IPA,16.0,0.072,,61,Surly Brewing Company,Brooklyn Center,#M#N
2074,13518.792437299579,Doomtree,Extra Special / Strong Bitter (ESB),16.0,0.057,,61,Surly Brewing Company,Brooklyn Center,MN
2075,6958.266178915388,BLAKKR,American Black Ale,54.668251634674576,0.5324066901589465,85.0,61,Surly Brewing Company,Brooklyn Ce@@nter$,MN
2076,1112.0,Overrated! West Coast Style %I@@PA,America%n IPA,16.0,0.073,69.0,61,Surly Brewing Company,Brookl%yn$ Center,MN
2077,329.0,WET#,American IPA,16.0,0.075,90.0,61,Surly Brewing Company,Brooklyn Center,M@@N%
2078,19.0,Bitter Brewer,English Bitter,16.0,0.04,37.0,198.4828881741335,Surly Brewing Company,Brooklyn Center,MN
2079,18.0,SurlyFest,Rye Beer,16.0,0.055,34.0,61,Surly Brewing Company,Brooklyn Center,@@??MN
2080,17.0,Coffee Bend?%?er,American Brown Ale,16.0,0.051,45.0,61,Surly Brewing Company,Brooklyn Center,MN
2081,16.0,Bender,American Brown Ale,16.0,0.051,45.0,61,Surly Brewing Company,Brooklyn Center,MN
2082,15.0,Abrasive Ale,American Double / Imperial IPA,16.0,0.097,120.0,61,Surly Brewing Company,Brooklyn Center,MN
2083,14.0,Hell,Keller Bier / Zwickel Bier,16.0,0.051,20.0,61,Surly Brewing Company,Brooklyn Center,MN
2084,74.29271044078536,CynicAle,Saison / Farmhouse Ale,16.0,0.067,33.0,219.97903071719261,Surly Brewing Company,Brooklyn Center,MN
2085,12.0,Furious,American IPA,16.0,0.23948515876875312,99.0,61,Surly Brewing Co??mpany,Brooklyn Center,MN
2086,1242.0,Big Nose,American IPA,12.0,0.2689217674956851,50.0,447,Swamp Head Brew#%ery,Gainesville,FL
2087,1241.0,Cotton Mouth,Witbier,12.0,0.05,10.0,447,Swamp Head Brewery,Gainesville,FL
2088,1240.0,Stump Knocker Pale Ale,American Pale Ale (APA),12.0,0.3143460157404372,112.65308820143063,2422.4914338790445,Swamp Head Brewery,Gainesville,??FL
2089,1239.0,Midnight Oil,Oatmeal Stout,12.0,0.05,38.0,447,Swamp Head Brewery,Gainesville,FL
2090,1238.0,Wild Night,Cream Ale,12.0,0.059,18.0,447,Swamp Head Brewery,Gainesville,FL
2091,1554.0,Bermuda Triangle Ginger Beer,Herbed / Spiced Beer,12.0,0.045,,381,Swashbuckler Brewing Company,Manheim,??@@PA
2092,2568.0,Take Two Pils,German Pilsener,12.0,0.055,35.0,49,SweetWater Brewing Company,Atlanta,GA
2093,2551.0,Waterkeeper,Hefeweizen,62.788181514774394,0.057,,285.34677514094966,SweetWater Brewing Company,Atlanta,GA
2094,1710.0,SweetWater IPA,American IPA,62.863679114945114,0.064,,49,SweetWater Brewing Company,Atlanta,GA
2095,1709.0,420 Extra Pale Ale,American Pale Ale (APA),12.0,0.054,,49,SweetWater Brewing Company,Atlanta,GA
2096,6412.993683428071,Dodgy Knight Imperial IPA,American Double / Imperial IPA,12.0,0.3821825562973274,95.0,449,TailGate Beer,San Diego,CA
2097,1164.0,TailGate Saison,Saison / Farmhouse Ale,12.0,0.05,,449,TailGate Beer,San Diego,CA
2098,663.0,TailGate IPA,American IPA,24.0,0.05,44.0,449,TailGate Beer,San Diego,CA
2099,662.0,TailGate IPA,American IPA,12.0,0.05,44.0,449,TailGate Beer,San Diego,CA
2100,623.0,TailGate Hefeweizen,Hefewe#izen#,24.0,0.2860132209552302,28.0,449,TailGate Beer,San Diego,CA
2101,622.0,Blacktop Blonde,American Blonde Ale,24.0,0.05,19.0,449,TailGate %Beer,San Diego,CA$
2102,362.0,Blacktop Blonde,Americ%an Blonde Ale,12.0,0.05,19.0,449,TailGate Beer,San Diego,CA
2103,361.0,TailGate Hefeweizen,Hefeweizen,12.0,0.049,28.0,449,TailGate Beer,San Die$go,CA
2104,2575.0,Wo#oden Rooster,Tripel,16.9,0.085,34.0,139.3904923448269,Tallgrass Brewing Company,Manhattan,KS
2105,2555.0,Ginger Peach Saison,Saison / Farmhouse Ale,16.0,0.048,20.0,45,Tallgrass Brewing Company,Manhattan,KS
2106,1736.0,Zombie Monkie,American Porter,16.0,0.062,35.0,45,Tallgrass Brewing Company,Manhattan,%KS
2107,1196.0,Wild Plum Farmhouse A%le,Sai??son / F%armhouse Ale,16.0,0.056,20.0,45,Tallgrass Brewing Company,Manhattan,KS
2108,1063.0,Vanilla Bean Buffalo Sweat,Oatmeal Stout,16.0,0.05,87.17457950283787,45,Tallgrass Brewing Company,Manhattan#%,KS
2109,1017.0,Ethos IPA,American IPA,16.0,0.068,110.0,45,Tallgrass Brewing Company,Manhattan,KS
2110,1009.0,Tal$lgra??ss Pub Ale,American Brown Ale,16.0,0.2582915108192807,12.0,45,Tallgrass Brewing Company,Manhattan,KS
2111,2996.864826908985,Oasis,Extra Special / Strong Bitter (ESB),16.0,0.072,93.0,45,Tallgrass Brewing Company,M#anhattan,KS
2112,765.0,Buffalo Sweat,Milk / Sweet Stout,16.0,0.16583095650010243,20.0,45,Tallgrass Brewing Company,Manhattan,KS
2113,676.0,Halcyon Unfiltered Wheat,American Pale Wheat Ale,16.0,0.05,20.0,45,Tallgrass Brewing Company,Manhattan,KS
2114,595.0,8-Bit Pale Ale,American Pale Ale (APA),16.0,0.052,,45,Tallgrass Brewing Company,Manhattan,KS
2115,2810.000044657703,Velvet Rooster,Tripel,16.0,0.085,,45,Tallgrass Brewing Company,Manhattan,KS
2116,412.0,Halcyon Unfiltered Wheat,American Pale Wheat Ale,12.0,0.05,94.93495272582837,45,Tallgrass Brewing Company,Manhattan,KS
2117,500.8327327462075,Köld Lager (2010),German Pilsener,16.0,0.05,95.27237702966514,45,Tallgr??ass Brewing Company,Manhattan,KS
2118,104.0,Oasis (2010),American Double / Imperial IPA,16.0,0.072,93.0,45,Tallgrass Brewing Company,Manhattan,KS
2119,425.70545879172056,Tallgrass Ale,American Brown Ale,16.0,0.24108916113379064,22.0,45,Tallgrass B@@rew@@ing Company,M??anhattan,KS
2120,102.0,Buffalo Sweat (2010),Milk / Sweet Stout,16.0,0.05,20.0,45,Tallgrass Brewing@@ Company,Manhattan,KS
2121,101.0,T@@allgrass IPA#,American IPA,16.0,0.063,60.0,45,Tallgrass Brewing C??ompany,Manhattan??@@,KS
2122,1433.0,Hat Trick Hop IPA,American IPA,79.09620494335111,0.068,,409,Tamar??ack Brewing Company,Lakeside,MT
2123,5722.352539695053,Yard Sale Amber Ale,American Amber / Red Ale,16.0,0.056,,409,Tamarack Brewing Company,Lakeside,MT
2124,936.0,Loafin Bräu,Altbier,16.0,0.055,,1985.6047188269838,Tampa Bay Brewing Company,??T@@ampa,F#??L
2125,544.0,Old Elephant Foot IPA,American IPA,16.0,0.07,460.3914041617152,490,Tampa Bay Brewing Company,Tampa,FL
2126,2640.0,Peck's Porter,American Porter,16.0,0.065,35.0,7,Tapistry Brewing,Bridgman,MI
2127,2448.0,Reactor$,American% IPA,55.866517948674634,0.07,,7,#Tapistry Brewing,Bridgman,MI
2128,2447.0,Mr. Orange,Witbier,16.0,0.057,,25.91711265637593,Tapis@@try Brewing#,Bridgman,MI
2129,2601.0,Deduction,@@Dubbel,12.0,0.08,22.0,28,Taxman Brewing Company,Bargersville,IN
2130,973.0,Face Down Brown Ale,American Brown Ale,12.0,0.27243664233341497,,480,Telluride Brewing Company,Telluride,CO
2131,827.0,Tempter IPA,American IPA,12.0,0.064,,480,Tel$lu$ride Brewing Company,Telluride,CO
2132,589.0,Bridal Veil Rye Pale Ale,American Pale Ale (APA),12.0,0.055,,480,Telluride Brewing Company,Telluride,CO
2133,2155.0,Smittytown,Extra Special / Strong Bitter (ESB),12.0,0.048,,929.1661296446929,Temperance Beer Company,Evanston,IL
2134,1982.0,Greenwood Beach,Fruit / Vegetable Beer,12.0,0.04,,210,Temperance Beer Company,Eva$nston,IL
2135,11214.438485042716,Gatecrasher,English India Pale Ale (IPA),12.0,0.066,,210,Temperance Beer Company,Evanston,IL
2136,4085.5674542243023,RecreationAle,American Pale Ale (APA),44.30989975992078,0.047,201.7909256555218,469,Terrapin Brewing Company,Athens,GA
2137,12389.289074532551,First Stand,Saison / Farmhouse Ale,12.0,0.055,35.0,215,Texian Br%ewing Co.,Richmond,TX
2138,2118.0,Battle @@LIne,A$merican Brow#n Ale,12.0,0.063,23.0,1203.6073502759662,Texian Brewing Co.,Richmond,TX
2139,2117.0,Broken Bridge,Dunkelweizen,12.0,0.056,12.0,215,Texian Brewing Co.,Richmond,TX
2140,2116.0,Brutus,English India Pale Ale (IPA),61.22007930115059,0.071,69.0,215,Texian Brewing Co.,Richmond,TX
2141,1916.0,Petit Mutant,American Wild Ale,16.0,0.06,,272,The Alchemist,Waterbury,VT
2142,1915.0,The Crusher,American Double / Imperial IPA,58.331621855295595,0.096,,272,The Alche??mist,Waterbury,V??%T
2143,1914.0,Beelzebub,American Double / Imperial Stout,16.0,0.08,,272,The?? Al#chemist,Waterbury,VT
2144,1810.0,Focal Banger,American IPA,16.0,0.07,,272,The Alchemist,Waterbury,VT
2145,1111.0,Heady Topper,American Double / Imperial IPA,73.97540962948273,0.08,120.0,272,The Alchemist,Waterbury,VT
2146,1812.0056809905018,Heady Topper,American Double / Imperial IPA,16.0,0.4397480976611112,120.0,272,The Alchemist,Waterbury,VT
2147,1200.0,Bomber Mountain Amber Ale (2013),American Amber $/ Red Ale%,65.01918959973091,0.046,20.0,457,T%he Black Tooth Brewing Com#pany,Sheridan,WY
2148,1199.0,Indian Paintbrush IPA,American IPA,12.0,0.07,75.0,457,The Black Tooth Brewing Company,Sh$$eridan,WY
2149,1198.0,Saddle Bronc Brown Ale (2013),English Brown Ale,55.72341267177029,0.048,16.0,457,The Black Tooth Brewing Company,Sheridan,WY
2150,1197.0,Wagon Box Wheat Beer,American Pale Wheat Ale,12.0,0.059,15.0,1968.8897224822977,The Black Tooth Brewing Company,Sheridan,#$WY
2151,1945.0,Birdhouse Pale Ale,Belgian@@# Pale Ale,39.352013502241505,0.05,,262,The Brewer's Art,Baltimore,MD
2152,1079.0,Ozzy,Belgian Pale A??le,71.52317975449714,0.073,,262,The Brewer's Art,Baltimore%,MD%%
2153,94.0,Resurrection,Dubbel,52.331409435908384,0.07,,262,The Brewer's Art,Baltimore,MD
2154,1748.0,Bronx Summer Pal#e Ale,American Pale Ale (APA),95.77944102817499,0.2767867689525169,79.95264157742628,329,The Bronx Brewery,Bronx,NY
2155,1747.0,Bronx Black Pale Ale,American Black Ale,16.0,0.057,46.0,329,The Bronx Brewery,Bronx,NY
2156,1037.0,Bronx Pale Ale,American Pale$ A$le (APA),16.0,0.19320597090002278,50.0,329,$The% Bronx Brewery,Bronx,NY
2157,2594.0,Surfrider,American Pale Ale (APA),16.0,0.052,35.0,33,The Dudes' Brewing Company,Torrance,CA
2158,2035.0,Kolschtal Eddy,Kölsch,16.0,0.055,,168.64597251527806,The Dudes' Brewing Company,Torrance,CA
2159,2034.0,South Bay Session IPA,American IPA,68.24253529307025,0.2937750206816902,,158.20548460662752,The Dudes' Brewing Company,Torrance,CA
2160,1562.0,Grandma's Pecan,English Bro$wn Ale,16.0,0.069,132.00556034893282,33,The Dudes' Brewing Company,Torrance,CA
2161,1561.0,Double Trunk,American Double / Imperial IPA,16.0,0.099,101.0,108.15249434792027,The Dudes' Brewing Company,Torrance,C@@A??
2162,1749.0,Just IPA,American IPA,12.0,0.046,45.0,328,The Just Beer Project,Burlington,VT
2163,2455.0,Lionshead,American Pilsner,12.0,0.045,,90,The Lion Brewery,Wilkes-Barre,PA
2164,963.0,Manhattan Gold Lager (1990),American Amber / Red Lager,12.0,,,484,The Manhattan Brewing Company,New York,NY
2165,2638.0,G. B. Russo’s Italian Pistachio Pale Ale,American Pale Ale (APA),16.0,0.052,,9,The Mitten Brewing Company,Grand Rapids,M#@@I
2166,1278.0,Northern Hawk Owl Amber,American Amber / Red Ale,12.0,0.21491378536914335,,438,The Right Brain Brewery,Traverse City,MI
2167,1277.0,CEO Stout,American Stout,84.38343956443506,0.059,,438,The?? Right Brain Brewery,Traverse City,MI
2168,1276.0,Will Power Pale$ Ale??,American Pale Ale (APA),16.0,0.047,,438,The% Rig%ht Brain Brewery,Traverse City,MI
2169,1732.0,Curious Traveler Shandy,??Sha@@ndy,12.0,0.044,,334,The Travele$r Beer Company,Burlington,VT
2170,2347.0,Hunny Do Wheat,American Pa#le Wheat Al@@e,12.0,0.048,18.0,142,Third Street Brewhouse,Cold Spring,MN
2171,1781.0,Thre??e Way Pale Ale,American Pale A??le (A#PA),12.0,0.28481281957497684,,142,Third Street Brewhouse,Cold %Sp@@ring,MN
2172,1780.0,Rise to the Top,Cream Ale,12.0,0.041,,142,Third Street Brewhouse,Cold Spring,MN
2173,1779.0,Lost Tr??out Brown Ale,American Brown Ale,12.0,0.20759987404223876,,142,Third Street Brewhouse,Cold Spring,M#N
2174,2421.0,Watermelon Ale,Fruit / Veg%etable B??eer,12.0,0.2632342440417254,11.0,622.4621405011146,Thomas Hooker Brewing Company,Bloomfield,CT
2175,2319.0,Knotty Blonde Ale,American Blonde Ale,12.0,0.04,18.0,153,Three Creeks Brew??ing,Sister??s,OR
2176,2317.0,Fivepine Chocolate Porter,American Porter,12.0,0.1966145197289679,201.0947939045252,153,Three Creeks Brewing,Sisters,OR??#
2177,2316.0,Hoodoo Voodoo IPA,American IPA,12.0,0.062,82.0,153,Three Creeks Brewing,S$i#sters,OR
2178,1913.0,Hydraulion Red,Irish Red Ale,12.0,0.053,22.0,273,Three Notch'd Brewing Company,Charlottesville,VA
2179,8647.787298093748,40?? M$ile IPA,American IPA,36.17490463198574,0.06,239.59611942120915,1571.7789100092466,Three Notch'd Brewing Company,Charlottesville,VA
2180,2617.0,??Citra Faced,American Pale Wheat Ale,16.0,0.055,371.42618424693325,21,Three Pints Brewing,Martinsville,IN
2181,13886.090701512485,Pole Barn Stout,Oatmeal Stout,16.0,0.055,31.0,21,Three Pints Brewing,Martinsville,IN
2182,2615.0,Pale,American Pale Ale (APA),89.53053688168895,0.054,37.0,83.59534994931398,Three Pints Brewing,Martinsville,#IN%
2183,10948.1926790122,Yoshi's Nectar,California Common / Steam Beer,16.0,0.29332149871953983,27.0,21,Three Pints Brewing,Martinsville,IN
2184,1889.0,Leatherhead Red,American Amber / Red Ale,12.0,0.21891716763064129,,282,Thunderhead Brewing Company,Kearney,NE
2185,1222.0,Cropduster Mid-American IPA,American IPA,12.0,0.065,,846.3461089516488,Thunderhead Brewing Company,Kearney,NE
2186,122.0,Golden Frau Honey Wheat,Braggot,12.0,0.28167488769154764,,282,Thunderhead Brewing Company,Kearney,NE
2187,606.3548966959108,Cornstalker Dark Wheat,American Dark Wheat Ale,12.0,,,1366.5757909961158,Thunderhead Brewing Company,Kearney,??N#E
2188,2623.0,Cafe Leche,American Porter,16.0,0.2257841228856457,20.0,17,Tin Man Brewing Company,Evansville,IN
2189,13194.665299530645,Damascene Apricot Sour,Fruit / Vegetable Beer,16.0,0.052,45.709824210615864,17,Tin Man Brewing Company,Evansville,IN
2190,2621.0,Csar,Russian Imperial Stout,81.85257417793703,0.12,90.0,17,Tin Man Brewing Company,Evansville,IN
2191,1817.0,Klingon Warnog Roggen Dunkel,Roggenbier,16.0,0.055,,17,Tin Man Brewing Company,Evansville,IN
2192,1449.0,Overlord I@@mperial IPA,American Double / Imperial IPA,16.0,0.085,115.0,17,Tin Man Brewing Company,Evansville,IN
2193,951.0,Alloy,Ame$rica@@n IPA,16.0,0.058,36.0,17,Tin Man Brewing Company,Evansville,I$N
2194,4048.2513193207324,Rivet Irish Red Ale,Iris@@h Red$ Ale,16.0,0.051,22.0,17,Tin #%Man Brewing Company,Evansville,IN
2195,949.0,3 Gear Robust Porter,American Port??er,16.0,0.052,220.30981997004199,17,Tin Man Brewing Company,Evansville,IN
2196,948.0,Circuit Bohemian Pilsner,Czech Pilsener,16.0,0.045,108.80407602026679,17,Tin Man Brewing Company,Evansville,IN
2197,2321.0,Turnrow Harvest Ale,American Blonde Ale,12.0,0.31035276803808715,,788.5760943767225,Tin Roof Brewing Company,Baton Rouge,LA
2198,8451.160000422806,Juke Joint IPA,American IPA,12.0,0.07,60.0,583.0223103045929,Tin Roof Brewing Comp#any,Baton Rouge,L@@A
2199,6394.401882013358,Parade Ground Coffee Porter,??American Porter,66.17397863236306,0.07,35.0,790.7319643777179,Tin Roof Brewing Company,@@Bato%n Rouge,LA
2200,1428.0,Tin Roof Watermelon Wheat,Fruit / Veget$able Beer,12.0,0.05,21.0,152,Tin Roof Brewing Company,Baton Rouge,LA
2201,529.0,Tin Roof Blonde Ale,??American Blonde Ale,12.0,0.045,18.0,152,Tin Roof Brewing Company,Baton Rouge,LA
2202,495.0,Voodoo Bengal Pale Ale,American Pale Ale (APA),12.0,0.055,37.0,152,Tin Roof Brewing Company,Baton Rouge,LA
2203,494.0,Perfect Tin Amber,American Amber / Red Ale,12.0,0.045,152.08461248275995,600.8176875343383,Tin Roof Brewing Company,Baton Rouge,LA
2204,1856.0,IPA & a Half,American IPA,12.0,0.073,87.0,291,Tommyknocker Brewery,Idaho Springs,CO
2205,3399.7356127803314,Ornery Amber Lager (2003),Vienna Lag??er??,36.28056513723419,0.055,33.0,291,Tommyknocker Brewery,Idaho Springs,CO
2206,1027.0,Big Island Shandy,Shandy,16.0,0.1630542476219973,,474,Tonka Beer Company,Minnetonka,MN
2207,3750.9306806389905,Preservation IPA,American IPA,16.0,0.068,,474,Tonka Beer Company,Mi#nnetonka@@,MN
2208,6417.405863306152,Almanac IPA,American IPA,12.0,0.062,72.0,265,Tractor Brewing C$ompany,Albuquerque,NM
2209,1937.0,Milk Mustachio Stout,Milk / Sweet Stout,59.18813914848338,0.065,,1074.5895773138623,Tracto#r Brewing Company,Albuquerque,NM
2210,1936.0,Farmer's Tan Red Ale,American Amber / Red Ale,12.0,0.06,30.0,265,Tractor Brewing Company,Albuquerque,NM
2211,594.0,Triangle India Pale Ale,American IPA,12.0,0.057,,524,Triangle Brewing Company,Durham,NC
2212,114.0,Triangle White Ale,Witbier,12.0,0.05,,524,Triangle Brewing Company,Durham,NC
2213,113.0,Triangl??e Belgian Gol??den Ale,Belgian Strong Pale Ale,12.0,0.2909186153928907,,524,Tri@@angle Brewing Company,Durham,NC
2214,2445.0,Troegenator,Doppelbock,16.0,0.082,,97,Tröegs Brewing Compan@@y,Hershey,PA
2215,13150.653483003165,Nugget Nectar,American Amber / Red Ale,16.0,0.075,454.1417462515589,97,Tröegs Brewing Company,Hershey,PA#
2216,2203.0,%Su??nshine Pils,American Pilsner,12.0,0.045,45.0,97,Tröegs Brewing Company,Hershey,PA
2217,1510.0,Troegenator Doublebock,Doppelbock,16.0,0.082,25.0,97,Tröegs Brewing Company,Hershey,PA
2218,1509.0,Perpetual IPA,American IPA,12.0,0.28772611746283433,85.0,500.5374570705624,Tröegs B%rewing Company,Hershey,PA
2219,433.0,Greenville Pale Ale,American Pale Ale (APA),12.0,0.055,52.0,539,Twin Lakes Brewing Company,Greenville,DE
2220,641.0,Hoppy Boy,American IPA,16.0,0.062,65.0,520,Twisted Pine Brewing Company,Boulder,CO
2221,2588.0,Cow Creek,American Amber / Red Lager,12.0,0.054,26.0,38,Twisted X Brew#ing Company,Dripping Springs,T??X
2222,2458.0,Chupahopra,American IPA,12.0,0.075,63.0,141.78764770664432,Twisted X Brewing Company,Dripping Springs,TX
2223,11324.879032554885,Twis@@ted X,American Adjunct Lager,12.0,0.051,19.0,38,Twisted X Brewing Company,Dripping Springs,TX
2224,2235.0,Day Hi%ke #Session,American IPA,12.0,0.041,214.44068917514255,190,Two Beers Brewing Company,Seattle@@,WA
2225,1661.0,Trailhead ISA,American IP??A,12.0,0.048,48.0,1050.0873145044916,Two Beers Brewing Company,Seattle,WA
2226,1660.0,Immersion Amber,American Amber / Red Ale,12.0,0.052,27.0,190,Two Beers Brewing Company,Seatt??l??e,WA
2227,1659.0,Evo IPA,American IPA,12.0,0.062,70.0,190,Two Beers Brewing Company,Seattle,WA
2228,1438.0,Presidential Pils,Czech Pilsener,12.0,0.048,,190,Two Beers Brewing Company,Seatt%le$,WA
2229,4349.9770359439,Evolutionary IPA (2012),American IPA,52.90502111830475,0.062,368.3429880909252,190,Two Beers Brewing Company,Seattle,W$A??
2230,2280.376532172161,Persnickety Pale,American Pale Ale (APA),12.0,0.057,36.0,611.7476975012561,Two Beers Brewing Company,Seattle,WA
2231,519.0,SoDo Brown Ale,American Brown Ale,12.0,0.054,20.0,190,Two Beers Brewing Company,Seattle,WA
2232,518.0,Immersion Amber Ale (2011),American Amber / Red Ale,36.924823491725455,0.052,27.0,190,Two Beers Brewing Company,Seattle,WA
2233,505.0,Evolutionary IPA (2011),American IPA,12.0,0.062,70.0,190,Two Beers Brewing Company,Seattle,WA
2234,1870.154042535386,Trailhead India Style Session Ale (2011),American IPA,12.0,0.048,48.0,190,Two Beers?? Brewing Company,Seat%tl??e,WA
2235,451.0,Panorama Wheat Ale,@@American Pale Wheat Ale,12.0,0.046,,190,Two Beers Brewing Company,Seattle,WA
2236,2497.0,Wobble,American IPA,16.0,0.063,69.0,74,Two Brothers Brewing Company,Warrenville,@@IL
2237,2246.0,Night Cat,American Dar$k Wheat Ale,12.0,0.25374468141307094,43.0,74,Two Brothers Brewing Company,Warrenville,IL
2238,6650.70540816773,Night Cat (2014),American Dark Wheat Ale,12.0,0.058,43.0,442.19415018313,Two Brothers Brewing Company,Warrenville,IL
2239,1284.0,Dog Days Lager,Dortmunder / Export Lager,42.0300000071269,0.051,17.0,74,Two Brothers Brewing Company,Warrenville,IL
2240,1121.0,Sidekick Extra Pale Ale,Am$erican Pale Ale (APA),12.0,0.051,36.0,74,Two Brothers Brewing Company,Warrenville,IL
2241,1042.0,Atom Smasher,Märzen / Oktoberfest,12.0,0.077,23.0,74,Two Brothers Brewing Company,Warrenville,IL
2242,4505.053279443036,Testudo,Bière de Garde,12.0,0.045,,74,Two Brothers Brewing Company,Wa$$rrenville,IL
2243,1040.0,Hobnob B &% B Pale Ale,American Pale Ale (APA),61.59077788150415,0.065,,74,Two Brothers Brewing Company,Warrenville,IL
2244,861.0,Cane and Ebel,American Strong Ale,12.0,0.07,68.0,74,Two Brothers Brewing Company,Warrenville,IL
2245,2389.2174301277673,Outlaw IP%A (2015),American IPA,12.0,0.065,,74,Two Brothers Brewing Company,Warrenville,IL
2246,2037.0,The Gilded Age,Munich Helles Lager,12.0,0.045,,243,Two Henrys Brewing Company,Plant City,FL
2247,6115.785670378027,No Limits Hefeweizen,Hef??eweizen,16.0,0.05,,435,Two Roads Brewing Company,Stratford,CT
2248,1189.0,Honeyspo%t Road Whit@@e IPA,American White IPA,12.0,0.06,,435,Two Roads Brewing Company,Stratford,CT
2249,1171.0,Road 2 Ruin Double IPA,American Double / Imperial IPA,12.0,0.072,,435,Two Roads Brewing Compa#ny,Stratford,CT
2250,1170.0,Workers Comp Saison,Saison / Farmhouse Ale,12.0,0.048,,435,Two Roads Brewing Company,Stratford,CT
2251,1169.0,Ol' Factory Pils,German Pilsener,12.0,0.05,,435,Two Roads Brewing Company,Stratford,CT
2252,2310.0,PUNK'N,Pumpkin Ale,12.0,0.05,10.0,159,Uinta Brewing Company,Salt Lake City,UT
2253,2100.0,Yard Sale Wint??er L$ager,American Amber / Red Lager,12.0,0.04,82.18051547477495,159,Uinta Brewing Company,Salt Lake City,UT
2254,1925.0,Trader Session IPA,American IPA,12.0,0.04,42.0,794.8417943748494,Uinta Brewing Company,Salt Lake City,UT
2255,5408.533931572347,Hop Nosh IPA,American IPA,12.0,0.073,83.0,159,Uinta Brewing Company,Salt Lake City,UT
2256,1212.0,SUM'R,American Blonde Ale,12.0,0.04,100.30759585057947,159,Uinta Brewing Company,Salt Lake City,UT
2257,1097.0,Organic Baba Black Lager,Schwarzbier,12.0,0.04,32.0,159,Uinta Brewing Company,Salt Lake City,UT
2258,1089.0,Hop Notch IPA (2013),American IPA,63.065599244280996,0.073,82.0,159,Uinta Brewing Company,Salt Lake City,UT
2259,1088.0,Cutthroat Pale Ale,American Pale Ale (APA),49.07018045151911,0.04,137.48895475290553,159,Uinta Brewing Company,Salt Lake City,UT
2260,974.0,WYLD Extra Pale Ale,American Pale Ale (APA),12.0,0.1366273308588006,29.0,159,Uinta Brewing Company,Salt Lake City,U#T@@
2261,98.0,Pilsne??r Uki@@ah,German Pilsener,12.0,0.055,,555,Ukiah Brewing Company,Ukiah,CA
2262,2372.0,The Green Room,American IPA,16.0,0.06,75.0,126,Uncle Billy's Brewer@@y and $Smokeh...,Austin,TX
2263,2367.0,Humbucker Helles,Maib#ock / Helles Bo#ck,78.88783183207562,0.23349592455339016,25.0,126,Uncle Billy's Brewery and Smokeh...,Austin,TX
2264,6347.666532214744,Uncle John's Apple Cherry Cider,Cider,16.0,0.065,,338,Uncle John's Fruit House Winery,St. John's,MI
2265,1703.0,Uncle John's Apricot Apple Cider,Cider,16.0,0.065,,338,Uncle John's Fruit House Winery,St. John's,MI
2266,877.0,Draught Hard Apple Cider,Cider,16.0,0.35502885238673215,,338,Uncle John's Fruit House Winery,S%t. John@@'s,MI
2267,606.0,Scotty K NA,Low Alcohol Beer,16.0,0.001,,522,Unco$mmon @@Brewers,Santa Cruz,??%CA
2268,543.0,Bacon Brown Ale,American Brown Ale,16.0,0.068,,2537.665295458248,Uncommon Brewers,Santa Cruz,CA
2269,347.0,Golden State Ale,Belgian Pale Ale,16.0,0.064,,522,Uncommon Brewers,Santa Cruz,CA
2270,346.0,Baltic Porter,Baltic Porter,16.0,0.078,,522,Uncommon Brewers,Santa Cruz,CA
2271,25.0,Siamese twin,Dubbel,16.0,0.085,,1607.9128250007368,Uncommon Brewers,Santa Cruz,CA
2272,2507.0,Double Duckpin,American Double / Imperial IPA,12.0,0.27542976085076726,90.0,71,Union Craft Brewing@@,#Baltim%ore,%@@MD
2273,2506.0,Old Pro,Gose,12.0,0.1675785099147447,10.0,71,Union Craft Brewing,Baltimore,MD
2274,829.0,Duckpin Pale Ale,American Pale Ale (APA),12.0,0.055,,71,Union Craft Brewing,Baltimore,MD
2275,3274.4900338824136,Balt Altbier,Altbier,12.0,0.06,,71,Union Craft Brewing,B??altimore,MD
2276,2190.0,Campside Ses??sion IPA,American IPA,16.0,0.18445830805457572,50.0,202,Upland Brewing Compan%y,Bloom%ington??,IN
2277,1951.0,Upland Wheat Ale,Witbier,16.0,0.15642810313663186,15.0,202,Upland Brewing Company,Bloomington,IN
2278,1950.0,Dragonfly IPA,American IPA,16.0,0.06,,202,Upland Br%ewing Com??pany,Bloomington,IN
2279,2565.0,Lee Hill Series Vol. 5 - Belgian Style Quadrupel Ale,Quadrupel ??($Quad),66.61997258750688,0.128,,51,Upslope Brewing Company,Boulder,CO
2280,2564.0,Lee Hill Series Vol??. 4 - Manhattan Styl%e Rye Ale,Rye Beer,19.2,0.104,,51,Upslope Brewing Company,Boulder,CO
2281,2563.0,Lee Hill Series Vol. 2 - Wild Saison,American Wild Ale,19.2,0.3911894655347787,24.0,51,Upslope Brewing Company,Boulder,CO
2282,2562.0,Lee Hill Series Vol. 3 - Barrel Aged Imperial Stout,Am??erican Double# / Imperial Stout,19.2,0.3603589112245931,51.0,51,Upslope Brewing Company,Boulder,CO
2283,2561.0,Lee Hill Series Vol. 1 - Barrel Aged Brown Ale,American Brown Ale,19.2,0.076,,51,Upslope Brewing Company,Boulder,CO
2284,2560.0,Blood Orange Saison,Saison / Farmhouse Ale,40.61911131653205,0.06,,51,Upslope Brewing Company,Boulder,CO
2285,1932.0,Thai Style White IPA,American @@??White IPA,47.8390196441412,0.3486770699690124,33.0,51,Upslope Brewing Company,Boulder,CO
2286,1853.0,Ferus Fluxus Wild Belgian Pale Ale,American Wild Ale,19.2,0.075,30.0,51,Upslope Brewing Company,Boul@@der@@,CO
2287,1315.0,Upslope Imperial India Pale Ale,American Double / Imperial IPA,19.2,0.099,90.0,51,Upslope Brewing Company,Boulder,CO
2288,907.0,Upslope Christmas Ale,Winter W%arm%er,92.33608655136851,0.082,,51,Upslope Brewing Company,Boulder,CO
2289,906.0,Upslope Pumpkin Ale,Pumpkin Ale,16.0,0.077,,170.8816291867612,Upslope Brewing Company,Boulder,CO
2290,683.0,U%ps$lope Belgian Style Pale Ale,Belgian Pale Ale,12.0,0.075,30.0,51,Upslope Brewing Company,Boulder,C%O
2291,614.0,Upslope Foreign Style Stout,Foreign / Export Stout,12.0,0.069,,218.9205513747602,Upslope Brewing Company,Boulder,CO
2292,466.0,Top Rope Mexican-style Craft Lager,Vienna Lager,12.0,0.048,15.0,51,Upslope Brewing Company,Boulder,CO
2293,444.0,Upslope Craft Lager,Vienna Lager,12.0,0.048,22.0,51,Ups#lope Brewing C#ompany,Boulder,CO
2294,345.0,Upsl??ope #Brown Ale,English Brown Ale,45.14247271232952,0.067,,51,Upslope Brewing Company,Boulder,CO
2295,80.0,Upslope@@ Pal$e Ale,American Pale Ale (APA),12.0,0.058,,259.29022038328435,Upslope Brewing Company,Boulder,CO
2296,79.0,Upslope India Pale Ale,American IPA,12.0,0.072,,51,Upslope $Brewing Com%pany,@@Boulder,CO
2297,382.0,Common Sense Kentucky Common Ale,American Brown Ale,16.0,0.053,22.0,546,Upstate Brewing Company,Elmira,NY%
2298,381.0,Upstate I.P.W.,American IPA,12.0,0.065,277.98564529174166,546,Upstate B#rewing Company,Elmi$r@@a,NY
2299,5529.899747611089,Squatters Full Suspension Pale Ale,American Pale Ale (APA),12.0,0.04,,302,Utah Brewers Cooperative,Salt Lake City,UT
2300,1825.0,Squatters Hop Rising Double IPA,American Double / Imperial IPA,12.0,0.09,438.76956554755395,302,Utah Brewers Cooperat%ive,Salt Lake City,#%UT
2301,9350.830306772412,Devastator Double Bock,Doppelbock,12.0,0.08,,1595.6548422165988,Utah Brewers Cooperative,Salt Lake City,UT
2302,1823.0,Wasatch Ghostrider White IPA,American White IPA,12.0,0.06,,302,Utah Brewers Cooperative,Salt Lake City,UT
2303,1682.0,Wasatch Ghostrider White IPA (2014),American White IPA,62.449714888869764,0.06,,302,Utah Brewers Cooperative,Salt Lake City,UT
2304,1681.0,Wasatch Apricot Hefeweizen,Fruit / Vegetable Beer,12.0,0.04,,302,Utah Brewers Cooperative,Salt Lake City,UT
2305,1680.0,Squatt%ers Hop Rising Double IPA (2014),American Double / Imperial IPA,12.0,0.4188736544661349,75.0,302,Utah Brewers Cooperative,##Salt Lake City,UT
2306,1679.0,Squatters Full Suspension Pale Ale,American Pale Ale (APA),12.0,0.04,,302,Utah Brewers Cooperative,Salt Lake City,UT
2307,11515.109613082306,Nunica?%? Pine,Cider,16.0,0.068,,185,Van#der Mill Ciders,Spring Lake,MI
2308,2244.0,Ginger Peach,Cider,16.0,0.069,,185,Vander M??ill Ci??ders,Sprin%g L#ake,MI
2309,1378.0,Totally Roasted,Cider,16.0,0.068,,185,Vander M#ill Ciders,Spring Lake,MI
2310,1377.0,Blue #G#old,Cider,16.0,0.068,,185,Vander Mill Ciders,Spring Lake,MI
2311,1376.0,Hard Apple,Cider,16.0,0.068,,185,Vander Mill Ciders,Spring Lake,MI
2312,2411.0,Nitro Can Coffee Stout,American Stout,49.44432018615253,0.052,,113,Vault Brewing Company,Yardley,PA
2313,1770.0,Voodoo Love Child,Tripel,12.0,0.351711150257309,25.0,322,Voodoo Brewery,Meadville,PA
2314,8660.914644546287,White Magick of ??the Sun,Witbier,12.0,0.079,23.0,1796.8399841471062,Voodoo Brewery,Meadville,PA
2315,1730.0,Wynona's Big Brown Ale,American Brown Ale,41.0811386431615,0.299671807841064,31.0,322,Voodoo Brewery,Meadville,PA
2316,1729.0,Gran Met,Belgian Strong Pale Ale,12.0,0.092,25.0,322,Voodoo Brewery,Meadville,PA
2317,1603.0,Good Vibes IPA,American IPA,12.0,0.073,85.0,322,Voodoo Brewery,Meadville,PA
2318,1488.0,Pilzilla,American Double / Imperial Pilsner,12.0,0.075,85.0,322,Voodoo Brewery,Meadville,PA
2319,1846.0,Wachusett Light IPA,American IPA,12.0,0.04,37.0,295,Wachusett Brewing Company,Westminster,MA
2320,1845.0,Gree#n M$onsta IPA,American IPA,12.0,0.06,55.0,1223.286196374253,Wachusett Brewing Company,Westminster,MA
2321,1844.0,Wachusett IPA,American IPA,12.0,0.056,266.90453982519927,295,Wachusett Brewing Company,Westminster,MA$??
2322,1843.0,Strawberry White,Witbier,52.68858154028824,0.047,,295,Wachusett Brewing Company,Westminster,#MA
2323,1418.0,Larry Imperial IPA,American Double / Imperial IPA,59.003620428332525,0.085,455.9927561424647,295,Wachusett Brewing Company,Westminst%er,MA??@@
2324,1038.0,Wachu@@sett Su$mmer,American Pale Wheat Ale,12.0,0.047,,295,Wachusett Brewing Company,Westminster,MA
2325,1030.0,Country Pale Ale,English Pale Ale,12.0,0.051,83.31336083799577,295,Wachusett Brewing Company,W@@estm$inster,MA
2326,1029.0,Wachusett Light IPA (2013),American IPA,12.0,0.04,37.0,1337.966224646476,Wachusett Brewing Company,Westminster,MA
2327,908.0,Pumpkan,Pumpkin Ale,12.0,0.052,20.0,295,Wachusett Brewing Company,Westminster,MA
2328,619.0,Wachusett Blueberry Ale,Fruit / Vegetable Beer,12.0,0.045,10.0,295,Wachusett Br@@ewing Compa%ny,Westminster,MA
2329,618.0,Green Monsta IPA,American IPA,36.28213650215672,0.06,190.49197519901495,295,Wachusett Brewing Company,Westminster,MA
2330,780.0,T-6 Red Ale (2004),American Amber / Red Ale,12.0,0.047,,506,Warbird Brewing Company,Fort Wayne,IN
2331,2450.0,Self Starter,American IPA,16.0,0.052,342.8562938340981,94,Warped Wing Brewing Company,Dayton,OH?%?
2332,2223.0,E#rmal'@@s,Cream Ale,57.047264500842644,0.054,20.0,384.0847963152623,Warped Wing Brewing Co??mpany,D??#ayton,OH
2333,2222.0,10 Ton,Oat$me%al Stout,58.928443959933226,0.217588993638073,,382.24525031561865,Warped Wing Brewing Company,Day%ton,OH
2334,11678.738159921353,Flyin' Rye,American IPA,16.0,0.07,,94,Warped Wing Brewing Company,Dayton,OH
2335,2439.0,Christmas Ale,He%rbed / Spiced Beer,12.0,0.09,,100,West Sixth# Brewin??g,Lexington,KY
2336,2356.0,Pay It Forward Cocoa Porter,American Porter,12.0,0.07,,100,West Sixth Brewing,Lexington,KY
2337,4385.765287049233,West Sixth Amber Ale,American Amber / Red Ale,12.0,0.055,,100,West Sixth Brewing,Lexington,KY
2338,652.0,West Sixth IPA,American IPA,12.0,,,100,West Sixth Brewing,Lexington,KY
2339,1542.0,One Claw,American Pale Ale (APA),12.0,0.055,,1668.05223747438,Westbrook Brew$ing Company,Mt. Pleasant,SC
2340,1312.0,Westbrook Gose,Gose,12.0,0.16184149465546407,5.0,384,Westbrook Brewing Company,Mt. Pleasant,SC
2341,576.0,White Thai@@,Witbi$er??,12.0,0.05,68.91507275313018,384,Westbrook Brewing Company,Mt. Pleasant,SC
2342,575.0,West??brook IPA,American IPA,12.0,0.068,65.0,384,Westbrook Brewing Company,Mt. Pleasant,SC
2343,1645.0,Westfield Octoberfest,Märzen / Oktoberfest,12.0,0.057,88.56404225947252,351,Westfield River Brewing Company,West??fie@@ld,MA
2344,1551.0,Pop's Old Fashioned Lager,American Amber / Red Lager,12.0,0.052,,351,Westfield River Brewing Company,Westfield,MA
2345,1550.0,Charlie in the Rye,American IPA,12.0,0.058,55.0,351,Westfield River Brewing Company,Westfield,MA
2346,2364.0,Royal La??ge%r,A??merican Pale Lager,16.0,,,132,Weston Brewing Company,Weston,MO
2347,7675.208037306803,Rip Van Winkle (Current),Bock,68.94019297395077,0.08,,132,Weston Brewing Company,Weston,MO
2348,2344.0,O’Malley’s Stout,English Stout,58.10295776818633,,,132,Weston Brewing Company,Weston,MO
2349,2343.0,O’Malley’s IPA,American IPA,12.0,0.075,89.0,132,Weston Brewing Company,Weston,MO
2350,2342.0,O’Malley’s I$rish Style Cream Ale,Cream Ale,12.0,,,132,Weston Brewing Company,Weston,MO
2351,2341.0,L'il Lucy's Hot Pepper Ale,Chile Beer,12.0,0.049,28.0,132,Weston Brewing Company,Weston,MO
2352,2340.0,Drop Kick Ale,American Amber / Red Ale,12.0,0.2222903480113937,,132,Weston Brewing Company,#Weston,MO
2353,14147.541679280963,Raspberry Berliner Weisse,Berli$ner Weissbier,12.0,0.055,,47,White Birch Brewing,Hooksett,@@NH
2354,2572.0,Hop Session,American IPA,12.0,0.05,,47,White Birch Brewing,Hooksett,NH
2355,2571.0,Blueberry Berliner Weisse,Berliner Weissbier,55.88667728526802,0.055,,47,White Birch Brewing,Hooksett,NH
2356,2570.0,Berliner Weisse,Berliner Weissbier,12.0,0.3167175243884464,,47,White Birch Brewing,Hooksett,NH
2357,1498.0,Super G IPA,American IPA,78.69442342225378,0.06,,1617.5727433323873,White Flame Brewing Company,Hudsonville,MI
2358,1838.0,Hefe Lemon,Radler,12.0,0.049,30.0,296,Widmer Brothers Brewing Company,Portland,OR
2359,1837.0,Hefe Black,Hefeweizen,12.0,0.049,30.0,296,Widmer Brothers Brewing Company,Por#??tland,OR
2360,1836.0,Widmer Brothers Hefeweizen,Hefeweizen,12.0,0.049,30.0,296,Widmer Brothers Brewing Company,Portland,OR
2361,1619.0,Hop Slayer Double IPA,American Double / Imperial IPA,12.0,0.082,100.0,361,Wild Onion Brewing Company,Lake Barrington,IL
2362,9210.423606892185,Pumpkin Ale,Pumpkin Ale,12.0,0.19827898812798656,,361,Wild Onion Brewing Company,Lake Barrington,I#L
2363,1364.0,Big Bowl Blonde Ale,American Brown Ale,12.0,0.05,,361,Wild Onion Brewing Company,Lake Barrington,IL
2364,971.0,Phat Chance,American Blonde Ale,12.0,0.052,27.0,361,Wild Onion Brewing Company,Lake Barrington,IL
2365,3787.373383906647,Hop Slayer Double IPA (2011),American Double / Imp%erial IPA,12.0,0.082,100.0,361,Wild Onion Brewing Company,Lake Barrington,IL
2366,430.0,Hop Slayer Double IPA (2011),American Double / Imperial IPA,12.0,0.47174919014834177,333.6326132757597,1249.530374449458,Wild Onion Brewing Company,Lake Barrington,IL
2367,398.0,Wild Onion Summer Wit,Witbier,12.0,0.18495403862711654,13.0,361,Wild Onion Brewing Company,Lake Barrington,IL
2368,366.0,Jack Stout,Oatmeal Stout,12.0,0.06,23.0,361,Wild Onion Brewing Company,Lake Barrington,$IL
2369,1121.4780034342568,Wild Onion Pumpkin Ale (2010),Pumpkin Ale,56.54655274264958,0.045,,361,Wild Onion Brewing Company,Lake Barrington,IL
2370,162.0,Paddy Pale Ale,American Pale Ale (APA),12.0,0.23367878378955947,41.0,361,Wild Onion Brewing Company,Lake Barrington,IL
2371,2253.0,Blonde Hunny,Belgian Pale Ale,12.0,0.068,21.0,181,Wil@@d Wolf Brewing Company,Nellysford,VA
2372,1318.0,Wild Wolf Wee Heavy Scottish Styl@@e Ale,Scotch Ale / Wee Heavy,12.0,0.057,20.0,181,Wild Wolf Brewing Company,Nellysford,VA
2373,1195.0,Wild Wolf American Pilsner,American Pilsner,12.0,0.045,135.5984231855411,181,Wild Wol??f Brewing Company,Nellysford,V%A@@
2374,1194.0,Alpha Ale,American Pale Ale (APA),12.0,0.051,45.0,181,Wild Wolf Brewing Company,Nellysford,VA
2375,826.0,Mystical Stout,Irish Dry Stout,16.0,0.054,,1727.9065164353465,Wildwood B$rewing @@Company,Stevensville,MT
2376,4032.8928742470953,Bo@@dacious Bock,Bock,16.0,0.075,,499,Wildwood Brewing Company,Stevensville,MT
2377,813.0,Ambitious Lager,Munich Helles Lager,74.67028238440112,0.05,,499,Wildwood Brewing Company,Stevensville,MT
2378,324.0,Wyoming Pale Ale,American Pale Ale (APA),16.0,0.072,,550,Wind River Brewing Company,Pinedale$,WY
2379,323.0,Wind River Blonde Ale,American Blonde Ale,16.0,0.05,,550,Wind River Brewing Company,Pinedale,WY
2380,762.0,Ace IPA,American IPA,73.24425842321585,0.074,83.0,509,Wingman Brewers,T??%acoma,W#??A
2381,761.0,P-5@@1 Porter,American Porter,16.0,0.08,31.0,509,Wingman Brewers,Tacoma,WA
2382,2149.0,#001 Golden Amber Lager,American Amber / Red Lager,12.0,0.055,,211,Wisconsin Brewing Company,Verona,WI
2383,2148.0,##002 American I.P.A.,American IPA,12.0,0.37149627186199075,60.0,211,Wisconsin Br@@ewing Compan??y,Verona,WI
2384,2147.0,#003 Brown & Robust@@ Porter,American Porter,37.95692881464761,0.052,,211,Wisconsin Brewing Company,Verona,WI
2385,2146.0,#004 Session I.P.A.,American IPA,12.0,0.048,38.0,211,Wisconsin Brewing Company,Verona,WI
2386,2047.0,Tarasque,Saison / Farmhouse Al$e,12.0,0.059,,239,Wiseacre Brewing Company,Me??mp%his,TN
2387,1470.0,Ananda India Pale Ale,American IPA,12.0,0.062,61.0,239,Wiseacre Brewing Company,Memphis,TN
2388,1469.0,Tiny Bomb,American Pilsner,12.0,0.045,23.0,239,Wiseacre Brewing Company,Memphis,TN
2389,2627.0,Train Hopper,American IPA,12.0,0.058,72.0,14,Witch's Hat Brewing Company,South Lyon,MI
2390,2626.0,Edward’s Portly Brown,American Brown Ale,12.0,0.045,,14,Witch's Hat Brewing Company,So????uth Lyon,MI
2391,1676.0,Troopers Alley IPA,American IPA,12.0,0.22894746327261054,135.0,344,Wolf Hills Brewing Company,Abingdon,VA
2392,1468.0,Wolverine Premium Lager,American Pale Lager,39.21005160708255,0.14987165757456838,15.0,402,Wolverine State Brewing Company,Ann Arbor,MI
2393,822.0,Woodchuck Amber Hard Cider,Cider,12.0,0.05,,501,Woodchuck Hard Cider,Middlebury,VT
2394,2417.0,4000 Footer IPA,American IPA,52.59873962559422,0.065,82.0,109,Woodstock Inn Station & Brewery,North Woodstock,NH
2395,13292.110178332148,Summer Brew,American Pilsner,12.0,0.028,15.0,109,Woodstock Inn Station & Brewery,North Woodstock,N??H@@
2396,1697.0,Be Hoppy IPA,American IPA,16.0,0.065,214.10699754200462,339,Wormtown Brewery,W$orcester,MA
2397,2194.0,Worthy IPA,American IPA,12.0,0.21357973260789623,69.0,199,Worthy Brewing Company,Bend,OR
2398,1514.0,Easy Day Kolsch,Kölsch,12.0,0.045,25.0,199,Worthy Brew%ing Company$,B#$end,@@#OR
2399,1513.0,Lights Out Vanilla Cream Extra Stout,American Double / Imperial IPA,12.0,0.077,113.7558215536369,199,Worthy Brewing Company,Bend,OR
2400,1512.0,Worthy IPA (2013),American IPA,54.975496957706824,0.069,69.0,668.7367217225636,Worthy Brewing Company,Bend,O#R
2401,1511.0,Worthy Pale,American Pale Ale (APA),12.0,0.06,50.0,199,Worthy Brewing Company,Bend,O%R
2402,1345.0,Patty's Chil%e Beer,Chile Beer,12.0,0.042,,424,Wynkoop Brewing Company,Denver,CO
2403,1316.0,Colorojo Imperial Red Ale,American Strong Ale,12.0,0.082,,424,Wynkoop Brewing Company,Denver,CO
2404,1045.0,Wynkoop Pumpkin Ale,Pumpkin Ale,12.0,0.055,,424,Wynkoop Brewing Company,Denve??$r,CO
2405,1035.0,Rocky Mountain Oyster Stout,A%merican Stout,42.793842439422605,0.075,,424,Wynkoop Brewing Company,De$??nver,CO
2406,928.0,Belgo#rado,Belgian IPA,12.0,0.067,205.13514037401646,424,Wynkoop Brewing Company,Denver,CO
2407,807.0,Rail Yard Ale,American% Amber / Red Ale,63.37143004980223,0.21257255779940715,,424,Wynkoop Brewing Company,Denver,CO
2408,620.0,B3K Black Lager,Schwarzbier,12.0,0.055,,424,Wynkoop Brewing Company,Denver,CO
2409,145.0,Silverback Pale Ale,American Pale Ale (APA),63.341116613894776,0.055,40.0,424,Wynkoop Brewing Company,Denver,CO
2410,84.0,Rail Yard Ale (2009),American Amber / Red Ale,12.0,0.052,,424,Wynkoop Brewing Company,Denver,CO
