ID,id,beer_name,style,ounces,abv,ibu,brewery_id,brewery_name,city,state
1,,Pub Beer,American Pale Lager,43.84750672545393,0.05,,408,,Bend,OR
2,2265.0,Devil's Cup,,56.638696530301175,0.29522110417770403,,177,18th Street Brewery,Gary,IN
3,10397.63340380378,Rise of the Phoenix,American IPA,12.0,0.071,,640.9050607352463,,Gary,
4,2263.0,Sinister,American Double / Imperial IPA,12.0,0.09,,177,18th Street Brewery,Gary,I#??N
5,2262.0,Sex and Candy,,12.0,0.075,,177,18th Street Brewery,%Gary,IN
6,2261.0,Bla??ck E@@xodus,Oatmeal Stout,12.0,0.077,,177,18th Street Brewery,,%??IN
7,2260.0,Lake Street Express,American Pale Ale (APA),47.403992672120744,0.045,,,18th Street Brewery,Gary,IN
8,2259.0,Foreman,American$ Porter,12.0,0.065,,177,18th Street Brewery,Gary,IN
9,9838.803601601789,Jade,American Pale Ale (APA),,0.055,,,18th Street Brewery,Gary,%IN
10,6541.451972401217,Cone Crush@@e@@r,,12.0,,,177,18th Street Brewery,,
11,8539.562002794675,Sophomoric Saison,Saison / Farmhouse Ale,12.0,0.072,,,18th Street Brewery,Ga??ry,IN
12,,Regional Ring Of Fire,Saison / Farmhouse Ale,12.0,0.073,,177,,Gary,IN
13,2097.0,Garce Selé,Saison / Farmhouse Ale,12.0,0.069,,177,18th Street Brewery,,IN
14,1980.0,Troll Destroyer,Belgian IPA,,0.085,,812.9292868172816,18th Street Brewery,,IN
15,1979.0,B%itter Bitch,American Pale Ale (APA),12.0,0.061,60.0,177,18th Street Brewery,Gary,IN
16,,Ginja Ninja,,42.76217481002302,0.06,,,,Corvallis,OR
17,2170.0,Cherried Awa$y,,12.0,0.06,,154,2 Towns Ciderhouse,?%?Corvallis,
18,,Rhubarbarian,,53.088663893903416,,,154,2 Towns Ciderhouse,Corvallis,OR
19,1502.0,BrightCider,Cider,,0.06,,154,,Corva#@@llis,OR
20,1593.0,He Said Baltic-Style Porter,B@@altic Po$rter,42.1549514592213,,,368,,San Francisco,
21,1592.0,He Said Belgian-Style Tripel,Tripel,,0.082,,368,21st Amendment Brewery,S$an Fr??ancisco,CA
22,1036.0,Lower De Boom,American Barleywine,8.4,0.099,,368,21st Amendment Brewery,San Francisco,
23,,Fireside Chat,Winter Warmer,12.0,0.4419870067751162,45.0,368,21st Amendment Brewery,San Francisco,CA
24,,Marooned On Hog Island,American Stout,54.27895006636919,0.079,,368,21st Amendment Brewery,San Francisco,CA
25,876.0,Bitter American,,12.0,0.18246756662579525,42.0,,21st Amendment Brewer#y,San Francisco,CA
26,802.0,Hell or High Watermelon Wheat (2009),Fruit / Vegetable Beer,,0.049,17.0,368,21st Amendment Brewery,San Francisco,
27,801.0,Hell or High Watermelon Wheat (2009),Fruit / Vegetable Beer,12.0,0.049,17.0,368,21st Amendment Brewery,San Francisco,$C#A
28,800.0,,Fruit / Vegetable Beer,12.0,0.049,62.49632123140772,368,21st Amendment Brewery,San Francisco,CA
29,799.0,21st Amendment IPA (2006),Ameri??can$ IPA,12.0,,70.0,368,,San Francisco,
30,,Brew Free! or Die IPA (2008),American IPA,12.0,0.07,70.0,368,21st Amendment Brewery,San Francisco,CA
31,796.0,Brew Free! or Die IPA (2009),,12.0,0.07,,,21st Amendment Brewery,San Francisco,CA
32,531.0,,Engl@@ish Strong A%le,,,52.0,368,21st Amendment Brewery,San Francisco,C$A#
33,432.0,Hop Crisis,American Double / Imperial IPA,12.0,0.097,94.0,,21st Amendment Brewery,San Francisco,CA
34,353.0,Bitter American (2011),American Pale Ale (APA),,0.044,42.0,,21st Amendment Brewery,San Francisco,
35,321.0,Fireside Chat (2010),Winter Warmer,,0.079,45.0,368,21st Amendment Brewery,,CA
36,173.0,Back in Black,,68.83383271199118,0.068,65.0,,21st Amendment Brewery,San Fra@@ncis@@co,CA
37,11.0,Monk's Blood,Belgian Dark Ale,57.747425130051106,0.083,35.0,,21st Amendment Brewery,San Fran#cisc??o,CA
38,10.0,Brew Free! or Die IPA,American IPA,12.0,,65.0,368,21st Amendment Brewery,San Francisco,CA
39,9.0,Hell o$r High Watermel$on Wheat,Fruit / V$ege%table Beer,12.0,0.049,17.0,368,21st Amendment Brewery,,CA
40,2519.0,Bimini Twist,American IPA,39.339104834878256,0.07,249.08199531433294,67,3 Daughters Brewing,St Petersburg,FL
41,2518.0,Beach Blonde,American Blonde Ale,12.0,0.05,,,3 Daughters Brewing,St Petersburg,F%L
42,2517.0,Rod Bender Red,American ??Amber / Red Ale,12.0,0.22568337331428032,,67,,St Petersburg,FL
43,,Passion F#r@@uit Prussia,Berliner Weissbier,12.0,0.035,11.0,60,4 Hands Brewing Company,,MO
44,2544.0,Send Help,American Blonde Ale,,0.045,18.0,350.83356285240586,4 Hands Brewing Company,,MO
45,2324.0,Cast Iron Oatmeal Brown,American Brown Ale,12.0,0.18691047639750916,,60,4 Hands Brewing Company,,MO
46,2288.0,Reprise Centennial Red,American Amber / Red Ale,38.207238578038904,0.24503291062411897,,60,4 Hands Brewing Company,Saint Louis,MO
47,2287.0,Alter Ego,American Black Ale,12.0,0.055,,60,4 Hands Brewing Company,Saint Louis,MO
48,7896.269331219473,Divided Sk??y,American IPA,,0.065,,60,4 Hands Bre%wing Company,Saint Louis,MO%
49,2285.0,Resurr@@@@ected,American IPA,,0.065,,60,4 Hands Brewing Company,Saint Louis,%MO
50,9080.518630463068,,,12.0,0.05,,60,,Saint Louis,MO
51,,Gal??axyfest,American IPA,,0.065,,,,Co%lumb@@us,IN
52,2602.0,,Americ??an IP#A,16.0,0.05,181.87339824343076,142.37586612600612,450 North Brewing Company,Columbus,$IN
53,2220.0,,Belgian Strong Dark Ale,89.13942794501986,0.09,,27,450 North B#rewing Company,Columbus,IN
54,2219.0,,American IPA,,0.069,,27,450 North Brewing Company,,IN
55,2218.0,Ironman,English Strong Ale,16.0,0.4436024441756733,50.0,,,Columbus,IN
56,2217.0,Honey Kolsch,Kölsch,16.0,0.20872229166230144,59.58084931210921,136.09752727026296,450 North Brewing Company,C@@$olumbus,IN
57,,,Belgian Dark Ale,77.74371726482342,0.052,,27,450 North Brewing Company,Columbus,
58,972.0,Rude Parrot IPA,American I#??PA,75.60310393370324,0.059,75.0,481,7 Seas Brewing Company,Gig Harbor,
59,,British Pale Ale (2010),,16.0,0.054,119.52591665431295,481,7 $Seas Brewing ??Company,Gig Harbor,WA#
60,48.0,British Pale Ale,English Pale Ale,16.0,0.054,30.0,1847.8087298767734,7 Seas Brewing Company,,WA
61,47.0,Ballz Deep Double IPA,American Double / Imperial IPA,16.0,0.084,82.0,481,7 Seas Brewing Com??pany,,WA
62,1583.0,,Berliner Weissbier,12.0,,,,7venth Sun,Dunedin,FL
63,,Colorado Native,American Amber / Red Lager,12.0,,26.0,2526.531709052455,AC Golden Brewing Company,Golden,C??O
64,2144.9190269233522,Colorado Native (2011),,12.0,0.055,26.0,462,AC Golden Brewing Company,Golden,CO
65,2538.3789543826383,Jockamo IPA,American IPA,56.32591528376889,0.3698936230034097,52.0,533,Abita Bre%@@wing Company,Abita Springs,LA
66,515.0,Purple Haze,Fruit / Vegetable Beer,12.0,0.042,13.0,533,Abita Brewing Company,Abita Spring$s,LA
67,514.0,Abita Amber,American Amber / Red Lager,37.55606739930259,0.045,17.0,533,Abita Brewing Company,Abita Springs,LA
68,15033.381478498144,,,16.0,,68.0,62,,,K#Y
69,2539.0,The Brown Note,American Brown Ale,16.0,0.05,20.0,,Against The Grain Brewery,Louisville,KY
70,2686.0,Citra Ass Down,American Double / Imperial IPA,16.0,0.2620291805562713,68.0,1,Against the Grain Brewery,Louisville,%K%Y
71,2685.0,,English Barleywine,16.0,0.6172673476375021,80.0,3.675270780867389,Against the Grain Brewery,Louisvi@@lle,KY
72,2684.0,,Milk@@ / @@Sweet Stout,16.0,0.34559934906817574,149.3891736408597,1,Against the Grain Brewery,Louis??ville,KY
73,14426.918403896418,A Beer,,90.38767395701578,0.042,42.0,5.146221740243234,Against the Grain Brewery,Louisville,KY
74,2682.0,,German Pilsener,16.0,0.05,25.0,3.7490985624599165,Against the Grain Brewery,Louisville,KY
75,2681.0,Flesh Gourd'n,Pumpkin Ale,,0.066,21.0,1,Against the Grain Brewery,#Louisville,KY
76,,@@Sho'nu@@ff,Belgian Pale Ale,16.0,,,1,Against the Grain Brewery,Louisville,KY
77,15389.773084757608,Bloody Show,American Pilsner,93.73073197118433,0.055,17.0,1,Against the Grain Brewery,,KY
78,2678.0,Rico Sauvin,American Double / Imperial IPA,16.0,,68.0,1,Against the Grain Brewery,Louisville,KY
79,2677.0,Coq de l#a Marche,Saison / Farmhouse Ale,16.0,0.051,38.0,3.8550781950507127,Against the Grain Brewery,Louis??@@ville,KY%
80,2676.0,Kamen Knuddeln,American Wild Al@@e,16.0,0.065,,1,Against the Grain Brewery,Louisville,KY
81,2675.0,Pile of Face,American IPA,16.0,0.06,,1,,Louisville,K#Y??
82,2674.0,The Brown Note,English Brown Ale,16.0,0.05,20.0,1,Against the Grai$n Brewery,,KY
83,6921.526876673524,Maylani's Coconut Stout,American Stout,16.0,,35.0,367,,Kent,WA
84,1162.0,,American Pale Ale (APA),16.0,0.05,35.0,367,Airways Brewing Company,Kent,WA
85,1137.0,Pre Flight Pilsner,American Pilsner,16.0,0.19522985697629752,33.0,367,,Kent,WA
86,2403.0,P-Town Pilsner,American Pilsner,12.0,0.04,20.0,117,Alameda Brewing,Portland,OR
87,2402.0,,American Pale Ale (APA),12.0,0.053,,117,Alameda Brewing,,
88,2401.0,Yellow Wolf Imperial IPA,American Double / Imperial IPA,55.83924956310908,0.082,,117,Alameda Brewing,Portland,O%R
89,1921.0,,American Pale Ale (APA),12.0,0.2630288770730693,,,Alaskan Brewing Company,Juneau,AK
90,6794.98428525892,,Altbier,,0.053,18.0,270,Alaskan Brewing Company,Juneau,AK
91,2501.0,Hopalicious$,,12.0,0.24419850046544753,,73,Ale Asylum,Madison,WI
92,1535.0,Kentucky Kölsch,Kölsch,56.42545476875648,0.043,,388,Alltech's Lexington Brewing Company,Lexington,KY
93,1149.0,,American IPA,16.0,0.065,,388,Alltech's Lexington Brewing Company,,KY
94,1474.0,,American Pale Ale (APA),49.3514703127547,0.054,,,Amnesia Brewing Company,Wash@@ou@@gal,WA
95,1473.0,Damnesia,American IPA,16.0,0.062,,401,Amnesia Brewing Company,Washougal,
96,,Desolation IPA,American IPA,16.0,0.062,43.0,401,,Washougal,WA
97,14189.145138479898,Liberty Ale,Amer@@ican IPA,12.0,0.3247767475019695,,35,Anchor Brewing Company,,CA
98,2578.0,IPA,American IPA,12.0,,,35,Anchor Brewing Company,San Francisco,CA
99,8108.386402578875,,American P??ale Wheat Ale,,0.045,,165.1843509864956,Anchor Brewing Company,San Francisco,CA
100,2103.0,California Lager$,,12.0,,,35,,,CA
101,2102.0,Brotherhood Steam,California Common / Steam Beer,12.0,0.056,,35,Anchor Brewing Company,,CA
102,,Blood Orange Gose,Gose,12.0,0.042,,171,Anderson Valley Brewing Company,Boonville,CA
103,1818.0,Keebarlin' Pale Ale,,12.0,0.042,,,Anderson Valley Brewing Company,Boonvil??l%e,CA
104,1738.0,the Kimmie the Yink and the Holy Gose,??Go#se,,0.048,,,Anderson Valley Brewing Company,Boonville,CA
105,1563.0,Fall H%ornin',Pumpkin Ale,12.0,0.06,,904.93414212279,,Boonville,CA
106,1520.0,Barney Flats Oatmeal Stout,Oatmeal Stout,12.0,,,803.2107288878118,,,CA
107,1350.0,Summer Solstice,Cream Ale,12.0,0.056,4.0,171,Anderson Valley Brewing Company,,CA
108,1327.0,Hop Ottin' IPA,American IPA,12.0,0.07,80.0,,Anderson Valley Brewing Company,Boonville,CA
109,1326.0,@@Boont Amber Ale,American Amber / Red Ale,12.0,0.058,15.0,952.6556203857366,Anderson Valley Brewing Company,Boonville,CA
110,7258.560315054822,Barney Flats Oatmeal Stout,Oat??meal Stout,12.0,0.057,13.0,811.9922995962877,Anderson Valley ?$?Brewing Company,Boonville,CA
111,1217.0,El Steinber Dark Lage??r,Vienna Lager,,0.055,25.0,,Anderson Valley Brewing Company,Boonville,%C$A
112,811.0,Boont Amber Ale (2010),,12.0,0.058,15.0,171,Anderson Valley Brewing Company,,CA
113,753.0,Summer Solstice Cervez??a Crema (2009),Cream Ale,12.0,0.056,4.0,171,Anderson Valley Brewing Company,Boon@@vil@@le,CA
114,572.0,Barney Flats Oatmeal Stout (2012),Oatmeal %S$tout,,,13.0,171,Anderson Valley B??rewing Company,Boonville,CA
115,523.0,Winter Solstice,Winter Warmer,12.0,0.069,,171,Anderson Valley Brewing Company,Boonville,CA
116,367.0,Hop Ottin' I%PA (2011),American IPA,65.46524915527615,0.07,80.0,171,,Boonv??%ille,CA
117,78.0,,American Amber / Red Ale,12.0,0.058,15.0,660.1597126983513,Anderson Valley Brewing Company,,CA
118,77.0,Summer Solstice (2011),Cream Ale,56.81468578512839,0.056,4.0,171,Anderson Valley Brewing Company,Boonville,??CA
119,76.0,Poleeko Gold Pale Ale (2009),American Pale Ale (APA),12.0,0.055,28.0,570.345667199091,Anderson Val??ley Brewing Company,Boonville,C#@@A
120,2337.0,Charlie's Rye IPA,,16.0,0.06,,624.4856624946992,Angry Minnow,Hayward,WI
121,410.0,River Pig Pale Ale,American Pale Ale (APA),16.0,0.054,,2003.1611804488552,Angry Minnow Brewing Company,Hayward,WI
122,409.0,Oaky's Oatmeal Stout,Oatmeal Stout,16.0,0.047,,1880.3735584082594,Angry Minnow Brewing Company,Hayward,
123,1294.0,Angry Orchard Apple Ginger,Cider,16.0,0.05,,434,,Cincinnati,OH
124,1293.0,Angry Orchard Crisp Apple$,Cider,16.0,0.05,,434,Angry Orchard Cider Company,Cincinnati,OH
125,1292.0,,Cider,12.0,0.05,,2346.2438339061755,Angry Orchard Cider Company,Cinci$nn#ati,OH
126,,,Belgian Pale Ale,12.0,0.068,,193,Anthem Brewing Company,Oklahoma City,OK
127,9034.518038281643,Arjuna,Witbier,12.0,0.06,,193,Anthem Brewing Company,Oklahoma City,OK
128,2039.0,Uroboros,American Stout,12.0,0.085,,938.099646252159,Anthem Brewing Company,,
129,2511.0,Long Leaf,American IPA,16.0,0.071,75.0,69,Appalachian Mountain Brewery,B@@o??one,NC##
130,2510.0,Honey Badger Blonde,American Blonde Ale,61.55822790968844,0.047,19.0,285.7820301488106,Appalachian Mountain Brewery,B$oo%ne,NC
131,12730.871847465967,Porter (a/k/a Black Gold Porter),American Porter,,0.06,92.70865372978321,69,Appalachian Mountain Brewery,Boone,NC
132,413.0,$Sky High Rye,American Pale Ale (APA),12.0,0.06,55.0,541,Arcadia Brewing Company,B??attle?? Creek,MI
133,390.0,,American Pale Wheat Ale,12.0,0.062,59.83472988739462,541,Arcadia Brewing Company,Battle Creek,MI
134,735.0,On-On Ale (2008),American Pale Ale (APA),12.0,,,513,,,CO
135,1333.0,Quakertown Stout,American Double / Imperial Stout,12.0,0.092,50.0,1383.45113388073,Armadillo Ale Works,,TX
136,1332.0,Greenbelt Farmhouse Ale,Saison / Farmhouse Ale,12.0,,20.0,426,Armadillo Ale Works,Den$ton,T@@X
137,1172.0,Mo's Gose,,68.98908560180402,0.052,10.0,461,Armstrong Brewing Company,South San Francisco,CA
138,1322.0,Green Bullet Organic India Pale Ale,American IPA,16.0,0.07,45.0,429,Asher Brewing Company,Boulder,??CO
139,550.0,Rocket Girl,Kölsch,12.0,0.032,142.86216043018928,528,Asheville Brewing Company,Asheville,NC
140,1538.6645578116058,Ninja Porter,American Porter,12.0,0.053,26.0,528,Asheville Brewing Company,Asheville,NC
141,428.0,,American IPA,12.0,,377.05770412515244,,Asheville Brewing Company,,NC
142,,,Kölsch,16.0,,,1926.073710915244,Aslan Brewing Company,Bellingham,WA
143,1639.0,Aslan IPA,American IPA,93.90556516600506,,,,Aslan Brewing Company,%Be@@llingham,WA
144,1638.0,Aslan Amber,American Amber / Red Ale,,0.077,,2070.2069598963453,Aslan$ Brewing #Company,Bellingha@@m,WA
145,,,American Blonde Ale,12.0,0.056,87.47936601030106,523,Aspen Brewing Company,,#%CO
146,596.0,Independence Pass Ale,American IPA,,0.07,67.0,523,Aspen Brewing Company,Aspen,CO
147,1580.0,Trolley Stop Stout,American Stout,12.0,0.2163279003443404,40.0,374,Astoria Brewing Company,Astoria,OR
148,980.0,Bitter Bitch Imperial IPA,American Double / Imperial IPA,12.0,0.256141821372797,696.688516765001,374,Astoria Brewing Company,Astoria,O$R
149,979.0,,American Porter,38.574079658691126,0.062,35.0,,,,OR
150,978.0,Old Red Beard Amber Ale,American Amber / Red Ale,12.0,0.06,35.0,374,Astoria Brewing Company,Astoria,#O??R
151,2503.0,Hop A-%Peel,American Double / Imperial IPA,16.0,0.075,587.995387648306,72,,Detroit,MI$
152,2502.0,Vanilla Java #@@Porter,,16.0,0.055,12.0,72,Atwater Brewery,,MI
153,2495.0,Michelada,Fruit / Vegetable Beer,16.0,0.052,,72,Atwater Brewery,Detroit,MI
154,2961.0329922136157,Dirty Blonde Ale,American Blonde Ale,12.0,,8.0,72,,Detr????oit,MI
155,2379.7521377846274,Grand Circus IPA,American IPA,12.0,,62.0,72,Atwater Brewery,Detroit,MI
156,527.0,At??water's Lag@@er,Munich Helles Lager,12.0,,12.0,431.41466326337263,Atwater Brewery,Detroit,MI
157,1409.0,Heavy Machin??ery IPA Series #1: Heavy Fist,American Black Ale,16.0,0.07,,,Austin Beerworks,Austin,TX
158,343.0,Fire Eagle IPA,American IPA,63.54015959377497,0.062,,413,,Austin,
159,,P%eace$maker,American Pale Ale (APA),12.0,,,413,Austin Beerworks,,
160,341.0,Pearl-Sna??p,German Pilsener,12.0,0.053,,413,Austin Beerworks,Austin,TX
161,340.0,Black Thunder,Schwarzbier,12.0,0.052,,413,Austin Bee@@rworks,Austin,TX
162,,Ra@@ja#,,12.0,0.08,,37,Avery Br@@ewing Company,,CO
163,11520.295456030237,Perzik Saison,Saison / Farmhouse Ale,12.0,0.064,,37,Avery Brewing Company,,
164,715.0874466112418,Avery Joe’s Pre#mium American Pilsner,German Pilsener,12.0,0.2279272184411142,42.0,,,Boulder,CO
165,509.42181304032687,White Rascal,Witbier,12.0,0.056,10.0,,Avery Brewing Company,Boulder,CO
166,107.0,Avery India Pale Ale,,12.0,0.063,69.0,37,Aver%@@y Brewing Company,Boulder,CO
167,106.0,Ellie’s Brown Ale,America??n Bro#wn Ale,12.0,0.055,17.0,37,Avery?? Bre%wing Company,Boulder,CO
168,1620.0,Pumpkin Beast,Pumpkin Ale,12.0,0.062,17.0,,Aviator Brewing Company,Fuquay-Varina,NC
169,1579.0,,Märzen / O@@#ktoberfest,12.0,0.072,,360,,Fuquay-Varina,NC
170,1228.0,Mad Beach,American Pale Wheat Ale,,0.048,23.0,360,Aviator Brewing Company,Fuquay-Varina,NC
171,705.0,Hog Wild India Pale Ale,American IPA,12.0,0.067,,360,A??viator Brewi%ng Company,Fuquay-Varina,NC
172,704.0,Devils Tramping Ground Tripel,,,0.092,23.92818804682916,360,Aviator Brewing Company,Fuquay-Varina,NC
173,702.0,Hot Rod Red,American Amber / Red Ale,12.0,0.061,140.51396323347848,360,Aviator Brewing Company,Fuquay-Varina,NC
174,2058.0,Palate Mallet,Am$erican Double #/ Imperial IPA,12.0,0.086,,,,Bloomfield,CT
175,1483.0,Back East Porter,American Porter,12.0,0.06,,235,,Bloomfield,CT
176,1426.0,Bac??k Ea@@st Golden Ale,American Blonde Ale,12.0,,,235,Back East Brewing Company,Bloomfield,CT
177,1132.0,,American IPA,12.0,0.07,,235,Back East Brewing Company,#Bloomfiel??d,CT
178,1131.0,$Ba#ck East Ale,American Amber / Red Ale,12.0,0.05,,,Back East Brewing Company,Bloomfield,CT
179,1876.0,Truck Stop Honey Brown Ale,English #Brown Ale??,12.0,0.06,,286,Back Forty Be%e%r Company,?@@?Gadsden,AL
180,1875.0,Naked Pig Pale Ale,American Pale Ale (APA),40.92586261406012,0.2180674887422006,154.9724420608991,1665.1100811559513,Back Forty Beer Company,Gadsden,AL
181,966.0,,American IPA,12.0,0.21470064073021217,70.0,483,Bale Breaker Brewing Company,Yakima,WA
182,965.0,Field 41 Pale A??le,American Pale Ale (APA)$,12.0,0.044,38.0,483,Bale Breaker Brewing Company,Yakima,
183,,Grapefruit Sculpin,,68.81973717644757,,,34,,San Diego,CA
184,2105.0,Even Ke%el#,American IPA,12.0,,40.0,,Ballast Point $Brewing Compan@@y,San Diego??,CA#$
185,1401.0,,Kölsch@@,12.0,0.052,23.0,34,Ballast Point Brewing Company,San Diego,CA
186,1400.0,Big Eye India Pale Ale,American IPA,12.0,0.07,75.0,34,Ballast Point Brewing Company,San Diego,%$CA
187,5000.495212791656,Longfin Lager,,12.0,0.046,,34,Ballast Point Brewing Company,,
188,1018.0,Sculpin IPA,American IPA,12.0,0.07,70.0,34,,San Diego,CA
189,1776.0,All Nighter Ale,Extra Special / Strong Bitter (ESB),12.0,0.045,,318,Banner Beer Company,??Williamsburg,MA
190,,Banner American Rye,Rye Beer,,0.045,20.0,960.0413499007799,Banner Beer Company,,MA
191,1643.0,Banner American Ale,,12.0,0.035,45.0,318,Banner Beer Company,Williamsburg,MA
192,,Thai.p.a,Amer#ican IP@@A,16.0,0.07,46.0,20,Bare Hands Brewery,,
193,2005.0,,American IPA,12.0,0.21587310350726743,60.0,251,Barrio Brewing Company,Tucson,A$Z
194,1343.0,Barrio Tucson Blonde,,12.0,0.045,,1160.7490014258765,Barrio Brewing Company,Tucson,AZ
195,2404.0,Hop in the ‘Pool Helles,,12.0,0.049,22.0,,Base Camp Brewing Co.,Portland,
196,7520.643049426509,Ultra Gnar Gnar IPA,American IPA,,0.067,60.0,116,Base Camp Brewing Co.,Portland,#OR
197,2189.0,In-Tents India Pale Lager,,,0.068,62.0,116,,Portland,OR
198,2188.0,Lost Meridian W$it%,Witbier,,,20.0,393.8601417798076,Base C??amp Brew@@ing Co.,Portland,OR
199,,Celestial Meridian Cascadian Dark Lage#r,,,0.051,163.10512277287938,116,Base Camp Brewing Co.,,OR
200,1966.0,Wagon Party,California Common / Steam Beer,12.0,0.054,55.0,258,Bauhaus Brew Labs,Minneapolis,@@M#N
201,10808.900483312753,,American IPA,12.0,0.067,70.0,258,Bauhaus Brew La#bs,,MN
202,1964.0,Star#grazer,Schwarzbier,12.0,0.05,,258,Bauhaus Brew Labs,Minne??apolis,MN
203,1963.0,Wonderstuff,,12.0,0.054,48.0,258,,,MN
204,1855.0,Tarnation California-Style Lager%,California Common / Steam Beer,12.0,0.053,,292,Baxter Brewing Company,Lewiston#,M$??E
205,,,#Hefeweizen$,95.25307488052846,0.07,189.23455277528848,292,Baxter Brewing Company,Lewiston,M%$E
206,1209.0,,American Pale Wheat Ale,,0.047,,292,Baxter Brewing Company,Lewiston,ME
207,,Phantom Punch Winter Stout,Forei#gn# / Export Stout,12.0,0.068,,292,Baxter Brewing Company,Lewiston,ME
208,910.0,Hayride @@Autumn Ale,Rye Beer,12.0,,,292,Baxter Brewing Company,Lewiston,
209,707.0,Celsius Summer Ale (2012),American Pale Wheat Ale,12.0,0.16653148338506685,,292,Baxter Brewing Company,Lewiston,
210,533.0,Amber Road,American Amber / Red Ale,,0.055,35.0,,Baxter Brewing Company,Lew$i@@ston,ME
211,183.0,Pamola Xtra Pale Ale,American Pale Ale (APA),12.0,0.2045091765481171,28.0,292,,Lewiston,
212,,Stowaway IPA,,12.0,0.069,69.0,292,Baxter Brewing Company,,@@$ME
213,1806.0,Hop@@topus Double IPA,Am%erican Double / Imperial IPA,16.0,0.088,,1808.6802475462714,Beach Bre#wing Company%,Virginia Beach,VA
214,2435.0,%Waterme@@lon Ale,Fruit / Vegetable Beer,12.0,0.05,10.0,596.4778209002048,,Lowell,MA
215,2423.0,Fenway American Pale Ale,American Pale Ale (APA),59.49946004041101,0.058,160.73397209939145,103,Beer Works Brewery,Lowell,
216,,B%ack Bay IPA,American IPA@@,44.10092441326814,,85.0,103,Beer Works Brewery,Lowell,MA
217,2419.0,Bunker Hill Blueberry Ale,Other,12.0,0.048,,103,Beer Works Brewery,Lowell,MA
218,2494.0,Oberon,American Pale Wheat Ale,12.0,0.058,,418.98100431890856,Bell's Brewery,Kalamazoo,MI
219,2325.0,Smitten,Rye Beer,16.0,0.06,,,,Kalamazoo,MI
220,2022.0,,Witbier,16.0,0.23379783680740057,,76,Bell's Brewery,Kalamazoo,MI
221,1989.0,Oberon,American Pale Wheat Ale,91.67248848456008,0.18334954873840734,,76,,Kalamazoo,MI
222,1988.0,Two Hearted,,16.0,0.07,,76,Bell's Brewery,K@@alamazoo,MI
223,1955.0,Best Brown,American ??Brown Ale,16.0,,,76,Bell's Brewery,Kalamazoo,MI
224,2558.0,M??oar,English In??dia Pale Ale (I$PA),12.0,0.044,44.0,53,Bent Brewstillery,Roseville,MN
225,2557.0,Uber Lupin Schwarz IPA,American Double / Imperial IPA,16.0,0.083,,,Bent Brewstillery,Rosevi#l??le,MN
226,2556.0,Nordic Blonde,American Blonde Ale,12.0,0.057,27.0,53,Bent Brewstillery,Roseville,MN
227,2496.0,,,,0.06,,253.19470886259396,Bent Paddle Brewing Company,Duluth,MN
228,7361.501319612442,Harness the Winter,American IPA,60.88275978162378,0.072,87.0,75,,Duluth,MN
229,1902.0,14° ESB,Extra Special / Stro%ng Bitter (ESB),12.0,0.2892314451146667,,,Bent Paddle Brewing Company,Duluth,MN%
230,11246.052479429396,Bent Hop Golden IPA,American IPA,12.0,0.062,68.0,75,Bent Paddle Brewing Company,Duluth,MN
231,1261.0,,,12.0,0.06,34.0,75,Bent Paddle Brewing Company,Duluth,%M??N
232,1253.0,Venture Pils,German Pilsener,12.0,0.2033975321900875,38.0,75,Bent Paddle Brewing Company,Duluth,
233,1900.0,Lost Sailor IPA,,12.0,0.055,40.0,278,Berkshire Brewing Company,South Deerfield,M??A#
234,4937.971976789062,Steel Rail Extra Pale Ale,American Pale Ale (APA),63.20041965055026,0.053,,278,Berkshire Brewing Company,South Deerfield,
235,1158.0,La Frontera Premium IPA,,47.406293178541084,,,463,Big Bend Brewing Company,Alpine,TX
236,1157.0,Tejas% Lager,Czech Pilsener,68.97588122535859,0.047,,1666.634634292056,Big Bend Brewing Company,Alpine,TX
237,1156.0,Number 22 Porter,American Porter,12.0,,,,Big Bend Brewing Company,Alpine,TX$
238,1155.0,Big Bend Hefeweizen,Hefeweizen,12.0,0.056,,2014.3400922841606,Big Ben??d Brewing Company,Alpine,TX
239,,,American Blonde Ale,,0.06,,463,Big$ Bend Brewing Compan??y,Alpine,TX
240,2104.0,Aprè Shred,American Strong Ale,16.0,0.081,17.0,220,Big Choice Brewing,Broom%field,
241,1762.0,Hemlock Double IPA,American Double / Imperial IPA,12.0,,104.0,220,Big Choice Brewin@@g,,CO
242,,West Portal Colorado Common Summer Ale,California Common / Steam Beer,16.0,,,,,Broomfield,CO
243,1067.0,@@Disconnected Red%,,16.0,0.37311492117784967,85.0,,Big Choice Brewing,Broomfield,C#O
244,1003.0,,American IPA,12.0,0.3103010789981814,,477,Big Elm Brewing,Sheffield,MA
245,1002.0,,American Stout,12.0,0.065,,477,Big Elm Brewing,Sheffield,
246,1001.0,41$3 Farmhouse Ale,%Saison / Farmhouse Ale,12.0,0.06,,2809.7062817522424,Big Elm Brewing,,MA
247,,Dark Star,American Stout,,0.37884443289051467,283.7824652624104,,Big Lake Brewing,H%olla$nd,MI
248,2469.0,Ryecoe,American IPA,,0.062,,8,Big La%ke B??rewing,,MI
249,2586.0,Blueberry Blonde,Fruit / Vegetable Beer,12.0,,,40,Big Muddy Brewing,Murphysboro,@@IL
250,12616.735527288498,Galaxy IPA,American IPA,16.0,0.075,347.1344373098042,40,,Murphysboro,@@IL
251,,Big River Pilsner,Czech Pilsener,12.0,0.16400244209428494,32.0,519,Big River Brewing Company,Chattanooga,TN$
252,632.0,House Brand IPA,American IPA,12.0,,,519,Big River Brewing Company,Chattan%ooga,
253,6275.48633016107,Big Sky IPA,American IPA,12.0,,,336,Big Sky Brewing Company,,MT
254,8720.939975672458,,,12.0,0.05,40.0,336,Big Sky Brewing Company,,MT
255,1712.0,Montana Trout Slayer Ale,American Pale Wheat Ale,55.53624582439383,0.05,35.0,336,,Missoula,MT
256,1711.0,Moose Drool Brown Ale,American Brown Ale,12.0,0.051,,336,Big Sky Brewing Company,Missoula,MT%
257,,Powder Hound Winter Ale,English Strong Ale,,0.072,60.0,1486.4536300731395,Big Sky Brewing Company,Missoula,
258,3459.274048252698,Moose Drool Brown Ale (2011),American Brown Ale,12.0,0.051,26.0,336,Big Sky Brewing Company,Mi#ssoula,MT
259,766.0,Montana Tro@@ut Slayer Ale (2012),American Pale Wheat Ale,12.0,0.05,128.13255915632772,,Big Sky Brewing$ #Company,Missoula,@@??MT
260,,Big Sky IPA (2012),American IPA,12.0,0.062,65.0,336,Big Sky Brewing Company,Missoula,MT
261,964.5013119905025,,American Blonde Ale,12.0,0.047,,336,Big Sky Brewing Company,Missoula,
262,159.0,Scape Goat Pale Ale (2010),English Pale Ale,12.0,0.05,,336,Big% Sky Brewing Company,Missoula,MT
263,35.0,,,66.82092662236846,0.05,35.0,336,Big Sky Brewing Company,Missoula,MT
264,,Moose Drool Brown Ale (2009),American Brown Ale,12.0,0.26357584838137066,26.0,336,Big Sky Bre@@wing Company,Missoula,MT
265,2096.0,Ar#cus IP??A,American IPA,40.65862468541436,,81.0,221,Big Storm Brewing Company,Od%ess#a,FL
266,2095.0,Wavemaker,American Amber / Red Ale,,0.058,38.0,221,Big Storm Brewing Company,Odessa,FL
267,1257.0,Jack Pine Savage,American Pale Ale (APA),16.0,0.053,43.0,444,Big Wood Brewery,Vadnais Heights,MN
268,1256.0,Forest Fire Im%perial Smoked Ry@@e,Rye Beer,16.0,0.099,,444,Big Wood Brewery,Vadnais Heights,MN
269,1255.0,,American Double / Imperial IPA,16.0,0.098,76.0,444,,,MN
270,986.0,,,16.0,0.323992074036766,35.0,2094.5742399651217,Big Wood Brewery,Vadnais Heights,MN
271,985.0,Bark Bite IPA,American IPA,16.0,0.066,50.0,444,Big Wood Brewery,Vadnais Heights,%MN@@
272,2508.0,Jalapeno% Pale %Ale,American Pale Ale (APA),16.0,0.055,,264.292804629709,Birdsong Brewing Company,Charlotte,NC
273,1441.0,Blown Out Brown,American Brown Ale,,0.052,,407,Bitter Root Brewing,Hamilton,
274,6329.494460724818,Single Hop Ale,American Pale Ale (APA),12.0,0.063,,,Bitter Root Brewi@@ng,Hami#lton,MT
275,1411.0,Sawtooth Ale,,12.0,0.054,,407,Bitter Root Brewing,Hamilton,MT
276,2620.0,,Rye ??Be??er,16.0,0.4197893836037939,315.46400447671766,18,Black Acre Brewing Co.,Ind#ianap$olis,IN
277,13350.285540248782,Deception,American Blonde Ale,12.0,,66.8894674872873,362.26869072870244,Black Market Brewing Company,Temecula,CA
278,1898.0,Blackmarket Rye IPA,America#n IPA,,0.075,35.0,,,Temecula,CA
279,,Black Market @@Hefe#weizen,Hefeweizen,12.0,0.05,8.0,112,Black Market Brewing Company,Temecul$a,CA
280,,Aftermath Pale Ale,American Pale Ale (APA),12.0,0.058,225.86123099004638,112,,Temecula,CA
281,1850.0,American India Red Ale,American Strong Ale,,0.071,,1535.4273180785954,Black Shirt Brewing Company,Denver,CO
282,1849.0,A#merican Red$ Porter,Ame$rican Porter,12.0,0.071,239.03824069903212,1558.882635644226,,,CO
283,5733.103907875348,,Saison / Farmhouse Ale,12.0,0.078,,294,,Denver,CO
284,1847.0,,American Amber / Red Ale,12.0,0.066,192.59495845581066,294,Bl%ack Shirt Brewing Com??pany,Denver,
285,2485.0,Saddle Bronc Brown Ale,American Brown Ale,12.0,0.048,16.0,79,,Sheridan,WY
286,2484.0,Bomber Mountain Amber Ale,American Amber#@@ / Red Ale,12.0,0.046,20.0,79,Black Tooth Brewing Company,She#rid@@an,
287,,Flying S#ailor,Rye Beer,65.42644238452823,0.073,,95,Blackrocks Brewery,Marquette,MA
288,2634.0,Nordskye,American IPA,45.70729164119881,0.17405401026081033,47.0,12,Blackrocks Brewery,Marquette,MI
289,2153.0,North Third Stout,Foreign / Export Stout,12.0,0.22117364526387662,154.18230598222047,12,Blackrocks Brewery,Marqu#ette,
290,10311.91500412296,Honey Lav,American Pale Wheat Ale,12.0,0.052,,47.359413503137404,Blackrocks% Brewery%,Marquette,MI
291,1496.0,Coconu%t Brown @@Ale,American Brown Ale,12.0,0.068,,12,Blackrocks Br??ewery,Marquette,MI
292,1481.0,,American IPA,,0.07,51.0,12,,Marquette,#MI%
293,5429.873141786593,Grand Rabbits,Cream Ale,12.0,0.055,,70.31450243063377,Blackrocks Brewery,Marquette,????MI
294,1564.0,1800 Big Log Wheat (2012),American Pale Wheat Ale,12.0,0.05,,380,,Lincoln,NE
295,1541.0,,American Pilsner,42.290758388814616,,,380,,Lincoln,
296,,Brewerhood Brown Ale,American Brown Ale,12.0,0.055,,380,,Lincoln,NE
297,1320.0,Last Call Impe#rial Amber Ale,,12.0,0.38017043435973896,,1167.002963716384,Blue Blood Brewing Company,Lincoln,NE
298,1319.0,Perni$cious Double IPA,,58.19058930929862,0.096,,380,Blue Blood Brewing Company,Lincoln,NE
299,4184.836872334469,6-4-3 Double Play Pilsner,,,,,380,Blue Blood Brewing Company,Li$ncol#n,NE
300,1025.0,,American Double / Imperial IPA,12.0,,,,Blue Blood Brewing Company,Lincoln,NE
301,1012.0,,,63.4513493092579,0.05,,,Blue Blood Brewing Company,Lincoln,
302,942.0,1335 Wicked Snout,,12.0,0.064,,380,,$Lincoln,
303,3513.330624281638,543 Skull Creek Fresh Hopped Pale Ale,American Pale Ale (APA),12.0,0.25178050621539894,,380,,Lincoln,NE
304,888.0,1327 Pod's ESB,Extra Special / Strong Bitter (ESB),12.0,0.056,37.0,380,Blue Blood Brewing Company,%Lincoln,NE
305,886.0,1327 Pod's ESB,Extra Special / Strong Bitter (ESB),12.0,0.22916145537372398,,380,Blue Blood Brewing Company,Lincoln,NE
306,612.0,,,12.0,0.056,,380,Blue Blood Brewing Company,%L%incoln,??NE
307,611.0,834 Happy As Ale,American Pale Ale (APA),12.0,0.046,35.0,380,Blue Blood Brewing Company,Lincoln,NE
308,1372.0,Yellow Collar,Mead,12.0,0.059,,422,Blue Dog Mead,Eugene,OR
309,1371.0,Green Collar,Mead,12.0,0.34680007482325925,,2240.9201242513072,B%lue Dog Mead,,OR
310,,Q$uarter Mile #Double IPA,American Double / Imperial IPA,12.0,0.08,80.0,964.5897815615148,Blue Hills Brewery,Canton,MA
311,1547.0,Full Nelson Pale Ale,Ameri%can Pale Ale (APA),12.0,0.059,60.0,382,Blue Mountain Brewery,Afton,VA
312,1546.0,Steel Wheels ESB,Extra Special / Strong Bitter (ESB),12.0,0.065,30.0,382,B#lue Mountain Brewery,Afton,VA
313,1545.0,Blue Mountain Classic Lager,Euro Pale Lager,12.0,0.28198150678047074,22.0,382,Blue Mountain Brewery,Afton,VA
314,119.0,Full Nelson Pale Ale (2010),American Pale Ale (APA),12.0,0.33862407133089684,60.0,,Blue Mountain Brewery,Afton,VA
315,1408.0,Kölsch 151,Kölsch,12.0,0.049,,414,Blue Mountain Brewery,Arrington,VA
316,2490.0,Professor Black,American Stout,12.0,,,77,Blue Owl Brewing,Austin,TX
317,14134.32269379281,Little Boss,American Pale Wheat Ale,12.0,,,410.77811877588834,Blue Owl Brewing,Austin,TX
318,2488.0,Van Dayum!,A??merican Amber / R??ed Ale,48.70722250740224,,,77,Blue Owl# Brewing,,TX
319,2487.0,Spirit Animal,American Pale Ale (APA),12.0,,,329.83692251875186,Blue Owl Brewing,Austin,TX
320,939.0,Toxic Sludge,American Black Ale,16.0,0.07,,489,Blue Point Brewing Company,Patchogue,
321,692.0,Bl@@ue P#oint White IPA,,12.0,0.06,40.0,2796.118910998732,Blue Point Brewing Company,Patchogue,
322,,Blue Point Summer Ale,American Blonde Ale,12.0,0.044,16.0,1826.8311333112622,Blue Point Brewing Company,Patchogue,N??Y
323,665.0,@@Toasted Lager,Vienna Lager,12.0,0.055,28.0,1497.3083394514294,Blue Point Brewing Company,Patchogue,NY
324,1607.0,,,12.0,0.06,,364,Bohemian Brewery,,UT
325,1597.0,,,12.0,,,364,Bohemia@@n$ Brewery,Midvale,UT
326,,Cher#ny Bock,Schwarzbier,,0.04,,364,Bohemian Brewery,,UT
327,411.829799441892,Czech Pilsner,Czech Pilsener,,0.05,,,Bohemian Brewery,Midvale,UT
328,361.40878856143144,Viennese Lager,Vienna Lager,12.0,0.05,,2160.8896387318573,Bohe##mian Brewery,Midvale,UT
329,8008.615994486538,,Am??erican IPA,12.0,0.065,,2214.064000443514,Bold City $Brewery,Jacksonville,FL
330,1568.0,,Cream Ale,,0.055,,378,Bold City Brewery,Jacksonville,FL
331,3590.2404074238407,Duke's Cold N#os$e Brown Ale,,12.0,0.06,,,Bold City Brewery,Jacksonville,FL
332,1891.0,Longhop IPA,,,0.042,169.19164680025185,281,Bolero Snort Brewery,Ridgefield Park,$NJ
333,1890.0,Lucky Buck,Irish Dry Stout,16.0,,34.0,281,Bolero Snort Brewery,Ridgefield Park,NJ
334,2804.742503231454,,Munich Helles Lager,,0.3033675311953521,,525,Bomb Beer Company,New York,NY
335,513.0,Bomb Lager (Old Recipe),Munich #H@@elles Lager,12.0,0.045,27.0,2071.806686112718,Bomb Beer Company,New York,NY
336,2422.0,Firestarter India Pale Ale,American IPA,12.0,0.066,72.0,107,Bonfire Brewing Company,Eagle,CO
337,1727.0,Kilt Dropper Scotch Ale,Scotch %Ale /# Wee Heavy,16.0,0.075,22.0,107,Bonfire Brewing Company,Eagle,CO
338,1614.0,,Czech Pilsener,16.0,0.16801109988492938,,107,#Bonfire Brewing Company,Eagle,C$??O
339,1613.0,,Märzen / $Oktoberfest,12.0,0.056,26.0,107,Bonfire Brewing Company,Eagle,CO
340,1549.0,Farmer Wirtz India Pale Ale,English India Pale Ale (IPA),16.0,0.07,94.0,,Bonfire Brewing Company,Eagle,CO
341,1548.0,Slow & Steady Golden Ale,American Blonde Ale,12.0,0.047,,107,Bonfire Brewing Company,Eagle,CO
342,1517.0,Pink-I Raspberry IPA,,16.0,,,553.5294597547105,,Eagle,CO
343,1500.0,Moe's Original Bar B Que 'Bama Brew Golden Ale,American Blonde Ale,38.79767290351618,0.047,,107,Bonfire B%rewing Company,Eagle,
344,1421.0,Live Local Golden Ale,American Blonde Ale,12.0,0.1950955940446048,,107,Bonfire Brewing Company,Eagle,CO
345,1360.0,Screaming Eagle Special Ale ESB,Extra Special / Strong Bitter (ESB),47.620386978869824,0.048,38.0,107,Bonfire Brewing Company,Eagle,CO
346,1184.0,Dirtbag Dunkel,Munich Dunkel Lager,16.0,0.049,,,Bonfire Brewing Company,Eagle??,CO
347,1183.0,Kindler Pale Ale,American Pale Ale (APA),12.0,0.053,45.0,,Bonfire Brewin$g Company,Eagle,CO
348,1023.0,Mistress Winter Wheat,Winter Warmer,50.09611493976666,0.064,,107,Bon#fire Brewing Company,Eagle,CO
349,998.0,Tent Pole Vanilla Porter,American Porter,16.0,0.061,,107,Bonfire Brewing$ Company,Eagle,CO
350,,Awry Rye Pale Ale,,12.0,0.058,,107,Bonfire Brewing Company,E$agle,CO
351,,Demshitz Brown Ale,American Brown Ale,12.0,0.058,,107,Bonfire Brewing Company,Eagle,CO
352,931.0,Wood Splitter Pilsner (2012),Czech Pilsener,12.0,0.048,,107,Bonfire Brewing Comp@@@@any,Eagle,CO
353,798.0,Brush Creek Blonde,American Blonde Ale,16.0,0.048,,107,Bonfire Brewing Company,Eagle,CO
354,,Firestarter India Pale Ale,American IPA,16.0,0.066,72.0,,Bonfire Brewing Company,Eagle,CO
355,2062.0,Noche Dulce,American Porter,16.0,0.071,16.0,231,Borderlands Brewing Company,Tucson,AZ
356,1830.0,Porch Rocker,,12.0,0.045,8.0,300,Boston Beer Com#pany,Boston,MA
357,1629.0,Rebel IPA,Ameri$ca@@n IPA,16.0,0.24135525624953427,45.0,300,Boston Bee#r Company,Boston,MA
358,,Cold Snap,Witbier,,0.055,,,Boston Beer Company,Boston,MA
359,5793.969217273724,Samuel Adams Winter Lager,Boc@#@k,12.0,0.056,,300,Bosto%n Beer Company,Boston,MA
360,1349.0,,,78.86884166755772,,30.0,300,Boston Beer Company,,MA
361,,,Vienna Lager,12.0,0.049,115.78952436352891,,,,MA
362,,Samuel Adams Octoberfest,,12.0,0.053,15.0,1159.5064938587348,Boston Beer Compan%y#,Boston,MA
363,1144.0,Samuel Adams Summer Ale,American Pale Wheat Ale,12.0,0.2809813098956474,32.67623682539537,300,Boston Beer Company,Boston,MA
364,1143.0,Boston Lager,Vienna Lager,64.42366150073536,0.049,110.57286609316228,1347.8131181776844,Boston Beer Company,Boston,MA
365,1395.0,Hazed & Infused,Ame??rican Pale Ale (APA),53.096108670604146,0.25673243648080063,35.0,1870.1024963044963,Boulder Beer Company,Boulder,C%$O
366,808.0,,American Pale Ale (APA),12.0,,35.0,417,Boulder Beer Company,Boulder,CO
367,81.0,Hazed & Infused (2010),American Pale Ale (APA),12.0,0.1524982479851152,,1727.3291142420976,Boulder Beer Company,Boulder,
368,2596.0,Heavy L@@ifting,American IPA,12.0,0.062,369.9066036984011,130.5242083511672,Boulevard Brewing Company,Kansas City,MO
369,,1492,American Pale Ale (APA),56.01542896642087,0.2605297121909382,,,Boxcar Brewing Company,%West Chester,PA
370,2299.0,Mango Ginger,American IPA,53.822174003032586,0.058,,,Boxcar Brewing @@Co%mpany,,PA
371,2298.0,Passenger,,12.0,0.047,,671.7288915465875,Boxcar Brewing Co$m@@pany,We@$@st Chester,?#?PA
372,2107.0,Plum St. Porter,American Porter,,0.06,52.0,219,Bozeman Brewing Company,Bo??zeman,MT
373,1573.0,,American Porter,12.0,0.057,52.0,,Bozeman Brewing Company,Bozeman,
374,,Bozone HopZone IPA,American IPA,12.0,0.07,80.0,219,Boze#man Brew%ing Company,Bozeman,MT
375,1288.0,Bozone Hefe Weizen,Hefeweizen,12.0,0.06,,219,Bozeman Brewing Company,,MT
376,470.0,B??ozone Select Amber Ale,American Amber / Red Ale,54.549335261921605,,,219,Bozeman Brewing Company,,MT
377,2167.0,Evil Owl,American Amber / Red Ale,12.0,0.052,127.98245029377702,,Branchline Brewing Company,,TX
378,2204.0,Post Time Kölsch,Kölsch,16.0,,,1074.5260374170973,,Portland,OR
379,1522.0,Agave Wheat,American Pale Wheat %Ale,70.06133592765258,0.042,9.0,391,,Denver,CO
380,397.0,SummerBright Ale,,12.0,,15.0,391,Breckenridge Brewery,Denver,CO
381,193.0,Lucky U IPA,American IPA,12.0,0.3367635344386511,68.0,391,,Denver,CO
382,83.0,Avalanche Ale,American Amber / Red Ale,,0.054,,391,,,CO
383,1802.0,You're My Boy Blue,,,0.2648340304756239,,308,Brew Bus Brewing,Tampa??,#$FL
384,1801.0,,American IPA,12.0,0.072,,308,Brew Bus Brewing,Tampa,FL
385,1800.0,Rollin Dirty Red Ale,??Irish Red A??le,12.0,0.05,75.98267357273298,308,Brew Bus Brewing,??T@@ampa,FL
386,1799.0,Are Wheat There Yet?,American Pale Wheat Ale,12.0,0.055,127.03231227652297,,Brew Bus Brewing,Tam@@pa@@,FL
387,2619.0,Insert Hop Reference,American Pale A#le (APA#),,0.058,,19,Brew Link Brewing,Plainfield,IN
388,13595.951247403087,Manitou Amber,American Amber / Red Ale,60.572408373117526,0.2963831737999203,,264.36728649096744,,Traverse$ City,MI
389,2637.0,B$elfort,Saison / Farmhouse Ale,16.0,0.067,,10,Brewery Vivant,,MI
390,8252.881607558318,Star Runner,Belgian Pale Ale,95.12666537798856,0.06,,34.369303588677816,Brewery Vivant,Grand Rapids,MI
391,13602.877150725164,Tart Side of the Barrel,American Double / Imperial Stout,,0.098,,10,,Grand Rapids,MI
392,,Linnaeus Mango IPA,American IPA,70.97396927247362,0.06,,,Brewery Vivant,Grand Rapids,MI
393,2548.0,,Rauchbier,16.0,0.07,,10,Brew#er@@y Vivant,Grand Rapids,MI%
394,14543.275199774811,,,,0.077,,10,Brewery Vi%vant,Grand Rapids,
395,2541.0,Barrel Ag#ed Triomphe,Belgian IPA,16.0,0.065,,10,Brewery Vivant,Grand Rapids,M??I
396,,Cherry Doppelbock,Doppelbock,16.0,0.065,,,Brewery Vivant,Grand Rapids,MI
397,2500.0,T#ropical Saison,Saison / Farmhouse Ale,16.0,0.065,,10,Brewery Vivant,Grand Rapid@@s,MI
398,2499.0,Beach Patrol,,16.0,0.065,,43.253636314028626,Brewery Vivant,Grand Rapids,MI
399,2498.0,Nuit Serpent,,16.0,0.05,,10,Brewery Vivant,Grand Rapids,MI
400,11317.49998629059,Paris,Saison / Farmhouse Ale,16.0,0.09,,,Brewery Vivant,Grand Rapids,MI
401,,The Grand Army,Belgian IPA,,0.055,,41.849703374643994,Brewery Vivant,Grand Ra$$pids,MI
402,2467.0,Acidulated Trip,,16.0,0.059,,10,Brewery Vivant,Grand Rapids,
403,,%Root Stock,Rye Beer,16.0,,,10,Brewery Vivant,Grand Rapids,
404,2465.0,,Dunkelweizen,16.0,0.041,,10,Brewery Vivant,,MI
405,2433.0,Sous Chef,Belgian Strong Pale Ale,73.89329247322584,0.082,,10,Brewery Vivant,Grand Rapids,@%@MI
406,2418.0,Dubbelicious,Dubbel,16.0,0.065,,10,$Brewery Vivant,Grand Rapids,M$I
407,2416.0,,Belgian Dark Ale,16.0,,,10,Brewery Vivant,Grand?? R@@apids,MI
408,2382.0,Fa@@t?? Paczki,Belgian Dark Ale,16.0,,,,Brewery Vivant,Grand Rapids,MI#
409,2381.0,Earth-Like ??Pl@@anets,Belgian Pale Ale,60.56197891698364,,,10,Brewery Vivant,,MI
410,2290.0,#Ski Patrol,Witbier,16.0,0.061,,43.1442097641647,Brewery Vivant,Grand Rapids,MI
411,2241.0,,,16.0,0.063,,10,Brewery Vivant,,M%I
412,2240.0,Rye Porter,American Porter,95.12977017645711,0.056,,10,Brewery #Viv%ant,Grand Rapids,MI#
413,2137.0,Wizard Burial Ground,Quad??rupel (Q#uad),16.0,0.099,,10,,Grand Rapids,MI
414,8563.530147703736,Smoky Wheat,Rauchbier,16.0,0.051,,10,Brewery Vivant,Grand Rapids,??MI#
415,2092.0,,Belgian IPA,,0.062,,10,Brewery Vivant,Grand Rapids,MI
416,2091.0,Mela,Belgian Dark Ale,16.0,0.062,,10,Brewery Vivant,Grand Rapids,MI
417,7718.916186690023,W.I.P.%A Snappa,Belgian IPA,,0.053,,10,Brewery Vivant,Grand Rapids,M$@@I
418,2023.0,Pepp#er in the Rye,Rye Beer,,,,,Brewery Vivant,Grand Rapids,MI
419,2006.0,Moe La@@sse@@s',American Stout,,0.064,,10,Brewery Vivant,Grand Rapids,MI
420,1997.0,Pumpkin Tart,Fruit% / Vegetable Beer,16.0,0.07,,10,Brewery Vivant,Grand Rapids,MI
421,,Undertaker,Belgian Dark Ale,16.0,0.2572240286251336,,10,Brewery Vivant,Grand Rapids,MI
422,1976.0,Undertaker (2014),Belgian Dark Ale,16.0,0.3008579938497833,,10,Brewery Vivant,,MI
423,1974.0,Coq D'Or,,16.0,0.05,,,,Grand# Rap#ids,MI
424,,,,16.0,0.06,,,Brewery Vivant,Grand Rapids,MI
425,,Agent a Deux,Belgian Dark Ale,16.0,0.065,,10,$Brewery @@Vivant,Grand Rapids,MI
426,,B??elgian Wit,Witbier,,0.045,,10,,Grand Rapids,MI
427,1949.0,Pothole Stout,,16.0,0.063,,34.56515124061793,,Grand Rapids,MI
428,1947.0,Tree Bucket,Belgian IPA,16.0,0.093,,34.334481702300614,Br%ewery Vivant,Grand Rapids,MI
429,1785.0,,A$merica$n Wild Ale,85.2858696246359,,,10,Brewery Vi??va$nt,,MI
430,1651.0,Maize & Blueberry,Fruit / Vegetable Beer,16.0,0.056,,,Brewery Vivant,Grand Rapids,MI
431,1443.0,Trebuchet Double IPA,American Double / Imperial IPA,16.0,0.093,,10,,,MI
432,,Contemplation,Bière de Garde,,,,10,Brewery Vivant@@,Grand Rapids,MI
433,1267.0,,American Black Ale,,0.05,,10,Brewery$ V$ivant,,MI
434,,Za@@ison,,16.0,0.09,,10,Brewery Vivant,Grand Rapids,MI
435,1178.0,,,16.0,0.082,,,Brewery Vivant,Grand Rapids,
436,1136.0,Tart Side of the Moon,Belgian Dark Ale,,0.098,,41.497099427195806,Brewery Vivant,Grand Rapids,
437,1044.0,Big Red Coq,American Amber / Red Ale,16.0,0.2279246978779785,,10,Brewery Vivant,Grand Rapids,@@??MI
438,1033.0,Hubris Quadrupel Anniversary Ale,Quadrupel (Quad),16.0,0.099,,10,@@@@Brewery Vivant,Grand Rapids,MI
439,4740.03661999543,Plow Horse Belgian Style Imperial Stout,,16.0,0.095,,10,Brewery Vivant,Grand Rapids,MI
440,5362.673770065607,Escoffier Bretta Ale,,16.0,0.535920036956044,,10,,Grand Rapids,M$I
441,873.0,Contemplation (2012),Bière de Garde,,0.065,,10,Brewery Vivant,Grand Rapids,MI
442,,Vivant Belgian Style Imperial Stout (2012),Russian Imperial St????out,16.0,,,10,,Grand Rapids,MI
443,677.0,Big Red Coq (2012),American Amber / Red Ale,16.0,,,10,Brewe@@ry Vivant,Grand Rapids,M#I%
444,671.0,Zaison (2012),Saison% / $Farmhouse Ale,73.55140692417677,0.09,,10,Brewery Vivant,Grand Rapids,MI
445,670.0,Vivant Tripel (2012),Tripel,16.0,0.092,,,Brewery Viv@@ant,Grand Rapids,M$I
446,669.0,Tr$ebuchet Double IPA (2012),Be@@lgian IPA$,16.0,0.097,,10,Brewery Vivant,Grand Rapids,MI
447,627.0,Kludde,Belgian Strong Dark Ale,16.0,0.085,,,Br#ewery Vivant,,MI
448,387.0,Farm Hand,,16.0,0.055,,10,Brewery Vivant,$Grand Rapids,%$MI
449,385.0,Solitude,Belgian Pale Ale,78.36437072618313,0.06,,10,,Grand Rapids,MI$@@
450,384.0,,Belgian IPA,16.0,0.065,,10,Br??ewery% Vivant,Grand Rapids,MI
451,1096.0,,American Pale Ale (APA),12.0,,,2620.5896315920786,Brindle Dog Brewing Company,Tampa Bay,FL
452,1095.0,Orange Grove Wheat Ale,American Pale Wheat Ale,12.0,,,,Brindle Dog Brewing Company,Tampa Bay,
453,,,Americ%an# Amber / Red Ale,53.114769632122695,0.061,,89,,East Windsor,CT
454,921.0,Northern Lights Am??ber Ale,American Amber / Red Ale,12.0,0.05,15.0,,Broken Tooth Brewing Company,Anchorage,
455,920.0,,American Pal$e Ale (APA),,0.052,17.0,,Broken Tooth Brewing Company,??Anchora#ge,AK
456,4662.19009804602,%Chugach Sessi??on Ale,Cream Al@@e,12.0,0.048,,493,Broken Tooth Brewing Company,Anchorage,AK
457,3622.079748281756,Fair%weather IPA,American IPA,12.0,0.061,64.0,493,Broken Tooth Brewing Company,Anchorag@@e,AK@@
458,,Eas??t Indi#a Pale Ale,Engl%ish India Pale Ale (IPA),16.0,0.068,47.0,437,Br#ooklyn Brewe??ry,Brooklyn,NY
459,756.0,Brooklyn Summer Ale,English@@ Pale Mild Ale,,0.045,,437,Brooklyn @@Bre$wery,Brooklyn,NY
460,566.0,East In#dia Pale Ale,English India Pale Ale (IPA),12.0,0.068,,437,Brooklyn Brewery,Brooklyn,
461,,Brooklyn Summer Ale (2011),English Pale Mild Ale,12.0,0.045,,437,Brooklyn Brewery,,NY
462,66.0,Brooklyn Lager (16 oz.),American Amber / Red Lager,16.0,0.18793181801119116,,437,Brooklyn Brewery,Brooklyn,NY
463,65.0,Brooklyn Lager$ (12 oz.),American Amber / Red Lager,12.0,0.052,,437,Brooklyn Brewery,Brooklyn,NY
464,538.0,Tour de Nez Belgian I$PA (#Current),,57.35354326282118,0.08,,530,Buckbean Brewing Company,R@@eno,NV
465,,Roler Boc@@k?? (Current),Maibock / Helles Bock,16.0,,,,Buckbean Brewing Company,Re%#no,NV
466,383.0,,American Black Ale,16.0,0.4144957257661177,,530,Buckbean Brewing Company,Reno,NV
467,,Very Noddy Lager (Current),,92.75469139578604,0.099,,530,Buckbean Brewing Company,Reno,NV
468,28.0,Tule Duck Red Ale (Current),American Amber / Red Ale,16.0,0.062,42.0,530,Buckbean Brewing Company,Reno,NV
469,27.0,Original Orange Blossom A@@le (Current),Herbed / Spiced Beer,16.0,0.058,163.06313366385945,,Buckbean Brewing Company,Reno,NV
470,116.75465340182075,Black Noddy Lager #(Current),Schwarz#bier,,0.052,,2575.264599343352,Buckbean Brewing Co%mpany,Reno,NV
471,1627.0,Cleveland Beer Week 2013,Munich Helles Lager,,0.2119875260396919,,357,Buckeye Brewing,,OH
472,,Painted Turtle,American Pale Ale (APA),12.0,0.045,,187.31126642223347,BuckleDown Brewing,,IL
473,2125.0,1836,American Blonde Ale,12.0,0.06,40.0,214,Buffalo Bayou Brewing Company,Houston,TX
474,2124.0,Summer's Wit,Witbier,12.0,0.06,,993.4191542072505,Buffalo Bayou Brewing Company,Houston,
475,11813.298067321191,More Cowbell,,16.0,0.09,118.0,852.0440285656069,Buffalo Bayou Brewing Company,Houston,%TX
476,2608.0,,American Brown Ale,16.0,0.065,,24,,Michigan City,IN
477,2607.0,,American Black A??le,16.0,0.068,,24,Burn 'Em Brewing,Michigan City,
478,2606.0,,Fruit / Vegetable Beer,24.0,0.078,,24,Burn 'Em Brewing,Michigan City,IN
479,2478.0,Pale Alement,American Pale Ale (APA),12.0,0.055,40.0,24,Burn 'Em Brewing,Michigan Ci??ty,
480,2471.0,Hopkick Dropki$ck,American Double / Imperial IPA,12.0,,,24,Burn 'Em Brewing,Michigan City,IN
481,2470.0,Kreamed Corn,,65.06373976299923,0.35379868217341987,,89.79473522898238,Burn 'Em Brewing,,IN
482,9761.292082776585,,,,0.065,,24,Burn 'Em Brewing,,IN
483,2160.0,,American Pa@@le Wheat@@ Ale,,,16.0,24,Burn 'Em Brewing,Michigan City,IN
484,2158.0,3:33 Black@@ IPA,American IPA,16.0,0.072,86.0,24,Burn 'Em Brewing,Mich$igan City$,IN
485,2072.0,MCA,American IPA,94.24208939797018,0.3405940352963911,,24,Burn 'Em Brewing,Michigan City,IN
486,,Pale Alement,American Pale Ale (APA),16.0,0.22354037459813092,,,Burn 'Em Brewing,Mich#igan City,IN
487,,Couch Select L$ager,American Pale Lager,12.0,0.05,50.2790590158453,197,,Portland,OR
488,,Mucho Aloha Hawaiian Pale Ale,American Pale Ale (APA),12.0,0.056,36.0,517,Butcher's Brewing,Carlsbad,
489,,,Hefeweizen,12.0,,,556,Butternuts Beer and Ale,Garr$attsville,%NY
490,,Snapperhead IPA,American IPA,12.0,0.068,,556,Butternuts Beer and Ale,Garrattsville,NY
491,50.0,Moo Thunder Stout,Milk / Sweet Stout,59.88061153989086,,,556,Butternuts Beer and Ale,Garrattsv$ille,NY
492,49.0,,Ame??rican Pale Ale (APA),,0.043,,556,,,NY
493,2657.0,Blackbeard,American Double / Imperial Stout,64.51709975144104,,,5,COAST Brewi@@ng ??Company,Charleston,SC
494,2656.0,Rye Knot,,12.0,,,5,COAST Bre@@wing Company,Charleston,S#C@@
495,14704.16042846732,Dead Arm,American Pale Al#e (APA),48.010578982703834,0.06,,5,COAST Brewing Company,Charleston,SC
496,,32°/50° Kölsch,Kölsch,16.0,,,5,,Charleston,SC
497,10805.011804986985,HopArt,American IPA,16.0,0.077,,5,COAS??T Brewing Company,Charleston,
498,11693.127826217527,Boy King,American Double / Imperial IPA,16.0,0.097,,25.037868117885843,,,@@S@@C
499,,Gran Sport,American Porter,16.0,0.052,,182,COOP Ale Wo@@rks,Okla#homa City,OK
500,10702.714951337588,Horny Toad Cerveza,American Blonde Ale,16.0,,25.0,1076.9828850456481,COOP Ale Works,Oklahoma C??ity,OK#
501,2213.0,,,16.0,0.063,35.0,726.1991052638732,COOP Ale Works,,OK
502,1442.0,F5 IPA#,,16.0,0.068,100.0,182,,Oklahoma City,
503,170.0,Native Amber (2013),American Amber / Red Ale,60.07573130246397,,35.0,182,COOP Ale Works,Oklahoma City,OK
504,169.0,Horny Toad Cerveza (2013),,16.0,0.17741240576983128,,182,COOP Ale Works,Oklahoma City,O#K
505,2315.0,Hopportunity Knocks IPA,American IPA,12.0,0.068,100.0,725.8551546707777,Caldera Brewing Company,Ashland,OR
506,,Pilot R$ock Port#er,American Porter,64.16705224579565,0.06,,,Caldera Brewing Company,,OR%??
507,1419.0,Caldera Pale Ale,American Pale Ale (APA),12.0,0.056,233.20767824164807,155,Caldera Brewing Company,Ashland,OR
508,878.0,Lawnmower Lager,American A@@djunct %Lager,12.0,0.039,16.0,783.7014960296647,,Ashland,OR
509,,Ashland Ambe$r Al#e (2009),American Amber / Red Ale,12.0,0.054,87.37717649855385,155,Caldera Brewing Company,Ashland,OR
510,793.0,Caldera IPA (2009),American IPA,,0.061,94.0,155,Caldera Brewing Company,Ashlan@@d,
511,792.0,Cal$der$a IPA (2007),American IPA,53.44530213021814,,94.0,155,,As%hland,OR
512,791.0,Caldera Pale Ale (2010),American Pale Ale (APA),12.0,0.056,211.82223203674553,155,Caldera Brewing Company,Ash@@land%,OR
513,,Caldera Pale Ale (2009),American Pale Ale (APA),12.0,0.2821405107764245,55.0,155,Caldera Brewing Company,Ashland,
514,3801.309632209282,Caldera Pal$e Ale (2005),American Pale Ale (APA),12.0,0.056,55.0,,Caldera Brewing Company,,OR
515,788.0,Caldera Pale Ale (2007),American Pale Ale (APA),12.0,0.056,305.06932524481476,155,Caldera Brewing Company,,OR
516,139.1645346785405,,American Pale Ale (APA),,0.056,55.0,,Caldera Brewing Company,Ashland,OR
517,37.0,Ashland Amber Ale,America%n Amber / Red Ale,65.6964160053993,0.054,24.0,155,Caldera Brewing Company,Ashland,OR
518,36.0,Caldera IPA,American IPA,12.0,0.061,94.0,155,Caldera Brewing Company,Ashland,OR
519,9691.000463342882,Remain in Light,American Pilsner,12.0,0.17506794615019383,,178,Cambridge Brewing Company,Cambridge,MA
520,2256.0,Flower Child (2014),American IPA,12.0,0.065,,178,Cambridge Brewing @@@@Company,Cambridge,MA
521,,THP W@@hite (2006),Witbier,,,,,Cans Bar and Canteen,Charlotte,
522,869.0,THP Amber (2006),American Amber / Red Ale,63.994754770363436,,,,Cans Bar% and Canteen,Charlotte,NC
523,868.0,THP Light (2006),American Blonde Ale,57.31380469068534,,,,,Charlotte,NC
524,867.0,THP Dark (2006),English Dark Mild Ale,12.0,,,497,Cans Bar and Canteen,Charlotte,NC
525,2068.0,Imperial Pumpkin Stout,Pumpkin Ale,16.0,0.099,,230,Cape Ann Brewing Company,Gloucester,??M%A
526,2067.0,#Dead$-Eye DIPA,American Double / Imperial IPA,16.0,0.09,130.0,230,Cape @@Ann Brewing Company,Gloucester,MA
527,2066.0,,American IPA,,0.18802859882255832,64.0,230,Cape Ann Brewing Company,Gloucest??er,MA
528,2065.0,Fisherman's Pils,German Pilsener,56.816062635226544,0.054,35.0,230,Cape Ann Brewing Company,Gloucester,MA
529,,Fi@@sherm%an's Brew,American Amber / Red Ale,51.279685702045214,,30.0,230,Cape Ann Brewing Company,Gloucester,
530,1928.0,Cape Cod Red,American Amber / Red Ale,89.15046211981178,0.055,35.0,267,Cape Cod Beer,Hy$annis,MA
531,,Beach Blonde,,16.0,0.049,,267,Cape Cod Beer,Hyannis,MA
532,2227.0,Dark Voyage Black IPA (2013),American Black Ale,12.0,0.19845507470020368,80.0,192,Capital Brewery,Middleton,
533,6735.46581957288,Wisconsi??n Amb@@er,Vienna Lager,12.0,0.052,28.0,,Capital% Brewery,Middleton,WI
534,8666.524658536031,Lake House,Munich Helles Lager,12.0,,18.0,192,,Mid@@d??leton,
535,,Ghost Ship White IPA,American IPA,12.0,0.21743161647445386,,,Capital Brewery,Middleton,%WI
536,1910.0,Lake House,??Munich Helles Lager,16.0,0.046,18.0,192,Capital Br$ewery,Middleton,WI
537,1177.0,,American IPA,12.0,0.062,,192,Capital Brewery,Middleton,WI
538,840.0,Wisconsin Amber (1998),Vienna Lager,12.0,0.052,,608.0006423632508,Capital Brewery,,WI
539,180.0,Island Wheat,,12.0,,,192,Capital Brewery,Middleton,
540,63.0,Wisconsin Amber (2013),Vienna Lager,12.0,0.052,,192,Capital Brewery,Middleton,
541,62.0,U.S. %Pale Ale,American Pale Ale (APA),,0.05,,192,Capital Brewery,Middleton,WI
542,61.0,Supper Club Lager,American Pale Lager,12.0,,,192,Capital Brewery,Middleton,??WI
543,784.0,Carolina Lighthouse (2007),American Blonde Ale,12.0,0.04,,504,Carolina Beer & Beverage,Mooresville,NC
544,783.0,Carolina Blonde (2006),American Blonde?? Ale,12.0,0.05,,,,Mooresvi@@ll@@e,N$C@@
545,782.0,Carolina Blonde Light (2005),@@American Blonde Ale,12.0,0.035,,504,Carolina Beer & Beverage,Mooresville,#N$C
546,2255.0,,Winter Warmer,,0.059,85.33659931456576,179,Carolina Brewery,Pittsboro,
547,530.0,Flags%hip IPA,English India Pale Ale (IPA),12.0,0.2356808258282453,,612.6871847884588,,Pittsboro,NC??
548,427.0,,Kölsch,12.0,0.051,,179,Carolina Brewery,Pittsboro,@@NC
549,2094.0,Epitome,Ameri@@can Black Ale,16.0,0.099,100.0,222,Carton Brewing Company,Atlantic Highlands,NJ
550,1941.0,Monk#ey Chased %the Weasel,Berliner Weissbier,16.0,0.039,9.0,222,,Atlantic Highlands,NJ
551,1940.0,077X??X,American Double / Imperial IPA,16.0,0.4280423915575548,80.0,806.4433587770355,Carton Brew$ing ??Company,Atlantic Highlands,NJ
552,1439.0,Boat Beer,American IPA,12.0,0.042,,813.0835160204093,Carton Brewing Company,,
553,1465.0,Granny Smith Hard Apple Cider,,16.0,0.069,,,,Portland,OR
554,8752.934693206767,Dry Hard Apple Cider,Cid??e$r,16.0,0.069,,404,Cascadia Ciderworks United,Portland,OR
555,1744.0,Farmer Ted's Cream Ale,Cream Ale,71.04483237442554,,,331,Catawba Brewing Company,Morganton,NC
556,1743.0,Firewater India Pale Ale,#Amer%ican IPA,12.0,0.052,,,Catawba Brewing Company,Morganton,NC
557,1742.0,White Z??ombie A??le,Witbier,12.0,0.047,,331,Catawba Bre$wing Company,M#organton,NC
558,,King Winterbo@@lt Winter Al$e,Winter Warmer,,0.07,,331,Catawba Brewing Compa?@@?ny,Morganton,NC
559,,,Witbier,,0.27905441678790394,,331,Catawba Brewing Company,,NC
560,507.0,??Firewater India Pale Ale,,12.0,0.052,,331,Catawba Brewing Company,Morganton,NC
561,,Farmer Ted's #Farmhouse Cream Ale,Cream Ale,12.0,0.056,,1353.7166998562604,Catawba Brewing Company,Morganton,
562,1882.0,Whitecap Wit,Witbier,16.0,0.048,16.0,285,Catawba Island Brewing,Port Clinton,OH
563,1881.0,Seiche Scotti$sh Ale%,Scottish Ale,16.0,,93.51280420525103,285,Catawba Island Brewing,Port Clinton,OH
564,2446.0,,American Brown Ale,65.90239757932152,0.058,,96,Catawba Valley Brewing Company,Morganton,NC
565,,King Coconut,American Porter,12.0,0.054,,96,,Morgan%ton,NC
566,,Gone A-Rye,American #D@@ouble / Imperial IPA,16.0,,,29,Cedar Creek Brewery,Se#ven P??oints,
567,10660.022802383251,Special Release,,16.0,,,29,Cedar Creek Brewery,Seven Points,TX
568,,Dankosaurus,@@%American IPA,16.0,,,29,Cedar Creek Brewery,Seven Points,TX
569,,Scruffy's Smoked Alt,Smoked Beer,16.0,0.051,,29,Cedar Creek Brewery,Seven Points,TX
570,1182.0,Elliott's Phoned Home Pale A%le,Americ@@an Pale Al$e (APA),16.0,0.051,145.87475917147782,29,Cedar C??reek Brewery,Seven Points,TX
571,1050.0,The Lawn Ranger,Cream Ale,16.0,0.05,18.0,29,Cedar Cree??k Brewe$ry,Seven Points,TX
572,1219.0,All American Blonde Ale,American Blonde Ale,70.91628908199178,,,2244.2283571566586,Centennial Beer Company,Edwards,CO
573,,All American Red Ale,American Amber / Red Ale,12.0,0.05,,1636.6956349926015,Centennial Beer Company,Edwards,C??O??
574,2377.0,Main St. Virginia Ale,Altbier,12.0,0.05,40.0,122,,Ashland,VA
575,,Chin Music Amber Lager,,12.0,0.045,24.0,122,Center of the Universe Brewing C...,Ashland,VA
576,1248.0,Main St. Virginia Ale,Altbier,57.566488411329395,0.05,40.0,122,Center of the Universe Brewin#g C...,Ashland,VA
577,1247.0,Ray Ray’s Pale Ale,American Pale Ale (APA),12.0,0.052,42.0,122,Center of the Universe Brewing C...,,V@%@A
578,1649.0,Chai Ale,Herbed / Spiced Beer,16.0,0.051,,,Central Coast Brewing Company,San Luis Obispo,CA
579,9094.619865514818,Lucky Day IPA,American IPA,,0.072,85.0,350,Central Coast Brewing Company,San Luis Obispo,CA
580,,Terrace Hill Double IPA,American Double / Imperial IPA,16.0,,99.0,350,Central Coast Brewing Company,San Luis Obispo,CA
581,1646.0,Catch 23,American Black Ale,,,77.0,350,,San Luis Obispo,CA
582,2057.0,Stickin' In My Rye,Rye Beer,24.0,0.07,,236,Champion Brewing Company,Charlottesville,
583,2056.0,Black Me Stout,American Stout,12.0,0.06,45.0,236,Champion Brewing Company,Charlottesville,VA
584,2055.0,Killer Kolsch,Kölsch,12.0,0.05,,236,Champion Brewing Company,Ch%arlot??tesville,VA
585,1933.0,Missile IPA,American IPA,12.0,0.07,65.0,236,,Charlottesville,VA
586,2019.0,Enlighten@@,Kölsch??@@,16.0,0.045,,250,Chapman's Brewing,Angola,I??N
587,,Ale Cider,??Fruit / Vegetable?? Beer,16.0,0.065,8.0,250,Chapman's Brewing,Angola,
588,2017.0,,American Pale Ale (APA),94.05023007814279,0.055,30.0,1332.7380934536704,Ch#apman's Brewing,Angola,#IN
589,2016.0,Englis#hman%,E??nglish B%rown Ale,16.0,0.18973915703754157,,250,Chapman's Brewing,Angola,IN
590,2080.0,,American Strong Ale,16.0,,69.0,994.7703265387801,Chath%am Br??ewing,Chatham,NY$??
591,2079.0,Oktoberfest,Märzen / Oktoberfest,16.0,0.2616285436521938,40.0,1008.9290878213765,Chatham #Br#ewing,Chatham,NY
592,7739.594445605103,IPA #11,American IPA,,0.057,215.58703797345055,121,Cheboygan Brewing Com$pany??,Cheboygan,MI
593,2379.0,Blood Orange Honey,Fruit / Vegetable Beer,,0.3289205105313493,10.0,121,Cheboygan Brewing Company,Cheboygan,MI$
594,2354.0,Lighthouse Amber,Altbier,,0.052,,121,Cheboygan #Brewing Co$mpany,Cheboygan,MI
595,,,American Double / Imperial IPA,12.0,,126.0,99,Christian Moerlein Brewing Company,Cincinnati,??O%H
596,567.0,Churchkey Pilsner Style Beer,,12.0,0.049,29.0,3056.686879983925,Churchkey Can Company,Seattle,$WA
597,1342.0,First Press,Cider,12.0,,,425,Ciderboys,Stevens Point,WI
598,1341.0,Magic Apple,Ci$de$r,12.0,0.05,,425,Ciderboys,,WI??
599,2349.0,%Cubano Espresso,,12.0,0.055,25.0,141,Ci$gar City Brewing Company,,FL
600,2014.0,Operation Homefront,American IPA,12.0,0.2710217593660914,65.0,141,Cigar City Brewing Company,Tam@@pa$,FL
601,2013.0,Wandering Pelican,American Black Ale,,,65.0,,Cigar City Brewing Company,,
602,11497.752046387031,Sugar Plum,American Brown Ale,12.0,0.19299262565083314,,141,Cigar City Brewing Company,Tampa,FL
603,2011.0,Oktoberfes$@@t,Märzen / Oktoberfest,12.0,,,804.2694852071222,Cigar City Brewing Company,Tampa,FL
604,2010.0,Puppy's Breath Porter,Am$erican Porter,12.0,,,141,Cigar City Brewing Company,Tampa,
605,2009.0,Happening $Now,American IPA,12.0,0.045,,,Cigar City Brewing Company,Tampa,FL
606,1726.0,Hopped on the High Seas (Hop #529),,,,60.0,,Cigar City Brewing Company,Tampa,?#?FL
607,5220.307939066687,Hopped on the High Seas (Calypso),Americ$an IPA,,0.07,60.0,,Cigar City Brewing Company,T#@@ampa,FL
608,1695.0,,American Pale Ale (APA),12.0,0.063,,141,Cigar City Brewin#g Company,Tampa,FL@@
609,,Dry-Hopped On The High Seas Caribbean-Style IPA,American IPA,12.0,0.07,60.0,141,,Tamp??@@a,FL
610,1693.0,Hopped on the High Seas (Citra),,,0.07,60.0,141,Cigar City Brewing Company,Tampa,FL
611,,Hopped ??on the High Seas (Ahtanum),$America$n IPA,12.0,,,625.7234878681932,Cigar City Brewing Company,Tampa,FL
612,1369.0,Gwar Beer,American Pale Ale (APA),68.23320610420788,,,,,Tampa@@,FL
613,1243.0,Tropical Heatwave,American Pale Wheat Ale,16.0,0.052,,560.5667717275501,Cigar City Brewing Company,Tampa,FL
614,1142.0,Humidor Series India Pale Ale,American IPA,,0.25628749156856506,70.0,141,Cigar C$ity Br??ewing Company,Tampa,$FL??
615,1141.0,Jai Alai IPA Aged on White Oak,American IPA,12.0,0.075,213.36693347068567,141,Cigar City Brewing Company,Tampa,FL
616,1140.0,José Martí Am%erican Po$rter,,12.0,0.08,,738.9291334875356,Cigar City Brewing Company,Tampa,FL
617,1139.0,Invasion Pale Ale,Americ??an Pale Al%e (APA),46.496268825186604,,,,Cigar City Brewing Company,Tampa,FL
618,1138.0,Maduro Brown Ale,Englis@@h Brown Ale,12.0,0.055,,141,,,FL
619,571.0,Maduro Brown Ale,American Brown Ale,12.0,0.055,102.02211652736248,141,Cigar City$ Brewi??ng Company,Tampa,FL
620,,Hotter #Than @@Helles Lager,Munich Helles Lager,12.0,0.05,,141,Cigar City Brewing Company,Tampa,
621,2476.18722457018,Tocobaga Red Ale,Am%erican Amber / Red Al@@e,,,75.0,141,Cigar City Brewing Company,Tampa,FL
622,546.0,Jai Alai IPA,American IPA,,0.075,70.0,141,Cigar City Brewing Company,,FL
623,,Florida Cracker Belgian Wit@@,Witbier,12.0,0.23763134549620238,,141,Cigar City Brewing Company,Tampa,FL
624,,Shark Tracker Light lager,Light Lager,12.0,0.048,,744.8396455085447,Cisco Brewers,Nantucket,#MA@@
625,1365.0,Pumple Drumkin,Pumpkin Ale,67.91249735098998,,,,Cisco Brewers,Nantuck%et,M#A@@
626,,Grey Lady,Witbier,12.0,0.045,,437.6884379418341,Cisco Brewers,%Nantuc??ket,MA
627,2316.405547900144,Summ$e??r of Lager,#Mu??nich Helles Lager,,0.062,,539.9685560532253,Cisco Brewers,Nantucket,M%A
628,656.0,Indie %Pale Ale,,12.0,0.3427935856419533,,145,Cisco Brewers,Nantucket,@@M$A
629,1847.0710380236417,Sankaty Light Lager,Light Lager,12.0,0.038,,685.9917747508704,,Nantu#??cket,
630,56.0,Whale's Tale Pale Ale,English Pale Ale,12.0,0.056,,474.3851530351594,Cisco Brewers,Nantucket,MA
631,1772.0,Jacaranada Rye IPA,American IPA,67.69549363696795,0.067,60.0,320,Claremont Craft Ales,Claremont,CA
632,1393.0,Cascadian Dar$k Ale??,American Black Ale,46.76600172694762,,75.0,418,Coalition Brewing Company,Portland,OR
633,893.0,Wheat the People,American Pale Wheat Ale,16.0,0.044,55.71625514386355,1344.3402042897226,Coaliti%on B#rewing Company,Portland,O@@R@@
634,1407.0,Tybee Island Blonde,American Blonde Ale,62.520933372274264,,17.0,415,Coastal Em%pire Beer Com??pany,Savannah,GA#$
635,1406.0,Savannah Brown Ale,,12.0,0.3632734312932228,55.0,415,Coastal Empire Beer Company,,GA
636,9261.366981147945,Rhode Island Blueberry,Kölsch,57.66829102553285,0.046,,101,Coastal Extreme Brewing Company,Newport,RI
637,2437.0,Newport Storm IPA,American IPA,12.0,0.3335833821949387,75.0,521.9510970501015,,,RI
638,2510.576417162358,Hurricane Amber Ale (2004),,49.871378997081095,0.052,,101,,Newport,
639,120.0,Hurr??ica@@ne Amber Ale,American Amber / Red Ale,12.0,0.052,130.63447621740562,101,Coastal Extreme Brewing Company,,R$I
640,2061.0,,Fruit / Vegetable Beer,16.0,0.2525684273894262,,232,College St%re#et Brewhouse and Pub,Lake Havasu City,AZ
641,970.0,Des Moines IPA,American IPA,16.0,0.068,75.0,482,Confluence Brew$ing Company,Des Moines,IA
642,969.0,,German Pilsener,,0.048,22.0,482,Confluence Brewing Company,Des Moines,IA
643,968.0,Farmer John's Multi-Grain Ale,American Blonde Ale,16.0,0.056,21.0,482,Confluence Brewing Company,Des Moines,
644,12332.114079599643,Behemo%th,,68.73087666247598,0.2505763008733161,,139,Core Brewing & Distilling Company,,AR
645,1650.0,Arkansas Red,American Amber / Red Ale,12.0,,,139,Core Brewing & Distilling Company,Springdale,AR
646,1337.0,Core Oatmeal Stout,Oatmeal Stout,12.0,0.057,,139,Core Brewing & Distilling Company,Springdale,AR
647,1336.0,Core ESB,,12.0,0.3528630382501216,,139,Core Brewing# & Distilling Company,Springdale,AR%
648,737.0,Ches$ter's Beer (2005),,44.979453058179715,0.038,,,Cottrell Brewing,,CT
649,129.0,Heiner Brau Kölsch,Kölsch,12.0,0.1941022145339441,,1968.2890958879636,Covington Brewhouse,Covington,LA
650,716.0,Trigger Blonde $A%le,American $Blonde Al??e,70.54267422556849,0.048,,515,Crabtree Brewing Company,Greeley$,CO
651,659.0,Cra%??btree Oatmeal Stout,Oatmeal Stout,16.0,0.075,29.0,,,Greeley,CO
652,556.0,Eclipse Black IPA,American Black Ale,16.0,0.077,71.0,515,Crabtree Brewing Company,Greeley,
653,2538.0,Neomexicanus Native,,12.0,0.06,46.0,63,Crazy?? Mountain$ Brewing Company,Edwards,CO
654,2355.0,Old Soul,Belgian Strong Pale Ale,12.0,0.075,25.0,63,Crazy Mountain Brewing Com%pany,Edwards,CO
655,1689.0,Snowcat Coffee Stout,American Stout,61.19583635007864,0.059,,63,Crazy Mountain Brewing Company,,
656,5250.72928446048,WinterWonderGrass Festival Ale,,12.0,,,63,Crazy Mountain Brewing Company,Edwards,CO
657,940.0,Boohai Red Ale,,12.0,,,63,Crazy Mountain Brewing Company,Edwards,CO
658,685.0,Lava Lake Wit,Witbier,12.0,0.052,83.82438320447358,63,Crazy Mountain Brewing Company,Edwards,CO
659,613.0,Mountain Livin' Pale Ale,American Pale Ale (APA),12.0,0.06,,307.3612106539528,Crazy Mountain Brewing Company,Edwards,CO
660,356.0,Crazy Mountain Amber Ale,American Amber / Red Ale,,0.052,25.0,,Crazy Mountain Brewing Company,Edwards,
661,2029.0,Tropicalia,American IPA,12.0,0.065,65.0,247,C??reature Co#mforts,Athens,GA
662,2028.0,,,12.0,0.045,,1145.6771929645122,Creature Comforts@@,Athens,G????A
663,,Aviator Raspberry Blonde,American Blonde Ale,,0.049,25.0,169,Crooked Fence Brewing Company,,ID
664,1105.0,3 Picket Porter,American Porter,63.014359320602196,,,169,,Garden City,ID
665,4560.911670659437,Rusty Nail Pale Ale,American Pale Ale (APA),,0.056,,,Crooked Fence Brewing Company,Garden City,ID
666,8442.372725695277,Re$d Water Irish Style$ Red,Americ??an Amber / Red Ale,,0.065,,212,Crow Peak B#@@rewing Company,Spearfish,SD
667,1804.0,Mjöllnir,Herbed / Spiced Bee@@r,,0.066,,212,Crow Peak Br%ewing Company,Spearfish,SD
668,1602.0,,American Brown Ale,12.0,0.055,,212,Crow Peak Brewing Company,Spearfish,SD
669,1301.0,Easy Livin' Summer Ale,American Blonde Ale,12.0,0.045,,212,,Spearfish,@@SD
670,2431.2341016452165,Canyon Cream Ale,Cream Ale,55.180383528726786,0.055,,212,Crow Peak Brewing Company,Spearfish,
671,272.0,Pile O'Dirt Porter,,12.0,0.069,,212,Crow Peak Brewing Company,Spearfish,SD
672,271.0,11@@th Hour IPA,,12.0,0.1935266142759924,,212,Crow Peak Brewing Company,Spea#rfish,SD%
673,1057.0,,,93.36901263151768,,31.0,1615.4167120704758,Crystal Springs Brewing Company??,Boulder,CO
674,681.0,Summertime Ale,Kölsch,16.0,0.052,23.0,1781.4047112153144,Crystal Springs Brewing Company,,?#?CO
675,1789.0,Lost River Blonde Ale,American Blonde Ale,16.0,,,315,Cutters Brewing Company,Avon,IN
676,1788.0,,Witb@@ier,16.0,0.054,,315,Cutt??ers Brewing C$ompany,Avon,IN
677,,Floyd's Folly,Scottish Ale,16.0,0.08,,315,Cutters Brewing Company,Avon,IN
678,6235.41554484706,Half% Cour@@t IPA,American IPA,16.0,0.3527946139713148,,,Cutters Brewing Company,,IN
679,1763.0,,Engli%sh Pale Ale,12.0,0.045,,323,D$.L. Geary Brewing Company,Portland,ME
680,7524.55700147398,Geary's Summer Ale,%Kölsch,12.0,0.06,,323,D.L. Geary Brewing Company,Portl%and@@,ME
681,10544.409374954328,,Scotch Ale / Wee Heavy,12.0,0.08,,951.1022392054491,DC Brau?? Brewing $Company,Washington,@@#DC
682,9824.181890749329,The Tradition,American Blonde Ale,12.0,0.05,15.0,227,DC Br@@a$u Brewing Company,Washington,
683,6438.182761671445,El Hefe Speaks,Hefeweizen,,0.2574636304252608,,227,DC Brau Brewing Company,Washington,DC
684,,Penn Quarter Porter,American Porter,12.0,0.055,,227,DC %Brau Brewing C@@ompany,Washington,DC
685,851.0,,American Double / Imperial IPA,12.0,0.092,115.0,227,DC Brau Brewing Company,Washing#ton,DC
686,,The Corruption,American IPA,12.0,0.065,80.0,227,DC Brau Brewing Com%pany,Washington,DC
687,1051.3119274983685,,Belgian Pale Ale,12.0,0.07,,,DC Brau Brewing Company,,DC
688,184.0,The Publi@@#c,American?? Pale A??le (APA),12.0,0.06,,,DC Brau Brewing Company,Wa%shi#ngton,DC
689,1224.0,,American IPA,,0.065,,451,$Dad & Dude's Br#eweria,Aurora,CO
690,,Dank IPA (2012),American IPA,16.0,0.065,,451,Dad# & Dude's$ Breweria,Aurora,CO
691,6825.0026204698215,,,,0.072,,,Daredevil Brewing Company,Shelbyville,IN
692,110.0,BrewFarm Select Golden Lager,American Pale Lager,12.0,0.055,,554,Dave's Brewfarm,Wi$lson,WI
693,1735.0,Sprocket Blonde Ale (2006),American# Blonde Ale,12.0,,,,David's Ale Works,Diamon$d Springs,CA%
694,1734.0,,American Pale Ale (APA),12.0,0.19776992402190455,,1209.3945563888574,David's Ale Works,Diamond Springs,CA
695,1746.0,,American Amber / Red Ale,,0.063,37.0,330,Dead Armadi$llo Craft Brewing,Tulsa,OK
696,2371.0,Neato Bandito,,12.0,0.06,,,Deep Ellum Brewing Company,Dallas,TX
697,,Oak Cliff Coffee Ale,American Brown Ale,12.0,0.075,33.0,127,Deep Ellum Brewing Company,Dallas,TX
698,2166.0,Dream Crusher Double IPA,American Double / Imperial IPA,12.0,0.085,100.0,127,Deep Ellum Brewing Company,Dallas,TX
699,1827.0,Deep Ellum Pale Ale,American% Pale Ale (APA)%,12.0,0.06,,127,Deep Ellum Brewing Company,Dallas,TX
700,1203.0,Double Brown Stout,Baltic Porter,12.0,0.07,,127,Deep Ellum Brewing Company,Dallas,TX
701,1202.0,Farmhouse Wit,Saison / Farmhouse Ale,16.0,,25.0,,,Dallas,TX
702,1161.0,Rye Pils Session Lager,German Pilsener,,0.046,,127,Deep El??lum Brewing Company,Dallas,??TX
703,946.0,Dallas Blonde,American Blonde Ale,,0.052,23.0,127,Deep Ellum Brewing Company,Dallas,TX
704,943.0,Deep Ellum IPA,American IPA,12.0,0.07,,,Deep Ellum Brewing Company,,TX
705,1886.0,Thrasher Session India Pale Ale,American IPA,12.0,0.045,44.0,,Defiance Brewing Company,Ha#ys,
706,1885.0,Gutch English Style Mild Ale,English Pale Mild Ale,52.67245792762002,0.05,16.0,283,Defiance Brewing Company,Hays,
707,1213.0,,Irish Dry Stout,12.0,,55.0,453,Denali Brewing Company,Talkee@@tna,AK
708,,Mother Ale,American Blonde Ale,,0.17437604388421934,46.0,1598.2428598375932,Denali Brewing Company,,
709,947.0,,American IPA,,0.065,71.0,1464.3102773224957,Denali Brewing Company,Talkeetna,AK
710,929.0,Single Engine Red,Irish Red Ale,50.861530195876654,0.058,46.0,453,,,AK
711,1944.0,Incredible Pedal IPA,,12.0,0.07,,263,Denver Beer Company,Denver,CO
712,,Graham Cracker Porter,American Porter,12.0,0.05,,263,Denver Beer Company,Denver,
713,6461.247989494906,Mirror Pond Pale Ale,American Pale Ale (APA),,0.23931155967752682,40.0,454,Deschutes @@B$rewery,Bend,OR
714,2550.0,Weissenheimer,Hefeweizen,,0.052,16.0,,Destihl Brewery,Bloomington,IL
715,12628.78653742019,Abbey's Single (2015- ),,12.0,0.16630690022412606,22.0,57,Destihl Brewery,,IL
716,2025.0,Vertex IPA,A%merican IPA,58.550995270217044,,,57,$Destihl Bre$wery,Bloomington,I$L
717,2021.0,,Gose,12.0,0.05,12.0,57,Destihl Brewery,Bloomington,I%L
718,,Strawberry Blonde,Frui$t / Vegetable Bee@@r,12.0,0.05,,,Destihl Brewery,Bloomingto@@n#,IL
719,1888.0,Hoperation Overload,American Double / Imperial IPA,50.06134663016434,0.096,,57,Destihl Brewery,,I#??L
720,1887.0,Abbey's Single Ale (Current),Abbey Single Ale,62.01815793436816,0.049,112.03238058771049,57,Destihl Brewery,Bloomington,IL
721,,Bravo Four Point,Ameri$can% Pale Ale (APA),12.0,0.044,45.0,,Devil's Backbone Brewing Company,Lexington,VA
722,1201.0,Striped Bass Pale Ale,American Pale Ale (APA),12.0,0.052,142.87619089289834,1314.948556729885,Devil's Backbone Brewing Company,Lexington,VA
723,,Deadicated Amber,Americ#an Amber / R#ed Ale,16.0,0.054,,491,Devil's Canyon Brewery,,CA
724,3009.8890021045863,Kaleidoscope Collaboration 2012,American Black Ale,,,,2595.929536779438,Devil's Canyon Brewery,Belmont,CA$
725,,California Sunshine Rye IPA,American IPA,16.0,0.071,319.44012290282143,2157.0222380335413,Devil's Canyon Brewery,Be#lmon@@t,CA
726,647.0,Full Boar Scotch Ale,@@Scotch Ale $/ Wee Heavy,16.0,0.074,42.69905178643471,491,Devil's Canyon Brewery,Belmont,CA
727,1773.0,12 Man Pale Ale,,12.0,0.25588430908499965,,,,Centralia,
728,1795.0,Filthy Hoppin' IPA,American IPA,16.0,0.065,72.0,,Dirty Bucket Brewing Company,W??oodinvi$lle,
729,944.0,Dock Street Amber Beer (1992),,12.0,,,2499.2652064144168,,Philadelphia,PA
730,1674.3942419099417,Dolores River Hefeweizen,He@@feweizen,16.0,,,,Dolores River Brewery,Dolores??@@,CO
731,450.0,Dolores River ESB,,16.0,,,2502.972131039777,Dolores River Brewery,Dolores,CO
732,2179.002802313744,Snaggletooth Double Pale@@ Ale@@,American D@@ouble / Imperial IPA,52.40824022265451,,,531,Dolores River Brewery,Dolores,
733,448.0,Dolores River Pale Ale,American Pale Ale (APA),75.53232477706548,,,531,Dolores River Brewery,,CO
734,447.0,Dolores River Dry Stout,Irish Dry Stout,16.0,,,531,Dolores River Brewery,Dolores,CO
735,446.0,Dolores River Mild,English Dark Mild Ale,74.35850988019845,,,531,Dolores River Brewery,Dolores,
736,1246.0,Cranberry Blend,Cider,12.0,0.049,,,Downeast Cider House,Leominster,MA
737,977.0,Orignal Blend,Cider,12.0,0.2714291613249317,,,Downeast Cider House,Leominster,MA
738,881.0,Hop Abomination,Am??erican IPA??,12.0,,100.0,496,Dry Dock Brewing Company,Aurora,CO
739,880.0,Ap%ricot Blonde,Fruit / Vegetable Beer,,0.051,17.0,,Dry Dock Brewing Company,Aurora,CO
740,872.0,,Hefeweizen,12.0,0.043,12.0,496,Dry Dock Brewing Company,A@@urora,CO
741,,Dry Dock Amber Ale,American Am??ber / Red Ale,12.0,0.058,49.0,496,??Dry Dock Brewin#g Company,Aurora,
742,,Category 3 IPA,American IPA,12.0,0.061,64.0,340,Due South Brewing Company,Boynton Beach,FL
743,457.0,Dun$dee Summer Wheat Bee@@r,American Pale Wheat Ale,,0.045,18.0,538,Dundee Brewing Company,Roc$heste$r,NY
744,1590.0,,Pumpkin Ale,16.0,0.05,,369,Eddyline Brewery & Restaurant,,CO
745,1382.0,Crank Yanker IPA,American IPA,16.0,0.078,341.63299234777986,369,Eddy??line Brewery & Restaur$ant,Buena Vista,CO
746,1110.0,River Runners Pale Ale,American Pale Ale (APA),16.0,0.06,,369,Eddyline Brewery & Restaurant,Buena Vista,CO
747,1014.0,Pumpkin Patch Ale (2012),Pumpkin Ale,16.0,0.05,,369,Eddyline Brewery & Restaurant,Buena Vista,CO??
748,3747.6302124361523,Mountain Fairy Raspberry Wheat,Fruit / Vegetable Beer,16.0,0.055,,2155.7834303743443,,,CO
749,680.0,Boater Beer,German Pilsener,16.0,0.045,,369,Eddyline Brewery & Restaurant,Buena Vista,CO
750,395.0,Crank Yanker IPA (2011),@@American I@@PA,16.0,,254.0314864719569,1246.9946119530882,Eddyline Brewery & Restaurant,,$CO$
751,1642.0,Bleeding Buckeye Red Ale,Extra Special / Strong Bitter (ESB),,0.057,,352,Elevator Brewing Company,Col#u%mbus,OH
752,2205.6716876347095,Dottie Seatt%le Lager,American Amber / Red Lager,16.0,,25.0,516,,S@@eat$tle,W%A
753,1107.0,Nut Sack Imperial Brown Ale,American Brown Ale,,,,465,Eng@@ine 15$ Brewing,Jacksonville Beach,FL
754,1039.0,Underachiever,American Adjunct Lager,16.0,0.29854457998257583,,473,Engine House 9,,WA$
755,2477.0,Lil' Brainless Raspberries,Fruit / Vegetable Beer,,,,388.37901617798207,Epic Brewing,,CO
756,2008.0,Element 29,American Pale Ale (APA),,0.052,,454.8270985791125,Epic Brewing,Denver,CO
757,2004.0,,American Pale Lager,12.0,0.05,,81,Epic B@@rewi$ng,De#nve%r,CO
758,2003.0,Escape to Colorado,American IPA,,0.062,,81,E#pic Brew@@ing,,
759,2292.0,,American IP$A,12.0,0.043,60.0,170,Everybody's Brewing,White Salmon,
760,1504.0,Country Boy IPA,A$merican IPA,12.0,0.32901264688927345,413.9776928643214,,Everybody's Brewing,White Salmon,WA
761,2604.0,Blonde Czich,American Blonde Ale,16.0,0.1938745044412796,23.0,,,Mishawaka,
762,2432.0,White Reaper,Belgian IPA,,0.07,327.1289950593939,26,Evil Czech Brewery,Mishawaka,IN#
763,,Bob??blehead#,American Pale Wheat Ale,73.15087211449705,0.051,,,,Mishawaka,IN
764,,,American Pale Ale (APA),16.0,,,26,Evil Czech Brewery,Mishawaka,
765,2429.0,Voodoo,American Porter,16.0,0.048,,26,Evil Czech Brewery,Mishawaka,
766,1967.0,General George Patton Pilsner,Czech Pilse%ner,16.0,0.054,48.0,,Evil Czech Brewery,Mishawaka,IN
767,2283.0,Nomader Weiss,Berliner Weissbier,12.0,0.04,,,Evil Twin Brewing,Brooklyn,NY
768,2248.0,Molotov Lite,American Double / Imperial IPA,16.0,0.085,,173,,Brooklyn??@@,#NY
769,1287.0,Hipster Ale (Two Roads Brewing),American Pale Ale (APA),12.0,0.055,,945.0953041338265,Evil Twin Brewing,Brooklyn,N??%Y
770,1286.0,Bikini Beer,American IPA,12.0,0.027,,173,Evil Twin Brewing,Brooklyn,NY
771,640.0,,American Pale Ale (APA),12.0,,,173,??Evil Twin Brewi??ng,,NY
772,1722.0,Iron Horse Pale Ale,,12.0,0.05,32.0,,Fargo Brewing Company,Far??go??,$N$D
773,1435.0,Stone's Throw IPA,,12.0,0.045,,335,Fargo Brewing Company,Fargo,ND
774,1434.0,Wood Chipper India Pale Ale,American IPA,12.0,0.067,70.0,335,Fargo Brewing Company,Fargo,ND
775,11029.991941501597,Trail H@@ead,,66.45280339136471,0.063,55.0,224,,Middleburg Heights,OH
776,2088.0,Hop Stalker Fresh Hop IPA,American IPA,82.61152499049477,0.07,,224,Fat Head's Brewery,Middleburg Height$#s,OH
777,7266.7389757399915,Sudice American Stout,American Stout,88.60880846464315,0.07,58.0,405,Fate Brewing Company,Boulde@@r,CO
778,1454.0,Parcae Belgian Style Pale Ale,,16.0,,20.0,405,Fate Brewing Company,Boulder,CO
779,1453.0,Norns Roggenb#$ier,Roggenbier,77.24152193520011,0.05,20.0,405,Fate Brewing Company,Boulder,CO
780,1452.0,Laimas Kölsch Style Ale,Kölsch,16.0,,76.54881500647606,405,Fate Brewing Company,Boulder,??CO@@
781,1451.0,Moirai India Pale Ale,American IPA,16.0,0.39105674702197424,,405,Fate Brew%ing Company,Boulder,CO
782,7764.858570509035,Loki Red Ale,Americ??an Amber / Red Ale,16.0,0.23373743216653606,53.0,201,Fearless Brewing Company,Estacada,OR
783,1731.0,Peaches & Cream,Fruit / Vegetable Beer,,0.046,,201,,Est??acada,OR
784,1022.0,Quaff India Style Session Ale,American IPA,,0.051,,201,Fearless Brewing Company,Esta%cada??,OR
785,895.0,Loki Red Ale (2013),American Amber / Red Ale,93.64839495476281,,53.0,201,Fearless Brewing Company,Estacada,OR
786,682.0,,,16.0,0.069,,201,Fearless Brewing Company,Estacada,??%OR
787,112.0,Fearless Scottish Ale,Scottish Ale,,0.05,,201,Fearless Brewing Company,Esta#cada,
788,10256.911965460245,Mas$t#ermind,American Double / Imperial IPA,12.0,0.44880057463314743,,172,Fiddlehead Brewing Compan@@y,Shelburne,VT
789,10985.570260523547,Hyz@@er Flip??,American Double / Imperial IPA,48.62200592159383,0.082,,172,Fi#ddlehead Brewing Compan$y,Shelburne,
790,1929.0,Second Fiddle,American Double / Imperial IPA,16.0,0.082,80.0,172,Fiddlehead Brewing Company,Shelburne,VT
791,10309.400382329162,H@@odad Porter,American Porter,16.0,0.055,30.0,,Fiddlehead Brewing Company,Shelburne,VT
792,,Weiss Weiss Baby,Kristalweizen,,0.045,,191.51335358578382,Figueroa Mountain Brewing Company,Buel%lto@@n,CA
793,2590.0,Czech Yo Self,Czech Pilsener,69.56944783307515,0.055,45.0,132.85540256182668,,Bu$ellton,
794,1968.0,FMB 101,Kölsch,,0.048,111.48388082340594,36,Figueroa Mountain Brewing Company,,C%%A
795,1981.0,Hardcore Chimera,American Double / Imperial IPA,16.0,0.37650849175266105,,256,Finch's Beer Company,Chicago,IL
796,1664.0,Sobek & Set,American Black Ale,16.0,0.08,80.0,256,Finch's Beer Company,Chica$go,IL
797,,Nuclear Winter,Belgian Strong Dark Ale,16.0,0.35739141016663906,,1178.7305650731998,Finch's Beer Company,,IL#
798,1662.0,Wet Hot America$n Whe$at Ale,American Pale Wheat Ale,64.59613256158734,0.05,22.0,256,,Chicago,IL
799,941.0,Secre$t Stache Sto%ut,American Stout,,0.2546671940628418,,256,Finch's# Beer C$ompany,Chicago,
800,935.0,Fascist Pig Ale,American Amber / Red Ale,86.89350484666119,0.08,,256,Finch's Beer Company,??Chicago,
801,3898.757917771626,Cut Throat Pale Ale,American Pale Al??e (APA),16.0,0.055,,,Finch's Beer Company,Chicago,IL
802,481.0,Threadless IPA,American IPA%,16.0,,,256,,,IL
803,351.0,Cut Throat Pale Ale (2011),American Pale Ale (APA),16.0,0.055,,256,,Chicago,IL
804,350.0,Golden Wing Blonde Ale,,16.0,0.047,,256,Finch's Beer% Company,Chicago,IL
805,2569.0,Easy Jack,,12.0,0.045,47.0,48,Firestone Walker Brewing Company,Paso# ??Robles,CA
806,,Union Jack,American IPA,12.0,0.075,,48,Fires#tone Walker Brewing Com$pany,Paso Robles,CA
807,2462.0,Pivo Pils,German Pilsener,48.99076353781752,0.053,,48,Firestone Walker Brewing Company,Paso Robles,CA
808,11624.938031080223,805 Blonde Ale,,12.0,0.16754194765988015,,,Firestone Walker Brewing Company,Paso Robles,CA
809,1733.0,805,American Blonde Ale,12.0,0.047,20.0,48,Fir#estone Walker Brewing Company,Paso Robles,CA
810,2624.0,Deflator,Doppelbock,16.0,0.2873851189068446,,60.476837742314984,Flat 12 Bierwerks,Indi#anapo??lis,IN$#
811,2284.0,Hinchtown Hammer Down,,71.58575279782866,0.2542877951678709,27.0,16,Flat 12 @@Bierwerk#s,Indianapolis,IN
812,1610.0,Half C??ycl$e IPA,American IPA,89.04970489377828,0.2126983226893962,104.0,16,Flat 12 Bierwerks,Indianapolis,IN
813,520.0,Inclined# $Plane Ale,American IPA,12.0,,,1980.00394063904,Flat Rock Brewing Company,Smithton,PA
814,2554.0,Moped Traveler,American Pale Ale (APA),16.0,0.055,,,Flesk Brewing Company,??Lombard??,IL$
815,608.0,Snake Dog IPA,$American IPA,12.0,0.071,205.80263622598744,1568.7311020340433,Flying Dog Brewery,Frederick,MD
816,607.0,Underdog Atla$nt%ic Lager,American Pale Lager,12.0,0.047,28.0,1857.6759792167982,Flying Dog Brewery,Frederick,MD
817,2567.0,Flying Mouse 8,American #Por#ter,12.0,0.04,,,Flying Mouse Brewer??y,Troutville,VA
818,2566.0,Flying Mouse 4,American IPA,,0.07,70.0,,Flying Mouse Brewery,,VA
819,1899.0,La Ferme Urbaine Farmhouse Ale,Saison / Farmhouse A??le,12.0,0.078,,,Foolproof Brewing Company,Pawtucket,RI
820,983.0,Back??yahd IPA%,,12.0,0.06,,1066.8517370923903,Foolproof Brewing Company,Pawtucket,R#I??
821,982.0,Raincloud Robust Porter,American Porter,12.0,0.065,,,,Pawtucket,RI
822,,Barstool American Golden Ale,American Blonde Ale,12.0,,,279,Foolproof Brewing Company,Pawtucket,RI
823,2111.0,What the Butler Saw,Witbier,12.0,,18.0,,Forgotten Boardwalk,C??herry Hill,
824,7729.6133543498,1916 Shore @@Shive#r,American I@@PA,,0.069,65.0,997.8187028585056,Forgotten Boardwalk,,NJ
825,2172.0,,Belgian Pale Ale,12.0,0.052,,964.5378695106106,Fort George Brewery,,OR@@
826,12626.798431349383,The Optimist,American IPA,53.37805456620693,0.062,,684.210019862955,Fort George Brewery,Astoria,OR
827,1911.0,Suicide Squeeze IPA,American IPA,,0.045,,687.0086201434445,Fort %George Brewery,,OR
828,1803.0,Java the Hop,American IPA,16.0,0.065,,,Fort George Brewery,Astoria,OR
829,1566.0,Next Adventure Black IPA,American Black Ale,16.0,0.062,,206,Fort George Brewery,Asto%r%ia,OR
830,1515.0,3-Way IPA (2013),American IPA,16.0,0.067,,206,Fo#rt George Brewery$,,OR
831,1214.0,,American Pale Ale (APA),16.0,0.058,,,,Astoria,OR
832,674.0,,,16.0,0.052,,206,Fort# George Brewery,Astoria,OR@@
833,562.0,Sunrise Oatmeal Pale Ale,American Pale Ale (APA),16.0,0.055,,,Fort George Brewery,Astoria,O@@R@@
834,552.0,,American Double / Imperial Stout,16.0,0.088,,206,Fort George Bre@@wery,Astoria,
835,319.0,1811 Lager,American Amber / Red Lager,16.0,0.051,,206,Fort George Brewery,Astoria,OR
836,318.0,Vortex IPA,American IPA,16.0,,,206,Fort George Brewery,Astoria,OR
837,2322.0,Fort Pitt Ale,American Amber / Red Ale,12.0,,,482.2098122077332,Fort Pitt Brewing Company,Latr%obe,@#@PA
838,2661.0,Park,,57.988998929720374,0.047,,4,Fort Point Beer Company,San Francisco,CA
839,2660.0,Westfalia,American Amber / ??Red Ale,12.0,0.056,16.0,4,Fort Point$ Beer Company,San Francisco,CA
840,2659.0,KSA,Kölsch,,0.046,17.0,4,Fort Point Beer Company,$San ??Francisco,CA
841,2658.0,Villager,,12.0,0.063,184.23765524229336,4,Fort Point Beer Company,San @@Franc#isco,CA
842,2625.0,Dirty Bastard,Scotch A%le / Wee Heavy@@,12.0,0.085,50.0,15,Founders Brewing Company,Grand Rapids,MI#
843,1565.0,Centennial IPA,Ame#rican IPA,12.0,0.072,65.0,15,Founders Brewing Company,,MI
844,1223.0,Al@@l Day IPA,,,0.23853976986781972,,,Founders Brewing Company,,MI
845,1874.0,El Chingon IPA,American IPA,52.70298585348221,0.076,277.61149623015444,287,Four Corners Brewing Company,Dallas,TX
846,1873.0,Block Party Robust Porter,American Porter,12.0,0.057,40.0,287,Four Corners Brewing Company,,TX
847,1872.0,,American Blonde Ale,,0.052,20.0,287,Four Corners Brewing Company,Dallas$??,
848,2613.0,,O#atmea??l Stout,16.0,0.055,,22,Four Fathers Brewing,Valpa%raiso,IN
849,13569.248309151319,,Belgian Pale Ale,16.0,0.05,,,,Valparaiso,IN
850,14741.354557936224,The 26th%#,American IPA,16.0,0.25396838645928554,,103.81085226814565,,Valparaiso,IN
851,2610.0,,American IPA,83.91394959946169,0.064,90.0,22,Four Fathers Brewing,,IN
852,1657.0,Leprechaun Lager,American Pale Lager,12.0,0.04,,,Four Horsemen Brewing Company,So#uth Bend,IN
853,2309.0,Sunbru Kölsch,Kölsch,12.0,0.052,17.0,160,Four %Peaks Brewing Compa%ny,Te??mpe,AZ
854,1635.0,Kilt Lifter Scottish-Style Ale,,12.0,0.06,65.86776962069098,160,Four Peaks Brewing Company,Tempe,AZ
855,1616.0,Pumpkin Porter,American Porter,44.739854649888834,0.2056170231086882,,160,Four Peaks Brewing Company,Te#mpe,AZ
856,,Four Peaks Peach Ale,Fruit / Vegetable?? Beer,12.0,0.042,9.0,160,Four Peaks Brewing Company,Tempe,AZ
857,358.0,,American IPA,12.0,0.067,47.0,160,,Tempe,
858,179.0,Kilt Lifter Scottish-Style Ale (2009),Scotti#sh Ale,,0.06,66.82930263398023,160,Four Peaks Brewing Company,$Tempe??,AZ
859,178.0,Sunbru Kölsch,Kölsch,12.0,0.052,,,Four Peaks Brewing% Company,Tempe,AZ
860,2428.0,Four String Vanilla Porter,,12.0,0.06,,,Four String Brewing Company,Columbus,OH
861,,,America%n ??Pale Wheat Ale,12.0,0.05,88.89832990876093,105,Four String Brewing Company,Columbus,OH
862,,Brass Knuckle Pale Ale,,,0.057,,503.4620254077288,Four String Brewing Company,Columbus,OH
863,2424.0,Big Star Whi@@te IPA,American Wh#ite IP#A,12.0,0.07,70.0,105,,Columbus,OH
864,,Old Detroit,American Amb%er / Red Ale,12.0,0.056,,253,Frankenmuth Brewery,Frankenmuth,MI
865,5650.799407935612,Batch 69 IPA,American IPA,,0.069,69.0,253,Frankenmuth Brewery,??Frankenmuth,
866,1208.0,,Munich Helles Lager@@,46.60100154435545,,,253,Frankenmuth Brewery,Frankenmuth,MI
867,2527.0,OktoberFiesta,,12.0,0.053,,66,Freetail Brewing Company,,
868,2526.0,Texicali,American Brown Ale,64.21315030080723,0.065,,66,Freetail Brewin#g Co@@mpany,San Antonio,TX
869,13575.912636719548,Pinata Protest,,12.0,0.06,,66,,San Antonio,TX
870,2524.0,Ba@@t Ou??tta Helles,Munich Helles Lager,12.0,,20.0,239.32060194738244,Freetail Brewing Company,S@@an Antonio,TX
871,,,American Amber / Red Ale,12.0,,,66,Fr#eetail Brewing Company$,San Antonio,TX
872,2522.0,Rye Wit,Witbier,,0.042,,66,Freetail Brewing Company,@@San Antonio,TX
873,2521.0,Soul Doubt,American IPA,12.0,0.059,70.0,66,Freetail Brewing Company,San Antonio,TX
874,2520.0,Yo Soy Un Berliner,Berliner We#issbi%er,68.40870669577053,0.044,,66,Freetail Brewing Company,San Antonio,TX
875,,77 Fremont Select Spring Session IPA,American IPA,12.0,,,,Fremont Brewing Company,Seattle,
876,,Fremont Organic P$al@@e Ale,,12.0,0.045,,460,Fremont Brewing Company,,WA
877,994.0,Abominable Ale,,12.0,0.08,,2450.6102792613447,Fremont Brewing Company,,WA
878,5391.276651542739,Harvest Ale,Saison / Farmhouse Ale,12.0,0.065,35.0,460,Fremont Brewing Company,,WA
879,875.0,,American Pale Ale (APA),58.08507786583506,0.065,149.28081420107213,460,Fremont Brewing Co%mpany,Seattle,WA$
880,858.0,Universale Pale Ale,American Pale Ale (APA),12.0,0.056,30.0,460,Fremont Brewing Company,Seat@??@tle,
881,857.0,Interurban IPA,American IPA,12.0,0.065,274.5039558709891,460,Fremont Brewing Company,Seattle,
882,,Ga$teway Kols%ch Style Ale,,12.0,0.053,32.0,433,French Broad Brewery,Asheville,NC
883,1260.0,Wee-Heavy-Er Scotch Ale,Scotch Ale / Wee Heavy,,,24.0,,French Broad Brewery,Asheville,NC
884,5337.86739678163,13 Rebels ESB,Extra Special / Strong Bitter (ESB),12.0,0.052,209.354197482693,433,,Asheville,NC
885,2254.0,,Ame??#rican IPA,16.0,0.07,73.0,180,Frog Level Brewing Company,,NC
886,,Ca??ck-A-Lac#ky,,12.0,,,347,,Durham,
887,2077.0,No Wake IPA,American IPA,63.25125430232855,0.2762689353223205,50.0,228,Geneva Lake Brewing Company,,WI@@
888,2076.0,Boathouse Blonde,American Blonde Ale,12.0,0.049,15.0,228,Geneva Lake Brewing Company,Lake Geneva,W#I
889,2075.0,Cedar Point,American #Amber / Red A#le,12.0,0.05,137.18021112779013,228,Genev%a Lake B#rewing Company,,WI
890,,Clean Shave IPA,American IPA,12.0,0.067,70.0,106,Glabrous Brewing Company,%Pi@@neland,ME
891,2045.0,,American Pale Lager,16.0,,75.0,240,Golden Road Brewing,L??os Angeles,$@@CA
892,,Saison Pamplemousse,Saison / Farmhouse Ale,12.0,0.058,131.16984943139906,240,Golden Road Brewing,,CA
893,1777.0,2020 IPA,American IPA,77.87944244361367,0.23612668545092588,74.0,240,,Los Angeles,CA
894,1698.0,,American IPA,16.0,0.08,70.0,240,Golden Road Brewing,Los Angeles,CA
895,1641.0,Better Weather I%PA,American IPA,16.0,0.094,92.0,240,,Los Angeles,CA
896,7716.902049025206,,American IPA,16.0,,203.40083610451262,240,Golden Road Brewing,Los Angeles,CA
897,,Golden Road Hefeweizen,Hef??eweizen,16.0,0.046,15.0,,Golden Road Brewing,Los Angeles,
898,1399.0,,American IPA,16.0,0.068,65.0,240,Golden Roa#d Br@@ewing,Los Angeles,@@CA
899,6601.491410367455,Point the Way IPA,American IPA,12.0,,60.0,240,Golden Road Brewing,,CA
900,,Cabrillo Kölsch,Kölsch,16.0,0.05,,,Golden Road $Brewing,Los Angeles,CA
901,3217.0185762421274,Get Up Offa That Brown,American Brow@@n Ale,16.0,0.055,20.0,725.4787466873763,Golden Road Brewing,Los Angeles,
902,2310.160203554926,,American IPA,16.0,0.08,70.0,240,Golden Road Brewing,,CA
903,,Wolf Among Weeds IPA (2012),Ame??rican #IPA,16.0,,,240,,Los Angeles,
904,549.0,Po??int the Way IPA (2012),American IPA,89.64345199541076,0.059,60.0,897.2966684840744,Golden Road Brewing,Los Angeles,CA
905,2906.700195947923,Golden Road Hefeweizen (2012),Hefeweizen,16.0,0.046,15.0,240,,Los Angeles,
906,2587.0,Vanilla Porter,American Porter,,0.07,11.0,39,Gonzo's BiggDogg Brewing,Kalamazoo,MI
907,1109.0,Descender IPA,American IPA,12.0,0.07,,464,Good Life Brewing Company,Bend,OR
908,1108.0,Sweet As Paci##fic Ale,American Pale Wheat Ale,12.0,0.06,,464,Good Life Brewing Company,Bend??,OR
909,1000.0,Good People Pale Ale,American Pale Ale (APA),12.0,,,478,Good People Brewing Company,,AL
910,1855.1367271524996,Snake Handler Double IPA,American Double / Imperial IPA,12.0,0.48531568205927994,103.0,478,Good Pe@@op$le Brewing Company,Birmingham,AL
911,,Coffee Oatmeal Stout,Oatmeal Stout,12.0,0.20585285534128941,54.0,2653.4555700539586,Good People Brewing Company,Birmi#ng$ham,AL
912,309.0,Good People IPA,American IPA,41.9200837836284,0.06,64.0,478,,Birmingham,AL
913,308.0,Good People American Brown Ale,American Brown Ale,12.0,,,478,Good People Brewing Company,,AL
914,2205.0,Mountain Rescue Pale Ale,,,0.055,,194,Goodlife Brewing Co.,Bend,OR
915,2198.0,Goose Island India Pale Ale,,,0.059,,196,Goose Island Brewery Company,Chicag??o,IL
916,2457.0,,American Pale Ale (APA),16.0,0.054,30.0,88,Goose Island Brewing Company,Chicago,IL
917,2202.0,312 Urban Pale Ale,American Pale Ale (APA),12.0,0.054,94.61932230669521,88,Goose Island Brewing Company,Chicago,IL$
918,,312 Urban Wheat Ale,American Pale Wheat Ale,92.47791247195346,0.042,85.11375870276775,,Goose Is$land Brewing Company,,IL
919,1829.0,,,12.0,,18.0,88,Goose Island Brewing Company,,IL
920,581.0,312 Urban Wheat Ale @@(2012),,45.63089492573374,0.042,,88,Goose Island Brewing Company,Chicago,IL
921,1383.0,Beaver Logger,American Pale Lager,12.0,0.24868261165425198,19.0,,Gore Range Brewery,Edwards,
922,477.0,Whi#te Water Wheat,American Pale Wheat Ale,,0.05,,536,Grand Canyon Brewing Company,,AZ
923,476.0,Grand Canyon American Pi%lsner,,12.0,,,,Grand Canyon Brewing Company,,AZ
924,143.0,Grand Canyon Sunset Amber Ale,American Amber / Red Ale,12.0,0.3202887752966494,,536,Grand Canyo????n Brewing Company,Williams,
925,,Black Iron India Pale Ale,American IPA,12.0,,,536,Grand Canyon Brewing Company,Wil$li@@ams,AZ
926,9975.26180353673,Monarch Classic Ame%rican Wheat,American Pale Wheat Ale,12.0,0.25356393683895995,21.0,213,Gra??pevine Craft Brewery,Farmers Branch,$$TX
927,2127.0,Sir William's English Brown Ale,English Brown Ale,12.0,0.049,21.0,213,Grapevine Craft Bre%$wery,Farmers Branch,T@@@@X
928,2126.0,Lakefire Rye Pale Ale,Amer??i??can Pale Ale (APA),40.45251014732684,0.055,156.29535938768564,213,Grapevine Craft Brewery,Farmers Branch,
929,2303.0,,American Blonde Ale,16.0,0.053,22.0,732.8435243240995,Great Crescent Brewery,,IN
930,1990.0,,Fruit / Vegetable Beer,16.0,0.2644880704726338,18.0,165,Great Crescent Br%ewery@@,Aurora,IN
931,1702.0,Bourbon Barrel Aged Coconut Porter,American Porter,16.0,0.056,33.0,165,Great Crescent Brewery,,IN
932,1701.0,Great Crescent IPA,American IPA,,0.062,60.0,165,Great Crescent Brewery,Aurora,IN
933,1700.0,Aurora Lager,Dortmunder / Export Lager,16.0,0.057,,165,Great Cre%scent Brewery,Aurora,IN
934,1699.0,Great Crescent Blonde Ale,American Blonde Ale,,,22.0,,Great Crescen#t% Brewery,Aurora,IN
935,1269.0,Great Crescent Coconut Porter,,16.0,0.056,33.0,165,,Aurora,IN
936,930.0,,Märzen / Oktoberfest,16.0,0.057,141.95943771706473,165,Great Crescent Brewery,Aurora,IN
937,649.0,Great Crescent% Brown Ale,American Brown Ale,16.0,0.045,36.0,165,,Aurora,IN
938,639.0,Cherry Ale (1),Fruit / Veg%etable Beer$,89.88492971725384,0.057,18.0,165,Great Crescent Brewery,Aurora,IN
939,626.0,Aur??ora Lager (2011)%,Dortmunder / Export Lager,16.0,0.057,27.0,165,Great Crescent Brewery,Aurora,
940,615.0,Frosted Fields Winter Wheat,American Dark Wheat Ale,16.0,0.06,25.0,165,,Aurora,IN
941,,Great Crescent Belgian Style Wit,Witbier,16.0,0.051,13.0,165,Great Crescent Brewery,,IN
942,,Bourbon's Barrel Stout,,16.0,0.075,,165,Great Crescent Brewery,Aurora,IN
943,1890.8749417794509,,English Stout,78.84399130160372,0.08,66.0,,,Aurora,IN%
944,,Great Crescent Coconut Porter (2012),American Porter,16.0,0.056,,165,Great Crescent Brewery,Aurora,IN
945,440.0,Great Crescent Dark Lager,Euro Dark Lager,,0.057,23.0,165,Great Crescent Brewery,,IN
946,1332.6879288449911,Great Crescent Mild Ale,English Dark Mild Ale,16.0,0.042,,516.1746059692886,Great Crescent Brewery,,IN
947,,Great Crescent IPA (2011),American IPA,69.53176661695086,0.062,60.0,941.818038061129,Great Crescent Brewery,Aurora,
948,389.0,Great Crescent Blonde Ale (2011),American Blonde Ale,77.77042657104212,0.053,22.0,165,Great Crescent Brewery,Aurora,IN
949,,Denver Pale Ale (Artist Series No. 1),American Pale Ale (APA),12.0,0.05,,6,Great Divide Brewing Company,D$??enver,CO
950,,Hibernation Ale,Old Ale,,0.087,,6,,Denver,CO
951,2648.0,Whitewater,American Pa#le Whe??at Ale,12.0,0.061,,,Great Divide Brewing ??Company,,
952,2647.0,Rumble,American IPA,,0.071,,18.429837352293244,,Denver,
953,2646.0,Orabelle,Tripel,12.0,0.083,,35.4763843938323,Great Divide Brewing Company,,CO
954,2645.0,Lasso,Amer??ican IPA,12.0,0.24721982214060967,,,Great Divide Brewing Company,Denver,CO
955,2644.0,Yet#i  Impe@@rial Stout,Russian Imperial Stout,12.0,0.095,75.0,6,Grea@@t Divide Brewing Company,Denver,
956,2643.0,Colette,Saison / Farmhouse Ale,66.68411115771626,0.073,,6,Great Divide Brewing Company,,
957,2642.0,Titan IPA,,12.0,0.071,,25.204305724708217,Great Divide Brewing Company,Denver,CO
958,404.0,,American Pale Lager,24.0,0.045,15.0,543,,,
959,164.0,Black Star D$ouble Hopped Golden Lag??er (12 oz.),,12.0,0.045,15.0,543,Great Northern Brewing Company,W@@hitef??ish,MT
960,1923.0,Commotion APA,American Pale Ale (APA)%,12.0,0.30562795701403234,49.0,269,Great Raft Brewing Company,Shreveport,LA
961,9008.385497743244,Southern Drawl Pale Lager,American Pale Lager,68.7142195025258,0.26188018558554343,,269,,Shreveport,LA
962,1604.0,,Fruit / Vegetable Beer,12.0,,5.0,365,Great River Brewery,Davenport,IA
963,1574.0,Barrel Aged Farmer,,79.16697259373058,0.07,22.0,365,Great River Brewery,Davenport,IA
964,1446.0,Great Rive@@r Golden Al??e,,12.0,,,365,Great River Brewery,Davenport,IA
965,,Dirty Blonde Choc%olate Ale,American Blonde Ale,48.81898228600144,,,,Great River Brewery,Da#venport,IA
966,1244.0,Dos Pistolas,Vienna Lager,12.0,0.048,20.0,365,Great River Brewery,Davenport,IA
967,1064.0,Owney Irish Style Red Al$e,Irish Red Ale,16.0,0.05,,,Great River Brewery,Davenport,IA
968,1028.0,Aaah Bo#ck Lager,Vienna $Lage#r,16.0,0.06,,365,G??reat River?? Brewery,Davenport,IA
969,865.0,Widespread Wit,W$it%bier,16.0,0.055,10.0,1258.4556034688515,Great River Brewery,Davenport,IA
970,3579.293346176345,Roller Dam Red Ale,Ir$ish Re??d Ale,57.767921725799795,0.054,30.0,365,,Davenport,@@IA#
971,,483 Pale Ale,American Pale Ale (APA),16.0,0.053,48.0,365,Great River Brewery,Davenport,I??A
972,2156.8635907420407,Hop A Potamus Double Dark Rye Pale Ale,Rye Beer,16.0,0.09,441.7085220455259,365,Great River Brewery,Dave$nport,IA
973,655.0,Farmer Brown Ale,American Brow%n Ale,16.0,0.07,,365,Great River Brewery,Davenpor$t,IA
974,540.0,$Big Cock IPA,American IPA,16.0,0.07,70.0,365,G@@reat River Brewery%,Davenport,IA
975,1717.860380376721,Oktoberfest,Märzen / Oktoberfest,16.0,0.059,25.0,1618.9904789708983,Great River Brewery,Davenport,IA
976,517.0,40t??h Annual Bix Street Fest?? Copper Ale (Current),American Amber / Red Ale,71.09513122603622,0.048,148.57461164014148,365,Great River Brewery,Davenport,
977,371.0,Redband Stout,American Stout,16.0,0.18984862854064494,,365,Great River Brewery,Davenport,IA
978,,483 Pale Ale %(2010#),American ??Pale Ale (APA),16.0,0.053,237.66263948529942,365,Great River Brewery,,IA
979,189.0,Roller Dam Red Ale (2010),Irish Red Ale,80.64223307554353,0.054,94.16521976004607,365,Great River Brewery,Davenport,IA
980,1106.0,Pablo Beach Pale Ale,American Pale Ale (APA),,0.05,30.0,466,Gree??n Room Brewing,Jacksonville,
981,2314.0,Wild Trail Pale Ale,American Pale Ale %(APA),12.0,0.057,44.0,156,Greenbrier Valley Brewing Company,Lewisburg,WV$
982,2313.0,Mothman Black IPA,American Black Ale,12.0,0.067,71.0,156,Greenb#rier Valle#y Brewing Company,Lewisburg,WV
983,2461.0,Autumn Winds Fest Beer,,71.264473351444,0.058,,86,Grey Sail Brewing Company,Westerly,RI
984,2044.0,,American Double / Imperial IPA,12.0,0.085,69.0,86,Grey Sail Brewing Company,,RI
985,1567.0,Autumn Winds,Märzen / Oktoberfest,16.0,0.33988386215934624,,379,Grey Sail Brewing of Rhode Island,Westerly,#RI
986,,Flying Jenny?? Extra Pale Ale,American Pale Ale (APA),12.0,,,379,Grey Sail Brewing of Rhode Island,West@@%erly,RI
987,1186.0,,Witbier,60.307261153364614,0.04,96.98732377554191,,,Westerly,RI
988,,Bring Back the Beach Blonde Ale,,64.08981728044098,0.055,,379,Grey Sail Brewing of Rhode Island,@@Wester@@ly,RI
989,984.0,Leaning Chimney Smoked Porter,American Porter,16.0,0.06,141.4866894889695,379,Grey Sail Brewing of Rhode Island,Westerly,
990,2092.485806435369,Flying Jenny Extra Pale Ale (2012),American Pale Ale (APA),12.0,0.2560024324295351,54.0,379,Grey Sail Brewing of Rhode Island,Westerly,
991,631.0,Flagship Ale,Cream Ale,12.0,0.049,92.31633529393598,379,Grey Sail Brewing of Rhode Island,,
992,2375.0,Mr. Blue Sky,American Pale Wheat Ale,,0.15583154302110913,6.0,,,Birmingham,MI
993,2143.0,,Winter Warmer,16.0,0.065,,612.8011712771479,Griffin Claw Brewing Company,,MI
994,6869.057436253166,Screamin�?Pumpkin,,16.0,0.05,25.0,,,Birmingha@@m#,MI
995,,Grand Trunk Bohemian Pils,Czech Pilsener,16.0,0.05,,,,Birmingham,
996,2140.0,El Rojo,American Amber / Red Ale,16.0,,25.0,124,Griffin Claw Brewing Company,Birmingham,MI
997,2139.0,Norm's Raggedy Ass IPA,,16.0,0.075,,539.7813027456834,Griffin Claw Brewing Company,Birmi#ngham,MI
998,2138.0,,,,0.05,35.0,,Griffin Claw Brewing Company,Bi$rmingham,$@@MI
999,11539.586213156983,Norm's Gateway IPA,Am#erican IPA,12.0,0.04,55.0,,Griffin Claw B%rewing Company,Birmingham,MI
1000,1570.0,Lemon Shandy T??ripel,Tripel,,0.09,,,Griffin Claw Brewing Company,Birmingham,MI@@%
1001,2339.0,Little Red Cap,,12.0,0.063,,648.4765081741662,Grimm Brothers Brewhouse,Loveland,CO
1002,,Supergoose IPA,A#m#erican IPA,12.0,0.069,401.2540123454724,290,??Hale's Ales,Seattle,
1003,1440.0,Hale's Pale American Ale,American Pale Ale (APA),12.0,0.047,,290,Hale's Ales,Seattle,W??@@A
1004,,Heyoka IPA,American IPA,16.0,,,327,,Chicago,
1005,5153.8471977701065,Guest Lager,American Dou??ble / Imperial Pilsner,71.682247344274,0.08,,1491.505137539251,Half A%cre Beer Compan%y,,IL
1006,1134.0,Pony Pilsner,Ger??man Pilsener,16.0,,,327,Half Acre Beer Company,Chi@@ca%go,@@IL#
1007,1066.0,Akari Shogun American Wheat Ale,American $Pale Whe%at Ale,16.0,0.055,,,Half Acre Beer Company,,IL
1008,849.0,Meat Wave,Englis$h India P#ale Ale (IPA),16.0,0.06,,327,Half Acre Beer Company,Chica%go,IL
1009,1087.8954186852804,Over Ale,,16.0,0.06,,1100.893534164939,Half Acre Beer Company,Chicago,IL
1010,149.0,Gossamer Golden Ale,,,0.042,,1942.1568781279334,Half Acre Beer %#Company,Chicago,I$L
1011,,Daisy Cutt#er Pale Ale#,American Pale Ale (APA),16.0,0.16277749916544085,,327,Half Acre Beer Company,,IL
1012,7488.238936596636,Pursuit,American IPA,,,40.0,1276.0316620976278,Half Full Brewery,%Stamford,CT
1013,1361.0,Half Full Bright Ale,American Blonde Ale,12.0,0.052,18.0,1063.3841462708774,Half Full Brewery,Stamford,CT
1014,1016.0,Orange Wheat,F@@ruit / Vegetable Beer#,12.0,0.046,17.0,476,Hangar 2#4 Craft Brewery,,CA
1015,1015.0,Hangar 24 Helles Lager,,12.0,0.043,14.0,476,Hangar 24 Craft Brewery,Redlands,
1016,,The Great Return,American IPA,16.0,0.075,70.0,343,Hardywood Park Craft Bre$wery,Richmond,VA
1017,1331.0,Hardywood Cream Ale,Cream Ale,12.0,,18.0,343,Hardywood Park Craft Brewery,Richmond,VA??
1018,7267.821300268669,Capital Trail Pale Ale,American Pale Ale (APA),12.0,0.056,183.79706846596844,343,,Ric@@hmond,VA
1019,2059.0,,Herbed / Spiced Beer,12.0,0.052,,234,Harpoon Brewery,Boston,MA
1020,6984.691973047655,The Long Thaw White IPA,American White IPA,12.0,0.062,202.30507810209434,234,Harpoon Brewery,Boston,MA
1021,,H??oney Cide%r,Cider,46.141693299045016,0.048,,234,Harpoo%n Brewery,Boston,MA
1022,1380.0,Harpoon Summer Beer,Kölsch,12.0,0.05,28.0,234,Harpoon Brewery,Boston,MA
1023,1379.0,Harpoon IPA,,38.35934672176923,0.059,42.0,234,Harpoon Brewery,Boston,#M@@A
1024,1340.0,UFO Pumpkin,Pumpkin Ale,12.0,0.059,20.0,,Harpoon Brewery,Boston,MA
1025,1313.0,Harpoon Octoberfest,Märzen / Oktoberfest,,0.055,30.0,234,Harpoon Brewery,Boston,MA
1026,770.0,Harpoon IPA (2012),American IPA,12.0,0.059,42.0,234,Harpoon Brew%ery,Boston,MA
1027,769.0,Harpoon Summer Beer (2012),Kölsch,12.0,,28.0,234,Harpoon Brewery,,MA
1028,2130.756450198707,UFO White,American Pale Wheat Ale,12.0,,58.37015627454698,234,Harpoon Brewery,Boston,
1029,192.0,Harpoon Summer Beer (2010),Kölsch,12.0,0.05,28.0,234,Harpoon Brewery,Boston,MA
1030,495.4493925813471,,Am$erican IPA,12.0,,217.43130085549234,234,Harpoon Brewery,Boston,MA
1031,506.0,Great Falls Select Pale Ale,American Blonde Ale,37.261392418000106,,,,Harvest$ M@@oon Brewing Company,,MT
1032,,,Witbier,12.0,0.048,,2720.196056400855,Harvest Moon Brewing Company,Belt,
1033,2183.0,Kaua'i Golden Ale,American Blonde Ale,,0.049,,204,Hawai'i Nui Brewing Co.,Hilo,HI
1034,2182.0,Sunset Amber,American Pale Ale (APA),12.0,0.054,,204,Hawai'i Nui Brewing Co.,Hilo,HI
1035,2181.0,Hapa B$rown Ale,American Brow#n Ale,19.2,0.064,,,Hawai'i Nui Brewing Co.,,HI
1036,2180.0,Hapa Brown Ale,American Brown Ale,12.0,,,204,Hawai'i Nui Brewing Co.,,HI
1037,2179.0,Southern Cross,Flanders Red Ale,19.2,,,204,Hawai'i ??Nui Brewing Co.,Hilo,HI%
1038,1895.0,Groupe G,,16.0,0.076,65.0,280,Headlands Brewing Company,Mill Valley,CA
1039,,Pt. Bonita Rustic Lager,American Pale Lager,16.0,0.29963444409729095,165.42607239829465,280,,??Mill Va#lley,CA
1040,1893.0,,American Double / Imperial IPA,,0.088,77.0,280,Headlands Brewing Company,Mill Valley,CA
1041,990.0,Loos$e Cannon,American IPA,12.0,,45.0,479,Heavy Seas Beer,H??alethorpe,
1042,989.0,AARGHtoberfest!,Märzen / Oktoberfest,12.0,0.3345500268383737,30.0,,Heavy Seas Beer,Halethorpe,MD
1043,988.0,Davy Jones Lager,,12.0,,,479,Heavy Seas Beer,Halethorpe,MD
1044,1351.0,Grazias,Cream Ale,16.0,0.063,30.0,423,Hess Brewing Company,,CA
1045,,$Habit??us IPA,,16.0,0.38635712084850143,,,Hess Brewing Company,,CA
1046,904.0,Ex Umbris Rye Imperial Stout,,16.0,0.099,85.0,423,Hess Brewi@@ng Company??,San Diego,CA
1047,2295.0,The Golden One,American Pilsner,56.50928644302112,0.33766980306426586,21.0,,High Hops Brewery,,CO
1048,2294.0,The Power of Zeus,American Pale Ale (APA),38.15275507940618,0.2959064250256867,68.0,168,High Hops Brewery,,CO
1049,824.0,Tonganoxie Honey Wheat,Ame%rican Pale Wheat Ale,,0.044,,500,High Noon Saloon And Brewery,Leavenworth,
1050,616.0,Oregon Trail Unfiltered Raspberry Wheat,Fruit / Vegetable Beer,12.0,0.045,,,,Leavenworth,KS
1051,,Annie's Amber Ale,American Amber / Red Ale,12.0,,,500,,Leavenworth,KS
1052,1615.0,The 12th Can�?American Pale Ale (APA),16,0.19134925703394798,107.00487930931902,,Hilliard's Beer,Seattle,,
1053,889.0,Hilliard's Pils,Czech Pilsener,16.0,0.16758096431521194,142.6665359090482,362,Hilliard's Beer,Seattle,WA
1054,724.0,Hilliard's Blonde,American Blonde Ale,16.0,0.049,20.0,362,Hilliard's Beer,Seattle,WA
1055,497.0,Hilliard's Amber Ale,American Amber / Red Ale,16.0,0.055,60.0,362,Hilliard's Beer,,#WA
1056,496.0,Hilliard's Saison,Saison / Farmhouse Ale,16.0,0.066,,362,Hilliard's Beer,Seattle,WA
1057,1652.0,White Cap White IPA,American White IPA,16.0,0.1792333219731561,,349,Hinterland Brewery,,W#I??
1058,1835.0,Provision,Saiso@@n / Farmhouse Ale,12.0,0.042,25.0,297,Hop Farm Brewing Company,Pitts$b$urgh,
1059,1834.0,One Nut Brown,American Brown Ale,12.0,0.047,28.0,297,Hop Farm Brewing Company,Pittsburgh,PA
1060,1833.0,Hop Farm IPA,American IPA,12.0,,45.0,297,Hop Farm Brewing Company,Pittsburgh,PA@@@@
1061,2195.0,Double D Blonde,American Blonde Ale,12.0,0.049,,198,Hop Valley Brewing Company,Springfield,OR
1062,,Festeroo Winter Ale,American Strong Ale,12.0,0.078,324.7881558556195,198,Hop Valley Brewing Company,Springfield,OR
1063,,Proxima IPA,American IPA,12.0,0.063,70.0,887.1844729178349,Hop Valley Brewing Company,Springfield,
1064,1390.0,,American Blonde Ale,12.0,0.049,20.0,,Hop Valley Brewing Company,Springfield,
1065,1354.0,541 American Lager,American Pale Lager,12.0,,13.0,198,Hop Valley Brewing Company,Springfield,OR
1066,5964.240036299424,Alphadelic@@ IPA,American IPA,12.0,,,198,Hop Valley% Brewing Company,Springfield@@,OR
1067,,,American IPA,,,455.41101253331675,,,Springfield,OR
1068,498.0,Double D Blonde (2011),American Blonde Ale,12.0,0.049,20.0,198,Hop Valley Brewing Company,,OR
1069,1501.0,Green House India Pale Ale,American IPA,12.0,,,,Hops & Grain Brewery,Austin,
1070,1004.0,The One They Call Zoe,,12.0,0.051,,395,Hops & Grain Brewery,Austin,T#X
1071,502.0,,Altbier#,12.0,0.051,40.0,395,Hops & Grain Brewery,,TX
1072,501.0,,,,0.06,50.0,,Hops & Grain Brewe@@ry,Austin,
1073,9285.040796110168,Porter Culture,American Porter,12.0,0.065,,136,Hops & Grains Brewin#g Company,,TX
1074,2483.0,Ha#rd Cider,Cider,16.0,0.068,,,Hopworks Urban Brewery,Portland,OR
1075,2482.0,Totally Radler,Radler,16.0,0.027,21.0,80,Hopworks Urban Brewery,,OR
1076,2400.0,,American Pale Wheat Ale,16.0,0.20277291371567435,,80,Hopworks Urban Brewery,,OR
1077,2399.0,Nonstop Hef Hop,American Pale Wheat Ale,16.0,0.039,20.0,80,Hopworks Urban B$rewe??ry,,O#R
1078,,,American Pale Wheat Ale,62.8299808150092,0.039,20.0,322.9348425842108,,Portland,OR
1079,,Nonstop Hef Hop,American Pale Wheat Ale,,0.039,20.0,80,,Portland,
1080,2396.0,Nonstop Hef Hop,American Pale Wheat Ale,16.0,0.039,20.0,269.3242499320198,Hopworks@@ Urban Brewe#ry,Portland,OR
1081,9574.675215125579,Nonstop Hef Hop,,62.91955691299844,0.039,20.0,432.92275316645873,,Por%tlan#d,OR
1082,2394.0,Nonstop Hef Hop,American Pale Wheat Ale,62.01752886367749,0.039,,304.0211451539505,Hopworks Urba??n Brewery,Portland,
1083,2393.0,Nonstop Hef Hop,,62.10947145118601,0.039,20.0,,Hopworks Urban Brewery,Portland,
1084,2392.0,Nonstop Hef Hop,,16.0,0.14939470951769726,81.59342533208527,80,Hopworks Urban Brewery,Portland,OR
1085,2391.0,Nons#top Hef Hop,American Pale Wheat Ale,16.0,,20.0,80,Hopworks Urban Brewery,Portland,OR
1086,2390.0,Nonstop Hef Hop,??American Pale Wheat Ale,71.26274188946931,0.039,20.0,80,Hopworks Urban Brewery,Portland,OR
1087,2389.0,,Amer@@ican Pale ??Wheat Ale,16.0,0.039,99.36525265682405,,Hopworks Urban Brewery,Portland,
1088,14131.207653081905,Rise Up Red,,16.0,0.24014697032301702,60.0,,Hopworks Urban Brewery,Portland,OR
1089,2200.0,Survival Stout,American Stout,16.0,0.058,35.0,,Hopworks Urban Brewery,Portland,OR
1090,2199.0,Hopworks IPA,American IPA,16.0,0.066,75.0,,,Portland,O@@R
1091,12969.770790899469,Abominable Winter Ale,American Strong Ale,16.0,0.073,70.0,,Hopworks Urban Brewery,Portland,OR
1092,1398.0,Pigwar White Indi$a# Pale Ale,,16.0,0.06,60.0,80,Hopworks Urban Brewery,,OR
1093,1085.0,$Rise-Up Red (#2014),American Amber?? / R#ed Ale,16.0,0.058,60.0,80,H@@opworks Urba@@n Brewery,Portland,OR
1094,916.0,Abominable Winter Ale (2012),American Strong Ale,16.0,0.31799667750466787,294.26957005817144,80,Hopworks Urban Brewery,Portland,OR
1095,658.0,HUB Lager,Czech Pilsener,16.0,0.051,32.0,80,Hopworks Urban Brewery,Portland,OR
1096,3249.816162802422,Hopworks IPA (2012),American IPA,16.0,0.066,449.5961182677804,80,Hopworks Urban Brewery,Portland,OR
1097,2385.0,Watermelon Wheat,American Pale Wheat Ale,12.0,,,120,#Horny Goat ??Brew Pub,Milwaukee,WI
1098,2384.0,Laka Laka Pineapple,Hefeweizen,12.0,0.051,54.695192970943125,120,Horny Goat Brew Pub,Milwaukee,W%%I
1099,2383.0,%Oktoberfest,Märzen /% Ok%toberfest,16.0,0.06,,120,,Milwaukee,WI
1100,1251.0,Trail Maker Pale Ale,American Pale Ale (APA),44.47841630745908,,,445,Howard Brewing Company,Lenoir,@@@@NC
1101,,Action Man Lager,Vienna Lager,12.0,0.055,,,,Lenoir,NC
1102,1903.0,Let It Ride IPA,,53.671932089321345,0.3212235437052914,90.0,277,Indeed Brewing Company,Minneapolis,MN
1103,,Stir Crazy Winter Ale,Winter Warmer,12.0,0.065,22.0,277,Indeed Brewing Company,,MN@@
1104,1555.0,Sweet Yamma Jamma Ale,Fruit / Vegetable Beer,12.0,0.05,,1068.8801463385907,Indeed@@ B??rewing Company,Minneapolis,MN
1105,1115.0,Shenanigans Summer Ale,American Pale Wheat Ale,12.0,0.046,,277,Indeed Brewing Company,Minneapolis,MN
1106,729.0,,American Black Ale,12.0,0.065,80.0,277,Indeed Brewing Company,,MN
1107,728.0,,American Pale Ale (APA),,0.054,45.0,277,Indeed Brewing Company,Minneapolis,MN
1108,2350.0,Oklahoma Suks,American Amber / Red Ale,,0.17773641523524358,32.0,140,Independence Brewing Company,Austin,TX
1109,2301.0,Power & Light,American Pale Ale (APA),12.0,0.2881755923757123,42.0,140,Independence Brewing Company,Austin,TX
1110,1904.0,,Witbier,12.0,0.19918314512693217,27.0,452.82176352168364,,Austin,TX
1111,2609.0,#%Tribute,American Pale Ale (APA),12.0,0.058,58.0,114.91763999293184,Indiana City Brewing,#Indianapol#is,IN
1112,2038.0,Infamous IPA,American IPA,,0.07,433.0686867004665,242,Infamous Brewing Company,Austin,#TX#
1113,,Hijack,Cream Ale,12.0,,20.0,242,Infamous Brewing Company,Austin,T#X
1114,559.0,,American Blonde Ale,12.0,0.045,20.0,527,Intuition Ale Works,Jack??so%nville,FL
1115,2552.027656374018,I-10 IPA,American IPA,12.0,0.068,55.0,527,Intuition Ale Works,J??acksonvil@@le,F??L#
1116,553.0,People's Pale Ale,American Pale Ale$ (APA),12.0,0.19001393046791476,28.0,527,Intuition Ale Works,Jacksonville,FL
1117,2376.0,Summer Ale,American Blonde Ale,12.0,0.049,,123,Ipswich Ale Brewery,#Ipswich,MA
1118,6927.00249882494,Appreciation Ale,American IPA,16.0,,,316,Iron Hill Brewery & Restaurant,Wilmington,DE
1119,,House Lager,Kelle$r Bier / Zwickel Bier,16.0,0.052,67.39581733515878,2,Jack's Abby Craft Lagers,Framingham,#MA
1120,2672.0,,American Pale %Lager,12.0,0.048,,2,Jack's Abby Craft Lagers,Framingham,MA
1121,15627.746797290203,Excess IPL,American In??dia Pale L??ager,16.0,0.072,80.0,2,Jack's Abby Craft Lagers,Framingham,MA
1122,2670.0,Hoponius Union,American India Pale Lager,12.0,0.067,65.0,,Jack's Abby Craft Lagers,Framingham,MA
1123,2669.0,Calyptra,American India Pale Lager,12.0,,45.0,2,Jack's Abby Craft Lagers,Framingham,MA
1124,7579.594986606172,Helen's Blend,Cider,12.0,,,416,Jack's Hard Cider (Hauser Estate...,Biglervill@@e,PA
1125,823.0,Jack's Hard Cider,,,,,416,Jack's Hard Cider (Hauser Estate...,Biglerville,PA
1126,1793.0,Thunde%r Ann,America#n $Pale Ale (APA),12.0,0.055,37.0,312,Jackalope Brewing Company,Nashville,
1127,12826.964604873063,Razz Wheat,,60.04896404068962,,,92,Jackie O's Pub & Brewery,Athens,OH
1128,2363.0,Hop Ry??ot,,12.0,,,92,Jackie O's Pub & Brewery,Athens,
1129,689.0,Mystic Mama IPA,American IPA,12.0,0.07,,92,Jackie O's Pub & Brewery,Athens,OH
1130,688.0,,American Amber / Red Ale,,,,92,Jackie O's Pub & Brewery,Athens,OH
1131,687.0,Chomolungma Honey Nut Brown Ale,English Brown Ale,60.205266954481274,0.067,,440.0744214185527,Jackie O's Pub & Brewery,Athens,OH
1132,11054.492644811224,Welcome to Scoville,American IPA,12.0,0.069,,,,Laurel,MD
1133,2595.0,Ba@@stian,American Strong Ale,12.0,,,32,,Stevens Point,WI
1134,2480.0,Healani,Hefeweizen,45.75097583587714,,,101.80143109063347,James Page Brewing Company,,WI
1135,1525.0,,American Porter,12.0,0.3001185393636152,,32,James Page Brewing Company,Stevens Point,WI
1136,1524.0,A Capella Gluten Free Pale Ale,American Pale Ale (APA),12.0,0.055,,32,??James Page Brewing Company,Stevens Po%int%,WI
1137,1523.0,Casper White Stout,,12.0,,,32,James Pa@@ge Brewing Company??,Stevens Point,WI%
1138,,JP's Ould Sod Irish Red IPA,American IPA,12.0,,,161.4246951759743,,Stevens P@@oint,WI
1139,2060.0,Weize Guy,Hefeweizen,12.0,0.18835341333713412,87.44125816825827,233,Joseph James Brewing Company,Henderson,NV
1140,469.0,Fox Tail Gluten Free Ale,American Pale Ale (APA),12.0,0.05,,233,,Henderson,
1141,2665.040272943804,Hop Box Imperial IPA,American Double / Imperial IPA,12.0,0.40404093880591796,90.0,,Joseph James Brewing Company,Henderson,NV
1142,467.0,Joseph James American Lager,America#n Adjunct Lager,12.0,,15.0,233,Jos@@eph James Brewing Company,,NV
1143,2163.0,Suc#ha Much IPA,Americ#an IP%A,12.0,0.071,,208,Kalona Brewing Company,,IA
1144,7318.338691405957,Lewbricator Wheat Dopplebock,Doppelbock,,0.075,24.0,208,Kalona Brewing Company,Kalona,????IA
1145,2374.0,Weisse Versa (2012),Hefeweizen,12.0,0.052,16.0,125,Karbach Brewing Company,Houston,TX
1146,1560.0,,Munich Dunke??l Lager,12.0,0.058,94.4482582029451,572.7453850403945,Karbach Brewing Company,Houston,TX
1147,,Weekend Warrior Pale Ale,,12.0,0.055,40.0,,Karbach Brewing Company,Houston,TX
1148,1458.0,Karbachtoberfest,Märzen / Oktoberfest,,0.055,25.0,125,Karbach Brewing Company,Houston,TX
1149,6889.097455661361,Love Street Summer Seasonal (2014),Kölsch,,0.047,107.26895059607592,125,Karbach Brewing Company,Houston,#TX
1150,1068.0,Barn Burner Saison,Saison / Farmhouse Ale,12.0,0.066,83.84104685627591,125,Karbach Brewing Company,@@Ho??uston,TX
1151,666.0,Rodeo Clown Double IPA,American Double / Imperial IPA,52.28930467982313,0.095,85.0,125,Karbach Brewing Company,Ho#usto@@n,
1152,465.0,Sympathy for the Lager,American Amber / Red Lager,,0.049,176.65361310226112,125,Karbach Brewing Company,Houston,TX
1153,464.0,Weisse Versa,Hefeweizen,12.0,,46.627012844961804,,Karbach Brewing Company,$Housto$n,TX
1154,463.0,Hopadillo India Pa$le Ale,American IPA,57.57787205592012,,,125,Karbach Brewing Co%mpany,H#ou#ston,TX
1155,1678.0,KelSo Nut Brown Lager,,12.0,0.057,,,KelSo Beer Company,B#rookl%yn,NY
1156,1572.0,KelSo India Pale Ale,American IPA,12.0,0.06,330.38301468145016,,KelSo Beer Company,Brooklyn,NY
1157,1348.0,Ke??lSo Pilsn#er,Czech Pilsener,62.3404420050857,0.055,23.0,342,KelSo Beer Company,Brooklyn,NY
1158,1193.0,Skilak Scottish Ale,Scottish Ale,12.0,,,458,%Kenai River Brewing Compa??ny,Soldotna,AK
1159,1187.0,Peninsula Brewers Reserve (PBR),American Blonde Al@@e,59.4422501074462,0.05,,458,Kenai River Brewing Company,Soldotna,AK
1160,349.0,Sunken Island IPA,American IPA,12.0,0.068,,458,Kenai River Brewing Company,Soldotna,AK
1161,348.0,Skilak Scottish Ale (2011),Scottish Ale,,,,458,Kenai River Brewing Company,,AK
1162,760.0,Cold Smoke Scotch Ale (2007),??Sco@@tch Ale / Wee Heavy,16.0,0.065,54.12578617116766,510,,Mis$soul$a,MT
1163,759.0,,,16.0,0.065,65.0,510,Kettle House Brewing Company,Missoula,MT
1164,2637.0893887099487,Double Haul IPA (2006),American IPA,16.0,,65.0,510,Kettle Ho??use Brewing Compan#y,Missoula,MT#
1165,,Eddy Out Pale Ale,American Pale Ale (APA),16.0,0.055,50.0,510,Kettle House Brewing Company,Missoula,MT
1166,340.7112862230217,Double Haul IPA,American IPA,16.0,0.065,65.0,510,Kettle House Brewing Company,Missoula,MT
1167,85.0,,Scotch Ale / Wee Heavy,16.0,0.065,11.0,2141.98864751414,Kettle House Brewing Company,Missoula,MT
1168,2472.0,,Witbier,12.0,,,84,Keweenaw Brewing Company,Houg??hton,MI
1169,779.0,November Gale Pale Ale,American Pale Ale (APA),12.0,,,84,Keweenaw Brewing Com$pany,H#ou$ghton,MI
1170,364.0,Olde Ore Dock Scottish Ale,Scottish Ale,66.46697318309674,,,410.77953371534215,,Hough#ton,MI
1171,,Widow Maker @@Black Ale,American Brown Ale,,,,282.35908409808866,Keweenaw Brewing Company,Ho$u$ghton,$MI
1172,59.0,,American Brown Ale,12.0,,,,Keweenaw Brewing Company,Houghton,MI
1173,58.0,Pick Axe Blonde Ale,American Blonde Ale,12.0,,,465.5640445469156,,Houghton,MI
1174,57.0,Red Jacket Amber Ale,American Amber / Red Ale,,,,84,Keweenaw Brewing Company,Houghton,??MI@@
1175,2436.0,,American Amber / Red Ale,41.225970242857024,0.051,,312.56843593855257,King Street Brewing Company,Anchorage,AK
1176,8368.256585490442,King Street Pilsner,Czech Pilsener,36.97143553423287,0.28837026405977056,,102,King Street Brewing?? Company,Anchorage,##AK
1177,1667.0,King Street IPA,American IPA,12.0,0.06,70.0,378.8486739153116,King Street Brewing Company,Anchorage,AK
1178,1666.0,,Hefeweizen,12.0,,,102,,Anchorage,AK
1179,1665.0,King Street Blonde Ale,American Blonde Ale,12.0,0.049,,102,King Street Brewing Company,Anchorage,AK
1180,7505.698902483008,,American IPA,16.0,0.063,65.0,87,,,
1181,2459.0,Blackberry Wheat,,16.0,0.048,11.0,,Kirkwood Station Brewing Company,Kirkwood,MO
1182,6773.079914719672,Longboard Island Lager,American Ambe??r / Red Lager,78.51320797464065,0.046,93.60960721677341,2202.583480587074,Kona Brewing Company,Kona,HI
1183,,Longboard Island Lager,American Amber / Red Lager,59.92789958863546,0.046,18.0,439,,Kon??a#,
1184,1070.0,Longboard Island Lager,American Amber / Red Lager,12.0,,18.0,439,,,HI
1185,2925.4101750524464,Longboard Island Lager,,12.0,0.15888570726034673,,439,Kona Brewing Company,Kona,HI
1186,781.0,,,12.0,0.04,,,Krebs Brewing Company (Pete's Pl...,Krebs,
1187,1637.0,Bellingham Beer Week 2013 Collaboration,Belgian Strong Dark Ale,16.0,0.08,,354,Kulshan Bre%wery,Bellingham,WA
1188,,A Slice of H@@e#fen,Hefeweizen,90.36351687329031,0.054,15.0,332,La Cumbre Brewing Company,,NM
1189,664.0,El@@evated I??PA,American IPA,16.0,0.072,100.0,332,La Cumbre Brewing Company,Albuquerque,NM
1190,392.0,,Maibock / Helles Bock,12.0,0.21248443389610935,30.0,545,Lancaster Brewing Company,Lancaster,PA
1191,195.0,Lancaster Ge$rma#n Style Kölsch,%Kölsch,12.0,0.048,28.0,545,Lancaster Brewing Company,Lancaster,PA
1192,2547.0,Beach Cruiser,Hefeweizen,12.0,0.045,,248.68542052431846,Latitude 42 Brewing Company,Portage,MI
1193,2493.0,I.P. Eh!,American IPA,12.0,,,59,Latitude 42 Brewing Company,Porta%g@@e,MI$??
1194,,Schoolhouse Honey,American Amber / Red Ale,12.0,0.05,,59,Latitude 42 Brewing Company,Port%age,MI
1195,10143.391110032635,10 De#grees of Separat$ion,English Brown Ale,41.6180878241008,0.17699266287652618,,240.38623722019955,Latitude 42 Brewing Company,Portage,MI#
1196,2108.0,Laughing Dog Cream Ale,Cream Ale,,,12.0,218,Laughing Dog Brewing Company,Ponderay,ID
1197,8019.259108292819,Two-One Niner,,12.0,0.048,,722.2513123774451,Laughing Dog Brewing Company,,ID??
1198,1396.0,Laughing Dog IPA,American IPA,60.369604811487434,0.064,205.68386937908792,218,Laugh$ing Dog Brewing Company,Ponderay,ID
1199,,Madra Allta,American IPA,12.0,0.3348783299984265,95.0,345,Lavery Brewing Company,Erie,PA
1200,1249.0,Duluchan India Pale Ale,American IPA,12.0,0.2880118198604163,70.0,345,Lavery Brewing Company,??#Erie,PA
1201,1445.0,Lazy Monk B%oh#emian Pilsner,Czech Pilsener,16.0,0.05,,406,Lazy Monk Brewing,Eau Claire,WI
1202,,Yellowstone Golden A#le,Kölsch,12.0,0.051,,537,Lewis and Clark Brewing Company,Helen%a,MT
1203,,Tumbleweed IPA,American IPA,12.0,0.28682597467920345,,537,Le%wis $and Clark Brewing Company,Helena,$MT
1204,473.0,,,,0.05,,,Lewis and Clark Brewing Company,Helena,MT
1205,472.0,Miner'@@s Gold Hef#eweizen,Hefeweizen,12.0,0.05,,537,Lewis and Clark Brewin??g Com@@pany,Helena,
1206,,Back Country Scottish Ale,Scottish A@@le,12.0,0.3100213854149422,,2056.3363075746915,Lewis and Clark Brewing Company,H$elena@@,MT
1207,,Ge%taway,German Pilsener,16.0,0.052,30.0,244,Lift Bridge Brewing Company,,MN
1208,1168.0,Farm Girl Saison,Saison / Fa%rmhouse #Ale,16.0,0.06,175.9617006907749,244,Lift Bridge Brewing Company,Stillwater,MN
1209,1832.0,,America@@n S@@tout,71.92746994556848,0.058,,298,Liquid Hero Brewery,York,PA$
1210,1688.0,American Hero,American Amber / Red Ale,12.0,0.057,42.0,1644.3248422411225,Liquid Hero Brewery,@@York,PA
1211,1687.0,Schweet Ale,Fruit / Vegetable Beer,12.0,,20.0,1031.3057356396107,Liquid Hero Brewery,York,PA
1212,1686.0,Irregar@@d??less IPA,American IPA,42.82238896532671,0.065,,,Liquid Hero Brewery,,PA@@
1213,2434.0,Peach Pale Ale,,,0.057,126.09465518550832,104,Lone Tree Brewing Company,$Lone T#ree,CO
1214,,Deadeye Jack,American Porter,,0.06,,149,Lonerider Br#ewing Company,,NC
1215,,Pistols at Dawn,American Stout,16.0,0.075,,149,Lonerider Brewing Company,Raleigh,
1216,2329.0,,American Pale Ale (APA),,0.057,47.0,497.89230553585776,Lonerider Brewing Company,Raleig%h,NC
1217,2327.0,Shotgun Betty,,41.462807694459016,0.058,,149,Lonerider Brewing Company,Raleigh,NC
1218,,,American Brown Ale,12.0,0.061,30.0,149,Lonerider Brewing Company,Raleigh,NC
1219,,Long Trail IPA,English India Pale Ale (IPA)@@,12.0,0.059,42.0,268,Long Trail Brewing Company,Bridgewater Corners,VT
1220,1924.0,Long Trail Ale,American Amber / Red Ale,12.0,0.046,30.0,268,Long Trail Brewing Company,Bridgewater Corners,VT
1221,1090.0,Double Bag,Altbier,16.0,0.072,33.0,1104.8731900402242,Long Trail Brewing Company,,VT
1222,,Blackbeary Wheat,Fruit / Vegetable Beer,12.0,0.04,39.16170719505877,268,Long Trail Brewing Company,Bridgewater Corners,VT
1223,,Long Trail Ale (1),Altbier,12.0,0.046,30.0,268,Long Trail Brewing Company,Bridgewater Corners,VT
1224,,Gose,Gose%,16.0,0.046,8.0,,,East Fairfield,
1225,8668.59362586922,Vermont Pilsner,German Pilsener,,0.048,112.39503625843874,41,,,VT
1226,2582.0,Mosaic #Single Hop IPA,Am@@er??ican IPA,,0.055,,137.00799428519906,Lost Nation Brewing,East Fairfield,VT
1227,10655.846193552708,Lost Galaxy,American IPA,,0.15162120375045193,,41,Lost Nation Brewing,East Fairfield,VT
1228,1309.0,Face Plant IPA,American IPA,12.0,0.062,65.0,430,Lost Rhino Brewing Company,Ashburn,VA
1229,6825.2598524127925,Rhino Chasers Pilsner,,,,55.0,,Lost Rhino Brewing Company,Ashbur#n,VA
1230,6199.951805656441,,American Stout,16.0,0.052,29.0,377,#Lucette Brew$ing Company,Menominee,WI
1231,1204.0,,Hefeweizen,16.0,0.062,,456,Lucette Brewing Comp%any,Me#nominie,WI
1232,5129.239295593648,Ride Again Pale Ale,American Pale Ale (APA),16.0,0.052,,456,Lucette Brewing Company,Menominie,WI
1233,700.0,The Farmer's Daughter,American Blonde Ale,16.0,0.048,,456,Lucette Brewing Company,Menominie,WI
1234,2033.0,Pub Ale,English Dark Mild Ale,,,18.0,245,Lucky Town Brewing Company,Jackson,MS
1235,,Ballistic Blonde,Belgian Pa$$le Ale,,0.051,183.3964103299244,801.963522446015,Lucky Town Brewing Company,??Jackso@@n,M??%S
1236,2311.0,Knotty Pine,American Pale Ale (APA),12.0,,,158,Lumberyard Brewing Company,??Flagstaff,AZ
1237,1153.0,Lumberyard Pilsner,American Pilsner,,0.053,20.0,158,Lumberyard Brewing Company,Flagstaff,AZ
1238,355.0,Lumberyard IPA,American IPA,45.084462450185356,0.061,,158,Lumberyard Brewing Company,Flagstaff,AZ
1239,125.0,Lumberyard Red Ale,American Amber / Red Ale,12.0,0.058,,158,Lumberyard Brewing Company,Flagstaff,
1240,962.0,,American Pale Ale (APA),12.0,0.05,,2250.46004229744,,Portland,
1241,961.0,Ma#c's Scottish Style Amber Al$e (2000),American Amber / Red Ale,71.21754162366032,0.18661631567537226,32.0,485,MacTarnahans Brewing Company,Portland,O$R
1242,1475.0,Macon Progress Ale,,12.0,0.05,,400,Macon Beer Company,Macon,GA@@
1243,1008.0,Macon% H$istory Ale,American Brown Ale,67.0050808961405,0.055,,400,Macon Beer Company,Macon,G?$?A
1244,2454.0,Galaxy High,American Double / Imperial IPA,12.0,0.099,,,Madtree Brewing Company,Cincinnati,
1245,,Sol Drifter,,12.0,0.043,18.0,91,Madtree Brewing Company,Cincinnati,@@OH
1246,2133.0,Thunder Snow,,,0.085,,,Madtree Brewing Company,Cincinnati,OH
1247,,T??he Great Pumpca@@n,Fruit / Vegetable Beer,,0.079,18.0,,Madtree Brewing Company,Cincinnati,OH
1248,1816.0,LIFT,Kölsch,12.0,0.047,11.0,91,,Cincinnati,OH
1249,1815.0,SPRYE,American Pale Ale (APA),12.0,0.05,,390.7818560525718,Madtree Brewing Company,Cincinnati,
1250,4523.496535586722,Psychopathy,American IPA,47.67127831552888,0.069,70.0,91,,,
1251,1125.0,Gnarly Brown,American Brown A#le,12.0,0.07,32.0,91,Madtree Brewing Company,Cincinnati,OH
1252,1124.0,Hap%py Amber,American Amber / Red Ale,12.0,0.06,99.90265459477466,91,Madtree Brewing Company,Cincinnati,OH
1253,1813.0,#9,Fruit / Vegetable Beer,16.0,0.051,20.0,303,Magic Hat Brewing Company,South Burlington,VT
1254,,Elder Betty,Hefeweizen,,,,303,Magic Hat Brewing Company,South Burlington,
1255,360.0,#9,,12.0,,106.88231040747635,1283.5112955246793,,South Burlington,V#%T
1256,511.0,,German Pilsener,12.0,0.042,,,,Mammoth Lakes,CA
1257,75.0,,American IPA,12.0,0.065,,534,Mammoth Brewi$ng Company,Mammoth Lakes,CA
1258,74.0,Golden Trout Pilsner,%German Pilsener,12.0,0.042,,,Mammoth Brewing Company,,CA
1259,314.50872231002984,Real McCoy Amber Ale (Current),American Amber / Red Ale,12.0,0.045,,,Mammoth Brewing Company,Mammoth Lakes,CA
1260,1628.0,,Winter Warmer,45.924830157688355,0.072,,356,Manayunk@@ Brewi#ng Company,Philadelphia,PA
1261,1626.0,,Märzen / Oktoberfest,12.0,0.067,,356,Manayunk Brewing Company,Philadelphia,P#A#
1262,1625.0,Belgian Style Session Ale,Be%lgian Pale #Ale,12.0,0.14142094613507059,21.0,356,Manayunk Brewing Company,Philadelphia,
1263,1624.0,Manayunk IPA,American IPA,12.0,,,356,Manayunk Brewing Company,Philade$lp#hia,PA
1264,5345.353805977901,,Pumpkin Ale,12.0,,,356,Manayunk Brewing Company,Philade$lphia,PA
1265,1484.0,Summer Paradise,American Pale Wheat Ale,12.0,0.19328747459333584,102.17057568034946,,Manayunk Brewing Company,Philadelphia,PA
1266,1356.0,Monk from the 'Yunk,Tripel,37.145806880675764,0.09,,356,,,PA
1267,1355.0,,,,0.06,14.0,,Manayunk Brewing Company,Philade$lphia,PA
1268,1334.0,Dreamin' Double IPA,,39.225874481566805,0.085,,356,,Philadelphia,PA
1269,,Chaotic Double IPA,American Double / Imperial IPA,12.0,0.099,,346,Manzanita Brewing Company,Santee,CA
1270,6559.814669509657,,American IPA,12.0,0.08,88.0,346,Manzanita Brewing Company,Santee,C#A
1271,1672.0,Rive%rwalk Blonde Ale,American Blonde Ale,12.0,0.26043057812539894,25.0,346,,Santee,CA
1272,6297.749982466428,Gillespie Brown Ale,American Brown Ale,12.0,0.2892671680810825,49.0,,Manzanita Brewing Company,Sant??#ee,CA
1273,1670.0,Manzanita Pale Ale,American Pale Ale (APA)#,12.0,0.066,261.02025750432546,346,Manzanita Brewing Company,Sa@@ntee,$CA
1274,1262.0,Marble Pilsner,German Pilsener,12.0,,,443,Marble Brewery,Albuquerque,NM
1275,,Marble India Pale Ale,American IPA,,0.062,,,Marble Brewery,Albuquerque,NM
1276,1783.0,Toughcats IPA,Ame$rican IPA??,16.0,0.072,,317,,Belfast,ME
1277,5485.427470715296,,,16.0,0.05,,317,Marshall Wharf Brewing Company,Belfast,ME
1278,1716.0,Sexy Chaos,Russi@??@an Imperial Stout,16.0,0.5867505872521785,,317,Marshall Wharf Brewing Company,,ME
1279,1516.0,Ace Hole American Pale Ale,,,,,317,Marshall Wharf Brewing Company,??Belf@@ast,ME
1280,3674.1926394906272,Cant Dog Imperial Pale Ale,American Double / Imperial IPA,16.0,0.36258651374697864,,317,Marshall Wharf Brewing Company,Belfast,ME
1281,2308.0,R#iver House??,Saison / Farmhouse Ale,16.0,0.05,20.0,161,Martin House Brewing Company,Fort Worth,TX
1282,,,American Stout,16.0,,47.0,161,#Martin House B??rewing Company,Fort Wort@@@@h,TX
1283,2197.0,Rubberneck Red,American Amber / Red Ale,16.0,0.05,128.7717640064007,,Martin House Brewing Company,,TX
1284,2120.0,The Imperial Texan,American Double / Imperial IPA,16.0,0.08,,161,Marti$n House Brewin#g Company,Fort Worth,TX
1285,5291.585177706448,The Imperial Texan,American Double / Imperial IPA,,0.08,,161,Martin House Brewing Company,Fort Worth,TX
1286,1233.0,Day Break 4-Grain Breakfast Beer,Rye Beer,16.0,0.23233420954347261,,,Martin House Brewing Company,Fort Worth,TX%
1287,1232.0,River House Saison,,58.098575503096036,,,161,Martin House Brewing Company,Fort Worth,TX
1288,,There W@@ill Be Stout,American Stout,12.0,0.065,,,Martin House Brewing Company,Fort Worth@@$,TX
1289,1831.0,,American IPA,12.0,0.065,60.0,1767.1643692738674,Matt Brewing Company,Utica,%NY%
1290,1359.0,Saranac Shandy,Shandy,12.0,0.042,,,,Utica,NY
1291,1135.0,Our Legacy IPA,American IPA,16.0,0.22165928925290965,60.0,299,,Utica,NY
1292,960.0,Saranac Golden Pilsener (2003),German Pilsener,12.0,0.051,,1787.2181826903627,Matt Brewing Company,Utica,
1293,959.0,Saranac Adirondack Light (2002),Light Lager,12.0,0.045,,299,Matt Brewing Company,Utica,@@NY%
1294,958.0,,$??Light Lager,12.0,0.045,,299,Matt Brewing Company,Utic$a@@,
1295,957.0,Saranac Traditional Lager (2000),,12.0,0.048,,299,,,NY
1296,956.0,Pomegranate Wheat (2008),Fruit / Vegetable Beer,12.0,0.16373107048988866,,299,,Utica,NY
1297,773.0,Blueberry Blonde Ale,American Blonde Ale,12.0,0.05,12.0,1790.386765393804,Matt Brewing Company,Utica,NY
1298,3724.5772927750127,Saranac White IPA,,12.0,0.25029010772071725,,299,Matt Brewing Company,,NY
1299,453.0,Saranac Summer Ale (2011),American Pale Wheat Ale,12.0,0.047,,,Matt Brewing Company,Utica,
1300,770.985194558525,Saranac Pale Ale (12 oz.),English Pale Ale,,,,299,Matt Brewing Company,U@@tic%a,NY
1301,133.0,Saranac# Pal??e Ale (16 oz.),English Pale Ale,16.0,,,1086.8922749827664,Matt Brewing Company,Utica,NY
1302,7233.992925634733,Lahaina Town Brown,American Brown Ale,12.0,0.051,20.0,375,,,HI
1303,1429.0,Pau Hana Pilsner,Czech Pilsener,37.768114764397076,0.055,,1319.004093254753,Maui Brewing Company,Lahaina,HI
1304,5365.899680671797,Lemongrass Saison,,12.0,0.05,,,Maui Brewing Company,Lahaina,HI
1305,713.0,Aloha B’ak’tun,Belgian Strong Dark Ale,61.57929113644484,0.07,,375,,,HI
1306,712.0,Liquid Breadfruit,Fruit / Vegetable Beer,12.0,0.38198222162317447,,,Maui$ Brewing Company,Lahaina,HI
1307,690.0,Sobrehumano Palena'ole,American Amber / Red Ale,,0.06,,375,Maui Brewing Company,,
1308,,,Witbier,65.03533481263096,0.05,12.0,1421.6219284607726,Maui Brewing Company,Lahaina,HI
1309,435.0,,American IPA,12.0,0.068,68.0,,Maui Brewing Company,Lahaina,HI
1310,313.0,,American Pale Wheat Ale,12.0,0.247139040520211,15.0,375,Maui Brewing Company,Lahaina,HI
1311,33.0,Bikini Blonde Lager,Munich Helles Lager,12.0,0.045,18.0,375,Maui Brewing Company,,HI
1312,32.0,CoCoNut Porter,American Port$e$r,12.0,0.057,114.33211413071848,375,#Maui Brewing Compa??ny,Lahaina,HI
1313,31.0,Big Swe%ll?? IPA,Am??erican IPA,12.0,0.062,65.0,375,Maui Brewing Company,Lahaina,HI
1314,1237.0,Pit Stop Chocolate Porter,American Porter,,0.037,34.0,448,Mavericks Beer Company,Half Moon Bay,CA
1315,1236.0,Pace Setter Belgian Style Wit,Witbier,12.0,0.037,21.0,1798.1625011185624,Mavericks Beer Company,Half Moon Bay,CA
1316,1047.0,Back in the Saddle Rye Pale Ale,American Pale Ale (APA),12.0,0.037,53.0,1584.579770221454,Mavericks Beer Company,Half Moon Bay,CA
1317,1986.0,Bushwhacker Cider,Cide@@r,16.0,0.069,,1216.6049385556826,Meckley's Cidery,Somerset Center,$MI
1318,1985.0,Weim-R-Iner,Cider,16.0,,,254,Meckley's Cidery,Somerse$@@t Center,MI
1319,1984.0,,Cider,16.0,,,254,Meckley's Cidery,Somerset Center,MI
1320,,Tsunami IPA,American IPA,19.2,0.072,377.4280138345994,721.8755386172846,,Hilo,HI
1321,2185.0,Tsunami IPA,American IPA,12.0,,380.44034094099504,203,Mehana Brewing Co.,Hilo@@#,HI
1322,,Humpback Blonde Ale,American Blon#de Ale,12.0,0.042,22.0,203,Mehana Brew??ing Co.,Hilo,HI
1323,,Hawaiian Crow Porter,Ameri%c@@an Porter,12.0,0.052,27.0,,Me??hana Brewing Co.,Hilo,HI
1324,,Volcano Red Ale,American Amber / Red Ale,,0.052,23.0,203,Mehana Brewing Co.,Hilo,HI
1325,2176.0,Mauna Kea Pale Ale,,12.0,0.054,42.0,,Mehana Brewing Co.,Hilo,HI
1326,1508.0,Shark Bait,Fruit / Vegetable Beer,70.5101647617189,0.053,11.0,1756.1819653153852,Miami Brewing Company,Miami,F@@L
1327,1507.0,,American Brown Ale,55.82799960619808,0.18546774541758035,30.0,393,Miami Brewing Company,Miami,FL
1328,8384.888997779062,Miami Vice IPA,@@??American IPA,12.0,0.3821928482622216,331.56443645301596,393,,,FL
1329,,Big Rod Coconut Ale,American Blond#e Ale,12.0,0.053,16.0,,Miami Brewing Company,Miami,FL
1330,174.0,Mick#ey% Finn's Amber Ale,American Amber / Red Ale,,0.056,,,,,IL
1331,2093.0,,American IPA,12.0,0.063,61.0,223,Midnight Sun Brewing Company,Anchorage,AK
1332,1814.0,Pleasure Town IPA,American IPA,12.0,,,1177.4906312391633,Midnight Sun Brewing Company,Anchorage,AK
1333,587.0,,Witbier,12.0,0.048,,223,Midnight Sun Brewing Company,A??nchorage,A@@#K
1334,586.0,,American Brown Ale,12.0,0.05,,708.1884243238912,Midnight Sun Brewing Company,Anchorage@@,AK??
1335,2353.802147065575,Sockeye Red IPA,American IPA,12.0,0.057,240.56133213795965,,Midnight Sun Brewing Company,Anchorage,
1336,,Habitus (2014),American Double / Imperial IPA,79.21107841865367,0.08,,3,Mike Hess Brewing Company,San Diego,CA
1337,2667.0,Solis,American IPA,16.0,0.075,85.0,3,Mike Hess Brewi#ng Company,San Diego,??CA
1338,,Jucundus,,16.0,0.06,24.0,3,,San Diego,CA
1339,15152.248250269015,Habitus,,16.0,0.08,100.0,3,Mike Hess Brewing Company,San Diego,CA
1340,2663.0,Grazias,Cream Ale,16.0,0.063,122.53113385475542,3,Mike H??es#s Brewing Company,San Diego,CA
1341,2662.0,Clarit#a??s,Kölsch,68.2890716311873,0.058,124.33825985943236,3,Mike Hess Brewing Company,San Diego,CA
1342,2535.0,Vinyl Frontier,American Dou@@ble / Imperi@@al IPA,24.0,,,377.8891352765108,Mikerphone Brewing,Chicago,IL
1343,2534.0,,Am@@erican IPA,24.0,0.08,,339.5396887151379,Mikerphone Brewing,Chicago,IL
1344,2533.0,,American IPA,24.0,0.075,,,,Chicago,IL??
1345,13738.911221699907,,%Bel$gian IPA,24.0,0.075,,65,Mikerphone Brewing,Chicago,IL
1346,2531.0,En Parfaite Harmonie,Saison / Farmhouse Ale,74.1393247606585,0.065,,65,Mikerphone Brewing,Chicago,IL
1347,2530.0,D#aft Funk,Berliner Weissbier,,0.043,28.932040177845742,65,Mikerp$hone Bre@@wing,Chicago,IL
1348,2529.0,Love In An Ellavator,A$merican IPA,24.0,0.075,,65,Mikerphone Brewing,Chicago,IL
1349,2528.0,Spin Doctor,American Pale Ale (APA),,0.053,,283.2577762513205,Mikerphone Brew??ing,Chi@@#cago,
1350,1612.0,Keeper (Current),American Pilsner,12.0,0.05,,1312.958145827995,Mikkeller$,Pottstown%??,PA
1351,1611.0,Better Half,American IPA,12.0,0.32228869276110855,,,Mikkeller,Pottstown,PA
1352,1273.0,SNO ??White$ Ale,Witbier,,0.2572242520108305,,440,MillKing It Productions,Royal Oak,MI
1353,365.0,BRIK Irish Red Ale,Irish Red Ale,16.0,,,440,MillKing It Productions,,MI
1354,273.0,AXL Pale Ale,American Pale Ale (APA),16.0,,,440,,Royal Oak,MI
1355,1884.0,,,16.0,0.3516894665379878,80.0,1304.3029328599657,Milwaukee Brewing Company,,WI
1356,1272.0,Louie's Demise Amber Ale,@@American Ambe@@r / Red Ale,66.38489196053703,0.051,24.0,284,,Milwau$kee,WI
1357,5423.084892269482,Hop Happy,American IPA,53.92157362024946,0.075,51.0,284,Milwaukee Brewing Company,Milwaukee,WI
1358,932.0,Booyah Farmhouse Ale,Saison / Farmhouse Ale,16.0,0.065,20.0,284,Milwaukee Brewing Company,Mi??lwaukee,@@WI
1359,776.0,O-Gii,Witbier,16.0,0.4232461867971392,,284,Milwaukee Brewing Company,Milwaukee,%WI
1360,998.6018586704685,,Vienna Lager,16.0,0.048,18.0,1107.7753998971646,Milwaukee Brewing Company,,WI
1361,171.0,,American Amber / Red Ale,16.0,0.051,24.0,284,,Milwaukee,WI
1362,2361.0,A??xe Head Malt Liquor,American Malt Liquor,24.0,0.099,,,Minhas Craft Brewery,Monroe,WI
1363,2359.0,,Bock,16.0,0.054,,134,Minhas Craft Brewery,Monroe,WI
1364,2358.0,,Light Lager,61.89384001783072,0.04,,662.9707539331965,Minhas Craft Brewery,Monroe,
1365,7260.790522929309,Huber,American Pale Lager,12.0,0.05,,134,,Monroe,WI
1366,2281.0,C#lear Creek Ic%e,American Pale Lager,53.035709450341066,0.062,,134,Minhas Craft Brewery,Monroe,
1367,11911.88094282846,Clear Creek Ice,,41.45585884798848,0.3242355646661093,,134,Minhas Craft Brewery,Monroe,WI
1368,8815.96460766422,Mountain Crest,,,0.055,,134,Minhas Craft Brewery,Monroe,WI
1369,11611.074325627651,,American Pale Lager,12.0,,,,Minhas Craft Brewery,Monroe,%WI#
1370,2277.0,Mountain Creek (2013),,12.0,0.055,,134,,Monroe,
1371,,Boxer,American Adjunct Lager,104.99021523179557,0.05,,603.3194616396521,,,WI
1372,2275.0,Boxer Light,Light Lager,50.882785840223896,0.042,,134,Minhas Craft Brewer??y,,WI
1373,2274.0,Boxer Ic??e,American Adjunct Lager,12.0,0.055,,134,,Monroe,WI
1374,2273.0,Boxer,American Adjunct Lager,12.0,0.05,,134,Minhas Craft Brewery,Monroe,
1375,,Cortez Gold,Belgian Pale Ale,32.0,0.05,,98,Mission Brewery,San Diego,%CA
1376,2441.0,Mission IPA,American IPA,32.0,0.068,66.0,98,Mission Brewery,San Diego,#C??A
1377,1460.0,,Amer??ican Pale Ale (APA),32.0,0.048,44.0,98,Mission Brewery,San Diego,CA
1378,1459.0,Shipwrecked Double IPA,,32.0,0.092,75.0,98,%Missi$on Brewery,,CA
1379,1476.0,Squeaky Bike Nut Brown Ale,Ame??rican Brown Ale,,0.04,,399,,Moab,U#T
1380,902.0,Dead Horse Amber,American Pale Wheat Ale,16.0,0.04,,399,Moab Brewery,Moab,UT
1381,645.0,Rocket Bike American Lager,California Common / Steam Beer,16.0,0.04,,399,,Moab,U??T
1382,644.0,Johnny's American IPA,American IPA,16.0,0.1736307239375112,,399,Moab Brewery,??Moab,UT
1383,337.0,Boneshaker Brown Ale,English Brown Ale,24.0,0.055,,547,Moat Mountain Smoke House & Brew...,North Conway,NH
1384,336.0,Iron Mike Pale Ale,%American Pale Ale (APA)??,24.0,0.056,,,Moat Mountain Smoke House & Brew...,,NH
1385,2236.0,Monkadelic,American Pale Ale (APA),66.48643550355169,0.042,,189,Modern Monks Brewery,,NE
1386,2159.0,City of the Sun,American IPA,,0.075,,209,Modern Times Beer,S$an Diego#,CA
1387,2157.0,,American IPA,16.0,0.068,75.0,,Modern Times Beer,S$an Diego,CA
1388,2156.0,,American Pale Ale (APA),16.0,,50.0,,,San Diego,CA
1389,2154.0,Aurora,,16.0,0.067,75.0,209,Modern Times Beer,#??San Diego,CA
1390,1495.0,Lomaland,Saison @@/ Farmhouse Ale,62.02535873444129,0.055,129.37370952482024,1126.1151400843005,Modern Time%s B$eer,San D@@iego#,CA
1391,1494.0,Fortunate Islands,American Pale Wheat Ale,16.0,0.21169647551037263,46.0,1154.9307544403591,Modern Times Beer,,CA
1392,1493.0,Black House,American# Stout,16.0,0.058,40.0,209,Modern Times Beer,San @@%Diego,CA
1393,1492.0,Blazing World,American Amber / Red Ale,16.0,0.065,115.0,209,,San @@Die%go,CA
1394,1003.2703379753939,Wapiti Amber Ale,American Amber / Red Ale,,0.05,,549,Mogollon Brewing Company,Flagstaff,AZ
1395,719.0,,American Brown Ale,16.0,0.054,,514,Monkey Paw Pub & Brewery,,CA
1396,718.0,Rich Man's IIPA,American Double / Imperial IPA,16.0,0.087,,514,Monkey Paw Pub & Brewery,San% Die@@go,CA
1397,2253.907256034625,Monkey Paw Oatmeal Pale Ale,American Pale Ale (APA),16.0,0.058,,514,Monkey Paw Pub & Brewery,San Diego,C$A??
1398,,,A$merican Blonde Ale%,,,159.77702456368056,276,Montauk Brewing Company,Montauk,NY
1399,1906.0,Driftwood Ale,Extra Special / Strong Bitter (ESB),12.0,0.06,252.03305877977863,976.0808010817148,Montauk Brewing Company,Montau??k#,NY
1400,1756.0,When H$elles Free$zes Over,Munich Helles Lager,12.0,0.056,,326,Morgan Stre#et Brewe@@ry,Saint Louis,MO??
1401,1617.0,Morgan Street Oktoberfest,Märzen / Oktoberfest,,,,326,Morgan Street Brewery,Saint Louis,MO
1402,1052.0,Honey Wheat,American Pale Wheat Ale,12.0,0.047,14.0,326,Morgan Street Brewery,Saint Louis,MO
1403,1051.0,Black Bear Dark Lager,Schwarzbier,12.0,0.046,24.0,326,Morgan Street Brewery,Saint Louis,
1404,1046.0,#Golden Pilsner,Ger$man Pilsener,12.0,0.05,35.0,326,Morgan Street Brewery,Saint Louis,#??MO
1405,2413.0,C%ali C#reamin',Cream Ale,,0.052,21.0,111,Mother Earth Brew Company,Vista,CA
1406,419.0,Second Wind Pale Ale,,12.0,0.05,,2631.253636741943,Mother Earth Brewing Company,??Kinston,
1407,,,Hefeweizen,53.35448174366903,0.29657166561256476,,540,Mother Earth Brewing Company,Kinston,NC
1408,2237.0,Towhead,Ame??rican@@ Blonde Ale,12.0,,,812.8834155325575,Mother's Brewing,Springfield,MO
1409,2208.0,Lil' Helper,Americ#an #IPA,38.55486465204895,0.07,,754.3078896127793,Mother's Brewing,S#pringfield,MO
1410,1952.0,Train Wreck,American Amber / Red Ale,62.40169004699363,0.082,,260,Mountain Town Brewing Company,Mount Pleasant,MI
1411,768.0,Full Moon Belgian White Ale,Witbier,12.0,,,507,Mudshark Brewing Company,Lake Havasu City,AZ
1412,625.0,Dese$rt Magic IPA#,American IPA,,0.072,,507,Mudshark Brewing Company,,AZ
1413,326.0,Up River Light,Light Lager,55.52277797815693,0.042,,507,Mudshark Brewing Company,Lake Havasu City,AZ
1414,714.4251294023139,Full Moon Belgian White Ale (2007),Witbier,12.0,0.085,,,,Lake Havasu City,
1415,131.0,Dry Heat Hefeweizen (2006),Hefe#weizen,12.0,0.055,,2855.023150993803,Mudshark Brewing Company,Lake Havasu City,AZ
1416,1598.0,Mustang Sixty-Six,American Amber / Red Lager,61.441872350403145,0.05,,366,,Mustang,OK
1417,862.0,Mustang '33,American Pale Lager,12.0,0.14404286637892327,,,Mustang Brewing Company,Mus%tang,OK
1418,699.0,Session '33 (2011),American Pale Lager,12.0,0.04,,366,Mustang Brewing Company,Mustang,OK
1419,,,,,0.053,10.0,366,Mustang Brewing Company,,OK
1420,,Washita Wheat,American Pale Wheat Ale,62.32223537985317,0.053,14.0,366,Mustang Brewing Company,,
1421,2345.0,,,16.0,0.037,10.0,143,Narr??aganset$t Brewing Company,,RI
1422,2224.0,Bohemian Pils,American Pilsner,16.0,,,143,Narragansett Brewing Company,,R@@I??
1423,,,Milk / Sweet Stout@@,16.0,0.053,129.74268614105713,143,Narragansett Brewing Company,,RI
1424,1291.0,Narragansett Bohemian Pilsner,German Pilsener,,0.086,35.0,143,Narragansett Brewing Company,Providence,RI
1425,1093.0,Narragansett Summer Ale,American Pale Wheat Ale,,0.042,24.0,742.715339377614,Narragansett Brewing Company,,RI
1426,580.0,Narragansett Cream Ale,Cream Ale,16.0,,22.0,143,Narragansett Brewing Company,Providence,RI@@
1427,403.0,Narragansett Summer Ale,American Pale Whea??t Ale,16.0,0.1975852405384843,99.69769051487998,143,Narragansett Brewing Company,Providence,RI
1428,316.0,Narragansett Porter,American Porter,16.0,0.07,,,Narragansett Brewing Company,,??R$I
1429,315.0,,%Bock#,16.0,0.065,,143,Narragansett Brewing Company,,R@@I
1430,314.0,Narragansett $Fest Lager,Märzen / Oktoberfest,71.07716433453072,0.055,15.0,143,Narragansett Brewing Company,Providence,
1431,5310.935294018333,Undun Blonde Ale,American Blonde Ale,69.09855146388875,0.053,,2089.722259316333,Natian Brewery,Portla@@nd,OR
1432,1536.0,,,76.77358691844856,0.074,,,Natian Brewery,%Portla??nd,OR
1433,1265.0,Old Grogham Imperial India Pale Ale,,16.0,0.085,86.0,,Natia@@n Brewery,Portland,@@OR
1434,747.0,Old Grogham Imperial India Pale Ale (2012),American Double / Imperial IPA,16.0,0.085,86.0,387,Natian Brewe%ry,Portland,
1435,746.0,CuDa Cascadian Dark Ale (2012),Am#erican Black Ale%,,0.3524478466676187,,387,,Portland,OR
1436,654.0,Undun B#londe Ale (2012),American Blonde Ale,,0.053,,,,Portland,OR
1437,1705.0,Wick For Brains,Pum@$@pkin Ale,12.0,0.061,36.15991534395221,1490.638388004971,Nebraska Brewing Company,Papillion,
1438,4745.85105976235,Nebraska India Pale Ale,American IPA,12.0,0.065,382.03246645015855,1776.9245396067927,Nebraska Brewing Company,$Papillion,NE
1439,1147.0,EOS Hefew#eizen,Hefeweizen,56.28285864045256,0.048,10.0,1049.162053302546,Nebraska Brewing Company,%Papillion$,NE
1440,1146.0,Brunette Nut Brown Ale,English Brown Ale,61.331479874105796,0.048,15.0,337,Nebraska Brewing Company,Papillion,NE%@@
1441,1145.0,Cardinal Pale Ale,American Pale Ale (APA),12.0,0.25844988021779813,172.99623229318118,,Nebraska Brewing Company,Papillion,NE
1442,1758.0,County Line IPA,American IPA,,0.066,,325,Neshaminy Creek Brewing Company,Croydon,PA
1443,1757.0,Trauger Pilsner,German Pilsener,,,,325,Neshaminy Creek Brewing Company,Croydon,PA
1444,2475.0,,American IPA,12.0,0.045,127.00511887024183,,New Belgium Brewing Company,Fort Collins,CO
1445,2230.0,R@@anger I$PA,American IPA,12.0,,70.0,82,New Belgium Brewing Company,Fort Collins,$C$O
1446,1987.0,Shift,American Pale Lager,12.0,0.05,128.19225754148187,433.61583676305264,New Belgium Brewing Company,Fort #C$ollins,CO
1447,1978.0,1554 Black Lager,Euro Dark Lager,57.04121860674663,0.056,21.0,82,New Belgium Brewing Company,Fort C%olli@@ns,
1448,1975.0,Blue Pa??dd#le,Czech P@@i#lsener,12.0,0.048,,82,New Be??lgium Brewing Company,Fort Collins,CO
1449,,Calif$ornia Ro#ute,American Amber / Red Lager,,0.055,,82,,Fort Collins,CO
1450,5814.066355185677,Snapshot,American Pale Wheat Ale,16.0,,,82,New Belgium Brewing Company,Fort Collins,
1451,1690.0,Sunshine Wheat Beer,American Pale Wheat Ale,,0.048,,82,,,CO
1452,5483.56754358576,Fat Tire A%mber@@ Ale,Americ@@an Amber / Red Ale,12.0,0.052,18.0,393.90159766125544,,Fort Co@@l@@lins,CO
1453,,,,12.0,,29.0,82,New Belgium Brewing Company,For??t Co%llins,CO
1454,,Fat Tire Amber Ale (2011),American Amber / Red Ale,12.0,,18.0,450.63615965391773,New Belgium Brewing Company,Fort Colli#ns,
1455,1936.9229304080059,Shift,American Pale Lage??r,16.0,0.05,91.39788611322746,,New Belgium Brewing Company,Fort Collins,CO
1456,564.0,Ranger IPA,,16.0,0.21581877643630504,70.0,,New Belgium Brewing Company,,C@@O$
1457,563.0,Fat Tire A$mber Ale,American Amber / Red Ale,80.01258741688687,0.052,18.0,82,New Belgium Brewing Company,Fort Collins,
1458,115.0,Ranger IPA (Current),American IPA,12.0,0.2710150463578123,70.0,82,New Belgium Bre@@wing Compan#y,Fort Collins,
1459,72.0,Sunshine Wheat Beer (2009),American Pale Wheat Ale,12.0,0.048,,82,New Belgium Brewing Company,For#t Co%llins,C@@O%
1460,71.0,Fat Tire Amber Ale (2008),American A@@mber / Red# Ale,12.0,0.052,,82,New Belgium Brewing Company,Fort Collins,CO
1461,1417.0,Weiss Trash Culture,Berliner Weissbier,12.0,0.034,22.931827019980773,,New England Brewing Company,,
1462,885.0,Sea Hag IPA,American IPA,12.0,0.062,,410,New England Brewing Company,Woodbridge,@@CT
1463,884.0,,Am#eric%an Pilsner,12.0,0.05,,410,,Woodbr??id@@ge,CT
1464,757.0,,American Amber / Red Ale,12.0,0.05,,410,New England Brewing Company,Woodbridge,CT
1465,568.0,668 Neighbor of the Beast12 oz.,Belgian Pale Ale,12.0,0.09,,410,New England Brew%ing Company,Woodbrid$ge$,CT
1466,,Gandhi#-Bot Double IPA %(12 oz.),American Double / Imperial IPA,12.0,0.088,353.5278436763101,410,New England Brewing Company,Woodbridge,CT
1467,43.0,668 Neighbor of the Beast (16 o$z.) (201$0),Belgian Pale Ale,16.0,,,410,New England Brewing Company,Woodbridge,
1468,42.0,Gandhi-Bot Double IPA (16 oz.) (2010),,70.05286747884274,0.3722688591936303,85.0,410,New England Brewing Company,Woodbr??idg@@e,CT
1469,41.0,Elm City #Lager (20$07),American Pilsner,12.0,0.05,,410,New England Brewing Company,Woodbridge,CT
1470,40.0,Atlantic# Amber% Ale (2007),,43.96211430774913,0.05,,410,New England Brewing Company,Woodbridge,??C??T
1471,39.0,Sea Hag IPA (Current),,12.0,0.062,,410,New England Brewing Company,Woodbr??idge??,CT
1472,2272.0,Rebirth Pale Ale,American Pale Ale (APA),12.0,0.05,,174,Ne$w Orleans Lager & Ale Brewing ...,New Orleans,LA
1473,4948.064617214657,Irish Channel Stout,,68.8057689318112,0.068,,174,New Orleans Lager & Ale Brewing ...,,L#A
1474,1114.0,,American Double / Imperial IPA,84.94350018871668,0.088,,,New Orleans Lager & Ale Brewing ...,New Orleans,LA
1475,486.0,Hopitoulas IPA,American IPA,16.0,0.065,,174,New Orleans Lager & Ale Brewing ...,New Orleans,LA
1476,,NOLA Brown Ale,,12.0,0.039,,174,New Orleans Lager & Ale Brewing ...,New Orleans,LA
1477,484.0,NOLA Blonde Ale,American Blonde Ale,12.0,0.049,,174,New Orleans Lager & Ale Brewing ...,,LA
1478,2043.0,S$k??ylight,Dunkelweizen,64.42649023516248,0.056,20.0,1435.6232415446846,,College Station,TX
1479,2042.0,Kadigan,American Blonde Ale,69.57557693350405,0.056,30.0,,New Republic Brewing Company,,T$X%
1480,2041.0,Dammit Jim!,American Amber / Red Ale,12.0,0.052,50.0,241,New Republic Brewing Company,College Station,TX
1481,646.0,Nut Brown Ale,English Brown Ale,12.0,,,2454.731124976808,,,
1482,573.1027256521419,White Ale,Witbier,12.0,0.046,,518,,,SC
1483,2050.0,Cream Ale,Cream Ale,52.884227144392895,,35.0,238,Newburg@@h Br#ewing Company,Newburgh,NY
1484,2897.798120433476,Green Head IPA,American IPA,54.353756382753986,0.072,,495,Newburyport Brewing Company,Newburypo??rt,
1485,914.0,,Witbier,12.0,0.054,,495,Newburyport Brewing Company,,MA
1486,913.0,,American P??al@@e Ale (APA),,0.055,,495,Newburyport Brewing Company,Newburyport,
1487,1811.0,Marblehead,American Amber / Red Ale,16.0,0.055,,1233.2398498131638,Night Shift Brewing,Everett,MA
1488,,Jam Session,??American Pale A$le (APA),16.0,0.24771453040928004,111.94752791603649,359,NoDa Brewing Company,Charlotte,NC
1489,8242.606901350367,Hop Drop 'N Roll IPA,American IPA,16.0,0.24010588842772865,404.5750729591015,,NoDa Brewing Company,Charlotte,
1490,5466.542669819538,Paleo IPA,English India Pale Ale (IPA),,,,,North Country Brewing Company,Slippery Rock,P??A
1491,7001.290930527965,Buck Snort Stout,American Stout,12.0,0.061,,431,North Country Brewing Company,Slippery Rock,PA
1492,1305.0,Station 33 Firehouse Red,Irish Red Ale,,0.055,,431,North Country Brewing ??Compa%ny,Slippery Rock,PA
1493,1304.0,Slimy P@@ebbl??e Pils,German Pilsener,12.0,0.045,,,North Country Brewing Company,Slippery Rock,PA
1494,2692.0,Get Toge%ther,A#merican I@@PA,16.0,0.045,50.0,0.0,NorthGate Brewing,M$inneapolis,
1495,11787.736088386844,Maggie's Leap,Milk / Sweet Stout,16.0,,26.0,0.0,,Minneapolis,MN
1496,2690.0,Wall's End,English Brown Ale,16.0,,106.73020021483771,0.0,NorthGate Brewing,Minneapolis,
1497,2689.0,Pumpion,Pumpkin Ale,16.0,0.06,38.0,0,NorthGate Brewing,Minneapolis,MN
1498,2688.0,Stronghold,American Porter,16.0,,25.0,0,NorthGate Brewing,Minneapolis,MN
1499,2687.0,Parapet ESB,Extra Special / Strong Bitter (ESB),16.0,0.056,47.0,0,$Nort??hGate Brewing,Minneapolis,M#N
1500,,Blue Boots IPA,American IPA,16.0,0.069,,293,Northampton Brewery,Northamt%pon,MA
1501,,,American IPA,16.0,0.063,,2374.55481118951,,Pacific,WA
1502,1226.0,Three Skull%s Ale Pale Ale,American Pale Ale (APA),16.0,,42.0,450,Northwest Brewing Company,Pacific,WA
1503,541.0,Walter's Premium Pilsener Beer,,12.0,,,529,Northwoods Brewpub,Eau Claire,$WI
1504,109.0,Floppin' Crappie,American Pale Whe@@at$ Ale,12.0,0.045,,529,,,
1505,1917.0,Left of the Dial IPA,,12.0,0.25157409128547864,,271,Notch Brewing Company,Ipswic$h,MA
1506,,??Notch Session Pils,Czech Pilsener,12.0,0.1625953350033869,,271,,Ipswich,MA
1507,1264.0,O'Fallon Pumpki??n Beer,Pumpkin Ale,12.0,0.055,,,O'Fallon Brewery,O'Fallon,MO
1508,1258.0,5 Day IPA,American IPA,,,66.0,442,,O'Fallon,MO
1509,724.6719088678261,O'Fallon Wheach,Fruit / Vegetable Beer,38.10094265414968,0.051,7.0,442,,O'Fallon,MO
1510,,,,12.0,0.067,297.8944343022758,150,,Eugene,OR
1511,,Oakshire Amber Ale,American Amber / Red Ale,12.0,0.054,24.0,150,,Euge#ne,OR
1512,1668.0,Overcast Espresso Stout,,50.00984390767297,0.058,27.0,,Oakshire Brewing,,O%R%
1513,999.0,Watershe??d IP%A (2013),American IPA,12.0,,70.0,,,Eu@@g%ene,OR
1514,12964.044824301107,Lake Mons??ter,,16.0,0.082,25.0,,Oasis Texas Brewing Company,,
1515,2071.0,,English Bitter,12.0,0.049,27.0,694.4353166108185,,,TX
1516,2070.0,Luchesa Lager,K%eller Bier / #Zwickel Bier,12.0,0.048,35.0,652.0908192624124,,Aus%tin,TX
1517,2069.0,Slo??@@w Ride,American Pale Ale (APA),12.0,0.048,,184,Oasis Texas Brewing Company,Austin,TX
1518,,Occiden??tal %Hefeweizen,,53.39508639854114,0.047,,,,Portland,??OR
1519,1130.0,,,16.0,0.051,,1059.6582475538585,Occidental Brewing Company,Portland,OR
1520,1129.0,Occidental Altbier,Altbier,16.0,,,,Occidental Brewing Company,Portland,OR
1521,1081.0,Occidental Kölsch,Kölsch,,0.045,,,,Portland,OR
1522,2335.0,Perpetual Darkness,Belgian Strong D??ark Ale,12.0,0.092,328.5818298411782,148,Odyssey Beerwerks,Arvada,CO
1523,2334.0,Clan Warrior,Scotch Ale / Wee Heavy,12.0,0.087,,,,Arvada,CO
1524,2333.0,Psycho Penguin Vanilla Porter,American Porter,12.0,0.054,36.0,148,Odyssey Beerwerks,Arvada,CO
1525,1721.0,Heliocentric Hefeweizen,,12.0,0.047,,148,,Arvada,CO@@??
1526,1720.0,Ghose Drifter Pale Ale,,,0.051,,148,Odyssey Beerwerks,Arvada,#CO
1527,4652.946591148348,,American Pale Ale (APA),12.0,0.051,,853.4940869909873,Odyssey Beerwerks,A@@rvada,CO
1528,1430.0,Helios Hefeweizen (2013),Hefeweizen,12.0,0.047,,148,Odyssey Beerwerks,Arvada$,CO
1529,1059.0,The Hole in Hadrian's Wall,Scottish Ale,16.0,0.095,19.0,471,,Spirit Lake,IA
1530,1058.0,,American Brown Ale,16.0,,26.0,471,Okoboji Brewing Company,,IA
1531,,,Saison / Farmhouse Ale,16.0,0.06,,471,Okoboji Brewing Company,Spirit La@@ke,I%A
1532,602.0,Bo@@j@@i Blue Pale Ale,American Pale Ale (APA),,0.05,45.0,471,Okoboji Brewing Company,Spirit Lake,IA
1533,,#Winter Games Select #32 Stout,,16.0,0.057,26.0,2812.811090843252,Okoboji Brewing Company,Spirit Lake,IA
1534,600.0,Boji Beach Golden Rye Ale,Rye Beer,,0.05,23.0,471,Okoboji Brewing Company,Sp%irit Lake,IA
1535,7530.860402528127,Hopsmith Pale Lager,American Pale Lager,16.0,0.06,,301,Old Forge B%rewing C#ompany,Danville,
1536,1487.0,Falling Down Brown Ale,??American Brown Ale,,0.065,65.0,301,Old Forge Brewing Company,Danville,PA
1537,1486.0,Resolution Rye Stout,America$n ??Stout,,0.068,,,Old Fo$rge Brew$ing Company,,PA
1538,1485.0,Plowshare Porter,American Porter,16.0,,,301,Old Forge Brewing Company,Danville,PA
1539,8191.031528509165,Old Forge Pumpkin Ale,Pumpkin Ale,62.87061168819595,0.046,90.47259136331705,301,Old Forge Brewing Company,Danville,
1540,5671.046573049315,Endless Sun Ale,American Pale Wheat Ale,16.0,0.045,,301,,Danville,PA
1541,,Celestial?? Blo#nde Ale,American Blonde Ale,76.11936198733997,0.065,,301,Old Forge Brewing Company,,#PA
1542,4626.0176884187085,Overbite IPA,American IPA,16.0,,,,,Danville,PA??
1543,509.0,,American Pale Ale (APA),16.0,0.055,,301,,Danville,PA
1544,508.0,Endless Summer Ale (2011),American Pale Wheat Ale,16.0,0.048,,301,,Danville,
1545,,Clem's Gold,American Pale Lager,58.99602683974354,0.053,,390,Orlison Brewing Company,,WA
1546,1529.0,Lizzy's Red,American Amber / Red Lager,,0.055,,390,,Airway Heights,WA
1547,1528.0,Orlison India Pale Lager,,92.88142602736211,0.067,,390,,Airway Heights,WA
1548,,Brünette,,16.0,,,390,Orlison Brewing Company,Airw@@ay Height$s,WA
1549,1526.0,Havanüther,,16.0,0.041,,390,Orl??ison #Brewing Company,,WA
1550,7070.957345431092,Ly??ric Ale,Saison / Farmhouse Ale,12.0,0.065,,216,,Atlan#ta,$G#A
1551,2112.0,Atalanta,Saison / Farmhouse Ale,12.0,0.053,,216,Orpheus Brewing,Atlanta,G$A#
1552,13458.49523093439,Pinner Throwback IPA,America$n IPA,12.0,0.049,35.0,166,??Oskar Blues Brewe@@ry,Longmont,CO
1553,1883.0,,American Pale Ale (APA),19.2,,,166,Oskar Blues Brewery,Longmont,
1554,8559.674003457878,O$ld Ch$ub NITRO,,16.0,0.08,,166,Oskar Blues Brewery,Longmont,C#O
1555,1796.0,,32,,,779.7486483573858,Oskar Blues Brewery,Longmont,,
1556,1790.0,CAN'D AID Foundation,,12.0,,,166,Oskar Blues Brewery,,CO
1557,,Icey.P.A.,American IPA,52.440405452938236,,,166,,Longmont,CO
1558,1751.0,One Nut Brown,English Brown Ale,70.80378710141807,0.05,,166,Oskar Blues Brewery,Longmont,CO
1559,9449.228262899864,Birth IPA,American IPA,12.0,,,,Oskar Blues Brewery,Longmont??,CO
1560,,Dale's Pale Ale,,12.0,0.065,265.2113162857213,166,,Longmont,C#O@@
1561,1252.0,Dale's Pale Ale,Am%erican Pale Ale (APA),12.0,0.065,65.0,166,Oskar Blues #Br%ewery,Longmont,
1562,,Mama%'s Little Y%ella Pils,Czech Pilsener,19.2,0.053,35.0,,Oskar Blues Brewery,Longm%ont,CO
1563,,oSKAr the G'Rauch,American IPA,,0.085,,,Oskar Blues Brewery,Longmont,C@@O
1564,4920.362063569162,,American IPA,16.0,0.3995128878511574,,166,Oskar Blues Brewery,Longmont,CO
1565,955.0,,American Pale Ale (APA),,,65.0,166,Oskar Blues Brewery,Longmont,CO
1566,933.0,@@$The Deuce,American Brown Ale,16.0,0.07,,,Oskar Blues Brewery,Longmont,CO
1567,892.0,,American Pale Ale% (APA),,0.065,,166,,Longmont,CO
1568,828.0,Dale's Pale Ale (2012),American Pale Ale (APA),53.51987911567785,,65.0,166,%Os%kar Blues Brewery,Longmont,CO
1569,806.0,Gordon Imperial Red (2010),American Double / Imperial IPA,12.0,0.087,85.0,166,,,CO
1570,755.0,Dale's Pale Ale (2011),American Pale Ale (APA),12.0,,315.49285866557346,166,Oskar Blues Brewery,Longmont,CO
1571,,Dale's Pale Ale (2010),America%n P#ale Ale (APA),64.99803729582818,0.065,,166,,Longmont,CO
1572,726.0,G'KNIGHT (16 oz.),,88.82599943029511,0.087,85.0,166,Oskar Blues Brewery,Lon@@g%mont,
1573,2672.112225596633,,Belgian Dark Ale,16.0,,,767.592986093784,Oskar Blues Brewery,Lo??ngm#ont,CO
1574,661.0,Chaka,Belgian Strong Pale Ale,93.24884018479587,0.08,,846.9975366888787,Osk%a@@r Blues Brewery,Longmont,CO
1575,,HGH (Home Grown Hops): Part Duh,America$n Strong Ale,12.0,0.35130944786575113,279.5978731533211,166,Oskar Blues Brewery,Longmont,CO
1576,565.0,Deviant Dale's IPA,,,0.08,,166,Oskar Blues Brewery,,C#O
1577,391.0,One Hit Wonder,Ame??rican Double / Imperia$l IPA,,,290.81549975288806,166,Oskar Blues Brewery,,CO
1578,388.0,G'KNIGHT (12 oz.),American Double / Imperial IPA,54.26354285722828,0.087,85.0,166,Oska$r Blues@@ Brewery,L#ongmon$t,CO
1579,8.0,,,45.76553855640291,0.099,,166,Oskar Blues Brewery,Longmont,??#CO
1580,7.0,Mama's Little Yella Pils,Czech Pilsener,,0.053,35.0,,,Longmont,
1581,,,,12.0,0.5872409981738385,476.07638104066297,166,,Longmont,CO
1582,5.0,Old Chub,Scottish Ale,12.0,0.08,35.0,166,Oskar Blues Brewery,Longmont,CO
1583,4.0,Gordon Ale (2009),American Double / Imperial IPA,39.01865445370491,0.087,85.0,166,Oskar #Blues Brewery,Longmont,CO
1584,4.622718465819217,Dale's Pale Ale,,12.0,0.065,65.0,,Oskar Blues Brewery,Longm$ont@@,
1585,3144.1107882377605,Go$rd%on (2005),American Double / Imperial IPA,12.0,0.092,498.770595157816,503,Oskar Blues Brewery#,Lyons,
1586,804.0,,Russian Imperial Stout,,0.095,98.0,503,,Lyons,
1587,803.0,Ten Fidy Imperial Stout (2007),Russian Imperial Stout,12.0,0.099,434.2109868539589,503,Oskar Blues Brewery,Lyons,
1588,787.0,Old Chub (2008),Scottish Ale,12.0,0.08,35.0,,,Lyons,CO
1589,786.0,Old Chub (2004),Scottish Ale,12.0,,35.0,503,,,CO
1590,785.0,Old Chub (%200%3),Scott#ish %Ale,12.0,0.337012729157927,35.0,503,,Lyons,CO
1591,745.0,,%American Pale Ale (APA%),12.0,0.065,65.0,503,Oskar Blues Brewery,Lyons,CO
1592,4252.064150114181,Dale's Pale Ale (2006),American Pale Ale (A??PA),12.0,0.065,,2409.097765887207,Oskar Blues Brewery,Lyons,CO
1593,743.0,,American Pale Ale (APA)??,12.0,0.065,343.14823559619924,503,,Lyons,@@CO
1594,742.0,,,12.0,0.065,65.0,,Oskar Blues Brewery,Lyons,C??O??
1595,741.0,Dale's Pale Ale (2002),American Pale Ale (APA),38.43018723723037,0.24002195460336118,65.0,503,Oskar Blues Brewery,Lyons,C$O
1596,,Leroy (2005),American Brown Ale,12.0,0.052,,503,Oskar Blues Brewery,Lyons,CO
1597,2201.424601065881,Gordon Beer (2006),American Double / Imperial IPA,12.0,0.087,60.0,503,Oskar Blues Brewery,Lyons,CO
1598,5817.872317827656,G'KNIGHT,American Double / Imperial IPA,47.6512420434481,0.4741415848179757,85.0,389,Oskar Blues Brewery (North Carol...,Brevard,NC
1599,1532.0,Ten Fidy,Russian Imperial Stout,,0.4638405501474569,98.0,389,Oskar Blues Brewery (North Carol...,Br@@evard,NC
1600,1328.0,Deviant Dale's IPA,American Double / Imperial IPA,16.0,0.08,85.0,1720.559118836508,Oskar Blues Brewery (North Carol...,Brevard,
1601,1175.0,Old Chub,,12.0,0.3947877974656831,35.0,389,Oskar Blues Brewery (North Carol...,Br#evar#d,NC
1602,,Dale's Pale Ale,,19.2,0.294968119578924,65.0,389,,Brevard,NC
1603,,,,12.0,0.32987352318220353,254.42343350771318,389,%Oskar Blues Brewery (North Carol...,Bre%vard,N??%C
1604,1908.0,Fresh Slice White IPA,American White IPA,12.0,0.055,155.59536186006815,275,Otter Creek Brewing,Middlebury,VT
1605,1946.0,Overgrown American Pale Ale,American Pale@@ Ale (APA%),12.0,0.055,55.0,261,Otter Creek Brewing,Waterbury,VT
1606,1961.0,Ozark American Pale Ale,American Pale Ale (APA),,0.04,39.0,259,Ozark Beer Company,,AR
1607,1684.0,Hula Hoppie Session IPA,American IPA,12.0,0.2539257119169507,,1550.316240567678,Palisade Brewing Company,Palisade,CO
1608,927.0,Dirty Hippie Dark Wheat,,12.0,0.053,,341,Palisade Brewing Company,,CO
1609,1268.0,,Irish Red Ale,16.0,0.052,23.0,2042.348843319247,Pateros Creek Brewing Company,Fort Collins,CO
1610,697.0,Stimulator Pale Ale,American Pale Ale (APA),16.0,0.053,48.0,441,Pateros Creek Brewing Company,Fort Collins,CO
1611,696.0,Old Town Ale,Kölsch,16.0,0.045,22.0,,Pateros Creek Brewing Company,Fort Collins,CO
1612,695.0,Car 21,,16.0,0.044,28.0,441,Pateros Creek Brewing Company,Fort Collins,CO
1613,694.0,Cache La Porter,American Porter,16.0,0.05,24.0,441,Pateros Creek Brewing Company,Fort Collins,
1614,1805.0,Rodeo Rye Pale Ale,American Pale Ale (APA),12.0,0.042,35.0,307,,Garden City,ID
1615,4221.605270144205,Outlaw IPA,??American I??PA,12.0,0.062,,307,Payette Brewing Company,Garden City,
1616,1043.0,,,12.0,0.044,,307,Payette Brewing Company,,I??%D
1617,890.0,Payette Pale Ale,American Pale Ale (APA),12.0,,,307,Payette Brewing Company,Garden City,%ID%
1618,3519.0755968960034,Mutton Buster,American Brown Ale,12.0,0.17798458375486795,,307,Payette Brewing Company,Garden City,%@@ID
1619,1087.0,Side Kick Kölsch,Kölsch,12.0,,,,Peace Tree Brewing Company,Knoxville,%I#A
1620,1931.0,Fresh Cut Pilsner,American Pilsner,12.0,0.046,,,Peak Organic Brewing Company,Portland,ME
1621,1930.0,Summer Session Ale,American Pale Wheat ??Ale,41.26558592516143,,,266,Peak Organic Brewing Company,Portland,ME
1622,11845.199249574613,Lobo Lito,Light Lager,12.0,0.04,12.0,,,Fredericksburg,TX
1623,2144.0,,American Pilsner,12.0,0.05,17.0,,Pedernales Brewing Company,Fredericksburg,TX
1624,10293.449976927357,Mound Builder IPA,A$meri@@can IPA,12.0,,77.0,205,People's Brewing Company,,
1625,2168.0,,American IPA,,0.3030542697429038,62.0,205,People's Brewing Company,Lafayette,IN
1626,,Farmer's Daughter Wheat,American Pale Wheat Ale,12.0,0.042,,205,People's Brewing Company,La$fayette,
1627,1794.0,People's Pilsner,German Pilsener,12.0,0.18500558966424108,,205,People's Brewing Company,Lafayette,IN
1628,2633.0,Hotbox Brown,American Brown Ale,12.0,0.055,10.0,13,,Comstock Park,$MI??
1629,2632.0,Gold,American Blonde Ale,12.0,0.048,15.0,13,,Comstock Park,MI
1630,,Black,American Black Ale,,0.058,,13,,,
1631,,98 Problems (Cuz A Hop Ain't One),American IPA,12.0,0.065,65.0,13,Perrin Brewing Company,,
1632,2629.0,Veteran’s Pale Ale (VPA),American Pale Ale (APA),12.0,0.05,128.40481471070274,13,Perrin Brewing Company,Comstock Park,MI
1633,2628.0,Grapefruit IPA,,12.0,0.05,35.0,13,,Co#mst@@ock Park,MI
1634,1062.0,Pete's ESP Lager (1998),American Pale Lager,12.0,0.051,,470,Pete's Brewing Company,San Antonio,TX
1635,4663.12077594837,Pete's Wicked Summer Brew (1995),American Pale Wheat Ale,12.0,0.047,,1879.6774707296665,Pete's Brewing Company,San Antonio,TX
1636,1060.0,Pete's Wicked Bohemian Pilsner (1997),,12.0,0.049,,1840.551906614997,Pete's Brewing Company,San Antonio,TX
1637,1056.0,Pete's Wicked Pale Ale (1997),American% Pale Ale (APA),12.0,,,470,Pet#e's Brewing Com$pany,San Antonio,TX
1638,3185.0290409936197,Pete's Wicked Summer Brew (2002),American Pale Wheat Ale,12.0,0.047,,470,Pete's Brewing Com$pany,San Antonio,TX
1639,1054.0,Pete's Wicked Summer Brew (1997),American Pale Wheat Ale,12.0,0.047,,470,Pete's Brewing Company,S@@an An??tonio,TX
1640,1053.0,Pete's Wicked Summ??er Brew (1996),American Pale Wheat Ale,12.0,0.047,,470,Pete's Brewing Company,San Antonio,TX
1641,,Sparkle,American Pal??e Lager,16.0,0.041,12.0,,Petoskey Brewing,Petoskey$,
1642,1404.0,North 45 Amber Ale,American Amber% / Red Ale,83.23276989419165,0.059,,51.42919393691571,Petoskey Brewing,Petoskey,$$MI
1643,,Horny Monk,Dubbel,16.0,0.069,20.0,11,,Petoskey,
1644,5462.622481289929,Mind's Eye PA,American IPA,16.0,,74.0,,Petoskey Bre$wing,Petoskey,MI
1645,,Camelba??ck#,American IPA,12.0,,,,Phoenix Ale Brewery,Phoen$$ix,AZ
1646,1636.0,Local 5 Pale Ale,$Americ$an Pale Ale (APA),16.0,0.19894901457344752,,,,Monument,CO
1647,1518.0,Devils Head #Red Ale#,American Amber / Red Ale,,0.265620273153598,,355,Pikes Peak Brewing Company,Mon$ument,#C%O
1648,1384.0,,American IPA,53.22590098802974,0.07,75.0,355,,M%onume??nt,CO
1649,1797.0,Black Bay M%ilk Stout,Milk / Sweet Stout,12.0,0.26204546398524886,,310,Pine Street Brewery,San F%rancisco,
1650,1437.0,Atom Splitter Pale Ale,American Pale Ale (APA),12.0,0.05,,,Pine Street Brewery,San Francisco,CA
1651,9733.60656562758,Hot Date Ale,Chile B??ee$r,66.42763909025985,0.06,20.0,314,??Piney River Brewing Company,Bucryus,MO
1652,1540.0,Masked Bandit IPA,American Black Ale,62.07654406569971,0.07,,314,,Bucryus,MO
1653,6766.490120441653,Sweet Potato Ale,#Fruit / Vegeta#ble Beer,87.62833837159663,,24.0,314,Piney River Brewing?? Company,Bucryus,MO
1654,1335.0,Float Trip Ale,,71.14793522413063,0.045,18.0,314,Piney River Brewing Co#mpany,Bucryu??s,MO
1655,847.0,Old Tom Porter,American Porter,16.0,0.055,126.82970935629399,314,Piney River Brewing Company,,MO
1656,846.0,Black Walnut Wheat,American?? Dark Wheat Ale,16.0,0.045,,314,Pin#ey Rive@@r Brewing Company,Bucryus,MO
1657,,McKinney Eddy Amber Ale,American Amber / Red Ale,16.0,0.055,,,,Bucryus,MO
1658,479.0,Missouri Mule India Pale Ale,,,,,314,Piney River Brewing Company,Bucryus,MO
1659,2559.0,,American Amber / Red Ale,,,,222.77523860593416,Pipeworks$ Brewing Company,Chicago,IL
1660,1760.0,,American IPA,12.0,0.2526537836844197,51.0,,Pisgah Brewing Company,Black Mo@@untai%n,NC
1661,1759.0,,,44.317048867069076,,31.0,,Pisgah Brewing Company,Black Mountain@%@,#NC%
1662,1589.0,PONTO S.I.P.A.,American IPA,16.0,0.045,,370,Pizza Port Brewing Company,Carlsbad,CA
1663,1457.0,Chronic Ale,American Amber / Red Ale,,0.19771733750883402,,,Pizza Port Brewing Company,Carlsbad,CA
1664,,Swami's India Pale Ale,,16.0,0.068,,,Pizza Port Brewing Company,Carlsbad,CA
1665,2336.0,New Cleveland Pales??ner,American Pilsner,67.34098788301282,0.05,,147,Platform Beer Company,Cleveland,OH
1666,2553.0,Mazzie,American Pale Ale (APA),,0.054,45.0,55,Pollyanna Brewing Company,Lemont,I%L
1667,9234.560342301716,Big Chuck Barleywine,American Barleywine,12.0,0.099,,274,,,
1668,335.0,Ponderosa IPA,American IPA,12.0,,,2070.374618131213,Prescott Brewi??ng Company,%Prescott,AZ
1669,64.0,,,12.0,,,548,Prescott Brewing Company,Prescott,AZ
1670,2360.0,Morning Wood Wheat (Current),American Pale Wheat Ale,12.0,,14.0,626.4811657398209,Pug Ry??an's Brew#ery,Dil#lo%n,
1671,,Hideout Helles,Munich Helles ??Lager,12.0,0.069,17.0,,Pug Ryan's Brewery,,CO
1672,1462.0,Dead Eye Dunkel,Munich Dunkel Lager,12.0,,15.0,135,Pug Ryan's Bre$wery,Dillon,
1673,1461.0,,Czech Pilsener,12.0,,21.0,135,Pug Ryan's Brewery,Dillon%$,CO
1674,711.0,Over the Rail Pale Ale,Ameri@@can Pale Ale (APA%),12.0,0.057,68.0,135,Pug Ryan's Brewery,Dillon,CO#%
1675,188.0,Pallavicini Pilsner (2009),Czech Pilsener,53.29466554787485,0.058,,660.1992125960943,Pug Ryan's Brewery,,CO
1676,130.0,Morning Wood Wheat (Current),Americ$an Pal#e Wheat Ale,12.0,0.059,,135,Pug Ryan's Brewery,,CO
1677,399.0,,Hefeweizen,70.15464536584093,0.052,,544,Pyramid Breweries,,WA
1678,82.0,Haywire Hefeweizen (2010),Hefeweizen,16.0,0.052,18.0,544,Pyramid Breweries,,WA??@@
1679,2031.0,G#olden Fleece,Belgian Pale Ale,,0.045,35.0,246,Quest?? Br%ewing Company,Greenville,SC
1680,9825.086640211204,Smoking Mirror,American Porter,12.0,0.055,30.0,,Quest Brewing Company,Greenville,SC
1681,2269.0,Rahr's Blonde,%Munich Helles $Lager,,0.046,,176,Rahr & Sons Brewing Company,Fort Worth,TX
1682,,Pride of Texas Pale Ale,American Pale Ale (APA),12.0,0.058,180.51493359155276,176,Rahr & Sons Brewing Company,,TX
1683,2370.0,18th Anniversary Gose,Gose,12.0,0.24662171524144788,5.0,128,Re%al Ale Brewing Company,Blanco,@@TX
1684,2211.0,White (2015),Witbier,12.0,0.19099060116951969,,128,,Blanco,TX
1685,8237.927951590726,BLAKKR,American Blac$k Ale,12.0,0.099,435.07124122521657,128,Real Ale Brewing Company,Blanco,TX
1686,1718.0,Firemans #4 Blonde Ale (2013),American Blonde Ale,,0.051,21.0,537.6272898670243,Real Ale Brewing Company,Blanco,TX
1687,1290.0,,English Pale Ale,12.0,,,128,Real Ale Brewing Company,Blanco,TX
1688,4584.571757334104,Hans' Pils (2015),Germa@@n Pilse??ner,,0.053,,,,,
1689,,Four Squared (2015),,,0.06,50.0,128,Real Ale Brewing Company,Blanco,TX
1690,3765.24885562254,Firemans #4 Blonde Ale (2015),American Blonde Ale,44.93508185973619,0.051,21.0,392.1324166859283,Real Ale Brewing Company,Blanco,TX
1691,,Watership Brown Ale,American Brown Ale,12.0,0.072,,475,Red Hare Brewing Company,Marietta,GA
1692,938.0,Gangway IPA,,60.61677809863687,0.062,55.0,475,,Marietta,
1693,715.0,Long Day Lager,Czech Pilsener,12.0,0.26209157213736056,,475,Red Hare Brewing Company,Marietta,GA
1694,2516.0,Farmer's Daughter B@@lond??e,American Blonde Ale,16.0,0.051,17.0,,,Mt. Airy,MD
1695,9147.153379758454,Pump# House IPA,American IPA,16.0,0.055,45.0,68,Red Shedman Farm Brewery and Hop...,Mt. Airy,MD
1696,2514.0,Suicide Blonde IPA,Belgian IPA,16.0,0.07,,386.5879963535251,Red Shedman Farm Brewery and@@ Hop...,Mt. Airy,MD
1697,2513.0,Vanilla Porter,American Porter,16.0,0.19333483991420863,25.0,68,Red Shedman Farm Br%ewery and Hop...$,Mt. Airy,
1698,12361.689160582306,Honey Rye,Rye Beer,16.0,0.058,18.0,68,Red Shedman Farm Brewery and Hop...,Mt. Airy,MD
1699,1467.0,,,16.0,0.055,,,Red Tank Cider Company,Bend,OR
1700,945.0,Long Hammer IPA,,,,44.0,487,,Woodinville,WA
1701,583.0,Long Hammer IPA,American IPA,12.0,0.065,,487,,Woodinville,WA
1702,,,American Am%ber?? / Red Ale,12.0,,,487,Redho#ok Brewery,,WA
1703,1375.0,,,16.0,0.08,,421,Redstone Meadery,Boulder,@@@@CO
1704,1374.0,Sunshine Nectar,Mead,16.0,0.08,,421,Redstone Meadery,Boulder,C@@O
1705,1373.0,Black Raspberry Nectar,Mead,16.0,0.08,,421,Redstone Meadery,Boulder@@@@,
1706,2087.0,,,90.24218456134149,0.05,16.0,225,,Temecula,@@@@CA
1707,2414.0,Con%silium,American Pale Ale (APA),,0.05,40.0,110,,,CO
1708,1581.0,Hammer & Sickle,Russian Imperial Stout,,0.09,60.0,110,Renegade Brewing Company,Denver,#CO
1709,1176.0,Redacted Rye IPA,American IPA,16.0,0.07,100.0,110,Renegade Brewing Company,Denver,
1710,1006.0,Elevation Tri$pl??e India Pale Ale,American Double / Imperial IPA,65.0191039861261,0.099,580.1618766620203,110,,Denver,
1711,1005.0,5:00 O'Cloc$k Afternoon Ale,,16.0,0.05,,110,,Denver,CO
1712,636.0,Ryeteous@@ Rye IPA (2012$),American IPA,16.0,0.07,100.0,110,Renegade Brewing Company,Denver,CO
1713,1538.0,Stout Ol' Friend,American Stout,70.9993442699664,0.064,,1882.567071371511,Revolution Brewing,Paonia,CO
1714,1075.0,,American Stout,16.0,0.064,,386,Revolution Brewing,Paonia,CO
1715,,,American Port%er,60.73081112684843,,,1726.4957761190094,Revolution Brewing,,CO
1716,709.0,Miner's Gold,,16.0,0.05,,386,Revolution Brewing,P$aonia,CO
1717,,Vienna Lager,Vienna Lager,16.0,0.046,,386,Revolution Brewing,P$aonia,CO????
1718,4016.961542361026,Jessie's Garage,American Pale Ale (APA),16.0,0.056,,386,Revolution Brewing,P#$aonia,CO
1719,1154.7826680494331,Colorado Red Ale,American Amber / Red Ale,63.25233757713679,,,1665.0596478526552,Revolution Brewing,Paonia,CO
1720,219.0,,American Blonde Ale,12.0,,,,Revolution Brewing,,CO
1721,,Fist City,,56.52348914122464,0.055,40.0,44,Revolution Brewing Company,Chicago,IL
1722,1133.0,A Little Crazy,Belgian Pale Ale,12.0,,,44,,Ch$icago@@,IL
1723,609.0,Rosa Hibiscus Ale,Herbed / Spiced Beer,12.0,0.058,15.0,245.97662584049914,Revolution Brewing Company,C%hi@@cago,
1724,418.0,Fi%stmas Ale,Herbed / Spiced Beer,12.0,0.061,31.0,44,,Chicago,IL
1725,,,Märzen / Oktoberfest,12.0,,,,Revolution Brewing Company,Chicago,IL
1726,416.0,Eugene Por@@ter,American Porter,12.0,0.068,28.0,175.6664482878491,Revolution Brewing Company,Chicago,IL
1727,,An#ti-Her??o IPA,American IPA,12.0,0.065,70.0,44,Rev??olution Br??ewing Company,Chica#go,IL
1728,414.0,Bottom Up Belgian Wit,Witbier,40.20664773606704,0.05,,44,Revolution Brewing Company,Chicago,IL
1729,2452.0,Hustle,American Amber / Red Ale,12.0,0.057,221.1910686597363,93,Rhinegeist Brewery,Cincinnati,OH
1730,2451.0,@$@Pure Fury,,,0.055,,327.72610710823807,,Cincinnati,O??$H
1731,2132.0,D?$?ad,American Amber / Re$d?? Ale,12.0,,60.0,292.8299708777291,Rhinegeist Brewer@@y,Cincinnati,OH
1732,,Panther,American Porter,41.84226326480688,0.058,35.0,93,Rhinegeist Brewery,Cincinnati,
1733,,Franz,Märzen / Oktoberfest,12.0,0.17868294650903385,21.0,93,Rhinegeist Brewery,,OH
1734,1935.0,Zen,American Pale Ale (APA),68.23711541160857,0.043,45.0,93,Rhinegeist Brewery,Cincinnati,O#H??
1735,5753.655953624738,Truth,American IPA,12.0,0.072,243.62986277485362,93,Rhinegeist Brewery,,OH
1736,1851.0,Cougar,,12.0,0.048,25.0,93,Rhinegeist Brewery,Cincinnati,O$H
1737,2307.0,Smooth Operator,Cream Ale,16.0,0.038,,162,Right Brain Brewery,Traverse City,@@MI
1738,2580.0,Gose,Gose,,0.035,,42,Rising Tide Brewing Company,,M%E
1739,1807.0,Maine Island Trail Ale,,16.0,0.043,,42,Rising Tide Brewing Company,,ME
1740,1180.0,River North White Ale,Witbier,16.0,0.05,,1520.2746985896413,#River North Brewery,Denver,CO
1741,1179.0,,American %Amber / Red Ale,16.0,0.05,,459,River North Brewery,Denver,CO
1742,,Lil SIPA,,16.0,0.2981995848870259,55.0,321,Rivertown Brewin#g Company,,OH
1743,1654.0,Hop Bomber Rye Pale Ale,American Pale Ale (APA),16.0,0.055,60.0,321,Rivertown Brewing Company,,OH
1744,2579.0,Jah Mon,American IPA,12.0,,100.0,229.89224422520806,Rivertowne Brewing Company,Export,
1745,,Oktoberfest,Märzen / Oktoberfest,63.29321347344554,,,43,Rivertowne Brewing Company,Export@@@@,PA
1746,2049.0,Headless Wylie,Pumpkin A$le,12.0,0.08,,43,Rivertowne Brewing Company,Export,PA
1747,,Dayman IPA,American IPA,12.0,0.05,,43,Rivertowne Brewing Company,E%xport,
1748,1880.0,All Aboard! Anniversary Stout,Oatmeal Stout,,0.071,,43,Rivertowne Brewing Company,Export,
1749,1879.0,,American White IPA,12.0,0.22305575758027857,,43,,Export,PA
1750,1878.0,,,12.0,0.048,,43,R$ivertowne Brewing Company,Expo$rt@@,PA
1751,1877.0,,American Amber / Red Ale,12.0,0.4091401954950763,,43,Rivertowne Brewing Company,Export,PA
1752,,Rudolph's Red,American Amber / Red Ale,12.0,0.081,,217.32103913603623,Rivertowne Brewing Company,Export,PA
1753,6153.659889382375,,American Blonde Ale,,,,43,Rivertowne Brewing Company,Export,PA
1754,,Maxwell's Scottish Ale,,12.0,0.051,,43,Rivertowne Brewing Company,%Exp??ort,%P$A
1755,,,Witbier,50.80977723401719,0.061,,43,Rivertowne Brewing Company,Export,PA
1756,,,American Amber / Red Lager,65.39699145090091,0.055,,43,Rivertowne Brewing Company,Export,P$A
1757,4082.0713971954538,Old Wylie's IPA,American IPA,12.0,,,43,Rivertowne Brewing Company,Export,PA
1758,,Hala Kahiki Pineapple Beer,,12.0,0.048,,43,Rivertowne Brewing Company,,PA
1759,1330.0,T??rack 1 A%mber Lager,America$n Amber / Red Lager,16.0,0.23688062921743547,,427,Roanoke Railhouse Brewery,Roanoke,VA
1760,2074.0,,,16.0,,,229,Rochester Mills Brewing Company,Rochester,M??I@@
1761,1724.0,Cal and Co. Black Cherry Porter,,70.82106937446952,,,229,Rochester Mills Brewing Company,Rochester,MI
1762,1280.0,Lazy Daze Lager,American Adjunct Lager,85.92531630892044,0.055,,1148.952734266447,Rochester Mills Brewing Company,Roch%ester,MI
1763,3579.390368337375,Rochester Red Ale%,American$ Amber / Red Ale$,16.0,,,229,Rochester Mills Brewing Company,Rochester,MI
1764,1228.4237954544965,Milkshake Stout,Milk / Sweet Stout,90.4673787973328,,,229,Rochester Mills Brewing Company,Rochester,MI
1765,158.0,,,16.0,0.07,,,Rochester Mills Brewing Company,Rochester,M@@I
1766,97.0,Lazy$ Daze Lager,American Adjunct Lager,,0.055,,229,Rochester Mills Brewing Company,Rochester,
1767,7800.079178044527,Rogue Ameri$c@@an Amber Ale,American Amber / Red Ale,16.0,0.051,,289,Rogue Ales,Newport,OR
1768,1577.0,12th Round,,16.0,0.076,78.0,1889.7162793432226,,Midwest City,O##K
1769,1576.0,RoughTail IPA,American IPA,16.0,0.07,401.7943967701464,1305.9377198403781,RoughTail Brewin%g@@ Company,Midwest City,
1770,5682.605032923293,Polar Night Stout,American Stout,16.0,,,376,RoughTail Brewing Company,,OK
1771,9512.023278731069,Sundown,Saison / Farmhouse Ale,12.0,0.4096850253064132,36.0,164,R??ound?? Guys Brewing,Lansdale,PA
1772,2249.0,Sanctified,Belg#ian Strong Pale Ale,56.606876797859265,0.4781462477756556,,164,Round Guys Brewing,Lansdale,
1773,2053.0,,American Pale Ale (APA),12.0,,,164,,Lansdale,
1774,1842.0,O??riginal Slacker $Ale,English Brown Ale,,0.056,40.0,164,Round Guys Brewing,Lansdale,
1775,1841.0,Alpha Blackback,American Black Ale,,0.072,,164,Round Guys Brewing,Lansdale,PA
1776,6245.86802986868,Kiss Off IPA,American IPA,,0.34990952535788755,,164,Round Guys Bre#wing,Lansd#ale,
1777,1552.0,Dog Days Su??mmer Ale,Kölsch,12.0,0.045,,164,Roun??d Guys Brewing,,PA
1778,,,$American Amber / Red A$le,12.0,0.056,35.0,397,,Sacramento,C$A
1779,7299.663522407242,CAPT Black IPA,$American Black Ale,12.0,0.073,55.0,397,Ruhstaller Beer Company,Sacramento,
1780,,,American Amber / Red Lager,12.0,0.048,42.0,397,Ruhstaller Beer Company,Sacramento,CA
1781,883.0,CAPT Black IPA,American Black Ale,16.0,0.073,55.0,,Ruhstaller Beer Company,,
1782,882.0,1881 California Red Ale,,16.0,,35.0,397,Ruhstall$er Beer @@Company,Sacramento,CA
1783,1868.0,Saint Archer White Ale,W??itbier,,0.05,82.70309736257616,,Saint A#rche??r Brewery,San Diego,
1784,7413.177730365379,Saint Archer IPA,American IPA,12.0,0.068,66.0,288,Saint Archer Brewery,San Diego,CA
1785,1865.0,,,12.0,0.16239437531030063,40.0,1383.3578191645752,,San Diego,
1786,,Saint Archer Blonde,Kölsch,12.0,0.048,22.0,288,Saint Archer Brewery,San Diego,CA
1787,2599.0,Sex Panther,American Porter,12.0,0.069,,117.19133418950142,SanTan Brewing Company,Chandler,AZ
1788,2073.0,Winter Warmer (Vault Series),Winter Warmer,16.0,0.095,25.0,,SanTan Brewing Company,,AZ
1789,,Count Hopula (Vault Series),American Double / Imperial IPA,16.0,0.091,99.0,30,%SanTan Br@@ewing Company,Chandler,AZ
1790,1995.0,Oktoberfest,Märzen / Oktoberfest,12.0,0.055,,,SanTan Brewing Company,Chandler,
1791,11255.795437744673,SunSpot Golden Ale$,American Blonde Ale,,0.05,15.0,,SanTan Brewing Company,Chandler,AZ
1792,1329.0,I.W.A. (2011),American Pale Wheat Ale,12.0,0.06,,,SanTan Brewing Company,,AZ
1793,,,,12.0,0.065,,30,SanTan Brewing Company,Chandler,A$$Z
1794,1073.0,Epicenter Amber Ale,American Amber $/ Red A#le,12.0,0.055,,,SanTan Brewing Company,Chandl$er,$AZ??
1795,1072.0,SanTan HefeWeizen,Hefeweizen,,0.05,85.56412172013857,,SanTan Brewing Company,Chandler,A%Z
1796,1071.0,,American IPA,12.0,0.07,85.0,30,SanTan$ Brewing Compan%y,%@@Chandler,AZ
1797,852.0,Sex Panther (2014),American Porter,12.0,0.069,20.0,166.69351991128144,SanTa$n $Brewing Company,Chandler,
1798,850.0,Devil’s Ale,,,0.055,45.0,30,SanTan Brewing Company,Chandler,AZ
1799,839.0,Rail Slide Imperial Spiced Ale,Herbed / Spiced Beer,12.0,0.081,,103.3727500800883,SanTan Brewing Company,Chandler,AZ
1800,777.0,,Fruit / Vegetable Beer,12.0,,20.0,95.49604440439255,SanTan Brewing Company,Chandler,A$Z??
1801,764.0,American Idiot Ale (2012),American Pale Ale (APA),12.0,,,172.07478887993645,SanTan Brewing Company,Chandle??r,AZ
1802,317.0,Hop Shock IPA (2010),American IPA,12.0,0.26602353788811745,85.0,30,SanTan Brewing Company,,%AZ
1803,286.0,SanTan HefeWeizen ??(2010%),Hefeweizen,12.0,0.05,15.0,30,San$Tan Brewin??g Company,Chandler,AZ
1804,285.0,Devil’s Ale (2010),American Pale Ale (APA),12.0,0.055,45.0,164.25904065935765,SanTan Brewing Company,Chandler,AZ
1805,124.0,Epicenter Amber Ale (2010),American Amber / Red Ale,,,,30,SanTan Brewing Company,C$handler,AZ
1806,7111.214047381125,Sanitas Saison Ale,Saison / Farmho@@us??e Ale,12.0,0.20009066631036246,20.0,419,Sanitas Brewing Company,Boulder,CO
1807,1391.0,Sanitas Black IPA,American Black Ale,12.0,0.068,333.95550111819176,1963.4916544347914,,,CO
1808,10060.806050946165,,American Double / Imperial IPA,16.0,0.089,409.6655567675996,252,,Sa$#nta Cruz,CA%
1809,1683.0,Drea$d Brown Ale,American Brown Ale,52.46093732184782,0.054,,252,Santa Cruz Mountain Brewing,S??anta C@@ruz,CA
1810,1362.0,Casinos IPA,English India Pale Ale (IPA$),16.0,0.07,,252,Santa Cruz Mountain Brewing,S$anta?? Cruz,CA
1811,1519.0,Sai#son $88,Saison / Farmhouse Ale,12.0,0.251383520821387,,392,,Santa Fe,NM
1812,967.0,Black IPA,American Black Ale,12.0,0.071,95.0,392,S$%anta Fe Brewing Company,Santa Fe,$NM
1813,599.0,Santa Fe Irish Red Ale,Irish Red Ale,12.0,0.045,,392,Santa Fe Brewing Company,Santa Fe,NM
1814,1719.483795622187,Santa Fe Oktoberfest,Märzen ??/% Oktoberfest,53.81971343776962,,,392,Santa Fe Brewing Company,Santa Fe,N$M
1815,1623.116898767305,Imperial Java Stout,Russian Imperial Stout,,,,392,Santa Fe Brewing Company,Santa Fe,NM
1816,1385.0587669321312,Freestyle Pilsner,German Pilsener,62.251348844837565,,,392,Santa Fe Brewing Company,Santa Fe,NM
1817,,Happy Camper IPA,American IPA,12.0,0.2556195057121425,,392,Santa Fe Brewing Co#mpany,S%anta Fe,NM
1818,,Oval Beach Blonde Ale,American Blonde Ale,16.0,0.05,58.118553772505734,398,Saugatuck Brewing Company,Douglas,M@@I
1819,1503.0,Oak Aged Cider,Cider,12.0,0.065,,2084.3153482992066,Schi$lling% & Company,Seatt%le,WA
1820,1466.0,Ginger Cider,Cider,12.0,,,,Schilling & Company,Seattle,WA
1821,1245.0,Schilling Hard Cider,Cider,12.0,0.065,,394,,Seattle,$WA
1822,1324.0,Schlafly Yakima Wheat Ale,American Pale Wheat Ale,12.0,0.05,,428,,Saint Louis,@@M@@O
1823,1323.0,Schlafly Black Lager,Schwarzb$#ier,12.0,0.05,,428,Schlafly Brewing Company,Saint Louis,MO
1824,,Schlafly IPA,A??merican IPA,12.0,0.045,30.0,,Schlafly Brewing Company,Saint Louis,MO
1825,1077.0,Sch$lafly American Brown Ale,American Brown Ale,62.46012045252957,0.05,,,Schlafly Brewing Company,Saint Louis,MO
1826,588.0,Schlafly Hefeweizen,Hefeweizen,12.0,0.041,16.0,428,,Saint Louis,MO
1827,53.0,,,12.0,0.045,17.0,428,Schlafly Brewing Comp$any,Saint Louis,MO
1828,815.0,Sea Dog Wild Blueberry Wheat Ale,,12.0,0.047,,1834.3296804984866,Sea Dog Brewing Company,Portland,ME
1829,6182.345939261011,Blur India Pale Ale,American IPA,,0.074,60.0,,,Santa Cruz,C%#A
1830,,Dry Cider,Cider,16.0,0.065,,,Seattle Cider Company,Seatt??le#,WA
1831,1415.0,Dry Hard Cider,Cider,,0.065,,,Seat%tle Cider Company,Seattle,WA
1832,918.0,Frankenlou's IPA,American IPA,16.0,,105.0,494,Seven Brides Brewery,Silverton,OR
1833,917.0,,American Porter,66.93113770487616,0.07,55.0,494,,,OR
1834,,Seventh Son of a Seventh Son,American Strong Ale,16.0,0.35639835143385945,40.0,183,Seventh Son Brewing Company,Columbus,OH
1835,6856.994373543907,Stone Fort Bro??wn Ale,English Brown Ale,16.0,0.2874001506174978,20.0,183,Seventh Son Brewing Company,Col%umbu@@s,OH
1836,9712.400188677924,Seventh Son Hopped Red Ale,American Amber %/ Red Ale,16.0,0.077,40.0,183,Se@@venth Son Brewing Company,Columbus,OH
1837,,Humulus Nimbus Super Pale Ale,,16.0,,53.0,183,Seventh Son Brewing Company,Columbus,OH
1838,1765.0,Golden Ratio IPA,American IPA,,0.07,68.0,183,Seventh Son Brewing Company,,OH
1839,,Black Hop IPA,American Black Ale,12.0,0.068,,765.8201031303532,Shebeen Brewing Company,Wolcott,CT
1840,3861.887238382971,,English Pale Al#e,12.0,0.18257680101461518,,511,,Marlborough,M#A@@
1841,1539.0,M@@onkey Fist IPA,American IPA,52.80957248425911,0.069,65.0,385,Shipyard Brewing Company,,ME
1842,975.0,Shipyard Summer %Ale,American Pale Wheat Ale,12.0,0.051,,385,Shipyard Brewing Company,Portland,ME
1843,814.0,Pumpkinhead Ale,Pumpkin Ale,41.295766699216855,,,385,Shipyard Brewing Company,Portland,ME
1844,727.0,Shipyard Expo%rt,American Blonde Ale,,0.051,,1477.4653698872676,Shipyard Brewing Company,Portland,
1845,,Noo$ner,,12.0,0.052,,493.80992225003854,Sierra Nevada Brewing Company,Chico,CA
1846,2239.0,Torpedo,American IPA,12.0,0.072,290.14972628773575,83,Sierra Nevada Brewing Company,Chico,CA
1847,,Yonder Bock,Maibock / Helles Bock,12.0,0.06,,83,S@@ierra Nevada Brewing@@ Company,Chico,
1848,1918.0,CANfusion Rye Boc@@k%,Rye Beer,12.0,0.06,,303.4854281583544,Sierra Nevada Brewing Company,,CA
1849,6870.024478101543,Sierra Nevada Pale Ale,American Pale Ale (APA),,0.056,37.0,,Sierra Nevada Bre$wing Company,Chico,CA
1850,1338.0,Old Chico Crystal %W$heat,American Pale Wheat Ale,12.0,0.048,26.0,454.1110757381324,Sierra Nevada Brewing Company,Chico,CA
1851,6751.047536211874,Summerfest,,12.0,0.05,28.0,483.2400749130993,Sierra Nevada Brewing Company,Chico,CA
1852,426.0,Torpedo,,16.0,0.21642661779553185,65.0,484.0311139474548,Sierra Nevada Brewing Company,Chico,CA
1853,1995.3641721638398,Sierra Nevada Pale Ale,American Pale Ale (APA),12.0,0.19595183013591486,,83,Sierra Nevada Brewing Company,Chico,C$A%
1854,2353.0,Sietsema Red Label,Cider,16.0,0.069,,137,Sietsema Orchards and Cider Mill,,MI
1855,1137.5942273504797,Bear Ass Brown,American Brown A$le@@,12.0,,,551,Silverton Brewery,Silverton,
1856,,Red Mountain Ale,American Amber / Red Ale,,0.06,,551,Silverton Brewery,Silverton,CO
1857,,Ice Pick Ale,American IPA,39.02249223748183,0.31735243140508684,,551,,Silverton,CO
1858,,,Baltic Port#er,12.0,0.3155949118635086,52.0,,Sixpoint Craft Ales,,NY
1859,,Jammer,Gose,12.0,0.042,,46,Sixpoint Craft Ales,Brooklyn,NY
1860,2443.0,Abigale,,61.73732263741164,0.08,,46,Sixpoint Craft Ales,Brooklyn,
1861,6997.043990770346,Rad,Fruit / Vegetable Beer,54.867208171262,0.032,7.0,46,Sixpoint Craft Ales,Brooklyn,@@NY
1862,2090.0,,American IPA,24.0,0.065,62.0,46,Sixpoint Craft Ales,Brooklyn,NY
1863,9682.034037299167,Sensi Harvest,,12.0,0.16919347396307458,179.30426045275465,46,,$Brooklyn,NY
1864,1696.0,Hi-Res,American Double / Imperial IPA,12.0,0.099,111.0,,,Brooklyn,
1865,,Global Warmer,American Strong Ale,47.78595892414317,0.07,,,Sixpoint Craft Ales,,NY
1866,1591.0,,American IPA,16.0,0.067,74.0,,,Brooklyn,NY
1867,,The Crisp,,,0.054,42.0,46,Sixpoint Craft Ales,Brooklyn,NY
1868,5149.293892299045,S??weet A@@ction,Cream Ale,,,34.0,46,Sixpoint Craft Ales,Brooklyn,NY
1869,1386.0,Righteou??s Ale,,16.0,,57.0,46,,Brooklyn,
1870,1385.0,Bengali Tiger,American IPA,16.0,0.3548544397585835,62.0,46,Sixpoint @@Craft Ales,Brooklyn,NY
1871,1020.0,3Beans,Baltic Porter,12.0,0.099,85.0,46,Sixpoint Craft Ales,Broo$klyn,
1872,778.0,Brownstone,American Brown Ale,,0.059,47.0,46,Sixpoint Craft Ales,,
1873,630.0,Apollo,American Pale Wheat Ale,52.03209241003314,0.052,11.0,46,Sixpoint Craft Ales,Brooklyn,NY
1874,,Harbinger,Saison / F??armhouse Ale,16.0,,35.0,46,Sixpoint Craft Ales,B#rooklyn@@,NY
1875,628.0,,American Double / Imperial IPA,12.0,0.091,103.0,46,Sixpoint Craft Ales,Brooklyn,NY
1876,2277.0205029025738,D#iesel,,16.0,0.3262467615596637,69.0,46,Sixpoint Craft Ales,@@Br??ooklyn,??NY
1877,512.0,,,16.0,0.06,,46,Sixpoint Craft Ales,B#rooklyn,NY
1878,1873.3562607917704,The Crisp (2011),German Pilsener,16.0,0.054,42.0,46,Sixpoint Craft Ales,Brooklyn,NY
1879,424.0,Sweet A$ction (2011),Cream Ale,16.0,,34.0,46,Sixpoint Craft Ales,Brookly$n,NY
1880,,Ri$ghteous Ale #(2011),Rye Beer,16.0,0.063,57.0,,Sixpoint Craft Ales,Brooklyn,NY
1881,,Bengali Ti%ger (2011),,16.0,0.30400976117178363,62.0,46,Sixpoint Craft Ales,,NY
1882,1942.0,,American IPA,12.0,0.045,,264,Ska Brewing Company,Durango,CO
1883,1708.0,Taster's Choice,Doppelbock,12.0,0.074,,264,Ska Brewing Com%pa@@ny,Durango,CO
1884,1521.0,Modus Hoperandi,American IPA,12.0,0.068,65.0,264,Ska Brewing Company,,CO
1885,1297.0,Estival Cream Stout,American Stout,56.22769751255398,0.058,15.0,264,,Durango,CO
1886,1192.0,$Vernal Minthe% Stout,American?? S??tout,12.0,0.058,,264,Ska Brewing Company,Durango,CO
1887,1013.0,Hibernal Vinifera Stout,Foreign / Export Stout,12.0,0.08,,1211.0795714288581,,Durango,CO
1888,2855.164857989542,Autumnal Molé Stout,American Stout,12.0,,,264,Ska Brewing Company,Durango,CO
1889,386.0,Mexican Logger,American Pale Lager,12.0,,18.0,1367.0032713127757,Ska Brewing Company,,CO
1890,70.0,T#rue Bl%onde Ale,American Blonde Ale,12.0,0.053,,,,Durango,CO
1891,69.0,E%uphoria Pale Ale,,12.0,0.061,,1258.0034871785977,Ska Brewing Company,Durango,%%CO
1892,,ESB Special Ale,,12.0,0.057,,,Ska Brewing Company,Durango,CO
1893,67.0,,American IPA,12.0,0.068,,264,Ska Brewing Company,,CO
1894,1792.0,Iron Butt Red Ale,American Amber / Red Ale,12.0,0.17878839443714217,173.2171096353239,313,Slanted Rock Brewing Company,Meridian,ID
1895,1609.0,Initial Point India Pale #@@Ale,American IPA,,0.071,92.0,,Slanted Rock Brewing Company,Meridia??n,??ID#
1896,2537.0,Monkey Dancing On A Razor Blade,Belgian IPA,119.19929238313881,0.085,,359.8060789799865,SlapShot Brewing Company,C$hic#ago,IL
1897,2536.0,Tripel Deke,Tripel,,0.082,,64,SlapShot Brewing Company,Chicago,@@$IL
1898,30.0,Urban ??Wilde??rness Pale Ale,English Pale Ale,12.0,,,557,,Anchorage,AK
1899,8766.028364640739,Homefront IPA,American IPA,12.0,0.06,70.0,163,Sly Fox Brewing Company,Phoenixville,PA
1900,1588.0,Sly# Fox Christmas Ale 2013,Winter Warmer,70.67795197535636,0.27380576735820333,,371,Sly Fox Brewing Company,Pottstown,PA
1901,,,,,0.23053046662183616,88.45443380923777,371,Sly Fox Brewing Company,Pottstown,??P%A
1902,1211.0,3$6$0° India Pale Ale,American IPA,12.0,,,1858.6157507063367,Sly Fox Brewing Company,Pott??stown,PA
1903,6138.615428299841,Helles Golden Lager,Munich Helles Lager,58.83004058676052,0.049,18.0,371,$Sly Fox Bre#wing Company,Potts??to@@wn,
1904,926.0,Sly Fox Christmas Ale $2012 (2012),,54.086056024758975,0.055,16.0,1633.5759900570858,Sly Fox Brewing Company,Pottstown,??P%A
1905,,,American Double / Imperial IPA,12.0,0.084,90.0,371,Sly Fox Brewing Company,Po@@ttstown,PA
1906,166.0,Oktoberfest Lager,Märzen / Oktoberfest,,0.2133473725056026,25.0,,Sly Fox Brewing Company,Pottstown,PA
1907,24.0,113 IPA,American IPA,12.0,0.07,354.5071010488924,1820.972473328913,Sly Fox Brewing Company,Pottstown,PA
1908,83.71614542796142,Dunkel Lager,,12.0,0.053,21.0,371,Sly Fox Brewing Company,Pottstown,PA
1909,22.0,Royal Weisse Ale,Hefe#we#izen,,0.18270939691372995,56.067455399192006,371,Sly Fox Brewing Company,Pot@@tstown@@,PA
1910,21.0,,German Pilsener,,0.049,,371,Sly Fox Brewing Company,Pottstown,PA
1911,20.0,Phoenix Pale Ale,American Pale Ale (APA),12.0,,40.0,1709.994592101652,Sly Fox Brewing Company,Pottstown,PA
1912,,Rule G IPA,American IPA,12.0,0.07,88.0,624.2593583250756,Smartmouth Brewing Company,,VA
1913,2406.0,Murphy's Law,American Amber / Red Ale,12.0,0.18584557475563757,117.4168844474307,,Smartmouth Brewing Company,Norfolk,VA$
1914,2405.0,Alter Ego,Saison / Farmhouse Ale,12.0,0.3411371642383806,33.0,115,Smartmouth Brewing Company,Norfolk,
1915,2234.0,Monarch Pilsner,American Pilsner,,0.23467772972803572,,823.951503024009,Snake River Brewing Company,,
1916,1606.0,Snow King Pale Ale,American Pale $Ale (APA),12.0,0.06,317.15679060170106,191,Snake River Br#ewing Company,Jackson,WY
1917,617.0,Zonker Stout,Foreign / Export Stout,,0.054,36.0,,Snake River Brewing Company,Jackson,WY
1918,2054.13706094891,OB-1 Organic Ale,English Brown Ale,57.86080911666255,0.05,113.83842619156067,191,Snake% River Brewing Company,Jackson,WY
1919,406.0,Snake River Lager,,12.0,,18.0,191,Snake River Brewing Company,J#ac%kson,WY
1920,402.0,Snake River Pale Ale,,12.0,0.052,,913.4494627273172,Snake River Brewing Company,Jackson,WY
1921,393.0,Pako’s EyePA,Am#erican ??IPA,12.0,0.3995787041175352,60.0,191,Snake River Brewing Company,,WY
1922,1798.0,Thanksgiving Ale,Kö@@lsc??h,12.0,0.2030676165212838,,309,Sockeye Brewing Company,Boise,ID
1923,,Double# Dagger I$mperial IPA,American Double / Imperial IPA,12.0,0.092,,309,Sockeye Brewing Company,B??oise,ID
1924,1596.0,Dagger Falls IPA,American IPA,59.866750397720416,0.063,436.8652952955478,,Sockeye Brewing Company,B$oise$,ID
1925,1595.0,Dagger Falls IPA,Amer$ican IPA,12.0,0.063,100.0,309,So#ckeye Brewing $Company,Boise,ID
1926,,Socktoberfest,Märzen / Oktoberfest,67.71819257711897,0.1904096206744277,,309,Sockeye Brewing Company,Boise,ID
1927,1447.0,Hopno#xious Imperial IPA,American Double / Imperial IPA,12.0,,,309,Sockeye Brewing Company,Boise,ID
1928,1425.0,%Barrel Aged Seven Devils Imperial Stout,American Double / Imperial Stout,12.0,0.099,,309,Sockeye Brewing Company,Boise,
1929,5493.212019746595,Boise Co-Op Two Score Ale,Saison / Farmhouse Ale,,0.2647293650489082,,,Sockeye Brewing Company,Boise,I????D
1930,1298.0,Sockeye Belgian Style Summer Ale,Witbier,16.0,0.05,,309,Sockeye Brewing Company,Boise,
1931,1181.0,Sockeye Maibock,Maibock / Helles Bock,38.26261182366584,0.064,,309,Sockeye Brewing Company,Boise,ID
1932,1160.0,Old Devil's Tooth,American Barleywine,12.0,0.099,100.0,,Sockeye Brewing Company,,ID
1933,1152.0,Galena Golden,American Blonde Ale,12.0,,,309,$Sockeye Brewing# Company,,ID
1934,1151.0,#Hell-??Diver Pale Ale,American Pale Ale (APA),12.0,0.20349174381393034,32.0,309,Sockeye Brewing Company,Boise,ID
1935,1150.0,Woolybugger Wheat,American Pale Wheat Ale,12.0,,70.26864007774367,309,,Boise,
1936,1076.0,Power House Porter,American Porter,12.0,0.057,,309,Sockeye Brewing Company,,ID
1937,,Winterfest,American Strong Ale,16.0,0.084,,309,Sockeye Brewing Company,Boise,ID
1938,3395.6091188787723,Dag#ger Falls IPA,American IPA,,0.063,100.0,309,Sockeye Brewing Company,Boise,ID
1939,,LuckenBock,,78.75757763523279,0.07,18.0,257,South Austin Brewery,South Austin,TX
1940,1971.0,Texas Pale Ale (TPA),#American IP$A,16.0,0.055,,257,,#South?? Austin,TX
1941,1970.0,6 String Saison,Saison$ ??/ Farmhouse Ale,16.0,0.08,,257,South Austin Brewery,South Austin,
1942,8340.56057024548,Kol' Beer,Kölsch,16.0,0.05,22.0,257,South Austin Brewery,South Austin,T$X
1943,,Montauk Light,Light Lager,12.0,0.035,,249,Southampton Publick House,Southampton,
1944,6066.215943368316,,Czech Pils%ener,,,133.41520858293683,436,Southern Oregon Brewing Company,Medford,OR
1945,1282.0,Nic#e Rack IPA,,16.0,0.18946199889275314,65.0,436,Southern Oregon Brewing Company,Medford,OR
1946,2362.0,2014 IPA Cicada Series,American IPA,16.0,0.075,247.57056772497518,133,Southern Prohibition Brewing Com...,,MS
1947,2346.0,Sinister Minister Black IPA,American IPA%,16.0,0.077,65.0,133,Southern Prohibition Brewing Com...,Hattiesburg,MS
1948,2320.0,Jack the Sipper,,12.0,0.053,45.0,,Southern Prohibition Brewing Com...,Hattiesburg,??$MS
1949,,Devil's Har??vest Extra Pale #Ale,American Pale Ale (APA),12.0,0.3364733019188905,60.0,,Southern Prohibition Brewing Com...,Hattiesburg,M#%S
1950,2296.0,Suzy B Dirty Blonde Ale,American Blonde Ale,12.0,0.05,20.0,,Southern Prohibition Brewing Com...,Hattiesburg,
1951,1745.0,Mississippi Fire Ant,American Amber / Red Ale,16.0,0.08,80.0,133,Southern Prohibition Brewing Com...,Hattiesburg,MS
1952,1120.0,Hipster Breakfast,Oatmeal Stout,57.40626982614028,0.058,40.0,133,Southern Prohibition Brewing Com...,Hattie@%@sburg,MS
1953,1118.0,Suzy B Dirty Blonde Ale,,16.0,0.05,20.0,133,Southern Prohibition Brewing Com...,Hattiesburg,M%S
1954,1117.0,Devil's H$arvest Extra Pale Ale,American Pale Ale (APA),16.0,0.058,,133,Southern Prohibition Brewing Com...,Hattiesburg,MS
1955,11151.413977487924,Pine Belt Pale Ale,American Pale Ale (APA),12.0,0.2320399725709142,45.0,118,Southern Star Brewing Company,Conroe,TX
1956,2267.0,Walloon,Saison / Farmhouse Ale,12.0,,,,Southern Star Brewing Company,Conroe,TX%
1957,1740.0,Le Mort Vivant,,12.0,0.069,23.0,415.2573839885448,Southern Star Brewing Company,Conroe,
1958,1728.0,Red Cockaded Ale,American Double / Imperial IPA,48.42661150780244,0.085,110.0,118,Southern Star Brewing Company#,Conroe,TX
1959,,,American Double / Impe#rial IPA,12.0,0.4645252120579454,100.0,118,Southern Star Brewing Company,Conroe,TX
1960,4033.0560263365405,Red Cock??aded Ale %(2013),,39.39011288098425,0.085,110.0,650.2846262458311,Southern Star Brewing Company,Conroe,#@@TX
1961,1010.0,Old Potentate,,12.0,0.072,224.3296942964414,664.0340818590817,Southe#rn Star Brewing Company,C??onr@@oe,T#X
1962,3327.98340336612,Bombshell Blonde,American Blonde Ale,,0.17906816559269703,,118,Southern Star Brewing Company,Conroe,TX
1963,,PRO-AM (2012) (2012),American Double #/ Imperia#l IPA,12.0,0.4713186540664691,100.0,550.0216380634712,Southern Star Brewing Company,Conr#oe%,TX
1964,,Walloon (2014),Saison / Farmhouse Ale,12.0,0.1721100221531979,,118,Southern Star Brewing Company,Conroe,TX
1965,1861.1929379089893,Le Mort Vivant ??(2011),Bière de G$arde@@,12.0,0.069,23.0,429.0534791735191,Southern Star Brewing Company,Conroe,TX
1966,46.0,Buried Hatchet Stout,Foreign / Export Stout,,,50.0,,Southern Star Brewing Company,Conro@@#e,TX
1967,,Pine Belt Pale Ale,American Pale Ale (APA),16.0,0.065,45.0,118,Southern Star Brewing Company,Conroe,TX
1968,44.0,Bombshell Blonde,Am$erican Blonde Al#e,12.0,0.05,20.0,118,,Conroe,TX
1969,2486.0,Baby Daddy Session IPA,American IPA,12.0,0.047,35.0,78,Speakasy Ales & Lagers,San %F@@rancisco,C??$A
1970,763.0,Hopluia (2004),English India Pale Ale (IPA),16.0,,,508,Spilker Ales,Cortland,NE
1971,2271.0,Ball & Chain (2014),American Pale Ale (APA),16.0,0.058,,975.2670069927907,,Chicago,IL@@
1972,2206.0,Bitter Biker Double IPA,American Double / Imperial IPA,64.55344254946176,0.096,,175,,,
1973,2136.0,God Damn Pigeon Porter,American Porter,16.0,0.082,,175,Spiteful Brewing Company,C??#hicago,IL
1974,2135.0,Working for the Weekend,Ame%ric$an Double / Imperial IPA,16.0,,,175,,Chicago,
1975,2134.0,Angry Adam,American Amber / Red Ale,16.0,0.06,,175,Spiteful Brewing Company,Chicago,
1976,2109.0,Freedom Fries,American Stout,16.0,0.055,,175,Spiteful Brewing Company,Chicago,IL
1977,9721.049522458065,Bitter Biker Double% IPA,American Double / Imperial IPA,12.0,0.096,,175,Spiteful Brewing Company,,IL
1978,1820.0,Ghost Bike Pale Ale,American Pale Ale (APA),84.05171243033121,,,175,,,IL
1979,1819.0,,American IPA,12.0,0.062,,175,Spiteful Brewing Company,Chicago,IL%
1980,1634.0,Alley Time,American Pale Ale (APA),12.0,,,175,Spiteful Brewing Company,Chicago,IL
1981,1633.0,Fat Badger,Irish Red Ale,12.0,0.058,,175,,Chicago,IL
1982,1632.0,In the Weeds,American Pale Wheat Ale,12.0,0.055,,,Spiteful Brewing Company,Ch%ica#go,IL
1983,855.0,Special Amber,,62.730941641848666,0.05,22.0,498,Sprecher Brewing Company,Glendale,WI%??
1984,445.0,Special Amber,Vienna Lager,55.75076563643148,0.05,22.0,,Sprecher Brewing Company,Glendale,
1985,,Seven Gates Pale Ale,American Pale Ale (APA),12.0,0.056,,372,Spring House Brewing Company,Conestoga,PA
1986,2242.0,Gunga $Di%n,,16.0,0.052,,186,St. Julian Winery,,??MI
1987,1544.0,Starr Pils,German Pilsener,12.0,0.14881489549932606,20.0,2101.6635325084235,Starr Hill Brewery,Crozet,VA
1988,1205.0,Northern Lights India Pale Ale,American IPA,16.0,0.065,52.0,383,Starr Hill Brewery,Cro$@@zet,
1989,369.0,Festie,Märzen / Oktoberfest,12.0,0.048,12.0,383,Starr Hill Brewery,Crozet,VA
1990,1395.7985025288415,,American IPA,12.0,0.29746190051174465,,,Starr Hill Brewery,Crozet,VA
1991,2386.0,Third Eye Enlightened Pale Ale,American Pale Ale (APA),68.386314214795,0.2208318682442326,339.8305882765267,119,Steamworks Brewing Company,Dura??ngo,CO
1992,92.0,Colorado Kölsch,Kölsch,12.0,0.1796745945458651,17.0,,Steamworks Brewing Company,Durango,$#CO
1993,91.0,Steam Engine Lager,American Amber / Red Lager,12.0,0.057,25.0,119,Steamworks Brewing Company,Durango,C%O%
1994,90.0,,American IPA,12.0,0.065,,665.9637258393811,Steamworks Brewi$ng Company,,CO
1995,2366.0,Point Special (Current),American Adjunct Lager,12.0,0.047,36.169961303830725,131,Stevens Point Brewery,Stevens Point,WI
1996,2365.0,Poin$t Sp%ecial,American Adjunct Lager,50.266708937116306,,9.0,131,Stevens Point Brewery,,WI
1997,11610.285700276996,Point Cascade Pale Ale (2013),American Pale Ale (APA),12.0,0.054,33.0,131,Stevens Point Brewery,Stevens Point,W??I
1998,,Poi%nt# Special,American Adjunct Lager,12.0,0.047,9.0,,Stevens Point Brewery,Stevens Point,WI
1999,12480.943874519666,Onyx Black Ale,,12.0,0.052,9.0,131,Stevens Point Brewery,Stevens Point,WI
2000,2150.0,Beyond The Pale IPA,American IPA,12.0,0.2940968066050966,64.0,131,,Stevens Point,WI
2001,2122.0,Point Special (2013),American Adjunct Lager,,0.16516021680886905,9.0,525.1095163957519,Stevens Point Brewery,Stevens Point,
2002,2121.0,Point Special (2012),,12.0,0.047,9.0,131,,,WI
2003,,Point Special Lager,American Adjunct# L@@ager,16.0,0.047,,131,Stevens Point Brewery,Stevens Point,WI#
2004,,St. Benedict's Winter Ale,Winter Warmer,12.0,0.062,,131,Stevens Point Brewery,Stevens Point,WI??$
2005,1357.0,Point Oktoberfest,Märzen / Oktoberfest,16.0,0.2645019067948973,15.0,131,Stevens P@@$oint Brewery,Stevens Point,WI
2006,1225.0,Point Nude Beach Summer Wheat,American Pale Wheat Ale,16.0,0.052,7.0,131,Stevens Point Brewery,Stevens Point,??W%I
2007,816.0,Point Nude Beach Summer Wheat,American Pale Wheat Ale,12.0,0.24965326468260193,7.0,,Stevens Point Brewery,Stevens Point,WI
2008,772.0,Point Nude Beach Summer Wheat (2011),,12.0,0.05,7.0,131,Stevens Point Brewery,Ste#vens Point,WI
2009,,Drop Dead Blonde,American Blonde Ale,12.0,0.035,,131,Stevens Point Brewery,Stevens Point,WI
2010,650.0,Thr%ee Ki??ngs Ale,K#ölsch,12.0,,13.0,131,Stevens Point Brewery,Stevens Point,WI
2011,456.0,Point Oktoberfest,Märzen / Oktoberfest,12.0,0.057,15.0,131,Stevens Point Brewery,,WI
2012,357.0,2012 Black Ale,American Brown Ale,,0.054,32.0,131,Stevens Point Brewery,Stevens Point,
2013,777.3858600241243,Point Nude Beach Summer Wheat (2010),American Pale Wheat Ale,43.83686115079296,0.05,,131,Stevens Point Brewery,Stevens# Point,WI
2014,140.0,Point Cascade Pale Ale,American Pale Ale (APA),12.0,0.054,33.0,603.2558647950711,,Stevens Point,WI
2015,139.0,,American Amber / Red Lager,12.0,,50.23228908139452,131,Stevens Point Brewery,Stevens Point,WI
2016,138.0,Point Special Lager,American Adjunct Lager,12.0,0.047,9.0,131,Stevens Point Brewery,Stevens Point,WI
2017,953.0,,American Amber / Red Ale,16.0,0.051,,486,Stillmank Beer Company,Green Bay,WI
2018,,Brontide,American Black Ale,57.9069467565176,0.05,,255,Stillwater Artisanal A#les,Baltimore,MD
2019,5276.077452666342,Brontide,,12.0,0.05,,255,Stillwater Artisanal Ales,Baltimore,
2020,1344.0,Classique,,,0.045,,1085.7598177176992,Stillwater Artisanal Ales,Baltimore,MD
2021,,Sunsplash Golden Ale (2004),American Blonde Ale,12.0,0.045,,492,Stone Coast Brewing Company,Portland,ME
2022,,Sand Island Lighthouse,Kölsch,39.52756992115822,0.051,25.0,412,#S@@traight to Ale,Huntsville,AL
2023,925.0,,,,0.05,,412,Straight to Ale,Huntsville,A#L
2024,637.0,Monkeyn??aut IPA,,12.0,0.072,70.0,412,,Huntsville,
2025,2369.0,,Amer#ican Adju$nct Lager,,,,,Straub Brewery,%St Mary's,#%PA
2026,11224.831353152567,American Lager,American Adjunct Lager,59.455869287802216,0.041,8.0,129,,,PA
2027,2232.0,Am#erican% Amber,American Amber / Red Lager,44.89747778927905,0.041,8.0,405.6793489602064,Straub Brewery,St Mary's,PA
2028,2231.0,,,,0.032,39.45633988216496,129,,St Mary's,PA
2029,2352.0,Extra Pale Ale,American Pale Ale (APA),12.0,,49.0,138,Summit Brewing Company,St Paul,
2030,2549.0,Make It So,,12.0,0.053,,58,Summi@@t Brewing Company,St. Paul,
2031,9984.443707300585,Hopvale Organ$ic Ale,American Pale Ale (APA),16.0,0.047,,58,Summit Brewing Company,St. @@Paul,MN
2032,,Unchained #18 Hop Silo,??American Doub#le / Imperial IPA,58.54294308747489,0.37500302421588577,355.85684030496355,58,,St. Paul,M@@N
2033,2605.0,,#Altbier,16.0,0.052,29.0,25,Sun King Brewing Company,Indianapolis,
2034,2215.0,Java Mac,Scottish Ale,16.0,0.054,,25,Sun King Brewing Company,Indianapolis,IN
2035,2164.0,Cowbell,American Porter,,,23.0,25,Sun King Brewing Company,Indianapolis,IN
2036,2085.0,Hop Up Offa That Brett (2014),Belgian Pale Ale,16.0,0.058,20.0,25,Sun King Brewing Company,Indianapolis,IN
2037,2084.0,PV Muckle (2013),Scotch Ale / Wee Heavy,16.0,0.083,113.53874663198867,125.28593133529688,Sun King Brewing Company,I#ndiana#polis,I??N
2038,,Bourbon Barrel Batch 666: Sympathy for the Devil,,83.37082262799086,,36.0,25,Sun King Brewing Company,Indi@@anapolis,IN
2039,12418.659938353083,Whip Fight,Scotch Ale / Wee Heavy,86.60365463512389,0.09,30.0,25,Sun King Brewing Company,Indianapolis,
2040,10445.685779237829,Port Barrel Wee Mac,Scotch Ale / Wee Heavy,16.0,0.053,23.0,25,,Indianapolis,IN
2041,2001.0,,American IPA,84.40065038217026,0.064,75.0,25,Sun King Brewing Company,Indianapolis,IN
2042,,Fistful of% ??Hops Orange,American IPA,16.0,0.063,75.0,25,Sun King Brewing Company,,IN
2043,1999.0,Fistful Of Hops Blue,American IPA,16.0,0.064,75.0,25,Sun King Brewing Company,Indianapolis,I??N
2044,9430.08381353758,Fistful@@ of Hops Green,American IPA,,0.24082936510552527,75.0,25,Sun King Brewing Company,Indianapolis,
2045,1948.0,30 Min Coma,Belgian IPA,16.0,,,25,Sun King Brewing Company,Indianapoli??s,IN
2046,,Wee Muckle,Scotch Ale / Wee Heavy,16.0,0.36447642479207515,30.0,107.50274728629303,Sun King Brewing Company,,IN
2047,1599.0,Royal Brat,Extra Special / Strong Bitter (ESB),,0.065,55.0,25,Sun King Brewing Company,Indiana$polis$,IN@@
2048,1420.0,,American IPA,16.0,0.075,77.0,108.76581285773561,Sun King Brewing Company,Indianapolis,IN
2049,6804.924646781932,Osiris Pale# Ale@@,American Pale Ale (APA),16.0,0.21987962256326243,50.0,25,Sun King Brewing Company,Indianapolis,
2050,,Bourbon Barrel Aged Timmie,Russian Imperial Stout,16.0,0.099,75.0,122.36102357669223,,Indianapolis,IN
2051,,Stupid Sexy Flanders,Flanders Oud Bruin,,0.063,23.0,25,Sun King Brewing Company,Indianapolis,IN
2052,1347.0,Bourbon Barre#l Cowbell,American Porter,16.0,,,25,Sun King Brewing Company,,IN
2053,7500.564646795189,Popcorn Pilsner,German Pilsener,16.0,0.054,,25,Su$n@@ King Brewing Company,Indianapolis,IN
2054,1128.0,Ring of Dingle,Irish Dry Stout,16.0,,27.0,,,Indianapolis,#IN
2055,1127.0,Bourbon Barrel Wee Mac,Scottish Ale,16.0,0.2542559246554605,23.0,25,Sun King Brewing Company,Indianapolis,IN
2056,3856.033556865099,Bourbon Barrel Johan,English B@@arl$eywine,16.0,0.099,60.0,145.41736884509123,Sun #King Brewing Company,Indianapolis,
2057,,The Deuce,American Brown Ale,,0.25431608771052916,,76.7723198645812,Sun King Brewing Company,Indianapolis,IN
2058,,,Qu$adru@@pel (Quad),,0.09,,25,Sun King Brewing Company,Indianapoli??s,IN
2059,874.0,Sun King Oktoberfest,Märzen / Oktoberfest,16.0,0.055,,25,Sun King Brewing Co%mpany,Indianapolis,IN
2060,739.0,,,16.0,0.052,24.0,133.8926910638679,,,IN
2061,3757.9482842938346,Indians Victory Lager (2012),Dortmunder / Export Lager,50.28449207058461,0.24864611497084138,102.58173922046772,25,,Indianapolis,IN@@
2062,660.0,Chaka,Belgian Strong Pale Ale,64.5015591681246,0.08,,25,Sun King Brewing Company,Indianapolis,IN
2063,651.0,Isis,American Double / Imperial IPA,,0.091,91.0,25,,$In%dianapolis,IN
2064,584.0,Wee M??uckle (2011),Scotch Ale / Wee Heavy,59.37931263291453,0.5173782327819489,30.0,25,Sun King Brewing Company,Indianapolis,IN
2065,,Grapefruit Jungle (GFJ) (2011),American IPA,16.0,0.075,77.0,,,Indianapolis,IN
2066,526.0,Sun King Oktoberfest (2011),Märzen / Oktoberfest,16.0,0.055,97.0790961404355,25,Sun King Brewing Company,,IN%??
2067,394.0,Johan the Barleywine,English #Barleywine??,,0.099,,25,Sun Kin%g Brewing Company,Indianapolis,IN
2068,213.0,Wee% Mac Scottish-S@@tyle Ale,Scottish Ale,16.0,0.19952673359017567,23.0,25,Sun King Brewing Company,Indianapolis,IN
2069,55.0,Sunlight Cream Ale,Cream Ale,80.1150334819181,0.19400143010659346,,25,Sun King Brewing Company,Indianapolis,IN
2070,54.0,Osiris Pale Ale (2010),American Pale Ale (APA),81.96156590476444,,50.0,,Sun King Brewing Company,Indianapolis,IN
2071,,Dam Lager,,69.67590586339199,0.045,,1375.1646133023503,Sunken City Brewing Company,Hardy,????VA
2072,1206.0,Red Clay IPA,American IPA,,0.07,,455,,Hardy,
2073,2543.0,Todd the Axe Man,American IPA,16.0,0.072,,61,Surly Brewing Company,,MN
2074,2409.0,,Extra Special / Strong Bitter (ESB),16.0,0.057,,61,Surly Brewing Company,Brook%lyn C#enter,MN
2075,1739.0,BLAKKR,American Black Ale,16.0,0.099,85.0,61,,Brooklyn Center,MN
2076,3413.353670497937,Overrated! West Coast Style IPA,American IPA,16.0,,69.0,61,Surly Brewing Company,Brooklyn Center,
2077,329.0,WET,American IPA,,0.075,90.0,61,Surly Brewing Company,,M@@??N
2078,19.0,,English Bitter,16.0,,37.0,61,Surly Brewing Company,Brooklyn$ C??enter,MN
2079,18.0,SurlyFest,,16.0,0.20296391852941553,34.0,,,,
2080,17.0,Coffee Bender,American Br%own Ale%,91.86037665232945,0.2303896503616417,,61,Surly Brewing Company,Brooklyn Center,MN
2081,16.0,Bender,American Brown Ale,16.0,0.051,,237.8141214127877,Surly Brewing Company,Brooklyn Center,MN
2082,15.0,Abrasive Ale,American Double / Imperial IPA,16.0,0.097,120.0,61,Surly Br??ewing Compa%ny,Brooklyn Center,MN
2083,14.0,Hell,Keller Bier / Zwickel Bier,16.0,0.051,115.26407657418912,61,Surly Brewing Company,Brooklyn Center,
2084,13.0,,Saison / Farmhouse Ale,16.0,0.30241337009396013,33.0,61,Surly Brewing Company,Brooklyn Center,
2085,,Furious,American IPA,16.0,0.062,99.0,61,Surly Brewing Company,Brooklyn Cente$r,
2086,,Big Nose,American IPA,12.0,0.073,50.0,2358.2295290137727,Swamp Head Brewery,Gainesv@@ille,
2087,6866.873809008505,Cotton Mo@@uth,Witbier,12.0,0.05,,447,Swamp Head Brewery,Gainesville,
2088,1240.0,,Americ$an Pale Ale (APA),46.81716852440369,0.056,35.0,,Swamp Head Brewery,,FL@@
2089,1239.0,Midnight Oil,Oatmeal Stout,65.90049830587395,0.28408274162840774,190.75122529991734,2348.0750231356146,Swamp Head Brewery,Gainesville,FL
2090,1238.0,Wild Night,Cream Ale,,0.059,18.0,,Swamp Hea$d Brewery,Gainesville,FL
2091,1554.0,Bermuda Triangle Ginger Beer,,12.0,0.045,,381,Swashbuckler Brewing Company,Manheim,PA
2092,,Take Two Pils,German Pilsener,,,35.0,49,SweetWater Brewing Company,,GA
2093,2551.0,,Hefeweize$n,12.0,0.057,,49,SweetWater Brewing Company,Atlanta,GA
2094,1710.0,SweetWater IPA,American IPA,12.0,,,49,SweetWater Brewing Company,Atlanta,GA
2095,1709.0,420 Extra Pale Ale,American Pale A$le (APA),12.0,0.054,,49,SweetWater Brewing Company,%Atlanta,
2096,,Dodgy Knight Imperial IPA,American Double / Im%peri%al IPA,12.0,,361.418159438249,2253.222479500173,Tai$lGate Be#er,San Diego,CA
2097,5279.615745510459,TailGate Saison,Saison / Farmhouse Ale,12.0,0.05,,449,TailGate Beer,San Diego,
2098,663.0,,#A$merican IPA,24.0,0.05,44.0,449,TailGate Beer,San Diego,CA
2099,662.0,,American IPA,12.0,0.05,223.30977256366288,449,,San Diego,CA
2100,623.0,,Hefeweizen,85.50034741863158,0.049,28.0,449,T%ailGate Beer,,CA
2101,622.0,Blacktop B??londe,American Blonde Ale,,0.05,19.0,,TailG%ate Bee@@r,San Diego,
2102,,%Blac%ktop Blonde,American Blonde Ale,12.0,,19.0,449,TailGate Beer,San Diego,CA
2103,361.0,TailGate Hefeweizen,Hefeweizen,12.0,0.049,103.95184008477807,449,@@T??ailGate Beer,San Diego,CA
2104,2575.0,,Tripel,16.9,0.4716665627662366,34.0,45,,Manhattan,
2105,2555.0,Ginger Peach Saison,Saison / Farmhouse Ale,71.62954411708684,0.048,20.0,208.46719791186922,Tallgrass Brewing Company,Manhattan,KS
2106,1736.0,Zombie Monkie,American Porter,16.0,0.062,128.91672269054925,45,Tallgrass Brewing Company,Manhattan,KS
2107,1196.0,Wi%ld Plum Farmhouse Ale,Saison / Farmhouse Ale,16.0,0.056,20.0,,,Manhattan,K??S
2108,1063.0,Vanilla Bean Buffalo Sweat,Oatmeal Stout,,0.1928888716201098,20.0,45,Tallgrass Brewing Company,Manhattan,KS
2109,1017.0,,American IPA,,0.068,110.0,45,Tallgrass Brewing Company,Manhattan,KS
2110,1009.0,Tallgrass Pub Ale,American Brown Ale,,0.044,12.0,,Tallgrass Brewing Company,Manhattan,KS
2111,912.0,Oasis,Extra Special / Strong Bitter (ESB),16.0,0.072,93.0,210.39911718355768,Tallgrass Brewing Company,Manhattan,KS
2112,765.0,Buffalo Sweat,,,,20.0,45,Tallgrass Brewing Company,Manhattan,$KS
2113,,Halcyon Unfiltered Wheat,American Pale Wheat Ale,,0.20936499191980965,20.0,45,Tallgrass Brewing Company,Manhattan,KS
2114,595.0,8-Bit Pale Ale,American Pale Ale (APA),77.52951882483008,,,45,Tallgrass Brewing Company,Manhattan,KS
2115,537.0,Velvet Rooster,Tripel,16.0,0.085,,45,Tallgrass Brewing Company,,
2116,,@@Halcyon Unf#iltered Wheat,American Pale Wheat Ale,70.23816365505397,0.05,,45,Tal$lgrass Brewing Compa#ny,Manhattan,KS
2117,,Köld Lager (2010),German Pilsener,16.0,0.05,16.0,45,Tallgrass Brewing Company,Manhattan,KS
2118,104.0,Oasis (2010),American Double / Imperial IPA,16.0,0.35121970534725244,,,,Manha??ttan,
2119,103.0,Tallgrass Ale,American Brown Ale,16.0,0.044,22.0,45,Tallgrass Brewing Company,Manhattan,KS
2120,102.0,Buffalo Sweat (2010),Mi$lk / Swe#et Stout,16.0,0.05,20.0,45,Tallgrass Brewing Company,Manhat@@t$an,KS
2121,433.92108865140756,Tallgrass IPA,American IPA,16.0,0.063,60.0,45,Tallgrass Brewing Company,,KS
2122,1433.0,Hat Trick Hop IPA,American IPA,16.0,0.24164768235222392,,409,Tamarack Brewing Company,Lakeside,MT
2123,,#Yard Sale Amber Ale,American Amber / Red Ale,16.0,,,409,Tamarack Brewing Company,Lakeside,MT
2124,936.0,Loafin Bräu,Altbier,16.0,0.055,,490,Tampa Bay Brewing Company,Ta??mpa,FL
2125,,Old Elephant Foot IPA,American IPA,78.0702229688679,0.07,80.0,490,,Tampa,FL
2126,2640.0,Peck's Porter,American Port%er,,0.065,35.0,7,,Bridgman,MI
2127,13734.277296864033,Reactor,American IPA,16.0,0.3221735503915188,,7,Tapistry Brewing,Bridgman,
2128,2447.0,,Witbier,16.0,,,,Tapistry Brewing,Bridgman,MI
2129,2601.0,Deduction,Du$bbel,,0.08,22.0,28,Taxman Brewing Company,Bargersville,IN#
2130,4350.643305735386,Face Down Brown Ale,American Brown A#le,40.97079585187326,0.057,,480,Telluride Brewing Company,Te@@lluride,CO
2131,827.0,Tempter IPA,American IPA,12.0,0.064,,480,Telluride Brewing Company,Telluride,CO
2132,589.0,Bridal Veil Rye Pale Ale,American Pale Ale (APA),12.0,0.16521624201280422,,480,,Te??lluride,
2133,2155.0,,Extra Special / Strong Bitter (ESB),12.0,0.048,,1139.971519763716,Temperance Beer Company,Evanston,IL
2134,1982.0,,Fruit / Vegetable Beer,12.0,0.04,,210,Temperance Beer Com%pany,Evanston,IL
2135,1939.0,,English India Pale Al%e (IPA),12.0,0.066,,210,,Evanston,IL
2136,4779.449697766825,RecreationAle,,40.9790984057011,0.047,42.0,469,Terrapin Brewing Company,Athens,GA
2137,,,Saison / Farmho#use Ale,12.0,0.055,35.0,215,Texian Brewing Co.,Richmond,TX
2138,2118.0,Battle LIne,,12.0,,23.0,215,Tex@@ian Brewing #Co.,,TX
2139,2117.0,,Dunkelweizen,,0.056,,215,Texian Brewing Co.,Richmond,TX
2140,2116.0,Brutus,,,0.071,362.7463375219899,215,Texian Brewing Co.,Richmond,TX
2141,6394.544563901515,Petit Mutant,American Wild Ale,16.0,0.06,,272,The Alchemist,,VT
2142,1915.0,The Crusher,America%n Double / $Imperial IPA,16.0,0.096,,272,The Alchemist,Waterbury,VT
2143,1914.0,Beelzebub,Am$erican Double / Imperial Stou$t,16.0,0.08,,,The Alchemist,Waterbury,VT
2144,9833.57102633633,Focal Banger,American IPA,16.0,0.07,,,The Alchemist,Waterbury,VT
2145,6385.791774385336,Heady Topper,American Double / Imperial IPA,82.36112423440957,0.08,120.0,1066.1996633797382,The Alchemist,Water%bury,VT
2146,379.0,Heady Topper,American Double @@/ #Imperial IPA,16.0,0.08,120.0,272,The Alchemist,Waterbury,V$%T
2147,4002.274147474771,Bomber Mountain Amber Ale (2013),American Amber / Red Ale,12.0,0.046,20.0,457,,Sherid@@an??,
2148,1199.0,Indian Paintbrush IPA,American IPA,40.57188293786545,,75.0,457,The Black Tooth Brewing Company,Sh#e%ridan,WY
2149,1198.0,,,12.0,0.048,16.0,457,The Black Tooth Brewing Company,??Sheridan,
2150,1197.0,Wagon Box Wheat Beer,American Pale Wheat Ale,12.0,0.059,15.0,457,,Sheridan,WY
2151,,Bir#dhouse Pal$e Ale,Belgian Pale Ale,12.0,0.2512296522319852,,262,The Brewer's Art,Baltimore,MD
2152,3474.9385033272133,Ozzy,,49.53950502263655,0.073,,262,The Brewer's Art,Baltimore,MD
2153,316.74343951106505,Resurrection,Dubbel,12.0,,,262,The Brewer's Art,,MD
2154,1748.0,Bronx Summer Pale Ale,,16.0,0.052,16.0,1310.3501021239529,T#he Bronx %Brewery,Bronx,NY
2155,1747.0,Bronx Black Pale Ale,American Black Ale,,0.057,,,The# Bronx Brewery,Bronx,NY
2156,1037.0,Bronx Pale Ale,American Pale Ale (APA),16.0,0.063,,1158.7323142224152,The Br$onx B??rewery,Bronx,NY
2157,9857.726509627519,Surfrider,American Pale Ale (APA),,0.052,35.0,33,The Dudes' Brewing Company,Torrance,CA
2158,,,Kölsch,16.0,0.055,,33,The Dudes' Brewing Company,Torrance,CA
2159,2034.0,South Bay Session IPA,American IPA,,0.05,,,The Dudes' Brewing Company,Torrance,#CA
2160,1562.0,Grandma's Pecan,English Brown Ale,16.0,,34.0,33,The Dudes' Brewing Company,Torrance,CA
2161,8145.237770489802,,American Double / Imperial IPA,16.0,0.099,101.0,33,The Dudes#' Brew@@ing Company,Torranc$e,CA
2162,1749.0,Just IPA,American IPA,12.0,0.046,45.0,328,The Just Beer Project,Burlington,VT
2163,2455.0,Lionshead,American Pilsner,12.0,0.045,,455.22766438163205,The Lion Brewery,Wilkes-Barre,PA
2164,963.0,Manhattan Gold Lager (1990),American Amber / Red Lager,12.0,,,,The @@$Manhattan Brewing Company,New York,NY
2165,2638.0,G. B. Russo’s Italian Pistachio Pale Ale,,16.0,,,9,The Mitten Brewing Company,Grand Rapids,MI
2166,1278.0,Northern Hawk Owl Amber,American Amber / Re%d Ale,12.0,0.058,,438,The Right Brain Brewery,,MI
2167,1277.0,CEO Stout,American Stout,16.0,0.24762982709497433,,,The Right Brain Brewery,T#raverse City,MI
2168,6208.689916738525,Will Powe$r Pale Ale,American Pale Ale (APA),16.0,0.047,,438,The Right Brain Brewery,Traverse City,MI
2169,1732.0,Curious Traveler Shandy,Shandy,,0.044,,334,The Traveler Beer Company,Burl??@@ington,VT
2170,,Hunny Do Wheat,American Pale Wheat Ale,,0.22921760011283104,18.0,816.0079957480165,Third Street Brewhouse,Cold Spring,MN
2171,,Three Way Pale Ale,American Pale Ale (APA),12.0,0.20201316660701354,,689.7444579662816,Third Street Brewhouse,Cold Spring,
2172,1780.0,,Cream Ale,52.97547964254087,0.041,,506.30200359825625,Third Street Brewhouse,Cold Spring,
2173,1779.0,Lost Trout Brown Ale,,55.78400027945594,0.049,,142,Third Street Brewhouse,Cold $Spr@@ing,??MN
2174,9482.544312085305,,Fruit / Vegetabl#e Beer%,66.17284852025034,0.051,11.0,475.986195179399,Thomas Hooker Brewing Company,,CT
2175,,Knotty Blonde Ale,American Blonde Ale,12.0,0.04,18.0,512.9830395336958,,Sisters,OR
2176,2317.0,Fivepine Chocolate Porter,American Porter,50.33627738267781,0.062,40.0,572.3691820629257,,Sisters,OR
2177,9661.45776747677,Hoodo#o@@ Voodoo IPA,American IPA,,0.062,82.0,153,Three Creeks Brewing,Sis%ter#s,OR
2178,,Hydraulion Red,Irish Red Ale,70.48048386397686,0.053,22.0,273,Three Notch'd Brewing@@ Company,#Charlottesville%,VA
2179,1912.0,40 Mile IPA,American IPA,12.0,0.06,207.26679909835522,273,Three Notch'd Brewing Company,Charlottesville,VA
2180,9135.920165334544,Citra Faced,American Pale Wheat Ale,91.6764729509475,0.25547824541612274,64.0,21,Three Pints B%re@@wing,,??IN#
2181,2616.0,,,16.0,0.055,31.0,71.81248394242597,Three Pints Brewing,Martinsvi@@lle,IN
2182,2615.0,,American Pale Ale (APA),50.795429834718746,0.24288948312417705,37.0,21,Three Pints Brewing,Martinsville,IN
2183,2614.0,Yoshi??'s Ne@@ctar,California Common / Steam Beer,16.0,0.053,,21,Three Pin#ts Brewing,Martinsville,
2184,1889.0,Leat#herhead Red%,American Amber / Red Ale,12.0,0.052,,282,Thunderhead Brewing Company,Kearne%y,
2185,1222.0,Cropduster Mid-American IPA,Ame@@rican IPA%,12.0,,,282,Thunderhead Brewing Company,Kea%r$ney,NE
2186,468.27144160981226,Golden Frau Honey Wheat,Braggot,,0.3867441869264448,,282,Thunderhead Brewing Company,Kearney,
2187,121.0,Cornstalker Dark Wheat,American Dark Wheat Ale,12.0,,,282,Thunderhead Brewing Company,Kearney,@@NE
2188,2623.0,Cafe Leche,,16.0,,86.19946055735593,89.16915921810666,Tin Man Brewing Company,Evansville,IN%
2189,,Damascene Apricot Sour,Fruit / Vegetable Beer,91.31602749439996,0.052,12.0,17,Tin Man Brewing Company,,IN
2190,2621.0,??Csar,Russian Imperial Stou%t,16.0,0.5870736885860194,,17,Tin Man Brewing Company,Evansville,IN
2191,7811.41879282498,Klingon Warnog Roggen Dunkel,Roggenbier,,0.055,,17,Tin Man Brewing Company,Evansville,
2192,1449.0,,,84.56198608187269,,115.0,17,Tin Man Brewin$g Company,,
2193,951.0,Alloy,American IPA,68.5729105218478,0.058,36.0,78.9897070046431,Tin Man Brewing Company,Evansville,IN
2194,5041.008559072919,Rivet Irish Red Ale,Irish Red Ale,,0.051,22.0,17,Tin Man Brewing Company,,
2195,949.0,3 Gear Robust Porter,American Porter,16.0,0.052,50.0,17,Tin Man Brewing Company,,IN
2196,948.0,Circuit Bohemian Pilsner,Czech Pilsener,16.0,0.14536702358662842,35.0,17,Tin Man Brewing Company,Evansville,IN
2197,2321.0,Turnrow Harvest Ale,American Blonde Ale,12.0,0.183586067459638,,152,Tin Roof Brewing Company,Baton Rouge,@@LA
2198,1755.0,Juke Joint IPA,American IPA,12.0,0.07,193.16722066364423,152,,Baton Rouge,LA
2199,5283.813753869156,Parade Ground Coffee Porter,American Porter,12.0,0.07,,152,Tin Roof Brewing Company,Baton Rouge,LA
2200,1428.0,,Fruit / Vegetable# Beer,12.0,0.05,21.0,152,,Baton Rouge,LA
2201,529.0,,American Blonde Ale,,0.2069060985730994,18.0,152,Tin Roof Brewing Company,Baton Rouge,LA
2202,495.0,Voodoo Bengal Pale Ale,American Pale Ale (APA),,0.055,37.0,152,,,L????A
2203,494.0,,America%n Amber / Red$ Ale,12.0,0.045,167.15742900629476,152,Tin Roof Brewin$g Company,,LA
2204,8584.738267371395,IPA & a Half,American IPA,12.0,0.073,87.0,291,Tommykno@@cker Brewery,Idaho Springs,CO
2205,736.0,Ornery Amber Lager (2003),Vienna Lager,12.0,0.055,33.0,1241.6894876865185,Tommyknocker Brewery,Idaho Springs,CO
2206,,Big Island Shandy,Shandy,16.0,0.05,,474,Tonka Beer Company,Minnetonka,
2207,1026.0,Preservation IPA,American I%@@PA,16.0,0.068,,474,Tonka Bee%r Company,Minnetonka,MN
2208,1938.0,Almanac IPA,American IPA,12.0,0.19974182207629462,72.0,265,Tractor Brewing Company,Albuquer%que??,N%@@M
2209,1937.0,Milk Mustach$io Stout,Milk @??@/ Sweet Stout,12.0,0.065,,265,Tractor Brewing Company,Albuquerque,@@$NM
2210,1936.0,,American Amber / Red Ale,12.0,0.06,30.0,265,,Albuquerque,NM
2211,594.0,Triangle India Pale Ale,American IPA,12.0,,,524,Triangle Brewing Company,Durham,NC
2212,114.0,,Witbier,12.0,0.05,,,Triangle Brewing Company,,NC
2213,113.0,Triangle Belgian Golden Ale,Belgian Strong Pale Ale,,0.08,,,Triangle Brewing Company,,NC
2214,,Troegenator,Doppelbock,48.176157385582485,0.082,,,Tröegs Brewing Company,Hershey,PA
2215,2444.0,,American Amber / Red Ale,16.0,0.075,93.0,97,Tröegs Brewing Company,Hershey,PA
2216,2203.0,Sunshine Pils,American Pilsner,45.656483865673465,0.045,193.260126781424,97,Tröegs Brewing Company,Hershey,PA
2217,1510.0,Troegenator Doublebock,Doppelbock,16.0,,25.0,,Tröegs Brewing Company,Hersh??ey,PA
2218,1509.0,Perpetual IPA,A#merican IPA,12.0,0.075,85.0,97,Tröegs Brewing Company,Hershey@@,PA
2219,433.0,Greenville Pale Ale,American Pale Ale (APA),12.0,,296.34302697511777,539,Twin Lakes Brewing Company,Greenville,
2220,641.0,Hoppy Boy,American IPA,16.0,,65.0,520,Twisted Pine Brewing Company,Boulder,CO
2221,14316.044835674948,,American Amber / Red Lager,68.37179743291513,,26.0,38,Twisted X Brewin$g Comp%any,,TX
2222,2458.0,Chupahopra,American IPA,12.0,0.075,,,Twisted X Brewing Company,Dripping Springs,TX
2223,9735.882663918208,Twisted X,Americ%an Adjun%ct Lager,50.54193246514035,0.051,19.0,38,Twisted X Brewing Company,Dripping Springs,TX
2224,2235.0,Day@@ Hike Session??,American IPA,12.0,0.041,,190,Two$ @@Beers Brewing Company,Seattle,WA
2225,1661.0,Trailhead ISA,American IPA,12.0,0.048,48.0,1029.017653122859,Two Beers Brewing Company,Seattle,WA#
2226,1660.0,Immersion Amber,American Amber / Red Ale,61.28587520106136,0.26217710119721066,27.0,190,Two Beers Brewing Company,Seattle,WA
2227,1659.0,Evo IPA,,58.29269278821191,0.062,,190,,Seattle,
2228,1438.0,Presidential Pils,,12.0,0.20750819991777952,,190,Two Beers Brewing Company,Seat%tle,WA
2229,1173.0,,American IPA,12.0,0.062,,190,Two Beers Brewing Company,Seattle,WA
2230,,,American Pale Ale (APA),12.0,0.057,36.0,190,Two Beers Brewing Company,Seattle,WA
2231,,,American Brown Ale,54.160646118414455,0.054,20.0,190,Two Beers Brewing Company,Seattle,WA
2232,518.0,Immersion Amber Ale (2011),American Amber /# Re%d Ale,,0.24893254094791695,153.1247191854311,,Two Beers Brewing Company,Seattle,WA
2233,3016.225569654726,Evolutionary IPA (2011),American IPA,12.0,,70.0,190,Two Beers Brewing Company,Seattle,WA#$
2234,482.0,Trailhead India Style Session Ale (2011),American IPA,12.0,0.048,48.0,1012.4620880540238,,Seattle,WA
2235,451.0,Panorama Wheat Ale,American Pale Wheat Ale,12.0,0.046,,190,,Seattle,WA
2236,2497.0,Wobble,American IPA,16.0,0.21308382637096662,69.0,,Two Brothers Brewing Company,Warrenville,I@@L
2237,7751.809891734925,Night Cat,,12.0,0.058,43.0,,,,IL
2238,,Night Cat (2014),,,,43.0,74,Two Brothers Brewing Company,Warrenville,IL
2239,4617.662830400622,Dog Days Lager,Dortmunder / Export Lager,12.0,0.051,,380.551809683887,Two Brothers Brewing Company,Warrenville,IL
2240,1121.0,Sidekick Extra Pale Ale,American Pale Ale (AP??@@A),66.25726711121877,,36.0,74,Two Brothers Brewing Company,Warrenville,IL
2241,4068.104532849892,Atom Smasher,,48.90044459635354,0.077,23.0,74,,Warrenville,IL
2242,1041.0,Testudo,Bière de Garde,12.0,0.045,,,Two Brothers Brewing Company,,I@@L
2243,1040.0,Hobnob B & B Pale Ale,American ??Pale Ale (APA$),12.0,0.065,,74,Two Brothers Brewing Company,Warrenville,
2244,,Cane and Ebel,American Strong Ale,12.0,0.07,68.0,74,Two Brothers Brewing Company,Warrenville,
2245,642.0,,American IPA,12.0,,,258.0579296507298,Two Brothers Brewing C@@ompany,Warrenville,IL
2246,,The Gilded Age,Munich Helles Lager,12.0,0.23479927718482224,,243,Two Henrys Brewing Company,Plant City,FL
2247,1285.0,No Limits%% Hefeweizen,Hefeweize%n,16.0,0.05,,435,,St@@#ratford,??CT#
2248,1189.0,,American White IPA,46.84449951403519,0.06,,2046.7855493113818,,Stratford,C##T
2249,1171.0,Road 2 Ruin Double IPA,American Double / Imperial IPA,12.0,0.072,,435,Two Roads Brewing C$o%mpany,Strat@@ford,CT
2250,,Workers Comp Saison,Saison / Farmhouse Ale,12.0,,,2237.1687951894146,Two Roads Brewing Company,Stratford,CT
2251,5818.504455511678,Ol' Factory Pils,German Pilsener,12.0,0.05,,435,Two Roads Brewing Company,Stratford,CT
2252,,PUNK'N,Pumpkin$ Ale,12.0,0.05,54.49115377047193,159,Uinta Brewing Company,,#U#T
2253,2100.0,Yard Sale Winter Lag$er,American Amber / Red Lager,,0.04,122.08941864989929,,Uinta Brewing Company,Salt Lake City,UT
2254,1925.0,Trader Session IPA,American IPA,12.0,0.04,42.0,159,Uinta Br$$ewing Company,Salt Lake City,UT
2255,1723.0,Hop Nosh IPA,American IPA,12.0,0.073,83.0,159,Uinta Brewing Company,Salt Lake City,UT
2256,1212.0,SUM'??R,American Blonde Ale,12.0,0.2104840244791363,64.9538070503071,710.777679836736,,Sal??t Lake City%,UT
2257,1097.0,Organic Baba Black Lager,Schwarzbier,,,32.0,159,Uinta Br%ewing Company,Salt Lake City,
2258,1089.0,Hop Notch IPA (2013),American IPA,39.47995998985617,0.073,82.0,159,Uinta Bre@@wing Co??mpany,Salt Lake City,
2259,1088.0,Cutthr%oat Pale Ale,,12.0,0.04,184.99148909691905,661.3058440126387,Uinta Brewing Company,Salt Lake City,UT
2260,974.0,WYLD Extra Pale Ale,American Pale Ale (APA),12.0,0.04,29.0,159,Uinta Brewing Company,Salt Lake City,#U??T
2261,98.0,Pilsner Ukiah,Germ??an Pilsener,12.0,0.055,,555,Ukiah Brewing Company,Ukiah,CA
2262,2372.0,The Green Room,American IPA,16.0,0.06,75.0,,Uncle Billy's Brewery and Smokeh...,Austin,T$X
2263,11847.939446279206,Hum%bucker Helles,Maibock@@ / Helles Bo$ck,16.0,,25.0,126,Uncle Billy's Brewery an@@d %Smokeh...,Austin,TX
2264,9643.057468665615,Uncle John's Apple Cherry Cider,#Cider,59.23350551781058,0.065,,338,Uncle John's Fruit House Winery,St. @@John'#s,MI
2265,1703.0,Uncle John's Apricot Apple Cider,Cider,16.0,0.065,,1923.2288695999684,Uncle John's Fruit House Winery,St. John's,MI
2266,4248.454809385856,Draught Hard Apple Cider,Cider,16.0,,,338,Uncle John's Fruit House Winery,St. John's,MI$
2267,,Scotty K NA,Low Alcohol Beer,,0.001,,522,Uncommon Brewers,Santa Cruz,
2268,543.0,Bacon Brown Ale,,16.0,0.2637870175934928,,3114.6697281561737,Uncommon Brewers,%Santa Cruz,
2269,347.0,Golden St@@at%e Ale,Belgian Pale Ale,16.0,0.3244213252252433,,,,Santa Cruz,CA
2270,,,,16.0,0.078,,522,Uncommon Brewers,,CA
2271,25.0,Siamese twin,Dubbel,16.0,0.085,,522,Uncommon Brewers,Santa Cruz,
2272,2507.0,Double Duckpin,,12.0,,90.0,71,Union Craft Brewing,Baltimore,MD
2273,2506.0,Old Pro,Gose,12.0,0.042,10.0,71,,Baltimore,MD
2274,829.0,Duckpin Pale Ale,American Pale Ale (APA),12.0,0.055,,71,Union Craft Brewing,Baltimore,MD
2275,582.0,Balt Altbier,Altbi#er#,41.32061412620444,0.06,,71,Union Craft Brewing,Baltimore,
2276,,Campside Session IPA,American IPA,85.64898868680754,0.045,225.5552255542347,202,Upland Brewing Company,Bloomington,IN
2277,1951.0,Upland Wheat Ale,Witbier,50.625231211428954,0.045,,202,Upland Brewing Company,Bloomington,
2278,1950.0,Dragonfly IPA,American IPA,48.933890881202984,0.06,,202,,Bloomi%@@ngton,
2279,,Lee Hill Series Vol. 5 - Belgian Style Quadrupel Ale,Quadrupel (Quad),19.2,0.6697298587338487,,51,,,
2280,,,Rye Beer,19.2,0.104,,51,,,CO
2281,12156.932800889099,Lee Hill S%er#ies Vol. 2 - Wild Saison,,72.81022339306335,0.068,24.0,51,Upslope Brewing Company,Boulder,CO
2282,2562.0,Lee Hill Series Vol. 3 - Barrel Aged Imperial Stout,American Double / Imperial Stout,19.2,,51.0,51,@@Upslope@@ Brewing Company,Boulder,CO
2283,2561.0,,American Brown Ale,19.2,0.076,,51,Upslope Brewing Company,Boulder,CO
2284,2560.0,,,,0.2119992122149477,,183.55220926866488,Upslope Bre#wing Company,,CO
2285,6925.246712998721,,American@@ Whi@@te IPA,12.0,0.30634522633298333,33.0,,Upslope Brewing Company,Boulder,CO
2286,1853.0,Ferus Fluxus Wild Belgian Pale Ale,Americ$a#n Wild Ale,19.2,0.075,,51,,Boulder##,CO
2287,,Upslope Imperial India Pale Ale,American Double / Imp#erial I@@PA,74.00761260650204,,90.0,51,Upslope Brewing Company,Boulder,CO
2288,907.0,,Winter Warmer,16.0,0.3166362940266245,,51,Up??slope Brewing Compan%y,Boulder,C@@O
2289,3350.629960585818,Upslope Pumpkin Ale,Pumpkin Ale,16.0,0.077,,51,Upslope Brewing Company,Boulder,
2290,683.0,Upslope Belgian Style Pale Ale,Belgian Pale Ale,12.0,0.075,30.0,51,,,CO
2291,614.0,Upslope Foreign Style Stout,Foreign / Export Stout,,,,51,Upslope Brewing Company,Boulde??r,CO
2292,466.0,Top Rope Mexican-style Craft Lag$er,Vienna Lager,12.0,0.048,,51,Upslope Brewing Company,,CO
2293,444.0,Upslope Craft Lager,,12.0,0.048,,302.9259114913553,Upslope Brewing Company,Boulder,
2294,,Upslope Brown Ale,English Brown Ale,12.0,0.067,,251.01318519417669,Upslope Brewing Company,@@Boulde#r,CO
2295,80.0,Upslope Pale Ale,Ame%r$ican Pale Ale (APA),12.0,0.058,,51,Upslope Brewing Company,Boulder,
2296,79.0,U@@pslope %India Pale Ale,Americ??an@@ IPA,12.0,0.301453795274657,,51,Upslope Brewing Company,Boulder,CO
2297,382.0,Common Sense Kentucky Common Ale,,16.0,0.053,22.0,,,Elmira,NY%
2298,381.0,Upstate I.P.W.,Ame$rican IPA,12.0,0.065,70.0,2169.1934006236015,Upstate Brewing Company,Elmira,
2299,1826.0,Squatters Full Suspension Pale Ale,American Pale Ale (APA),12.0,0.04,,1696.2981443102967,??Ut@@ah Brewers Cooperative,Salt Lake City,UT
2300,1825.0,Squatt#ers Hop Rising Double IP$A,,12.0,0.09,341.2082535378208,302,Utah Brewers Cooperative,Salt Lake City,%UT
2301,1824.0,Devastator Double Bock,Doppelbock,12.0,0.08,,302,Utah Brewers Cooperative,Salt Lake City,UT
2302,1823.0,Wasatch Ghostrider White IPA,American White IPA,,,,302,Utah Brewers Cooperative,Salt Lake City,UT
2303,1682.0,,American White IPA,40.61595886650849,0.06,,961.1267373125909,Utah Brewers Cooperative,Salt Lake City,UT
2304,1681.0,Wasatch Apricot Hefeweizen,Fr@@uit / Vegetable Beer,12.0,0.04,,302,,Salt Lake City,UT
2305,,Squatters Hop Rising Double IPA (2@@014),American Double / Imperial IPA,12.0,0.09,75.0,302,Utah Brewers Cooperative,Salt Lake City,UT
2306,1679.0,,American Pale Ale (APA),12.0,0.1464562633853807,,302,,Salt Lake City,
2307,2245.0,Nunica Pine,Cider,,0.068,,185,,Spring Lake,MI
2308,2244.0,Ginger Peach,Cider,93.1483584141201,0.069,,185,Vander Mill Ciders,S$pring Lake,MI
2309,1378.0,Totally Roasted,Cider,16.0,0.068,,185,,Spring Lake,MI
2310,1377.0,Blue Gold,Cider,,0.3873564988675091,,185,,Spring Lake,M@@I
2311,1376.0,,Cider,16.0,0.068,,185,,Spring Lake,M#@@I
2312,2411.0,Nitro Can Coffee Stout,American Stout,12.0,0.052,,113,Vault Brewing Company,Yardley,PA
2313,1770.0,Voodoo Love Child,,12.0,0.092,25.0,,Voodoo Brewery,,PA
2314,,White Magick o@@f the Sun,Witbier,54.14542098299289,0.079,23.0,322,Voodoo Brewery,M??eadville,PA
2315,1730.0,Wynona's Big Brown Ale,American Brown Ale,12.0,0.075,110.43487662433084,322,Voodoo Brewery,Meadville,PA
2316,1729.0,Gran Met,Belgian Strong Pale Ale,,0.092,25.0,322,,Meadville,PA
2317,1603.0,Good Vibes IPA,American IPA,,0.073,85.0,322,Voodoo Brewery,Meadville,PA
2318,,Pilzilla,,12.0,0.075,85.0,322,Voodoo Brewery,Meadville,PA
2319,1846.0,W%achusett Light IP%A,American IPA,,0.21866160380696353,37.0,295,Wachusett Brewing Company,We#stmin#ster,MA
2320,5848.501765898574,Green Monsta IPA#,American IPA,12.0,0.06,55.0,295,Wachusett Brewing Company,Westminster,MA
2321,1844.0,Wachusett IPA,American IPA,12.0,,50.0,295,Wachusett B@@rewing Company,Westminster,MA
2322,1843.0,Strawberry White,Witbier,12.0,0.047,,295,Wachusett Brewing Company,Westminster,MA
2323,1418.0,Larry Imperial IPA#,American Double / Imperial IPA,12.0,0.085,85.0,295,,Westminster,M$A
2324,1038.0,Wachusett Summer,American Pale Wheat Ale,,0.047,,1069.1956052832836,Wachusett Brewing Company,Westminster,MA
2325,,Country Pale Ale,E$nglish Pale Ale,12.0,0.051,,295,Wachusett Brewing Company,Westminster,MA
2326,1029.0,,American IPA,12.0,,,,,,MA
2327,908.0,,Pumpkin Ale,12.0,0.052,20.0,,Wachusett Brewing Company,Westminster,MA
2328,3407.6959657535685,Wachusett Blueberry Ale,Fruit / Vegetable Beer,12.0,0.045,10.0,,Wachusett Brewing Company,Westminster,MA
2329,618.0,Green Monsta IPA,American IPA,12.0,,55.0,295,,Westminster,
2330,,T-6 Red Ale (2004),American Amber / Red Ale,12.0,0.047,,506,Warbird Brew%ing Company,Fort Wayne,IN
2331,9812.97037786705,Self Starter,American IPA,16.0,0.052,67.0,94,Warped Wing Brewing Company,Dayton,OH
2332,2223.0,Ermal's,Cream Ale,16.0,0.054,20.0,415.6486440138155,Warped Wing Brewing Company,Dayton,OH
2333,2222.0,10 Ton,Oatmeal Stout,16.0,0.2458476059747603,,94,Warped Wing Brewing Company,Dayton,
2334,2221.0,Flyin' Rye,American?? IPA,16.0,0.07,,94,Warped Wing Brewing Company,Dayton,OH
2335,,Christmas Ale,Herbed / Spiced Beer,12.0,0.09,,100,West Sixth Brewing,Lexington,KY
2336,12861.804128175581,Pay It Forward Cocoa Porter,American Porter,,0.07,,,,Lexington#,KY
2337,4492.811612829403,West Sixth A#mber Ale,American Amber / Red Ale,12.0,0.055,,100,West Sixth Brewing,Lexington,KY
2338,652.0,West Sixth IPA,American IPA,12.0,,,100,West Sixth Brewing,Lexington,#KY
2339,1542.0,One Claw,American Pale Ale (APA),12.0,0.055,,384,Westbrook Brewing Company,,SC
2340,1312.0,Westbrook Gose,Gose,12.0,0.04,5.0,384,Westbrook Brewing Company,Mt. Pleasant,SC
2341,576.0,White Thai,Wit#bi%er,12.0,0.05,,1460.973489754117,Westbrook Brewing Company,Mt. Pleasant,SC
2342,2780.8539145582736,Westbrook IPA,American IPA,47.63660305366805,,65.0,384,Westbrook Brewing ??Comp#any,,SC
2343,,Westfield Octoberfest,Märzen / Oktoberfest,12.0,0.057,22.0,351,,West??field,MA
2344,,,American Amber / Red Lager,12.0,0.052,,1557.7066690213578,Westfield River Brewing Company,Westfield,MA
2345,1550.0,Charlie in the Rye,American IPA,37.3626571505029,0.058,,1307.7697435360726,Wes??tfield River Brewing Compan??y,We#s??tfield,MA
2346,2364.0,Royal Lager,,16.0,,,132,Weston Brewing Company,Weston,
2347,2348.0,Rip Van Winkle (Current),Bock,,0.29654464325157515,,132,,Weston,
2348,2344.0,,English Stout,69.66230261983767,,,132,Weston Brewing Company,,MO
2349,2343.0,O’Malley’s IPA,American IPA,12.0,0.075,89.0,132,Weston Brewing Company,Weston,
2350,2342.0,,,,,,132,Weston Brewing Company,Weston,MO
2351,2341.0,L'il Lucy's Hot Pepper Ale,Chile Beer,,0.049,,583.0992999799362,Westo%n Brewing Company,Weston,MO
2352,,Drop Kick Ale,American@@ A#mber / Red Ale,12.0,0.052,,132,,,$M$O
2353,13687.479236846955,Raspberry Berliner Weisse,Ber#liner Weis??sbier,71.83650845471934,0.055,,47,White Birch Brewing,,NH
2354,2572.0,Hop Session,American IPA,12.0,0.05,,47,White Birch Brewing,,NH
2355,2571.0,#Blueberry Berliner ??Weisse,Berliner Weissbier,12.0,0.23400255039171272,,47,White Birch Brewing,Hooks@@ett,$N$H
2356,2570.0,Berliner Weisse,Berliner W@@eiss$bier,12.0,0.055,,235.10266049061875,White Birch B%#rewing,Hooks%ett,NH$%
2357,1498.0,Super G IPA,American IPA,16.0,0.06,,2351.001764558581,White Flame Brewing Company,Hudsonville,
2358,,Hefe Lemon,Radler,57.963523786601755,0.049,30.0,296,Widmer Brothers Brewing Company,,
2359,1837.0,Hefe Black,Hefeweizen,12.0,0.28511030846872776,,,Widmer Brothers Brewing Company,Portland,OR
2360,1836.0,Widmer Brothers Hefeweizen,Hefeweizen,12.0,0.049,30.0,,Widmer Brothers Brewing Company,Portland,OR
2361,,Hop Slayer Double IPA,American Double / Imperial IPA,12.0,0.082,100.0,361,Wild Onion Brewing Company,Lake Barrington,IL
2362,1618.0,Pumpk@@in Ale,Pumpkin Ale,12.0,0.045,,361,,Lake Barrington,IL
2363,,Big #Bowl @@Blonde Ale,America#n Brown Ale,12.0,0.21477580721510156,,361,,Lake Barrington,
2364,971.0,P$hat #Chance,American Blonde Ale,12.0,,27.0,361,Wild Onion Brewing Company,Lake Barrington,IL
2365,740.0,,American Double / Imperial IPA,42.35114438408087,0.082,493.88842315359096,361,Wild Onion Brewing Company,Lake Barring??ton,IL
2366,,Hop Slayer Double IPA (2011),American Double / Imperial IPA,12.0,0.47096192037722323,100.0,361,Wild Onion Brewing Company,Lake Barrington,IL
2367,398.0,Wild Onion Summer Wit,,,0.042,61.93096413694403,361,Wild Onion Brewing Company,L%ake Barring$ton,I@@L
2368,,Jack Stout,Oatmeal Stout,56.60344700988082,0.292126665086968,23.0,361,Wild Onion Brewing Company,Lake Barrington,IL
2369,334.0,Wild Onion Pumpkin Ale (2010),Pumpkin Ale,12.0,0.045,,361,Wild Onion Brewing Company,Lake Barrington,IL
2370,900.1640218832998,Paddy Pale Ale,American Pale Ale (APA),12.0,0.056,,361,Wild Onion Brewing Company,Lake Barrington,
2371,,Blonde Hunny,Belgian Pale Ale,12.0,0.068,,181,#Wild Wolf Brewing Compan$y,Nellysford,VA
2372,1318.0,Wild W#olf Wee Heavy Scottish Style Ale,Scotch Ale / Wee Heavy,12.0,0.057,109.37291549825746,181,Wild Wo@@lf Brewing Company%,Nellysford,
2373,1195.0,Wild Wolf American Pilsner,American Pilsner,12.0,0.045,25.0,181,Wild Wolf Brewing Company,,VA
2374,1194.0,Alpha Ale,American Pale Ale (APA),12.0,0.051,198.52044179666626,784.8311934250765,Wild Wolf Brewing @@Company,,VA
2375,826.0,Mystical Stout,Irish Dry Stout,60.146864022974206,0.054,,499,Wildwood Brewing Company,St$evensville,MT
2376,825.0,Bodacious Bock,,16.0,0.075,,499,Wildwood Brewing Company,Steven#sville,MT
2377,813.0,Ambitious Lager,Munich Helles@@ Lager,,0.05,,499,Wildwood Brewing Company,S$teven@@sville,MT
2378,324.0,Wyoming Pale Ale,Ameri??can Pale Ale $(APA),16.0,0.072,,550,Wind River Brewing Company,Pinedale,WY
2379,323.0,Wind River Blonde Ale,American# Blonde Ale#,16.0,0.05,,2973.379118565435,Wind River Brewing Company,,WY
2380,762.0,Ace IPA,,16.0,0.074,83.0,509,Wingman Brewers,,
2381,,P-51 %Porter,American Porter,16.0,,31.0,509,Wingman Brewers,,WA
2382,,%#001 Golden Amb%er Lager,,70.38365933277439,0.27847134140108354,,211,Wisconsin Brewing Com$p#any,Verona,WI
2383,2148.0,#002 American I.P.A.,,12.0,0.071,60.0,,,Ve$rona,WI
2384,,#003 Brown & Robust Porter,American Porter,12.0,,,211,,,WI
2385,10248.33816229012,,American IPA,12.0,0.048,131.71629211738764,211,Wisconsin Brewing Company,Verona,WI
2386,9168.467041977688,Tarasque,Saison / Farmhouse Ale,12.0,0.2202821257151177,,239,Wiseacre Brewing Company,Memphis,@@T%N
2387,1470.0,Ananda India Pale Ale,American IPA,12.0,0.062,345.4566272655192,239,Wiseacre Brewing Company,Memph#$is,TN
2388,1469.0,Tiny Bomb,#American Pilsner,12.0,0.045,23.0,239,Wiseacre Brewing Company,Memphis%,
2389,2627.0,,American IPA,12.0,0.058,72.0,,Witch's Hat Brewing Company,,MI
2390,2626.0,Edward’s Portly Brown,American Brown Ale,70.54410107866687,0.045,,14,Witch's Hat Brewing Company,South Lyon,MI
2391,8792.45914069651,Troopers All#ey IPA,American IPA,,0.059,135.0,344,Wolf Hills Brewing Company,Abingdon,VA
2392,1468.0,Wolverine# Premi$um Lager,American Pale Lager,12.0,0.1841942880209063,15.0,402,Wolverine State Brew??ing Co??mpany,Ann Arbor,MI
2393,822.0,Woodchuck Amb@@er Hard$ Cider,Cider,12.0,,,501,Woodchuck Hard Cider,Middlebury,VT
2394,2417.0,40$00 Footer IPA#,American IPA,12.0,0.3634317456487548,82.0,109,Woodstock Inn Station & Brewery,North Woodstock,N@@H
2395,2306.0,,American Pilsner,12.0,0.10761725165804317,15.0,405.2624442979831,,North Woodstock,
2396,5414.92744613334,,American IPA,16.0,0.065,69.0,1889.3566711274093,Wor#mtown Br@@ewery,Worcester,MA
2397,9584.398444785942,Worthy IPA,American IPA,71.91016695319786,0.2677961476050157,69.0,199,Worthy Brewing Company,Bend,OR
2398,1514.0,Easy Day Kolsch,,12.0,0.045,25.0,199,Worthy Brewing Company,Bend,OR
2399,1513.0,Lights Out Vanilla Cream Extra Stout,American Double / Imperial IPA,12.0,0.39974418586587773,30.0,199,Worthy Brewing Company,Bend,
2400,1512.0,Worthy IPA (2013),,12.0,0.069,69.0,199,Worthy Brewing Company,Bend,O#R
2401,8887.58747198108,,American Pale Ale (APA),12.0,0.06,50.0,,Worthy Brewing Company,Bend,??OR
2402,,Patty's Chile Beer,Chile Beer,12.0,0.042,,,,Denver,CO
2403,1316.0,Colorojo Imperial Red Ale,#American Strong Ale,12.0,0.082,,424,Wynkoop Brewing Company,Denver,
2404,5593.1484397242,Wynkoop Pumpkin Ale,,70.54696127495038,0.055,,,Wynkoop Brewing Company,#Denver@@,CO
2405,1035.0,Rocky Mountain Oyster Stout,,12.0,0.075,,424,,,CO
2406,928.0,Belgorado,Belgian IPA,,0.067,45.0,424,Wynkoop Brewing Company,Denver,CO
2407,807.0,Rail Yard Ale,American Amber /?? Red Ale,12.0,0.052,,424,Wynko@@op Brewing Company,,CO
2408,620.0,B3K Black Lager,Schwarzbier,12.0,,,424,Wynkoop Brewing @@@@Company,Denver,CO
2409,765.3491738671726,Silverback Pale Ale,American Pale Ale (APA),60.84135209576016,,,424,Wynkoop Brewing Company,Denver,C??O
2410,299.6119996941089,,American Amber / Red Ale,12.0,0.052,,1502.5856543802226,Wynkoop Brewing Company,#Denver,CO
