ID,id,beer_name,style,ounces,abv,ibu,brewery_id,brewery_name,city,state
1,1436.0,Pub Beer,American Pale Lager,12.0,0.05,,408,10 Barrel Brewing Company,Bend,OR
2,2265.0,Devil's Cup,American Pale Ale (APA),12.0,0.066,,177,18th Street Brewery,Gary,IN
3,2264.0,Rise of the Phoenix,American IPA,12.0,0.071,,177,18th Street Brewery,Gary,IN
4,2263.0,Sinist#er,American Double / Imperial IPA,12.0,0.09,,177,18th Street Brewery,Gary,IN
5,2262.0,Sex and Candy,American IPA,12.0,0.075,,177,18th Street Brewery,Gary,IN
6,2261.0,Bla@@ck Exod??us,Oatmeal Stout,12.0,0.077,,177,18th Str@@eet% Brewery,Gary,IN
7,2260.0,Lake Street Express,American Pale Ale (APA),12.0,0.045,,177,18th Street Brewery,Gary,IN
8,2259.0,Foreman,American Porter,12.0,0.065,,177,18th Street Brewery,Gary,IN
9,2258.0,Jade,American Pale Ale (APA),12.0,0.055,,177,18th Street Brewery,Gary,IN
10,2131.0,Cone Crusher,American Double / Imperial IPA,12.0,0.086,,177,18th Street Brewery,Gary,IN
11,2099.0,Sophomoric Saison,Saison / Farmhouse Ale,12.0,0.072,,177,18th Street Brewery,Gary,IN
12,2098.0,Regional Ring Of Fire,Saison / Farmhouse Ale,12.0,0.073,,177,18th Street Brewery,Gary,IN
13,2097.0,Garce Selé,Saison / Farmhouse Ale,12.0,0.069,,177,18th Street Brewery,Ga??@@ry,IN
14,1980.0,Troll Destroyer,Belgian IPA,12.0,0.085,,177,18th Street Brewery,Gary,IN
15,1979.0,Bitter Bitch,American Pale Ale (APA),58.22718669145202,0.061,60.0,177,18th Street Brewery,Gary,IN
16,2318.0,Ginja Ninja,Cider,12.0,0.06,,154,2 Towns Ciderhouse,Corvallis,OR
17,2170.0,Cherried Away,Cider,12.0,0.06,,154,2 Towns Ciderhouse,Corvallis,OR
18,2169.0,Rhubarbarian,Cider,12.0,0.06,,154,2 Towns Ciderhouse,Corvallis,OR
19,1502.0,BrightCider,Cider,12.0,0.06,,154,2 Towns Ciderhouse,Corvallis,OR
20,1593.0,He Said Baltic-Style Porter,Baltic Porter,12.0,0.30937310167109716,,368,21st Amendment Brewery,San Francisco,CA
21,1592.0,He Said Belgian-Style Tripel,Tripel,12.0,0.082,,368,21st Amendment Brewery,San Francisco,CA
22,1036.0,Lower De Boom,American Barleywine,8.4,0.099,92.0,368,21st Amendment Brewery,San Francisco,CA
23,1024.0,Fireside Chat,Winter Warmer,12.0,0.079,45.0,368,21st Amendment Brewery,San Francisco,CA
24,976.0,Marooned On Hog Island,American Stout,52.77775261445353,0.079,,368,21st Amendment Brewery,San Francisco,CA
25,876.0,Bitter American,American Pale Ale (APA),12.0,0.044,42.0,368,21st Amendment Brewery,San Francisco,CA
26,802.0,Hell or High Watermelon Wheat (2009),Fruit / Vegetable Beer,12.0,0.049,17.0,368,21st Amendment Brewery,San Francisco,CA
27,801.0,Hell or High Watermelon Wheat (2009),Fruit / Vegetable Beer,12.0,0.049,17.0,368,21st Amendment Brewery,San Francisco,CA
28,800.0,21st Amendment Watermelon Wheat Beer (2006),Fruit / Vegetable Beer,12.0,0.049,77.36211312396283,368,21st Amendment Brewery,San Francisco,CA
29,799.0,21st Amendm??ent IPA (2006),American IPA,12.0,0.07,70.0,368,21st Amendment Brewery,San Francisco,CA
30,797.0,Brew Free! or Die IPA (2008),American IPA,53.5625086631419,0.07,70.0,368,21st Amendment Brewery,San Francisco,CA
31,796.0,Brew Free! or Die IPA (2009),American IPA,12.0,0.07,70.0,368,21st Amendment Brewery,San Francisco,CA
32,531.0,Special Edition: Allies Win The War!,English Strong Ale,12.0,0.085,52.0,368,21st Amendment Brewery,San Francisco,CA
33,432.0,Hop Crisis,Amer%ican Double / Imperial IP#A,12.0,0.097,94.0,368,21st Amendment Brewery,San Francisco,CA
34,2005.4046452137375,Bitter American (2011),American Pale Ale (APA),12.0,0.044,42.0,368,21st Amendment Brewery,San Francisco,CA
35,321.0,Fireside Chat (2010),Winter Warmer,12.0,0.079,45.0,368,21st Amendment Brewery,San Francisco,CA
36,173.0,Back in Black,American Black Ale,12.0,0.068,65.0,368,21st Amendment Brewery,San Francisco,CA
37,11.0,Monk's Blood,Belgian Dark Ale,12.0,0.083,35.0,368,21st Amendment Brewery,San Francisco,CA
38,10.0,Brew Free! or Die IPA,American IPA,12.0,0.07,65.0,1236.3595883863711,21st Amendment Brewery,San Francisco,CA
39,9.0,Hell or High Watermelon Wheat,Fruit / Vegetable Beer,12.0,0.049,17.0,368,21st Amendment Brewery,San Francisco,CA
40,2519.0,Bimini Twist,Am??erican IPA,12.0,0.07,82.0,67,3 Daughters Brewing,St Petersburg,FL
41,2518.0,Beach Blonde,American Blonde Ale,12.0,0.05,,67,3 Daughters Brewing,St Petersburg,FL
42,2517.0,Rod Bender Red,American Amber / Red Ale,12.0,0.059,,67,3 Daughters Brewing,St Petersburg,FL
43,2545.0,Passion Fruit Prussia,Berliner Weissbier,12.0,0.035,11.0,218.0935974412536,4 Hands Brewing Company,Saint Louis,MO
44,2544.0,Send Help,American Blonde Ale,12.0,0.14026444504647623,18.0,60,4 Hands Brewing Company,Saint Louis,MO
45,2324.0,Cast Iron Oatmeal Brown,American Brown Ale,12.0,0.055,,60,4 Hands Brewing Company,Saint Louis,MO
46,2288.0,Reprise Centennial Red,American Amber / Red Ale,12.0,0.06,,60,4 Hands Brewing Company,Saint Louis,MO
47,2287.0,Alter Ego,American Black Ale,12.0,0.055,,60,4 Hands Brewing Company,Saint Louis,M??$O
48,2286.0,Divided Sky,American IPA,12.0,0.065,,60,4 Hands Brewing Company,Saint Louis,MO
49,2285.0,Resurr??e#cted,American IPA,12.0,0.065,,60,4 Hands Brewing Company,Saint Louis,MO
50,1870.0,Contact High,American Pale Wheat Ale,12.0,0.05,28.0,60,4 Hands Brewing Company,Saint Louis,MO
51,2603.0,Galaxyfest,American IPA,16.0,0.065,,27,450 North Brewing Company,Columbus,IN
52,2602.0,Citrafest,American IPA,16.0,0.05,45.0,27,450 North Brewing Company,Columbus,IN
53,2220.0,Barn Yeti,Belgian Strong Dark Ale,16.0,0.09,,27,450 North Brewing Company,Columbus,IN
54,2219.0,Scarecrow,American IPA,16.0,0.069,65.0,27,450 North Brewing Company,Columbus,IN
55,2218.0,Ironman,English Strong Ale,16.0,0.09,50.0,27,450 North Brewing Company,Columbus,IN
56,2217.0,##Honey Kolsch,Kölsch,16.0,0.046,15.0,27,450 North Brewing Company,Columbus,I#N%
57,2216.0,Copperhead Amber,Belgian Dark Ale,16.0,0.052,18.0,27,450 North Brewing$ Compan@@y,Columbus,IN
58,972.0,Rude Parrot IPA,American IPA,16.0,0.059,75.0,481,7 Sea$s Brewing C%ompany,Gig Harbor,WA
59,3542.006302006357,British Pale Ale (2010),English Pale Ale,16.0,0.054,30.0,1616.3860487533966,7 Seas Brewing Company,Gig Harbor,WA
60,48.0,British Pale Ale,English Pale Ale,16.0,0.054,30.0,481,7 Seas Brewing Company,Gig Harbor,WA
61,47.0,Ballz Deep Double IPA,American Double / Imperial IPA,16.0,0.084,468.87651390192394,481,7 Seas Brewing Company,Gig Harbor,WA
62,1583.0,Wolfman's Berliner,Berliner Weissbier,12.0,0.038,,373,7venth Sun,Dunedin,%FL#
63,1165.0,Colorado Native,American Amber / Red Lager,12.0,0.055,26.0,462,AC Golden Brewing Company,Golden,CO
64,431.0,Colorado Native (2011),American Amber / Red Lager,12.0,0.055,26.0,462,AC Golden Brewing Company,Golden,CO
65,516.0,Jockamo IPA,American IPA,12.0,0.2521435698396285,52.0,533,Abita Brewing Company,Abita Springs,LA
66,515.0,Purple Haze,Fruit / Vegetable Beer,12.0,0.042,13.0,533,Abita Brewing Company,Abita Springs,LA
67,514.0,Abita Amber,American Amber / Red Lager,12.0,0.045,17.0,533,Abita Brewing Company,Abita Springs,LA
68,2540.0,Citra Ass Down,American IPA,16.0,0.082,68.0,62,Against The Grain Brewery,Louisville,KY
69,2539.0,??The Bro$wn Note,American Brown Ale,16.0,0.05,20.0,62,Against The Grain Brewery,Louisville,K@@#Y
70,2686.0,@@Citra Ass Down,American Double / Imperial IPA,16.0,0.08,68.0,4.403862684431493,Against the Grain Brewery,Louisville,KY
71,9775.30915914494,London Balling,English Barleywine,16.0,0.125,80.0,1,Against the Grain Brewery,Louisville,KY
72,2684.0,35 K,Milk / Sweet Stout,16.0,0.077,25.0,1,Against the Grain Brewery,Louisville,KY
73,12723.79521381481,A Beer,American Pale Ale (APA),16.0,0.042,42.0,1,Against the Grain Brewery,Louisville,KY
74,2682.0,Rules are Rules,German Pilsener,16.0,0.05,25.0,1,Against the Grain Brewery,Louisville,KY
75,2681.0,Flesh Gourd'n,Pumpkin Ale,16.0,0.066,21.0,1,Against the Grain Brewery,Louisville,KY
76,2680.0,Sho'nuff,Belgian Pale Ale,60.34380099673925,0.04,13.0,1,Against the Grain Brewery,Lo@@uisville,KY
77,2679.0,Bloody Show,American Pilsner,16.0,0.055,17.0,4.78847738055142,Against the Grain Brewery,Louisville,KY
78,2678.0,Rico Sauvin,American Double / Imperial IPA,16.0,0.076,68.0,1,Against the Grain Brewery,Louisville,KY
79,2677.0,Coq de la Marche,Saison / Farmhouse Ale,16.0,0.051,38.0,1,Against the Grain Brewery,Louisville,KY
80,2676.0,Kamen Knuddeln,American Wild Ale,16.0,0.065,,1,Against the Grain Brewery,Louisville,KY
81,10399.564567840382,Pile of Face,American IPA,16.0,0.06,65.0,4.453252008915609,Agai@@nst the Grain Brewery,Louisville,KY
82,2674.0,The Brown Note,English Brown Ale,16.0,0.05,75.30352884632887,1,Against the Grain Brewery,Louisville,$KY
83,1594.0,Maylani's Coconut Stout,American Stout,16.0,0.053,35.0,367,Airways Brewing Company,Kent,WA
84,1162.0,Oat##meal PSA,American Pale Ale (APA),16.0,0.05,35.0,367,Airways $Brewing C@@ompany,Kent,WA
85,1137.0,Pre Flight Pilsner,American Pilsner,16.0,0.052,33.0,367,Airways Brewing Company,Kent,WA
86,2403.0,P-Town Pilsner,American Pilsner,12.0,0.04,20.0,117,Alameda Brewing,Portland,OR
87,2402.0,Klickitat Pale Ale,American Pale Ale (APA),12.0,0.16263218984637068,36.0,117,Alameda Brewing,Portland,OR
88,2401.0,Yellow Wolf Imperial IPA,American Double / Imperial IPA,12.0,0.082,103.0,117,Alameda Brewing,Portland,OR
89,1921.0,Freeride APA,American Pale Ale (APA),12.0,0.053,40.0,876.3560777127888,Alaskan Brewing Company,Juneau,AK
90,1920.0,Alaskan Amber,Altbier,12.0,0.053,18.0,270,Alaskan Brewing Company,Juneau,AK
91,10750.698439924272,Hopalicious,American Pale Ale (APA),12.0,0.057,,73,Ale Asylum,Madison,WI
92,1535.0,Kentucky Kölsch,Kölsch,16.0,0.043,,388,Alltech's Lexington Brewing Company,Lexington,KY
93,1149.0,Kentucky IPA,American IPA,16.0,0.065,,388,Alltech's Lexington Brewing Company,Lexington,KY
94,1474.0,Dusty Trail Pale Ale,American Pale Ale (APA),16.0,0.054,,1509.2553498886434,Amnesia Brewing Company,Washougal,WA
95,1473.0,Damnesia,Amer??i%can IPA,65.01969014616604,0.062,,401,Amnesia Brewing Company,Washougal,WA
96,837.0,Desolation IPA,American IPA,16.0,0.062,43.0,401,Amnesia Brewing Company,Washougal,WA
97,2592.0,Liberty Ale,American IPA,12.0,0.059,,35,Anchor Brewing Company,San Francisco,CA
98,11015.909455618399,IPA,$America??n IPA,12.0,0.065,,35,Anchor Brewing Company,Sa??n Francisc#o,CA
99,2577.0,Summer Wheat,American Pale Wheat Ale,12.0,0.045,,35,Anchor Brewing Company,San Francisco,CA
100,2103.0,California Lager,American Amber / Red Lager,12.0,0.049,,35,Anchor Brewing Company,San Francisco,CA
101,2102.0,Brotherhood Steam,California Commo$n / Steam Beer,12.0,0.056,,35,Anchor Brewing Company,San Francisco,C??A
102,2291.0,Blood Orange Gose,Gose,12.0,0.042,,171,Anderson Valley Brewing Company,Boonville,CA
103,1818.0,Keebarlin' Pale Ale,American Pale Ale (APA),12.0,0.042,,171,Anderson Valley Brewing Company,Boonville,CA
104,1738.0,the Kimmie the Yink and the Holy Gose,Gose,12.0,0.048,,171,Anderson Valley Brewing Company,Boonville,CA
105,1563.0,Fall Hornin',Pumpkin Ale,12.0,0.30672065944489435,,171,Anderson Valley Brewing Company,Boonville,CA
106,8337.210481199218,Barney Flats Oatmeal Stout,Oatmeal Stout,12.0,0.057,13.0,171,Anderson Valley Brewing Company,Boonville,CA
107,1350.0,Summer Solstice,Cream Ale,12.0,0.056,4.0,171,Anderson Valley Brewing Company,Boonville,CA
108,1327.0,Hop Ottin' IPA,American IPA,12.0,0.07,80.0,171,Anderson Valley Brewing Company,Boonville,CA
109,1326.0,Boont Amber Ale,American Amber / Red Ale,12.0,0.058,15.0,171,Anderson Valley Brewing Company,Boonville,CA
110,1221.0,Barney Flats Oatmeal Stout,Oatmeal Stout,12.0,0.057,13.0,1011.8655908792966,Anderson Valley Brewing Company,Boonville,CA
111,1217.0,El Steinber Dark Lager,Vienna Lager,16.0,0.055,25.0,171,Anderson Valley Brewing Company,Boonville,CA
112,811.0,Boont Amber Ale (2010),American Amber / Red Ale,12.0,0.058,15.0,171,Anderson Valley Brewing Company,Boonville,CA
113,753.0,Summer Solstice Cerveza Crema (2009),Cream Ale,12.0,0.056,4.0,171,Anderson Valley Brewing Company,Boonville,CA
114,572.0,Barney Flats Oatmeal Stout (2012),Oatmeal Stout,12.0,0.057,13.0,171,Anderson Valley Brewing Company,Boonville,CA
115,523.0,Winter Solstice,Winter Warmer,69.53373792472733,0.069,6.0,171,Anderson Valley Brewing Company,Boonville,CA
116,367.0,Hop Ottin' IPA (2011),American IPA,12.0,0.07,80.0,171,Anderson Valley Brewing Company,Boonville,CA
117,78.0,Boont Amber Ale (2011),American Amber / Red Ale,12.0,0.058,15.0,171,Anderson Valley Brewing Company,Boonville,C#??A
118,77.0,Summer Solstice (2011),Cream Ale,12.0,0.056,4.0,995.7537135978931,Anderson Valley Brewing Company,Boonville,CA
119,76.0,Poleeko Gold Pale Ale (2009),American Pale Ale (APA),12.0,0.055,140.55262684072585,171,Anderson Valley Brewing Company,Boonville,CA
120,2337.0,Charlie's Rye IPA,American IPA,16.0,0.06,,146,Angry %Minn@@ow,Hayward,WI
121,410.0,River Pig Pale Ale,American Pale Ale (APA),16.0,0.054,,542,Angry Minnow Brewing Company,Hayward,W%I
122,409.0,Oaky's Oatmeal Stout,Oatmeal Stout,16.0,0.047,,542,Angry Minnow Brewing Company,Hayward,WI
123,1294.0,Angry Orchard Apple Ginger,Cider,16.0,0.05,,434,Angry Orchard Cider Company,Cincinnati,OH
124,1293.0,Angry Orchard Cris??p# Apple,Cider,16.0,0.05,,434,Angry Orchard Cider Company,Cincinnati,OH
125,1292.0,Angry Orchard Crisp Apple,Cider,12.0,0.05,,434,Angry Orchard Cider Company,Cincinnati,OH
126,2207.0,Golden One,Belgian Pale Ale,12.0,0.068,,193,Anthem Brewing Company,Oklahoma City,OK
127,2040.0,Arjuna,Witbier,12.0,0.06,,193,Anthem Brewing Company,Oklahoma City,OK
128,2039.0,Uroboros,American Stout,12.0,0.085,,193,Anthem Brewing Company,Oklahoma City,OK
129,2511.0,Long Leaf,American IPA,16.0,0.071,75.0,69,Appalachian Mountain Brewery,$B$oone,NC
130,2510.0,Honey Badger Blonde,American Blonde Ale,16.0,0.047,19.0,69,Appalachian Mountain Brewery,B%#oone,NC
131,2509.0,Porter (a/k/a Black Gold Porter),American Porter,72.63764714523523,0.32933523051247554,23.0,69,Appalachian Mountain Brewery,Boone,NC
132,413.0,Sky High Rye,American Pale Ale (APA),12.0,0.06,55.0,541,Arcadia Brewing Company,Battle Creek,MI
133,390.0,Whitsun,American Pale Wheat Ale,63.276891972308235,0.062,17.0,541,Arcadia Brewing Company,Battle Creek,MI
134,735.0,On-On Ale (2008),American Pale Ale (APA),12.0,0.052,,513,Arctic Craft Br%ewery,Colorado Springs,CO
135,1333.0,Quakertown Stout,American Double / Imperial Stout,12.0,0.092,50.0,426,Armadillo Ale Works,Denton,TX
136,1332.0,Greenbelt Farmhouse Ale,Saison / Farmhouse Ale,12.0,0.051,20.0,426,Armadillo Ale Works,Denton,TX
137,1172.0,Mo's Gose,Gose,16.0,0.052,10.0,461,Armstrong Brewing Company,South San Francisco,??C%A
138,1322.0,Green Bullet Organic India Pale Ale,American IPA,16.0,0.07,45.0,429,Asher Brewing Company,Boulder,CO
139,2357.41727755093,Rocket Girl,Kölsch,12.0,0.18159335315106728,27.0,528,Asheville Brewing @@Company,Asheville,NC
140,429.0,Ninja Porter,American Porter,60.749896226815494,0.19301594315754111,26.0,528,Asheville Brewing Company,Asheville,NC
141,428.0,Shiva IPA,American IPA,12.0,0.06,69.0,528,Asheville Brewing Company,Asheville,NC
142,1640.0,Aslan Kölsch,Kölsch,16.0,0.048,,353,Aslan Brewing Company,Bellingham,WA
143,1639.0,Aslan IPA,American IPA,16.0,0.077,,353,Aslan Brewing Company,Bellingham,WA
144,1638.0,Aslan Amber,American Amber / Red Ale,16.0,0.077,,353,Aslan Brewing Company,Bellingham,WA
145,597.0,This Season's Blonde,American Blonde Ale,12.0,0.056,27.0,523,Aspen Brewing Company,Aspen,CO
146,596.0,Independence Pass Ale,American IPA,61.72267407018376,0.07,67.0,523,Aspen Brewing Company,Aspen,CO
147,1580.0,Trolley Stop Stout,American Stout,12.0,0.057,40.0,374,Astoria Brewing Company,Astoria,OR
148,980.0,Bitter Bitch Imperial IPA,American Double / Imperial IPA,12.0,0.082,138.0,374,Astoria Brewing Company,Astoria,OR##
149,979.0,Poop Deck Porter,American Por$ter,12.0,0.062,35.0,374,Astoria Brewing Company,Astoria,OR
150,978.0,Old Red Beard Amber Ale,American Amber / Red Ale,12.0,0.06,35.0,374,Astoria Brewing Company,Astoria,OR
151,2503.0,Hop A-Peel,American Double / Imperial IPA,16.0,0.075,115.0,72,Atwater Brewery,Detroit,MI
152,2502.0,Vanilla Java Porter,American Porter,16.0,0.055,12.0,72,Atwater Brewery,Detroit,MI
153,2495.0,Michelada,Fruit / Vegetable Beer,16.0,0.052,,72,Atwater Brewery,Detroit,MI
154,1793.6600069306678,Dirty Blonde Ale,Ameri%can B??londe Ale,37.83172044424464,0.045,8.0,72,At%water Brewery,Detroit,MI
155,528.0,Grand Circus IPA,American IPA,12.0,0.05,62.0,72,Atwater Brewery,Detroit,MI
156,527.0,Atwater's Lager,Munich Helles Lager,59.396707684435256,0.05,12.0,72,Atwater Brewery,Detroit??@@,MI
157,1409.0,Heavy Machinery IPA Series #1: Heavy Fist,American Black Ale,16.0,0.07,,413,Austin Beerworks,Austin,TX
158,343.0,Fire Eagle IPA,American IPA,12.0,0.21029810969231522,,1555.2578909395693,Austin Beerworks,Austin,TX
159,342.0,Peacemaker,American Pale Ale (APA),12.0,0.051,,413,Austin Beerworks,Austin,TX
160,341.0,Pearl-Snap,German Pilsener,12.0,0.053,,413,A??ustin Bee#rworks,Austin,TX
161,340.0,Black Thunder,Schwarzbier,12.0,0.052,,413,Austin Beerworks,Austin,TX
162,2589.0,Raja,American Double / Imperial IPA,12.0,0.08,,37,Avery Brewing Company,Boulder,CO
163,2546.0,Perzik Saison,Saison / Farmhouse Ale,12.0,0.064,,37,Avery Brewing Company,Boulder,CO
164,146.0,Avery Joe’s Premium American Pilsner,German Pilsener,12.0,0.047,42.0,37,Avery Brewing Company,Boulder,CO
165,108.0,White Rascal,Witbier,12.0,0.056,10.0,37,Avery Brewing Company,Boulder,CO
166,107.0,Avery India Pale Ale,American IPA,12.0,0.063,69.0,37,Avery Brewing Company,Boulder,#CO
167,106.0,Ellie’s Brown Ale,American Brown Ale,12.0,0.055,17.0,37,Avery Brewing Company,Boulder,CO
168,1620.0,Pumpkin Beast,Pumpkin Ale,12.0,0.062,17.0,360,Aviator Brewing Company,Fuquay-Varina,NC
169,8008.164409336103,OktoberBeast,Märzen / Oktoberfest,12.0,0.072,22.0,360,Aviator Brewing Company,Fuquay-Varina,NC
170,1228.0,Mad Beach,American Pale Wheat Ale,12.0,0.048,23.0,360,Aviator Brewing Company,Fuquay-Varina,NC
171,705.0,Hog Wild India Pale Ale,American IPA,12.0,0.067,,360,Aviator Brewing Company,Fuquay-Varina,NC
172,704.0,Devils Tramping Ground Tripel,Tripel,12.0,0.092,5.0,360,Aviator Brewing Company,Fuquay-Varina,NC
173,702.0,Hot Rod Red,American Amber / Red Ale,12.0,0.061,41.0,360,Aviator Brewing Company,Fuquay-Varina,NC
174,2058.0,Palate Mallet,American Double / Imperial IPA,12.0,0.086,,235,Back East Brewing Company,Bloomfield,CT
175,1483.0,Back East Porter,American Porter,12.0,0.06,,235,Back East Brewing Company,Bloomfield,CT
176,1426.0,Back East Golden Ale,American Blonde Ale,12.0,0.049,,235,Back East Brewing Company,Bloomfield,CT
177,1132.0,Misty Mountain IPA,American IPA,12.0,0.07,,235,Back East Brewing Company,Bloomfield,CT
178,1131.0,Back East Ale,American Amber / Red Ale,12.0,0.05,,235,Back East Brewing Company,Bloomfield,CT
179,1876.0,Truck Stop Honey Brown Ale,English Brown Ale,38.7414748356932,0.06,,286,Back Forty Beer Company,Gadsden,AL
180,1875.0,Naked Pig Pale Ale,American Pale Ale (APA),12.0,0.06,43.0,286,Back Forty Beer Company,Gadsden,AL
181,966.0,To$pcutter India Pale Ale,American IPA,12.0,0.068,305.69312302139923,483,Bale Breaker Brewing Company,Yakima,WA
182,965.0,Field 41 Pale Ale,American Pale Ale (APA),12.0,0.044,38.0,483,Bale Breaker Brewing Company,Yakima,WA
183,2593.0,Grapefruit Sculpin,American IPA$,12.0,0.07,,34,Ballast Point Brewing Company,San Diego,CA
184,2105.0,Even Keel,American IPA,12.0,0.038,40.0,34,Ballast Point Brewing Company,San Diego,CA
185,1401.0,Ballast Point Pale Ale,Kölsch,12.0,0.052,23.0,34,Ballast Point Brewing Company,San Diego,CA
186,1400.0,Big Eye India Pale Ale,American IPA,12.0,0.07,75.0,34,Ballast Point Brewing Company,San Diego,CA
187,1019.0,Longfin Lager,Munich Helles Lager,12.0,0.046,,34,Ballast Point Brewing Company,San Diego,CA
188,1018.0,Sculpin IPA,American IPA,56.745813144084714,0.07,70.0,34,Ballast Point Brewing Company,%San Dieg$o,CA
189,1776.0,All Nighter Ale,Extra Special / Strong Bitter (ESB),12.0,0.045,,318,Banner Beer Company,Williamsburg,MA
190,9426.232292941142,Banner American Rye,Rye Beer,12.0,0.045,20.0,318,Banner Beer Company,Williamsburg,MA
191,1643.0,Banner American Ale,American Amber / Red Ale,12.0,0.035,45.0,318,Banner Beer Company,Williamsburg,MA
192,2618.0,Thai.p.a,American IPA,16.0,0.07,46.0,20,Bare Hands Brewery,Granger,IN
193,2005.0,Barrio Blanco,American IPA,12.0,0.06,60.0,251,Barrio Brewing Company,Tucson,AZ
194,1343.0,Barrio Tucson Blonde,American Blonde Ale,12.0,0.045,,251,Barrio Brewing Company,Tucson,AZ
195,2404.0,Hop in the ‘Pool Helles,A??merican Pilsner,12.0,0.049,22.0,116,Base Camp Brewing Co.,Portland,OR
196,7382.387632866207,Ultra Gnar Gnar IPA,American IPA,12.0,0.067,60.0,116,Base Camp Brewing Co.,Portland,OR
197,2189.0,In-Tents India Pale Lager,American Pale Lager,12.0,0.068,62.0,116,Base Camp Brewing Co.,Portland,OR
198,2188.0,Lost $Meridia%n Wit,Witbier,12.0,0.05,20.0,116,Base Camp Brewing Co.,Portland,OR
199,2187.0,Celestial Meridian Cascadian Dark Lager,Euro Dark Lager,12.0,0.051,45.0,116,Base Camp Brewing Co.,Portland,OR
200,1966.0,Wagon Party,California Common / Steam Beer,12.0,0.054,55.0,258,Bauhaus Brew Labs,Minneapolis,MN
201,1965.0,Sky-Five,American IPA,12.0,0.067,70.0,258,Bauhaus Brew Labs,Minneapolis,MN
202,1964.0,Stargrazer,Schwarzbier,12.0,0.05,28.0,258,Bauhaus Brew Labs,Minneapolis,MN
203,1963.0,Wonderstuff,German Pilsener,12.0,0.054,217.94537156568032,258,Bauhaus Brew Labs,Minneapolis,MN
204,1855.0,Tarnation California-Style Lager,Cali%fornia Common / St#eam Beer,12.0,0.053,,292,Baxter Brewing Company,Lewiston,ME
205,1778.0,On the Count of 3 (2015),Hefeweizen,16.0,0.07,42.0,292,Baxter Brewing Company,Lewiston,#ME
206,1209.0,Sum??mer# Swelter,Americ#an Pale Wheat Ale,12.0,0.047,,292,Baxter Brewing Company,Lewiston,ME
207,954.0,Phantom Punch Winter Stout,Foreign / Export Stout,12.0,0.068,,292,Baxter Brewing Company,Lewiston,ME
208,910.0,Hayride Autumn Ale,Rye Beer,12.0,0.066,,292,Baxter Brewing Company,Lewiston,ME
209,707.0,Celsius Summer Ale (2012),American Pale Wheat Ale,12.0,0.047,,1270.0926839426581,Baxter Brewing Company,Lewiston,ME
210,533.0,Amber Road,American Am??b$er / Red Ale,12.0,0.055,35.0,292,Baxter Brewing Company,Lewiston,ME
211,183.0,Pamola Xtra Pale Ale,American Pale Ale (APA),12.0,0.049,28.0,292,Baxter Brewing Company,Lewiston,ME
212,700.0376047405836,Stowaway IPA,American IPA,12.0,0.4081961129507859,69.0,292,Baxter Brewing Company,Lewiston,ME
213,1806.0,Hoptopus Double IPA,American Double / Imperial IPA,16.0,0.088,108.0,306,Beach Brewing Company,Virginia Beach,VA
214,2435.0,Watermelon Ale,Fruit / Vegetable Beer,12.0,0.05,10.0,103,Beer Works Brewery,Lowell,MA
215,2423.0,Fenway American Pale Ale,American Pale Ale (APA),12.0,0.058,45.0,103,Beer Works Brewery,Lowell,MA
216,2420.0,Back Bay IPA,American# IPA,12.0,0.068,85.0,103,Beer Works Brewery,Lowell,MA
217,2419.0,Bunker Hill Blueberry Ale,Other,12.0,0.048,16.0,103,Beer Works Brewery,Lowell,MA
218,2494.0,Oberon,American Pale Wheat Ale,39.43936325967577,0.058,,76,Bell's Brewery,Kalamazoo,MI
219,2325.0,Smitten,Rye Beer,16.0,0.06,,76,Bell's Brewery,Kalamazoo,MI
220,2022.0,W#inter White,Witbier,16.0,0.05,,76,Bell's Brewery,Kalamazoo,MI
221,1989.0,Oberon,American Pale Wheat Ale,16.0,0.058,,76,Bell's Brewery,Kalamazoo,MI
222,1988.0,Two Hearted,American IPA,16.0,0.07,,76,Bell's Brewery,Kalamazoo,MI
223,1955.0,Best Brown,American Brown Ale,16.0,0.058,,76,Bell's Br??ewer$y,Kalamazoo,MI
224,2558.0,Moar,English India Pale Ale (IPA),12.0,0.044,44.0,53,Bent Brewstillery,Roseville,MN
225,2557.0,Uber Lupin Schwarz IPA,American Double / Imperial IPA,16.0,0.083,,53,Bent Brewstillery,Roseville,MN
226,2556.0,Nordic Blonde,American Blonde Ale,12.0,0.057,27.0,53,Bent Brewstillery,Roseville,MN
227,2496.0,Cold Press,American Black Ale,12.0,0.06,,75,Bent Paddle Brewing Company,Duluth,MN
228,2410.0,Harness the Winter,American IPA,12.0,0.072,87.0,75,Bent Paddle Brewing Company,Duluth,MN
229,1902.0,14° ESB,Extra Special / Strong Bitter (ESB),54.56369900470781,0.056,32.0,75,Bent Paddle Brewing Company,Duluth,MN
230,1901.0,Bent Hop Golden IPA,American IPA,12.0,0.062,68.0,75,Bent Paddle Brewing Company,Duluth,MN
231,1261.0,Bent Paddle Black Ale,American Black Ale,12.0,0.06,34.0,75,Bent Paddle Brewing Company,Du$luth??,MN
232,1253.0,Venture Pils,German Pilsener,12.0,0.05,38.0,75,Bent Paddle Brewing Company,Duluth,MN
233,1900.0,Lost Sailor IPA,English India Pale Ale (IPA),12.0,0.055,40.0,1052.262992245991,Berkshire Brewing Company,South Deerfield,MA
234,7718.325832642648,Steel Rail Extra Pale Ale,American Pale Ale (APA),12.0,0.22582522561810373,20.0,278,Berkshire Brewing Company,South Deerfield,MA
235,1158.0,La Frontera Premium IPA,American IPA,12.0,0.078,,463,Big Bend Brewing Company,Alpine,TX
236,1157.0,Tejas Lager,Czech Pilsener,12.0,0.047,,1572.8219347458732,Big Bend Brewing Company,Alpine,TX
237,1156.0,Number 22 Porter,American Porter,12.0,0.064,,463,Big Bend Brewing Company,Alpine,TX
238,1155.0,Big Bend Hefeweizen,Hefeweizen,12.0,0.056,,463,Big Bend Brewing Company,@@Al%pine,TX
239,1154.0,Terlingua Gold,American Blonde Ale,12.0,0.06,,463,B@@ig Ben%d Brewing Company,Alpine,TX
240,2104.0,Aprè Shred,American Strong Ale,16.0,0.081,17.0,1305.6117517617765,??Big Choice Brew??ing,Broomfield,CO
241,1762.0,Hemlock Double IPA,American Double / Imperial IPA,12.0,0.095,104.0,220,Big Choice Brewing,Broomfield,CO
242,4352.943058615215,West Portal Colorado Common Summer Ale,California Common / St%eam Beer,16.0,0.041,,220,Big Choice Brewing,Broomfield,CO
243,1067.0,Disconnected Red,American Amber / Red Ale,16.0,0.067,85.0,220,Big Choice Brewing,Broomfield,CO
244,1003.0,Big Elm IPA,American IPA,12.0,0.07,,477,Big Elm Brewing,Sheffield,MA
245,5443.207233715641,Gerry Dog Stout,American Stout,12.0,0.065,,477,Big Elm Brewing,Sheffield,MA
246,1001.0,413 Farmhouse Ale,Saison / Farmhouse Ale,12.0,0.06,,477,Big Elm Brewing,Sheffield,MA
247,2639.0,Dark Star,American Stout,16.0,0.44557215764966357,54.0,8,Big Lake Brewing,Holland,MI
248,2469.0,Ryecoe,American IPA,16.0,0.062,,8,Big Lake Brewing,Holland,MI
249,2586.0,Blueberry Blonde,Fruit / Vegetable Beer,12.0,0.06,,40,Big Muddy Brewing,Murphysboro,IL
250,2585.0,Galaxy IPA,American IPA,16.0,0.075,60.0,40,Big Muddy Brewing,Murphysboro,IL
251,643.0,Big River Pilsner,Czech Pilsener,40.18301304124206,0.05,32.0,519,Big River Brewing Company,Chattanooga,TN
252,632.0,House Brand IPA,American IPA,12.0,0.06,55.0,519,Big River Brewing Company,Chattanooga,TN
253,1714.0,Big Sky IPA,American IPA,44.14057657543826,0.062,65.0,336,Big Sky Brewing Company,Missoula,MT
254,1713.0,Scape Goat Pale Ale,English Pale Ale,12.0,0.05,40.0,336,Big Sky Brewing Company,Missoula,MT
255,1712.0,Montana Trout Slayer Ale,American Pale Wheat Ale,12.0,0.05,35.0,336,Big Sky Brewing Company,Missoula,MT
256,1711.0,Moose Drool Brown Ale,American Brown Ale,12.0,0.051,26.0,336,Big Sky Brewing Company,Missoula,MT
257,1456.0,Powder Hound Winter Ale,English Strong Ale,12.0,0.072,60.0,336,Big Sky Brewing Company,Missoula,MT
258,767.0,Moose Drool Brown Ale (2011),American Brown Ale,12.0,0.051,26.0,1166.625010814395,Big Sky Brewing Company,Missoula,MT
259,766.0,Montana Trout Slayer Ale (2012),American Pale Wheat Ale,12.0,0.05,35.0,336,Big Sky Brewing Company,Missoula,MT
260,579.0,Big Sky IPA (2012),American IPA,37.31627069203434,0.062,65.0,336,Big Sky Brewing Company,Missoula,MT
261,168.0,Summer Honey,American Blonde Ale,12.0,0.047,,336,Big Sky Brewing Company,Missoula,MT
262,159.0,Scape Goat Pale Ale (2010),English Pale Ale,12.0,0.05,40.0,336,Big Sky Brewing Company,Missoula,MT
263,35.0,Montana Trout Slayer Ale (2009),American Pale Wheat Ale,12.0,0.05,35.0,336,Big Sky Brewing Company,Missoula,MT
264,34.0,Moose Drool Brown Ale (2009),American Brown Ale,12.0,0.051,26.0,336,Big Sky Brewing Company,Missoula,MT
265,2096.0,Arcus IPA,American IPA,12.0,0.069,81.0,221,Big Storm Brewing Company,Odessa,FL
266,2095.0,Wavemaker,American Amber / Red Ale,12.0,0.058,157.4926385465287,221,Big Storm Brewing Company,Odessa,FL
267,1257.0,Jack Pine Savage,American Pale Ale (APA),16.0,0.053,192.01416124593882,2282.2423303541605,Big Wood Brewery,Vadnais Heights,MN
268,1256.0,Forest Fire Imperial Smoked Rye,Rye Beer,16.0,0.099,85.0,444,Big Wood Brewery,Vadnais Heights,MN
269,1255.0,Bad Axe Imperial IPA,American Double / Imperial IPA,16.0,0.098,76.0,1759.09150381183,Big Wood Brewery,Vadnais Heights,MN
270,986.0,Morning Wood,Oatmeal Stout,16.0,0.055,35.0,444,Big Wood Brewery,Vadnais Heights,MN
271,985.0,Bark Bite IPA,American IPA,16.0,0.066,50.0,444,Big Wood Brewery,Vadnais Heights,@@MN
272,2508.0,Jalapeno Pale Ale,American Pale Ale (APA),16.0,0.055,45.0,70,Birdsong Brewing Company,Charlotte,NC
273,1441.0,Blown Out Brown,American Brown Ale,12.0,0.052,,407,Bitter Root Brewing,Hamilton,MT
274,1413.0,Single Hop Ale,American Pale Ale (APA),12.0,0.063,,407,Bitter Root Brewing,Hamilton,MT%#
275,1411.0,Sawtooth Al$e,American Blonde Ale,12.0,0.054,,407,Bitter Root Brewing,Hamilton,@@$MT
276,2620.0,Saucy Intruder,Rye B$eer,16.0,0.072,75.0,18,Black Acre Brewing Co.,Indianapolis,IN
277,2412.0,Deception,American Blonde Ale,12.0,0.045,16.0,112,Black Market Brewing Company,Temecula,CA
278,1898.0,Blackmarket Rye IPA,American IPA,12.0,0.075,35.0,112,Black Market Brewing Company,Temecula,CA
279,1897.0,Black Market Hefeweizen,Hefeweizen,12.0,0.05,8.0,112,Black Market Brewing Company,Temecula,CA
280,1896.0,Aftermath Pale Ale,American Pale Ale (APA),12.0,0.058,44.0,112,Black Market Brewing Company,Temecula,CA
281,1850.0,American India Red Ale,American Strong Ale,12.0,0.071,83.0,294,Black Shirt Brewing Company,Denver,CO
282,1849.0,American Red Porter,American Porter,12.0,0.071,45.0,294,Black Shirt Brewing Company,Denver,CO
283,1848.0,American Red Saison,Saison / Farmhouse Ale,12.0,0.4646039307866627,34.0,294,Black Shirt Brewing Company,Denver,CO
284,1847.0,Colorado Red Ale,American Amber / Red Ale,12.0,0.066,44.0,294,Black Shirt Brewing Company,Denver,CO
285,2485.0,Saddle Bronc Brown Ale,American Brown Ale,12.0,0.048,16.0,79,Black Tooth Brewing Company,Sheridan,WY
286,2484.0,Bomber Mountain Amber Ale,American Amber / Red Ale,12.0,0.046,20.0,79,Black Tooth Brewing Company,Sh#%eridan,WY
287,2449.0,Flying Sailor,Rye Beer,12.0,0.073,,95,Blackrocks Brewery,Marquette,MA
288,2634.0,Nordskye,American IPA,12.0,0.048,47.0,12,Blackrocks Brewery,Marquette,MI
289,2153.0,North Third Stout,Foreign / Export Stout,12.0,0.06,30.0,12,Blackrocks Brewery,Marquette,MI
290,1953.0,Honey Lav,American Pale Wheat Ale,12.0,0.052,,12,Blackrocks Brewery,Marquette,MI
291,1496.0,Coconut Brown Ale,American Brown Ale,12.0,0.068,,12,Blackrocks Brewery,Marquette,MI
292,1481.0,51K IPA,American IPA,12.0,0.07,51.0,12,Blackrocks Brewery,Marquette,MI
293,1480.0,Grand Rabbits,Cream Ale,12.0,0.055,,12,Blackrocks Brewery,Marquette,MI
294,1564.0,1800 Big Log Wheat (2012),American Pale Wheat Ale,12.0,0.05,,380,Blue Blood Brewing Company,Lincoln,NE
295,1541.0,Double Play Pilsner,American Pilsner,12.0,,,380,Blue Blood Brewing Company,Lincoln,NE
296,1321.0,Brewerhood Brown Ale,Amer$ica%n Brown Ale,12.0,0.055,,380,Blue Blood Brewing Company,Lincoln,NE
297,1320.0,Last Call Imperial Amber Ale,American Amber / Red Ale,12.0,0.2703452784601977,,2188.249369253579,Blue Blood Brewing Company,Lincoln,NE
298,1319.0,Pernicious Double IPA,American Double / Imperial IPA,12.0,0.096,,380,Blue Blood Brewing Company,Lincoln,NE
299,1303.0,6-4-3 Double Play Pilsner,German Pilsener,12.0,0.17263638485024377,,380,Blue Blood Brewing Company,Lincoln,NE
300,1025.0,N Street Drive-In 50th Anniversary IPA,American Double / Imperial IPA,12.0,,,380,Blue Blood Brewing Company,Lincoln,NE
301,1012.0,4#67 Ethan's S$tout,American Stout,12.0,0.05,,380,Blue Blood Brewing Company,Lincoln,NE
302,942.0,1335 Wicked Snout,Saison / Farmhouse Ale,12.0,0.064,,380,Blue Blood Brewing Company,Lincoln,NE
303,937.0,543 Skull Creek Fresh Hopped Pale Ale,American Pale Ale (APA),12.0,0.045,,380,Blue Blood Brewing Company,Lincoln,NE
304,888.0,1327 Pod's ESB,Extra Special / Strong Bitter (ESB),12.0,0.056,37.0,380,Blue Blood Brewing Company,Lincoln,NE
305,886.0,1327 Pod's ESB,Extra Special / Strong Bitter (ESB),12.0,0.056,37.0,380,Blue Blood Brewing Company,Lincoln,N??E#
306,612.0,1327@@ Pod's ESB,Extra Special / Strong Bitter (ESB),12.0,0.056,37.0,380,Blue Blood Brewing Company,Lincoln,NE
307,611.0,834 Happy As Ale,American Pale Ale (APA),12.0,0.046,35.0,2145.920261376017,Blue Blood Brewing Company,Lincoln,NE
308,1372.0,Yellow Collar,Mead,12.0,0.059,,422,Blue Dog Mead,Eugene,OR
309,1371.0,Green Collar,Mead,12.0,0.059,,422,Blue Dog Mead,Eugene,OR
310,1812.0,Quarter Mile Double IPA,American Double / Imperial IPA,12.0,0.08,80.0,304,Blue Hills Brewery,Canton,MA
311,1547.0,Full Nelson Pale Ale,American Pale Ale (APA),12.0,0.059,60.0,382,Blue Mountain Brewery,Afton,VA
312,1546.0,Steel Wheels ESB,Extra Special / Strong Bitter (ESB),12.0,0.065,175.31303692032085,382,Blue Mountain Brewery,Afton,VA
313,1545.0,Blue Mountain Classic Lager,Euro Pale Lager,12.0,0.053,22.0,382,Blue Mountain Brewery,Afton,VA
314,119.0,Full Nelson Pale Ale (2010),American Pale Ale (APA),12.0,0.059,60.0,1580.7850202232764,Blue Mountain Brewery,Afton,VA
315,1408.0,Kölsch 151,Kö@@lsch,12.0,0.049,16.0,414,Blue Mountain Brewery,Arrington,VA
316,2490.0,Professor Black,American Stout,12.0,,,77,Blue Owl Brewing,Austin,%$TX
317,2489.0,Little Boss,American Pale Wheat Ale,60.2853529150823,,,77,Blue Owl Brewing,Austin,TX
318,2488.0,Van Dayum!,American Amber / Red Ale,12.0,,,77,Blue Owl Brewing,Austin,TX
319,2487.0,Spirit Animal,American Pale Ale (APA),12.0,,,77,Blue Owl Brewing,Austin,TX
320,939.0,Toxic Sludge,American Black Ale,16.0,0.07,,489,Blue Point Brewing Company,Patchogue,NY
321,692.0,Blue Point Whi%te IPA,American White IPA,12.0,0.3463405182755986,40.0,489,Blue Point Brewing Company,Patchogue,??NY%
322,667.0,Blue Point Summer Ale,American Blonde Ale,12.0,0.044,16.0,489,Blue Point Brewing Company,Patchogue,NY
323,665.0,Toasted Lager,Vienna Lager,12.0,0.055,28.0,489,Blue Point Brewing Company,Patchogue,N$Y
324,1607.0,Bohemian Export Lager,Dortmunder / Export Lager,12.0,0.30001235889663763,,364,Bohemian Brewery,Midvale,UT
325,1597.0,Altus Bohemes Altbier,Altbier#,12.0,0.053,,1538.2033150598609,Bohemian Brewery,Midvale,UT
326,344.0,Cherny Bock,Schwarzbier,12.0,0.04,,364,Bohemian Brewery,Midvale,UT
327,89.0,Czech Pilsner,Czech Pilsener,12.0,0.05,,364,Bohemian Brewery,Midvale,UT
328,88.0,Viennese Lager,Vienna Lager,12.0,0.05,,364,Bohemian Brewery,Midvale,UT
329,1569.0,Mad Manatee IPA,American IPA,12.0,0.065,,378,Bold City Brewery,Jacksonville,FL
330,1568.0,Killer Whale Cream Ale,Cream Ale,64.02660181739947,0.055,,378,Bold City Brewery,Jacksonville,FL
331,1188.0,Duke's Cold Nose Brown Ale,American Brown Ale,12.0,0.06,,378,Bold City Brewery,Jacksonville,FL
332,1891.0,Longhop IPA,American IPA,16.0,0.042,30.0,281,Bolero Snort Brewery,Ridgefield Park,NJ
333,1890.0,Lucky Buck,Irish Dry Stout,16.0,0.04,34.0,281,Bolero Snort Brewery,Ridgefield Park,NJ
334,577.0,Bomb Lager (New Recipe),Munich Helles Lager,12.0,0.051,,525,Bomb Beer Company,New York,NY
335,513.0,Bomb Lager (Old Recipe),Munich Helles Lager,12.0,0.045,27.0,525,Bomb Beer Company,New York,NY
336,2422.0,Firestarter India Pale Ale,American IPA,12.0,0.066,72.0,107,Bonfire Brewing Company,Eagle,CO
337,1727.0,Kilt Dropper Scotch Ale,Scotch Ale / Wee Heavy,16.0,0.075,22.0,107,Bonfire Brewing Company,Eagle,CO
338,1614.0,Wood Splitter Pilsner,Czech Pilsener,16.0,0.048,30.0,107,Bonfire Brewing Company,Eagle,CO
339,1613.0,Gyptoberfest,Märzen / Oktoberfest,12.0,0.056,108.16566782795364,107,Bonfire Brewing Company,Eagle,CO
340,1549.0,Farmer Wirtz India Pale Ale,English India Pale Ale (IPA),16.0,0.07,94.0,107,Bonfire Brewing Company,Eagl%??e,CO
341,1548.0,Slow & Steady Golden Ale,American Blonde Ale,12.0,0.047,,107,Bonfire Brewing Company,Eagle,CO
342,1517.0,Pink-I Raspberry IP@@A,American IPA,16.0,0.068,,107,Bonfire Brewing Company,Eagle,CO
343,1500.0,Moe's Original Bar B Que 'Bama Brew Golden Ale,American Blonde Ale,12.0,0.047,,107,Bonfire Brewing Company,Eagle,CO
344,1421.0,Live Local Golden Ale,American Blonde Ale,12.0,0.047,,107,Bonfire Brewing Company,Eagle,CO
345,1360.0,Screaming Eagle Special Ale ESB,Extra Special / Strong Bitter (ESB),12.0,0.048,38.0,107,Bonfire Brewing Company,Eagle,CO
346,1184.0,Dirtbag Dunkel,Munich Dunkel Lager,16.0,0.049,,107,Bonfire Brewing Company,Eagle,CO
347,1183.0,Kindler Pale Ale,American Pale Ale (APA),12.0,0.053,45.0,107,Bonfi%re Brewing Company,Eagle,CO
348,1023.0,Mistress Winter Wheat,Winter Warmer,58.208110624296204,0.064,,107,Bonfire Brewing Company,Eagle,CO
349,998.0,Tent Pole Vanilla Porter,American Porter,62.46726860667393,0.061,,107,Bonfire Brewing Company,Eagle,CO
350,997.0,Awry Rye Pale Ale,American Pale Ale (APA),12.0,0.058,,107,Bonfire Brewing Company,Eagle$,CO
351,996.0,Demshitz Brown Ale,American Brown Ale,12.0,0.058,,107,Bonfire Brewing Company,Eagle,CO
352,931.0,Wood Splitter Pilsner (2012),Czech Pilsener,12.0,0.048,,107,Bonfire Brewing Company,Eagle,CO
353,798.0,Brush Creek Blonde,American Blonde Ale,16.0,0.048,,107,Bonfire Brewing Company,Eagle,CO
354,633.0,Firestarter India Pale Ale,American IPA,16.0,0.066,72.0,511.88886250341056,Bonfire Brewing Company,Eagle,CO
355,2062.0,Noche Dulce,American Porter,16.0,0.071,16.0,1063.693506861242,Borderlands Brewing Company,Tucson,AZ
356,8798.056915864983,Porch Rocker,Radler,12.0,0.045,8.0,300,Boston Beer Company,Boston,MA
357,1629.0,Rebel IPA,American IPA,16.0,0.065,45.0,300,Boston B??eer Company,Boston,MA
358,1601.0,Cold Snap,Witbier,12.0,0.055,,300,Boston Beer Company,Boston,$MA
359,1427.0,Samuel Adams Winter Lager,Bock,12.0,0.056,,300,Boston Beer Company,Boston,MA
360,1349.0,Boston Lager,Vienna Lager,16.0,0.049,30.0,300,Boston Beer Company,%Boston,MA
361,1310.0,Boston Lager,Vienna Lager,12.0,0.049,30.0,300,Boston Beer Company,%Boston#,MA
362,1281.0,Samuel Adams Octoberfest,Märzen / Oktoberfest,12.0,0.053,15.0,300,Boston Beer Company,Boston,MA
363,1144.0,Samuel Adams Summer Ale,American Pale Wheat Ale,12.0,0.053,7.0,300,Boston Beer Company,Boston,MA
364,1143.0,Boston Lager,Vienna Lager,12.0,0.049,30.0,1576.9574982427348,Boston Beer Company,Boston,MA
365,1395.0,Hazed & Infused,American Pale Ale (APA),12.0,0.049,35.0,417,Boulder Beer Company,Boulder%,CO
366,808.0,Hoopla Pale Ale,American Pale Ale (APA),12.0,0.057,35.0,417,Boulder Beer Company,Boulder,CO
367,81.0,Hazed & Infused (2010),American Pale Ale (APA),12.0,0.049,35.0,1513.3348821964573,Boulder Beer Company,Boulder,CO
368,2596.0,Heavy Lifting,American IPA,12.0,0.062,80.0,31,Boulevard Brewing Company,Kansas City,MO
369,2300.0,1492,American Pale Ale (APA),12.0,0.065,,167,Boxcar Brewing Company,West Chester,??PA
370,2299.0,Mango Ginger,American IPA,12.0,0.058,,167,Boxcar Brewing C%ompany,West Chester,PA
371,2298.0,Passenger,English Dark Mild Ale,12.0,0.047,,167,Boxcar Brewing Company,West Chester,PA
372,2107.0,Plum St. Porter,American Porter,50.98585770733602,0.06,52.0,219,Bozeman Brewing Company,Bozeman,MT
373,1573.0,Plum St. Porter,American Porter,12.0,0.057,200.26931680283224,219,Bozeman Brewing Company,Bozeman,MT
374,4210.314639068144,Bozone HopZone IPA,American IPA,12.0,0.07,80.0,219,Bozeman Brewing Company,Bozeman,MT
375,1288.0,Bozone Hefe Weizen,Hefeweizen,12.0,0.06,25.0,219,Bozeman Brewing Company,Bozeman,MT
376,2718.923741396027,Bozone Select Amber Ale,American Amber / Red Ale,59.519801417584326,0.055,,219,Bozeman Brewing Company,Bozeman,MT
377,2167.0,Evil Owl,American Amber / Red Ale,63.67132767052069,0.052,231.01131666615473,207,Branchline Brewing Company,San Antonio,T$%X
378,2204.0,Post Time Kölsch,Kölsch,16.0,0.05,,195,Breakside Br????ewery,Portla??nd,OR
379,1522.0,Agave Wheat,American Pale Wheat Ale,12.0,0.042,9.0,391,Breckenridge Brewery,Denver,CO
380,397.0,SummerBright Ale,American Pale Wheat Ale,12.0,0.045,15.0,391,Breckenridge Brewery,Denver,CO
381,193.0,Lucky# U #IPA,American IPA,12.0,0.062,68.0,391,Breckenridge Brewery,Denver,CO
382,83.0,Avalanche Ale,American Amber / Red Ale,12.0,0.054,19.0,391,Breckenridge Brewery,Denver,@@CO%
383,1802.0,You're My Boy Blue,Fruit / Vegetable Beer,12.0,0.05,,308,Brew Bus Brewing,Tampa,FL
384,1801.0,Last Stop IPA,American IPA,12.0,0.072,60.0,308,Brew Bus Brewing,Tampa,FL
385,1800.0,Rollin Dirty Red Ale,Irish Red Ale,12.0,0.05,21.0,308,Brew Bus Brewing,Tampa,FL
386,1799.0,Are Wheat There Yet?,American Pale Wheat Ale,12.0,0.055,131.86926985026952,308,Brew Bus Brewing,Tampa,FL
387,2619.0,Insert Hop Reference,American Pale Ale (APA),16.0,0.058,,19,Brew Link Brewing,Plainfield,IN
388,2468.0,Manitou Amber,American Amber / Red Ale,16.0,0.053,,85,Brewery Terra Firma,Traverse City,MI
389,2637.0,Belfort,Saison / Farmhouse Ale,16.0,0.067,,10,Brewery Vivant,Grand Rapids,MI
390,2636.0,Star Runner,Belgian Pale Ale,16.0,0.06,,10,Brewery Vivant,Grand Rapids,MI
391,2598.0,Tart Side of the Barrel,American Double / Imperial Stout,16.0,0.098,,10,Brewery Vivant,Grand Rapid#s%,MI
392,2597.0,Linnaeus Mango IPA,American IPA,16.0,0.06,,10,Brewery Vivant,Grand Rapids,MI
393,2548.0,Beasts A'Burnin',Rauchbier,16.0,0.07,,10,Brewery Vivant,Grand Rapids,MI
394,2542.0,Verdun,Bière de Garde,16.0,0.077,,10,Brewery Vivant,Grand Rapids,MI
395,2541.0,Barrel Aged Triomphe,Belgian IPA,16.0,0.065,,10,Brewery Vivant,Grand Rapids,MI
396,2504.0,Cherry Doppelbock,Doppelboc$k,16.0,0.065,,10,Brewery Vivant,Grand Rapids,MI
397,2500.0,Tropical Saison,Saison / Farmhouse Ale,16.0,0.065,,10,Brewery Vivant,Grand Rapids,MI
398,2499.0,Beach Patrol,Witbier,16.0,0.065,,58.02924021439346,Brewery Vivant,Grand Rapids,MI
399,2498.0,Nuit Serpent,Belgian IPA,70.62846801430265,0.16642535035591205,,10,Brewery Vivant,Grand Rapids,MI
400,2481.0,Paris,Saison / Farmhouse Ale,16.0,0.09,,10,Brewery Vivant,Grand Rapids,MI
401,2476.0,The Grand Army,Belgian IPA,16.0,0.055,,10,Brewery Vivant,Grand Rapids,MI
402,2467.0,Acidulated Trip,Saison / Farmhou??se Ale@@,16.0,0.059,,10,Brewery Vivant,Grand Rapids,MI
403,2466.0,Root Stock,Rye Beer,16.0,0.066,,10,Brewery Vivant,Grand Rapids,MI
404,2465.0,Mind Games,Dunkelweizen,16.0,0.041,,10,Brewery Vivant,Grand Rapids,MI
405,2433.0,Sous Chef,Belgian Strong Pale Ale,16.0,0.082,,10,Brewery Vivant,Grand Rapids,MI
406,9047.4785795727,Dubbelicious,D??ubbel,16.0,0.065,,10,Brewery Vivant,Grand Rapids,MI
407,2416.0,Psychopomp,Belgian Dark Ale,70.78569828425509,0.062,,10,Brewery Vivant,Grand Rapids,MI
408,2382.0,Fat Paczki,Belgian Dark Ale,16.0,,,10,Brewery Vivant,Grand Rapids,MI
409,2381.0,Earth-Like Planets,Bel$g$ian Pale Ale,16.0,,,10,Brewery Vivant,Grand Rapids,MI
410,2290.0,Ski Patrol,Witbier,16.0,0.061,,10,Brewery Vivant,Grand Rapids,MI
411,2241.0,Viking Ice Hole,Oatmeal Stout,16.0,0.063,,10,Brewery Vivant,Grand Rapids,MI
412,2240.0,Rye Porter,American Porter,16.0,0.2782597443580403,,10,Brewery Vivant,Grand Rapids,MI
413,2137.0,Wizard Burial Ground,Quadrupel (Quad),16.0,0.5001439729407717,,10,Brewery Vivant,Grand Rapids,MI
414,8942.858157060893,Smoky Wheat,Rauchbier,16.0,0.051,,10,Brewery Vivant,Grand Rapids,MI
415,2092.0,BRIPA,Belgian IPA,16.0,0.062,,49.53847480043508,Brewery Vivant,Grand Rapids,MI
416,10727.791578976938,Mela,Belgian Dark Ale,16.0,0.062,,10,Brewery Vivant,Grand Rapids,MI
417,2086.0,W.I.P.A Snappa,Belgian IPA,16.0,0.053,,10,Brewery Vivant,Grand Rapids,MI
418,2023.0,Pepper in the Rye,Rye Beer,16.0,0.063,,10,Brewery Vivant,Grand Rapids,MI
419,2006.0,Moe Lasses',American Stout,16.0,0.30451705204015733,,10,Brewery Vivant,Grand Rapids,@@MI
420,1997.0,Pumpkin Tart,Fruit / Vegetable Beer,16.0,0.07,,10,Brewery Vivant,Grand Rapids,MI
421,1977.0,Undertaker,Belgian Dark $A@@le,16.0,0.067,,10,Brewery Vivant,Grand Rapids,MI
422,1976.0,Undertaker (2014),Belgian Dark Ale,16.0,0.067,,10,Brewery Vivant,Grand Rapids,MI
423,1974.0,Coq D'Or,Belgian Pale Ale,16.0,0.05,,30.296379095028403,Brewery Vivant,G??r@@and Rapids,MI
424,1973.0,North French,Bière de Garde,16.0,0.06,,10,Brewery Vivant,Grand Rapids,MI
425,1959.0,Agent a Deux,Belgian Dark Ale,16.0,0.065,,10,Brewery Vivant,Grand Rapids,MI
426,1958.0,Belgian Wit,Witbier,16.0,0.045,,54.021165339282994,Brewery Viv$a%nt,Grand Rapids,MI
427,1949.0,Pothole Stout,American Stout,16.0,0.063,,10,Brewery Vivant,Grand Rapids,MI
428,1947.0,Tree Bucket,Belgian IPA,16.0,0.093,,10,Brewery Vivant,Grand Rapids,MI
429,1785.0,Le Flaneur Ale,American Wild Ale,54.439308322610245,0.073,,10,Brewery Vivant,Grand Rapids,MI
430,1651.0,Maize & Blueberry,Fruit / Vegetable Beer,16.0,0.056,,37.70182224626608,Brewery Vivant,Grand Rapids,MI
431,1443.0,Trebuchet Double IPA,American Double / Imperial IPA,16.0,0.093,,10,Brewery Vivant,Grand Rapids,MI
432,7201.59765489076,Contemplation,Bière de Garde,16.0,0.065,,10,Brewery Vivant,Grand Rapids,MI
433,1267.0,Black Rabbit,American Black Ale,16.0,0.05,,10,Brewery Vivant,Grand Rapids,MI
434,1266.0,Zai??so#n,Saison / Farmhouse Ale,16.0,0.09,,10,Brewery Vivant,Grand Rapids,MI
435,1178.0,Vivant Tripel,Tripel,16.0,0.082,,10,Brewery Vivant,Grand Rapids,MI
436,1136.0,Tart Side of the Moon,Belgian Dark Ale,16.0,0.098,,10,Brewery Vivant,Gran$d Rapids,MI
437,1044.0,Big Red C@@oq#,American Amber / Red Ale,86.59505131154731,0.06,,31.678424415669035,Brewery Vivant,Grand Rapids,$MI$
438,1033.0,Hubris Quadrupel Anniversary Ale,Quadrupel (Quad),90.65004823469783,0.099,,10,Brewery Vivant,Grand Rapids,MI
439,3487.581326607858,Plow Horse Belgian Style Imperial Stout,American Double / Imperial Stout,16.0,0.095,,37.98201542590062,Brewery Vivant,Grand Rapids,MI
440,909.0,Escoffier Bretta Ale,American Wild Ale,16.0,0.092,,10,Brewery Vivant,Grand Rapids,MI
441,873.0,Contemplation (2012),Bière de Garde,16.0,0.065,,10,Brewery Viva@@nt,Grand Rapids,MI
442,860.0,Vivant Belgian Style Imperial Stout (2012),Russian Imperial Stout,16.0,0.40526241067463553,,10,Brewery Vivant,Grand Rapids,MI
443,677.0,Big Red Coq (2012),American Amber / Red Ale,16.0,0.062,,10,Brewery Vivant,Grand Rapids,MI
444,671.0,Zaison (2012),Saison / Farmhouse Ale,16.0,0.09,,48.008259274365095,Brewery Vivant,Grand Rapids,MI
445,670.0,Vivant Tripel (2012),Tripel,16.0,0.092,,10,Brewery Vivant,Grand Rapids,MI
446,669.0,Trebuchet Double IPA (2012),Belgian IPA,16.0,0.097,,10,Brewery Vivant,Grand Rapids,MI
447,627.0,Kludde,Belgian Strong Dark Ale,16.0,0.085,,10,Brewery Vivant,Grand Rapids,MI
448,387.0,#Farm Han$d,Saison / Farmhouse Ale,16.0,0.055,,10,Brewery Vivant,Grand Rapids,MI
449,385.0,Solitude,Belgian Pale Ale,16.0,0.06,,10,Brewery Vivant,Grand Rapids,MI
450,384.0,Triomphe,Belgian IPA,16.0,0.065,,10,Brewery Vivant,Grand Rapids,MI
451,1096.0,Tampa Pale Ale,American Pale Ale (APA),12.0,,,467,Brindle Dog Brewing Company,Tampa Bay,FL
452,1095.0,Orange Grove Wheat Ale,American Pale Wheat Ale,12.0,,,467,Brindle Dog Brewing Company,Tampa Bay,FL
453,2456.0,$B$road Brook Ale,American Amber / Red Ale,16.0,0.061,,89,Broad Brook Brewing LLC,East Windsor,CT
454,921.0,Northern Lights Amber Ale,American Amber / Red Ale,59.88653703437164,0.05,15.0,493,Broken Tooth Brewing Company,Anchorage,AK
455,920.0,Po#lar Pale Ale,American Pale Ale (APA),12.0,0.052,17.0,493,Broken Tooth Brewing Company,Anchorage,AK
456,919.0,Chugach Session Ale,Cream Ale,12.0,0.048,,2477.213769044346,Broken Tooth Brewing Company,Anchorage,AK
457,648.0,Fairweather IPA,American IPA,12.0,0.061,64.0,493,Broken Tooth Brewing Company,Anchorage,AK
458,1279.0,East India Pale Ale,English India Pale Ale (IPA),16.0,0.068,47.0,437,Brooklyn Brewery,Brooklyn,NY
459,756.0,Brooklyn Summer Ale,English Pale Mild Ale,12.0,0.045,,437,Brooklyn Brewery,Brooklyn,NY
460,566.0,East India Pale Ale,English India Pale Ale (IPA),12.0,0.2537069284211395,47.0,437,Brooklyn Brewery,Brooklyn,NY
461,328.0,Brooklyn Summer Ale (2011),English Pale Mild Ale,12.0,0.045,,437,Brooklyn Brewery,Brooklyn,NY
462,66.0,Brooklyn Lager (16 oz.),American Amber / Red Lager,16.0,0.052,,437,Brooklyn Brewery,Brooklyn,NY
463,65.0,Brooklyn Lager (12 oz.),American Amber / Red Lager,58.07601869278088,0.19448040031843145,,437,Brooklyn Brewery,Brooklyn,NY
464,538.0,Tour de Nez Belgian IPA (Current),Belgian IPA,16.0,0.08,,530,Buckbean Brewing Company,Reno,NV
465,504.0,Roler Bock (Current),Maibock / Helles Bock,16.0,,,530,Buckbean Brewing Company,Reno,NV
466,383.0,Black Adder IBA (Current),American Black Ale,16.0,0.073,85.0,530,Buckbean Brewing Company,Reno,NV
467,29.0,Very Noddy Lager (Current),Schwarzbier,16.0,0.099,,2735.864684617517,Buckbean Brewing $Company,Reno,NV
468,28.0,Tule Duck Red Ale (Current),American Amber / Red Ale,16.0,0.062,42.0,530,Buckbean Brewing Company,Reno,NV
469,27.0,Original Orange Blossom Ale (Current),Herbed / Spiced Beer,16.0,0.058,35.0,530,Buckbean Brewing Company,Reno,NV
470,26.0,Black Noddy Lager (Current),Schwarzbier,16.0,0.052,40.0,1754.3716264776313,Buckbean Brewing Company,Reno,NV
471,1627.0,Cleveland Beer Week 2013,Munich Helles Lager,16.0,0.053,,357,Buckeye Brewing,Cleveland,OH
472,2552.0,Painted Turtle,American Pale Ale (APA),12.0,0.045,,56,BuckleDown Brewing,Lyons,IL
473,2125.0,1836,American Blonde Ale,12.0,0.06,40.0,214,Buffalo Bayou Brewing Company,Houston,TX
474,2124.0,Summer's Wit,Witbier,12.0,0.06,20.0,214,Buffalo Bayou Brewing Company,Houston,TX
475,2123.0,More Cowbell,American Double / Imperi#al IPA,16.0,0.09,118.0,214,Buffalo Bayou Brewing Company,Houston,TX
476,2608.0,Wrath of Pele,American Brown Ale,16.0,0.065,,24,Burn 'Em Brewing,Michigan City,IN
477,2607.0,Black Beer'd,American Black Ale,16.0,0.068,,24,Burn 'Em Brewing,Michigan City,IN
478,9438.189923141283,Mr. Tea,Fruit / Vegetable Beer,24.0,0.078,,24,Burn 'Em Brewing,Michigan City,I$N
479,2478.0,Pale Alement,American Pale Ale (APA),12.0,0.055,40.0,24,Burn 'Em Brewing,Michigan City,IN
480,2471.0,Hopki@@#ck Dropkick,American D$ouble / Im%perial IPA,12.0,0.099,115.0,24,Burn 'Em Brewing,Michigan City,IN
481,2470.0,Kreamed Corn,Cream Ale,63.47339607702787,0.06,,83.25050103332131,Burn 'Em Brewing,Michigan City,IN
482,2464.0,Coconoats,American Pale Wheat Ale,16.0,0.065,,75.34135032214206,Burn 'Em Brewing,Michigan City,IN
483,2160.0,Joey Wheat,American Pale Wheat Ale,16.0,0.068,16.0,24,Burn 'Em Brewing,Michigan City,IN
484,2158.0,3:33 Black IPA,American IPA,16.0,0.072,86.0,24,Burn 'Em Brewing,Michigan City,I??N
485,2072.0,MCA,American IPA,16.0,0.068,,111.4525035270953,Burn 'Em$ Brewing,Michigan City,IN
486,2054.0,Pale Alement,American Pale Ale (APA),16.0,0.055,40.0,24,Burn 'Em Brewing,Michigan City,??IN
487,2196.0,Couch Select Lager,American Pale Lager,12.0,0.05,14.0,197,Burnside Brewing Co.,Portland,OR
488,668.0,Mucho Aloha Hawaiian Pale Ale,American Pale Ale (APA),12.0,0.056,36.0,517,Butcher's Brewing,Carlsbad,CA
489,52.0,Heinnieweiss%e Weiss??ebier,Hefeweizen,12.0,0.049,,556,Butternuts Beer and Ale,Garrattsville,NY
490,51.0,Snapperhead IPA,American IPA,12.0,0.068,,2348.6627426454183,Butternuts Beer and Ale,Garrattsville,NY
491,50.0,Moo Thunder Stout,Milk / Sweet Stout,12.0,0.049,,556,Butternuts Beer and Ale,Garrattsville,NY
492,49.0,Porkslap Pale Ale,American Pale Ale (APA),12.0,0.043,,556,Butternuts Beer and Ale,Garrattsville,NY
493,2657.0,Blackbeard,American Double / Imperial Stout,12.0,0.093,,5,COAST Brewing Company,Charleston,SC
494,2656.0,Rye Knot,American Brown Ale,12.0,0.2683193113613368,,17.636742185892963,COAST Brewing Company,Charleston,SC
495,2655.0,Dead Arm,American Pale Ale (APA),12.0,0.3423917692664444,,5,COAST Brewing Company,Charleston,SC
496,2654.0,32°/50° Kölsch,Kölsch,16.0,0.21758427208761252,,5,COAST Brewing Company,Charleston,SC
497,2653.0,HopArt,American IPA,16.0,0.077,,5,COAST Brewing Company,Charleston,SC
498,2652.0,Boy King,American Double / Imperial IPA,16.0,0.097,,5,COAST Brewing Company,Charleston,SC
499,2252.0,Gran Sport,American Porter,16.0,0.052,,1091.7753920189466,COOP Ale Works,Oklahoma City,OK
500,2214.0,Horny Toad Cerveza,American Blonde Ale,16.0,0.053,25.0,182,COOP Ale Works,Oklahoma City,OK
501,2213.0,Native Amber,American Amber / Red Ale,16.0,0.063,35.0,182,COOP Ale Works,Oklahoma City,OK
502,1442.0,F5 IPA,American IPA,16.0,0.068,100.0,182,COOP Ale Works,Oklahoma City,OK
503,170.0,Native Amber (2013),American Amber / Red Ale,16.0,0.063,35.0,182,COOP Ale Works,Oklah%oma City,OK
504,169.0,Horny Toad Cerveza (2013),American Blonde Ale,16.0,0.053,25.0,182,COOP Ale Works,Oklahoma City,OK
505,2315.0,Hopportunity Knocks IPA,American IPA,12.0,0.068,100.0,155,Caldera Brewing Company,Ashla#nd,OR
506,1808.0,Pilot Rock Porter,American Porter,12.0,0.06,,155,Caldera Brewing Company,Ashland,OR
507,1419.0,Caldera Pale Ale,American Pale Ale (APA),12.0,0.056,239.23504707961317,155,Caldera Brewing Company,Ashland,OR
508,878.0,Lawnmower Lager,American Adjunct Lager,12.0,0.039,16.0,155,Caldera Brewing Company,Ashland,OR
509,794.0,Ashland Amber Ale (2009),American Amber / Red Ale,12.0,0.054,24.0,155,Caldera Brewing Company,Ashland,OR
510,793.0,Caldera IPA (2009),American IPA,12.0,0.3217291445889517,94.0,155,Caldera Brewing Company,Ashland,OR
511,792.0,Caldera IPA (2007),American IPA,12.0,0.061,94.0,155,Caldera Brewing Company,Ashland,OR
512,791.0,Caldera Pale Ale (2010),American Pale Ale (APA),12.0,0.056,55.0,155,Caldera Brewing Company,Ashland,OR
513,790.0,Caldera Pale Ale (2009),American Pale Ale (APA),12.0,0.056,55.0,155,Caldera Brewing Company,Ashland,OR@@@@
514,789.0,Caldera Pale Ale (2005),American Pale Ale (APA),12.0,0.056,55.0,155,C??aldera Brewing C$ompany,Ashland,OR
515,788.0,Caldera Pale Ale (@@2007),American Pale Ale (APA),12.0,0.056,55.0,155,Caldera Brewing Company,Ashland,OR
516,38.0,Caldera Pale Ale (2011),American Pale Ale (APA),12.0,0.23964785798373972,55.0,155,Caldera Brewing Company,Ashland,OR
517,37.0,Ashland Amber Ale,American Amber / Red Ale,12.0,0.054,24.0,155,Caldera Brewing Company,Ashland,OR
518,36.0,Caldera IPA,American IPA,12.0,0.061,94.0,155,Caldera Brewing Company,Ashland,OR
519,2257.0,Remain in Light,American Pilsner,12.0,0.05,,178,Cambridge Brewing Company,Cambri@@dg#e,MA
520,2256.0,Flower Child (2014),American IPA,12.0,0.065,,178,Cambridge Brewing Company,Cambridge,MA
521,870.0,THP Whit#e (2006)#,Witbier,12.0,,,497,Cans Bar and Canteen,Charlotte,NC
522,869.0,THP Amber (2006),American Amber / Red Ale,12.0,,,497,Cans Bar and Canteen,Charlotte,NC
523,868.0,THP Light (2006),American Blonde Ale,12.0,,,497,Cans Bar and Canteen,Charlotte,NC
524,867.0,THP Dark (2006),English Dark Mild Ale,12.0,,,497,Cans ??Bar an#d Canteen,Charlotte,NC
525,2068.0,Imperial Pumpkin Stout,Pumpkin Ale,16.0,0.099,43.0,899.3203191761277,Cape Ann Brewing Company,Gloucester,MA
526,2067.0,Dead-Eye DIPA,American Double / Imperial IPA,16.0,0.09,130.0,230,Cape Ann Brewing Company,Gloucester,M#$A
527,2066.0,Fisherman's IPA,American IPA,12.0,0.055,64.0,230,Cape Ann Brewing Company,Gloucester,MA
528,2065.0,Fisherman's @@Pils,German Pilsener,12.0,0.054,35.0,1183.7187060895649,Cape Ann Brewing Company,Gloucester,MA
529,2064.0,Fisherman's Brew,American Amber / Red Ale,12.0,0.055,30.0,784.3985138209151,Cape Ann Brewing Company,Gloucester,MA
530,6790.183074428609,Cape Cod Red,American Amber / Red Ale,16.0,0.055,35.0,267,Cape Cod Beer,Hyannis,M@@A
531,1927.0,Beach Blonde,American Blonde Ale,16.0,0.049,10.0,267,Cape Cod Beer,Hyannis,%M@@A
532,2227.0,Dark Voyage Black IPA (2013),American Black Ale,12.0,0.065,80.0,192,Capital Brewery,Middleton,WI
533,2226.0,Wisconsin Amber,Vienna Lager,12.0,0.052,28.0,192,Capital Brewery,Middleton,WI
534,2225.0,Lake House,Munich Helles Lager,12.0,0.046,95.75293944891516,192,Capital Brewery,Middleton,WI
535,1954.0,Ghost Ship White IPA,American IPA,12.0,0.056,55.0,968.4798114064176,Capita$l @@Brewery,Middleton,WI
536,6380.736787187914,Lake House,Munich Helles Lager,16.0,0.046,18.0,192,Capital Brewery,Middleton,WI
537,1177.0,Mutiny IPA,American IPA,12.0,0.062,70.0,192,Capital Brewery,#@@Middleton,WI
538,3080.848382837427,Wisconsin Amber (1998),Vienna Lager,12.0,0.052,,192,Capital Brewery,Middleton,WI
539,180.0,Island Wheat,American Pale Wheat Ale,12.0,0.042,,192,Capital Brewery,Middleton,WI
540,63.0,Wisconsin Amber (2013),Vienna Lager,12.0,0.052,,192,Capital Brewery,Middleton,WI
541,62.0,U.S. Pale Ale,American Pale Ale (APA),12.0,0.05,,192,Capital Brewery,Middleton,WI
542,338.34186818463155,Supper Club Lager,American Pale Lager,12.0,,,192,Capital Brewery,Middleton,WI
543,2532.1144634341704,Carolina Lighthouse (2007),American Blonde Ale,12.0,0.04,,504,Carolina Beer & Beverage,Mooresville,NC
544,783.0,Carolina Blonde (2006),American Blonde Ale,12.0,0.05,,504,Carolina Beer & Beverage,Mooresville,NC
545,782.0,Carolina Blonde Light (2005),American Blonde Ale,12.0,0.035,,504,Carolina Beer & Beverage,Mooresville,NC
546,2255.0,Santa's Secret,Winter Warmer,16.0,0.059,22.0,179,Carolina Brewery,Pittsboro,NC
547,530.0,Flagship IPA,English India Pale Ale (IPA),12.0,0.057,,179,Carolina Brewery,Pittsboro,NC
548,427.0,Sky Blue Golden Ale,Kölsch,12.0,0.051,,179,Carolina Brewery,Pittsboro,NC
549,2094.0,Epitome,American Black Ale,16.0,0.099,315.83546651703205,1273.521161981879,Carton Brewing Company,Atlantic Highlands,NJ
550,1941.0,Monkey Chased the Wea??sel,Berliner Weissbier,16.0,0.039,9.0,222,Cart$on Brewing Company,Atlantic Highlands,NJ
551,1940.0,077XX,American Double / Imperial IPA,16.0,0.078,80.0,222,Carton Brewing Company,Atlantic Highlands,NJ
552,1439.0,Boat Beer,American IPA,36.94622146749535,0.042,35.0,222,Carton Brewing Company,Atlantic Highlands,NJ
553,1465.0,Granny Smith Hard Apple Cider,Cider,16.0,0.069,,404,Cascadia Ciderworks United,Portland,OR
554,1464.0,Dry Hard Apple Cider,Cider,16.0,0.069,,404,Cascadia Ciderworks United,Portland,OR
555,1744.0,Farmer Ted's Cream Ale,Cream Ale,12.0,0.056,,331,Catawba Brewing Company,Morganton,NC
556,1743.0,Firewater India Pale Ale,American IPA,70.95657300089927,0.052,,331,Catawba Brewing Company,Morganton,NC
557,1742.0,White Zombie Ale,Witbier,12.0,0.047,,331,Catawba Brewing Company,Morganton,NC
558,1719.0,King Winterbolt Winter Ale,Winter Warmer,12.0,0.07,,331,Catawba Brewing Company,Morganton,NC
559,638.0,%White Zom$bie Ale,Witbier#??,12.0,0.047,,331,Catawba Brewing Company,Morganton,NC
560,507.0,Firewater India Pale Ale,American IPA,12.0,0.052,,331,Catawba Brewing Company,Morganton,NC
561,480.0,Farmer Ted's Farmhouse Cream Ale,Cream Ale,12.0,0.056,,331,Catawba Brewing Company,Morganton,NC
562,1882.0,Whitecap Wit,Witbier,16.0,0.048,16.0,285,Catawba Isl%and Brewing??,Port Clinton,OH
563,1881.0,Seiche Scottish Ale,Scottish Ale,16.0,0.078,16.0,285,Catawba Island Brewing,Port Clinton,OH
564,2446.0,Peanut Butter Jelly Time,American Brown Ale,12.0,0.058,,96,Catawba Valley Brewing Company,Morganton,NC
565,2106.0,King Coconut,American Porter,12.0,0.054,,96,Catawba Valley Brewing Company,Morganton,NC
566,2600.0,Gone A-Rye,American Double / Imperial IPA,16.0,0.085,90.0,29,Cedar Creek Brewery,Seven Points,TX
567,2210.0,Special Release,,16.0,,,29,Cedar Creek Brewery,Seven Points,TX
568,2052.0,Dankosaurus,American IPA,52.97513045120539,0.068,70.0,29,Cedar Creek Brewery,Seven Points,TX
569,1584.0,Scruffy's Smoked Alt,Smoked Beer,16.0,0.23420932104639053,35.0,29,Cedar Creek Brewery,Seven Points,TX@@
570,1182.0,Elliott's Phoned Home Pale Ale,American Pale Ale (APA),16.0,0.051,36.0,29,Cedar Creek Brewery,Seven Points,TX
571,1050.0,The Lawn Ranger,Cream Ale,16.0,0.05,18.0,29,Cedar Creek Brewery,Seven Points,TX
572,1219.0,All American Blonde Ale,American Blonde Ale,12.0,0.05,,452,Centennial Beer Company,Edwards,CO
573,4861.957840034728,All American Red Ale,American Amber / Red Ale,12.0,0.05,,452,Centennial Beer Company,Edwards,CO
574,2377.0,Main St. Virginia Ale,Altbier,12.0,0.05,40.0,122,Center of the Universe Brewing C...,Ashland,VA
575,1839.0,Chin Music Amber Lager,American Amber / Red Lager,12.0,0.045,24.0,122,Center of the Universe Brewing C...,Ashla??nd$,VA
576,1248.0,Main St. Virginia Ale,Altbier,47.63262181630576,0.05,40.0,122,Center of the Universe Brewing C...,Ashland,VA
577,1247.0,Ray Ray’s Pale Ale,American Pale Ale (APA),12.0,0.052,42.0,122,Center of the Universe Brewing C...,Ashland,VA
578,1649.0,Chai Ale,Herbed / Spiced Beer,16.0,0.16378390001538487,15.0,350,Central Coast Brewing Company,San Luis Obispo,@@CA#
579,1648.0,Lucky Day IPA,American IPA,87.32709772177466,0.072,85.0,350,Central Coast Brewing Company,San Luis Obispo,CA
580,1647.0,Terrace Hill Double IPA,American Double / Imperial IPA,16.0,0.2876222612093309,99.0,350,Central Coast Brewing Company,San Luis Obispo,CA
581,1646.0,Catch 23,American Black Ale,16.0,0.075,77.0,350,Central Coast Brewing Company,San Luis Obispo,CA
582,2057.0,Stickin' In My Rye,Rye Beer,24.0,0.07,,236,Champion Brewing Company,Charlottesville,VA
583,2056.0,Black Me Stout,American Stout,12.0,0.06,45.0,236,Champion Brewing Company,Charlottesville,VA
584,2055.0,Killer Kolsch,Kölsch,12.0,0.05,22.0,236,Champion Brewing Company,Charlottesville,VA
585,1933.0,Missile IPA,American IPA,12.0,0.07,65.0,236,Champion Brewing Company,Charlottesville,VA
586,2019.0,En??lighten,Kölsch,16.0,0.045,,250,Chapman's Brewing,Angola,IN
587,2018.0,Ale Cider,Fruit / Vegetable Beer,69.7642837384619,0.065,8.0,250,Chapman's Brewing,Angola,IN
588,2017.0,Pail Ale,American Pale Ale (APA),16.0,0.055,30.0,1215.029701371571,Chapman's Brewing,Angola,IN
589,2016.0,Englishman,English Brown Ale,16.0,0.045,,250,Chapman's Brewing,Angola,IN
590,9534.47848128652,8 Bar%rel,American Strong Ale,16.0,0.08,69.0,226,Chatham Brewing,Chatham,NY
591,2079.0,Oktoberfest,Märzen / Oktoberfest,16.0,0.055,40.0,226,Chatham Brewing,#Chatham,NY
592,2380.0,IPA #11,American IPA,16.0,0.057,58.0,121,Cheboygan Brewing Company,Cheboygan,MI
593,2379.0,Blood Orange Honey,Fruit / Vegetable Beer,80.72475920159404,0.057,10.0,121,Cheboygan Brewing Company,Cheboygan,MI
594,2354.0,Lighthouse Amber,Altbier,16.0,0.052,,121,Cheboygan Brewing Company,Cheboygan,MI
595,2440.0,Bay of Bengal Double IPA (2014),American Double / Imperial IPA,12.0,0.089,126.0,99,Christian Moerlein Brewing Company,Cincinnati,OH
596,567.0,Churchkey Pilsner Style Beer,American Pilsner,12.0,0.049,29.0,526,Churchkey Can Company,Seattle,??WA
597,6512.9450086968645,First P%re@@ss,Cider,12.0,0.05,,425,Ciderboys,Stevens Point,WI
598,1341.0,Magic Apple,Cider,12.0,0.05,,425,Cide??rboys,Stevens Point,WI
599,2349.0,Cubano Espresso,Bock,12.0,0.055,25.0,141,Cigar City Brewing Company,Tampa,FL
600,2014.0,Operation Homefront,American IPA,12.0,0.062,65.0,141,Cigar City Brewing Company,Tamp??a,FL
601,2013.0,Wandering Pelican,American Black Ale,12.0,0.082,65.0,141,Cigar City Brewing Company,Tampa,FL
602,2012.0,Sugar Plum,American Brown Ale,12.0,0.055,,141,Cigar City Brewing Company,Tampa,FL
603,2011.0,Oktoberfest,Märzen / Oktoberfest,12.0,0.055,,141,Cigar City Brewing Company,Tampa,FL
604,2010.0,Puppy's Breath Porter,American Porter,12.0,0.06,,141,Cigar City Brewing Company,Tampa,FL
605,2009.0,Happening Now,American IPA,12.0,0.045,,141,Cigar City Brewing Company,Ta??mpa$,FL
606,1726.0,Hopped on the High Seas (Hop #529),American IPA,12.0,0.07,60.0,141,Cigar City Brewing Company,Tampa,FL
607,1725.0,Hopped on the High Seas (Calypso),A#mer$ican IPA,12.0,0.07,60.0,141,Cigar City Brewing Company,Tampa,$FL
608,1695.0,Wiregrass Post-Prohibition Ale,American Pale Ale (APA),12.0,0.063,,141,Cigar City Brewing Company,Tampa,FL
609,1694.0,Dry-Hopped On The High Seas Caribbean-Style IPA,American IPA,12.0,0.07,60.0,141,Cigar City Brewing Company,Tampa,FL
610,1693.0,Hopped on the High Seas (Citra),American IPA,12.0,0.07,60.0,141,Cigar City Brewing Company,Tampa,FL
611,1692.0,Hopped on the High Seas (Ahtanum),Americ@@an IPA,12.0,0.07,60.0,141,Cigar City Brewing Company,Tampa,FL
612,1369.0,Gwar Beer,American Pale Ale (APA),12.0,0.055,,141,Cigar City Brewing Company,Tampa,FL
613,6936.546805992332,Tropical Heatwave,American Pale Wheat Ale,16.0,0.052,,141,Cigar City Brewing Company,Tampa,FL
614,1142.0,Humidor Series India Pale Ale,American IPA,12.0,0.075,70.0,141,Cigar City Brewing Company,Tampa,FL
615,1141.0,Jai Alai IPA Aged on White Oak,American IPA,12.0,0.075,70.0,141,Cigar City Brewing Company,Tampa,FL
616,1140.0,José Martí American Porter,American Porter,12.0,0.08,65.0,141,Cigar City Brewing Company,Tampa,FL
617,1139.0,Invasion Pale Ale,American Pale Ale (APA),12.0,0.18109931068324123,,141,Cigar City Brewing Company,Tampa,FL
618,1138.0,Maduro Brown Ale,English Brown Ale,12.0,0.055,25.0,141,Cigar City Brewing Company,Tampa,FL
619,571.0,%Maduro Bro#wn Ale,American Brown Ale,12.0,0.055,25.0,141,Cigar City Brewing Company,Tampa,FL
620,570.0,Hotter Than Helle@@s Lager,Munich Helles Lager,12.0,0.05,,141,Cigar City Brewing Company,Tampa,FL
621,569.0,Tocobaga Red Ale,American Amber / Red Ale,12.0,0.072,75.0,141,Cigar City Brewing Company,Tampa,FL
622,546.0,Jai Alai IPA,American IPA,12.0,0.075,70.0,141,Cigar City Brewing Company,Tampa,FL
623,545.0,Florida Cracker Belgian Wit,Witbier,12.0,0.05,18.0,141,Cigar City Brewing Company,Tampa,F??L
624,2338.0,Shark Tracker Light lager,Light Lager,12.0,0.048,,145,Cisco Brewers,Nantucket,MA
625,1365.0,Pumple Drumkin,Pumpkin Ale,12.0,0.06,,145,Cisco Brewers,Nantucket,MA
626,1094.0,Grey Lady,Witbier,12.0,0.045,,145,Cisco Brewers,Nantucket,MA
627,657.0,Summer of Lager,Munich Helles Lager,12.0,0.062,,783.8777759851009,Cisco Brewers,Nantucket,MA
628,656.0,Indie Pale Ale,American IPA,12.0,0.065,,776.4485835720058,Cisco Brewers,Nantucket,MA
629,359.0,Sankaty Light Lager,Light Lage@@r??,12.0,0.038,,145,Cisco Brewers,Nantucket,MA
630,56.0,Whale's Tale Pale Ale,English Pale Ale,12.0,0.056,,145,Cisco Brewers,Nantucket,MA
631,1772.0,Jacaranada Rye %IPA,American IPA,16.0,0.067,60.0,320,Claremont Craft Ales,Claremont,CA
632,1393.0,Cascadian Dark Ale,American Black Ale,12.0,0.06,75.0,418,Coalition Brewing Company,Portland,OR
633,893.0,Wheat the People,American Pale Wheat Ale,16.0,0.044,13.0,418,Coalition Brewing Company,Portland,OR
634,1407.0,Tybee Island Blonde,American Blonde Ale,12.0,0.047,17.0,1361.1599902898981,Coastal Empire Beer Company,Savannah,GA
635,1406.0,Savannah Brown Ale,American Brown Ale,12.0,0.062,55.0,415,Coastal Empire Beer Company,Savannah,GA
636,2438.0,Rhode Island Blueberry,Kölsch,12.0,0.046,11.0,101,Coastal Extreme Brewing Company,Newport,RI
637,2437.0,Newport Storm IPA,American IPA,12.0,0.065,75.0,101,Coastal Extreme Brewing Company,Newport,RI
638,751.0,Hurricane Amber Ale (2004),American Amber / Red Ale,12.0,0.052,24.0,101,Coastal Extreme Brewing Company,Newport,RI
639,120.0,Hurricane Amber Ale,American Amber / Red Ale,12.0,0.052,24.0,101,Coastal Extreme Brewing Company,Newport,RI
640,2061.0,Big Blue Van,Fruit / Vegetable Beer,16.0,0.058,,232,College Street Brewhouse and Pub,Lake Havasu City,AZ
641,970.0,Des Moines IPA,American IPA,16.0,0.068,75.0,482,Confluence Brewing Company,Des Moines,IA
642,969.0,Capital Gold Golden Lager,German Pilsener,16.0,0.048,22.0,482,Confluence Brewing Company,Des Moines,IA
643,968.0,Farmer John's Multi-Grain Ale,American Blonde Ale,16.0,0.056,21.0,482,Confluence Brewing Company,Des Moines,IA
644,2351.0,Behemoth,American Pilsner,12.0,0.05,,139,Core Brewing & Distilling Company,Springdale,AR
645,1650.0,Arkansas Red,American Amber / Red Ale,12.0,0.052,,139,C%ore Brewing & Distilling Company,Springdale,AR
646,1337.0,Core Oatmeal Stout,Oatmeal Stout,12.0,0.057,,139,Core Brewing & Distilling Company,Springdale,AR
647,1336.0,Core ESB,Extra Special / Strong Bitter (ESB),50.879998179180305,0.061,,139,Core Brewing & Distilling Company,%Springdale,AR
648,737.0,Chester's Beer (2005),American Pale Lager,12.0,0.038,,512,Cottrell Brewing,Pawcatuck,CT
649,129.0,Heiner Brau Kölsch,Kölsch,12.0,0.20707351713167724,,553,Covington Brewhouse,Covington,LA
650,716.0,Trigger Blonde Ale,American Blonde Ale,16.0,0.048,,515,Crabtree Brewing Company,Greeley,CO
651,659.0,Crabtree Oatmeal Stout,Oatmeal Stout,16.0,0.075,138.15902616906402,515,Crabtree Brewing Company,Greeley,CO
652,556.0,Eclipse Black IPA,American Black Ale,16.0,0.077,71.0,515,Crabtree Brewing Company,Greeley,CO
653,2538.0,Neomexicanus Native,American Pale Ale (APA),12.0,0.06,46.0,63,Crazy Mountain Brewing Company,Edwards,CO
654,2355.0,Old Soul,Belgian Strong Pale Ale,12.0,0.075,25.0,63,Crazy Mountain Brewing Company,Ed@@wa??rds,CO
655,1689.0,Snowcat Coffee Stout,American Stout,12.0,0.059,,63,Crazy Mountain Brewing Company,Edwards,CO
656,1163.0,WinterWonderGrass Festival Ale,American Amber / Red Ale,12.0,,,63,Crazy Mountain Brewing Company,Edwards,CO
657,940.0,Boohai Red Ale,American Amber / Red Ale,12.0,,,63,Crazy Mountain Brewing Company,Edwards,CO
658,685.0,Lava Lake Wit,Witbier,12.0,0.052,15.0,63,Crazy Mountain Brewing Company,Edwards,CO
659,613.0,Mountain Livin' Pale Ale,American Pale Ale (APA),12.0,0.34855503413177313,,63,Crazy Mountain Brewing Company,Edwards,CO
660,356.0,Crazy Mountain Amber Ale,American Amber / Red Ale,12.0,0.052,25.0,63,Crazy Mountain Brewing Company,Edwards,CO
661,2029.0,Tropicalia,American IPA,12.0,0.065,65.0,247,Creature Comforts,Athens,GA
662,2028.0,Athena,Berliner Weissbier,12.0,0.045,,247,Creature Comforts,A$@@thens,GA
663,2293.0,Aviator Raspberry Blonde,American Blonde Ale,12.0,0.049,25.0,169,Crooked Fence Brewing Company,Garden City,ID
664,1105.0,3 Picket Porter,American Porter,12.0,0.055,,923.1949105360205,Crooked Fence Brewing Company,Garden City,ID
665,1104.0,Rusty Nail Pale Ale,American Pale A$le (APA),12.0,0.056,,169,Crooked Fence Brewing Company,Garden City,ID
666,2145.0,Red Water Irish Style Red,American Amber / Red Ale,12.0,0.065,,212,Crow Peak Brewing Company,Spearfish,S%D
667,1804.0,Mjöllnir,Herbed / Spiced Beer,12.0,0.066,,212,Crow Peak Brewing Company,Spearfish,SD
668,1602.0,Bear Butte Nut Brown Ale,American Brown Ale,12.0,0.055,,212,Crow Peak Brewing Company,Spearfish,SD
669,1301.0,Easy Livin' Summer Ale,American Blonde Ale,12.0,0.045,,212,Crow Peak Brewing Company,Spearfish,?#?SD
670,542.0,Canyon Cream Ale,Cream Ale,12.0,0.055,,212,Crow Pe$ak Brewing Company,Spearfish,SD
671,272.0,Pile O'Dirt Porter,American Porter,69.76824055114726,0.069,,212,Crow Peak Brewing Company,Spearfish,SD
672,271.0,11??th Hour IPA,Ameri@@c@@an IPA,12.0,0.06,,212,Crow Peak Brewing Company,Spearfish,SD
673,1057.0,South Ridge Amber Ale,American Amber / Red Ale,16.0,0.06,31.0,472,Crystal Springs Brewing Company,Boulder,CO
674,681.0,Summertime Ale,Kölsch,16.0,0.052,23.0,472,Crystal Springs Brewing Company,Boulder,CO
675,1789.0,Lost River Blonde Ale,American Blonde Ale,16.0,0.049,,315,Cutters Brewing Company,Avon,IN
676,1788.0,Monon Wheat,Witbier,16.0,0.054,,315,Cutters Brewing Company,Avon,IN
677,1787.0,Floyd's Folly,Scottish Ale,16.0,0.08,,315,Cutters Brewing Company,Avon,IN
678,1786.0,Half Court IPA,American IPA,16.0,0.063,,315,Cutters Brewing Company,Avon,$IN
679,1763.0,Geary's Pale Ale,English Pale Ale,12.0,0.045,,323,D.L. Geary Brewing Company,Portland,ME
680,1311.0,Geary's Summer Ale,Kölsch,12.0,0.06,,323,D.L. Geary Brewing Company,Portland,ME
681,2078.0,Stone of Arbroath,Scotch Ale / Wee Heavy??,12.0,0.08,,227,DC Brau Brewing Company,Washington,DC@@
682,1809.0,The Tradition,American Blonde Ale,12.0,0.05,15.0,227,DC Brau Brewing Company,Washington,DC
683,1263.0,El Hefe Speaks,Hefeweizen,12.0,0.053,41.825875868836256,936.4793239582085,DC Brau Brewing Company,Washington,DC
684,1092.0,Penn Quarter Porter,American Porter,12.0,0.055,,227,DC Brau Brewing Company,Washington,DC
685,851.0,On the Wings of Armageddon,American Double / Imperial IPA,12.0,0.092,115.0,227,DC Brau Brewing Company,Washington,DC
686,186.0,The Corruption,American IPA,12.0,0.065,80.0,227,DC Brau Brewing Company,Washington,DC
687,185.0,The Citizen,Belgian Pale Ale,12.0,0.3553294829043539,,227,DC Brau Brewing Company,Washington,DC
688,184.0,The Public,American Pale Ale (APA),12.0,0.06,,227,DC Brau Brewing Company,Washington,DC
689,1224.0,Dank IPA,American IPA,16.0,0.065,,1619.1392340639163,Dad & Dude's Breweria,Aurora,CO
690,964.0,Dank IPA (2012),American IPA,16.0,0.065,,451,Dad & Dude's Breweria,Aurora,CO
691,1623.0,Lift Off IPA,American IPA,16.0,0.072,,358,Daredevil Brewing Company,Shelbyville#,IN
692,110.0,BrewFarm Select Golden Lager,American Pale Lager,12.0,0.055,,554,Dave's Brewfarm,Wilson,WI
693,1735.0,Sprocket Blonde Ale (2006),American Blonde Ale,12.0,0.05,,333,David's Ale Works,Diamond Springs,CA
694,1734.0,Sprocket Pale Ale (2006),A$merican Pale Ale (APA),12.0,0.05,,333,David's Ale Works,Diamond Springs,CA
695,1746.0,Dead Armadillo Amber Ale,American Amber / Red Ale,12.0,0.063,37.0,330,Dead Armadillo Craft Brewing,Tu#ls@@a,OK
696,2371.0,Neato Bandito,Euro Pale Lager,12.0,0.06,,127,Deep Ellum Brewing Company,Dallas,TX
697,2251.0,Oak Cliff Coffee Ale,American Brown Ale,12.0,0.075,110.19828988551413,127,Deep Ellum Brewing Company,Dallas,TX
698,2166.0,Dream Crusher Double IPA,American Double / Imperial IPA,12.0,0.085,100.0,127,Deep Ellum Brewing Company,Dallas,TX
699,1827.0,Deep Ellum Pale Ale,American Pale Ale (APA),12.0,0.06,,127,Deep Ellum Brewing Company,Dallas,TX
700,1203.0,Double Brown Stout,Baltic Porter,12.0,0.07,,127,Deep Ellum Brewing Company,Dallas,TX
701,3762.2522783569157,Farmhouse Wit,Saison / Farmhouse Ale,16.0,0.048,25.0,127,Deep Ellum Brewing Company,Dallas,TX
702,1161.0,Rye Pils Session Lager,German Pilsener,12.0,0.046,,127,Deep Ellum Brewing Company,Dallas,TX
703,946.0,Dallas Blonde,American Blonde Ale,12.0,0.052,23.0,127,Deep Ellum Brewing Company,Dallas,TX
704,943.0,Deep Ellum IPA,American IPA,12.0,0.07,70.0,127,Deep Ellum Brewing Company,Dallas,TX
705,1886.0,Thrasher Session India Pale Ale,American IPA,12.0,0.045,44.0,283,Defiance Brewing Company,Hays,KS
706,1885.0,Gutch English Style Mild Ale,English Pale Mild Ale,12.0,0.05,16.0,283,Defiance Brewing Company,$Hays@@,KS
707,1213.0,Chuli Stout,Irish% Dry S$tout,12.0,0.059,55.0,453,Denali Brewing Company,Talkeetna,AK
708,1159.0,Mother Ale,American Blonde Ale,12.0,0.056,46.0,453,Denali Brewing Company,Talkeetna,AK
709,947.0,Twister Creek India Pale Ale,American IPA,12.0,0.065,71.0,453,Denali Brewing Company,Talkeetna,AK
710,929.0,Single Engine Red,Irish Red Ale,12.0,0.058,46.0,453,Denali Brewing Company,Talkeetna,AK$
711,1944.0,Incredible Pedal IPA,American IPA,12.0,0.07,,263,Denver Beer Company,Denver,CO
712,1943.0,Graham Cracker Porter,American Porter,12.0,0.05,,263,Denver Beer Company,Denver,CO
713,1210.0,Mirror Pond Pale Ale,American Pale Ale (APA),12.0,0.05,40.0,454,Deschutes Brewery,Bend,OR
714,12760.11499321961,Weissenheimer,Hefeweizen,12.0,0.2916779423467594,16.0,57,Destihl Brewery,Bloomington,IL
715,2505.0,Abbey's Single (2015- ),Abbey Single Ale,12.0,0.049,22.0,57,Destihl Brewery,Bloomington,IL
716,2025.0,Vertex IPA,American IPA,12.0,0.063,76.0,57,Destihl Brewery,Bloomington,IL
717,2021.0,Here Gose Nothin',@@Gos??e,12.0,0.05,61.83454343942334,57,Destihl Brewery,Bloomington,IL
718,2015.0,Strawberry Blonde,Fruit / Vegetable Beer,12.0,0.05,,57,Destihl Brewery,Bloomington,IL
719,1888.0,Hoperation Overload,American Double / Imperial IPA,12.0,0.096,85.0,57,Destihl Brewery,Bloomington,IL
720,1887.0,Abbey's Single Ale (Current),Abbey Single Ale,12.0,0.049,22.0,57,Destihl Brewery,Bloomington,IL
721,2051.0,Bravo Four Point,American Pale Ale (APA),12.0,0.044,45.0,755.3006342133616,Devil's Backbone Brewing Company,Lexington,VA
722,1201.0,Striped Bass Pale Ale,American Pale Ale (APA),12.0,0.052,26.0,237,Devil's Backbone Brewing Company,Lexingto#n,V@@A
723,924.0,Deadicated Amber,American Amber / Red Ale,72.32440763607512,0.054,27.0,491,Devil's Canyon Brewery,Belmont,CA
724,731.0,Kaleidoscope Collaboration 2012,American Black Ale,16.0,,,491,Devil's Canyon Brewery,Belmont,CA
725,730.0,California Sunshine Rye IPA,American IPA,16.0,0.071,85.0,491,Devil's Canyon Brewery,Belmont,CA
726,647.0,Full Boar Scotch Ale,Scotch Al#e / Wee Heavy,16.0,0.074,12.0,1748.5502562919053,Devil's Canyon Brewery,Belmont,CA
727,1773.0,12 Man Pale Ale,American Pale Ale (APA),12.0,0.045,,319,Dick's Brewing Company,Centralia,WA
728,1795.0,Filthy Hoppin' IPA,American IPA,16.0,0.065,220.03433873944118,311,Dirty Bucket @@Brewing Co@@mpany,Woodinville,WA
729,944.0,Dock Street Amber Beer (1992),American Amber / Red Ale,64.87926080978404,,,488,Dock Street Brewery,Philadelphia,PA
730,524.0,Dolores River Hefeweizen,Hef$eweize#n,16.0,,,531,Dolores River Brewery,Dolores,CO
731,450.0,Dolores River ESB,Extra Special / Strong Bitter (ESB),16.0,,,531,Dolores River Brewery,Dolores,CO
732,449.0,Snaggletooth Double Pale Ale,American Double / Imperial IPA,16.0,,,531,Dolores River Bre@@wery,Dolores,CO
733,448.0,Dolores River Pale Ale,American Pale Ale (APA),16.0,,,531,Dolores River Brewery,Dolores,CO
734,447.0,Dolores River Dry Stout,Irish Dry Stout,71.0602887293168,,,531,Dolores River Brewery,Dolores,CO
735,446.0,Dolores River Mild,English Dark Mild Ale,16.0,,,531,Dolores River Brewery,Dolores,CO
736,1246.0,Cranberry Blend,Cider,12.0,0.049,,446,Downeast Cider House,Leominster,MA
737,977.0,Orignal Blend,Cider,12.0,0.051,,446,Downeast Cider House,Leominster,MA
738,881.0,Hop Abomination,American IPA,70.5267848857145,0.066,100.0,496,Dry Dock Brewing Company,Aurora,CO
739,880.0,Apricot Blonde,Fruit / Vegetable Beer,12.0,0.051,17.0,496,Dry Dock Brewing Company,@@Aurora%,CO
740,872.0,Dry Dock Hefeweizen,Hefeweizen,12.0,0.043,12.0,496,Dry Dock Brewing Company,Aurora,CO
741,871.0,Dry Dock Amber Ale,American Amber / Red Ale,12.0,0.058,49.0,496,Dry Dock Brewing Company,Aurora,CO
742,1685.0,Category 3 IPA,American IPA,12.0,0.061,64.0,340,Due South Brewing Company,Boynton Beach,FL
743,457.0,Dundee Summer Wheat Beer,American Pale Wheat Ale,12.0,0.045,18.0,538,Dundee Brewing Company,Rochester,NY
744,1590.0,Pumpkin Patch Ale,Pumpkin Ale,16.0,0.05,,369,Eddyline Brewery & Restaurant,Buena Vista,CO
745,1382.0,Crank Yanker IPA,American IPA,16.0,0.078,74.0,369,Eddyline Brewery & Restaurant,Bu#ena Vista,#CO
746,1110.0,River Runners Pale Ale,American Pale Ale (APA),16.0,0.06,,1593.6897914665842,Eddyline Brewery & Restaurant,Buena Vista,CO
747,1014.0,Pumpkin Patch Ale (2012),Pumpkin Ale,16.0,0.05,,369,Eddyline Brewery & Restaurant,Buena Vista,CO
748,911.0,Mountain Fairy Raspberry Wheat,Fruit / Vegetable Beer,16.0,0.055,,369,Eddyline Brewery & Restaurant,Buena Vista,CO
749,680.0,Bo%ater Beer,German Pilsener,16.0,0.045,,369,Eddyline Brewery & Restaurant,Buena Vista,@@$CO
750,395.0,Crank Yanker IP#A@@ (2011),American IPA,16.0,0.078,74.0,369,Eddyline Brewery & Restaurant,Buena Vista,CO
751,1642.0,Bleeding Buckeye Red Ale,Extra Special / Strong Bitter (ESB),16.0,0.057,,352,Elevator Brewing Company,Col%umbus,OH
752,673.0,Dottie Seattle Lager,American Amber / Red Lager,49.036273766516445,0.049,25.0,516,Emerald City Beer Company,Seattle,WA
753,1107.0,Nut Sack Imperial Brown Ale,American Brown Ale,12.0,0.07,,465,Engine 15 Brewing,Jacksonville Beach,FL
754,1039.0,Underachiever,American Adjunct Lager,16.0,0.05,,473,Engine House 9,Tacoma,WA
755,2477.0,Lil' Brainless Raspberries,Fruit / Vegetable Beer,12.0,0.052,,81,Epic Brewing,Denver,CO
756,2008.0,Element 29,American Pale A#le (AP??A),12.0,0.052,,279.1405776851148,Epic Brewing,Denver,CO
757,2004.0,Hop Syndrome,American Pale Lager,12.0,0.05,,81,Epic Brewing,Denver,CO
758,2003.0,Escape to Colorado,American IPA,12.0,0.062,,81,Epic Brewing,Denver,CO
759,2292.0,Little Sister India Style Session Ale,American IPA,12.0,0.043,60.0,170,Everybody's Brewing,White Salmon,WA
760,1504.0,Country Boy IPA,American IPA,67.24350080284722,0.062,80.0,170,Everybody's Brewing,White Salmon,WA
761,2604.0,Blonde Czich,American Blonde Ale,16.0,0.049,23.0,26,Evil Czech Brewery,Mishawaka,IN
762,2432.0,White Reaper,Belgian IPA,65.10157170180881,0.07,61.0,26,Evil Czech Brewery,Mishawaka,IN
763,2431.0,Bobblehead,American Pale Wheat Ale,16.0,0.051,,26,Evil Czech Brewery,Mishawaka,IN
764,2430.0,Lucky Dog,American Pale Ale (APA),16.0,0.052,,26,Evil Czech Brewery,Mishawaka,IN
765,2429.0,Voodoo,American Porter,16.0,0.048,,26,Evil Czech Brew??ery%,Mishawaka,IN
766,1967.0,General George Patton Pilsner,Czech Pilsener,16.0,0.054,48.0,26,Evil Czech Brewery,Mish$a@@waka,IN
767,2283.0,Nomader Weiss,Berliner Weissbier,12.0,0.04,,173,Evil Twin Brew%ing,Brooklyn,NY
768,2248.0,Molotov Lite,American Double / Imperial IPA,16.0,0.085,,173,Evil Twin Brewing,Brooklyn,NY
769,1287.0,Hipster Ale (Two Roads Brewing),American Pale Ale (APA),12.0,0.055,,173,Evil Twin Brewing,Brooklyn,NY
770,1286.0,Bikini Beer,American IPA,12.0,0.027,,173,Evil Twin Brewing,Brooklyn,NY
771,3527.951531346602,Hipster Ale (Westbrook Brewing),American Pale Ale (APA),12.0,0.055,,173,Evil Twin Brewing,Brooklyn,NY
772,1722.0,Iron Horse Pale Ale,American Pale Ale (APA),12.0,0.05,32.0,335,Fargo Brewing Company,Fargo,ND
773,1435.0,Stone's Throw IPA,Scottish Ale,12.0,0.045,19.0,335,Fargo Brewing Company,Fargo,ND
774,1434.0,Wood Chipper India Pale Ale,Am??erican IPA,12.0,0.067,70.0,335,Fargo Brewing Company,Fargo,ND
775,2089.0,Trail Head,American Pale Ale (APA),12.0,0.063,300.6586709941755,224,F$at He%ad's Brewery,Middleburg Heights,OH
776,2088.0,Hop Stalker Fresh Hop IPA,American IPA,16.0,0.07,80.0,224,Fat Head's Brewery,Mi$ddleburg Heights,OH
777,1455.0,Sudice American Stout,American Stout,16.0,0.3149740119695362,58.0,405,Fate Brewing Company,Boulder,CO
778,1454.0,Parcae Belgian Style Pale Ale,Belgian Pale Ale,16.0,0.05,20.0,405,Fate Brewing Company,Boulder,CO
779,1453.0,Norns Roggenbier,Roggenbier,16.0,0.05,20.0,405,Fate Brewing ??Company,Boulder,CO
780,1452.0,Laimas Kölsch Style Ale,Kölsch,16.0,0.05,20.0,405,Fate Brewing Company,Boulder,CO
781,1451.0,Moirai India Pale Ale,American IPA,16.0,0.07,70.0,405,Fate Brewing Company,Boulder,CO
782,2191.0,Loki Red Ale,American Amber / Red Ale,16.0,0.075,53.0,201,Fearless Brewing Company,Estacada,OR
783,1731.0,Peaches & Cream,Fruit / Vegetable Beer,16.0,0.046,,201,Fearless Brewing Company,Estacada,OR
784,1022.0,Quaff India Style Session Ale,American IPA,16.0,0.051,,201,Fearless Brewing Company,Estacada,OR
785,895.0,Loki Red Ale (2013),American Amber / Red Ale,16.0,0.075,53.0,201,Fearless Brewing Company,Estacada,OR
786,682.0,Mjolnir Imperial IPA,American Double / Imperial IPA,16.0,0.069,,201,Fearless Brewing Company,Estacada,%OR
787,112.0,Fearless Scottish Ale,Scottish Ale,16.0,0.05,,201,Fearless Brew??ing Company,Estacada,OR
788,2289.0,Mastermind,American Double / Imperial IPA,47.09229259955708,0.081,,172,Fiddlehead Brewing Company,Shelburne,VT
789,2027.0,Hyzer Flip,American Double / Imperial IPA,16.0,0.082,,172,Fiddlehead Brewing Company,Shelburne,VT
790,1929.0,Second Fiddle,American Double / Imperial IPA,16.0,0.082,80.0,172,Fiddlehead Brewing Company,Shelburne,VT
791,6968.32761501016,Hodad Porter,American Porter,16.0,0.24319579922768467,30.0,649.4624494670637,Fiddlehead Brewing Company,Sh$elburne#,VT
792,2591.0,Weiss Weiss Baby,Kristalweizen,12.0,0.045,,36,Figueroa Mountain Brewing Company,Buellton,CA
793,2590.0,Czech Yo Self,Czech Pilsener,54.653708106158795,0.055,45.0,36,Figueroa Mountain Brewing Company,Buellton,CA
794,6384.083140352181,FMB 101,Kölsch,12.0,0.048,20.0,36,Figueroa Mountain Brewing Company,Buellton,CA
795,1981.0,Hardcore Chimera,American Double / Imperial IPA,16.0,0.09,,256,Finch's Beer Company,Chicago,IL
796,1664.0,Sobek & Set,American Black Ale,16.0,0.08,80.0,256,Finch's Beer Company,Chicago,IL
797,1663.0,Nuclear Winter,Belgian Strong Dark Ale,16.0,0.086,,256,Finch's Beer Company,Chicago,IL
798,1662.0,Wet Hot American Wheat Ale,American Pale Wheat Ale,16.0,0.18195037317605545,22.0,256,Finch's Beer Company,Chicago,IL
799,941.0,Secret Stache Stout,American Stout,16.0,0.053,,256,Finch's Beer Company,Chicago,IL
800,935.0,Fascist Pig Ale,American Amber / Red Ale,16.0,0.08,72.0,1072.1001190601928,Finch's Beer Company,Chicago,IL
801,809.0,Cut Throat Pale Ale,American Pale Ale (APA),16.0,0.055,,256,Finch's Beer Company,Chicago,IL
802,481.0,Threadless IPA,American IPA,16.0,0.075,,1460.1382033499394,Finch's Beer Company,Chicago#,IL
803,351.0,Cut Throat Pale Ale (2011),American Pale Ale (APA),16.0,0.055,,256,Finch's Beer Company,Chicago,IL
804,350.0,Golden?? Wing Blonde Ale,American Blonde Ale,16.0,0.047,,256,Finch's Beer Company,Chicago,IL
805,2569.0,Easy Jack,American IPA,12.0,0.14392267727867303,47.0,48,Firestone Walker Brewing Company,Paso Robles,CA
806,2463.0,Union Jack,American IPA,12.0,0.075,75.0,48,Firestone Walker Brewing Company,Paso Robles,CA
807,2462.0,Pivo Pils,German Pilsener,12.0,0.053,,48,Firestone Walker Brewing Company,Paso Robles,CA
808,1957.0,805 Blonde Ale,American Blonde Ale,12.0,0.047,,48,Firestone Walker Brewing Company,Paso Robles,CA
809,1733.0,805,American Blonde Ale,12.0,0.047,20.0,48,Firestone Walker Brewing Company,Paso Ro$b%les,CA
810,2624.0,Deflator,Doppelbock,16.0,0.065,,16,Flat 12 Bierwerks,Indianapolis,IN??
811,2284.0,Hinchtown Hammer Down,Americ$an Blonde Ale,16.0,0.05,27.0,16,Flat 12 Bierwerks,India#napolis,IN
812,1610.0,Half Cycle IPA,American IPA,16.0,0.06,104.0,16,Flat 12 Bierwerks,Indianapolis,IN
813,520.0,Inclined Plane Ale,American IPA,64.1706824202138,,,532,Flat Rock Brewing Company,Smithton,PA
814,2554.0,Moped Traveler,American Pale Ale (APA),16.0,0.23691973776330832,,54,Flesk Brewing Company,Lombard,IL
815,608.0,Snake Dog IPA,American IPA,12.0,0.071,60.0,521,Flying Dog Brewery,Frederick,MD
816,607.0,Underdog Atlantic Lager,American Pale Lager,12.0,0.047,160.61858473024733,521,Flying Dog Brewery,Frederick,MD
817,2567.0,Flying Mouse 8,American Porter,12.0,0.04,,50,Flying Mouse Brewery,Troutville,VA
818,2566.0,Fl@@ying Mouse 4,American IPA,12.0,0.07,70.0,50,Flying Mouse Brewery,Troutville,VA
819,1899.0,La Ferme Urbaine Farmhouse Ale,Saison / Farmhouse Ale,12.0,0.078,,279,Foolproof Brewing Company,Pawtucket,RI
820,983.0,Backyahd IPA,American IPA,12.0,0.06,,279,Foolproof Brewing Company,Pawtucket,RI
821,982.0,Raincloud# Ro$bust Porter,American Porter,12.0,0.065,,279,Foolproof Brewing Company,Pawtucket,RI@@
822,981.0,Barstool American Golden Ale,American Blonde Ale,12.0,0.045,,279,Foolproof Brewing Company,Pawtucket,RI
823,2111.0,What the Butler Saw,Witbier,12.0,0.2902412665500877,18.0,217,Forgotten Boardwalk,Cherry Hill,NJ
824,2110.0,1916 Shore Shiver,American IPA,12.0,0.069,65.0,217,Forgotten Boardwalk,Cherry Hill,NJ
825,2172.0,Quick WIT,Belgian Pale Ale,12.0,0.052,,206,Fort George Brewery,Astoria,OR
826,2171.0,The Optimist,American IPA,12.0,0.062,,206,Fort George Brewery,Astoria,OR
827,1911.0,Suicide Squeeze IPA,American IPA,16.0,0.045,,206,Fort George Brewery,Astoria,OR
828,1803.0,Java the Hop,American IPA,16.0,0.065,,206,Fort George Brewery,Astoria,OR
829,1566.0,Next Adventure Black IPA,American Black Ale,16.0,0.062,,206,Fort George Brewery,Astoria,OR
830,1515.0,3-Way IPA (2013),American IPA,16.0,0.24150377392906647,,829.1857331042379,Fort George Brewery,Astoria,OR
831,1214.0,Tender Loving Empire NWPA,American Pale Ale (APA),16.0,0.058,,206,Fort George Brewery,Astoria,OR
832,674.0,Quick Wit Belgianesque Ale,Witbier,16.0,0.052,,206,Fort George Brewery,Astoria,OR
833,562.0,Sunrise Oatmeal Pale Ale,American Pale Ale (APA),16.0,0.055,,206,Fort George Brewery,Astoria,OR
834,552.0,Cavatica Stout,American Double / Imperial Stout,16.0,0.088,,206,F$ort George Brewery,Astoria,OR
835,319.0,1811 Lager,American Amber / Red Lager,16.0,0.051,,206,Fort George Brewery,Astoria,OR
836,1334.3385590049581,Vortex IPA,American IPA,16.0,0.074,97.0,206,Fort Georg$e Bre??wery,Astoria,OR
837,2322.0,Fort Pitt Ale,American Amber / Red Ale,12.0,,,889.3813710765058,Fort Pitt Brewing Company,Latrobe,PA
838,2661.0,Park,American Pale Wheat Ale,12.0,0.047,19.0,4,Fort Point Beer Company,San Francisco,CA
839,2660.0,Westfalia,American Amber / Red Ale,12.0,0.056,16.0,4,Fort Point Beer Company,San Francisco,$CA%
840,2659.0,KSA,Kölsch,12.0,0.046,17.0,14.845545360504042,Fort Point Beer Company,San Francisco,CA
841,2658.0,V$illager,American IPA,60.49974605185078,0.063,42.0,13.312387578240124,Fort Point Beer Company,San Francisco,%C@@A
842,2625.0,Dirty Bastard,Scotch Ale / Wee Heavy,12.0,0.37590062329661145,243.61642553836597,15,Founders Brewing Company,Grand Rapids,MI
843,1565.0,Centennial IPA,American IPA,12.0,0.072,237.27913424293976,15,Founders Brewing Company,Grand Rapids,MI
844,1223.0,All Day IPA,American IPA,12.0,0.047,42.0,15,Founders Brewing Company,Grand Rapids,MI
845,1874.0,El Chingon IPA,American IPA,12.0,0.076,73.0,287,Four Corners Brewing Company,Dallas,TX
846,1873.0,Block #Party Robust Porter,American Porter,12.0,0.057,40.0,287,Four Corners Brewing Company,Dallas,TX
847,1872.0,Local Buzz,American Blonde Ale,12.0,0.052,20.0,287,Four Corners Brewing Company,Dallas,TX
848,2613.0,Feel Like Maplin' Love,Oatmeal Stout,16.0,0.055,,123.37927610250054,Four Fathers Brewing,Valparaiso,IN
849,2612.0,Fat??her's Beer,Belgian Pale Ale,16.0,0.05,,22,Four Fathers Brewing,Valparaiso,IN
850,2611.0,The 26th,American IPA,16.0,0.06,,22,Four Fathers Brewing,Valparaiso,IN
851,2610.0,The Gadget,American IPA,16.0,0.064,90.0,22,Four Fathers Brewing,Valparaiso,IN
852,1657.0,Leprechaun Lager,American Pale Lager,53.63749083239891,0.04,,348,Four Horsemen Brewing Company,South Bend,IN
853,2309.0,Sunbru Kölsch,Kölsch,12.0,0.052,17.0,160,Four Peaks Brewing Company,Tempe,AZ
854,1635.0,Kilt Lifter Scottish-Style Ale,,57.08251086390356,0.06,21.0,160,Four Peaks Brewing Company,Tem%p??e,AZ
855,1616.0,Pumpkin Porter,American Porter,12.0,0.051,,160,Four Peaks Brewing Company,Tempe,AZ
856,7650.59026281619,Four Peaks Peach Ale,Fruit / Vegetable Be??er,12.0,0.042,9.0,160,Four Peaks Brewing Company,Tempe,AZ
857,358.0,Hop Knot IPA,American IPA,12.0,0.067,183.21421875005674,160,Four Peaks Brewing Company,Tempe,AZ
858,179.0,Kilt Lifter Scottish-Style Ale (2009),Scottish Ale,12.0,0.3525305894252254,21.0,160,Four Peaks Brewing Company,Tempe,AZ
859,178.0,Sunbru Kölsch,Kö@@lsch??,12.0,0.052,,160,Four Peaks Brewing Company,Tempe,AZ
860,2428.0,Four String Vanilla Porter,American Porter,12.0,0.06,,105,Four String Brewing Company,Columbus,OH
861,10743.414969566355,Suncaster Summer Wheat,American Pale Wheat Ale,12.0,0.05,28.0,105,Four String Brewing Company,Columbus,OH
862,2425.0,Brass Knuckle Pale Ale,American Pale Ale (APA),12.0,0.057,36.0,105,Four String Brewing Company,Columbus,OH
863,2424.0,Big Star White IPA,American White IPA,12.0,0.07,70.0,105,Four String Brewing Company,Columbus,OH
864,1998.0,Old Detroit,American Amber / Red Ale,12.0,0.3060554549469566,,253,Frankenmuth Brewery,Frankenmuth,MI
865,1556.0,Batch 69 IPA,American IPA,12.0,0.069,69.0,253,Frankenmuth Brewery,Frankenmuth,M@@I
866,1208.0,Twisted Helles Summer Lager,Munich Helles Lager,12.0,0.055,18.0,253,Frankenmuth Brewery,Frankenmuth,MI
867,2527.0,OktoberFiesta,,12.0,0.053,27.0,66,Freetail Brewing Company,San Antonio,TX
868,2526.0,Texicali,American Brown Ale,12.0,0.065,33.0,66,Freetail Brewing Company,San Antonio,TX
869,2525.0,Pinata Protest,Witbier,12.0,0.06,,66,Freetail Brewing Company,San Antonio,TX
870,2524.0,Bat Outta Helles,Munich Helles Lager,12.0,0.042,20.0,66,Freetail Brewing Company,San Antonio,TX
871,2523.0,Original,American Amber / Red Ale,12.0,0.068,,66,Freetail Brewing Company,San Antonio,TX
872,2522.0,Rye Wit,Witbier,12.0,0.042,10.0,66,Freetail Brewing Company,San Antonio,TX
873,2521.0,Soul Doubt,American IPA,12.0,0.059,70.0,66,Freetail Brewing Company,San Antonio,TX
874,2520.0,Yo Soy Un Berliner,Berliner% Weis%sbier,12.0,0.044,5.0,285.70428038126965,Freetail Brewing Company,San Antonio,TX
875,1174.0,77 Fremont Select Spring Session IPA,American IPA,65.37418064744926,0.04,,460,Fremont Brewing Company,Seattle,WA
876,1116.0,Fremont Organic Pale Ale,American Pale Ale (APA),12.0,0.045,,460,Fremont Brewing Company,Seattle,WA
877,994.0,Abominable Ale,English Strong Ale,12.0,0.08,,460,Fremont Brewing Company,Seattle,WA
878,901.0,Harves??t Ale,Saison / Farmhouse Ale,12.0,0.065,35.0,460,Fremont Brewing Company,Seattle,WA
879,875.0,Fremont Summer Ale,American Pale Ale (APA),12.0,0.065,45.0,460,Fremont Brewing Company,Seattle,WA
880,858.0,Universale Pale Ale,American Pale Ale (APA),12.0,0.056,30.0,460,Fremont Brewing Company,Seattle,WA
881,857.0,Interurban IPA,American IPA,12.0,0.065,80.0,2498.6415301230395,Fremont Brewing Company,Seattle,WA
882,1300.0,Gateway Kolsch Style Ale,Kölsch,12.0,0.053,32.0,433,French Broad Brewery,Asheville,NC
883,1260.0,Wee-Heavy-Er Scotch Ale,Scotch Ale / Wee Heavy,12.0,0.07,24.0,433,French Broad Brewery,Asheville,NC
884,1259.0,13 Rebels ESB,Extra Special / Strong Bitter (ESB),12.0,0.052,42.0,433,French Broad Brewery,Asheville,NC
885,2254.0,Salamander Slam,American IPA,16.0,0.07,73.0,180,Frog Level Brewing Company,Waynesville,NC
886,1658.0,Cack-A-Lacky,American Pale Ale (APA),12.0,0.05,,347,Fullsteam Brewery,Durham,NC
887,2077.0,No Wake IPA,American IPA,12.0,0.072,50.0,228,Geneva Lake Brewing Company,Lake Geneva,WI
888,2076.0,Boathouse Blonde,American Blonde Ale,12.0,0.049,15.0,228,Geneva Lake Brewing Company,Lake Geneva,WI
889,2075.0,Cedar Point,American Amber / Red Ale,12.0,0.05,26.0,228,Geneva Lake Brewing Company,La??ke Ge%neva,WI#
890,2426.0,Clean Shave IPA,American IPA,12.0,0.067,70.0,106,Glabrous Brewing Company,Pineland,ME
891,2045.0,Might As Well IPL,American Pale Lager,16.0,0.072,75.0,240,Golden Road Brewing,Los Angeles,CA
892,1960.0,Saison Pamplemousse,Saison / Farmhouse Ale,12.0,0.058,35.0,240,Golden Road Brewing,Los Angeles,CA
893,1777.0,2020 IPA,American IPA,16.0,0.074,74.0,240,Golden Road Brewing,Los Angeles,CA
894,1698.0,Wolf Among Weeds IPA,American IPA,16.0,0.08,70.0,240,Golden Road Brewing,Los Angeles,CA
895,1641.0,Better Weather IPA,American IPA,16.0,0.094,92.0,240,Golden Road Brewing,Los Angeles,CA
896,1490.0,Point the Way IPA,American IPA,16.0,0.059,60.0,240,Golden Road Brewing,Lo??s Angeles,CA
897,1489.0,Golden Road Hefeweizen,Hefeweizen,16.0,0.046,65.96687308984262,240,Golden Road Brewing,Los Angeles,CA
898,1399.0,Heal #the Bay IPA,American IPA,16.0,0.068,65.0,1407.5959980559508,Golden Road Brewing,Los Angeles,CA
899,1296.0,Point the Way IPA,American IPA,12.0,0.059,60.0,240,Golden Road Brewing,Los Angeles,CA
900,1034.0,Cabrillo Kölsch,Kölsch,85.53861302421511,0.05,,240,Golden Road Brewing,Los Angeles,CA
901,991.0,Get Up Offa That Brown,American Brown Ale,16.0,0.055,20.0,240,Golden Road Brewing,Los Angeles,CA
902,750.0,Burning Bush Smoked IPA,American IPA,16.0,0.08,70.0,240,Golden Road Brewing,Los Angeles,CA
903,749.0,Wolf Among Weeds IPA (2012),American IPA,16.0,0.08,70.0,240,Golden Ro#a#d Brewing,Los Angeles,CA
904,549.0,Point the Way@@ IPA (2012),American IPA,16.0,0.059,60.0,240,Golden Road Brewing,Los Angeles,CA
905,548.0,Golden Road Hefeweizen (2012),Hefeweizen,16.0,0.046,15.0,240,Golden Road Brewing,Los Angeles,CA
906,2587.0,Vanilla Porter,American Porter,16.0,0.07,11.0,39,Gonzo's BiggDogg Brewing,Kalamazoo,MI
907,1109.0,Descender IPA,American IPA,12.0,0.07,70.0,464,Good Life Brewing Company,Bend,OR
908,1108.0,Sweet As Pacific Ale,American Pale Wheat Ale,12.0,0.06,18.0,464,Good Life Brewing Company,Bend,OR
909,1000.0,Good People Pale Ale,American Pale Ale (APA),12.0,0.056,36.0,478,Good People Brewing Company,Birmingham,AL
910,312.0,Snake Handler Double IPA,American Double / Imperial IPA,12.0,0.093,103.0,478,Good People Brewing Company,Birmingham,AL
911,311.0,Cof#??fee Oatmeal Stout,Oatmeal Stout,12.0,0.06,54.0,478,Good People Brewing Company,Birmingham,%AL$
912,309.0,Good People IPA,American IPA,12.0,0.06,64.0,478,Good People Brewing Company,Birmingham,AL
913,308.0,Good People American Brown Ale,American Brown Ale,12.0,0.058,36.0,478,Good People Brewing Company,Birmingham,AL%@@
914,2205.0,Mountain Rescue Pale Ale,American Pale Ale (APA),12.0,0.055,40.0,194,Goodlife Brewing Co.,Bend,OR
915,2198.0,Goose Island India Pale Ale,American IPA,12.0,0.1893557297722454,55.0,196,Goose Island Brewery Company,Chicago,IL
916,2457.0,312 Urban Pale Ale,American Pale Ale (APA),16.0,0.054,99.05571039043689,88,Goose Island Brewing Company,Chicago,IL
917,2202.0,312 Urban Pale Ale,American Pale Ale (APA),12.0,0.054,30.0,88,Goose Island Brewing Company,Chicago,IL
918,12056.79655790084,312 Urban Wheat Ale,American Pale Wheat Ale,16.0,0.042,59.28616699871695,88,Goose Island Br%e@@wing Company,Chicago,IL
919,1829.0,312 Urban Wheat Ale,American Pale Wheat Ale,12.0,0.042,86.39230347709858,88,Goose Island Brewing Company,Chicago,IL
920,581.0,312 Urban Wheat Ale (2012),American Pale Wheat Ale,12.0,0.042,20.0,88,Goose Island Brewing Company,Chicago,IL
921,1383.0,Beaver Logger,American Pale Lager,12.0,0.052,19.0,420,Gore Range Brewery,Edwards,CO
922,477.0,White Water Wheat,American Pale Wheat Ale,12.0,0.05,,536,Grand Canyon Brewing Company,Williams,AZ
923,476.0,Grand Canyon American Pilsner,American Pilsner,12.0,0.052,,536,Grand Canyon Brewing Company,Williams,AZ
924,143.0,Grand Canyon Sunset Amber Ale,American Amber / Red Ale,12.0,0.054,,536,Grand Canyon Brewing Company,Williams,AZ
925,142.0,Black Iron India Pale Ale,American IPA,12.0,,,536,Grand Canyon Brewing Company,Williams,AZ
926,2129.0,Monarch Classic American Wheat,American Pale Wheat Ale,12.0,0.043,21.0,213,Grapevine Craft Brewery,Farmers Branch,TX
927,2127.0,Sir William's English Brown Ale,English Brown Ale,12.0,0.049,21.0,213,Grapevine Craft Brewery,Farmers Branch,TX
928,2126.0,Lakefire Rye Pale Ale,Ameri??can Pale Ale (APA),12.0,0.055,35.0,213,Grapevine Craft Brewery,Farmers Branch,TX
929,2303.0,Beer Agent Re-Ignition,American Blonde Ale,16.0,0.053,22.0,165,Great Crescent Brewery,Aurora,IN
930,1990.0,Cherry Ale,Fruit / Vegetable Beer,16.0,0.057,18.0,165,Great Crescent Brewery,Aurora,IN
931,1702.0,Bourbon Barrel Aged Coconut Porter,American Porter,16.0,0.056,33.0,165,Great Crescent Brewery,Aurora,IN
932,1701.0,Great Crescent IPA,American IPA,16.0,0.062,60.0,165,Great Crescent Brewery,Aurora,IN
933,1700.0,Aurora Lager,Dortmunder / Export Lager,16.0,0.057,27.0,165,Great Crescent Brewery,Aurora,IN
934,1699.0,Great Crescent Blonde Ale,American Blonde Ale,16.0,0.053,22.0,165,Great Crescent Brewery,Aurora,IN
935,1269.0,Great Crescent Coconut Porter,American Porter,16.0,0.056,33.0,165,Great Crescent Brewery,Aurora,IN
936,930.0,Great Crescent Oktoberfest Lager,Märzen / Oktoberfest,16.0,0.057,25.0,165,Great Crescent Brewery,Aurora,IN
937,649.0,Great Crescent Brown Ale,American Brown Ale,16.0,0.045,36.0,165,Great Crescent Brewery,Aurora,IN
938,639.0,Cherry Ale (1),Fruit / Vegetable Beer,16.0,0.057,18.0,165,Great Crescent Brewery,A?$?urora,IN
939,626.0,Aurora Lager (2011),Dortmunder / Export Lager,16.0,0.057,27.0,165,Great Crescent Brewery,Aurora,IN
940,615.0,Frosted Fi$elds Winter Wheat,American Dark Wheat Ale,16.0,0.06,143.75998714224716,165,Great Crescent Brewery,Aurora,IN
941,478.0,Grea#t Cresc@@ent Belgian Style Wit,Witbier,16.0,0.051,65.59973114359643,165,Great Crescent Brewery,Aurora,IN
942,455.0,Bourbon's Barrel Stout,American Stout,16.0,0.3551928500517075,65.0,165,Great Crescent Brewery,Aurora,IN
943,442.0,Great Crescent Sto%ut,English Stout,16.0,0.08,66.0,165,Great Crescent Brewery,Aurora,IN
944,441.0,Great Crescent Coconut Porter (2012),American Porter,16.0,0.056,33.0,165,Great Crescent Brewery,Aurora,IN
945,440.0,Great Crescent Dark Lager,Euro Dark Lager,16.0,0.057,23.0,165,Great Crescent Brewery,Aurora,IN
946,439.0,Great Crescent Mild Ale,English Dark Mild Ale,16.0,0.042,26.0,165,Great Crescent Brewery,Aurora,IN
947,436.0,Great Crescent IPA (20@@11),American IPA,16.0,0.062,60.0,165,Great Crescent $Brewery,Aurora,IN
948,389.0,Great Crescent Blonde Ale (2011),American Blonde Ale,16.0,0.053,22.0,165,Great Crescent Brewery,Aurora,I$%N
949,2650.0,Denver Pale Ale (Artist Series No. 1),American Pale Ale (APA),12.0,0.05,,6,Great Divide Brewing Company,Denver,CO
950,2649.0,Hibernation Ale,Old Ale,12.0,0.087,,6,Great Divide Brewing Company,Denver,CO
951,2648.0,Whi??tewater%,American Pale Wheat Ale,12.0,0.061,,6,Great Divide Brewing Company,Denver,CO
952,2647.0,Rumble,American IPA,12.0,0.071,,6,Great Divide Brewing Company,Denver,CO
953,2646.0,Orabelle,Tripel,12.0,0.083,,6,Great Divide Brewing Company,Denver,CO
954,2645.0,Lasso,American IPA,12.0,0.05,,6,Great Divide Brewing Company,Denver,CO
955,2644.0,Yeti  Imperial Stout,Russian Imperial Stout,12.0,0.095,75.0,6,Great Divide Brewing Company,Denver,CO
956,2643.0,Colette,Saison / Farmhouse Ale,12.0,0.073,,6,Great Divide Brewing Company,Denver,CO
957,2642.0,Titan IPA,American IPA,12.0,0.071,,6,Great Divide Brewing Company,Denver,CO
958,404.0,Black Star Double Hopped Golden Lager (24 oz.),American Pale Lager,24.0,0.045,15.0,543,Great Northern Brewing Company,Whitefish,MT
959,164.0,Black Star Double Hopped Golden Lager (12 oz.),American Pale Lager,12.0,0.045,15.0,543,Great Northern Brewing Company,Whitefish,MT
960,1923.0,Commotion APA,American Pale Ale (APA),12.0,0.052,49.0,1257.104435241633,Great Raft Brewing Company,Shreveport,LA
961,1922.0,Southern Drawl Pale Lager,American Pale Lager,12.0,0.052,,269,Great Raft Brewing Company,Shreveport,LA
962,8614.915526631332,Chickawawa Lemonale,Fruit / Vegetable Beer,12.0,0.05,5.0,1619.3400270273175,Great River Brewery,Davenport,IA
963,1574.0,Barrel Aged Farmer,American Brown Ale,16.0,0.07,22.0,365,Great River Brewery,Davenport,IA
964,1446.0,Great River Golden Ale,American Blonde Ale,12.0,0.048,,365,Great River Brewery,Davenport,IA
965,1275.0,Dirty Blonde Chocolate Ale,American Blonde Ale,12.0,0.048,,365,Great River Brewery,Daven$port,IA
966,4147.316704959983,Dos Pistolas,Vienna Lager,12.0,0.048,20.0,1154.8330603044276,Great River Brewery,Davenport,IA
967,1064.0,Owney Irish Style Red Ale,Irish R$ed Al$e,16.0,0.05,30.0,365,Great River Brewery,Davenport,IA
968,1028.0,Aaah Bock Lager,Vienna Lager,16.0,0.06,,365,Great River Brewery,Davenport,IA
969,865.0,Widespread Wit,Witbier,16.0,0.055,10.0,365,Great River Brewery,Davenport,IA
970,864.0,Roller Dam Red Ale,Irish Red Ale,16.0,0.31545023952587825,30.0,365,Great River Brewery,Davenport,IA
971,863.0,483 Pale Ale,American Pale Ale (APA),16.0,0.053,48.0,365,Great River Brewery,Davenport,IA
972,672.0,Hop A Potamus Double Dark Rye Pale Ale,Rye Beer,16.0,0.09,99.0,365,Great River Brewery,Davenport,IA
973,655.0,Farmer Brown Ale,American Brown Ale,16.0,0.07,22.0,365,Great River Brewery,Davenport,IA
974,540.0,Big Cock IPA,American IPA,16.0,0.07,226.38938813603198,365,Great River Brewery,Davenport,IA
975,539.0,Oktoberfest,Märzen / Oktoberfest,16.0,0.059,25.0,1340.9073847128043,Great River Brewery,Davenport,IA
976,517.0,40th Annual Bix Street Fest Copper Ale (Current),American Amber / Red Ale,16.0,0.048,136.32753886000984,365,Great River Brewery,Davenport,IA
977,371.0,Redband Stout,American Stout,16.0,0.06,36.0,365,Great River Brewery,Davenport,IA
978,696.0635073097809,483 Pale Ale (2010),American Pale Ale (APA),16.0,0.053,48.0,365,Great River Brewery,Da$venport,IA
979,189.0,Roller Dam Red Ale (2010),Irish Red Ale,16.0,0.054,30.0,365,Great River Brewery,Davenport,IA
980,1106.0,Pablo Beach Pale Ale,American Pale Ale (APA),58.214698877435296,0.05,30.0,466,Green Room Brewing,Jacksonville,FL
981,2314.0,Wild Trail Pale Ale,American Pale Ale (APA),12.0,0.057,44.0,156,Greenbrier Valley Brewing Company,Lewisburg,WV
982,2313.0,Mothman Black IPA,American Black Ale,12.0,0.067,71.0,156,Gree??nbrier Valley Brewing Company,Lewisburg,WV
983,2461.0,Autumn Winds Fest Beer,Märzen / Oktoberfest,16.0,0.058,,86,G$rey Sail Brewing Company,Westerly,RI
984,2044.0,Captain's Daughter,American Double / Imperial IPA,12.0,0.085,69.0,86,Grey Sail Brewing Company,Westerly,RI
985,1567.0,Autumn #$Winds,Märzen / Oktoberfest,16.0,0.3220237581032121,,379,Grey Sail Brewing of Rhode Island,Westerly,RI
986,1505.0,Flying Jenny Extra Pale Ale,American Pale Ale (APA),12.0,0.06,54.0,379,Grey Sail Brewing of Rhode Island,Westerly,RI
987,1186.0,#Hazy Day Belgian-Style %Wit,Witbier,16.0,0.04,20.0,379,Grey Sail Brewing of Rhode Island,Westerly,RI
988,1185.0,Bring Back the Beach Blonde Ale,American Blonde Ale,16.0,0.055,,379,Grey Sail Brewing of Rhode Island,Westerly,RI
989,984.0,Leaning Chimney Smoked Porter,American Porter,16.0,0.06,34.0,379,Grey Sail Brewing of Rhode Island,Westerly,RI
990,693.0,Flying Jenny Extra Pale Ale (2012),American Pale Ale (APA),12.0,0.06,276.77365170107095,379,Grey Sail Brewing of Rhode Island,Westerly,RI
991,631.0,Flagship Ale,Cream Ale,12.0,0.049,22.0,379,Grey Sail Brewing of Rhode Island,Westerly,RI
992,2375.0,Mr. Blue Sky,American Pale Wheat Ale,16.0,0.045,6.0,124,Griffin Claw Brewing Company,Birmingham,MI
993,2143.0,3 Scrooges,Winter Warmer,16.0,0.065,,124,Griffin Claw Brewing Company,Birmingham,MI
994,2142.0,Screamin�?Pumpkin,Pumpkin Ale,16.0,0.05,82.11597933674467,124,Griffin Claw Brewing Company,Birmingham,MI
995,2141.0,Grand Trunk Bohemian Pils,Czech Pilsener,16.0,0.20344569164031273,35.0,124,Griffin Claw Brewing Company,Birmingham,MI
996,2140.0,El Rojo,American Amber / Red Ale,16.0,0.065,25.0,124,Griffin Claw Brewing Company,Birmingham,MI
997,2139.0,Norm's Raggedy Ass IPA,American IPA,16.0,0.075,,124,Griffin Claw Brewing Company,Birmingham,MI
998,2138.0,Grind Line,American Pale Ale (APA),16.0,0.05,35.0,124,Griffin Claw Brewing Company,Birmingham,MI
999,2007.0,Norm's Gateway IPA,American IPA,12.0,0.04,55.0,124,Griffin Claw Brewing Company,Bir@@mingham%,MI
1000,1570.0,Lemon Shandy Tripel,Tripel,16.0,0.09,,124,Griffin Claw Brewing Company,Birmingham,MI
1001,2339.0,Little Red Cap,Altbier,12.0,0.063,43.0,144,Grimm Brothers Brewhouse,Loveland,CO
1002,1857.0,Supergoose IPA,American IPA,12.0,0.069,281.5871221850183,290,Hale's Ales,Seattle,W??A
1003,1440.0,Hale's Pale American Ale,American Pale Ale (APA),12.0,0.26550375071799626,,290,Hale's Ales,Seattle,WA
1004,1753.0,Heyoka IPA,American IPA,16.0,0.2779193113417965,,327,Half Acre Beer Company,Chicago,IL
1005,1448.0,Guest Lager,American Double / Imper@@ial Pi#lsner,16.0,0.08,,327,Half Acre Beer Company,Chicago,IL
1006,1134.0,Pony Pilsner,German Pilsener,16.0,0.057,,327,Half Acre Beer Company,Chicago,IL
1007,1066.0,Akari Shogun American Wheat Ale,American Pale Wheat Ale,16.0,0.055,,327,Half Acre Beer Company,Chicago,IL
1008,849.0,Meat Wave,English India Pale Ale (IPA),16.0,0.06,,327,Half Acre Beer Company,Chicago,IL
1009,352.0,Over Ale,American Brown Ale,16.0,0.06,,327,Half Acre Beer Company,Chi#??cago,IL
1010,149.0,Gossamer Golden Ale,American Blonde Ale,16.0,0.042,,327,Half Acre Beer Company,Chicago,IL
1011,148.0,Daisy Cutter Pale Ale,American Pale Ale (APA),16.0,0.052,,327,Half Acre Beer Company,Chicago,IL
1012,2026.0,Pursuit,Am%erican I%PA,12.0,0.07,40.0,248,Half Full Brewery,Stamford,CT
1013,1361.0,Half Full Bright Ale,American Blo@@nde Ale,53.13313370416392,0.052,18.0,248,Half Full Brewery,Stamford,CT
1014,1016.0,Orange Wheat,F#??ruit / Vegetable Beer,12.0,0.046,17.0,476,Hangar 24 Craft Brewery,Redlands,CA
1015,1015.0,Hangar 24 Helles Lager,Munich Helles Lager,12.0,0.15476275918872318,14.0,476,Hangar 24 Craft Brewery,Redlands,CA
1016,1677.0,The Great Return,American IPA,16.0,0.075,70.0,343,Hardywood Park Craft Brewery,Richmond,VA
1017,1331.0,Hardywood Cream Ale,Cream Ale,12.0,0.044,18.0,343,Hardywood Park Craft Brewery,Richmond,VA
1018,1270.0,Capital Trail Pale Ale,American Pale Ale (APA),12.0,0.056,55.0,343,Hardywood Park Craft Brewery,Richmond,VA
1019,2059.0,UFO Gingerland,Herbed / Spiced Beer,12.0,0.052,15.0,234,Harpoon Brewery,Boston,MA
1020,7619.898223803511,The Long Thaw White IPA,American White IPA,12.0,0.062,45.0,234,Harpoon Brewery,Boston,MA
1021,1558.0,H??oney Cider,Cider,12.0,0.048,,234,Harpoon Brewery,Boston,MA
1022,1380.0,Harpoon Summer Beer,Kölsch,12.0,0.05,28.0,234,Harpoon Brewery,Boston,MA
1023,1379.0,Harpoon IPA,American IPA,12.0,0.059,42.0,234,Harpoon Brewery,Bost$on??,MA
1024,1340.0,UFO Pumpkin,Pumpkin Ale,12.0,0.059,20.0,234,H??arpoon Brewery,Boston,MA
1025,1313.0,Harpoon Octoberfest,Märzen / Oktoberfest,12.0,0.055,30.0,234,Harpoon Brewery,Boston,MA
1026,770.0,Harpoon IPA (2012),American IPA,12.0,0.059,159.85112306792462,234,Harpoon Brewery,Boston,MA
1027,769.0,Harpoon Summer Beer (2012),Kölsch,12.0,0.05,28.0,234,Harpoon Brewery,Boston,MA
1028,610.0,UFO White,American Pale Wheat Ale,12.0,0.048,10.0,234,Harpoon Brewery,Boston,MA
1029,633.5792198921572,Harpoon Summer Beer (2010),Kölsch,38.67930289453309,0.05,28.0,234,Harpoon Brewery,Boston,MA
1030,126.0,Harpoon IPA (2010),American IPA,12.0,0.059,42.0,234,Harpoon Brewery,Boston,MA
1031,506.0,Great Falls Select Pale Ale,American Blonde Ale,12.0,,,535,Harvest Moon Brewing Company,Belt,MT
1032,181.0,Beltian White,Witb??ier,12.0,0.048,,535,Harvest Moon Brewing Company,Belt,MT
1033,2183.0,Kaua'i Golden$ Ale,American Blonde Ale,12.0,0.049,,204,Hawai'i Nui Brewing Co.,Hilo,HI
1034,2182.0,Sunset Amber,American Pale Ale (APA),12.0,0.054,,204,Hawai'i Nui Brewing Co.,Hilo,HI
1035,2181.0,Hapa Brown Ale,American Brown Ale,19.2,0.064,,204,Hawai'i Nui Brewing Co.,Hilo,HI
1036,2180.0,Hapa Brown Ale,American Brown Ale,12.0,0.064,,1076.7186000987647,Hawai'i Nui Brewing Co.,Hilo,HI
1037,2179.0,Southern Cross,Flanders Red Ale,19.2,0.083,,1132.2147388970186,Hawai'i Nui Brewing Co.,Hilo,HI
1038,1895.0,Groupe G,Belgian IPA,72.08053513934672,0.076,65.0,280,Headlands Brewing Company,Mill Valley,CA
1039,1894.0,Pt. Bonita Rustic Lager,American Pale Lager,16.0,0.062,40.0,280,Headlands Brewing Company,Mill Valley,CA
1040,1893.0,Hill 88 Double IPA,American Double / Imperial IPA,16.0,0.088,77.0,280,Headlands Brewing Company,Mill Valley,CA
1041,990.0,Loose Cannon,American IPA,12.0,0.072,45.0,479,Heavy Seas Beer,Halethorpe,MD
1042,989.0,AARGHtoberfest!,Märzen / Oktoberfest,12.0,0.06,30.0,479,Heavy Seas Beer,Halethorpe,MD
1043,988.0,Davy Jones Lager,Cream Ale,12.0,0.06,,1559.026430135434,Heavy Seas Beer,Halet#??horpe,MD
1044,1351.0,Gr??azias,Cream Ale,16.0,0.063,30.0,423,Hess Brewing Company,San Diego,CA
1045,1346.0,Habitus IPA,American IPA,16.0,0.08,86.0,423,Hess Brewing Company,San Diego,CA
1046,904.0,Ex Umbris Rye Imper@@ial Stout,American Double / Imperial Stout,16.0,0.099,85.0,423,Hess Brewing Company,San Diego,CA
1047,2295.0,The Golden One,American Pilsner,12.0,0.3086447902430907,21.0,168,High Hops Brewery,Windsor,CO
1048,2294.0,The Power of Zeus,American Pale Ale (APA),12.0,0.07,306.38303285188266,168,High Hops Brewery,Windsor,CO
1049,824.0,Tonganoxie Honey Wheat,American Pale Wheat Ale,12.0,0.044,22.0,500,High Noon Saloon And Brewery,Leavenworth,KS
1050,616.0,Oregon Trail Unfiltered Raspberry Wheat,Fruit / Vegetable Beer,69.32286256101943,0.045,,2077.6658812023693,High Noon Saloon And Brewery,Leavenworth,KS
1051,96.0,Annie's Amber Ale,American Amber / Red Ale,12.0,0.055,,500,High Noon Saloon And Brewery,Leavenworth,KS
1052,1615.0,The 12th Can�?American Pale Ale (APA),16,0.045,32.0,362.0,Hilliard's Beer,Seattle,WA,
1053,889.0,Hilliard's Pils,Czech Pilsener,16.0,0.23575272651956994,34.0,362,Hilliard's Beer,Seattle,WA
1054,724.0,Hilliard's Blonde,American Blonde Ale,16.0,0.049,20.0,362,Hilliard's Beer,Seattle,WA
1055,497.0,Hilliard's Amber Ale,American Amber / Red Ale,16.0,0.055,60.0,362,Hilliard's Beer,Seattle,WA
1056,496.0,Hilliard's Sais#on,Saison / Farmhouse Ale,16.0,0.066,117.72498327154041,362,Hilliard's Beer,Seattle,WA
1057,1652.0,White Cap White IPA,American White IPA,16.0,0.042,,349,Hinterland Brewery,??Green Bay#,WI
1058,1835.0,Provision,Saison / Farmhouse Ale,12.0,0.042,25.0,297,Hop Farm Brewing Company,Pittsburgh,PA
1059,1834.0,One Nut Brown,American Brown Ale,12.0,0.047,28.0,297,Hop Farm Brewing Company,Pittsburgh,PA
1060,1833.0,Hop Farm IPA,American IPA,12.0,0.058,45.0,297,Hop Farm Brewing Company,Pittsburg#h,PA
1061,2195.0,Double D Blonde,American Blonde Ale,12.0,0.049,20.0,198,Hop Valley Brewing Company,Springfield,OR
1062,1605.0,Festeroo Winter Ale,American Strong Ale,12.0,0.078,60.0,198,Hop Valley Brewing Company,Springfield,OR
1063,1543.0,Proxima IPA,America@@n IPA%,12.0,0.063,70.0,198,Hop Valley Brewing Company,Springfield,OR
1064,1390.0,Double D Blonde (2013),American Blonde Ale,12.0,0.049,20.0,198,Hop Valley Brewing Company,Springfield,OR
1065,1354.0,541 American Lager,American Pale Lager,12.0,0.048,13.0,198,Hop Valley Brewing Company,Springfield,OR
1066,1353.0,Alphadelic IPA,American IPA,12.0,0.065,90.0,198,Hop Valley Brewing Company,Springfield,OR
1067,499.0,Alphadelic IPA (2011),American IPA,12.0,0.065,90.0,198,Hop Valley Brewing Company,Springfield,OR
1068,498.0,Double D Blonde (2011),American Blonde Ale,12.0,0.049,20.0,198,Hop Valley Brewing Company,Springfield,OR
1069,1501.0,Green House India Pale Ale,American IPA,12.0,0.07,,395,Hops & Grain Brewery,Austin,TX
1070,1004.0,The One They Call Zoe,American Pale Lager,12.0,0.051,,395,Hops & Grain Brewery,Austin,TX
1071,502.0,Alteration??@@,Altbier,12.0,0.051,40.0,395,Hops & Grain Brewery,Austin,TX
1072,501.0,Pale Dog,American Pale Ale (APA),12.0,0.06,50.0,395,Hops & Grain Brewery,Austin,TX
1073,2357.0,Porter Culture,American Porter,12.0,0.065,,136,Hops & Grains Brewing Company,Austin,TX@@
1074,2483.0,Hard Cider,Cider,16.0,0.21259055220549572,,80,Hopworks Urban Brewery,Portland,OR
1075,2482.0,Totally Radler,Radler,16.0,0.027,21.0,80,Hopworks Urban Brewery,Portland,OR
1076,2400.0,Nonstop Hef Hop,American Pale Wheat Ale,16.0,0.039,20.0,80,Hopworks Urban Brewery,Portland,OR
1077,2399.0,Nonstop Hef Hop,American Pale Wheat Ale,16.0,0.039,20.0,80,Hopworks Urban Brewery,Portland,OR
1078,2398.0,Nonstop Hef Hop,American Pale Wheat Ale,16.0,0.039,20.0,441.1658819201443,Hopworks Urban Brewery,Portland,OR
1079,2397.0,Nonstop Hef Hop,American Pale Wheat Ale,16.0,0.039,20.0,80,Hopworks Urban Brewery,P@@ort%land,OR
1080,2396.0,Nonstop Hef Hop,American Pale Wheat Ale,16.0,0.039,20.0,80,Hopworks Urban Brewery,Portland,OR
1081,2395.0,Nonstop Hef Hop,American Pale Wheat A$le,16.0,0.039,20.0,80,Hopworks Urban B??rewery,Portland,OR
1082,2394.0,Nonstop Hef Hop,American Pale Wheat Ale,63.66541124911673,0.039,84.76308441833478,80,Hopworks Urban Brewery,Portland,OR
1083,2393.0,Nonstop Hef Hop,American Pale Wheat Ale,16.0,0.039,20.0,80,Hopworks Urban Brewery,Portland,OR
1084,2392.0,Nonstop Hef Hop,American Pale Wheat Ale,16.0,0.039,20.0,80,Hopworks Urban Brewery,Portland,O$R??
1085,2391.0,Nonstop Hef Hop,American Pale Wheat Ale,16.0,0.039,20.0,80,Hopworks Urban Brewery,Portland,OR
1086,2390.0,Nonstop Hef Hop,American Pale Wheat Ale,16.0,0.039,20.0,80,Hopworks Urban Brewery,Portland,OR
1087,2389.0,Nonstop Hef Hop,American Pale Wheat Ale,16.0,0.039,20.0,245.72427551965347,Hopworks Urban Brewery,Portland,OR
1088,2388.0,Rise Up Red,American Amber / Red Ale,16.0,0.058,60.0,80,Hopworks Urban Brewery,Portland,OR
1089,2200.0,Survival Stout,American Stout,16.0,0.058,35.0,80,Hopworks Urban Brewery,Portland,OR
1090,10146.300075349405,Hopworks IPA,American IPA,16.0,0.066,75.0,80,Hopworks Urban Brewery,Portland,OR
1091,2193.0,Abominable Winter Ale,American Strong Ale,16.0,0.073,70.0,80,Hopworks Urban Brewery,Portland,OR
1092,1398.0,Pigwar White India Pale Ale,American White IPA,16.0,0.29827955964060143,338.2531869897233,80,Hopworks Urban Brewery,Portland,OR
1093,1085.0,Rise-Up Red (2014),American Amber / Red Ale,16.0,0.058,60.0,80,Hopworks Urban Brewery,Portland,OR
1094,916.0,Abominable Winter Ale (2012),American Strong Ale,16.0,0.073,70.0,80,Hopworks Urban Brewery,Portland,OR
1095,658.0,HUB Lager,Czech Pilsener,16.0,0.051,32.0,80,Hopworks Urban Brewery,Portland,OR
1096,653.0,Hopworks IPA (2012),American IPA,16.0,0.066,381.88070500777314,80,Hopworks Urban Brewery,Portland,OR
1097,2385.0,Watermelon Wheat,American Pale Wheat Ale,12.0,0.056,,120,Horny Goat Brew Pub,Milwaukee,WI
1098,2384.0,Laka Laka Pineapple,Hefeweizen,12.0,0.051,17.0,607.6719957173738,Horny Goat Brew Pub,Milwaukee,WI
1099,2383.0,Oktoberfest,Märzen / Oktoberfest,16.0,0.06,,120,Horny Goat Brew Pub,Milwaukee,WI
1100,1251.0,Trail Maker Pale Ale,American Pale Ale (APA),12.0,0.065,,445,Howard Brewing Company,Lenoir,NC
1101,1250.0,Action Man Lager,Vienna Lager,12.0,0.055,,445,Howard Brewing Company,Lenoir,NC
1102,1903.0,Let It Ride IPA,American IPA,12.0,0.068,90.0,277,Indeed Brewing Company,Minneapolis,MN
1103,1691.0,Stir Crazy Winter Ale,Winter Warmer,12.0,0.3244578656854055,22.0,277,Indeed Brewing Company,Minneapolis,MN
1104,1555.0,Sweet Yamma Jamma Ale,Fruit / Vegetable Beer,12.0,0.05,10.0,277,Indeed Brewing Company,Minneapolis,MN
1105,1115.0,Shenanigans Summer Ale,American Pale Wheat Ale,12.0,0.046,135.18819693661476,277,Indeed Brewing Company,Minneapolis,M#N
1106,729.0,Midnight Ryder,American Black Ale,12.0,0.3245712150802412,80.0,277,Indeed Brewing Company,Minneapolis,MN
1107,728.0,Day Tripper Pale Ale,American Pale Ale (APA),12.0,0.054,45.0,277,Indeed Brewing Company,Minneapolis,MN
1108,2350.0,Oklahoma Suks,American Amber / Red Ale,12.0,0.048,32.0,140,Independence Brewing Company,Austin,TX
1109,13016.869112643424,Power & Light,American Pale Ale (APA),12.0,0.055,42.0,140,Independence Brewing Company,Austin,TX
1110,1904.0,White Rabbit,Witbier,12.0,0.059,27.0,140,Independence Brewing Company,Austin,TX
1111,2609.0,Tribute,American Pale Ale (APA),12.0,0.058,58.0,23,Indiana City Brewing,Indianapolis,IN
1112,2038.0,Infamous IPA,American IPA,12.0,0.07,75.0,242,Infamous Brewing Company,Austin,TX
1113,1774.0,Hijack,Cream Ale,12.0,0.055,20.0,242,Infamous Brewing Company,Austin,TX
1114,559.0,Jon Boat Coastal Ale,American Blonde Ale,12.0,0.045,20.0,527,Intuition Ale Works,Jacksonville,FL
1115,558.0,I-10 IPA,American IPA,12.0,0.068,55.0,527,Intuition Ale Works,Jacksonville,FL
1116,553.0,People's Pale Ale,American Pale Ale (APA),12.0,0.053,28.0,527,Intuition Ale Works,Jacksonville,FL
1117,2376.0,Summer Ale,American Blonde Ale,12.0,0.20270048354449272,,123,Ipswich $Ale Brewery,Ipswich,MA
1118,1784.0,Appreciation Ale,American IPA,16.0,,,316,Iron Hill Brewery & Restaurant,Wilmington,DE
1119,2673.0,House Lager,Keller Bier / Zwickel Bier,16.0,0.052,18.0,2,Jack's Abby Craft Lagers,Framingham,MA
1120,2672.0,L$eisure Time,American Pale Lager,12.0,0.048,15.0,2,Jack's Abby Craft Lagers,Framingham,MA
1121,2671.0,Excess IPL,American India Pale Lager,16.0,0.072,80.0,2,Jack's Abby Craft Lagers,Framingham,MA
1122,2670.0,Hoponius Union,American India Pale Lager,12.0,0.067,65.0,2,Jack's Abby Craft Lagers,Framingham,MA
1123,2669.0,Calyptra,American India Pale Lager,12.0,0.049,45.0,2,Jack's Abby Craft Lagers,Framingham,MA
1124,1405.0,Helen's Blend,Cider,12.0,0.05,,416,Jack's Hard Cider (Hauser Estate...,Biglerville,PA
1125,823.0,Jack's Hard Cider,Cider,12.0,0.051,,416,Jack's Hard Cider (Hauser Estate...,Biglerville,PA
1126,1793.0,Thunder Ann,American Pale Ale (APA),12.0,0.055,37.0,312,Jackalope Brewing Company,Nashville,TN
1127,2453.0,Razz Wheat,Fruit / Vegetable Beer,12.0,0.055,,92,Jackie O's Pub & Brewery,Athens,OH
1128,2363.0,Hop Ryot,American IPA,12.0,0.065,,92,Jackie O's Pub & Brewery,Athens,OH
1129,689.0,Mystic Mama IPA,American IPA,12.0,0.07,,462.942749038106,Jackie O's Pub & Brewery,Athens,OH
1130,688.0,Firefly Amber Ale,American Amber / Red Ale,12.0,0.05,,92,Jackie O's Pub & Brewery,Athens,OH
1131,687.0,Chomolungma Honey Nut Brown Ale,English Brown Ale,12.0,0.067,,92,Jackie O's Pub & Brewery,Athens,OH
1132,2408.0,Welcome to Scoville,American IPA,12.0,0.069,,114,Jailbreak Brewing Company,Laurel,MD
1133,2595.0,Bastian,American Strong Ale,12.0,,,32,James Page Brewing Company,Stevens Point,WI
1134,2480.0,Healani,Hefeweizen,12.0,0.045,,32,James Page Brewing Company,Stevens Point,WI
1135,1525.0,Yabba Dhaba Chai Tea Porter,American Porter,12.0,0.055,,32,James Page Brewing Company,Stevens Point,WI
1136,1524.0,A Capella Gluten Free Pale Ale,American Pale Ale (APA),12.0,0.055,,32,James Page Brewing Company,Stevens Point,WI
1137,1523.0,Casper White Stout,American Blonde Ale,12.0,0.06,,32,James Page Brewing Company,Stevens Point,WI
1138,1254.0,JP's Ould Sod Irish Red IPA,American IPA,12.0,0.06,,32,James Page Brewing Company,Stevens Point,WI
1139,2060.0,Weize Guy,Hefeweizen,12.0,0.05,15.0,233,Joseph James Brewing Company,Henderson,NV
1140,469.0,Fox Tail Gluten Free Ale,American Pale Ale (APA),12.0,0.05,50.0,233,Joseph James Brewing Company,Henderson,NV
1141,468.0,Hop Box Imperial IPA,American Double / Imperial IPA,12.0,0.093,90.0,233,Joseph James Brewing Company,Henderson,NV
1142,467.0,Joseph James American Lager,American Adjunct Lager,12.0,0.052,15.0,233,Joseph James Brewing Company,Henderson,NV
1143,2163.0,Sucha Much IPA,American IPA,12.0,0.071,,208,Kalona Brewing Company,Kalona,IA
1144,2162.0,Lewbricator Wheat Dopplebock,Doppelbock,12.0,0.075,24.0,208,Kalona Brewing Company,Kalona,IA
1145,2374.0,Weisse Versa (2012),Hefeweizen,67.66812003848378,0.052,16.0,125,Karbach Brewing Company,Houston,TX
1146,1560.0,Mother in Lager,Munich Dunkel Lager,12.0,0.058,25.0,125,Karbach Brewing Company,Houston,TX
1147,1557.0,Week@@end Warrior Pale Al@@e,American Pale Ale (APA),12.0,0.055,40.0,125,Karbach Brewing Company,Houston,TX
1148,1458.0,Karbachtoberfest,Märzen / Oktoberfest,12.0,0.055,25.0,125,Karbach Brewing Company,Houston,TX
1149,1235.0,Love# Street Summer Seasonal (2014)??,Kölsch,12.0,0.047,20.0,125,Karbach Brewing Company,Houston,TX
1150,1068.0,Barn Burner Saison,Saison / Farmhouse Ale,12.0,0.066,20.0,125,Karbach Brewing Company,Houston,TX
1151,3285.003367506935,Rodeo Clown Double IPA,American Double / Imperial IPA,12.0,0.4736965911176845,85.0,125,Karbach Brewing Company,Houston,TX
1152,465.0,Sympathy for the Lager,American Amber / Red Lager,12.0,0.284513683954955,45.0,125,Karbach Brewing Company,Houston,TX
1153,464.0,Weisse Versa,Hefeweizen,12.0,0.052,15.0,125,Karbach Brewing Company,Houston,TX
1154,463.0,Hopadillo India Pale Ale,American IPA,12.0,0.066,70.0,125,Karbach Brewing Company,Houston,TX
1155,1678.0,KelSo Nut Brown Lager,Euro Dark Lager,12.0,0.057,19.0,1811.311395722072,KelSo Beer Company,Brooklyn,NY
1156,1572.0,KelSo India Pale Ale,American IPA,12.0,0.06,64.0,342,KelSo Beer Company,Brooklyn,NY
1157,1348.0,KelSo Pilsner,Czech Pilsener,12.0,0.055,23.0,342,KelSo Beer Company,Brooklyn,NY
1158,1193.0,Skilak Scottish Ale,Scottish Ale,12.0,0.058,,458,Kenai River?? Brewi%ng Company,Soldotna,AK
1159,1187.0,Peninsula Brewers Reserve (PBR),American Blonde Ale,12.0,0.05,15.0,458,Kenai River Brewing Company,Soldotna,AK
1160,349.0,Sunken Island IPA,American IPA,12.0,0.068,,458,Kenai River Brewing Company,Soldotna,AK
1161,348.0,Skilak Scottish Ale (2011),Scottish Ale,12.0,0.058,,458,Kenai River Brewing Company,Soldotna,AK
1162,760.0,Cold Smoke Scotch Ale (2007),Scotch Ale / Wee Heavy,16.0,0.065,11.0,510,Kettle House Brewi??ng Company,Missoula,MT
1163,759.0,Double Haul IPA (2009),American IPA,16.0,0.065,340.74856748920865,510,Kettle House Brewing Company,Missoula,MT
1164,758.0,Double Haul IPA (2006),American IPA,16.0,0.065,65.0,510,Kettle House Brewing Company,Missoula,MT
1165,87.0,Eddy Out Pale Ale,American Pale Ale (APA),16.0,0.055,50.0,510,Kettle House Brewing Company,Missoula,MT
1166,86.0,Double Haul IPA,American IPA,16.0,0.065,65.0,510,Kettle House Brewing Company,Missoula,MT
1167,85.0,Cold Smoke Scotch Ale,Scotch Ale / Wee Heavy,16.0,0.065,11.0,510,Kettle House Brewing Company,Missoula,MT
1168,2472.0,U. P. Witbier,Witbier,12.0,,,84,Keweenaw Brewing Company,Houghton,MI
1169,779.0,November Gale Pale Ale,American Pale Ale (APA),12.0,,,84,Keweenaw Brewing Company,Houghton,MI
1170,364.0,Olde Ore Dock Scottish Ale,Scottish Ale,12.0,,,84,Keweenaw Brewing Company,Houghton,MI
1171,60.0,Widow Maker Black Ale,American Brown Ale,12.0,,,84,Keweenaw Brewing Company,Houghton,MI
1172,59.0,Lift Bridge Brown Ale,American Brown Ale,12.0,,,84,Keweenaw Brewing Company,Houghton,MI
1173,58.0,Pick Axe Blonde Ale,American Blonde Ale,12.0,,,84,Keweenaw Brewing Company,Houghton,MI
1174,57.0,Red Jacket Amber Ale,American Amber / Red Ale,12.0,,,84,Keweenaw Brewing Company,Houghton,MI
1175,2436.0,Amber Ale,American Amber / Red Ale,12.0,0.051,,102,King Street Brewing Company,Anchorage,AK
1176,1706.0,King Street @@Pilsner,Czech Pilsener,12.0,0.055,,346.5777723679902,King Street Brewing Company,Anchorage,AK
1177,1667.0,King Street IPA,American IPA,12.0,0.06,70.0,102,King Street Brewing Company,Anchorage,AK
1178,1666.0,King Street Hefeweizen,Hefeweizen,12.0,0.057,52.83842739255264,102,King Street Brewing Company,Anchorage,AK
1179,1665.0,King Street Blonde Ale,American Blonde Ale,12.0,0.049,,501.42804634774967,King Street Brewing Company,Anchorage,AK
1180,2460.0,India Pale Ale,American IPA,16.0,0.063,65.0,87,Kirkwood Station Brewing Company,Kirkwood,MO
1181,2459.0,Blackberry Wheat,American Pale Wheat Ale,16.0,0.048,11.0,87,Kirkwood Station Brewing Company,Kirkwood,MO
1182,1274.0,Longboard Island Lager,American Amber / Red Lager,24.0,0.046,18.0,439,Kona Brewing Company,Kona,HI
1183,1220.0,Longboard Island Lager,American Amber / Red Lager,16.0,0.046,18.0,439,Kona Brewing Company,Kona,H#I
1184,1070.0,Longboard Island Lager,American Amber / Red Lager,12.0,0.046,18.0,439,Kona Brewing Company,Kona,HI
1185,590.0,Longboard Island Lager,American Amber / Red Lager,12.0,0.046,18.0,1397.3062106270345,Kona Brewing Company,Kona,HI
1186,781.0,Choc Beer (2003),American Dark Wheat Ale,12.0,0.04,9.0,505,Krebs Brewing Company (Pete's Pl...,Krebs,OK
1187,1637.0,Bellingham Beer Week 2013 Collaboration,Belgian Strong Dark Ale,16.0,0.08,,354,Kulshan Brewery,Bellingham,WA
1188,1741.0,A Slice of Hefen,Hefew%eizen,16.0,0.054,15.0,332,La Cumbre Brewing Company,Albuquerque,NM
1189,664.0,Elevated IPA,American IPA,16.0,0.072,100.0,332,La Cumbre Brewing Company,Albuquerque,NM
1190,392.0,Rumspringa Golden Bock,Maibock / Helles Bock,12.0,0.066,30.0,545,Lancaster# Brewing Company,Lancaster,PA
1191,195.0,Lancaster German Style Kölsch,Kölsch,12.0,0.048,28.0,545,Lancaster Brewing Company,Lancaster,PA
1192,2547.0,Beach Cruiser,Hefeweizen,12.0,0.045,,59,Latitude 42 Brewing Company,Por??tage,MI
1193,2493.0,I.P. Eh!,American IPA,12.0,0.068,,59,Latitude 42 Brewing Company,Portage,MI
1194,2492.0,Schoolhouse Honey,American Amber / Red Ale,12.0,0.05,,342.875399219886,Latitude 42 Brewing Company,Portage,MI
1195,2491.0,10 Degrees of Separation,English Brown Ale,12.0,0.055,,59,Latitude 42 Brewing Company,Portage,MI
1196,2108.0,Laughing Dog Cream Ale,Cream Ale,12.0,0.05,12.0,218,Laughing Dog Brewing Company,Ponderay,ID
1197,1397.0,Two-One Niner,American Pilsner,12.0,0.048,44.97116190030156,218,Laughing Dog Brewing Company,Ponderay,ID
1198,1396.0,Laughing Dog IPA,American IPA,12.0,0.064,66.0,218,Laughing Dog Brewing Company,Ponderay,ID
1199,9740.150969875436,Madra Allta,American IPA,12.0,0.064,95.0,345,Lavery Brewing Company,Erie,PA
1200,1249.0,Duluchan India Pale Ale,American IPA,12.0,0.056,70.0,345,Lavery Brewing Company,Erie,PA
1201,1445.0,Lazy Monk Bohemian Pilsner,Czech Pilsener,16.0,0.05,,406,L??azy Monk Brewi@@ng,Eau Claire,WI
1202,475.0,Yellowstone Golden Ale,Kölsch,12.0,0.051,,537,Lewis and Clark Brewing Company,Helena,MT
1203,474.0,Tumbleweed %I#PA,American IPA,12.0,0.057,,537,Lewis and Clark Brewing Company,Helena,MT
1204,473.0,Lewis & Clark Amber Ale,American Amber / Red Ale,12.0,0.05,,537,Lewis and Clark Brewing Company,Helena,MT
1205,472.0,Miner's Gold Hefeweizen,Hefeweizen,12.0,0.05,,537,Lewis and Clark Brewing Company,Helena,MT
1206,471.0,Back Country Scottish Ale,Scottish Ale,12.0,0.057,,537,Lewis and Clark Brewing Company,Helena,MT
1207,2036.0,Getaway,German Pilsener,16.0,0.052,30.0,244,Lift Bridge Brewing Company,Stillwater,MN
1208,1168.0,Farm Girl Saison,Saison / Farmhouse Ale,16.0,0.06,30.0,244,Lift Bridge Brewing Company,Stillwater,MN
1209,1832.0,Adam's Stout,American Stout,12.0,0.058,40.0,298,Liquid Hero Brewery,York,PA
1210,9195.08555315651,American Hero,American Amber / Red Ale,12.0,0.057,42.0,298,Liquid Hero Brewery,York,PA
1211,1687.0,Schweet Ale,Fruit?? / Vegetable Bee??r,12.0,0.052,20.0,298,Liquid Hero Brewery,York,PA
1212,1686.0,Irregardless IPA,American IPA,12.0,0.065,75.0,298,Liquid Hero Brewery,York,PA
1213,2434.0,Peach Pale Ale,American Pale Ale (APA),12.0,0.057,40.0,104,Lone Tree Brewing Company,Lone Tree,CO
1214,2332.0,Deadeye Jack,American Porter,12.0,0.06,,149,Lonerider Brewing Company,Raleigh,NC
1215,2330.0,Pistols at Dawn,American Stout,53.442754309109,0.075,,149,Lonerider Brewing Company,Raleigh,NC
1216,2329.0,Peacemaker Pale Ale,American Pale Al@@e (APA),12.0,0.057,47.0,149,Lonerider Brewing Company,Raleigh,NC
1217,2327.0,Shotgun Betty,Hefeweizen,12.0,0.058,11.0,149,Lonerider Brewing Company,Raleigh,NC
1218,2326.0,Sweet Josie,American Brown Ale,12.0,0.061,30.0,149,Lonerider Brewing Company,Raleigh,NC
1219,1926.0,Long Trail IPA,English India Pa$le Ale (IPA),61.79646145911783,0.059,42.0,268,Long Trail Brewing Company,Bridgewater Corners,VT
1220,1924.0,Long Trail Ale,American Amber / Red Ale,46.37812313178863,0.046,30.0,268,Long Trail Brewing Company,Bridgewater Corners,VT
1221,1090.0,Double Bag,Altbier,16.0,0.072,33.0,268,Long Trail Brewing Company,Bridgewater Corners,VT
1222,574.0,Blackbeary Wheat,Fruit / Vegetable Beer,12.0,0.04,8.0,917.6609630456503,Long Trail Brewing Company,Bridgewater Corners,VT
1223,573.0,Long Trail Ale (1),Altbier,12.0,0.046,30.0,268,Long Trail Brewing Company,Bridgewater Corners,VT
1224,2584.0,Gose,Gose,16.0,0.23536052256965867,8.0,41,Lost Nation Brewing,East Fairfield,VT
1225,2583.0,Vermont Pilsner,German Pilsener,16.0,0.048,20.0,41,Lost Nation Brewing,East Fairfield,VT
1226,2582.0,Mosaic Single Hop IPA,American IPA,82.41291348591365,0.055,,41,Lost Nation Brewing,East Fairfield,VT
1227,2581.0,Lost Galaxy,American IPA,16.0,0.045,,41,Lost Nation Brewing,East Fairfield,VT
1228,1309.0,Face Plant IPA,American IPA,12.0,0.062,65.0,430,Lost Rhino Brewing Company,Ashburn,VA
1229,1308.0,Rhino Chasers Pilsner,Czech Pilsener,12.0,0.056,55.0,430,Lost Rhino Brewing Company,Ashburn,VA
1230,1571.0,Slow Hand Stout,American Stout,16.0,0.052,29.0,377,Lucette Brewing Company,Menominee,W#I$
1231,1204.0,Hips Don't Lie,Hefeweizen,16.0,0.062,,456,Lucette Brewing Company,Menominie,WI
1232,1122.0,Ride Again Pale Ale,American Pale Ale (APA),16.0,0.052,,456,Lucette Brewing Company,Menominie@@,WI
1233,700.0,The Farmer's Daughter,American Blonde Ale,16.0,0.048,,456,Lucette Brewing Company,Menominie,WI
1234,2033.0,Pub Ale,English Dark Mild Ale,12.0,0.038,18.0,245,Lucky Town Brewing Company,Jackson,MS
1235,2032.0,Ballistic Blonde,Belgian Pale Ale,12.0,0.051,31.0,245,Lucky Town Brewing Company,Jackson,MS
1236,2311.0,Knotty Pine,American Pale Ale (APA),12.0,0.054,,158,Lumberyard Brewing Company,Flagstaff,AZ
1237,1153.0,Lumberyard Pilsner,A%merican Pilsner,12.0,0.053,20.0,158,Lumberyard Brewing Company,Flagstaff,AZ
1238,355.0,Lumberyard IPA,American IPA,12.0,0.061,,158,Lumberyard Brewing Company,Flagstaff,AZ
1239,125.0,Lumberyard Red Ale,American Amber / Red Ale,49.08632714101282,0.058,,158,Lumberyard Brewing Company,Flagstaff,AZ
1240,962.0,Mac's Highlander Pale Ale (2000),American Pale Ale (APA),12.0,0.05,,485,MacTarnahans Brewing Company,Portland,OR
1241,961.0,Mac's Scottish Style Amber Ale (2000),American Amber / Red Ale,12.0,0.051,32.0,485,MacTarnahans Brewing Company,Portland,OR
1242,1475.0,Macon Progress Ale,American Pale Ale (APA),12.0,0.05,,400,Macon Beer Company,Macon,GA
1243,1008.0,Macon History Ale,American Brown Ale,12.0,0.055,,400,Macon Beer Company,Macon,%@@GA
1244,2454.0,Galaxy High,American Double / Imperial IPA,12.0,0.099,,91,Madtree Brewing Company,Cincinnati,OH
1245,2209.0,Sol Drifter,American Blonde Ale,12.0,0.043,18.0,91,Madtree Brewing Company,Cincinnati,OH
1246,2133.0,Thunder Snow,Winter Warmer,12.0,0.085,,91,Madtree Brewing Company,Cincinnati,OH
1247,1994.0,The Great Pumpcan,Fruit / Vegetable Beer,16.0,0.079,18.0,91,Madtree Brewing Company,Cincinnat%i,OH
1248,6167.397959053389,LIFT,Kölsch,12.0,0.047,11.0,91,Madtree Brewing Company,Cincinnati,OH
1249,1815.0,SPRYE,American Pale Ale (APA),12.0,0.05,206.131816623213,91,Madtree Brewing Company,Cincinnati,OH
1250,1126.0,Psychopathy,American IPA,12.0,0.069,70.0,91,Madtree Brewing Company,Cincinnati,OH
1251,4594.169001546566,Gnarly Brown,American Brown Ale,12.0,0.07,32.0,91,Madtree Brewing Company,Cincinnati,OH
1252,1124.0,Happy Amber,American Amber / Red Ale,12.0,0.06,30.0,91,Madtree Brewing Company,Cincinnati,OH
1253,1813.0,#9,Fruit / Vegetable Beer,16.0,0.051,20.0,1203.87579591293,Magic Hat Brewing Company,South Burlington,VT
1254,1113.0,Elder Betty,Hefeweizen,12.0,0.055,13.0,303,Magic Hat Brewing Company,South Burlington,VT
1255,360.0,#9,Fruit / Vegetable Beer,12.0,0.051,20.0,303,Magic Hat Brewing Company,South Burlington,VT
1256,511.0,High Country Pilsner (Current),German Pilsener,44.93710077768238,0.042,,534,Mammoth Brewing Company,Mammoth Lakes,CA
1257,75.0,Epic IPA,American IPA,12.0,0.065,,534,Mammoth Brewing Company,Mammoth Lakes,CA
1258,74.0,Golden Trout Pilsner,German Pilsener,12.0,0.1663036237382892,,534,Mammoth Brewing Company,Mammoth Lakes,CA
1259,73.0,Real McCoy Amber Ale (Current),American Amber / Red Ale,12.0,0.045,,534,Mammoth Brewing Company,Mammoth Lakes,CA
1260,1628.0,Festivus (1),Winter Warmer,12.0,0.072,,356,Manayunk Brewing Company,Philadelphia,PA
1261,1626.0,Manayunk Oktoberfest,Märzen / Oktoberfest,12.0,0.067,,356,Manayunk Brewing Company,Philadelphia,PA
1262,1625.0,Belgian Style Session Ale,Belgian Pale Ale,12.0,0.045,21.0,356,Manayunk Brewing Company,Philadelphia,PA
1263,1624.0,Manayunk IPA,Amer$ican# IPA,12.0,0.055,,356,Manayunk Brewing Company,Philadelphia,PA
1264,1600.0,Yunkin' Punkin',Pumpkin Ale,12.0,0.055,,356,Manayunk Brewing Company,Philadelphia,PA
1265,1484.0,Summer Paradise,American Pale Wheat Ale%,12.0,0.05,18.0,356,Manayunk B??rewing Compa$ny,Philadelphia,PA
1266,1356.0,Monk from the 'Yunk,Tripel,12.0,0.09,30.0,356,Manayunk Brewing Company,Philadelphia,PA
1267,1355.0,Schuylkill Punch,Fruit / Vegetable Beer,12.0,0.06,14.0,356,Manayunk Brewing Company,Philadelphia,PA
1268,1334.0,Dreamin' Double IPA,American Double / Imperial IPA,12.0,0.085,85.0,356,Manayunk Brewing Company,Philadelphia,PA
1269,1674.0,Chaotic Double IPA,American Double / Imperial IPA,12.0,0.099,93.0,346,Manzanita Brewing Company,Santee,CA
1270,1673.0,Manzanita IPA,American IPA,12.0,0.08,498.66047681221306,346,Manzanita Brewing Company,Santee,CA
1271,1672.0,Riverwalk Blonde Ale,American Blonde Ale,12.0,0.06,25.0,346,Manzanita Brewing Company,Santee,CA
1272,1671.0,Gillespie Brown Ale,American Brown Ale,12.0,0.095,49.0,346,Manzanita Brewing Company,Santee,CA
1273,1670.0,Manzanita Pale Ale,American Pale Ale (APA),12.0,0.066,44.0,346,Manzanita Brewing Company,Santee,CA
1274,1262.0,Marble Pilsner,German Pilsener,12.0,0.047,,443,Marble Brewery,Albuquerque,NM
1275,4601.586727981264,Marble India Pale Ale,American IPA,12.0,0.062,,443,Marble Brewery,Albuquerque,NM
1276,1783.0,Toughcats IPA,American IPA,16.0,0.072,,317,Marshall Wharf Brewing Company,Belfast,ME
1277,1717.0,Tug Pale Ale,American Pale Ale (APA),16.0,0.05,,317,Marshall Wharf Brewing Company,Belfast,ME
1278,1716.0,Sexy Chaos,Russian Imperial Stout,16.0,0.099,,317,Marshall Wharf Brewing Company,Belfast,ME
1279,1516.0,Ace Hole American Pale Ale,American Pale Ale (APA),16.0,0.063,,317,Marshall Wharf Brewing Company,Belfast,ME
1280,725.0,Cant Dog Imperial Pale Ale,American Double / Imperial IPA,16.0,0.097,,317,Marshall Wharf Brewing Company,Belfast,ME
1281,2308.0,River House,Saison / Farmhouse Ale,16.0,0.05,20.0,161,Martin House Brewing Company,Fort Worth,TX
1282,2268.0,Pretzel Stout,American Stout,16.0,0.065,47.0,161,Mar%tin House@@ Brewing Company,Fort Worth,TX
1283,2197.0,Rubberneck Red,American Amber / Red Ale,16.0,0.05,206.28258964869121,161,Martin House Brewing Company,Fort Worth,TX
1284,2120.0,The Imperial Texan,American Double / Imperial IPA,16.0,0.08,,161,%Martin House Brewing Company,Fort Worth,TX
1285,1234.0,The Imperial Texan,American Double / Imperial IPA,12.0,0.08,,161,Martin House Brewing Company,Fort Worth,TX
1286,1233.0,Day Break 4-Grain Breakfast Beer,Rye Beer,16.0,0.05,,161,Martin House Brewing Company,Fort Worth,TX
1287,1232.0,River House Saison,Saison / Farmhouse Ale,12.0,0.05,,161,Martin House Brewing Company,Fort Worth,TX
1288,1231.0,There Will Be Stout,American Stout,12.0,0.065,,161,Martin House Brewing Company,%Fort Worth,TX
1289,1831.0,Our Legacy IPA,American IPA,12.0,0.065,197.68580377858729,299,Matt Brewing Company,Utica,NY
1290,1359.0,Saranac Shandy,Shandy,12.0,0.042,,299,Matt Brewing Company,Utica,$NY
1291,1135.0,Our Legacy IPA,American IPA,16.0,0.065,60.0,299,Matt Brewing Company,Utica,NY
1292,960.0,Saranac Golden Pilsener (2003),German Pilsener,12.0,0.051,,299,Matt Brewing Company,Utica,NY
1293,959.0,Saranac Adirondack Light (2002),Light Lager,48.601462958112975,0.045,,299,Matt Brewing Company,Utica,NY
1294,958.0,DAX Light (1998),Light Lager,12.0,0.045,,299,Matt Brewing Company,Utica,NY
1295,957.0,Saranac Traditional Lager (2000),American Pale Lager,12.0,0.048,,299,Matt Brewing Company,Utica,NY
1296,956.0,Pomegranate Wheat (2008),Fruit / Vegetable Beer,12.0,0.047,,299,Matt Brewing Company,Utica,NY
1297,773.0,Blueberry Blonde Ale,American Blonde Ale,12.0,0.05,12.0,299,Matt Brewing Company,Utica,NY
1298,686.0,Saranac White IPA,American IPA,12.0,0.06,,299,Matt Brewing Company,U$tica,NY
1299,453.0,Saranac Summer Ale (2011),American Pale Wheat Ale,12.0,0.047,,299,Matt Brewing Company,Utica,NY
1300,150.0,Saranac Pale Ale (12 oz.),English Pale Ale,12.0,0.055,,299,Matt Brewing Company,Utica,NY
1301,133.0,Saranac Pale Ale (16 oz.),E??n$glish Pale Ale,16.0,0.2951430696354595,,299,Matt Brewing Company,Utica,NY
1302,1578.0,Lahaina Town Brown,American Brown Ale,12.0,0.051,20.0,375,Maui Brewing Company,Lahaina,HI
1303,1429.0,Pau Hana Pilsner,Czech# Pilsener,12.0,0.055,,375,Maui Brewing Company,Lahaina,HI
1304,1271.0,Lemong#rass Saiso$n,Saison / Farmhouse Ale,12.0,0.05,,375,Maui Brewing Company,Lahaina,HI
1305,713.0,Aloha B’ak’tun,Belgian Strong Dark Ale,12.0,0.2827468628251014,,375,Maui Brewing Company,Lahaina,HI
1306,712.0,Liquid Breadfruit,Fruit / Vegetable Beer,12.0,0.082,,375,Maui Brewing Company,Lahaina,HI
1307,690.0,Sobrehumano Palena'ole,American Amber / Red Ale,12.0,0.06,24.0,375,Maui Brewing Company,Lahaina,HI
1308,547.0,La Perouse White,Witbier,12.0,0.05,12.0,375,Maui Brewing Company,Lahaina,HI
1309,435.0,Flyin' HI.P.Hay,American IPA,12.0,0.068,68.0,375,Maui Brewing Company,Lahaina,HI
1310,1774.8325379820978,Mana Wheat,American Pale Wheat Ale,12.0,0.055,15.0,375,Maui Brewing Company,Lahaina,HI
1311,33.0,Bikini Blonde Lager,Munich Helles Lager,12.0,0.045,18.0,375,Maui Brewing Company,Lahaina,HI
1312,32.0,CoCoNut Porter,American Porter,12.0,0.057,30.0,375,Maui Brewing Company,Lahaina,%HI$
1313,31.0,Big Swell IPA,American IPA,12.0,0.062,65.0,375,Maui Brewing Company,Lahaina,HI
1314,1237.0,Pit Stop Chocolate Porter,American Porter,12.0,0.037,34.0,448,Mavericks Beer Company,Half@@ Moon Bay,CA
1315,1236.0,Pace Setter Belgian Style Wit,Witbier,12.0,0.037,21.0,448,Mavericks Beer Company,Half Moon Bay,CA
1316,1047.0,Back in the Saddle Rye Pale Ale,American Pale Ale (APA),12.0,0.037,53.0,448,Mavericks Beer Company,Half Moon Bay,CA
1317,1986.0,Bushwhacker Cider,Cider,49.94272463179426,0.069,,254,Meckley's Cidery,Somerset Center,MI
1318,1985.0,Weim-R-Iner,Cider,16.0,0.069,,254,Meckley's Cidery,Somerset Center,MI
1319,1984.0,Cherry #$Bomb,Cider,16.0,0.069,,254,Meckley's Cidery,Somerset Center,MI
1320,2186.0,Tsunami IPA,American IPA,19.2,0.072,75.0,203,Mehana Brewing Co.,Hilo,HI
1321,2185.0,Tsunami IPA,American IPA,12.0,0.072,75.0,203,Mehana Brewing# Co.,Hilo,HI
1322,9087.60583337709,H$$umpback Blonde Ale,American Blonde Ale,12.0,0.042,22.0,203,Mehana Brewing Co.,Hilo,HI
1323,2178.0,Hawaiian Crow Porter,American Porter,12.0,0.052,27.0,844.3853311534782,Mehana Brewing Co.,Hilo,HI
1324,2177.0,Volcano Red Ale,American Amber / Red Ale,12.0,0.052,23.0,203,Mehana Brewing Co.,Hilo,HI
1325,2176.0,Mauna Kea Pale Ale,American Pale Ale (APA),12.0,0.054,42.0,203,Mehana Brewing Co.,Hilo,HI
1326,1508.0,Shark Bait,Fruit / Vegetable Beer,12.0,0.053,11.0,393,Miami Brewing Company,Miami,FL
1327,1507.0,Gator Tail Brown Ale,American Brown Ale,12.0,0.053,30.0,393,Miami Brewing Company,Miami,FL
1328,1506.0,Miami Vice IPA,American IPA,12.0,0.071,62.0,393,Miami Brewing Company,Miami,FL
1329,1325.0,Big Rod Coconut Ale,American Blonde Ale,12.0,0.053,16.0,393,Miami Br@@ewing C??ompany,Miami,FL
1330,174.0,Mickey Finn's Amber Ale,American Amber / Red Ale,12.0,0.056,,552,Mickey Finn's Brewery,Libertyville,IL
1331,2093.0,Pleasure Town,American IPA,12.0,0.063,61.0,223,Midnight Sun Brewing Company,Anchorage,AK
1332,1814.0,Pleasure Town IPA,American IPA,12.0,0.063,61.0,223,Midnight Sun Brewing Company,Anchorage,AK
1333,587.0,Snowshoe White Ale,Witbier,12.0,0.048,12.0,223,Midnight Sun Brewing Company,Anchorage,AK
1334,1856.7234508128417,Kodiak Brown Ale,American Brown Ale,12.0,0.05,24.0,223,Midnight Sun Brewing Company,Anchorage,AK
1335,434.0,Sockeye Red IPA,American IPA,12.0,0.057,70.0,223,Midnight Sun Brewing Company,Anchorage,AK
1336,2668.0,Habitus (2014),American Double / Imperial IPA,16.0,0.08,100.0,3,Mike Hess Brewing Company,San Diego,CA
1337,2667.0,Solis,American IPA,16.0,0.075,85.0,12.424785798993417,Mike Hess Brewing Company,San Diego,CA
1338,2666.0,Jucundus,Wheat Ale,16.0,0.06,24.0,3,Mike Hess Brewing Company,San Diego,CA
1339,2664.0,Habitus,American Double / Imperial IPA,16.0,0.08,100.0,3,Mike Hess Brewing Company,San Diego,CA
1340,2663.0,Grazias,Cream Ale,16.0,0.063,30.0,3,Mike Hess Brewing Company,San Die%go,CA
1341,2662.0,Claritas,Kölsch,16.0,0.058,28.0,3,Mike Hess Brewing Company,San Diego,CA
1342,2535.0,Vinyl Frontier,American Double / Imperial IPA,24.0,0.083,,65,Mikerphone Brewing,Chicago,IL
1343,2534.0,Disco Superfly,American IPA,103.84673315033163,0.08,,65,Mikerphone Brewing,Chicago,IL
1344,2533.0,Misty Mountain Hop,American IPA,24.0,0.075,,65,Mikerphone Brewing,Chicago,IL
1345,2532.0,One-Hit Wonderful,Belgian IPA,24.0,0.075,,65,Mikerphone Brewing,Chicago,IL
1346,2531.0,En Parfaite Harmonie,Saison / Farmhouse Ale,24.0,0.065,,65,Mikerphone Brewing,Chicago,IL
1347,2530.0,Daft Funk,Berliner Weissbier,91.40475118887136,0.043,8.0,65,Mikerphone Brewing,Chicago,IL
1348,2529.0,Love In An Ellavator,American IPA,24.0,0.075,,65,Mikerphon@@e B%rewing,Chicago,IL
1349,2528.0,Spin Doctor,American Pale Ale (APA),24.0,0.053,,65,Mikerphone Brewing,Chicago,IL
1350,1612.0,Keeper (Current),American Pilsner,12.0,0.05,,363,Mikkeller,Pottstown,PA
1351,1611.0,Better Half,American IPA,12.0,0.068,,363,Mikkeller,Pottstown,PA
1352,1273.0,SNO White Ale,Witbier,16.0,0.048,,440,MillKing It Productions,Royal Oak,$MI
1353,365.0,BRIK Irish Red Ale,Irish Red Ale,16.0,0.048,,440,MillKing It Productions,Royal Oak,MI
1354,273.0,AXL Pale Ale,American Pale Ale (APA),16.0,,,440,MillKing It Productions,Royal Oak,MI
1355,1884.0,Hop Freak,American Double / Imperial IPA,16.0,0.087,80.0,284,Milwaukee Brewing Company,Milwaukee,WI
1356,1272.0,Louie's Demise Amber Ale,American Amber / Red Ale,16.0,0.051,24.0,284,Milwaukee Brewing Company,Milwaukee,WI
1357,1080.0,Hop Happy,American IPA,16.0,0.075,51.0,284,Milwaukee Brewing Company,Milwaukee,WI
1358,932.0,Booyah Farmhouse Ale,Saison / Farmhouse Ale,59.809037671725854,0.065,20.0,284,Milwaukee Brewing Company,Milwaukee,WI
1359,776.0,O-Gii,Witbier,16.0,0.092,,284,Milwaukee Brewing Company,Milwaukee,WI
1360,172.0,Flam$ing Damsel Lager (2010),Vienna Lager,16.0,0.048,18.0,284,Milwaukee Brewing Company,Milwaukee,WI
1361,171.0,Louie’s Demise Immort-Ale (2010),American Amber / Red Ale,95.706205070364,0.051,24.0,284,Milwaukee Brewing Company,Milwaukee,WI
1362,2361.0,Axe Head Malt Liquor,American Malt Liquor,24.0,0.099,,134,Minhas Craft Brewery,Monroe,WI
1363,2359.0,Huber Bock (2014),Bock,16.0,0.054,,134,Minhas Craft Brewery,Monroe,WI
1364,2358.0,Minhas Light (2012),Light Lager,12.0,0.04,,134,Minhas Craft Brewery,Monroe,WI
1365,2282.0,Huber,American Pale Lager,12.0,0.05,,134,Minhas Craft Brewery,Monroe,WI
1366,2281.0,Clear Creek Ice,American Pale Lager,16.0,0.062,,134,Minhas Craft Brewery,Monroe,WI
1367,2280.0,Clear Creek Ice,American Pale Lager,12.0,0.062,,134,Minhas Craft Brewery,Monroe,WI
1368,2279.0,Mountain Crest,American Pale Lager,16.0,0.055,,134,Minhas Craft Brewery,Monroe,WI
1369,2278.0,Mountain Crest,American Pale Lager,12.0,0.055,,134,Minhas Craft Brewery,Monroe,WI
1370,2277.0,Mountain Creek (2013),American Pale Lager,12.0,0.055,,134,Minhas Craft Brewery,Monroe,WI
1371,2276.0,Boxer,American Adjunct Lager,24.0,0.05,,134,Minhas Craft Brewery,Monroe,WI
1372,2275.0,Boxer Light,Light Lager,12.0,0.042,,525.2134519702308,Minhas Craft Brewery,Monroe,WI
1373,2274.0,Boxer Ice,American #Adjunct Lager,37.42141661028965,0.055,,134,Minhas Craft Brewery,Monroe,WI
1374,2273.0,Boxer,American Adju??nc#t Lager,12.0,0.05,,134,Minhas Craft Brewery,Monroe,WI
1375,2442.0,Cortez Gold,Belgian Pale Ale,32.0,0.05,,98,Mission Brewery,San Diego,CA
1376,2441.0,Mission IPA,American IPA,32.0,0.068,66.0,98,Mission Brewery,San Diego,CA
1377,1460.0,El Conquistador Extra Pale Ale,American Pale Ale (APA),32.0,0.048,44.0,580.909122127728,Mission Brewery,San Dieg??o,CA
1378,1459.0,Shipwrecked Double IPA,American Double / Imperial IPA,32.0,0.092,282.54623875455854,98,Mission Brewery,San Diego,CA
1379,1476.0,Squeaky Bike Nut Brown Ale,American Brown Ale,16.0,0.04,,399,Moab Brewery,Moab,UT
1380,902.0,Dead Horse Amber,American Pale Wheat Ale,16.0,0.04,,399,Moab Brewery,Moab,UT
1381,645.0,Rocket Bike American Lager,California Common / Steam Beer,16.0,0.04,,399,Moab Brewery,Moab,UT
1382,644.0,Johnny's American IPA,American IPA,16.0,0.04,,399,Moab Brewery,Moab,UT
1383,337.0,Boneshaker Brown Ale,??English Br@@own Ale,24.0,0.055,,547,Moat Mountain Smoke House & Brew...,North Conway,NH
1384,336.0,Iron Mike Pale Ale,American Pale Ale (APA),24.0,0.22727098802183185,,547,Moat Mountain Smoke ??House & Brew...,North Conway,NH
1385,2236.0,Monkadelic,American Pale Ale (APA),12.0,0.042,,189,Modern Monks Brewery,Lincoln,NE
1386,2159.0,City of the Sun,American IPA,16.0,0.075,85.0,209,Modern Times Beer,San Diego,CA
1387,2157.0,Booming Rollers,American IPA,16.0,0.068,75.0,209,Modern Times Beer,San Diego,?$?CA
1388,2156.0,@@Oneida#,American Pale Ale (APA),16.0,0.052,50.0,209,Modern Times Beer,San Diego,CA
1389,2154.0,Aurora,Am#erican Amber / Red Ale,16.0,0.067,75.0,209,Modern Times Beer,San Diego,CA
1390,1495.0,Lomaland,Saison /# Farmhouse Ale,16.0,0.055,30.0,209,Modern Times Beer,San Diego,CA
1391,1494.0,Fortunate Islands,American Pale Wheat Ale,16.0,0.047,46.0,209,Modern Times Beer,San Diego,CA
1392,1493.0,Black House,American Stout,16.0,0.058,40.0,977.7811547364821,Modern Times Beer,San Diego,CA
1393,1492.0,Blazing World,American Amber / Red Ale,16.0,0.065,115.0,209,Modern Times Beer,San Diego,CA
1394,327.0,Wapiti Amber Ale,American Amber / Red Ale,12.0,0.05,,549,Mogollon Brewing Company,Flagstaff,AZ
1395,719.0,Sweet Georgia Brown,American Brown Ale,16.0,0.054,,514,Monkey Paw Pub & Brewery,San Diego,CA
1396,718.0,Rich Man's IIPA,American Double / Imperial IPA,16.0,0.087,,514,Monkey Paw Pub & Brewery,San Diego,CA
1397,717.0,Monkey Paw Oatmeal Pale Ale,American Pale Ale (APA),16.0,0.058,,514,Monkey P??aw Pub & Brewery,San Diego,CA
1398,1907.0,Montauk Summer Ale,American Blonde Ale,12.0,0.056,28.0,276,Montauk Brewing Company,Montauk,NY
1399,1906.0,Driftwood Ale,Extra Special / Strong Bitter (ESB),12.0,0.06,49.0,276,Montauk Brewing Company,Montauk,NY
1400,1756.0,When @@Helles Freezes Over,Munich Helles Lager,12.0,0.056,18.0,326,Morgan Street Brewery,Saint Louis,MO
1401,1617.0,Morgan Street Oktoberfest,Märzen / @@Oktoberf@@est,12.0,0.049,24.0,1364.1325170328266,Morgan Street Brewery,Saint Louis,MO
1402,1052.0,Honey Wheat,American Pale Wheat Ale,12.0,0.047,14.0,326,Morgan Street Brewery,Saint Louis,MO
1403,1051.0,Black Bear Dark Lager,Schwarzbier,12.0,0.046,24.0,326,Morgan Street Brewery,Saint Louis,MO
1404,1046.0,Golden Pilsner,German Pilsener,12.0,0.05,35.0,326,Morgan Street Brewery,Saint Louis,MO
1405,2413.0,Cali Creamin',Cream Ale,12.0,0.052,21.0,111,Mother Earth Brew Company,Vista,%C$A
1406,419.0,Second Wind Pale Ale,American Pale Ale (APA),12.0,0.05,,540,Mother Earth Brewing Company,Kinston,NC
1407,408.0,Sunny Haze,Hefeweizen,56.95175971845226,0.05,,540,Mother Earth Brewing Company,Kinston,NC
1408,2237.0,Towhead,American Blonde Ale,12.0,0.052,105.18550845466076,188,Mother's Brewing,Springfield,MO
1409,2208.0,Lil' Helper,American IPA,12.0,0.07,70.0,188,Mother's Brewing,Springfield,MO
1410,1952.0,#Train$ Wreck,American Amber / Red Ale,16.0,0.082,,260,Mountain Town Brewing Company,Mount Pleasant,MI
1411,768.0,Full Moon Belgian White Ale,Witbier,12.0,0.085,,507,Mudshark Brewing Company,Lake Havasu City,AZ
1412,625.0,Des$e%rt Magic IPA,American IPA,12.0,0.072,,507,Mudshark Brewing Company,Lake Havasu City,AZ
1413,326.0,Up River Light,Light Lager,12.0,0.042,,507,Mudshark Brewing Company,Lake Havasu City,AZ
1414,132.0,Full Moon Belgian White Ale (2007),Witbier,12.0,0.085,,507,Mudshark Brewing Company,Lake Havasu City,AZ
1415,131.0,Dry Heat Hefeweizen (2006),Hefeweizen,12.0,0.055,,507,Mudshark Brewing Company,Lake Havasu City,AZ
1416,1598.0,Mustang Sixty-Six,American Amber / Red Lager,12.0,0.05,,366,Mustang Brewing Company,Mustang,OK
1417,862.0,Mustang '33,American Pale Lager,12.0,0.04,,366,Mustang Brewing Company,Mustang,OK
1418,699.0,Session '33 (2011),American Pale Lager,12.0,0.04,,366,Mustang Brewing Company,Mustang,OK
1419,421.0,Mustang Golden Ale,American Blonde Ale,12.0,0.053,31.984607176402893,366,Mustang Brewing Company,Mustang,@@%OK
1420,420.0,Washita Wheat,American Pale Wheat Ale,12.0,0.053,14.0,366,Mustang Brewing Company,Mustang,OK
1421,10324.099114652912,Gansett Light,Light Lager,55.974721428912225,0.037,10.0,143,Narragansett Brewing Company,Providence,RI
1422,2224.0,Bohemian Pils,American Pilsner,16.0,0.052,30.0,143,Narragansett Brewing Company,Provide??nce,RI
1423,1775.0,Autocrat Coffee Milk Stout,Milk / Sweet Stout,16.0,0.053,30.0,143,Narragansett Brewing Company,Providence,RI
1424,1291.0,Narragansett B$ohemian# Pilsner,German Pilsener,16.0,0.086,35.0,143,Narragansett Brewing Company,Providence,R%I
1425,1093.0,Narragansett Summer Ale,American Pale Wheat Ale,12.0,0.042,24.0,143,Narragansett Brewing Company,Providence,RI
1426,580.0,Narragansett Cream Ale,Cr#eam Ale,16.0,0.05,22.0,143,Narragansett Brewing Company,Providence,RI
1427,403.0,Narragansett Summer Ale,American Pale Wheat Ale,16.0,0.042,24.0,143,Narragansett Brewing Company,Providence,RI
1428,316.0,Narragansett Porter,American Porter,16.0,0.07,22.0,143,Narragansett Brewing Company,Providence,RI
1429,315.0,Narragansett Bock,Bock,16.0,0.065,32.0,143,Narragansett Brewing Company,Providence,RI
1430,314.0,Narragansett Fest Lager,Märzen / Oktoberfest,16.0,0.055,15.0,143,Narragansett Brewing Company,Providence,RI
1431,1537.0,Undun Blonde Ale,American Blonde Ale,16.0,0.053,,387,Natian Brewery,Portland,OR
1432,1536.0,CuDa Cascadian Dark Ale,American Black Ale,16.0,0.074,,387,Natian Brewery,Portland,OR
1433,1265.0,Old Grogham Imperial India Pale Ale,American Double / Imperial IPA,16.0,0.085,86.0,387,Natian Brewery,Portland,OR
1434,747.0,Old Grogham Imperial India Pale Ale (2012),American Double / Imperial IPA,16.0,0.085,86.0,387,Natian Brewery,Portland,OR
1435,746.0,C#uDa Cas??cadian Dark Ale (2012),American Black Ale,16.0,0.074,,387,Natian@@ Brewery,Portland,OR
1436,654.0,Undun Blonde Ale (2012),American Blonde Ale,16.0,0.053,,387,Natian Brewery,Portland,OR
1437,1705.0,Wick For Brains,Pumpkin Ale,12.0,0.061,11.0,1778.7137788533394,Nebraska Brewing Company,Papillion,NE
1438,1148.0,Nebraska India Pale Ale,American IPA,12.0,0.065,65.0,337,Nebraska Brewing Company,Papillion,NE
1439,1147.0,EOS Hefeweizen,Hefeweizen,12.0,0.048,10.0,337,Nebraska Brewing Company,Papillion,NE@@
1440,1146.0,Brunette Nut Brown Ale,English Brown Ale,12.0,0.048,15.0,337,Nebraska Brewing Company,Papillion,NE
1441,1145.0,Cardinal Pale Ale,American Pale Ale (APA),12.0,0.057,29.0,337,Nebraska Brewing Company,Papillion,NE
1442,1758.0,County Line IPA,American IPA,12.0,0.066,,325,Neshaminy Creek Brewing Company,Croydon,PA
1443,7502.518782759221,Trauger Pilsner,German Pilsener,12.0,0.048,,325,Neshaminy Creek Brewing Company,Croydon,PA
1444,2475.0,Slow Ride,American IPA,12.0,0.045,40.0,82,New Belgium Brewing Company,Fort Collins,CO
1445,2230.0,Ranger IPA,American IPA,12.0,0.065,70.0,82,New Belgium Brewing Company,Fort Collins,CO
1446,1987.0,Shift,American Pale Lager,12.0,0.05,29.0,82,New Belgium Brewing Company,Fort Collins,CO
1447,1978.0,1554 Black Lager,Euro Dark Lager,12.0,0.056,21.0,82,New Belgium Brewing Company,Fort Collins,CO
1448,1975.0,Blue Paddle,Czech Pilsener,12.0,0.048,,82,New Belgium Brewing Company,Fort Collins,CO
1449,1737.0,California Route,American Amber / Red Lager,12.0,0.055,,82,New Belgium Brewing Company,Fort Collins,CO
1450,1707.0,Snapshot,American Pale Wheat Ale,51.37761773444723,0.052,,82,New Belg%i@@um Brewing Company,Fort Collins,CO
1451,1690.0,Sunshine Wheat Beer,American Pale Wheat Ale,12.0,0.048,,82,New Belgium Brewing Company,Fort Collins,CO
1452,1586.0,Fat Tire Amber Ale,American Amber / Red Ale,12.0,0.052,18.0,82,New Belgium Brewing Company,Fort Collins,CO
1453,952.0,Shift (1),American Pale Lager,12.0,0.05,29.0,82,New Belgium Brewing Company,Fort Collins,CO
1454,748.0,Fat Tire Amber Ale (2011),American Amber / Red Ale,12.0,0.1581469112790235,18.0,82,New Belgium Brewing Company,Fort Collins,CO
1455,578.0,Shi#ft,American Pale Lager,16.0,0.05,29.0,82,New Belgium Brewing Company,Fort Collins,CO
1456,564.0,Ranger IPA,American IPA,16.0,0.065,70.0,82,New Belgium Brewing Company,Fort Collins,$%CO
1457,563.0,Fat Tire Amber Ale,American Amber / Red Ale,16.0,0.052,18.0,82,New Belgium Brewing Company,Fort Collins,CO
1458,115.0,Ranger IPA (Current),American IPA,12.0,0.065,70.0,82,New Belgium Brewing Company,Fort Collins,CO
1459,72.0,Sunshine Wheat Beer (2009),American Pale Wheat Ale,12.0,0.048,,82,New Belgium Brewing Company,Fort Collins,CO
1460,71.0,Fat Tire Amber Ale (2008),American Amber / Red Ale,12.0,0.052,18.0,82,New Belgium Brewing Company,Fort Collins,CO
1461,1417.0,Weiss Trash Cu$lture,Berliner Weissbier,12.0,0.034,6.0,410,New England Brewing Company,Woodbridge,CT
1462,885.0,Sea Hag IPA,American IPA,12.0,0.062,,410,New England Brewing Company,Woodbridge,CT
1463,884.0,Elm City Pilsner,American Pilsner,52.9807850200594,0.05,,410,New England Brewing Company,Woodbridge,CT
1464,757.0,Atlantic Am??ber Ale (2004),American Amber / Red Ale,12.0,0.05,,410,New England Brewing Company,Woodbridge,CT
1465,568.0,668 Neighbor of the Beast12 oz.,Belgian Pale Ale,12.0,0.09,,410,New England Brewing Company,Woodbridge,CT
1466,320.0,Gandhi-Bo%t Double IPA (12 oz.),American Double / Imperial IPA,12.0,0.088,85.0,410,New England Brewing Company,Woodbridge,CT
1467,43.0,668 Neighbor of the Beast (16 oz.) (2010),Belgian Pale Ale,16.0,0.09,,410,New England Brewing Company,Woodbridge,CT
1468,149.53897963760215,Gandhi-Bot Double IPA (16 oz.) (2010),American Double / Imperial IPA,16.0,0.088,85.0,410,New England Brewing Company,Woodbridge,CT
1469,41.0,Elm City Lager (2007),American Pilsner,12.0,0.05,,410,New England Brewing Company,Woodbridge,CT
1470,40.0,Atlantic Amber Ale (2007),American Amber / Red Ale,12.0,0.05,,410,New England Brewing Company,Woodbridge,CT
1471,39.0,Sea Hag IPA (%Curre??nt),American IPA,12.0,0.062,,410,New England Brewing Company,Woodbridge,CT
1472,2272.0,Rebirth Pale Ale,American Pale Ale (APA),12.0,0.05,,174,New Orleans Lager & Ale Brewing ...,New Orleans,LA
1473,1582.0,Irish Channel Stout,Ame??rican Stout,16.0,0.38821552772834694,,174,New Orleans Lager & Ale Brewing ...,N##ew Orleans,LA
1474,1114.0,MechaHopzilla,American Double / Imperial IPA,16.0,0.27057758913112345,,174,New Orleans Lager & Ale Brewing ...,New Orleans,LA
1475,486.0,Hopitoulas IPA,American IPA,16.0,0.065,,174,New Orleans Lager & Ale Brewing ...,New Orlea??ns,LA
1476,485.0,NOLA Brown Ale,English Dark Mild Ale,12.0,0.15137056896923481,,174,New Orleans Lager & Ale Brewing ...,New Orleans,LA
1477,484.0,NOLA Blonde Ale,American Blonde Ale,12.0,0.049,,174,New Orleans Lager & Ale Brewing ...,New Orleans,LA
1478,2043.0,Skylight,Dunkelweizen,12.0,0.056,20.0,241,New Republic Brewing Company,College Station,TX
1479,2042.0,Kadigan,American Blonde Ale,12.0,0.056,30.0,241,New Republic Brewing Company,College Station,TX
1480,2041.0,D#ammit Jim!@@,American Amber / #Red% Ale,12.0,0.052,50.0,241,New Republic Brewing Company,College Station,TX
1481,646.0,Nut Brown Ale,English Brown Ale,12.0,0.2756317230714626,,518,New South Brewing Company,Myrtle Beach,SC
1482,165.0,White Ale,Witbier,12.0,0.046,,518,New South Brewing Company,Myrtle Beach,SC
1483,2050.0,Cream Ale,Cream Ale,12.0,0.042,35.0,238,Newburgh Brewing Company,Newburgh,NY
1484,915.0,Green Head IPA,American IPA,12.0,0.072,,495,Newburyport Brewing Company,Newburyport,MA
1485,914.0,Plum Island Belgian White,Witbier,12.0,0.054,,495,Newburyport Brewing Company,Newb#uryport,MA
1486,913.0,Newburyport Pale Ale,American Pale Ale (APA),12.0,0.055,,495,Newburyport Brewing Company,Newburyport,MA
1487,1811.0,Marblehead,American Amber / Red Ale,16.0,0.055,,305,Night Shift Brewing,Everett,MA
1488,1622.0,Jam Session,American Pale Ale (APA),16.0,0.051,31.0,359,NoDa Brewing Company,Charlotte,NC
1489,1621.0,Hop Drop 'N Roll IPA,American IPA,16.0,0.072,80.0,1851.1136775414384,NoDa Brewing Company,Charlotte,NC
1490,1307.0,Paleo IPA,English$ India Pale Ale (IPA),12.0,0.2959749092635016,,431,North Country Brewing Company,Slippery Rock,PA
1491,1306.0,Buck Snort Stout,American Stout,12.0,0.061,,431,North Country Brewing Company,Slippery Rock,%@@PA
1492,1305.0,Station 33 Firehouse Red,Irish Red Ale,12.0,0.055,,431,North Country Brewing Company,Slippery Rock,PA
1493,1304.0,Slimy Pebble Pils,German Pilsener,12.0,0.045,,431,North Country Brewing Company,Slippery Rock,PA
1494,2692.0,Get Together,American IPA,16.0,0.045,50.0,0.0,NorthGate Brewing,Minneapolis,MN
1495,2691.0,Maggie's Leap,Milk / Sweet Stout,16.0,0.049,26.0,0,NorthGate Brewing,Minneapo#lis,MN
1496,2690.0,Wall's End,Engl%ish Brown Ale,16.0,0.048,105.76160985571235,0,Nor@@thGate Brewing,Minneapolis,MN
1497,2689.0,Pumpion,Pumpkin Ale,16.0,0.06,38.0,0.0,NorthGate Brewing,Minneapolis,MN
1498,2688.0,Stronghold,American Porter,16.0,0.06,25.0,0,NorthGate Brewing,Minneapolis,MN
1499,2687.0,Parapet ESB,Extra Special / Strong Bitter (ESB),16.0,0.056,47.0,0,NorthGate Brewing,Minneapolis,MN
1500,1854.0,Blue Boots IPA,American IPA,16.0,0.069,,293,Northampton Brewery,Northamtpon,MA
1501,1227.0,Hoppy Bitch IPA,American IPA,16.0,0.063,,450,Northwest Brewing Company,Pacific,WA
1502,1226.0,Three Skulls Ale Pale Ale,American Pale Ale (APA),16.0,0.063,42.0,450,Northwest Brewing Company,Pacific,WA
1503,541.0,Walter's Premium Pilsener Beer,German Pilsener,12.0,0.045,,529,Northwoods Br??ewpub,Eau Claire,WI
1504,109.0,Floppin' Crappie,American Pale Wheat Ale,12.0,0.045,,529,Northwoods Brewpub,Eau Claire,WI
1505,1917.0,Left of the Dial IPA,American IPA,12.0,0.043,,271,Notch Brewing Company,Ipswich,MA
1506,1190.0,Notch Session Pils,Czech Pilsener,12.0,0.21355143322606107,,271,Notch Brewing Company,Ipswich,MA
1507,1264.0,O'Fallon Pumpkin Beer,Pumpkin Ale,39.372798554281246,0.055,,442,O'Fallon Brewery,O'Fallon,MO
1508,1258.0,5 Day IPA,American IPA,63.99669159174424,0.061,66.0,442,O'Fallon Brewery,O'Fallon,MO
1509,128.0,O'Fallon Wheach,Fruit / Vegetable Beer,12.0,0.051,7.0,442,O'Fallon Brewery,O'Fallon,MO
1510,2331.0,Watershed IPA,A%merican $IPA,12.0,0.067,70.0,150,Oakshire Brewing,Eugene,OR
1511,1669.0,Oakshire Amber Ale,American Amber / Red Ale,12.0,0.054,24.0,150,Oakshire Brewing,Eugene,OR
1512,1668.0,Overcast Espresso Stout,American Stout,12.0,0.058,27.0,150,Oakshire Brewing,Eugene,OR
1513,999.0,Watershed IPA (2013),%American I@@PA,12.0,0.067,70.0,150,Oakshire Brewing,Eugene,OR
1514,2247.0,Lake Monster,Baltic Porter,16.0,0.082,25.0,184,Oasis Texas Brewing Company,Austin,TX
1515,2071.0,London Homesick Ale,English Bitter,49.12083604583888,0.049,27.0,184,Oasis Texas Brewing Company,Austin,TX
1516,2070.0,Luchesa Lager,Keller Bier / Zwickel Bier,12.0,0.048,35.0,184,Oasis Texas Brewing Company,Austin,TX
1517,2069.0,Slow Ride,American Pale Ale (APA),12.0,0.048,35.0,184,Oasis Texas Brewing Company,Austin,TX
1518,2192.0,Occidental Hefeweizen,American Pale Wheat Ale,16.0,0.047,,200,Occidental Brewing Company,Portland,OR
1519,5479.511408236395,Occidental Dunkel,Dunkelweizen,16.0,0.051,,200,Occidental Brewing Company,Portland,OR
1520,1129.0,Occidental Altbier,Altbier,16.0,0.05,,200,Occidental Brewing Company,Portland,??%OR
1521,1081.0,Occidental Kölsch,Kölsch,16.0,0.045,,200,Oc@@cidental Brewing Co#mpany,Portland,OR
1522,2335.0,Perpetual Darkness,Belgian Strong Dark Ale,12.0,0.092,72.0,148,Odyssey Beerwerks,Arvada,CO
1523,2334.0,Clan Warrior,Sco@@tch Ale / Wee Heavy,12.0,0.087,29.0,885.6482169616802,Odyssey Beerwerks,Arvada,CO
1524,2333.0,Psycho Penguin Vanilla Porter,American Porter,12.0,0.054,36.0,148,Odyssey Beerwerks,Arvada,CO
1525,1721.0,Heliocentric Hefeweizen,Hefeweizen,12.0,0.047,,148,Odyssey Beerwerks,Arvada,CO
1526,1720.0,Ghose Drifter Pale Ale,American Pale Ale (APA),12.0,0.051,,148,Odyssey Beerwerks,Arvada,CO
1527,1431.0,Ghost Rider Pale Ale (2013),American Pale Ale (APA),12.0,0.051,,148,Odyssey Beerwerks,Ar#v%ada,CO
1528,1430.0,Helios Hefeweizen (2013),Hefeweizen,12.0,0.047,,148,Odyssey Beerwerks,Arvada,CO
1529,1059.0,The Hole in Hadrian's Wall,Scottish Ale,16.0,0.095,19.0,471,Okoboji Brewing Company,Spirit Lake,IA
1530,1058.0,33 Select Brown Ale,American Brown Ale,16.0,0.065,26.0,471,Okoboji Brewing Company,Spirit Lake,IA
1531,603.0,Midwest Charm Farmhouse Ale,Saison / Farmhouse Ale,16.0,0.06,29.0,471,Okoboji Brewing Company,Spirit Lake,IA
1532,602.0,Boji Blue Pale Ale,American Pale Ale (APA),16.0,0.05,45.0,471,Okoboji Brewing Company,Spirit Lake,IA
1533,601.0,Winter Games Select #32 Stout,Am??erican Stout,16.0,0.057,26.0,471,Okoboji Brewing Company,Spirit Lake,IA
1534,600.0,Boji Beach Golden Rye Ale,Rye Beer,16.0,0.05,23.0,471,Okoboji Brewing Company,Spirit Lake,IA
1535,1828.0,Hopsmith Pale Lager,American Pale Lager,16.0,0.06,,301,Old Forge Brewing Company,Danville,PA
1536,1487.0,Falling Down Brown Ale,A#merican Brown Al%e,16.0,0.065,65.0,301,Old Forge Brewing Company,Danville,PA
1537,1486.0,Resolution Rye Stout,American Stout,16.0,0.068,,301,Old Forge Brewing Company,Danville,PA
1538,1485.0,Plowshare Porter,American Porter,16.0,0.055,,301,Old Forge Brewing Company,Danville,PA
1539,1394.0,Old Forge Pumpkin Ale,Pumpkin Ale,16.0,0.046,20.0,301,Old Forge Brewing Company,%Danville,PA
1540,1381.0,Endless Sun Ale,American Pale Wheat Ale,16.0,0.045,,301,Old Forge Brewing Company,Danville,PA
1541,900.0,Cel@@estial Blonde Ale,American Blonde Ale,16.0,0.065,,301,Old Forge Brewing Company,Danville,PA
1542,891.0,Overbite IPA,American IPA,16.0,0.075,,301,Old Forge Brewing Company,Danville,PA
1543,509.0,T-Rail Pale Ale,American Pale Ale (APA),16.0,0.055,,301,Old Forge Brewing Company,Danville,PA
1544,508.0,Endless Summer Ale (2011),American Pale Wheat Ale,16.0,0.048,,301,Old Forge Brewing Company,Danville,PA
1545,1530.0,Clem??'s Gold,American Pale Lager,16.0,0.053,,390,Orlison Brewing Company,Airway Heights,WA
1546,8838.063905422367,Lizzy's Red,American Amber / Red Lager,16.0,0.055,,390,Orlison Brewing Company,Airway Heights,WA
1547,1528.0,Orlison India Pale Lager,American Pale Lager,90.66200759939855,0.067,,390,Orlison Brewing Company,Airway Heights,WA
1548,1527.0,Brünette,Euro Dark Lager,16.0,0.042,,2322.018285182483,Orlison Brewing Company,Airway Heights,WA
1549,1526.0,Havanüther,Lig??ht Lager,16.0,0.041,,390,Orlison Brewing Company,Airway Heights,WA
1550,2113.0,Lyric Ale,Saison / Farmhouse Ale,12.0,0.065,,216,Orpheus Brewing,$Atlanta,GA
1551,2112.0,Atalanta,Saison / Farmhouse Ale,12.0,0.053,,216,Orpheus Brewing,Atlanta,GA
1552,2302.0,Pinner @@Throwback IPA,American IPA,12.0,0.049,35.0,166,Oskar #Blues B$rewery,Longmont,CO
1553,1883.0,Centennial State Pale Ale,American Pale Ale (APA),19.2,0.052,,166,Oskar Blues Brewery,Longmont,CO
1554,1859.0,Old Chub NITRO,Scotch Ale / Wee Heavy,16.0,0.08,,166,Oskar Blues Brewery,Longmont,CO
1555,1796.0,The CRO@@WLER�?,32,,,166.0,Oskar Blues Brewery,Longmont,CO,
1556,1790.0,CAN'D AID Foundation,,12.0,,,166,Oskar Blues Brewery,Longmont,CO
1557,1752.0,Icey.P.A.,American IPA,16.0,,,166,Oskar Blues Brewery,Longmont,CO
1558,1751.0,One Nut Brown,English Brown Ale,12.0,0.05,,166,Oskar Blues Brewery,Longmont,CO
1559,1750.0,Birth IPA,American IPA,12.0,,,166,Oskar Blues Brewery,Longmont,CO
1560,1444.0,Dale's Pale Ale,American Pale Ale (APA),12.0,0.065,65.0,166,Oskar Blues Brewery,Longmont,CO
1561,1252.0,Dale's Pale Ale,American Pale Ale (APA),12.0,0.065,65.0,166,Oskar Blues Brewery,Longmont,CO
1562,1167.0,Mama's Little Yella Pils,Czech Pilsener,19.2,0.053,35.0,166,Oskar Blues Brewery,Longmont,CO
1563,993.0,oSKAr the G'Rauch,American IPA,19.2,0.085,,166,Oskar Blues Brewery,Longmont,CO
1564,992.0,oSKAr the G'Rauch,American IPA,16.0,0.085,,166,Oskar Blues Brewery,Longmont,CO
1565,955.0,Dale's Pale Ale,American Pale Ale (APA),19.2,0.065,65.0,166,Oskar Blues Brewery,Longmont,CO
1566,933.0,The Deuce,American Brown Ale,16.0,0.07,,166,Oskar Blues Brewery,Longmont,CO
1567,892.0,Dale's Pale Ale (10 Year Anniversary),American Pale Ale (APA),12.0,0.065,65.0,166,Oskar Blues Brewery,Longmont,CO
1568,4672.691723277123,Dale's Pale Ale (2012),American Pale Ale (APA),12.0,0.065,65.0,166,Oskar Blues Brewery,Longmont,CO
1569,806.0,Gordon Imperial Red (2010),American Double / Imperial IPA,12.0,0.087,85.0,166,Oskar Blues Brewery,Longmont,CO
1570,755.0,Dale's Pale Ale (2011),American Pale Ale (APA),51.94438842334843,0.065,65.0,166,Oskar #Blues Br??ewery,Longmont,CO
1571,3314.3915902505987,Dale's Pale Ale (2010),American Pale Ale (APA),12.0,0.065,65.0,166,Oskar Blues Brewery,Longmont,CO
1572,726.0,G'KNIGHT (16 oz.),American Double / Imperial IPA,16.0,0.34281152066630566,85.0,166,Oskar Blues Brewery,Longmont,CO
1573,720.0,15th Anniversary Abbey Ale (2012),Belgian Dark Ale,16.0,0.09,,166,Oskar Blues Brewery,Longmont,CO
1574,661.0,Chaka,Belgian Strong Pale Ale,16.0,0.08,,166,Oskar Blues Brewery,%Longmon%t,CO
1575,585.0,HGH (Home Grown Hops): Part Duh,American Strong Ale,12.0,0.08,70.0,166,Oskar Blues Brewery,Longmont,CO
1576,565.0,Deviant Dale's IPA,American Double / Imperial IPA,16.0,0.08,,166,Oskar Blues Brewery,Longmont,CO
1577,391.0,One Hit Wonder,American Double / Imperial IPA,12.0,0.09,60.0,166,Oskar Blues Brewery,Longmont,CO
1578,388.0,G'KNIGHT (12 oz.),American Double / Imperial IPA,12.0,0.087,85.0,166,Oskar Blues Brewery,Longmont,CO
1579,8.0,Ten Fidy Imperial Stout,Russian Imperial Stout,12.0,0.099,467.9761111425599,166,Oskar Blues Brewery,Longmont,CO
1580,7.0,Mama's Little Yella Pils,Czech Pilsener,12.0,0.053,35.0,166,Oskar Blues Brewery,Longmont,CO
1581,6.0,GUBNA Imperial IPA,American Double / Imperial IPA,12.0,0.099,100.0,166,Oskar Blues Brewery,Longmont,CO
1582,5.0,Old Chub,Scottish Ale,12.0,0.08,35.0,166,Oskar Blues Brewery,Longmont,CO
1583,4.0,Gordon Ale (2009),American Double / Imperial IPA,12.0,0.087,85.0,166,Oskar Blues Brewery,Longmo$n%t,CO
1584,1.0,Dale's Pale Ale,American Pale Ale (APA),12.0,0.065,65.0,166,Oskar Blue@@s Brewery,Longmont,CO
1585,805.0,Gordon (2005),American Double / Imperial IPA,12.0,0.092,85.0,2762.670184032521,Oskar Blues Brewery,Lyons,CO
1586,804.0,Ten Fidy Imperial Stout (2008),Russian Imperial Stout,12.0,0.095,98.0,503,Oskar Blues Brewery,Lyons,CO
1587,803.0,Ten Fidy Imperial Stout (2007),Russian Imperial Stout,12.0,0.099,98.0,503,Oskar Blues Brewery,Lyons,CO
1588,787.0,Old Chub (2008),Scottish Ale,12.0,0.08,35.0,503,Oskar Blues Brewery,Lyons,CO
1589,786.0,Old Chub (2004),Scottish Ale,12.0,0.08,35.0,503,Oskar Blues Brewery,Lyons,CO
1590,785.0,Old Chub (2003),Scottish Ale,12.0,0.08,35.0,503,Oskar B$lues Brewery,Lyons,CO
1591,745.0,Dale's$ Pale Ale (2008),American Pale Ale (APA),12.0,0.065,65.0,503,Oskar Blues Brewery,Lyons,CO
1592,744.0,Dale's Pale Ale (2006),American Pale Ale (APA),12.0,0.065,65.0,503,Oskar Blues Brewery,Lyons,CO
1593,743.0,Dale's Pale Ale (2004),American Pale Ale (APA),12.0,0.065,65.0,2516.6654883594097,Oskar Blues Brewery,Lyons,CO
1594,742.0,Dale's Pale Ale (2003),American Pale Ale (APA),12.0,0.065,65.0,503,Oskar Blues Brewery,Lyons,CO
1595,741.0,Dale's Pale Ale (2002),American Pale Ale (APA),12.0,0.065,65.0,503,Oskar Blues Brewery,Lyons,CO
1596,734.0,Leroy (2005),American Brown Ale,12.0,0.052,,1790.0922644290179,Oskar Blues Brewery,Lyons,CO
1597,733.0,Gordon Beer (2006),American Double / Imperial IPA,12.0,0.087,60.0,503,Oskar Blues Brewe??ry,Lyons,CO
1598,8132.834722360409,G'KNIGHT,American Double / Imperial IPA,12.0,0.087,85.0,389,Oskar Blues Brewery (North Carol...,Brevard,NC
1599,1532.0,Ten Fidy,Russian Imperial Stout,12.0,0.099,98.0,389,Oskar Blues Brewery (North Carol...,Brevard,NC#$
1600,1328.0,Deviant Dale's IPA,American Double / Imperial IPA,16.0,0.42561410609274963,85.0,389,Oskar Blues Brewery (North Carol...,Brevard,NC
1601,6718.01076014356,Old Chub,Scottish Ale,12.0,0.08,35.0,389,Oskar Blues Brewery (North Carol...,Brevard,NC
1602,1166.0,Dale's Pale Ale,American Pale Ale (APA),19.2,0.065,65.0,389,Oskar Blues Brewery (North Carol...,Brevard,NC
1603,1065.0,Dale's Pale Ale,American Pale Ale (APA),12.0,0.065,65.0,389,Oskar Blues Brewery (North Carol...,Brevard,NC
1604,1908.0,Fresh Slice White IPA,American White IPA,12.0,0.055,45.0,275,Otter Creek Brewing,Middlebury,VT
1605,1946.0,Overgrown American Pale Ale,American Pale Ale (APA),12.0,0.055,55.0,261,Otter Creek Brewing,Waterbury,VT
1606,1961.0,Ozark American Pale Ale,American Pale Ale (APA),12.0,0.155783324524467,39.0,259,Ozark Beer Company,Rogers,AR
1607,1684.0,Hula Hoppie Session IPA,American IPA,12.0,0.048,,341,Palisade Brewing Company,Palisade,CO
1608,927.0,Dirty Hippie Dark Wheat,American Dark Wheat Ale,12.0,0.053,,341,Palisade Brewing Company,Palisade,C@@O
1609,1268.0,Rustic Red,Irish Red Ale,85.67647678411461,0.052,23.0,441,Pateros Creek Brewing Company,Fort Collins,CO
1610,697.0,$Stimulator Pale Ale,American Pale Ale (APA),16.0,0.053,48.0,441,Pateros Creek Brewing Company,Fort Collins,CO
1611,696.0,Old Town Ale,Kölsch,16.0,0.045,22.0,441,Pateros Creek Brewing Company,Fort Collins,CO
1612,695.0,Car 21,English Bitter,16.0,0.17437942815234742,28.0,441,Pateros Creek Brewing Company,Fort Collins,CO
1613,3503.856750056607,Cache La Porter,Ameri@@can Porter,58.673584896698564,0.05,24.0,441,Pateros Creek Brewing Company,Fort Collins,??CO
1614,1805.0,Rodeo Rye Pale Ale,American Pale Ale (APA),12.0,0.042,35.0,307,Payette Brewing Company,Garden City,ID
1615,1048.0,Outlaw IPA,American IPA,12.0,0.062,65.0,307,Payette Brewing Company,Garden City,ID
1616,1043.0,North Fork Lager,American Pale Lager,12.0,0.044,,307,Payette Brewing Company,Garden City,ID
1617,890.0,Payette Pale Ale,American Pale Ale (APA),12.0,0.048,35.0,307,Payette Brewing Company,Garden City,ID
1618,775.0,Mutton Buster,American Brown Ale,12.0,0.055,25.0,307,Payette Brewing Company,Garden City,ID
1619,1087.0,Side Kick Kölsch,Kölsch,12.0,0.05,,468,Peace Tree Brewing Company,Knoxville,IA
1620,1931.0,Fresh Cut Pilsner,American Pilsner,12.0,0.046,,266,Peak Organic Brewing Company,Portland,ME
1621,1930.0,Summer Session Ale,American Pale Wheat Ale,12.0,0.05,61.0,266,Peak Organic Brewing Company,Portland,ME
1622,2238.0,Lobo Lito,Light Lager,12.0,0.16269927020350503,12.0,187,Pedernales Brewing Company,Fredericksburg,TX
1623,2144.0,Robert Earl Keen Honey Pils,American Pilsner,12.0,0.05,17.0,575.0759860808275,Pedernales Brewing Company,Fredericksburg,TX
1624,12791.867899410403,Mound Builder IPA,American IPA,12.0,0.065,77.0,205,People's Brewing Company,Lafayette,IN
1625,2168.0,Amazon Princess IPA,American IPA,12.0,0.062,62.0,205,People's Brewing Company,Lafayette,IN
1626,1956.0,Farmer's Daughter Wheat,American Pale Wheat Ale,38.11250845721416,0.042,,205,People's Brewing Company,Lafayette,IN
1627,1794.0,People's Pilsner,German Pilsener,12.0,0.045,,205,People's Brewing Company,Lafayette,IN##
1628,2633.0,Hot#box Bro#wn,American Brown Ale,57.37753395679136,0.055,10.0,13,Perrin Brewing Company,Comstock Park,MI
1629,2632.0,Gold,American Blonde Ale,12.0,0.048,15.0,13,Perrin Brewing Company,Comstock Park,MI
1630,2631.0,Black,American Black Ale,12.0,0.058,,13,Perrin Brewing Company,Comstock Park,MI
1631,2630.0,98 Problems (Cuz A Hop Ain't One),American IPA,12.0,0.065,65.0,13,Perrin Brewing Company,Comstock Park,MI
1632,2629.0,Veteran’s Pale Ale (VPA),American Pale Ale (APA),68.88337074540134,0.05,40.0,13,Perrin Brewing Company,Comstock Park,MI
1633,2628.0,Grapefruit IPA,American IPA,12.0,0.05,35.0,13,Perrin Brewing Company,Comstock Park,MI
1634,1062.0,Pete's ESP Lager (1998),American Pale Lager,12.0,0.051,,470,Pete's Brewing Company,San Antonio,TX
1635,1061.0,Pete's Wicked Summer Brew (1995),American Pale Wheat Ale,12.0,0.047,,470,Pete's Brewing Company,San Antonio,TX
1636,1060.0,Pete's Wicked Bohemian Pilsner (1997),Czech Pilsener,12.0,0.049,,470,Pete's Brewing Company,San Antonio,TX
1637,1056.0,Pete's Wicked Pale Ale (1997),American Pale Ale (APA),12.0,,,470,Pete's Brewing Company,San Antonio,TX
1638,1055.0,Pete's Wicked Summer Brew (2002),American Pale Wheat Ale,12.0,0.047,,470,Pete's Brewing Company,San Antonio,TX
1639,1054.0,Pete's Wicked Summer Brew (1997),American Pale Wheat Ale,12.0,0.047,,470,Pete's Brewing Company,San Antonio,TX
1640,1053.0,Pete's Wicked Summer Brew (1996),American Pale Wheat Ale,12.0,0.047,,470,Pete's Brewing Company,San Antonio,TX
1641,2635.0,Sparkle,American Pale Lager,60.7515496223744,0.041,12.0,11,Petoskey Brewing,Petoskey,MI
1642,1404.0,North 45 Amber Ale,American Amber / Red Ale,16.0,0.059,25.0,11,Petoskey Brewing,Petoskey,MI
1643,1403.0,Horny Monk,Dubbel,16.0,0.069,20.0,11,Petoskey Brewing,Petoskey,MI
1644,1402.0,Mind's Eye PA,American IPA,16.0,0.067,74.0,64.92026817855741,Petoskey Brewing,Petoskey,MI
1645,2312.0,Camelback,American IPA,12.0,0.061,60.0,157,Phoenix Ale Brewery,Phoenix,AZ
1646,1636.0,Local 5 Pale Ale,American Pale Ale (APA),16.0,0.056,,355,Pikes Peak Brewing Company,Monument,CO
1647,1518.0,Devils Head Red Ale,American Amber / Red Ale,16.0,0.3040704896803276,,355,Pikes Peak Brewing Company,Monument,CO#
1648,1384.0,Elephant Rock IPA,Amer#ican IPA,12.0,0.07,75.0,355,Pikes Peak Brewing Compa#ny,Monument,CO
1649,1797.0,Black Bay Milk Stout,Milk / Sweet Stout,12.0,0.05,,310,Pine Street Brewery,San Francisco,CA
1650,1437.0,Atom Splitter Pale Ale,American Pale Ale (APA),12.0,0.05,,310,Pine Street Brewery,S@@an Francisco,CA
1651,1791.0,Hot Date Ale,Chile Beer,16.0,0.06,20.0,314,Piney River Brewing Company,Bucryus,MO
1652,7793.281493735855,Masked Bandit IPA,American Black Ale,16.0,0.07,,314,Piney River Brewing Company,Bucryus,MO
1653,1491.0,Sweet Potato Ale,Fruit / Vegetable Beer,16.0,0.06,24.0,314,Piney River Brewing Company,Bucryus,MO
1654,1335.0,Float Trip Ale,American Blonde Ale,16.0,0.045,18.0,314,Piney River Brewing Company,Bucryus,MO
1655,847.0,Old Tom Porter,American Porter,16.0,0.055,25.0,314,Piney River Brewing Company,??B#ucryus,MO
1656,846.0,Black Walnut Wheat,American Dark Wheat Ale,16.0,0.045,18.0,314,Piney River Brewing Company,Bucryus,MO@@$
1657,521.0,McKinney Eddy Amber Ale,American Amber / Red Ale,16.0,0.055,20.0,314,Piney River Brewing Company,Bucryus,MO
1658,479.0,Missouri Mule India Pale Ale,American IPA,16.0,0.07,70.0,314,Piney River Brewing Company,Bucryus,MO
1659,2559.0,Blood of the Unicorn,American Amber / Red Ale,16.0,0.065,,52,Pipeworks Brewing Company,Chicago,IL
1660,1760.0,GreyBeard�?IPA,American IPA,12.0,0.069,51.0,324,Pisgah Brewing Company,Black Mountain,NC
1661,1759.0,Pisgah Pale Ale,American Pale Ale (APA),12.0,0.057,31.0,324,Pisgah Brewing Company,Black Mountain,NC
1662,8042.271043853743,PONTO S.I.P.A.,American IPA,16.0,0.045,,370,Pizza Port Brewing Company,Carlsbad,CA
1663,1457.0,Chronic Ale,American Amber / Red Ale,16.0,0.049,,370,Pizza Port Brewing Company,Carlsbad,C%A
1664,1191.0,Swami's India Pale Ale,American IPA,16.0,0.068,,370,Pizza Port Brewing Company,Carlsbad,CA
1665,2336.0,New Cleveland Palesner,American Pilsner,12.0,0.05,,147,Platform Beer Company,Cleveland,OH
1666,2553.0,Mazzie,American Pale Ale (APA),12.0,0.054,45.0,55,Pollyanna Brewing Company,Lemont,IL
1667,1909.0,Big Chuck Barleywine,American Barleywine,49.850690333519076,0.099,,274,Portside Brewery,Cleveland,OH
1668,335.0,Ponderosa IPA,Americ??an IPA,12.0,,,548,Prescott Brewing Company,Prescott,AZ
1669,64.0,Liquid Amber Ale,American Amber / Red Ale,12.0,,,548,Prescott Brewing Company,Prescott,A$Z
1670,2360.0,Morning Wood Wheat (Current),American Pale Wheat Ale,12.0,0.059,14.0,135,Pug Ryan's Brewery,Dillon,CO
1671,1463.0,Hideout Hell??es,Munich Helles Lager,12.0,0.069,17.0,135,Pug Ryan's Brewery,Dillon,CO
1672,7626.380010785744,Dead Eye Dunkel,Munich Dunkel Lager,12.0,0.3082439902339723,15.0,135,Pug Ryan's Brewery,Dillon,CO
1673,1461.0,Peacemaker Pilsner,Czech Pilsener,12.0,0.058,21.0,135,Pug Ryan's Brewery,Dillon,CO
1674,711.0,Over the Rail Pale Ale,American Pale Ale (APA),45.45705563551505,0.057,68.0,135,Pug Ryan's Brewery,Dillon,CO
1675,188.0,Pallavicini Pilsner (2009),Czech Pilsener,12.0,0.058,21.0,135,Pug Ryan's Brewery,Dillon,CO
1676,130.0,Morning Wood Wheat (Current),American Pale Wheat Ale,12.0,0.059,14.0,584.2319784858557,Pug Ryan's Brewery,Dillon,CO
1677,399.0,Pyramid Hefeweizen (2011),Hefeweizen,12.0,0.052,18.0,544,Pyramid Breweries,Seattle,WA
1678,82.0,Haywire Hefeweizen (2010),Hefeweizen,16.0,0.052,18.0,544,Pyramid Breweries,Seattle,WA
1679,2031.0,Golden Fleece,Belgian Pale Ale,12.0,0.045,35.0,246,Quest Brewing Company,Greenville,SC
1680,2030.0,Smoking Mirror,American Porter,12.0,0.055,30.0,246,Quest Brewing Company,Greenville,SC
1681,2269.0,R@@ahr's Blonde,Munich Helles Lager,12.0,0.046,,176,Rahr & Sons Brewing Company,Fort Worth,TX
1682,2229.0,Pride of Texas Pale Ale,American Pale Ale (APA),12.0,0.058,181.8020712208473,176,Rahr & Sons Brewing Company,For$t Wo??rth,TX
1683,2370.0,18th Anniversary Gose,Gose,12.0,0.044,5.0,128,Real Ale Bre@@??wing Company,Blanco,TX
1684,2211.0,White (2015),Witbier,12.0,0.046,25.0,128,Real Ale Brewing Company,Blanco,TX
1685,1861.0,BLAKKR,American Black Ale,12.0,0.099,85.0,128,Real Ale Brewing Company,Blanco??,TX
1686,1718.0,Firemans #4 Blonde Ale (2013),American Blonde Ale,12.0,0.051,21.0,128,Real Ale Brewing Company,Blanco,TX
1687,1290.0,The Sword Iron Swan Ale,English Pale Ale,12.0,0.059,,128,Real Ale Brewing Company,Blanco,TX
1688,1091.0,Hans' Pils (2015),German Pilsener,12.0,0.053,52.0,128,Real Ale Brewing Company,Blanco,T#@@X
1689,1086.0,Four Squared (2015),American Blonde Ale,12.0,0.06,50.0,128,Real Ale Brewing Company,Blanco,TX
1690,830.0,Firemans #4 Blonde Ale (2015),American Blonde Ale,12.0,0.051,21.0,128,Real Ale Brewing Company,Blanco,TX
1691,1021.0,Watership Brown Ale,American Brown Ale,12.0,0.072,55.0,475,Red Hare Brewing Company,Marietta,GA
1692,938.0,Gangway IPA,American IPA,12.0,0.062,55.0,475,Red Hare Brewing Company,Marietta,GA
1693,715.0,Long Day Lager,Czech Pilsener,12.0,0.049,,475,Red Hare Brewing Company,Marietta,GA
1694,2516.0,Farmer's Daughter Blonde,American Blonde Ale,16.0,0.051,71.46804735844447,68,Red Shedman Farm Brewery and Hop...,Mt. Airy,M??D$
1695,2515.0,Pump House IPA,American IPA,16.0,0.055,45.0,68,Red Shedman Farm Brewery and Hop...,Mt. Airy,MD
1696,2514.0,Suicide Blonde IPA,Belgian IPA,16.0,0.07,,68,Red Shedman Farm Brewery and Hop...,Mt. Airy,MD
1697,2513.0,V$an$illa Porter,American Porter,16.0,0.047,25.0,68,Red Shedman Farm Brewery and Hop...,Mt. Airy,MD
1698,2512.0,Honey Rye,Rye Beer,16.0,0.058,18.0,392.58361837333956,Red Shedman Farm Brewery and Hop...,Mt. Airy,MD
1699,1467.0,Happy Cider,Cider,16.0,0.055,,403,Red Tank Cider Company,Bend,OR
1700,945.0,Long Hammer IPA,American IPA,16.0,0.065,44.0,487,Redhook Brewery,Woodinville,WA
1701,583.0,Long Hammer IPA,American IPA,12.0,0.065,44.0,487,Redhook Brewery,Woodinville,WA
1702,339.0,Copper Hook% (2011),American Amber / Red Ale,12.0,0.058,27.0,487,Redhook Brewery,Woodinville,WA@@#
1703,1375.0,Nectar of the Hops,Mead,16.0,0.08,,421,Redstone Meadery,Boulder,CO
1704,1374.0,Sunshine Nectar,Mead,16.0,0.08,,421,Redstone Meadery,Boulder,CO
1705,1373.0,Black Raspberry Nectar,Mead,16.0,0.08,,421,Redstone Meadery,Boulder,CO
1706,2087.0,Blood Orange Wit,Witbier,16.0,0.20810774840050716,16.0,225,Refuge Brewery,Temecula,CA
1707,2414.0,Consilium,American Pale Ale (APA),12.0,0.05,40.0,110,Renegade Brewing Company,Denver,CO
1708,1581.0,Hammer & Sickle,Russian Imperial Stout,12.0,0.09,60.0,110,Renegade Brewing Company,Denver,CO
1709,1176.0,Redacted Rye IPA,American IPA,16.0,0.07,100.0,110,Renegade Brewing Company,Denver,CO
1710,1006.0,Elevation Triple India Pale Ale,American Double / Imperial IPA,12.0,0.099,100.0,110,Renegade Brewing Company,Denver,CO
1711,1005.0,5:00 O'Clock Afternoon Ale,American Blonde Ale,16.0,0.05,25.0,585.7350490601318,Renegade Brewing Company,Denver,CO
1712,636.0,Ryeteous Rye IPA (2012),American IPA,16.0,0.07,100.0,110,Renegade Brewing Company,Denver,CO
1713,1538.0,Stout Ol' Friend,American Sto@@ut,16.0,0.064,,386,Revolution Brewing,Paonia,CO
1714,1075.0,Stout Ol' Friend (2012),American Stout,16.0,0.2873233652330779,,386,Revolution Brewing,Paonia,CO
1715,710.0,Rye Porter,American Porter,16.0,,,386,Revolution Brewing,Paonia,CO
1716,709.0,Miner's Gold,American Blonde Ale,16.0,0.05,,386,Revolution Brewing,Paonia,CO
1717,708.0,Vienna Lager,Vienna Lager,16.0,0.046,,386,Revolution Brewing,Paonia,CO
1718,706.0,Jessie's Garage,American Pale Ale (APA),16.0,0.056,,386,Revolution Brewing,Paonia,CO
1719,220.0,Colorado Red Ale,American Amber / Red Ale,12.0,0.062,,386,Revolution Brewing,Paonia,CO
1720,219.0,Miner's Gold,American Blonde$ %Ale,12.0,,,386,Revolution Brewing,Paonia#$,CO
1721,2576.0,Fist City,American Pale Ale (APA),12.0,0.055,40.0,44,Revolution Brewing Company,Chicago,IL
1722,6595.830531302229,A Little Crazy,$Belgian Pale Ale,12.0,0.068,,44,Revolution Brewing Company,Chicago,IL
1723,609.0,Rosa Hibiscus Ale,Herbed / Spiced@@@@ Beer,12.0,0.058,15.0,44,Revolution Brewing Company,Chicago,IL
1724,418.0,Fistmas Ale,Herbed / Spiced Beer,12.0,0.061,31.0,176.25110932661775,Revolution Brewing Company,Chicago,IL
1725,417.0,Oktoberfest Revolution,Märzen / Oktoberfest,12.0,0.057,25.0,44,Revolution Brewing Company,Chicago,IL
1726,416.0,Eugene Porter,American Porter,12.0,0.068,28.0,44,Revolution Brewing Company,Chicago,IL
1727,415.0,Ant$i-He@@ro IPA,American IPA,12.0,0.065,70.0,44,Revolution Brewing Company,Chicago,IL
1728,414.0,Bottom Up Belgian Wit,Witbier,12.0,0.05,14.0,44,Revolution Brewing Company,Chicago,IL
1729,2452.0,Hustle,American Amber / Red Ale,12.0,0.057,42.0,93,Rhinegeist Brewery,Cin#cinna%ti,OH
1730,2451.0,Pure Fury,American Pale Ale (APA@@),12.0,0.055,42.0,93,Rhinegeist Brewery,Cincinnati,OH
1731,2132.0,Dad,American Amber / Red Ale,12.0,0.2497943565391587,60.0,93,Rhinegeist Brewery,Cincinnati,OH
1732,1993.0,Panther,American Porter,12.0,0.058,35.0,93,Rhinegeist Brewery,Cincinnati,OH
1733,7554.456577293857,Franz,Märzen / Oktoberfest,12.0,0.052,21.0,93,Rhinegeist Brewery,Cincinnati,$O$H
1734,1935.0,Zen,American Pale Ale (APA),12.0,0.043,45.0,93,Rhinegeist Brewery,Cincinnati,OH
1735,1852.0,Truth,American IPA,12.0,0.072,75.0,353.0004179136956,Rhinegeist Brewery,Cincinnati,OH
1736,1851.0,Cougar,American Blonde Ale,12.0,0.048,25.0,93,Rhinegeist Brewery,Cincinnati,OH
1737,2307.0,Smooth Operator,Cream Ale,16.0,0.038,,162,Right Brain Brewery,Traverse City,MI
1738,2580.0,Gose,Gose,16.0,0.035,,42,Rising Tide Brewing Company,Portland,ME
1739,1807.0,Maine Island Trail Ale,American Pale Ale (APA),61.37216730445301,0.043,,42,Risi%ng Tide Brewing Com??pany,Portland,??ME#
1740,1180.0,River North White Ale,Witbier,16.0,0.05,,459,River North Brewery,Denver,CO
1741,1179.0,River North Ale,American Amber / Red Ale,16.0,0.2883345181902736,,459,River Nort$h Brewery,Denver,CO
1742,1771.0,Lil SIPA,American IPA,16.0,0.05,55.0,321,Rivertown Brewing Company,Lockland,OH
1743,1654.0,Hop Bomber Rye Pale Ale,American Pale Ale (APA),16.0,0.055,60.0,321,Rivertown B??@@rewing Company,Lockland,OH
1744,2579.0,Jah Mon,American IPA,12.0,0.05,100.0,43,Rivertowne Brewing Company,Export,PA
1745,2373.0,Oktoberfest,Märzen / Oktoberfest,12.0,0.062,,43,Rivertowne Brewing Company,Export,PA
1746,2049.0,Headless Wylie,Pumpkin Ale,12.0,0.08,,43,Rivertowne Brewing Company,Export,PA
1747,2048.0,Dayman IPA,American IPA,12.0,0.05,,43,Rivertowne Brewing Company,Expo????rt,PA
1748,1880.0,All Aboard! Anniversary Stout,Oatmeal Stout,12.0,0.3216672698034771,,43,Rivertowne Brewing Company,Export,PA
1749,1879.0,Hop Lace,American Wh%ite IPA,12.0,0.062,,43,Rivertowne Brewing Company,Export,PA
1750,1878.0,OH-PA Session Pale Ale,American Pale Ale (APA),56.19013405587063,0.048,,43,Rivertowne Brewing Company,Export,PA
1751,1877.0,Patrick's Poison,American Amber / Red Ale,12.0,0.08,,43,Rivertowne Brewing Company,Export,PA
1752,1764.0,Rudolph's Red,American Amber / Red Ale,12.0,0.081,,43,Rivertowne Brewing Company,Export,PA
1753,1103.0,Babbling Blonde,American Blonde Ale,12.0,0.053,,43,Rivertowne Brewing Company,Export,PA
1754,1102.0,Maxwell's Scottish Ale,Scottish Ale,12.0,0.051,,43,Rivertowne Brewing Company,Export,PA
1755,1101.0,Grateful White,Witbier,12.0,0.061,,43,Rivertowne Brewing Company,Export,PA
1756,1100.0,RT Lager,American Amber / Red Lager,12.0,0.055,,43,Rivertowne Brewing Company,Export,PA
1757,1099.0,Old Wylie's IPA,American IPA,12.0,0.062,,43,Rivertowne Brewing Company,Export,PA
1758,1098.0,H@@ala Kahiki @@Pineapple Beer,Fruit / Vegetable Beer,12.0,0.048,,43,Rivertowne Brewing Company,Export,PA
1759,1330.0,Track 1 Amber Lager,American Amber / Red Lager,16.0,0.045,,427,Roanoke Railhouse Brewery,Roanoke,VA
1760,2074.0,Pine Knob Pilsner,Czech Pilsener,16.0,0.053,,229,Rochester Mills Brewing Company,Rochester,MI
1761,1724.0,Cal and Co. Black Cherry Porter,American Porter,16.0,,,229,Rochester Mills Brewing Company,Rochester,MI
1762,1280.0,Lazy Daze Lager,American Adjunct Lager,16.0,0.055,,229,Rochester Mills Brewing Company,Rochester,MI
1763,899.0,Rochester Red Ale,American Amber / Red Ale,16.0,0.059,,229,Rochester Mills Brewing Company,Rochester,MI
1764,363.0,Milkshake Stout,Milk / Sweet Stout,16.0,0.05,,229,Rochester Mills Brewing Company,Rochester,MI
1765,158.0,Cornerstone IPA,America#n IP@@A,92.08101859211415,0.07,,229,Rochester Mills Brewing Company,Rochester,MI
1766,97.0,Lazy Daze Lager,American Adjunct Lager,12.0,0.055,,229,Rochester Mills Brewing Company,Rochester,MI
1767,1860.0,Rogue American Amber Ale,American Amber / Red Ale,16.0,0.051,,289,Rogue Ales,Newport,OR
1768,1577.0,12th Round,American Strong Ale,16.0,0.076,78.0,376,RoughTail Brewing Company,Midwest City,OK
1769,1576.0,RoughTail IPA,American IPA,16.0,0.07,80.0,376,RoughTail Brewing Company,Midwest City,OK
1770,1575.0,Pola??r Night Stout,American Stout,16.0,0.08,,376,RoughTail Brewing Company,Midwest City,OK
1771,2304.0,Sundown,Saison / Farmhouse Ale,12.0,0.071,36.0,164,Round Guys Brewing,Lansdale,PA
1772,8142.165166671673,Sanctified,Belgian Strong Pale Ale,12.0,0.099,,164,Round Guys Brewing,Lansdale,PA
1773,2053.0,Fear of a Brett Planet,American Pale Ale (APA),12.0,0.051,,164,Round Guys Brewing,Lansdale,PA
1774,1842.0,Original Slacker Ale,English Brown Ale,12.0,0.056,40.0,164,Round Guys Brewing,Lansdale,PA
1775,1841.0,Alpha Blackback,American Black Ale,12.0,0.072,,164,Round Guys Brewing,Lansdale,PA
1776,1782.0,Kiss Off IPA,American IPA,12.0,0.063,,164,Round Guys Brewing,Lansdale,PA
1777,1552.0,Dog Days Summer Ale,Kölsch,12.0,0.045,28.0,164,Round Guys Brewing,Lansdale,PA
1778,1479.0,1881 California Red,American Amber / Red Ale,12.0,0.056,35.0,397,Ruhstaller Beer Company,#Sacramento??,CA
1779,1478.0,CAPT Black IPA,American Black Ale,12.0,0.073,55.0,397,Ruhstaller Beer Company,Sacramento,CA
1780,1370.0,Ruhstaller's Gilt Edge Lager Beer,American Amber / Red Lager,12.0,0.048,42.0,2214.7217161766525,Ruhstaller Beer Company,Sacramento,CA
1781,883.0,CAPT Black IPA,American Black Ale,16.0,0.073,55.0,397,Ruhstaller Beer Company,Sacramento,CA
1782,882.0,1881 California Red Ale,American Amber / Red Ale,16.0,0.056,35.0,397,Ruhstaller Beer Company,Sacr#am#ento,?@@?CA
1783,1868.0,Saint Archer White Ale,Witbier,12.0,0.05,15.0,288,Saint Archer Brewery,San Diego,CA
1784,1867.0,Saint Archer IPA,American IPA,12.0,0.068,66.0,288,Saint Archer Brewery,San Diego,CA
1785,1865.0,Saint Archer Pale Ale,American Pale Ale (APA),12.0,0.052,154.87864556424307,288,Saint Archer Brewery,San Diego,CA
1786,1864.0,Saint Archer Blonde,Kölsch,12.0,0.048,22.0,288,Saint Archer %Brewery,San Diego,CA
1787,2599.0,Sex Panther,American Porter,12.0,0.069,20.0,30,SanTan Brewing Company,Chandler,AZ
1788,2073.0,Winter Warmer (Vault Series),Winter Warmer,16.0,0.095,25.0,30,SanTan Brewing @@Com%pany,Chandler,AZ
1789,2063.0,Count Hopula (Vault Series),American Double / Imperial IPA,16.0,0.091,349.46324045175544,30,S%anTan Brewing Company,Chandler,AZ
1790,1995.0,Okto$berfest,Märzen / Oktoberfest,12.0,0.055,,30,SanTan Brewing Company,Chandler,AZ
1791,1934.0,SunSpot Golden Ale,American Blonde Ale,12.0,0.05,15.0,30,SanTan Brewing Company,Chandler,AZ
1792,1329.0,I.W.A. (2011),American Pale Wheat Ale,12.0,0.06,,30,SanTan Brewing Company,Chandler,AZ
1793,1299.0,Supermonk I.P.A.,Belgian IPA,12.0,0.065,,30,SanTan Brewing Company,Chandler,AZ
1794,1073.0,Epicenter Amber Ale,American Amber / Red Ale,12.0,0.055,20.0,30,SanTan Brewing Company,Chandler,A$$Z
1795,1072.0,SanTan HefeWeizen,Hefeweizen,12.0,0.05,15.0,115.45256085874708,SanTan Brewing Company,Chandler,AZ
1796,1071.0,Hop Shock IPA,American IPA,12.0,0.331441221254287,421.9667813056295,30,SanTan Brewing Company,Chandler,AZ
1797,852.0,Sex Panther (2014),American Porter,12.0,0.069,20.0,30,SanTan Brewing Company,Chandler,AZ
1798,850.0,Devil’s Ale,American Pale Ale (APA),12.0,0.24139629823027742,45.0,30,SanTan Brewing Company,Chandler,AZ
1799,839.0,Rail Slide Imperial Spiced Ale,Herbed / Spiced Beer,12.0,0.081,,30,SanTan Brewing Company,Chandler,AZ
1800,777.0,Mr. Pineapple,Fruit / Vegetable Beer,12.0,0.05,20.0,167.30579953562176,SanTan Brewing Company,Chandler,AZ
1801,764.0,American Idiot Ale (2012),American Pale Ale (APA),12.0,0.055,45.0,30,SanTan Brewing Company,Chandler,AZ
1802,317.0,Hop Shock IPA (2010),American IPA,12.0,0.07,85.0,131.88086323076823,SanTan Brewing Company,Chandler,AZ
1803,286.0,SanTan HefeWeizen (2010),Hefeweizen,12.0,0.05,15.0,30,SanTan Brewing Company,Chandler,AZ
1804,285.0,Devil’s Ale (2010),American Pale Ale (APA),12.0,0.055,45.0,30,SanTan Brewing Company,Chandler,AZ
1805,124.0,Epicenter Amber Ale (2010),American Amber / Red Ale,12.0,0.055,20.0,30,SanTan Brewing Company,Chandler,AZ
1806,1392.0,Sanitas Saison Ale,Saison / Farmhouse Ale,12.0,0.058,20.0,419,Sanitas Brewing Company,Boulder,CO
1807,1391.0,Sanitas Black IPA,American Black Ale,12.0,0.068,65.0,419,Sanitas Brewing Company,Boulder,CO
1808,2002.0,Giant DIPA,American Double / Imperial IPA,16.0,0.089,88.0,252,Santa Cruz Mountain Brewing,Santa Cruz,C??A%
1809,1683.0,Dread Brown Ale,American Brown Ale,12.0,0.054,,252,Santa Cruz Mountain Brewing,Santa Cruz,CA
1810,1362.0,Casinos IPA,English India Pale Ale (IPA),16.0,0.07,,252,Santa Cruz Mountain Brewing,Santa %Cruz,CA
1811,1519.0,Saison 88,Saison / Farmhouse Ale,12.0,0.055,30.0,392,Santa Fe Brewing Company,Santa Fe,NM
1812,4321.365484597737,Black IPA,American Black Ale,12.0,0.071,95.0,392,Santa Fe Brewing Company,Santa Fe,NM
1813,599.0,Santa Fe Irish Red Ale,Irish Red Ale,12.0,0.045,,392,Santa Fe Brewing Company,Santa Fe,$NM
1814,307.0,Santa Fe Oktoberfest,Märzen / Oktoberfest,12.0,,,392,Santa Fe Brewing Company,Santa Fe,NM
1815,305.0,Imperial Java Stout,Russian Imperial Stout,63.75336657432419,0.08,,392,Santa Fe Brewing Company,Santa Fe,NM
1816,304.0,Freestyle Pilsner,German Pilsener,12.0,0.055,,392,Santa Fe Brewing Company,Santa Fe,NM
1817,217.0,Happy Camper IPA,American IPA,12.0,0.2907299839886095,,392,Santa Fe Brewing Company,Santa Fe,NM
1818,1477.0,Oval Beach Blonde Ale,American Blonde Ale,16.0,0.23198659700603202,11.0,398,Saugatuck Brewing Company,Douglas,MI
1819,1503.0,Oak Aged Cider,Cider,12.0,0.065,,394,Schilling & Company,Seattle,WA
1820,1466.0,Ginger Cider,Cider,12.0,0.065,,394,Schilling & Company,Seattle,WA
1821,1245.0,Schilling Hard Cider,Cider,12.0,0.065,,394,Schilling & Company,Seattle,WA
1822,1324.0,Schlafly Yakima Wheat Ale,American Pale Wheat Ale,12.0,0.23654480434985226,45.0,428,Schlafly Brewing Company,Saint Louis,MO
1823,7630.855677916417,Schlafly Black Lager,Schwarzbier,12.0,0.05,,428,Schlafly Brewing Company,Saint Louis,MO
1824,1078.0,Schlafly IPA,American IPA,12.0,0.045,30.0,428,Schlafly Brewing Company,Saint Louis,MO
1825,1077.0,Schlafly American Brown Ale,American Brown Ale,12.0,0.05,109.11509926731412,428,Schlafly Brewing Company,Saint Louis,MO
1826,588.0,Schlafly Hefeweizen,Hefeweizen,12.0,0.041,16.0,428,Schlafly Brewing Company,Saint Louis,MO
1827,53.0,Schlafly Summer Lager,Munich Helles Lager,12.0,0.045,17.0,428,Schlafly Brewing Company,Saint Louis,MO
1828,815.0,Sea Dog Wild Blueberry Wheat Ale,Fruit / Vegetable Beer,12.0,0.047,,502,Sea Dog Brewing Company,Portland,ME
1829,1302.0,Blur India Pale Ale,American IPA,12.0,0.074,252.26203564106794,432,Seabright Brewery,Santa Cruz,CA
1830,6751.8807839292795,Dry Cider,Cider,16.0,0.065,,411,Seattle Cider Company,Seattle,WA
1831,1415.0,Dry Hard Cider,Cider,16.0,0.065,,411,Seattle Cider Company,Seattle,WA
1832,918.0,Frankenlou's IPA,American IPA,16.0,0.07,105.0,494,Seven Brides Brewery,Silverton,OR
1833,917.0,Becky%'s Black Cat Por#ter,American Porter,16.0,0.07,55.0,494,Seven Brides #Brewery,Silverton,OR
1834,2250.0,Seventh Son of a Seventh Son,American Strong Ale,16.0,0.077,40.0,183,Seventh Son Brewing Company,Columbus,OH
1835,1768.0,Stone Fort Brown Ale,English Brown Ale,16.0,0.053,20.0,183,Seventh Son Brewing Company,Columbus,OH
1836,1767.0,Seventh Son Hopped Red Ale,American Amber / Red Ale,16.0,0.077,40.0,183,Seventh@@ Son Brewing Comp#any,Columbus,OH
1837,1766.0,Humulus Nimbus Super Pale Ale,American Pale Ale (APA),16.0,0.06,53.0,183,Seventh Son Brewing Company,Columbus,OH
1838,1765.0,Golden Ratio IPA,American IPA,16.0,0.07,68.0,183,Seventh Son Brewing Company,C%olumbus,OH
1839,2368.0,Black Hop IPA,American Black Ale,12.0,0.068,,130,Shebeen Brewing Company,Wolcott,CT
1840,738.0,Archer's Ale (2004),English Pale Ale,12.0,0.05,,511,Sherwood Forest Brewers,Marlborough,MA
1841,1539.0,Monkey Fist IPA,American IPA,12.0,0.069,65.0,385,Shipyard Brewing Company,Portland,ME
1842,975.0,Shipyard Summer Ale,American# Pale Wheat Ale,12.0,0.051,,385,Shipyard Brewing Company,Portland,ME
1843,814.0,Pumpkinhead Ale,Pumpkin Ale,12.0,0.047,,385,Shipyard$ B@@rewing Company,Por%tland,ME
1844,727.0,Shipyard Export,American Blonde Ale,12.0,0.051,,385,Shipyard Brewing Company,Portland,ME
1845,2474.0,Nooner,German Pilsener,12.0,0.052,,83,Sierra Nevada Brewing Company,%Chico??,CA
1846,2239.0,Torpedo,American IPA,12.0,0.42743766512433035,65.0,83,Sierra Nevada Brewing Company,Chico,CA
1847,1919.0,Yonder Bock,Maibock / Helles Bock,12.0,0.06,,83,Sierra Nevada Brewing Company,Chico,CA
1848,1918.0,CANfusion Rye Bock,Rye Beer,12.0,0.06,,83,Sierra Nevada Brewing Company,Chico,CA
1849,1905.0,Sierra Nevada Pale Ale,American Pale Ale (APA),16.0,0.056,37.0,83,Sierra Nevada Brewing Company,Chico,CA
1850,1338.0,Old Chico Crystal Wheat,American Pale Wheat Ale,12.0,0.048,26.0,83,Sierra Nevada Brewing Company,Chico,CA
1851,1295.0,Summerfest,Czech Pilsen$er,12.0,0.05,28.0,83,Sierra Nevada Brewing Company,Chico,CA
1852,426.0,Torpedo,American IPA,16.0,0.072,65.0,83,Sierra Nevada Brewing Company,Chico,CA#??
1853,400.0,Sierra Nevada Pale Ale,American Pale Ale (APA),12.0,0.056,37.0,83,Sierra Nevada Brewing Company,Chico,CA
1854,2353.0,Sietsema?? Red Label%,Cider,16.0,0.069,,137,Sietsema Orchards and Cider Mill,Ada,MI
1855,212.0,Bear Ass Brown,American Brown Ale,12.0,0.042,,551,Silverton Brewery,Silverton,CO
1856,161.0,Red Mountain Ale,American Amber / Red Ale,12.0,0.06,,551,Silverton Brewery,Silverton,CO
1857,160.0,Ice Pick Ale,American IPA,12.0,0.068,,551,Silverton Brewery,Silverton,CO
1858,2574.0,4Beans,Baltic Porter,12.0,0.40735826637036665,52.0,46,Sixpoint Craft Ales,Brooklyn,NY
1859,2479.0,Jammer,Gose,12.0,0.042,16.0,46,Sixpoint Craft Ales,Brooklyn,$NY
1860,2443.0,Abigale,Belgian Pale Ale,12.0,0.08,,46,Sixpoint Craft $Ales,Brooklyn,NY
1861,2266.0,Rad,Fruit / Vegetable Beer,73.07448386288056,0.032,7.0,46,Sixpoint Craft Ales,Brooklyn,NY
1862,2090.0,Bengali,American IPA,24.0,0.065,62.0,46,Sixpoint Craft Ales,Brooklyn,NY
1863,1962.0,Sensi Harvest,American Pale Ale (APA),12.0,0.047,50.0,46,Sixpoint Craft Ales,Brooklyn,NY
1864,1696.0,Hi-Res,American Double / Imperial IPA,12.0,0.099,111.0,46,Sixpoint Craft Ales,Brooklyn,NY
1865,1608.0,Global Warmer,American Strong Ale,12.0,0.07,70.0,46,Sixpoint Craft Ales,Brooklyn,NY
1866,1591.0,Autumnation (2013),American IPA,16.0,0.067,74.0,46,Sixpoint Craft Ales,Brooklyn,NY
1867,6209.131563734019,The Crisp,German Pilsener,16.0,0.054,42.0,46,Sixpoint Craft Ales,Brooklyn,NY
1868,1387.0,Sweet Action,Cream Ale,16.0,0.052,34.0,46,Sixpoint Craft Ales,Brooklyn,NY
1869,1386.0,Righteous Ale,Rye Beer,63.431766381924746,0.063,57.0,46,Sixpoint Craft Ales,Brooklyn,NY
1870,1385.0,Bengali Tiger,American IPA,16.0,0.064,62.0,46,Sixpoint Craft Ales,Brooklyn,NY
1871,1020.0,3Beans,Baltic Porter,12.0,0.099,85.0,46,Sixpoint Craft Ales,Brooklyn,NY
1872,778.0,Brownstone,American Brown Ale,16.0,0.059,258.77900338658196,46,Sixpoint Craft Ales,Brooklyn,NY
1873,630.0,Apollo,American Pale Wheat Ale,89.3162498183321,0.052,11.0,46,Sixpoint Craft Ales,Brooklyn,NY
1874,2815.7787388934134,Harbinger,Saison / Farmhouse Ale,16.0,0.049,35.0,46,Sixpoint Craft Ales,Brooklyn,NY
1875,628.0,Resin,American Double / Imperial IPA,12.0,0.091,457.7241849007987,46,Sixpoint Craft Ales,Brooklyn,NY
1876,525.0,Diesel,American Stout,16.0,0.063,69.0,46,??Sixpoint Craft Ales,Brooklyn,NY
1877,512.0,Autumnation (2011-12) (2011),Pumpkin Ale,16.0,0.06,48.0,46,Sixpoint Craft Ales,Brooklyn,NY
1878,425.0,The Crisp (2011),German Pilsener,16.0,0.054,42.0,274.3012496415702,Sixpoint Craft Ales,Brooklyn,NY
1879,424.0,Sweet Action (2011),Cre@@am Ale,16.0,0.052,34.0,46,Sixpoint Craft Ales,Brooklyn,NY#
1880,423.0,Righteous Ale (2011),Rye Beer,16.0,0.063,57.0,46,Sixpoint Craft Ales,Brooklyn,NY
1881,422.0,Bengali Tiger (2011),American IPA,16.0,0.064,360.8831767957788,46,Sixpoint Craft Ales,Brooklyn,NY
1882,1942.0,Rudie Session IPA,American IPA,12.0,0.045,,264,Ska Brewing Company,Durango,CO
1883,1708.0,Taster's Choice,Doppelbock,12.0,0.074,,264,Ska Brewing Company,Durango,CO
1884,1521.0,Modus Hoperandi,Ame$ri@@can IPA,12.0,0.068,65.0,264,Ska Brewing Company,Durango,CO
1885,1297.0,Estival Cream Stout,American Stout,12.0,0.058,15.0,264,Ska Brewing Company,Durango,CO
1886,1192.0,Vernal Minthe Stout,American Stout,12.0,0.058,,264,Ska Brewing Company,Durango,CO
1887,1013.0,Hibernal Vinifera Stout,Foreign / Export Stout,12.0,0.08,,264,Ska Brewing Company,Durango,CO
1888,774.0,Autumnal Molé Stout,American Stout,12.0,,,264,Ska Brewing Company,Durango,CO
1889,386.0,Mexican Logger,American Pale Lager,12.0,0.042,18.0,264,Ska Brewing Company,Durango,CO
1890,70.0,True Blonde Ale,American Blonde Ale,43.75088894485856,0.053,,264,Ska Brewing Company,Durango,CO
1891,69.0,Euphoria Pale Ale,American Pale Ale (APA),12.0,0.061,,264,Ska Brewing Company,Durango,CO
1892,68.0,ESB Special Ale,Extra Special / Strong Bitter (ESB),12.0,0.057,58.0,264,Ska Brewing Company,Durango,CO
1893,67.0,Modus Hoperandi,American IPA,12.0,0.068,65.0,264,Ska Brewing Company,Durango,CO
1894,1792.0,Iron Butt Red Ale,American Amber / Red Ale,12.0,0.058,39.0,313,Slanted Rock Brewing Company,Meridian,ID
1895,1609.0,Initial Point India Pale Ale,American IPA,12.0,0.071,92.0,313,Slanted Rock Bre#wing Company,Meridian,ID@@
1896,2537.0,Monkey Dancing On A Razor Blade,Belgian IPA,109.89189155080334,0.085,,64,SlapShot Brewing Company,Chicago,IL
1897,2536.0,Tripel Deke,Tripel,24.0,0.082,,64,SlapShot Brewing Company,Chicago,IL
1898,30.0,Urban Wilderness Pale Ale,English Pale Ale,45.16100187210728,0.049,,557,Sleeping Lady Brewing Company,Anchorage,AK
1899,2305.0,Homefront IPA,American IPA,12.0,0.06,243.7667797411885,163,Sly Fox Brewing Company,Phoenixville,PA
1900,1588.0,Sly Fox Christmas Ale 2013,Winter Warmer,12.0,0.055,16.0,371,Sly Fox Brewing Company,Pottstown,PA
1901,1363.0,Grisette,Grisette,64.48471126165781,0.056,25.0,371,Sly Fox Brewing Company,Pottstown,PA
1902,1211.0,360° India Pale Ale,American IPA,12.0,0.34188532132155236,,371,Sly Fox Brewing Company,Pottstown,PA
1903,1123.0,Helles Golden Lager,Munich Helles Lager,12.0,0.049,18.0,371,Sly Fox Brewing Company,Pottstown,PA
1904,926.0,Sly Fox Christmas Ale 2012 (2012),Winter Warmer,12.0,0.055,16.0,371,Sly Fox Brewing Company,Pottstown,PA
1905,894.0,Odyssey Imperial IPA,American Double / Imperial IPA,12.0,0.084,90.0,371,Sly Fox Brewing Company,Pottstown,PA
1906,166.0,Oktoberfest Lager,Märzen / Oktoberfest,12.0,0.058,25.0,371,Sly Fox Brewing Company,Pottstown,PA
1907,24.0,113 IPA,American IPA,12.0,0.07,113.0,371,Sly Fox Brewing Company,Pottstown,PA
1908,23.0,Dunkel Lager,M@@unich Dunke$l Lager,12.0,0.053,21.0,371,Sly Fox Brewing Company,Pottstown,PA
1909,22.0,Royal Weisse Ale,Hefeweizen,12.0,0.056,11.0,371,Sly Fox Brewing Company,Pottstown,PA
1910,21.0,Pikeland Pils,German Pilsener,12.0,0.049,44.0,371,Sly Fox Brewing Company,Pottstown,#PA
1911,20.0,Phoenix Pale Ale,American Pale Ale (APA),12.0,0.051,40.0,371,Sly Fox Brewing Company,Pottstown,PA
1912,2407.0,Rule G IPA,??American IPA%,12.0,0.07,88.0,115,Smartmouth Brewing Company,Norfolk,VA
1913,2406.0,Murphy's Law,American Amber / Red Ale,12.0,0.058,35.0,115,Smartmouth Brewing Company,Norfolk,VA
1914,2405.0,A#l$ter Ego,Saison / Farmhouse Ale,12.0,0.062,33.0,115,Sma??rtmo??uth Brewing Company,Norfolk,VA
1915,2234.0,Monarch Pilsner,American Pilsner,12.0,0.05,,191,Snake River Brewing Company,Jackson,WY
1916,1606.0,Snow King Pale Ale,American Pale Ale (APA),12.0,0.06,55.0,191,Snake River Brewing Company,Jackson,WY
1917,617.0,Zonker Stout,Foreign / Export Stout,12.0,0.054,36.0,191,Snake River Brewing Company,Jackson,WY
1918,407.0,OB-1 Organic Ale,English Brown Ale,12.0,0.05,22.0,191,Snake River Brewing Company,Jackson,WY
1919,406.0,Snake River Lager,Vienna Lager,12.0,0.05,18.0,191,Snake River Brewing Company,Jackson,WY
1920,402.0,Snake River Pale Ale,American Pale Ale (APA),12.0,0.052,32.0,191,Snake River Brewing Company,Jackson,WY
1921,393.0,Pako’s EyePA,American IPA,12.0,0.068,60.0,191,Snake River Brewing Company,Jackson,WY
1922,1798.0,Thanksgiving Ale,Kölsch,12.0,0.05,,309,Sockeye Brewing Company,Boise,ID
1923,1655.0,Double Dagger Imperial IPA,American Double / Imperial IPA,12.0,0.092,,309,Sockeye Brewing Company,Boise,ID
1924,1596.0,Dagger Falls IPA,American IPA,12.0,0.063,100.0,309,Sockeye Brewin#g Com#pany,Boise,ID
1925,1595.0,Dagger Falls IPA,American IPA,12.0,0.063,100.0,309,Sockeye Brewing Company,Boise@@,ID
1926,1482.0,Socktoberfest,Märzen / Oktoberfest,16.0,0.06,,309,Sockeye Brewing Company,Boise,ID
1927,1447.0,Hopnoxious Imperial IPA,American Double / Imperial IPA,38.07002168438035,0.079,,309,Sockeye Brewing Company,Boise,ID#
1928,1425.0,Barrel Aged Seven Devils Imperial Stout,American Double / Imperial Stout,12.0,0.099,,309,Sockeye Brewing Company,Boise,ID
1929,1424.0,Boise Co-Op Two Score Ale,Saison / Farmhouse Ale,16.0,0.055,,309,Sockeye Brewing Company,Boise,ID
1930,1298.0,Sockeye Belgian Style Summer Ale,Witbier,16.0,0.05,,309,Sockeye Brewing Company,Boise,ID
1931,1181.0,Sockeye Maibock,Maibock / Helles Bock,12.0,0.064,,309,Sockeye Brewing Company,Boise,ID
1932,1160.0,Old Devil's Tooth,American Barleywine,12.0,0.5664452585134006,100.0,309,Sockeye Brewing Company,Boise,ID
1933,1152.0,Galena Golden,American Blonde Ale,12.0,0.043,,309,Sockeye Brewing Company,Boise,ID
1934,1151.0,Hell-Diver Pale Ale,American Pale Ale (APA),12.0,0.052,32.0,309,Sockeye Brewing Company,Boise,ID
1935,1150.0,Woolybugger Wheat,@@American Pale Wheat Ale,41.289013680350195,0.046,12.0,309,Sockeye Brewing Company,Boise,ID
1936,1076.0,Power Ho$use $Porter,American Porter,12.0,0.057,,309,Sockeye Brewing Company,Boise,ID
1937,995.0,Winterfest,American Strong Ale,83.19623306942941,0.4160827635404649,90.0,309,Sockeye Brewing Company,Boise,ID
1938,879.0,Dagger Falls IPA,American IPA,12.0,0.063,100.0,309,Sockeye Brewing Company,Boise,ID
1939,1972.0,LuckenBock,Bock,16.0,0.07,18.0,257,South Austin Brewery,South Austin,TX
1940,1971.0,Texas Pale Ale (TPA),American IPA,16.0,0.055,40.0,1540.622536670892,South Austin Brewery,South Austin,TX
1941,1970.0,6 String Saison,Saison / Farmhouse Ale,16.0,0.08,,257,South Austin Brewery,South Austin,TX
1942,1969.0,Kol' Beer,Köl$??sch,16.0,0.05,22.0,257,South Austin Brewery,South Austin,TX
1943,2024.0,Montauk Light,Light Lager,12.0,0.035,,249,Southampton Publick House,Southampton,NY
1944,1283.0,Na Zdraví Pilsner,Czech Pilsener,16.0,0.048,32.0,436,Southern Oregon Brewing Company,Medford,OR
1945,1282.0,Nice Rack IPA,American IPA,16.0,0.055,65.0,436,Southern Oregon Brewing Company,Medford,OR
1946,2362.0,2014 IPA Cicada Series,American IPA,16.0,0.075,72.0,133,Southern Prohibition Brewing Com...,Hattiesburg,MS
1947,2346.0,Sinister Minister Black IPA,American IPA,16.0,0.29604813209622566,65.0,133,Southern Prohibition Brewing Com...,Hattiesburg,MS
1948,2320.0,Jack the Si%%pper,Extra Special / Strong Bitter (ESB),12.0,0.053,45.0,133,Southern Prohibition Brewing Com...,Hattiesburg,MS
1949,2297.0,Devil's Harvest Extra Pale Ale,American Pale Ale (APA),12.0,0.058,60.0,133,Southern Prohibition Brewing Com...,Hattiesburg,MS
1950,2296.0,Suzy B Dirty Blonde Ale,American Blonde Ale,12.0,0.05,20.0,133,Southern Prohibition Brewing Com...,Hattiesburg,MS
1951,1745.0,Mississippi Fire Ant,American Amber / Red Ale,16.0,0.08,80.0,133,Southern Prohibition Brewing Com...,Hattiesburg,MS
1952,1120.0,Hipster Breakfast,Oatmeal Stout,16.0,0.058,40.0,133,Southern Prohibition Brewing Com...,Hattiesburg,MS
1953,1118.0,Su#zy B @@Dirty Blonde Ale,American Blonde Ale,16.0,0.05,20.0,133,Southern Prohibition Brewing Com...,Hattiesburg,MS
1954,1117.0,Devil's Harvest Extra Pale Ale,American Pale Ale (APA),16.0,0.058,60.0,133,Southern Prohibition Brewing Com...,Hattiesburg,MS
1955,2387.0,Pine Belt Pale Ale,American Pale Ale (APA),12.0,0.25773234455235955,45.0,118,Southern Star Brewi$ng Company,Conroe,TX
1956,2267.0,Walloon,Saison / Farmhouse Ale,12.0,0.2448100647744478,,118,Southern Star Brewing Company,Conroe,TX
1957,8203.813156411305,Le Mort Vivant,Bière de Garde,12.0,0.069,23.0,118,Southern Star Brewing Company,Conroe,TX
1958,1728.0,Red Cockaded Ale,American D#ouble / Imperial IPA,12.0,0.41131389979853183,110.0,118,Southern Star Brewing Company,Conroe,TX
1959,1497.0,Valkyrie Double IPA,American Double / Imperial IPA,12.0,0.092,100.0,118,Southern Star Brewing Company,Conroe,T@@X
1960,1011.0,Red Cockaded Ale (2013),American Double / Imperial IPA,12.0,0.085,110.0,118,Southern Star Brewing Company,Conroe,TX
1961,1010.0,Old Potentate,Old Ale,12.0,0.072,40.0,624.3569095714406,Southern Star Brewing Company,Conroe,TX
1962,856.0,Bombshell Blonde,American Blonde Ale,16.0,0.05,20.0,118,Southern$ ??Star Brewing Company,Conroe,TX
1963,853.0,PRO-AM (2012) (2012),American Double / Imperial IPA,12.0,0.099,100.0,118,Southern Star Brewing Company,Conroe,TX
1964,691.0,Walloon (2014),Saison / Farmhouse Ale,12.0,0.055,,118,Southern Star Brewin@@g Company,Conroe,TX
1965,555.0,Le Mort Vivant (2011),Bière de Garde,12.0,0.069,23.0,118,Southern Star Brewing Company,Conroe,TX
1966,46.0,Buried Hatchet Stout,Foreign / Export Stout,12.0,0.083,50.0,118,Southern Star Brewing Company,Conroe,TX
1967,45.0,Pine Belt Pale Ale,American Pale Ale (APA),16.0,0.065,45.0,118,Southern Star Brewing Company,Conroe,TX
1968,44.0,Bombshell Blonde,American Blonde Ale,12.0,0.05,20.0,118,Southern Star Brewing Company,Conroe,TX
1969,2486.0,Baby Daddy Session IPA,American IPA,12.0,0.047,35.0,78,Speakasy Ales & Lagers,San Francisco,CA
1970,763.0,Hopluia (2004),English India Pale Ale (IPA),16.0,,,508,Spilker Ales,Cortland,NE
1971,2271.0,Ball & Chain (2014),American Pale Ale (APA),16.0,0.058,,175,Spiteful Brewing Company,Chicago,IL
1972,2206.0,Bitter Biker Double IPA,American Double / Imperial IPA,16.0,0.096,,175,Spiteful Brewing Company,Chicago,IL
1973,2136.0,God Damn Pigeon Porter,American Porter,16.0,0.082,,175,Spiteful Brewing Company,Chicago,IL
1974,2135.0,Working for the Weekend,American Double / Imperial IPA,16.0,0.079,,175,Spiteful Brewing Company,Chicago,IL
1975,2134.0,Angry Adam,American Amber / Red Ale,16.0,0.06,,175,Spiteful Brewing Company,Chicago,IL
1976,2109.0,@@Freedom Fries,American Stout,16.0,0.055,,175,Spiteful Brewing Company,Chicago,IL
1977,1821.0,Bitter Biker Double IPA,American Double / Imperial IPA,12.0,0.096,,175,Spiteful Brewing Company,Chicago,IL
1978,1820.0,Ghost Bike Pale Ale,American Pale Ale (APA),16.0,0.073,,175,Spiteful Brewing Company,Chicago,IL
1979,1819.0,Spiteful IPA,American IPA,12.0,0.062,,175,Spiteful Brewing Company,Chicago,IL
1980,1634.0,Alley Time,American Pale Ale (APA),12.0,0.06,,175,Spiteful Brewing Company,Chicago,IL
1981,1633.0,Fat Badger,Irish Red Ale,12.0,0.058,,175,Spiteful Brewing Company,Chicago,IL
1982,1632.0,In the Weeds,American Pale Wheat Ale,12.0,0.055,,175,Spiteful Brewing Company,Chicago,IL
1983,855.0,Special Amber,Vienna Lager,12.0,0.05,22.0,498,Sprecher Brewing Company,Glendale,WI
1984,445.0,Special Amber,Vienna Lager,12.0,0.05,22.0,498,Sprecher Brewing Company,Glendale,WI
1985,1587.0,Seven Gates Pale Ale,American Pale Ale (APA),12.0,0.056,,372,Spring House Brewing Company,Conestoga,PA
1986,2242.0,Gunga Din,Cider,16.0,0.052,,186,St. Julian Winery,Paw Paw,M$I
1987,1544.0,Starr Pils,German Pilsener,12.0,0.042,20.0,383,Starr Hill Brewery,Crozet,VA
1988,1205.0,Northern Lights India Pale Ale,American IPA,16.0,0.065,52.0,383,Starr Hill Brewery,Crozet,VA
1989,1824.1510373862036,Festie,Märzen / Oktoberfest,12.0,0.048,12.0,383,Starr Hill Brewery,Crozet,VA
1990,368.0,Northern Lights India Pale Ale,American IPA,12.0,0.065,52.0,383,Starr Hill Brewery,Crozet,VA
1991,2386.0,Third Eye Enlightened Pale Ale,American Pale Ale (APA),12.0,0.065,65.0,119,Steamworks Brewing Company,Durango,CO
1992,380.5723321235349,Colorado Kölsch,Kölsch,12.0,0.049,17.0,119,Steamworks Brewing Company,Durango,CO
1993,91.0,Steam Engine Lager,American Amber / Red Lager,12.0,0.057,25.0,119,Steamworks Brewing Company,Durango,CO
1994,90.0,Third Eye Pale Ale,American IPA,12.0,0.065,65.0,119,Steamworks Brewing Company,Durango,CO
1995,2366.0,Point$ Special (C$urrent),American Adjunct Lager,12.0,0.047,9.0,131,Stevens Point Brewery,Stevens Point,%WI
1996,2365.0,Point Special,American Adjunct Lager,12.0,0.202696835622487,36.2718625451808,131,Stevens Point Brewery,Stevens Point,WI
1997,2270.0,Point Cascade Pale Ale (2013),American Pale Ale (APA),12.0,0.054,33.0,131,Stevens Point Brewery,Stevens Point,WI
1998,2228.0,Point Special,American Adjunct Lager,12.0,0.047,9.0,131,Stevens Point Brewery,Stevens Point,WI
1999,2151.0,Onyx Black Ale,American Black Ale,12.0,0.052,9.0,131,Stevens Point Brewery,Stevens Point,WI
2000,2150.0,Beyond The Pale IPA,American IPA,12.0,0.063,64.0,131,Stevens Point Brewery,Stevens Point,WI
2001,2122.0,Point Special (2013),American Adjunct Lager,12.0,0.047,9.0,131,Stevens Point Brewery,Stevens Point,WI#
2002,2121.0,Point Special (2012),American Adjunct Lager,12.0,0.047,9.0,131,%Stevens?? Point Brewery,Stevens Point,$%WI
2003,2115.0,Poi@@nt Special@@ Lager,American Adjunct Lager,16.0,0.047,9.0,131,Stevens Point Brewery,Stevens Point,WI
2004,1450.0,St. Benedict's Winter Ale,Winter Warmer,12.0,0.062,,131,Stevens Point Brewery,Stevens Point,WI
2005,1357.0,Point Oktoberfest,Märzen / Oktoberfest,16.0,0.057,15.0,131,Stevens Point Brewery,Stevens Point,WI
2006,1225.0,Point Nude Beach Summer Wheat,American Pale Wheat Ale,16.0,0.052,7.0,131,Stevens Point Brewery,Stevens Point,%WI
2007,816.0,Point Nude Beach Summer Wheat,American Pale Wheat Ale,12.0,0.05,7.0,131,Stevens Point Brewery,Stevens Point,WI
2008,772.0,Point Nude Beach Summer Wheat (2011),American Pale Wheat Ale,12.0,0.05,7.0,131,Stevens Point Brewery,Stevens Point,WI
2009,684.0,Drop Dead Blonde,American Blonde Ale,12.0,0.035,,131,Stevens Point Brewery@@,Stevens Point,WI
2010,650.0,Three Kings Ale,Kölsch,12.0,0.049,13.0,693.1431185765438,Stevens Point Brewery,Stevens Point,WI
2011,456.0,Point Oktoberfest,Märzen / Oktoberfest,12.0,0.057,15.0,131,Stevens Point Brewery,Stevens Point,WI
2012,357.0,2012 Black Ale,American Brown Ale,12.0,0.054,32.0,131,Stevens Point Brewery,Stevens Point,WI
2013,141.0,Point Nude Beach Summer Wheat (2010),American Pale Wheat Ale,12.0,0.05,7.0,131,Stevens Point Brewery,Stevens Point,WI
2014,140.0,Point Cascade Pale Ale,American Pale Ale (APA),12.0,0.054,33.0,131,Steven??s Point #Brewery,Stevens Point,WI
2015,139.0,Point Amber Classic,American Amber / Red Lager,12.0,0.047,14.0,131,Stevens Point Brewery,Stevens Point,WI
2016,138.0,Point Special Lager,American Adjunct Lager,12.0,0.047,9.0,131,Stevens Point Brewery,Stevens Point,WI
2017,953.0,Wisco Disco,American Amber / Red Ale,16.0,0.051,31.0,486,Stillmank Beer Company,Green Bay,WI
2018,1983.0,Brontide,American Black Ale,12.0,0.05,,255,Stillwater Artisanal Ales,Baltimore,MD
2019,1631.0,Brontide,American Black Ale,12.0,0.05,,255,Stillwater Artisanal Ales,Baltimore,MD
2020,1344.0,Classique,Saison / Farmhouse Ale,12.0,0.045,,255,Stillwater Artisanal Ales,Baltimore,MD
2021,3889.0349445420666,Sunsplash Golden Ale (2004),American Blonde Ale,12.0,0.045,,492,Stone Coast Brewing Company,Portland,ME
2022,1410.0,Sand Island Lighthouse,Kölsch,12.0,0.051,25.0,412,Straight to Ale,Huntsville,AL
2023,925.0,Lily Flagg Milk Stout,Milk / Sweet Stout,12.0,0.05,30.0,1718.8395028428695,Straight to Ale,Huntsville,AL
2024,637.0,Monkeynaut IPA,American IPA,12.0,0.072,70.0,412,Straight to Ale,Huntsville,AL
2025,2369.0,Straub Beer (Current),American Adjunct Lager,12.0,0.05,,129,Straub Brewery,St Mary's,PA
2026,2233.0,American Lager,American Adjunct Lager,12.0,0.041,36.634274516185876,129,Straub Brewery,St Mary's,PA
2027,2232.0,American Amber,American Amber / Red Lager,12.0,0.041,8.0,129,Straub Brewery,St Mary's,PA
2028,2231.0,American Light,Light Lager,12.0,0.032,13.0,129,Straub Brewery,St Ma@@ry's,PA
2029,2352.0,Extra Pale Ale,American Pale Ale (APA),12.0,0.053,49.0,138,Summit Brewing Company,St Paul,MN
2030,2549.0,Make It So,Extra Special / Strong Bitter (ESB),12.0,0.053,40.0,58,Summit Brewing Company,St. Paul,$??MN
2031,2473.0,Hopvale Organic Ale,American Pale Ale (APA),16.0,0.047,55.0,58,Summit Brewing Company,St. Paul,MN
2032,2415.0,Unchained #18 Hop Silo,American Double / Imperial IPA,16.0,0.083,100.0,58,Summit Brewing Company,St. Paul,MN
2033,2605.0,Tip Off,Altbier,16.0,0.052,29.0,25,Sun King Brewing Company,Indianapolis,IN
2034,2215.0,Java Mac,Scottish Ale,16.0,0.054,,25,Sun King Brewing C%ompany,Indianapolis,IN
2035,2164.0,Cowbell,American Porter,16.0,0.054,23.0,25,Sun King Brewing Company,Indianapolis,IN
2036,2085.0,Hop Up Offa That Brett (2014),Belgian Pale Ale,16.0,0.058,20.0,25,Sun King Brewing Company,Indianapolis,IN
2037,2084.0,PV Muckle (2013),Scotch Ale / Wee Heavy,16.0,0.083,23.0,25,Sun King Brewing Company,Indianapolis,IN
2038,2083.0,Bourbon Barrel Batch 666: Sympathy for the Devil,Belgian Dark Ale,16.0,0.099,36.0,25,Sun King Brewing Company,Indianapolis,IN
2039,2082.0,Whip Fight,Scotch Ale / Wee Heavy,16.0,0.09,30.0,25,Sun King Brewing Company,Indianapolis,IN
2040,2081.0,Port Barrel Wee Mac,Scotch Ale / Wee Heavy,16.0,0.053,23.0,25,Sun King Brewing Company,Indianapolis,IN
2041,2001.0,Fistful Of Hops Red,American IPA,16.0,0.064,75.0,25,Sun King Brewing Company,Indianapolis,IN
2042,2000.0,Fistful of Hops Orange,American IPA,16.0,0.063,75.0,25,Sun King Brewing Company,Indianapolis,IN
2043,1999.0,Fistful Of Hops Blue,American IPA,16.0,0.064,75.0,25,Sun King Brewing Company,Indianapolis,IN
2044,1996.0,Fistful of Hops Green,American #I??PA,82.10279328312278,0.064,75.0,25,Sun King Brewing Company,Indianapolis,IN
2045,1948.0,30 Min Coma,Belgian IPA,16.0,,,25,Sun King Brewing Company,Ind%ianapol$is,IN
2046,1656.0,Wee Muckle,Scotch Ale / Wee Heavy,16.0,0.09,30.0,25,Sun King Brewing Company,Indiana#polis,IN
2047,1599.0,Royal Brat,Extra Special / Strong Bitter (ESB),16.0,0.065,55.0,25,Sun King Brewing Company,Indianapolis,IN
2048,1420.0,Grapefruit Jungle (GFJ),American IPA,16.0,0.075,77.0,25,Sun King Brewing Company,Indianapolis,IN
2049,1389.0,Osiris Pale Ale,American Pale Ale (APA),16.0,0.056,50.0,25,Sun King Brewing Company,Indianapolis,IN
2050,1367.0,Bourbon Barrel Aged Timmie,Russian Imperial Stout,16.0,0.099,75.0,25,Sun King Brewing Company,Indianapolis,IN
2051,1366.0,Stupid Sexy Flanders,Flanders Oud Bruin,16.0,0.063,23.0,25,Sun King Brewing Company,Indianapolis,IN
2052,1347.0,Bourbon Barrel Cowbell,American Porter,16.0,,,25,Sun King Brewing Company,Indianapolis,IN
2053,1314.0,Popco%rn Pilsner,German Pilsener,16.0,0.054,,25,Sun King Brewing Company,Indianapolis,IN
2054,1128.0,Ring of Dingle,Irish Dry Stout,16.0,0.071,27.0,25,Sun King Brewing Company,Indianapolis,IN
2055,1127.0,Bourbon Barrel Wee Mac,Scottish Ale,16.0,0.054,23.0,25,Sun King Brewing Company,Indianapolis,IN
2056,1049.0,Bourbon Barrel Johan,English Barleywine,16.0,0.099,60.0,25,Sun King Brewing Company,Indianapolis,????IN
2057,934.0,The Deuce,American Brown Ale,16.0,0.07,,25,Sun King Brewing Company,Indianapolis,IN
2058,923.0,The Velvet Fog,Quadrupel (Quad),48.12934375141117,0.09,136.86858572231935,25,Sun King Brewing Company,Indianapolis,IN
2059,874.0,Sun King Oktoberfest,Märzen / Oktoberfest,16.0,0.055,23.0,25,Sun King Brewing Company,Indianapolis,IN
2060,739.0,Indianapolis Indians Lager,Dortmunder / Export Lager,48.68692192572162,0.052,24.0,133.24666454376273,Sun King Brewing Company,Indianapolis,IN
2061,698.0,Indians Victory Lager (2012),Dortmunder / Export Lager,16.0,0.052,24.0,25,Sun King Brewing ??C#ompany,Indianapolis,IN
2062,660.0,Chaka,Belgian Strong Pale Ale,16.0,0.08,,25,Sun King Brewing Company,Indianapolis,IN
2063,651.0,Isis,American Double / Imperial IPA,16.0,0.091,91.0,25,Sun King Brewing Company,Indianapolis,IN
2064,584.0,Wee Muckle (2011),Scotch Ale / Wee Heavy,16.0,0.09,30.0,118.12756980104271,Sun King Brewing Company,Indianapolis,IN
2065,532.0,Grapefruit Jungle (GFJ) (2011),American IPA,16.0,0.075,77.0,25,Sun King Brewing Company,Indianapolis,IN
2066,526.0,Sun King Oktoberfest (2011),Märzen / Oktoberfest,16.0,0.055,23.0,25,Sun King Brewing Company,Indianapolis,IN
2067,394.0,Johan the Barleywine,English Barleywine,16.0,0.099,207.99093870006087,25,Sun King Brewing Company,Indianapolis,IN
2068,213.0,Wee Mac Scottish-Style Ale,Scotti@@sh Ale,16.0,0.054,23.0,25,Sun King Brewing Company,Indianapolis,IN
2069,55.0,Sunlight Cream Ale,Cream Ale,16.0,0.053,20.0,25,Sun King Brewing Company,Indianapolis,$I@@N
2070,54.0,Osiris Pale Ale (2010),American Pale Ale (APA),16.0,0.056,50.0,25,Sun King Brewing Company,Indianapolis,IN
2071,1207.0,Dam Lager,American Amber / Red Lager,52.72005521555726,0.045,,455,Sunken City Brewing Company,Hardy,VA
2072,1206.0,Red Clay IPA,American IPA,12.0,0.07,,455,Sunken City Brewing Company,Hardy,VA
2073,2543.0,Todd the Axe Man,American IPA,16.0,0.072,,61,Surly Brewing Company,Brooklyn Center,MN
2074,2409.0,Doomtree,Extra Special / Strong Bitter (ESB),16.0,0.057,,61,Surly Brewing Company,Brooklyn Center,MN
2075,1739.0,BLAKKR,American Black Ale,16.0,0.3436807907864582,85.0,61,Surly Brewing Company,Brooklyn Center,MN
2076,1112.0,Overrated! West Coast Style IPA,American IPA,16.0,0.073,69.0,61,Surly Brewing Company,Brooklyn Center,MN
2077,329.0,WET,American IPA,16.0,0.075,90.0,347.2107449919934,Surly Brewing Company,Brooklyn Center,MN
2078,19.0,Bitter Brewer,English Bitter,16.0,0.04,37.0,61,Surly Brewing Company,Brooklyn Center,MN
2079,18.0,SurlyFest,Rye Beer,16.0,0.055,34.0,61,Surly Brewing Company,Brooklyn Center,MN
2080,17.0,Coffee Bender,American Brown Ale,16.0,0.051,45.0,61,Surly Brewing Company,Brooklyn Center,MN
2081,16.0,Bender,American Brown Ale,16.0,0.051,45.0,61,S@@urly Br??ewing Company,Brooklyn Center,MN
2082,15.0,Abrasive Ale,American Double / Imperial IPA,16.0,0.097,120.0,326.6850451454244,Surly Brewing Company,B$rooklyn Center,MN
2083,14.0,Hell,Keller Bier / Zwickel Bier,16.0,0.051,20.0,61,Surly Brewing Company,Brooklyn Center,MN
2084,13.0,CynicAle,Saison / Farmhouse Ale,95.60445618106395,0.067,33.0,61,Surly Brewing Company,Brooklyn Center,MN
2085,12.0,Furious,American IPA,16.0,0.062,99.0,61,Surly Brewing Company,Brookl%yn?? Center,MN
2086,1242.0,Big Nose,American IPA,12.0,0.073,50.0,447,Swamp Head Brewery,Gainesville,FL
2087,1241.0,Cotton Mouth,Witbier,12.0,0.05,10.0,447,Swamp Head Brewery,Gainesville,FL
2088,1240.0,Stump Knocker Pale Ale,American Pale Ale (APA),12.0,0.056,35.0,447,Swamp Head Brewery,Gainesville,FL
2089,1239.0,Midnight Oil,Oatmeal Stout,12.0,0.05,38.0,447,Swamp Head Brewery,Gainesville,FL
2090,1238.0,Wild Night,Cream Ale,12.0,0.059,18.0,447,Swamp Head Brewery,Gainesville,FL
2091,1554.0,Bermuda Triangle Ginger Beer,Herbed% / Spiced @@Beer,12.0,0.045,,381,Swashbuckler Brewing Company,Manheim,PA
2092,2568.0,Take Two Pils,German Pilsener,12.0,0.055,35.0,49,SweetWater Brewing Company,Atlanta,%GA
2093,2551.0,Waterkeeper,Hefeweizen,12.0,0.057,,49,SweetWater Brewing Company,Atlanta,GA
2094,1710.0,SweetWater IPA,American IPA,12.0,0.064,,49,SweetWater Brewing Company,Atlanta,GA
2095,1709.0,420 Extra Pale Ale,American Pale Ale (APA),12.0,0.054,,49,SweetWater Brewing Company,Atlanta,GA
2096,1229.0,Dodgy Knight Imperial IPA,American Double / Imperial IPA,12.0,0.08,95.0,449,TailGate Beer,San Diego,CA
2097,1164.0,TailGate Saison,Saison / Farmhouse Ale,12.0,0.05,,449,TailGate Beer,@@@@San Diego,CA
2098,663.0,TailGate IPA,American IPA,24.0,0.05,44.0,449,TailGate Beer,San Diego,CA
2099,662.0,TailGate IPA,American IPA,12.0,0.05,44.0,449,TailGate Beer,San Diego,CA
2100,623.0,TailGate Hefeweizen,Hefeweizen,24.0,0.049,28.0,449,TailGate Beer,San Diego,CA
2101,622.0,Blacktop Blonde,American Blonde Ale,24.0,0.05,19.0,449,TailGate Beer,San Diego,CA
2102,362.0,Blacktop Blonde,American Blonde Ale,12.0,0.05,19.0,449,TailGate Beer,San Diego,CA
2103,361.0,TailGate Hefeweizen,Hefeweizen,12.0,0.049,28.0,449,TailGate Beer,San Diego,CA
2104,2575.0,Wooden Rooster,T#ripel,16.9,0.085,34.0,45,Tallgrass Brewing Company,Manhattan,KS
2105,2555.0,Ginge@@r Peach Saison,Saison / Farmhouse Ale,16.0,0.048,20.0,45,Tallgrass Brewing Company,Manhattan,KS
2106,1736.0,Zombie Monkie,American Porter,57.0262022005617,0.062,35.0,45,Tallgrass Brewing Company,Manhattan,KS
2107,1196.0,Wild Plum Farmhouse Ale,Saison / Farmhouse Ale,16.0,0.056,20.0,45,Tallgrass Brewing Company,Manhattan,KS
2108,1063.0,Vanilla Bean Buffalo Sweat,Oatmeal Stout,81.37960146741247,0.05,20.0,45,Tallgrass Brewing Company,Manhattan,KS
2109,1017.0,Ethos IPA,American IPA,16.0,0.068,110.0,45,Tallgrass Brewing Company,M??anhattan,KS
2110,1009.0,Tallgrass Pub Ale,American Brown Ale,16.0,0.044,12.0,45,Tallgrass Brewing Company,Manhattan,KS
2111,912.0,Oasis,Extra Special / Strong Bitter (ESB),16.0,0.072,93.0,45,Tallgrass Brewing Company,Manhattan,KS
2112,765.0,Buffalo Sweat,Milk / Sweet Stout,86.63507731271892,0.16156961912796042,111.77837967907351,45,Tallgrass Brewing Company,Manhattan,KS
2113,676.0,Halcyon Unfiltered Wheat,American Pale Wheat Ale,50.607587771597075,0.05,20.0,45,Tallgrass Brewing Company,Manhattan,KS
2114,595.0,8-Bit Pale Ale,American Pale Ale (APA),16.0,0.052,,255.7875848157715,Tallgrass Brewing Company,Manhattan,KS
2115,537.0,Velvet Rooster,Tripel,86.13755715698262,0.085,,45,Tallgrass Brewing Company,Manhattan,KS
2116,412.0,Halcyon Unfiltered Wheat,American Pale Wheat Ale,12.0,0.05,20.0,45,Tallgrass Brewing Company,Manhattan,KS
2117,105.0,Köld Lager (2010),German Pilsener,16.0,0.05,16.0,45,Tallgrass Brewing Company,Manhattan,KS
2118,104.0,Oasis (2010),American Double / Imperial IPA,16.0,0.072,93.0,45,Tallgrass Brewing Company,Manhattan,KS
2119,103.0,Tallgrass Ale,American Brown Ale,16.0,0.044,22.0,45,Tallgrass Brewing Company,Manhattan,KS
2120,102.0,Buffalo Sweat (2010),Milk / Sweet Stout,16.0,0.05,20.0,45,Tallgrass Brewing Company,Manhattan,KS
2121,101.0,Tallgrass IPA,American IPA,16.0,0.063,60.0,45,Tallgrass Brewing Company,Manhattan,KS
2122,1433.0,Hat Trick Hop IPA,American IPA,16.0,0.068,,409,Tamarack Brewing Company,Lakeside,MT
2123,1432.0,Yard Sale Amber Ale,American Amber / Red Ale,16.0,0.056,,409,Tamarack Brewing Company,Lakeside,MT
2124,936.0,Loafin Bräu,Altbier,87.07481875967248,0.055,,490,Tampa Bay Brewing Company,Tampa,FL
2125,544.0,Old Elephant Foot IPA,American IPA,16.0,0.07,80.0,490,Tampa Bay Brewing Company,Tampa,FL
2126,2640.0,Peck's Porter,American Porter,16.0,0.065,35.0,7,Tapist%ry Bre??wing,Bridgman,MI
2127,2448.0,Reactor,American IPA,16.0,0.07,,7,Tapistry Brewing,Bridgman,MI
2128,2447.0,Mr. Orange,Witbier,16.0,0.057,,7,Tapistry Brewing,Bridgman,MI%
2129,2601.0,Deduction,Dubbel,12.0,0.08,93.09319245417942,28,Taxman Brewing Company,Bargersville,IN
2130,973.0,Face Down Brown Ale,American Brown Ale,12.0,0.057,,480,Telluride Brewing Company,$Telluride,CO
2131,827.0,Tempter IPA,American IPA,12.0,0.27056069283268036,,480,Telluride Brewing Company,Telluride,CO
2132,589.0,Bridal Veil Rye Pale Ale,American Pale Ale (APA),12.0,0.055,,480,Telluride Brewing Company,Telluride,C@@O
2133,2155.0,Smittytown,Extra Special / Strong Bitter (ESB),12.0,0.048,,210,Temperance Beer Company,Evanston,IL
2134,1982.0,Greenwood Beach,Fruit / Vegetable Beer,12.0,0.04,,210,Temperance Beer Company,Evanston,IL
2135,1939.0,Gatecrasher,English India Pale Ale (IPA),60.77037452799565,0.066,,1095.2000120858913,Temperance Beer Company,Evanston,IL
2136,1082.0,RecreationAle,American Pale Ale (APA),45.27809943047245,0.047,42.0,469,Terrapin Brewing Company,Athens,GA
2137,2119.0,First Stand,Saison / Farmhouse Ale,12.0,0.055,35.0,215,Texian Brewing Co.,Richmond,TX
2138,2118.0,Battle LIne,American Brown Ale,12.0,0.063,23.0,215,Texian Brewing Co.,Richmond,TX
2139,2117.0,Broken Br%idge,Dunkelweizen,12.0,0.056,12.0,215,Texian Brewing Co.,Richmond,TX
2140,2116.0,Brutus,English India Pale Ale (IPA),12.0,0.071,69.0,215,Texian Brewing Co.,Richmond,TX
2141,10385.963313865881,Petit Mutant,American Wild Ale,16.0,0.06,,272,The Alchemist,Waterbury,VT
2142,1915.0,The Crusher,American Double / Imperial IPA,16.0,0.096,,272,The Alchemist,Wat@@erb$ury,VT
2143,1914.0,Beelzebub,American Double / Imperial Stout,16.0,0.08,,272,The Alchemist,Waterbury,VT
2144,1810.0,Focal Banger,American IPA,16.0,0.07,,272,The Alchemist,Waterbury,VT
2145,1111.0,Heady Topper,American Double / Imperial IPA,16.0,0.08,120.0,272,The Alchemist,Waterbury,VT
2146,379.0,Heady Topper,American Double / Imperial IPA,16.0,0.08,120.0,272,The Alchemist,Waterbury,VT
2147,1200.0,Bomber Mountain Amber Ale (2013),American Amber / Red Ale,12.0,0.046,20.0,457,The Black Tooth Brewing Company,Sheridan,WY
2148,1199.0,Indian Paintbrush IPA,American IPA,12.0,0.27023518344732284,75.0,457,The Black Tooth Brewing Company,Sheridan,WY
2149,1198.0,Saddle Bronc Brown Ale (2013),English Brown Ale,12.0,0.048,62.4298144032184,2680.703147037464,The Black Tooth Brewing Company,Sheridan,WY
2150,1197.0,Wagon Box Wheat Beer,American Pale Wheat Ale,12.0,0.059,15.0,457,The Black Tooth Brewing Company,Sheridan,WY
2151,1945.0,Birdhouse Pale Ale,Belgian Pale Ale,12.0,0.05,,262,The Brewer's Art,Baltimore,MD
2152,1079.0,Ozzy,Belgian Pale Ale,12.0,0.073,,262,The Brewer's Art,Baltimore,MD
2153,94.0,Resurrection,Dubbel,12.0,0.07,,262,The Brewer's Art,Baltimore,MD
2154,1748.0,Bronx Summer Pale Ale,American Pale Ale (APA),77.69186656794814,0.052,16.0,329,The Bronx Brewery,Bronx,NY
2155,1747.0,Bronx Black Pale Ale,American Black Ale,16.0,0.057,46.0,329,The Bronx Brewery,Bronx,NY
2156,1037.0,Bronx Pale Ale,American Pale Ale (APA),16.0,0.063,50.0,329,The Bronx Brewery,Bronx,NY
2157,2594.0,Su%%rfrider,American Pale Ale (APA),16.0,0.052,35.0,33,The Dudes' Brewing Company,Tor$rance,CA
2158,2035.0,Kolschtal %Eddy,Kölsch,16.0,0.28723472775850467,,33,The Dudes' Brewing Company,Torrance,CA
2159,2034.0,South Bay Session IPA,American IPA,16.0,0.05,,33,The Dudes' Brewing Company,Torrance,CA
2160,1562.0,Grandma's Pecan,English Brown Ale,16.0,0.23134982975737067,34.0,33,The Dudes' Brewing Company,Torrance,CA
2161,1561.0,Double Trunk,American Double / Imperial IPA,16.0,0.099,101.0,33,The Dudes' Brewing Company,Torrance,CA
2162,1749.0,Just IPA,American IPA,12.0,0.14780418954652055,45.0,328,The Just Beer Project,Burlington,VT
2163,2455.0,Lionshead,American Pilsner,12.0,0.045,,90,The Lion Brewery,Wilkes-Barre,PA
2164,963.0,Manhattan Gold Lager (1990),American Amber / Red Lager,12.0,,,484,The Manhattan Brewing Company,New York,NY
2165,2638.0,G. B. Russo’s Italian Pistachio Pale Ale,American Pale Ale (APA),16.0,0.052,,9,The Mitten Brewing Company,Grand Rapids,MI
2166,1278.0,Northern Hawk Owl Amber,American Amber / Red Ale,12.0,0.058,,438,The Right Brain Brewery,Traverse City,MI
2167,1277.0,CEO Stout,American Stout,16.0,0.059,,438,The Right Brain Brewery,Traverse City,MI
2168,1276.0,Will Power Pale Ale,American Pale Ale (APA),16.0,0.047,,438,The Right Brain Brewery,Traverse City,MI
2169,1732.0,Curious Traveler Shandy,Shandy,12.0,0.044,,334,The Traveler Beer Company,Burlington,$$VT
2170,2347.0,Hunny Do Wheat,American Pale Wheat Ale,12.0,0.048,18.0,142,Third Street Brewhouse,Cold Spring,MN
2171,1781.0,Thre@@e Way Pale Al??e,American Pale Ale (APA),12.0,0.052,,142,Third Street Brewhouse,Cold Spring,MN
2172,6822.5215772157235,Rise to the Top,Cream Ale,12.0,0.041,,142,Third Street Brewhouse,Cold Spring,MN
2173,5372.484677268533,Lost Trout Brown Ale,American Brown Ale,12.0,0.049,,142,Third Street Brewhouse,Cold Spring,MN
2174,2421.0,Watermelon Ale,Fruit / Vegetable Beer,12.0,0.051,11.0,108,Thomas Hooker Brewing Company,Bloomfield,CT
2175,2319.0,Knotty Blonde Ale,American Blonde Ale,12.0,0.04,18.0,153,Three Creeks Brewing,Sisters,OR
2176,2317.0,Fivepine Chocolate Porter,American Porter,12.0,0.062,40.0,153,Three Creeks Brewing,Sisters,OR
2177,2316.0,Hoodoo Voodoo IPA,American IPA,12.0,0.062,82.0,461.6735471426714,Three Creeks Brewing,Sisters,OR
2178,1913.0,Hydraulion Red,Irish Red Ale,38.265545882960076,0.053,22.0,273,Three Notch'd Brewing Company,Charlottesville,VA
2179,1912.0,40 Mile IPA,American IPA,12.0,0.06,50.0,1366.3850918161068,Three Notch'd Brewing Company,Charlottesville,VA
2180,2617.0,Citra Faced,American Pale Wheat Ale,68.90592790596013,0.055,64.0,21,Three Pints Brewing,Martinsville,IN
2181,2616.0,Pole Barn Stout,Oatmeal Stout,16.0,0.055,31.0,21,Three Pints Brewing,Martinsville,IN
2182,2615.0,Pale,American Pale Ale (APA),16.0,0.054,37.0,21,Three Pints Brewing,Martinsville,IN
2183,2614.0,Yoshi's Nectar,California Common / Steam Beer,16.0,0.053,27.0,21,Three Pints Brewing,Martinsville,IN
2184,1889.0,Leatherhead Red,American Amber / Red Ale,12.0,0.052,,282,Thunderhead Brewing Company,Ke%arney,NE
2185,1222.0,Cropduster Mid-American IPA,American IPA,12.0,0.065,,282,Thunderhead Brewing Company,K??@@earney,NE
2186,122.0,Golden Frau Honey Wheat,Braggot,12.0,0.075,,282,Thunderhead Brewin%g Company,Kearney,NE
2187,121.0,Cornstalker Dark Wheat,American Dark Wheat Ale,12.0,,,282,Thunderhead Brewing Company,Kearney,NE
2188,14958.665588596075,Cafe Leche,American Porter,16.0,0.058,20.0,17,Tin Man Brewing Company,Evansville,IN
2189,2622.0,Damascene Apricot Sour,Fruit / Vegetable Beer,16.0,0.052,12.0,17,Tin Man Brewing Company,Evansville,IN
2190,2621.0,Csar,Russian Imperial Stout,16.0,0.12,90.0,17,Tin Man Brewing Company,Evansville,IN
2191,1817.0,Klingon Warnog Roggen Dunkel,Roggenbier,16.0,0.055,,17,#Tin Man Brewing Company,Evansville,IN
2192,1449.0,Overlord Imperial IPA,American Double / Imperial IPA,16.0,0.085,115.0,17,Tin Man Brewing Company,Evansville,IN
2193,951.0,Alloy,American IPA,16.0,0.058,36.0,17,Tin Man Brewing Company,Evansville,IN
2194,950.0,Rivet Irish Red Ale,Irish Re@@d Ale,16.0,0.051,22.0,17,Tin Man Brewing Company,Evansville,IN
2195,949.0,3 Gear Robust Porter,American Porter,16.0,0.052,240.395763480017,17,Tin Man Brewing Company,Evansville,IN
2196,948.0,Circuit Bohemian Pilsner,Czech Pilsener,16.0,0.17114285898267445,35.0,17,Tin Man Brewing Company,Evansville,IN
2197,2321.0,Turnrow Harvest Ale,American Blonde Ale,12.0,0.055,,152,Tin Roof Brewing Company,Baton Rouge,LA
2198,1755.0,Juke Joint IPA,Ame@@rica%n IPA,12.0,0.29975393198708566,60.0,152,Tin Roof Brewing Company,Baton Rouge,LA
2199,7653.39462427211,Parade Ground Coffee Porter,American Porter,12.0,0.07,35.0,152,Tin Roof Brewing Company,Baton #Rouge,LA
2200,1428.0,Tin Roof Watermelon Wheat,Fruit / Vegetable Beer,12.0,0.05,21.0,152,Tin Roof Brewing Company,Baton Rouge,LA
2201,529.0,Tin Roof Blonde Ale,American Blonde Ale,12.0,0.045,18.0,152,Tin Roof Brewing Company,Baton Rouge,LA
2202,495.0,Voodoo Bengal Pale Ale,American Pale Ale (APA),12.0,0.1738765164129764,37.0,152,Tin Roof Brewing Company,Baton Rouge,LA
2203,494.0,Perfect Tin Amber,American Amber $/ Red Ale,12.0,0.045,28.0,877.0739248040895,Tin Roof Brewing Company,Baton Rouge,LA
2204,1856.0,IPA & a Half,American IPA,12.0,0.073,87.0,291,Tommyknocker Brewery,Idaho Springs,CO
2205,736.0,Ornery Amber Lager (2003),Vienna Lager,12.0,0.055,33.0,291,Tommyknocker Brewery,Idaho Springs,CO
2206,1027.0,Big Island Shandy,Shandy,16.0,0.05,,1817.004842457091,Tonka Beer Company,Minnetonka,MN
2207,1026.0,Preservation IPA,American IPA,16.0,0.068,,1895.8009121848124,Tonka Beer Company,Minnetonka,MN
2208,1938.0,Almanac IPA,American IPA,12.0,0.062,72.0,265,Tractor Brewing Company,Albuquerque,NM
2209,1937.0,Milk Mustachio %Stout,Milk / Sweet Stout,12.0,0.065,,265,Tractor Brewing Company,Albuquerque,NM
2210,1936.0,Farmer's Tan Red Ale,American Amber / Re%d Ale,12.0,0.06,30.0,265,Tractor Brewing Company,Albuquerque,NM
2211,594.0,Triangle India Pale Ale,American IPA,12.0,0.057,,524,Triangle Brewing Company,Durham,NC
2212,114.0,Triangle White Ale,Witbier,12.0,0.05,,524,Triangle Brewing Company,Durham,NC
2213,113.0,Triangle Belgian Golden Ale,Belgian Strong Pale Ale,12.0,0.08,,524,Triangle Brewing Company,Durham,NC
2214,2445.0,Troegenator,Doppelbock,16.0,0.082,,97,Tröegs Brewing Company,Hershey,PA
2215,2444.0,Nugget Nectar,American Amber / Red Ale,16.0,0.075,93.0,97,Tröegs Brewing Company,Hershey,%PA
2216,2203.0,Sunshine Pils,American Pilsner,12.0,0.045,45.0,97,Tröegs Brewing Company,Hershey,PA
2217,1510.0,Troegenator Doublebock,Doppelbock,16.0,0.082,25.0,97,Tröegs Brewing Company,Hershey,PA
2218,1509.0,Perpetual IPA,American IPA,12.0,0.075,85.0,97,Tröegs Brewing Company,Hershey,PA
2219,433.0,Greenville Pale Ale,American Pale Ale (APA),12.0,0.055,52.0,539,Twin Lakes Brewing Company,Greenville,DE
2220,641.0,Hoppy Boy,Ame#$rican IPA,16.0,0.062,65.0,520,Twis#ted Pine Brewing Company,Boulder,CO
2221,2588.0,Cow Creek,American Amber / Red Lager,12.0,0.054,26.0,38,Twisted X Brewing Company,Dripping Springs,TX
2222,13846.63331667795,Chupahopra,American IPA,12.0,0.075,63.0,38,Twisted X Brewing Company,Dripping Springs,TX
2223,2212.0,Twisted X,American Adjunct Lager,12.0,0.051,19.0,38,Twisted X Brewing Company,Dripping Springs,TX
2224,2235.0,Day Hike Session,American IPA,12.0,0.041,41.0,190,Two Beers Brewing Company,Seattle,WA
2225,1661.0,Trailhead ISA,American IPA,12.0,0.048,48.0,190,Two Beers Brewing Co#mp%any,Seattle,WA
2226,1660.0,Immersion Amber,American Amber / Red Ale,12.0,0.052,27.0,190,Two Beers Brewing Company,Seattle,WA
2227,1659.0,Evo# IPA,American IPA,12.0,0.062,70.0,190,Two Beers Brewing Company,Seattle,WA
2228,1438.0,Presidential Pils,Czech Pilsener,12.0,0.048,,190,Two Beers Brewing Company,Seattle,WA
2229,1173.0,Evolutionary IPA (2012),American IPA,12.0,0.062,70.0,190,Two Beers Brewing Company,Seattle,WA
2230,560.0,Persnickety Pale,American Pale Ale (APA),12.0,0.057,36.0,190,Two Beers Brewing Company,Seattle,WA
2231,519.0,SoDo Brown Ale,American Brown Ale,12.0,0.054,20.0,190,Two Beers Brewing Company,Seattle,WA
2232,518.0,Immersio@@n Amber Ale (2011)%,American Amber / Red Ale,12.0,0.052,27.0,190,Two Beers Brewing Company,Seattle,WA
2233,505.0,Evolutionary IPA (2011),American IPA,12.0,0.062,70.0,190,Two Beers Brewing Company,Seattle,WA
2234,482.0,Trailhead India Style Session Ale (2011),American IPA,12.0,0.2056481459757068,48.0,190,Two Beers Brewing Company,Seattle,WA
2235,451.0,Panorama Wheat Ale,American Pale Wheat Ale,44.84758974136949,0.046,,190,Two Beers Brewing Company,Seattle,WA
2236,2497.0,Wobble,American IPA,66.54815188661973,0.063,69.0,74,Two Brothers Brewing Company,Warrenville,IL
2237,2246.0,Night Cat,American Dark Wheat Ale,12.0,0.058,43.0,74,Two Brothers Brewing Company,Warrenville,IL
2238,8155.297992091502,Night Cat (2014),American Dark Wheat Ale,12.0,0.058,43.0,74,Two Brother??s Brewing Company,Warrenville,IL
2239,1284.0,Dog Days Lager,Dortmunder / Export Lager,12.0,0.051,91.659553432623,74,Two Brothers Brewing Company,Warrenville,IL
2240,1121.0,Sidekick Extra Pale Ale,American Pale Ale (APA),12.0,0.051,36.0,74,Two Brothers Brewing Company,Warrenville,IL
2241,1042.0,Atom Smasher,Märzen / Oktoberfest,12.0,0.077,23.0,74,Two Brothers Brewing Company,Warrenville,IL
2242,1041.0,Testudo,Bière de Garde,12.0,0.045,,74,Two Brothers Brewing Company,Warrenville,IL
2243,1040.0,Hobnob B & B Pale Ale,American Pale Ale (APA),12.0,0.065,,74,Two Brothers Brewing Company,Warrenville,IL
2244,861.0,Cane and Ebel,American Strong Ale,64.46565862397486,0.07,68.0,74,Two Brothers Brewing Company,Warrenville,IL
2245,642.0,Outlaw IPA (2015),American IPA,12.0,0.065,,74,T#wo Brothers Brewing Company,Warrenville,IL
2246,2037.0,The Gilded Age,Munich Helles Lager,12.0,0.045,,243,Two Henrys Brewing Company,Plant City,FL
2247,1285.0,No Limits Hefeweizen,Hefeweizen,16.0,0.05,,435,Two Roads Brewing Company,Stratford,CT
2248,1189.0,Honeyspot Road White IPA,American White IPA,12.0,0.06,,435,Two Roads Brewing Company,Stratford,CT
2249,1171.0,Road 2 Ruin Double IPA,American Double / Imperial IPA,12.0,0.072,,435,Two Roads Brewing Company,Stratford,CT@@
2250,1170.0,Workers Comp Saison,Saison / Farmhouse Ale,12.0,0.048,,435,Two Roads Brewing Company,Stratford,CT
2251,1169.0,Ol' Factory Pils,German Pilsener,12.0,0.05,,435,Two Roads Brewing Company,Stratford,CT
2252,2310.0,PUNK'N,Pumpkin Ale,12.0,0.05,10.0,159,Uinta Brewing Company,Salt Lake City,UT
2253,2100.0,Yard Sale Winter Lager,American Amber / Red Lager,12.0,0.04,22.0,159,Uinta Brewing Company,Salt Lake City,UT
2254,1925.0,Trader Session IPA,American IPA,12.0,0.04,42.0,159,Uinta Brewing Company,Salt Lake City,UT
2255,1723.0,Hop Nosh IPA,American IPA,12.0,0.073,83.0,159,Uinta Brewing Company,Salt Lake City,UT
2256,1212.0,SUM'R,American Blonde Ale,12.0,0.04,17.0,159,Uinta Brewing Company,Salt Lake City,UT
2257,1097.0,Organic Baba Black Lager,Schwarzbier,12.0,0.04,32.0,159,Uinta Brewing Company,Salt Lake City,UT
2258,1089.0,Hop Notch IPA (2013),American IPA,12.0,0.073,82.0,159,Uinta Brewing Company,Salt Lake City,UT
2259,1088.0,Cutthroat Pale Ale,American Pale Ale (APA),12.0,0.04,34.0,159,Uinta Brewing Company,Salt Lake City,UT
2260,974.0,WYLD Extra Pale Ale,American Pale Ale (APA),12.0,0.04,29.0,159,Uinta Brewing Company,Salt Lake City,UT
2261,98.0,Pilsner Ukiah,German Pilsener,12.0,0.055,,555,Ukiah Brewing Company,Ukiah,CA
2262,7595.80057728403,The %Green$ Room,American IPA,16.0,0.06,75.0,126,Uncle Billy's Brewery and Smokeh...,Austin,TX
2263,2367.0,Humbucker Helles,Maibock / Helles Bock,16.0,0.047,25.0,126,Uncle Billy's Brewery and Smokeh...,Austin,TX
2264,1704.0,Uncle John's Apple Cherry Cider,Cider,16.0,0.065,,338,Uncle John's Fruit House Winery,St. John's,MI
2265,1703.0,Uncle John's Apricot Apple Cider,Cider,16.0,0.38649403266996185,,338,Uncle Joh%n's Fruit ??House Winery,St. John's,MI
2266,877.0,Draught Hard Apple Cider,Cider,16.0,0.065,,338,Uncle John's Fruit House Winery,St. John's,MI
2267,606.0,Scotty K NA,Low Alcohol Beer,16.0,0.001,,522,Uncommon Brewers,Santa Cruz,CA
2268,543.0,Bacon Brown Ale,American Brown Ale,16.0,0.068,,522,Uncommon Brewers,Santa Cruz,CA
2269,347.0,Golden State Ale,Belgian Pale Ale,16.0,0.2665826219626765,,522,Uncommon Brewers,Santa Cruz,CA
2270,346.0,Baltic Porter,Baltic Porter,16.0,0.3904947716623257,,522,Uncommon Brewers,Santa Cruz,CA
2271,25.0,Siamese twin,Dubbel,16.0,0.40020287461444615,,2688.194428240789,Uncommo%n Brewers%,Santa Cruz,CA
2272,2507.0,Double Duc%kpin,American Double / Imperial IPA,12.0,0.085,90.0,71,Union Craft Brewing$,#Baltimore,MD
2273,2506.0,Old Pro,Gose,12.0,0.21558353184748363,10.0,71,Union Craft Brewing,Baltimore,MD
2274,829.0,Duckpin Pale Ale,American Pale Ale (APA),12.0,0.055,,71,Union Craft Brewing,Baltimore,MD
2275,582.0,Balt Altbier,Altbier,12.0,0.06,,71,Union Craft Brewing,Baltimore,MD
2276,2190.0,Campside Session IPA,American IPA,16.0,0.045,50.0,202,Upland Brewing Company,Bloomington,IN
2277,1951.0,Upland Wheat Ale,Witbier,16.0,0.045,15.0,202,Upland Brewing Company,Bloomington,IN
2278,1950.0,Dragonfly IPA,American IPA,16.0,0.06,,202,Upland Brewing Company,Bloomington,IN
2279,2565.0,Lee Hill Series Vol. 5 - Belgian Style Quadrupel Ale,Quadrupel (Quad),19.2,0.128,,288.07193303582665,Upslope Brewing Company,Boulder,CO
2280,2564.0,Lee Hill Series Vol. 4 - Manhattan Style Rye Ale,Rye Beer,19.2,0.104,,265.89622366360913,Upslope Brewing Company,Boulder,CO
2281,2563.0,Lee Hill Series Vol. 2 - Wild Saison,American Wild Ale,19.2,0.068,24.0,51,Upslope Brewing Compan@@y#,Boulder,CO
2282,2562.0,Lee Hill Series Vol. 3 - Barrel Aged Imperial Stout,American Double / Imperial Stout,19.2,0.099,51.0,51,Upslope Brewing Company,Boulder,CO
2283,2561.0,Lee Hill Series Vol. 1 - Barrel Aged Brown Ale,American Brown Ale,19.2,0.076,,51,Upslope Brewing Company,Boulder,CO
2284,2560.0,Blood Orange Saison,Saison / Farmhouse Ale,71.19586925134365,0.06,,51,Upslope Brewing Company,Boulder,C#%O
2285,1932.0,Thai Style White IPA,American White IPA,12.0,0.065,33.0,51,Upslope Brewing Company,Boulder,CO
2286,1853.0,Ferus Fluxus Wild Belgian Pale Ale,American Wild Ale,19.2,0.075,30.0,51,Upslope Brewing Company,Boulder,CO
2287,1315.0,Upslope Imperial India Pale Ale,American% Double / Imperial I%PA,19.2,0.099,467.6746357300862,51,Upslope Brewing Company,Boulder,CO
2288,907.0,Upslope Christmas Ale,Winter Warmer,16.0,0.082,,51,Upslope Brewing Company,Boulder,CO
2289,906.0,Upslope Pumpkin Ale,Pumpkin Ale,48.16882393121787,0.077,,51,Upslope Brewing Company,Boulder,CO
2290,683.0,Upslope Belgian Style Pale Ale,Belgian Pale Ale,12.0,0.075,30.0,51,Upslope Brewing Company,@@Boulder,CO
2291,614.0,Upslope Foreign Style Stout,Foreign / Export Stout,12.0,0.069,,51,Upslope Brewing Company,Boulder,CO
2292,466.0,Top Rope Mexican-style Craft Lager,Vienna Lager,12.0,0.048,15.0,51,Upslope Brewing Company,Boulder,CO
2293,444.0,Upslope Craft Lager,Vienna Lager,43.6016143076731,0.048,22.0,51,Upslope Brewing Company,@@B$oulder,CO
2294,345.0,Upslope Brown Ale,English Brown Ale,12.0,0.067,,51,Upslope Brewing Company,??Boulder,CO
2295,80.0,Upslope Pale Ale,American Pale Ale (APA),12.0,0.058,,51,Upslope Brewing Company,Boulder,CO
2296,316.8143373176345,Upslope India Pale Ale,American IPA,12.0,0.072,,51,Upslope Brewing Company,B%oulder,CO
2297,382.0,Common Sense Kentucky Common Ale,American Brown Ale,16.0,0.053,22.0,546,Upstate Brewing Company,Elmira,NY
2298,381.0,Upstate I.P.W.,American IPA,12.0,0.065,231.15135692481456,546,Upstate Brewing Company,Elmira,NY
2299,1826.0,Squatters Full Suspension Pale Ale,American Pale Ale (APA),55.59945853425183,0.04,,302,Utah Brewers Cooperative,Salt Lake City,UT
2300,1825.0,Squatters Hop Rising Double IPA,American Double / Imperial IPA,12.0,0.09,75.0,302,Utah Brewers Cooperative,Salt Lake City,UT
2301,1824.0,Devastator Double Bock,Doppelbock,12.0,0.08,,302,Utah Brewers Cooperative,Salt Lake City,UT
2302,1823.0,Wasatch Ghostride#r White IPA,American White IPA,12.0,0.06,,302,Utah Brewers Cooperative,Salt Lake City,UT
2303,1682.0,Wasatch Ghostrider White IPA (2014),American White IPA,12.0,0.06,,302,Utah Brewers Cooperative,Salt Lake City,UT
2304,1681.0,Wasatch Apricot Hefeweizen,Fruit / Vegetable Beer,12.0,0.04,,302,Utah Brewers Cooperative,Salt Lake City,UT
2305,1680.0,Squatters Hop Rising Double IPA (2014),American Double / Imperial IPA,12.0,0.09,75.0,302,Utah Brewers Cooperative,Salt Lake City,UT
2306,1679.0,Squatters Full Suspension Pale Ale,American Pale Ale (APA),12.0,0.04,,302,Utah Brewers Cooperative,Salt Lake City,UT
2307,2245.0,#Nunic@@a Pine,Cider,16.0,0.068,,185,Vander Mill Ciders,Spring Lake,MI
2308,2244.0,Ginger Peach,Cider,16.0,0.069,,185,Vander Mill Ciders,Spring Lake,MI
2309,1378.0,Totally Roasted,Cider,16.0,0.068,,185,Vander Mill Ciders,Spring Lake,MI
2310,1377.0,Blue Gold,Cider,16.0,0.068,,185,Vander Mill Ciders,Spring Lake,MI
2311,1376.0,Hard Apple,Cider,16.0,0.068,,185,Vander Mill Ciders,Spring Lake,MI
2312,2411.0,Nitro Can Coffee Stout,American Stout,12.0,0.052,,618.345201347456,Vault Brewing Company,Yardley,PA
2313,1770.0,Voodoo Love Child,Tripel,12.0,0.092,25.0,322,Voodoo Brewery,Meadville,PA
2314,1769.0,White Magick of the Sun,Witbier,12.0,0.3158563130197537,23.0,322,Voodoo Brewery,Meadville,PA
2315,1730.0,Wynona's Big Brown Ale,American Brown Ale,12.0,0.075,31.0,1428.8944556938534,Voodoo Brewery,Meadville,PA
2316,1729.0,Gran Met,Belgian Strong Pale Ale,12.0,0.092,25.0,322,Voodoo Brewery,Meadville,PA
2317,1603.0,Good Vibes IPA,American IPA,12.0,0.073,500.52027362713744,322,Voodoo Brewe??ry,Meadville,PA
2318,1488.0,Pilzilla,American Double / Imperial Pilsner,12.0,0.075,85.0,322,Voodoo Brewery,Meadville,PA
2319,1846.0,Wachusett Light IPA,American IPA,12.0,0.04,37.0,295,Wachusett Brewing Company,Westminster,MA
2320,1845.0,Green Monsta IPA,American IPA,12.0,0.06,289.88400592724935,295,Wachusett Brewing Company,Westminster,MA
2321,7959.016908276827,Wachusett IPA,American IPA,12.0,0.056,50.0,295,Wachusett Brewing Company,Westminster,M$A??
2322,1843.0,Strawberry White,Witbier,12.0,0.047,,295,Wachusett Brewing Company,Westminster,MA
2323,1418.0,Larry Imperial IPA,American Double / Imperial IPA,12.0,0.085,85.0,1031.7009256313142,Wachusett Brewing Company,Westminster,MA
2324,1038.0,Wachusett Summer,American Pale Wheat Ale,12.0,0.047,,295,Wachusett Brewing Company,Westminster,MA
2325,1030.0,Country Pale Ale,English Pale Ale,12.0,0.051,17.0,295,Wachusett Brewing Company,Westminster,MA
2326,1029.0,Wachusett Light IPA (2013),American IPA,12.0,0.04,37.0,295,Wachusett Brewing Company,Westminster,M??A
2327,908.0,Pumpkan,Pumpkin Ale,12.0,0.052,20.0,295,Wachusett Brewing Company,Westminster,MA
2328,619.0,Wachusett Blueberry Ale,Fruit / Vegetable Beer,12.0,0.045,10.0,295,Wachusett Brewing Company,Westminster,MA
2329,618.0,Gre$%en Monsta IPA,American IPA,12.0,0.06,55.0,295,Wachusett Brewing Company,Westminster,MA
2330,780.0,T-6 Red Ale ($2004),American Amber / Red Ale,12.0,0.047,,506,Warbird Brewing Company,Fort Wayne,IN
2331,2450.0,Self Starter,American IPA,16.0,0.052,67.0,94,Warped Wing Brewing Company,Dayton,OH
2332,2223.0,Ermal's,Cream Ale,16.0,0.054,20.0,94,Warped Wing Brewing Comp$any,Dayton,OH
2333,2222.0,10 Ton,Oatmeal Stout,16.0,0.07,,94,Warped Wing Brewing Company,Dayton,OH
2334,2221.0,Flyin' Rye,American IPA,16.0,0.07,,94,Warped Wing Brewing Company,Dayton,OH
2335,2439.0,Christmas Ale,Herbed / Spiced Beer,12.0,0.09,,100,West Sixth Brewing,Lexington,KY
2336,2356.0,Pay It Forward Cocoa Porter,American Porter,60.53240653144438,0.07,,100,West Sixth Brewing,Lexington,KY
2337,1069.0,West Sixth Amber Ale,American Amber / Red Ale,12.0,0.055,,100,West Sixth Brewing,Lexington,KY
2338,652.0,West Sixth IPA,American IPA,12.0,,,100,West Sixth Brewing,Lexington,KY
2339,1542.0,One Claw,American Pale Ale (APA),12.0,0.055,,384,Westbrook Brewing Company,Mt. Pleasant,SC
2340,1312.0,We$stbr#ook Gose,Gose,12.0,0.04,5.0,384,Westbrook Brewing Company,Mt. Pleasant,SC
2341,576.0,White Thai,Witbier,12.0,0.05,16.0,384,Westbrook Brewing Company,Mt. Pleasant,SC
2342,575.0,Westbrook IPA,American IPA,12.0,0.068,65.0,384,Westbrook Brewing Company,Mt. Pleasant,SC
2343,1645.0,Westfield Octoberfest,Märzen / Oktoberfest,12.0,0.057,22.0,351,Westfield River Brewing Company,Westfield,MA
2344,1551.0,Pop's Old Fashioned Lager,American Amber / Red Lager,12.0,0.052,,351,Westfield River Brewing Company,Westfield,MA
2345,1550.0,Charlie in the Rye,American IPA,12.0,0.058,55.0,351,Westfield River Brewing Company,Westfield,MA
2346,2364.0,Royal Lager,Ame@@rican P%ale Lager,16.0,,,132,Weston Brewing Company,Weston,MO
2347,2348.0,Rip Van Winkle (Current),Bock,12.0,0.08,,132,Weston Brewing Company,Weston,MO
2348,2344.0,O’Malley’s Stout,English Stout,12.0,,,132,Weston Brewing Company,Weston,MO
2349,2343.0,O’Malley’s IPA,American IPA,12.0,0.075,89.0,132,Weston Brewing Company,Weston,MO
2350,2342.0,O’Malley’s Irish Style Cream Ale,Cream Ale,12.0,,,132,Weston Brewing Company,Weston,MO
2351,2341.0,L'il Lucy's Hot Pepper Ale,Chile Beer,12.0,0.049,28.0,132,Weston Brewing Company,Weston,MO
2352,2340.0,Drop Kick Ale,American Amber / Red Ale,12.0,0.052,,132,Weston Brewing Company,Weston,MO
2353,9663.552333813774,Raspberry Berliner Weisse,Berliner Weissbier,12.0,0.055,,47,White Birch Brewing,Hooksett,NH
2354,2572.0,Hop Session,American IPA,12.0,0.05,,47,White Birch Brewing,Hooksett,NH
2355,2571.0,Blueberry$ Berliner Weisse,Berliner Weissbier,12.0,0.055,,47,White Birch Brewing,Hooksett,NH
2356,2570.0,Berliner Weisse,Berliner Weissbier,12.0,0.055,,47,White Birch Brewing,Hooksett,NH
2357,1498.0,Super G IPA,American IPA,16.0,0.06,,2221.6111157558867,White Fla$me Brewing Com??pany,Hudsonville,MI
2358,1838.0,Hefe Lemon,Radler,12.0,0.049,30.0,296,Widmer Brothers Brewing Company,Portland,OR
2359,1837.0,Hefe Black,Hefeweizen,12.0,0.049,30.0,296,Wid??mer Brothers Brewing Company,Portland,OR
2360,1836.0,Widmer Brothers Hefeweizen,Hefeweizen,12.0,0.049,136.08203380705982,296,Widmer Brothers Brewing Company,Portland,OR
2361,1619.0,Hop Slayer Double IPA,American Double / Imperial IPA,12.0,0.082,331.8192312794887,361,Wild Onion Brewing Company,Lake Barrington,IL
2362,1618.0,Pumpkin Ale,Pumpkin Ale,12.0,0.045,,361,Wild Onion Brewing Company,Lake Barrington,IL
2363,1364.0,Big Bowl Blonde Ale,American Brown Ale,12.0,0.05,,361,Wild Onion Brewing Company,Lake Barrington,IL
2364,971.0,Phat Chance,American Blonde Ale,12.0,0.052,27.0,361,Wild Onion Brewing Company,Lake Barrington,IL
2365,740.0,Hop Slayer Double IPA (2011),American Double / Imperial IPA,12.0,0.082,100.0,1097.478961033285,Wild Onion Brewing Company,Lake Barrington,IL
2366,430.0,Hop Slayer Double IPA (2011),American Double / Imperial IPA,12.0,0.082,100.0,361,Wild Onion Brewing Company,Lake Barrington,IL
2367,398.0,Wild Onion Summer Wit,Witbier,12.0,0.042,13.0,361,Wild Onion Brewing Company,Lake Barrington,IL
2368,366.0,Jack Stout,Oatmeal Stout,12.0,0.06,23.0,361,Wild Onion Brewing Company,Lake Barrington,IL
2369,334.0,Wild Onion Pumpkin Ale (2010),Pumpkin Ale,12.0,0.045,,361,Wild Onion Brewing Company,Lake Barrington,IL
2370,578.7690008610601,Paddy Pale Ale,American #Pale Ale (APA),12.0,0.056,41.0,361,Wil%d Onion Brewing Company,Lake Barrington,IL
2371,2253.0,Blonde Hunny,Belgian Pale Ale,12.0,0.068,21.0,181,Wild Wolf Brewing Company,Nellysford,VA
2372,1318.0,Wild Wolf Wee Heavy Scottish Style Ale,Scotch Ale / Wee Heavy,12.0,0.057,20.0,181,Wild Wolf Brewing Company,Nellysford,VA
2373,1195.0,Wild Wolf American Pilsner,American Pilsner,12.0,0.045,25.0,181,Wild Wolf Brewing Company,Nellysford,VA
2374,1194.0,Alpha Ale,American Pale Ale (APA),12.0,0.051,45.0,181,Wild Wolf Brewing Company,Nellysford,VA
2375,826.0,Mystical Stout,Irish Dry Stout,16.0,0.054,,499,Wildwood Brewing Company,Stevensville,MT
2376,825.0,Bodacious Bock,Bock,16.0,0.075,,499,Wildwood Brewing Company,Stevensville,MT
2377,813.0,Ambitious Lager,Munich Helles Lager,16.0,0.05,,499,Wildwood Brewing Company,Stevensville,MT
2378,324.0,Wyoming Pale Ale,American Pale Ale (APA),16.0,0.072,,550,Wind River Brewing Company,Pinedale,WY
2379,323.0,Wind River Blonde Ale,American Blonde Ale,16.0,0.05,,550,Wind River Brewing Company,Pinedale%,WY
2380,762.0,Ace IPA,Ameri??can IPA,16.0,0.074,83.0,509,Wingman Brewers,Tacoma,WA
2381,761.0,P-51 Porter,American Porter,16.0,0.08,31.0,509,Wingman Brewers,Tacoma,WA
2382,2149.0,#001 Golden Amber Lager,American Amber / Red Lager,12.0,0.055,,211,Wisc#onsin B#rewing Company,Verona,WI%??
2383,2148.0,#002 American I.P.A.,American IPA,12.0,0.071,60.0,211,Wi#sconsin Brewing ??Company,Verona,WI
2384,2147.0,#003 Brown & Robust Porter,American Porter,12.0,0.052,,211,Wisconsin Brewing Company,Verona,WI
2385,2146.0,#004 Session I.P.A.,American IPA,12.0,0.048,38.0,1194.668449599697,Wisconsin Brewing Company,Verona,WI
2386,2047.0,Tarasque,Saison / Farmhouse Ale,12.0,0.059,,239,Wiseacre Brewing Company,Memphis,TN
2387,1470.0,Ananda India Pale Ale,American IPA,12.0,0.062,61.0,239,Wiseacr#e Brewing Company,Memphis,TN
2388,1469.0,Tiny Bomb,American Pilsner,12.0,0.045,23.0,239,Wiseacre# Brewin$g Company,Memphis,TN
2389,2627.0,Train Hopper,American IPA,12.0,0.058,72.0,14,Witch's Hat Brewing Company,South Lyon,MI
2390,2626.0,Edward’s Portly Brown,American Brown Ale,12.0,0.19368598992201505,,14,Witch's Hat Brewing Company,South Lyon,MI
2391,1676.0,Troopers Alley IPA,American@@ IPA,12.0,0.059,135.0,344,Wolf Hills Brewing Company,Abingdon,VA
2392,1468.0,Wolverine Premium Lager,American Pale Lager,12.0,0.047,15.0,402,Wolverine State Brewing Company,Ann Arbor,MI
2393,822.0,Woodchuck Amber Hard Cider,Cider,12.0,0.05,,501,Woodchuck Hard Cider,Middlebury,VT
2394,2417.0,4000 Footer IPA,American IPA,12.0,0.065,82.0,109,Woodstock Inn Station & Brewery,North Woodstock,NH
2395,2306.0,Summer Brew,American Pilsner,12.0,0.028,15.0,109,Woodstock Inn Station & Brewery,North Woodstock,NH
2396,1697.0,Be Hoppy IPA,American IPA,16.0,0.065,69.0,339,Wormtown Brewery,Worcester,MA
2397,2194.0,Worthy IPA,American IPA,12.0,0.069,69.0,199,Worthy Brewing Company,Bend,OR
2398,1514.0,Easy Day Kolsch,Kölsch,12.0,0.045,25.0,199,Worthy Brewing Company,Bend,OR
2399,1513.0,Lights Out Vanilla Cream Extra Stout,American Double / Imperial IPA,12.0,0.077,30.0,199,Worthy Brewing Company,Bend,OR
2400,1512.0,Worthy IPA (2013),American IPA,51.55124162987384,0.069,69.0,199,Worthy Brewing Company,Bend,OR
2401,1511.0,Worthy Pale,American Pale Ale (APA),12.0,0.06,50.0,199,Worthy Brewing Company,Bend,OR
2402,1345.0,Patty's Chile Beer,Chile Beer,12.0,0.042,,424,Wynkoop Brewing Company,Denver,CO
2403,1316.0,Colorojo Imperial Red Ale,American Strong Ale,12.0,0.082,,424,Wynkoop Brewing Company,Denver,CO
2404,1045.0,Wynkoop Pumpkin Ale,Pumpkin Ale,12.0,0.055,,424,Wynkoop Brewing Company,Denver,CO
2405,1035.0,Rocky Mountain Oyster Stout,American Stout,12.0,0.075,,424,Wynkoop Brewing Company,Denver,CO
2406,928.0,Belgorado,Belgian IPA,12.0,0.067,45.0,424,Wynkoop Brewing Company,Denver,@@CO%
2407,807.0,Rail Yard Ale,American Amber / Red Ale,12.0,0.052,,424,Wynkoop Brewing Company,Denver,@@CO??
2408,620.0,B3K Black Lager,Schwarzbier,12.0,0.055,,2147.634907408324,Wynkoop Brewing Company,Denver,CO
2409,145.0,Silverback Pale Ale,American Pale Ale (APA),12.0,0.055,40.0,2261.703821746026,Wynkoop Brewing Company,Denver,CO
2410,84.0,Rail Yard Ale (2009),American Amber / Red Ale,12.0,0.052,,424,Wynkoop Brewing Company,Denver,CO
