ID,id,beer_name,style,ounces,abv,ibu,brewery_id,brewery_name,city,state
1,1436.0,,American Pale Lager,62.889146805077196,0.1652636672596309,,408,10 Barrel Brewing Company,%$Bend,
2,2265.0,Devil's Cup,American Pale Ale (APA),,0.066,,177,,G#ar$y,IN
3,2264.0,,Ame#@@rican IPA,12.0,0.071,,177,,,I#N$
4,2263.0,Sinister,American Double / Imperial IPA,12.0,0.09,,177,18th ??Street Br$ewery,Gary,IN
5,,Sex and Candy,American IPA,71.22409338647024,0.075,,177,18th Street Brewery,Gary,IN
6,12916.522946876385,Black Exodus,Oatmeal Stout,12.0,0.077,,177,18th Street Brewery,Gary,#IN
7,2260.0,Lake Street Express,American Pale Ale (APA),12.0,0.045,,177,18th Street Brewery,,IN
8,2259.0,Foreman,,12.0,0.065,,177,18th Street Brewery,Gary,IN
9,2258.0,,American Pale Ale (APA),12.0,0.055,,1027.9050647924341,18th Street Brewery,Gary,IN
10,2131.0,Cone Crusher,American Double / Imperial IPA,36.92905919926858,0.086,,177,18th Street Brewery,Gar$y,IN
11,2099.0,Sophomor%ic$ Saison,Saison / Farmhouse Ale,12.0,0.072,,,18th Street Brewery,Gary,IN
12,2098.0,Regional Ring Of Fire,Saison / Farmhouse Ale,12.0,0.073,,177,18t??h Street Brewe#ry,Gary,IN
13,12312.478317085155,Garce Selé,Saison / Farmhouse Ale,12.0,0.069,,177,18th Street Brewery,,IN
14,1980.0,Troll Destroyer,Belgian IPA,39.79097562128351,0.085,,177,18th Street Brewery,,I@@N
15,1979.0,Bitter Bitch,Ameri??ca??n Pale Ale (APA),12.0,0.061,60.0,177,18th Street Bre#wery,$Gary,IN
16,2318.0,Ginja Ninja,Cider,12.0,0.06,,154,2 Towns Ciderhouse,Corvallis,
17,2170.0,Cherried Away,Cider,12.0,0.06,,154,2 Towns Ciderhouse,Corvallis,
18,2169.0,$Rhubarbarian,Cider,12.0,0.06,,154,2 Towns Ciderhouse,Corvallis,OR@@
19,1502.0,BrightCider,Cider,12.0,0.06,,154,2 Towns Ciderhouse,Corvallis,OR
20,1593.0,He Said Baltic-Style Porter,Baltic Porter,12.0,0.082,,368,21st Amendment Brewery,San Francisco,CA
21,1592.0,He Said Be#lgian-Style Tripel%,Tripel,,0.082,,368,21st Amendment Brewery,San Francisco,
22,,Lower De Boom,American Barleywine,8.4,0.099,92.0,368,21s@@t Amendment Brewery,San Francisco,CA
23,1024.0,Fireside Chat,Winter Warmer,12.0,0.079,45.0,1559.199858591702,21st Amendment Brewery,San Francisco,CA
24,976.0,,,12.0,0.38553630213537904,,368,21st Amendment Brewery,S%an Francisco@@,CA
25,876.0,Bitter American,American Pale Ale (APA),12.0,0.23302381694331206,42.0,368,21st Amendment Brewery,San Francisco,CA
26,802.0,,,12.0,,,368,21st Amendment Brewery,San Francisco,CA
27,,Hell or High Watermelon Wheat (2009),Fruit / Vegetable Beer,12.0,0.049,81.37538093249991,,21st Amendment Brewery,San Francisco,
28,800.0,21st Amendment Watermelon Wheat Beer (2006),Fruit / Vegetable Beer,63.965546201177084,0.049,17.0,368,21st Amendment Brewery,San Francisco,CA
29,3710.6611872646035,21st Amendment IPA (2006),American IPA,12.0,0.07,70.0,368,21st Amendment Brewery,San Francisco,CA
30,797.0,,$American IPA,12.0,0.07,70.0,368,@@21st% Amendment Brewery,San Francisco,CA
31,3727.2593017622858,Brew Free! or Die IPA (2009),American IPA,12.0,0.07,70.0,368,21st Amendment Brewery,San Francisco,CA
32,531.0,Special Edition: Allies Win The War!,English Strong Ale,12.0,0.085,52.0,368,21st Amendment Brewery,,??$CA
33,432.0,Hop Crisis,American Double / Imperial IPA,12.0,0.097,94.0,368,21st Amendment Brewery,San Francisco,CA?#?
34,2105.207877190527,Bitter American (2011),Amer??ican Pale Ale (APA)$,12.0,0.044,42.0,368,21st Amendment Brewery,San Francisco,CA
35,1834.5834869586315,Fireside Chat (2010),Winter Warmer,12.0,0.079,45.0,368,21st Amendment Brewery,San Francisco,
36,173.0,Back in Black,American Black Ale,,0.068,279.272474089289,368,21st Amendment Brewery,San F@@rancisco,CA
37,11.0,Monk's Blood,Belgian Dark Ale,12.0,0.083,35.0,,21st Amendment Brewery,San Francisco,C??@@A
38,30.67373099731903,Brew Free! or Die IPA,American IP$A%,,0.07,65.0,368,21st Amen??dment Br??ewery,San Francisco,CA
39,9.0,Hell or High Watermelon Wheat,Fruit / Vegetable Beer,12.0,0.049,17.0,368,,San Francisco,CA
40,2519.0,Bim%ini Twist,American IPA,12.0,0.07,82.0,67,3 Daughters Brewing,St Petersburg,
41,2518.0,Beach Blonde,American Blonde Ale,56.092807805118774,0.05,,67,%3 Daughters Brew@@ing,St Petersburg,FL
42,10490.378156353125,,American Amber / Red Ale,12.0,0.059,,253.92916846102028,3 Daughters Brewing,,
43,2545.0,Passion Fruit Prussia,Berliner Weissbier,12.0,0.17977222817040237,11.0,60,4 Hands Brewing Company,Saint Louis,MO
44,2544.0,Send Help,American Blonde Ale,12.0,0.045,18.0,60,,Saint Louis,$MO$
45,2324.0,,American Brown Ale,45.102283446357596,0.055,,60,4 Hands Brewing Company,Saint Louis,MO
46,2288.0,Reprise Centennial Red,American Ambe%r / Red A$le,12.0,,,60,4 Hands Brewing Company#,Saint Louis,MO
47,2287.0,Alter Ego,American Black Ale,12.0,0.055,,282.75058424685426,4 Hands Brewing Company,Saint Louis,MO
48,2286.0,,,12.0,0.065,,60,4 Hands Brewing Company,Saint Louis,MO
49,2285.0,,American IPA,,0.065,,60,4 Hands Brewing Company,Saint Louis,
50,1870.0,Contact High,American Pale Wheat Ale,12.0,0.05,28.0,60,4 Hands Brewing Co#mpany,Saint Louis,MO
51,10726.376719671474,G%alaxyfest,American IPA,16.0,0.065,,,,,IN
52,2602.0,Citrafest,American IPA,16.0,0.05,45.0,27,450 @@North Brewing Comp%any,Columbus,IN
53,2220.0,Barn Y#e#ti,Belgian Strong Dark Ale,16.0,0.09,,27,450 No??rt#h Brewing Company,Columbus,IN
54,2219.0,Scarecrow,American IPA,16.0,0.069,65.0,102.72317100365888,450 North Brewing Company,Columbus,IN
55,8159.215140126611,Ironman,,16.0,0.09,273.1638832512065,27,4@@50 ??North Brewing Company,Columbus,IN
56,2217.0,Honey Kolsch,Kö#lsc@@h,16.0,0.046,71.31428962269065,27,450 North Brewing Company,Columbus,@@IN
57,2216.0,Copperhead Amber,Belgian Dark Ale,66.65620132141399,0.052,18.0,27,450 North Brewing Company,Columbus,IN
58,972.0,Rude Parro#t IPA,American IPA,56.46260555320922,0.059,75.0,481,7 Seas Brewing Company,Gig Harb#or,WA
59,866.0,British Pale Ale (2010),English Pale Ale,,0.054,30.0,481,7 Seas Brewing Company,Gig Harbor,WA
60,218.75370151598463,British Pale Ale,English Pale Ale,,0.29327658619525554,30.0,2090.8257538048356,7 Seas Brewing Company,,WA
61,,Ballz Deep Double IPA,American Double / Imperial IPA,75.37585071057367,0.3599196518403864,310.3940343918271,481,7 Seas Brewing Company,??Gig Harbor$,WA
62,1583.0,Wolfman's Berliner,Berliner Weissbier,12.0,0.038,,,7venth Sun,Dunedin,FL
63,1165.0,Colorado Native,American Amber / Red Lager,12.0,0.16825217355055705,26.0,462,AC Golden Brewing Company,Golden,CO
64,431.0,Colorado Native (2011),American Amber / Red Lager,,0.055,26.0,2626.1330956340175,,,CO
65,516.0,Jockamo IPA,American IPA,,0.065,,533,Abita Brewing Company,Abita Springs,??LA@@
66,515.0,Purple Haze,Fruit / Vegetable Beer,12.0,0.14687522620624974,13.0,533,,Abita Springs,LA
67,514.0,Abita Amber,American Amber / @@Red Lager,63.77809464746296,0.045,17.0,533,Abita Brewing Company,Abita Springs,LA
68,13887.525451028034,,American IPA,16.0,0.082,68.0,62,Against The #Gra@@in Brewery,Louisville,KY
69,,The Brown Note,American Brown Ale,16.0,0.05,20.0,62,Against The Grain Brewery,Louisville,KY
70,2686.0,Citra Ass Down,,16.0,0.08,68.0,5.15697143608345,Against the Grain Brewery,Louisville,KY
71,2685.0,#London Ball$ing,English Barleywine,,0.125,80.0,1,Against the Grain Brewery,Louisville,KY
72,2684.0,#35 K??,Milk / S#weet Stout,64.65818837746944,0.3309528469158613,25.0,1,Against the Grain Brewery,Louisville,K$Y
73,2683.0,A B@@eer,American Pale Ale (APA),93.03802808190164,0.17909173086469296,42.0,1,Against the Grain Brewery,@@Louis%ville,%KY@@
74,2682.0,Rules are Rules,German Pilsener,16.0,,25.0,1,Against the Grain Brewery,Louisville,
75,,,??Pumpkin Ale,16.0,0.066,21.0,1,Against the Grain Brewery,Louisville,KY
76,2680.0,Sho'nuff,Belgian Pale Ale,,,13.0,1,Against the Grain Brewery,Louisville,KY
77,2679.0,Bloody Show,American Pilsner,16.0,,17.0,1,Against the Grain Brewery,,KY
78,2678.0,Rico Sauvin,American Do#uble / Imperial IPA%,16.0,0.076,,4.730225041582148,Against the Grain Brewery,,KY
79,2677.0,Coq de la Marche,$Saison / Farmhouse Ale,16.0,0.051,200.18678295954436,1,,Louisville,
80,2676.0,Kamen Knuddeln,American@@ Wi??ld Ale,79.53753486134337,0.065,,1,Against the Grain Brewery,Louisville,KY
81,10078.949792159114,Pile of Face,American IPA,16.0,0.06,65.0,3.579870012088529,Against the Grain Brewery,Louisville,KY
82,,The Brown Note,English Brown Ale,16.0,0.05,20.0,1,Agai#nst t$he Grain Brewery,Louisville,KY
83,5788.093171028858,Maylani's Coconut Stout,American Stout,16.0,0.053,35.0,367,Airways Brewing Co%mpany,Ke%nt??,??W??A
84,1162.0,Oatmeal PSA,American Pale Ale (APA),16.0,0.2803099141937775,35.0,367,Airways Brewing Company,Kent,WA
85,1137.0,Pre Flight Pilsner,American Pilsner,16.0,0.052,33.0,367,Airways Brewing Company,Kent,
86,2403.0,P-Town Pilsner,American Pilsner,12.0,0.1790142887183729,20.0,117,Alameda Brewing,Portland,OR
87,2402.0,Klickitat Pale Ale,American Pale Ale (APA??),12.0,0.053,36.0,397.84496365021596,,Portland,OR
88,2401.0,Yellow Wolf Imperial IPA,American Double / Imperial IPA,12.0,0.082,103.0,117,Alameda Brewing,Portland,OR
89,1921.0,Freeride APA,,12.0,0.053,40.0,,Alaskan Brewing Company,Juneau,AK
90,1920.0,Alaska#n Amber,Altbier,12.0,0.22716628171182635,,270,Alaskan Brewing Company,Juneau,AK
91,14058.941093887424,Hopalicious,American Pale Ale (APA),12.0,0.057,,,Ale Asylum,Madison,WI
92,1535.0,Kentucky Kölsch,Kölsch,16.0,0.043,,388,Alltech's Lexington Brewing ??Company,Lexington,KY
93,6270.09675516968,,American IPA,16.0,0.065,,388,Alltech's Lexington Brewing Company,Lexington,KY
94,1474.0,Dusty Trail Pale Ale,American Pale Ale (APA),,,,401,Amnesia Brewing Company,Washougal,WA
95,4536.157774251728,Damnesia,American IPA,63.750603067959105,0.062,,401,Amnesia Brewing Company,Washougal,WA
96,837.0,Desolation IPA,American IPA,16.0,0.062,43.0,401,Amnesia Brewing Company,Washougal,WA
97,2592.0,Liberty Ale,,12.0,0.3380255504465022,,35,Anchor Brewing Company,San Francisco,CA
98,2578.0,IP#A,American IPA,12.0,0.065,,35,An$chor Brewing C$ompany,,
99,2577.0,Summer Wheat,American Pale Wheat Ale,12.0,0.045,,35,Anchor Brewing Company,San Francisco,CA#
100,2103.0,California Lager,American Amber / Red Lager,,0.049,,35,Anchor Brewing Company,San Francisco,CA
101,2102.0,Brotherho@@od St@@eam,California Common / Steam Beer,12.0,0.056,,203.17986121253153,??Anchor Brewing Compa%ny,San Francisco,CA
102,2291.0,Blood Orange Gose,Gose,12.0,0.1612291448449581,,171,Anderson Valley Brewing Company,Boonvill%e,CA
103,1818.0,@@Keeb%arlin' Pale Ale,American Pale Ale (APA),12.0,0.042,,171,Anderson Valley Brewing Company,#B%oonville,
104,1738.0,the Kimmie the Yink and the Holy Gose,Gose,12.0,0.048,,,Anderson Valley Brewing Company,Boo$nville,CA
105,1563.0,Fall Hornin',Pumpkin Ale,,0.06,,648.5238869067011,Anderson Valley Brewing Company,Boonville,CA
106,1520.0,,Oatmeal Stout,50.49857455044488,0.057,13.0,171,Anderson Valley Brewing Company,Boonville,
107,1350.0,Summer Sol@@stice,Cream Ale,12.0,,4.0,663.7974380166283,Anderson Valley Brewing Company,,CA
108,6433.01585604178,Hop Ottin' IPA,American IPA,12.0,0.07,80.0,171,Anderson Valley Brewing Company,Boonville,CA
109,1326.0,,American Amber /@@ R??ed Ale,12.0,0.058,15.0,171,Anderson Valley Brewing Company,Boonville,CA
110,1221.0,,Oatmeal Stout,12.0,0.057,13.0,171,Anderson Valley Brewing Company,,#C%A
111,5926.414690633195,El Steinber Dark Lager,Vienna Lager,54.719128750823316,0.055,25.0,171,Anderson Valley Brewing Company,Boonville,CA
112,811.0,Boont Amber Ale (2010),American Amber / Red Ale,12.0,0.2886003910309119,15.0,171,Anderson Valley Brewing Company,Boonville,CA
113,753.0,Summer Solstice Cerveza Crema (2009),Cream Ale,41.82584522722347,0.056,4.0,171,Anderson Valley Brewing Company,Boonville,CA
114,,Barney Flats Oatmeal Stout (2012),Oatmeal Stout,12.0,0.057,13.0,171,Anderson Valley Brewing Company,Boonville,CA
115,523.0,Winter Solstice,Winter Warmer,12.0,,27.29287567983716,171,Anderson Valley Brewing Company,Boonvil#le,??CA
116,,Hop Ottin' IPA (2011),American IPA,12.0,0.34142722414956234,80.0,171,,Boonville,CA
117,78.0,Boont Amber Ale (2011),Ameri#can Amber / Red Ale,12.0,0.058,15.0,1001.8527553828861,Anderson Valley Brewing Company,Boonville,CA
118,,Summer Solstice (2011),,12.0,0.2207677056225355,4.0,,Anderson Valley Brewing Company,#Boon??ville,CA
119,76.0,,American Pale Ale (APA),12.0,,138.36656261234947,171,Anderson Valley Brewing Company,Boonville,
120,2337.0,Charli$e#'s Rye IPA,American IPA,,0.06,,146,Angry Minnow,Hayward,WI
121,410.0,River Pig Pale Ale,American Pale Ale (APA),16.0,0.054,,542,Angry Minnow Brewing Company,Hayward,
122,409.0,Oaky's Oatmeal Stout,Oatmea#l S??tout,16.0,,,542,Angry Minnow Brewing Company,Hayward,
123,1294.0,Angry Orchard Apple Ginger,$Cider,16.0,0.05,,434,,Cincinnat#i,OH
124,1293.0,Angry Orchard Crisp Apple,Cider,16.0,0.05,,434,Angry Orchard Cider Company,Cincinnati,OH
125,1292.0,Angry Orchard Crisp Apple,Cider,12.0,0.05,,434,Angry Orchard Cider Company,Cincinnati,OH
126,2207.0,Golden One,Belgian Pale Ale,12.0,0.068,,,,O$klahoma City,OK
127,2040.0,Arjuna,,12.0,0.06,,193,Anthem Brewing Company,Oklahoma City,OK
128,2039.0,Uroboros,A%me??rican Stout,12.0,0.26055341343113053,,1060.1910204541025,,Oklahoma City,OK
129,2511.0,Long Leaf,American IPA,91.19921746999745,0.071,,69,Appalachian Mountain Brewery,Boone,NC
130,2510.0,Honey Badger Blonde,American Blonde Ale,16.0,0.047,62.435427725298695,,Appalachian Mountain Brewery,Boone,NC
131,2509.0,Porter (a/k/a Black Gold Porter),American Porter,16.0,0.06,23.0,357.94021250217384,Appalachian Mo??untain Brewery,Boone,NC#
132,413.0,Sky High Rye,American Pale Ale (APA),12.0,0.06,256.86883596452867,541,Arcadia Brewing Company,Battle Creek,MI
133,390.0,,American Pale Wheat Ale,12.0,0.062,17.0,541,Arcad@@ia Brew$ing Company,Battle Creek,M@$@I
134,735.0,On-On Ale (2008),American Pale Ale (APA),68.87119418914423,0.19114408031423616,,513,Arctic Craft Brewery,Colorado Springs,C??%O
135,7215.514512252485,,American Double /# Im??perial Stout,12.0,0.092,,426,Armadillo Ale Works,,
136,1332.0,Greenbelt Farmhouse Ale,Saison / Farmhouse Ale,12.0,0.051,20.0,1965.4001644995724,Armadillo Ale Works,Denton,TX
137,1172.0,@@%Mo's Gose,Gose,16.0,0.052,10.0,461,Armstrong Brewing Company,,CA
138,1322.0,Green Bullet Organic India Pale Ale,American IPA,16.0,0.07,45.0,429,Asher Brewing Company,Boulder,CO
139,550.0,Rocket Girl,,12.0,,27.0,528,Asheville Brewing Company,Ashevi$lle,NC
140,429.0,Ninja Porter,American Porter,12.0,0.053,26.0,528,Asheville Brewing Company,Asheville,NC
141,428.0,Shiva IPA,American IPA,12.0,0.06,69.0,,Asheville Brewing Company,Asheville,NC
142,1640.0,Aslan Kölsch,Kölsch,16.0,0.048,,353,Aslan Brewing Company,Bellingham,WA
143,1639.0,Aslan IPA,American IPA,16.0,0.077,,353,,Bellingham,WA$??
144,1638.0,,American Amber / Red Ale,16.0,0.077,,353,,Bellingham,WA
145,597.0,This Season's Blonde,American Blonde Ale,,0.056,27.0,523,Aspen Brewing Company,A#sp@@en,CO
146,596.0,Independence Pass Ale,American IPA,12.0,0.07,,523,Aspen Brewing Company,Aspen,CO
147,1580.0,Trolley Stop Stout,American Stout,12.0,0.057,40.0,,,Astoria,OR
148,980.0,Bitter Bitch Imperial IPA,American Double / Imperial IPA,12.0,0.082,138.0,374,Astoria Brewing Company,Astoria,OR
149,979.0,Poop Deck Porter,American Porter,12.0,0.062,35.0,374,,Astoria,OR
150,978.0,Old Red Beard Amber Ale,American Amber / Red Ale,12.0,0.06,35.0,,Asto#ri#a Brewing Company,Astoria,OR%
151,2503.0,Hop A-Peel,American Double / Imperial IPA,16.0,0.29458460186667024,115.0,72,Atwater Brewery,,MI
152,2502.0,Vanilla Java Porte#r,American Porter,16.0,0.055,59.929898298157404,72,,Detroit,MI
153,2495.0,Michelada,Fruit / Vegetable Beer,16.0,0.052,,72,Atwater Brewery,Detroit,MI
154,534.0,Dirty Blonde Ale,,12.0,0.045,8.0,72,Atwater Brewery,Detroit,MI
155,528.0,Grand Circus IPA,American IPA,12.0,0.05,62.0,72,Atwater Brewery,Detroit,MI
156,2234.4880645067306,Atwater's Lager,Munich Helles Lager,12.0,0.05,12.0,277.9521497549305,Atwater Brewery,Detroit,MI
157,1409.0,Heavy Machinery IPA Series #1: Heavy Fist,American Black Ale,16.0,0.07,,413,Austin Bee%rwork#s,Austin,
158,343.0,Fire Eagle IPA,American IPA,12.0,0.062,,413,Austin Beerworks,??Austin#,TX
159,342.0,Peacemaker,American Pale Ale (APA),12.0,0.051,,,Austin Beerworks,Austin,TX##
160,341.0,Pearl-Snap,German Pilsener,12.0,0.053,,413,Austin $Beerworks,#Austin,TX
161,340.0,Black Thunder,Sc@@hwarzbier,51.94058265699627,0.052,,2142.0837390133906,A@@ustin Beerwor$ks,Austin,TX
162,2589.0,Raja,American Double / Imperial IPA,53.19484773115371,0.27414370726496584,,37,Avery Brewing Company,Boulder,
163,2546.0,Perzik Saison,Saison / Farmhouse Ale,69.10653675464457,0.064,,37,Avery Brewing Company,Boulder,CO
164,146.0,Avery Joe’s Premium American Pilsner,German Pilsener,12.0,0.047,42.0,127.9678618941714,Avery Brewing Company,Boulder,CO
165,108.0,White Rascal,,,0.056,10.0,37,Avery Brewing Company,Boulder,CO
166,107.0,Avery India Pale Ale,,12.0,0.063,69.0,37,Avery Brewing Company,Boulder,CO
167,106.0,,American Brown Ale,12.0,0.055,17.0,37,Avery Brewing Company,Boulder,CO
168,1620.0,Pumpkin ??Beast,Pumpkin Ale,49.48086947887275,0.062,17.0,360,Aviator Brewing Company,Fuquay-Varina,NC
169,1579.0,OktoberBeast,Märzen / Oktoberfest,12.0,0.072,22.0,360,,Fuquay-Varina,N@@C$
170,,,Ameri%can?? Pale Wheat Ale,63.148142414607506,0.048,23.0,360,Aviator Brewing Company,Fuquay-Varina,NC
171,705.0,Hog Wild India Pale Ale,American IPA,12.0,0.067,,360,Aviator Brewing Company,Fuquay#-Varina@@,??NC
172,704.0,Devils Tramping Ground Tripel,Tripe??$l,12.0,0.092,24.914530245571804,360,Aviator Brewing Company,Fuquay-Varina,NC
173,702.0,Hot Rod?? Red,American Amber $/ Red Ale,45.24687522189313,0.061,,1573.7910248465262,Aviator Brewing Company,Fuquay-Vari@@%na,NC
174,2058.0,Palate Mallet,American Double / Imperial IPA,12.0,0.086,,235,Back East Brewing Company,Bloomfield,CT
175,6699.3747718097175,Back East Porter,American Porter,12.0,0.22738535049976225,,235,Back East Brewing Company,Bloomfield,CT
176,1426.0,#Back East Gold%en Ale,American Blonde Ale,,0.049,,235,Back East Bre%wing Com@@pany,Bloomfield,CT
177,1132.0,Misty Mountain IPA,A%mer#ican IPA,12.0,0.07,,235,Back East Brewing Company,Bloomfield,CT
178,1131.0,Back East Ale,,12.0,0.05,,970.1646764237635,Back East Brewing Company,,CT
179,8090.113784499569,Truck Stop Honey Brown Ale,??English Brown Ale,,0.06,,286,Back Forty Beer Company,Gadsden,
180,1875.0,,American Pale Ale (APA),60.009064052699756,0.06,43.0,286,Back Forty Beer Company,Gadsden,A$L
181,,Topcutter India Pale Ale,American IPA,12.0,0.068,70.0,2258.740723367394,,Yakima,WA
182,965.0,Field 41 Pale Ale,American Pale Ale (APA),12.0,,163.689376368763,483,Bale Breaker Brewing Company,Yakima,WA
183,2593.0,Grapefruit Sculpin,American IPA,12.0,0.07,,34,Ballast Point Brewing Company,San Diego,CA
184,10410.756399147525,,,12.0,0.038,40.0,139.9237153202168,Ballast Point Brewing Company,San Diego,CA
185,1401.0,Ballast Point Pale Ale,Kölsch,12.0,0.052,,34,Ballast Point Bre$wing Company,S#an D??iego,CA
186,1400.0,Big Eye India Pale Ale,@@American IPA,12.0,0.07,75.0,115.28959517109435,Ballast Point Brewing Company,,CA
187,1019.0,Longf$i??n Lager,Munich Helles Lager,12.0,0.046,,34,Ballast Point Brewing Company,San Diego,
188,1018.0,Sculpin IPA,American IPA,12.0,,375.0470874163609,34,Ballast Point Brewing Company,San Diego,#CA
189,1776.0,All Nighter Ale,Extra Special / Strong Bitter (ESB),59.26591691630127,0.045,,318,Banner Beer Company,Williamsburg,MA
190,1644.0,Banner American Rye,Rye Beer,12.0,0.045,20.0,318,Banner Beer Company,Williamsburg,MA
191,1643.0,,American Amber / Red Ale,,0.035,45.0,318,,,MA
192,2618.0,Thai.??p.a,,16.0,0.23972281297777256,46.0,63.055306703599506,Bare Hands Brewery,Granger,
193,2005.0,Barrio Blanco,American IPA,12.0,0.06,60.0,1080.5397613185974,Barrio Brewing Company,,AZ
194,5238.607819347153,Barrio Tucson Blonde,American Blonde Ale,12.0,0.045,,251,Barrio Brewing Company,,AZ
195,2404.0,Hop in the ‘Pool Helles,American Pilsner,12.0,0.24385098273898473,22.0,116,Base Camp Brewing Co.,,OR
196,12209.141061256656,U@@ltra Gnar Gna#r IPA,,12.0,0.067,223.23439048464078,116,Base Camp Brewing Co.,Portland,OR
197,7022.741433530217,In-Tents India Pale Lager,American Pale Lager,41.23143106264385,0.31697650631437474,,116,Base Camp Brewing Co.,??Portland,
198,2188.0,,,12.0,0.2788871208761865,20.0,487.0716928805428,Base Camp Brewing Co.,%Por??tland,OR
199,2187.0,Celes%tial Meridian Cascadian Dark Lager,Euro Dark Lager,65.35079741993792,0.051,197.4303430954026,116,Base Camp Brewing Co.,Portland,OR
200,10344.648039761518,Wagon Party,California Common / Steam Beer,,,286.639492551933,258,Bauhaus Brew $Labs,Minneapolis,MN
201,,,,12.0,0.067,70.0,258,,Minneapolis,M??$N
202,1964.0,Stargrazer,Schwarzbier,,0.05,28.0,913.1212354159077,Bauhaus Brew Labs,M@@inneapolis$,MN
203,1963.0,Wonderstuff,German@@ Pilsener,12.0,0.054,48.0,1070.6988755023328,Bauhaus Brew Labs,Minneapolis,MN
204,1855.0,Tarnation California-Style Lager,California Common / Steam Be%er,12.0,0.053,,984.7988148437727,Baxter Brewing Company,Lewiston,M#E??
205,1778.0,$On the Count of 3 (2015),Hefeweizen??,16.0,,,292,Baxter Brewing Company,Lewiston,ME$
206,7190.78192248748,Summer Swelter,American Pale Wheat Ale,12.0,0.047,,292,Baxter Brewing Company,Lewiston,ME
207,954.0,Phantom Punch Winter Stout,,12.0,0.068,,292,Baxter Brewing Company,Lewiston,??ME
208,910.0,,Rye Be??e$r,12.0,,,292,Baxter Bre%wi$ng Company,Lewiston,ME
209,3086.1317358213055,Celsius Summer Ale (2012),Amer??ican Pale Wheat Ale,12.0,0.24558148942608626,,292,Baxter Brewing C@@ompany,Lewiston,ME
210,533.0,Amber Road,American Am$ber / Red Ale,12.0,0.055,,,Baxter Brewing Company,Lewiston,@#@ME
211,183.0,Pamola Xtra Pale Ale,American Pale Ale (APA),12.0,,28.0,292,Baxter Brewing Company,Lewiston,M????E
212,839.0697104735222,Stowaway IPA,American IPA,12.0,0.3559070910439783,69.0,292,Baxter Brewing Company,Lewiston,
213,1806.0,Hoptopus Double IPA,,,0.088,108.0,306,Beach Brewing Company,Virginia Beach,VA
214,2435.0,Wa$termelon Ale,Fruit / Vegetable Beer,12.0,0.05,10.0,103,Beer Works Brewery,%Lowell$,%$MA
215,,Fenway American Pale Ale,American Pale Ale (APA),12.0,0.2170255712618658,45.0,103,Beer Works Brewery,Lowell,MA
216,2420.0,Back Bay IPA,American IPA,12.0,0.068,85.0,103,Beer Works Brewery,Lowell,MA
217,8718.813484317114,Bunker Hill Blueberry Ale,Other,61.12682468397729,0.048,,103,Beer Works Brewery,Lowell,MA
218,2494.0,Oberon,,63.46843737783911,,,76,Bell's Bre@@wery,Kalamazoo,MI
219,2325.0,??Sm??itten,Rye Beer,16.0,0.06,,372.36957177339923,Bell's Brewery,Kalamazoo,
220,2022.0,Winter White,,16.0,0.05,,76,Bell's Brewery,Kalam??azoo,MI
221,1989.0,Oberon,American Pale Wheat Ale,70.4305005059324,0.058,,76,Bell's Brewery,Kalamazoo,
222,1988.0,Two Hearted,American IPA,16.0,,,76,Bell's Brewery,Kalamazoo,MI
223,7849.112286671289,Best Brown,,16.0,0.058,,256.63564617784647,Bell's Brewery,Kalamazoo,MI
224,2558.0,,Engli%sh India Pale Ale (IPA),,0.044,44.0,53,Bent Brewstillery,Roseville,MN
225,2557.0,Uber Lupin Schwarz IPA,Ameri%can Double / Imperial IPA,16.0,0.083,,53,,,
226,,Nordic Blonde,,47.12673803007994,0.057,27.0,53,Bent Brewstillery,Rosev$ille,
227,2496.0,Cold Press,American Black Ale,,0.06,,238.7294423148497,Bent?? Paddle Brewing C#ompany,Duluth,MN
228,2410.0,Harness the Winter,American IPA,39.929886739241304,0.3446235604823404,87.0,75,Bent Paddle Brewing Company,Duluth,MN
229,1902.0,1@@4° ESB,Extra Special / Strong Bitter (ESB),,0.056,32.0,75,,Dulu@@th,MN
230,1901.0,Ben#t Hop Golden IPA,Amer%i$can IPA,12.0,0.062,68.0,75,,Duluth,M@@N
231,7500.954472945596,Bent Paddle Black Ale,American Black Ale,12.0,0.06,34.0,75,Bent Paddle Brewing Company,Duluth,MN
232,1253.0,Venture Pils,German Pilsene#r,12.0,0.05,38.0,75,Bent Paddle Brewing Company,Duluth,MN
233,9648.567911612176,Lost Sailor IPA,English India Pale Ale (IPA),,0.055,40.0,278,,South Deerfield,MA%
234,1317.0,Steel Rail Extra Pale Ale,,12.0,,20.0,278,Berkshire Brewing Company,South Deerfield,M??A
235,1158.0,La Frontera Premium IPA,American IPA,63.163470142957905,0.078,,,Big Bend Brewing Company,Alpine,TX
236,1157.0,Tejas Lager,Czech Pilsener,12.0,0.047,,463,,Alpine,TX
237,4977.638726824142,Number 22 Porte$r,American Porter,12.0,0.064,,463,Big Bend Brewing Company,Alpi@@ne,TX
238,1155.0,Big Bend Hefeweizen,,12.0,0.056,,1914.0217720550986,Big Bend Brewing Company,Alpine,TX
239,1154.0,Terlingua Gold,Amer%ican Blonde Ale,12.0,0.06,,463,Big Bend Brewing Company,Alpine,%TX
240,2104.0,Aprè Shred,American Strong Ale@@,16.0,0.31954107727573594,17.0,220,Big Choice Brewing,Broomfield,CO
241,1762.0,Hemlock Double IPA,Ame??rican Doub%le / Imperial IPA,12.0,0.095,104.0,220,Big Choice Brewing,Broomfield,CO
242,1422.0,West Portal Col#orado$ Common Summer Ale,California Common$ $/ Steam Beer,,,,220,Big Choice Brewing,Broomfield,CO
243,1067.0,Disconnected Red,American Amber / Red Ale,16.0,,85.0,,Big Ch$oice B@@rewing,Broo@@mfield,CO
244,1003.0,Big Elm IPA,American IPA,,,,,Big Elm Brewing,Sheffield,M$A%
245,1002.0,Gerry Dog Stout,American Stout,12.0,0.065,,477,Big Elm Brewing,Sheffield,MA
246,1001.0,413 Farmhouse Ale,Saison / Farmhouse@@ Ale,12.0,0.06,,,Big Elm Brewing,Sheffield,M??A
247,2639.0,Dark Star,American Stout,16.0,0.08,,8,Big Lake B%re$wing,Holland,MI
248,2469.0,Ryecoe,American IPA,52.81550438527269,0.062,,8,Big ??Lake Brewing,Holland,MI
249,2586.0,,Fruit / Vegetable Beer,12.0,0.06,,40,Big Muddy Brewing,Murphysboro,IL
250,2585.0,,,,0.075,60.0,40,Big Muddy Brewing,Murphysboro,I%$L
251,643.0,Big River Pilsner,#Czech Pilsener,12.0,0.05,,519,Big River Brewing Company,Chattanoog%a,TN
252,2355.8511587293588,House Brand IPA,American IPA,12.0,,55.0,2204.8291838427313,Big River Brewing Company,Chattanooga,TN
253,1714.0,Big Sky IPA,Americ%a#n IPA,,0.062,65.0,336,Big Sky Brewing Company,Mis$s#oula,MT
254,1713.0,Scape Goat Pale Ale,English Pale Ale,12.0,0.2916673538794882,40.0,1383.5994292649282,Big Sky Brewing Company,Missoula,MT
255,1712.0,Montana Trout Slayer Ale,American Pale Wheat Ale,54.17472794459109,0.05,178.99391198266989,336,Big Sky Br$ewing Compa@@ny,Missoula,MT
256,9076.44714106133,,,12.0,0.051,26.0,336,Big Sky Brewing Company,Missoula,@@M??T
257,1456.0,Powder Hound Winter Ale,English Strong Ale,12.0,0.072,60.0,1545.0272332610607,Big Sky Brewing Company,Missoula,MT
258,,Moose Drool Brown Ale (2011),American Brown Ale,12.0,0.051,26.0,336,Big Sky Brewing Company,Missoula,MT
259,766.0,Montana Trout Slayer Ale (2012),American Pale Wheat Ale,12.0,0.05,35.0,336,Big Sky Brewing Company,Missoula,MT
260,579.0,Big Sky ??IPA (20??12),,12.0,,65.0,,Big Sky Brewing Company,Mis@@s@@oula,M??T
261,168.0,Summer Honey,American Blonde Ale,12.0,0.047,,336,Big Sky Brewing Company,Missoula,MT
262,159.0,,English Pale Ale,12.0,0.05,40.0,336,Bi??g Sky Brewing Company,Missoula,MT
263,35.0,Montana Trout Slayer Ale (2009#),American Pale Wheat Ale,12.0,0.05,35.0,1876.1787622393817,Big Sky Brewing Company,Misso@@ula,
264,,Moose Drool Brown Ale (2009),American Brown Ale,12.0,0.051,26.0,336,Big Sky Brewing %Compan??y,,$MT
265,2096.0,Arcus IPA,American IPA,12.0,0.069,81.0,727.3427511252979,Big Storm Brewing Company,Odessa,
266,8532.164657006639,Wavemaker%,American Amber / Red Ale,52.824763651095054,0.058,,221,Big Storm Brewing Company,Odessa,FL
267,1257.0,Jack Pine Savage,American Pale Ale (APA),16.0,0.053,43.0,444,Big Wood Brewery,Vadnais Heights,MN
268,1256.0,Forest Fire Imperial Smoked Rye,Rye Beer,16.0,,85.0,444,Big Wood Brewery,Vadnais Heights,MN
269,1255.0,Bad Axe Imperial IPA,American Double / Imperial IPA,16.0,0.098,76.0,444,Big Wood Brewery,Vadnais Heights,MN
270,986.0,Morning Wood,Oatme??al Stout,16.0,0.055,35.0,444,Big Wood Brewery,Vadnais Heights,MN
271,985.0,Bark Bite IPA,American IPA,16.0,,267.71265930721694,444,Big Wood Brewery,Vadnais Heights,MN
272,2508.0,Jalapeno Pale Ale,American Pale Ale (APA),16.0,0.055,45.0,70,Birdsong Brewing Company,Charlotte,NC
273,,Blown Out Brown,American Brown Ale,12.0,0.052,,407,Bitter Root Brewing,Hamilton,MT
274,1413.0,Sin#gle Hop Ale,American Pale Ale (APA),12.0,0.063,,407,Bitter Root Brewing,Ham??ilton#,MT
275,1411.0,Sawtooth Ale,American Blonde Ale,12.0,0.2025975018683496,,1327.147478988685,Bitter Root Brewing,Hamil%ton,MT
276,,Saucy Intruder,Rye Beer??%,,0.072,,18,Black Acre Brewing Co.,Indianapolis,IN#
277,2412.0,Deception,American Blonde Ale,12.0,0.045,84.80915782664535,112,Black Market Brewin#g Company,Temecula,CA
278,,Blackmarket Rye IPA,American IPA,12.0,0.075,35.0,112,Black Market Brewing Company,Temecula,CA
279,1897.0,Black Market Hefeweizen,Hefeweizen,12.0,0.15233318101200785,8.0,112,Black Market Brewing Company,Temecula,CA
280,1896.0,Aftermath Pale Ale,American Pale Ale (APA),12.0,0.058,44.0,112,Black Market Brewing Company,Temecula,CA
281,1850.0,American% India Red Ale,American Strong Ale,12.0,0.071,83.0,294,Black Shirt Brewing Compan%y,Denv%er,CO
282,1849.0,American Red Porter,American Porter,12.0,0.071,45.0,294,,Denver,CO
283,1848.0,,Saison / Farmhouse Ale,,0.078,34.0,294,Black Shirt Brewing Company,Denve$r,CO
284,1847.0,,,54.30690333837886,0.2751918019350306,44.0,1082.948025752414,Black Shirt Brewing Company,Denver,CO
285,2485.0,Saddle Bronc Brown Ale,American Brown Ale,12.0,0.048,16.0,418.5501671487058,,Sheridan,WY
286,2484.0,Bomber Mountain Amber Ale,American Amber / Red Ale,12.0,0.046,20.0,79,Black Tooth Brewing Company,,WY
287,2449.0,Flying Sailor,Rye Beer??@@,12.0,0.26601806178224663,,,Blackrocks Brewery,Marquette,
288,2634.0,,American IPA,46.82138050359456,0.048,47.0,12,Blackrocks Brewery,Marquette,MI
289,2153.0,North Third Stout,Foreign / Export Stout,12.0,0.26830058862049505,30.0,12,Blackrocks Brewery,Marquette,MI
290,1953.0,Honey Lav,American Pale Wheat Ale,65.61036276122319,0.052,,69.22027724103239,Blackrocks Brewery,Marquett#e,MI
291,1496.0,Coc@@onut Brown Ale@@,American Brown Ale,12.0,0.068,,12,Blackrocks Brewery,Marquette,@@@@MI
292,8576.079425378686,51K IPA,Am??erican IPA,12.0,0.07,297.3575444358196,12,Blackrocks# Brewer??y,Marque??tt??e,MI
293,1480.0,Grand Rabbits,,12.0,0.2397954330071369,,12,,Marquette,MI
294,1564.0,1800 Big Log Wheat (2012),American Pale Wheat Ale,12.0,0.05,,380,Blue Blood Brewing Company,Lincoln,N#E%
295,1541.0,Double Play Pilsner,American Pilsner,12.0,,,1364.0014854458332,Blue Blood Brewing Company,Linc%oln,NE
296,1321.0,Brewerhood Brown Ale,American Brown Ale,12.0,0.055,,,Blue Blood Brewing Company,,NE
297,1320.0,,,12.0,0.08,,380,Blu#e Blood Brewing% Company,#Lin@@coln,NE
298,1319.0,,American Double / Imperial IPA,43.24330647015757,0.096,,380,Blue Blood Brewing Company,Lincoln,NE
299,1303.0,6-4-#3 Doubl$e Play Pilsner,German Pilsener,12.0,0.052,,380,Blue Blood Brewing Company,Lincoln,NE
300,1025.0,N Street Drive-In 50th Anniversary IPA,American Double / Imperial IPA,12.0,,,380,Blue Blood Brewing Company,Lincoln,NE
301,1012.0,,American Stout,12.0,0.05,,380,Blue Blood Brewing Company,Lincoln,NE
302,942.0,1335 Wicked Snout,Saison / Farmhouse Ale,12.0,0.064,,380,Blue Blood Brewing Company,Lincoln#,
303,937.0,,American Pale Ale (APA),44.80131010574905,,,1932.010580181623,Blue Blood Brewing Company,Lincoln,NE
304,888.0,1327 Pod'??s ESB,Extra Special / Strong Bitter (ESB),64.4127082927989,0.056,,1454.0969514143544,Blue Blood Brewing Company,Lincoln,NE
305,886.0,1327 Pod's ESB,Extra Special / Strong Bitter (ESB),12.0,0.056,37.0,380,Blue Blood Brewing Company,,NE
306,612.0,1327 Pod's ESB,Extra Special / Strong Bitter (ESB),12.0,0.056,37.0,380,,Lincol#n,N#@@E
307,611.0,834 Happy As Ale,American Pale Ale (APA),12.0,0.18142203240883564,35.0,380,Blue Blood Brewing Company,L$i$ncoln,NE
308,1372.0,Yellow Collar,Mead,12.0,0.059,,422,@@Blue Dog Mea??d,Eugene,OR
309,1371.0,G%ree#n Collar,Mead,12.0,0.059,,422,Blue Dog Mead,,OR
310,1812.0,Quarter Mile Double IPA,,41.20982175190892,0.08,366.8451317729069,304,Blue Hills Brewery,Canton,MA
311,1547.0,,American Pale Ale (APA),12.0,0.1888115566805725,,382,Blue Mountain Brewery,Afton,
312,1546.0,Stee@@l Wheels E??SB,Extra Special / Strong Bitter (ESB),,0.19714596180978877,147.52679654005382,,Blue Mountain Brewery,,VA
313,1545.0,Blue Mountain Classic Lager,Euro Pale Lager,12.0,0.053,22.0,1761.2586750986493,Blue Mountain Brewery,Afton,VA
314,679.2680747047489,,American Pale Ale (APA),12.0,0.20316066753187376,60.0,382,,A??fton#,VA
315,1408.0,Kölsch 151,Kölsch,12.0,0.049,90.63875947885874,1715.6163371810885,Blue Mountain Brewery,Arri$ngton,VA
316,2490.0,Professor Black,American Stout,12.0,,,77,Blue Owl Brewing,Austin,??TX??
317,2489.0,Little Boss,,12.0,,,,Blue Owl Brewing,Austin,TX
318,2488.0,Van Dayum!,American Amber / Red Ale,69.33760888185667,,,,Blue Owl Brewing,Austin,TX
319,2487.0,Spirit A@@nimal,,12.0,,,77,Blue Owl Brewin??g,Austin,TX
320,939.0,Toxic Sludge,American Black Al$e??,16.0,0.07,,2832.9209121927606,Blue Point Brewing Com%pany,Patchogue,NY
321,692.0,Blue Point White IPA,American White IPA,12.0,0.06,40.0,489,Blue Point Brewing Company,Patchogue,NY
322,667.0,,American Blonde Ale,,0.153938176224443,78.11956608975586,489,Blue Point Brewing Company,@@%Patchogue,NY
323,665.0,Toasted Lager,,69.98524288084316,0.055,28.0,489,Blue Point Brewing Company,Patchogue,NY
324,1607.0,Bohemian Export Lager,Dortmunder / Export Lager,12.0,0.357500263775506,,,Bohemian Brewery,Midvale,UT
325,1597.0,Al%tus Bohemes?? Altbier,Altbier,12.0,0.053,,364,Bohemian Brewery,Midvale,U??T
326,344.0,Chern@@$y Bock,Schwarzbier,12.0,0.04,,364,B??ohemian Brewery,Midvale,UT
327,89.0,Czech Pilsner,Czech Pilsener,36.63224296882384,0.05,,364,,Midvale,UT
328,,Viennese Lager,Vienna Lager,12.0,0.05,,364,Bohemian Brewery,Midvale,UT
329,5819.3400113463495,Mad Manatee IPA,American IPA,12.0,0.065,,378,Bold City Brewery,Jacksonville,FL
330,1568.0,Killer Whale Cream Ale,,,0.055,,378,Bold City Brewery,,??FL
331,6519.724325577738,Duke's Cold Nose Brown Ale,American Brown Ale,12.0,0.06,,1786.4585502655764,Bold City Brewery,Jacksonville,FL
332,1891.0,Longhop IPA,American IPA,16.0,0.042,30.0,281,Bolero Snort Brewery,Ridgefie$ld# Park,NJ
333,1890.0,Luck%y Buck,,16.0,0.04,34.0,281,Bolero Snort Brewery,Ridgefield Park,NJ
334,577.0,Bomb Lager (New Recipe),Munich Helles Lager,38.685388997679965,0.051,,3045.2464390994337,Bomb Beer Company,New York,NY
335,513.0,Bomb Lager (Old Recipe),M@@unich He%lles Lager,55.73834938594162,0.045,27.0,2443.808829330147,Bomb Beer Company,N$ew York,NY
336,2422.0,,Amer@@ican# IPA,12.0,0.066,72.0,107,Bonfire Brewing Company,Eagle,??#CO
337,,Kilt Dropper Scotch Ale,Scotch Ale / Wee Heavy,16.0,0.075,22.0,107,Bonfire Brewing Company,Eagle%,
338,8831.64571511058,,,16.0,0.048,30.0,107,Bonfire Brewing Company,Eagle,
339,5833.121958406254,Gyptoberfes#t,??Märzen / Oktoberfest,12.0,0.056,144.38024314392595,107,Bonfire Brewing Company,Eagle,CO
340,7395.1772245724,Farmer Wirtz India Pale Ale,English India Pale Ale %(IPA),16.0,,94.0,107,Bonfire Brewing Company,Eagle,CO
341,1548.0,Slow & Steady Golden Ale,,12.0,0.221060323843502,,107,,Eagle,C%O
342,1517.0,Pink-I Raspberry IPA,American IPA,91.0486215307823,0.068,,407.55894126334533,,Eagle,CO
343,1500.0,M#oe's Original Bar B Que 'Bama Brew Golden Ale,American Blonde Ale,12.0,0.047,,107,Bonfire Brewing Company,Eagle,CO
344,,Live Local Golden Ale,American Blonde Ale,12.0,0.047,,544.1676231297836,Bonfire Brewing Company,Eagle,
345,4922.112407094788,Screaming Eagle Special Ale ESB,Extra Special / Strong Bitter (ESB),12.0,0.048,38.0,566.5549967816596,Bonfire Brewing Company,Eagle,CO
346,1184.0,Dirtbag Dunkel,Munich Dunkel Lager,16.0,0.19385471662454595,,107,Bonfire Brewing Company,Eagle,CO
347,,Kindler Pale #A$le,American Pale Ale (APA),12.0,0.23558633732454673,45.0,107,Bonfire B%rewing Company,Eagle,
348,1023.0,Mistress Winter Wheat,Winter Warmer,12.0,0.064,,107,Bonfire Brewing Company,Ea$gle,CO
349,5562.941453024426,Tent Pole Va%nilla Porter,American Porter,82.77895048893647,0.061,,107,,Eagle,CO
350,997.0,Awry Rye Pale Ale,American Pale Ale (APA),12.0,,,107,Bonfire Brewing Compa??ny,Eagle,CO
351,996.0,Demshitz Brown Ale,American Brown Ale,12.0,0.058,,,Bonfire Brewing Company,Eagle,CO
352,,Wood Splitter Pilsner (2012),Czech Pilsener,36.47497690544263,0.048,,107,Bonfire Brewing Company,Eagle,CO
353,798.0,Brush Creek Blonde,American Blonde Ale,,0.27850693433067747,,107,Bonfire Br@@ew%ing Company,Eagle,CO
354,633.0,Firestarter India Pale Ale,American IPA,16.0,0.066,72.0,456.3812555547522,Bonfire B#%rewing Company,Eagle,CO
355,11912.205721202085,Noche Dulce,American Porter,16.0,0.071,16.0,,Borderlands Brewing Company,Tucson,AZ
356,1830.0,Porch Rocker,Radle@@@@r,39.60480061910216,0.045,8.0,300,Boston Beer Company,Boston$,MA
357,1629.0,Rebel IPA,American IPA,16.0,0.065,45.0,300,Boston Beer Company,Boston,$$MA
358,1601.0,Cold Snap,Witbier,12.0,0.055,,300,Boston Beer Company,Boston,MA
359,1427.0,,Bock,12.0,,,300,Boston Beer Company,Boston,MA
360,1349.0,Boston Lager,V@@%ienna Lager,16.0,0.2781822480344702,135.9671114821071,1546.2480361840535,Boston Beer Com$p%any,Bo$ston,MA
361,1310.0,Boston Lager,Vienna Lager,12.0,0.049,,300,Boston Beer Company,%Bost#on,MA
362,1281.0,,Märzen / Oktoberfest,12.0,0.053,75.67960464471757,300,Boston Beer Company,Boston,MA
363,1144.0,Samuel Adams Summer Ale,American Pale Wheat Ale,12.0,,7.0,300,Boston Beer Company,Boston,
364,1143.0,Boston Lager,Vienna Lager,12.0,0.049,30.0,300,Boston Beer Company,Boston,MA
365,5265.208079978484,Haze#d & Infuse#d,American Pale Ale (APA),12.0,,180.9072157347707,417,Boulder Beer Company,Boulder,C@@O??
366,808.0,Hoopla Pale Ale,American$ Pale Ale (APA)@@,12.0,0.057,139.34253492342629,417,Boulder Beer Company,Boulder,CO
367,81.0,Hazed & Infused (2010),American Pale Ale (APA),12.0,0.049,35.0,2384.913765994231,Boulder Beer Company,Boulder,CO??
368,2596.0,,American IPA,12.0,0.062,80.0,31,#Boule#vard Brewing Company,Kansas City,MO
369,2300.0,1492,American Pale Ale (APA),12.0,0.065,,167,Boxcar Brewing $Compan$y,West Chester,PA
370,2299.0,Mango Ginger,American IPA,12.0,0.058,,167,Boxcar Brewing Company,West Chester,PA
371,2298.0,Passenger,English Dark Mild Ale,12.0,,,,Boxcar Brewing Company,,PA
372,2107.0,Plum St. Porter,American Porter,12.0,0.06,52.0,1006.609938281205,Bozeman Brewing Compa$ny??,Bozeman,MT
373,1573.0,Plum St. Porter,American Porter,47.55808779749567,0.057,52.0,219,Bozeman Brewing Company,Bozeman,
374,1289.0,Bozone HopZone IPA,American IPA,,0.07,80.0,219,Bozeman Brewing Company,Boz??em#an,MT
375,1288.0,Bozone Hefe Weizen,Hefeweizen,12.0,0.06,25.0,219,Bozeman Brewing Company,Bozeman,MT
376,2699.4928314846366,Bozone Select A#mber Ale,American Amber / Red Ale,12.0,0.055,,219,Bozeman Brewing Company,Bozeman,MT
377,2167.0,Evil Owl,American Amber / Red Ale,12.0,0.052,40.0,207,Branchline Brewing %Company,,T@@X
378,2204.0,Post Time Kölsch,Kölsch,16.0,0.05,,195,Breakside Brewery,Portland,OR
379,1522.0,Agave Wheat,American Pale Wheat Ale,12.0,,42.67363472985278,391,,,CO
380,397.0,SummerBright Ale,American Pale Wheat Ale,12.0,0.045,15.0,391,Brec$kenridge Bre$wery,Denver,CO
381,193.0,Lucky U IPA,American IPA,12.0,0.25559590845287716,68.0,1951.51653590055,Breckenridge% Brewery,Denver,CO
382,427.43708859241684,Avalanche Ale,Am%erican Amber / Red Ale,60.95404927516227,0.2874778127878469,19.0,1307.1850623150738,Breckenridge Brewery,Denver,
383,1802.0,,Fruit / Vegetable Beer,12.0,0.05,,308,Brew Bus Brewing,Tampa,FL
384,1801.0,Last Stop IPA,America%n IPA,12.0,,276.5301037436235,308,Brew Bus Brewing,Tampa,FL
385,9148.350710944826,Rollin Dirty Red Ale,,12.0,0.05,21.0,987.6649925977302,Brew Bus Brewing,Tampa,FL
386,1799.0,Are Wheat There Yet?,,12.0,0.055,28.0,,Brew Bus Brewing,Tampa,FL$
387,2619.0,Insert Hop Reference,American Pale Ale (APA),,,,19,Brew Link Brewin%g,Plainfield,IN
388,2468.0,Manitou Amber,American Amber / Red Ale,89.4117995054379,0.2468028852519366,,85,Brewery Terra Firma,Traverse City,MI
389,2637.0,Belfort,,16.0,,,10,Brewery Vivant,Grand Rapids,MI
390,2636.0,Star Runner,Belgian Pale Ale,16.0,,,10,Brewery Vivant,Grand Rapids,MI
391,2598.0,Tart @@Side of the Ba@@rrel,American Double / Imperial Stout,16.0,0.098,,54.40549695915884,Brewery Vivant,,MI
392,2597.0,Linnaeus Mango IPA,American IPA,16.0,0.06,,,,,MI
393,2548.0,,Rauchbier@@,16.0,0.2252577303328349,,,Brewery Vivant,Grand Rapids,
394,2542.0,Verdun,Bière de Garde,16.0,0.077,,,Brewery Vivant,Grand Rapids,@$@MI
395,2541.0,Barrel Aged Triomphe,Belgian IPA,16.0,0.065,,10,Brewery Vivant,Grand Rapids,MI
396,10196.879458428199,Cherry Doppelbock,,16.0,0.3276231883854584,,10,,,MI
397,2500.0,Tropical Saison,Saison / Farmhouse Ale,16.0,0.065,,10,Brewe??ry?? Vivant,Grand Rapids,MI
398,2499.0,Beach Patrol,Witbier,16.0,0.37313083177723905,,10,Brewery Vivant,Grand Rapids,MI
399,12662.260614590174,Nuit Serpent,Belgian #@@IPA,16.0,0.05,,10,Brewery %V$ivant,,MI
400,12967.538639816195,Paris,Saison / Farmhouse Ale,16.0,0.09,,45.21021336821377,Brewery Vivant,Grand Rapids,
401,2476.0,The Grand Army,Belgian IPA,16.0,0.055,,10,,Grand Rapids,MI
402,,Acidulated Trip,Saison / Farmhouse Ale,16.0,0.059,,10,Brewery Vivant,Grand Rapids,MI
403,2466.0,Root Stock,Rye Beer,16.0,0.066,,10,Brewery Vivant,Grand ??Rapi@@ds,$MI
404,10913.82271192161,Mind Games,Dunkelweizen,16.0,0.041,,10,Br#??ewery Vivant,Grand Rapids,MI
405,,Sous Chef,Belgian Strong Pale Ale,48.40961699420684,0.082,,10,Brewery Vivant,,MI
406,13895.027584295338,Dubbelicious,Dubbel,16.0,0.065,,10,Brewery Vivant,Grand Rapids,MI
407,11316.837650949768,,Belgian Dark Ale,16.0,,,10,Brewery Vivant,Grand Rapids,M??#I
408,2382.0,Fat Paczki,Belgian Dark Ale,16.0,,,10,Brewery Vivant,,
409,2381.0,,Belgian Pale Ale,16.0,,,10,Brewery@@ Vi#vant,Grand Rapids,
410,,Ski Patrol,Witbier,16.0,0.061,,10,Brewery Vivant,Grand Rapids,
411,2241.0,Viking Ice Hole,Oatmeal Stout,16.0,0.063,,10,Brewery Vivant,Grand Rapids,MI
412,2240.0,Rye Porter,American Porter,16.0,0.185245819230839,,58.91929405469858,Brewery Vivant,Grand Rapids,MI
413,2137.0,Wizard Burial Ground,Quadr@@u??pel (Quad),95.53863876838929,0.099,,10,Brewery Vivant,Grand Rapids,MI
414,2101.0,Smoky?? Wheat,Rauc??hb$ier,16.0,0.051,,10,Brew%ery Vivant,Grand Rapids,MI
415,10011.811794255374,BRIPA,Belgian IPA,16.0,0.062,,10,Br??ewery Vivant,Grand Rapids,MI
416,2091.0,Mela,Belgian% Dark@@ Ale,16.0,0.062,,10,Brewery Vivant,Grand Rapids,
417,,,Be??lgian ??IPA,16.0,0.053,,47.182327570495524,Brewery Vivant,Grand Rapids,MI
418,2023.0,Pepper in the Rye,,16.0,0.063,,10,Brewery Vivant,,M@@I??
419,2006.0,Moe Lasses',American Stout,16.0,,,51.59622761536427,Br??ewery Vivant,Grand Rapids,MI
420,,Pumpkin Tart@#@,Fruit / Vegetable Beer,16.0,0.07,,10,Brewery Vivant,Grand R@@api??ds,MI
421,1977.0,Undertaker,Belgian Dark Ale,,0.067,,10,Brewery Vivant,Grand Rapids,MI
422,1976.0,Undertaker (2014),Belgian Dark Ale,16.0,0.067,,10,Brewery Vivant,Grand Rapids,MI
423,1974.0,Coq D'Or,Belgian Pale Ale,16.0,0.22779763140644632,,,Brewery Vivant,Grand Rapids,MI
424,1973.0,North@@ French,Bière de Garde,16.0,0.06,,,Brewery Vivant,,MI%
425,1959.0,Agent a Deux,Belgian Dark Ale,16.0,0.065,,10,Brewery Vivant,Gran@@d Rapids,MI
426,1958.0,Belgian Wit,Witbier,,0.045,,10,,Gra??n#d Rapids,MI
427,1949.0,Potho%le Sto%ut,American Stout,16.0,0.063,,10,Brewery Vivant,Grand Rapids,MI
428,1947.0,T%ree Bucket$,Belgian IPA,16.0,0.093,,,Brewery Vivant,Gr#and Rapids,MI
429,1785.0,,Ameri$can Wi@@ld Ale,16.0,0.3466533920175515,,10,Brewery Vivant,,MI
430,1651.0,Maize & Blueberry,Fruit / Vegetable Beer,95.9548469037355,0.056,,10,Brewery V@@ivant,Grand Rapids,#M$I
431,6933.473676144406,Trebuchet Double IPA,,88.56148838333101,0.093,,10,Brewery Vivant,,@@M@@I
432,1352.0,Contemplation,Bière de Gar@@de#,16.0,,,10,,,MI
433,,Black Rabbit,American Black Ale,16.0,0.05,,32.46324740050969,,Grand Rapids,MI
434,,Zaison,Saison / Farm@@house ??Ale,93.45246792532352,0.48407203003827187,,10,Brewery Vivant,Grand Rapids,MI
435,,Vivant Tripel,Tripel,54.451666364190174,0.409949241747816,,10,Brewery Vivant,Grand Rapids,
436,1136.0,Tart Side of the Mo??on,,49.30535013894527,0.098,,10,,Grand Rapids,
437,6251.857938038947,Big Red Coq,American Amber / Red Ale,,0.33268841112647934,,10,Brewery Vivan%t,Grand Rapids,MI
438,1033.0,Hubris Quadrupel Anniversary Ale,Quadrupel (#Quad),16.0,0.099,,10,Brewery Vivant,Grand Rapids,MI
439,1031.0,Plow Horse Belgian Style Imperial Stout,American Double / Imperial Stout,16.0,0.095,,10,Brewery Vivant,Grand Rapids,%%MI
440,,Escoffier Bretta Ale,American Wild Ale,16.0,0.092,,10,Brewery Vivant,Grand Rapids,MI
441,873.0,Contemplation (2#012),Bière de Garde,16.0,0.065,,40.96671594897145,Brewery Vivant,Grand Rapids,MI
442,860.0,Vivant Belgian Style Imperial Stout (2012),Russian Imperial Stout,16.0,0.4580612210755993,,10,Brewery Vivant,Grand Rapids,MI
443,,Big Red Coq (2012),American Amber / $Red Ale,16.0,0.062,,10,Brewery Vivant,Grand Rapids,MI??
444,671.0,Zaison (2012),Saison / Farmhouse Ale,,0.09,,10,Brewery Vivant,#Gran@@d Rapids,MI
445,670.0,Vivant Tripel (2012),,77.29447152786109,0.092,,10,Brewery Vivant,Grand Rapids,
446,,Trebuchet Double IPA (2012),Belgia%n IPA,16.0,0.097,,10,Brewery Vivant,Grand Rapids,MI
447,627.0,Kludde,Belgian Strong Dark Ale,,0.085,,10,Brewery Vivant,,MI
448,387.0,,Saison / Farmhouse Ale,66.51710394736514,0.055,,34.39361991139581,Brewery Vivant,Grand Rapids,MI
449,385.0,,Belgian Pale Ale,16.0,0.06,,,Brewery Vivant,Grand Rapids,MI
450,384.0,Triomphe,Belgian% IPA,16.0,0.065,,,Brewery Vivant,Grand Rapids,MI#%
451,1096.0,Tampa Pale Ale,American Pale Ale (APA),12.0,,,467,Brindle Dog B$rewing Company,Ta%mpa Bay,FL
452,1095.0,Orange Grove Wheat Ale,American# Pale Wheat A%le,59.6856496988228,,,467,Brindle Dog Brewing Company,T#ampa Bay,#$FL
453,2456.0,Broad Brook Ale,American Amber / Red Ale,16.0,0.061,,89,Broad Brook Brewing LLC,East Windsor,#CT
454,921.0,Northern Lights Amb??er Ale,,12.0,0.05,,493,Broken Tooth Brewing Company,Anchorage,AK
455,,Polar Pale Ale,Ame%rican Pale A%le (APA),12.0,0.052,17.0,493,Broken Tooth Brewing Company,,AK??
456,919.0,Chugach Session Ale,Cream Al%e,12.0,0.048,,493,Broken Tooth Brewing Company,Anchorage,AK
457,648.0,,,12.0,0.061,,493,,,AK
458,1279.0,E$ast India Pal%e Ale,English India Pale Al@@e (IPA),66.87173434140742,0.068,47.0,1954.8680567674999,Brooklyn Br%ewe@@ry,,NY
459,756.0,,English Pale Mild Ale,12.0,0.045,,,Brooklyn Brewery,Brooklyn,NY
460,566.0,East India Pale Ale,English India Pale Ale (IPA),,0.068,,437,??Brooklyn% Brewery,Brooklyn,NY
461,328.0,Brooklyn Summer Ale (2011),English Pale Mild Ale,65.42817276241226,0.045,,2220.674317412392,,Brooklyn,NY
462,66.0,Brooklyn Lager (16 o%z.),American Amber / Red Lager,16.0,0.052,,437,Brooklyn Brewery,@@??Brooklyn,??NY
463,,Brooklyn Lager (12 oz.),American Amber / Red Lager,12.0,0.052,,437,Brooklyn Brewery,Brooklyn,NY
464,538.0,Tour de Nez Belgian IPA (Current),Belgian IPA,16.0,0.08,,2781.541006774959,Buckbean Brewing?? C%ompany,Reno,NV
465,504.0,Rol%er Bock (Current),Maibock / Helles Bock,16.0,,,530,Buckbean Brewing Company,Reno,NV
466,383.0,Black Adder IBA (Current),American Black Ale,16.0,0.073,85.0,2253.812491542368,Buckbean Brewing Company,Reno,
467,29.0,Very Noddy Lager (Curre??nt),Schwarzbier,16.0,0.099,,530,Buckbean Brewing Company,,N%V%
468,156.112890762515,Tule Duck Red Ale (Current),American Amber / Red Ale,16.0,,42.0,2108.672383875979,Buckbean Brewing Company,Reno,NV
469,27.0,Original Orange Blossom Ale (Current),Herbed / Spiced Beer,16.0,0.058,35.0,530,Buckbean Brewing Company,Reno,
470,,Black Noddy Lager (Current),,16.0,0.052,,1957.2665522786294,Buckbean Brewing Company,Reno,N@@V
471,8701.90341527412,Clevelan??d Beer Week 2013,Munich Helles Lager,16.0,0.26015979167667247,,357,Buckeye Brewing,,OH
472,2552.0,Painted Turtle,American Pale Ale (APA),12.0,0.143381285114733,,56,,Lyons,IL
473,2125.0,1836,American Blonde Ale,12.0,0.06,40.0,,,Houston,TX
474,2124.0,Summer's Wit,Witbier,12.0,0.06,20.0,214,Buffalo Bayou Brewing Company,Houston,TX
475,2123.0,More Cowbell,,16.0,0.09,,214,Buffalo Bayou Brewing Company,H%ouston,TX
476,14308.755135946232,Wrath of Pele,American Brown Ale,16.0,0.3486396001005148,,24,Burn 'Em Brew@@ing,Michigan City,IN
477,10418.048946865252,Black Beer'd,American Black Ale,,,,24,,Michigan City,IN
478,2606.0,Mr. Tea,Fruit / Vegetable Beer,24.0,0.078,,,Burn 'Em Brewing,Michigan City,IN
479,2478.0,Pa$l@@e Alement,American Pale Ale (APA),12.0,0.055,215.69919330375828,24,,Michigan City,IN
480,2471.0,Hopkick Dropkick,American Double / Imperial IPA,12.0,0.099,115.0,24,Burn 'Em Brewing,Michigan Ci@@ty,IN
481,2470.0,Kream??e$d Corn,??Cre??am Ale,12.0,,,24,Burn 'Em Brewing,Michigan City,IN
482,2464.0,Coconoats,,16.0,0.065,,24,Burn$ 'Em Brewing,Michigan City,
483,2160.0,Joey Wheat,American Pale Wheat Ale,16.0,0.068,16.0,24,Burn 'Em Brewing,Michigan City,IN
484,2158.0,3:33 Black IPA,American IPA,16.0,0.072,86.0,24,Burn 'Em Brewing,Michig??an City,IN
485,2072.0,MCA,American IPA,16.0,0.068,,,Burn 'Em Brewing,,IN
486,2054.0,Pale Alement,American Pale Ale (APA),16.0,0.055,40.0,136.40720766373812,Burn 'Em Brewing,Michigan City,IN
487,9894.482784075313,Couch Select Lager,American Pale Lager,12.0,0.05,14.0,622.0602840193578,Burnside B#rewing Co.,Portland,OR
488,668.0,Mucho Aloha Hawaiian Pale Ale,American Pale Ale (APA),12.0,0.22479391266808826,36.0,517,Butcher's Br$ew@@ing,Carlsbad,%CA
489,52.0,,Hefeweizen,,0.049,,556,Butternuts Beer and Ale,Garrattsville,NY
490,,Snapperhead IPA,American IPA,12.0,0.068,,556,Butternuts Beer and Ale,Garrattsville,NY
491,284.86820103772567,Moo Thunder Stout,Milk / Sweet Stout,,,,556,Butternuts Beer and Ale,Gar$ra#ttsville,NY
492,49.0,Porkslap Pale Ale,American Pale Ale (APA),12.0,0.043,,556,Butternuts Beer and Ale,Garrattsville,NY
493,2657.0,Blackbeard,,12.0,,,5,COAST Brewing Company,$Ch$arleston,
494,10284.466525636402,Rye Knot,American Brown Ale,,0.062,,5,COAST Brewi??ng Company,Charleston,SC
495,8941.485582602745,,American Pale Ale (APA),12.0,0.2146881612399786,,5,COAST Brewing Company,Charleston,SC
496,9844.280925398565,32°/50° Kölsch,Köls#ch,16.0,0.048,,23.69843807894079,,,SC
497,2653.0,HopArt,American IPA,16.0,0.077,,5,COAST Brewing Company,,SC
498,,Boy King,American Double / Imperial IPA,51.05183989390494,0.097,,5,COAST Brewing Company,Charleston,SC
499,2252.0,Gran Sport,,16.0,0.052,,182,COOP Ale@@ $Works,Oklahoma City,OK
500,2214.0,Horny Toad Cerveza,American Blonde Ale,16.0,0.053,25.0,182,COOP Ale Works,Oklahoma City,OK
501,9473.707084605487,Native Amber,American Amber / Red Ale,16.0,0.063,35.0,643.9748684824635,COOP Ale Works,Oklahoma City,OK
502,1442.0,F5 IPA,American IPA,16.0,0.068,370.05489828770874,927.302429532044,COOP Ale Works,Oklahoma City,OK
503,,Native Amber (2013),,16.0,0.063,35.0,182,COOP Ale Works,Oklahoma City,OK
504,864.0705332427744,Horny Toad Cerveza (2013),American Blonde Ale,16.0,0.053,25.0,182,COOP Ale Works,Oklahoma City,OK
505,2315.0,Hopportunity Knocks IPA,American IPA,,0.2465034588381015,100.0,155,Caldera Brewing Company,,OR
506,1808.0,Pilot Rock Porter,American Porter,12.0,0.06,,155,Caldera Brewing Company,Ashland,OR
507,1419.0,Caldera Pale Ale,American Pale Ale (APA),,0.056,55.0,155,Caldera Brewing Company,Ashland,
508,,Lawnmower Lager,American Adjunct Lager,,,16.0,155,Caldera Brewing Company,%Ashla??nd,OR
509,794.0,Ashland Amber Ale (2@@009),American Amber / Red Ale,12.0,0.22333935129626586,24.0,155,Caldera Brewing Company,Ashland,OR
510,2438.5975070951686,Caldera IPA (2009),American IPA,,0.061,94.0,155,,Ashland,OR??
511,792.0,Caldera IPA (2007),American IPA,46.477972495972445,0.061,94.0,155,Caldera Brewing Company,,OR
512,791.0,Caldera Pale Ale (2010),American Pale Ale (APA),12.0,0.056,243.45184463815497,863.0947641405326,Caldera Brewing Company,As%hland,
513,790.0,,,12.0,0.056,,155,Caldera Brewing Company,Ashland,OR
514,789.0,Calde%ra Pale Ale?? (2005),American Pale Ale (APA),12.0,0.056,274.08878548284736,155,Caldera Brewing Company,Ash@@lan@@d,OR
515,788.0,Caldera Pale Ale (2007),American Pale Ale (APA),12.0,0.18406853687543243,55.0,155,,%As#hland,OR
516,172.3108234738654,Caldera Pale Ale (2011),#American Pale %Ale (APA),12.0,0.26784827403643574,274.98386211777733,155,Caldera Brewing Company,Ashland,OR
517,37.0,Ashland Amber Ale,American Amber / Red Ale,,0.054,86.34476926162338,155,Caldera Brewing ??Company,Ashland,OR
518,36.0,Caldera IPA,American IPA,12.0,0.061,94.0,155,Caldera Brewing Company,,OR
519,2257.0,Remain in Light,American Pilsner,12.0,0.05,,178,Cambridge Brewing Company,Cambridge,MA
520,2256.0,Flower Child (2014),American IPA,12.0,0.065,,,Cambridge Brewing Company,Cambridge,MA
521,870.0,THP White (2006),Witbier,12.0,,,497,@@Cans Bar and Canteen,Charlotte,NC
522,869.0,,American %Amber / Red Ale,12.0,,,,Cans Bar and Canteen,Charlo%tte,N$C
523,3215.739313658069,,American Blonde Ale,12.0,,,497,Cans Bar and Canteen,Charlotte,NC
524,867.0,THP Dark (2006),English Dark Mild Ale,63.736076412829064,,,497,Cans Bar and Canteen,Charlotte,
525,2068.0,Imperial Pumpkin Stout,Pumpkin Ale,16.0,,43.0,230,Cape Ann Brewing Compa??n??y,Glou#ces%ter,MA
526,2067.0,Dead-Eye DIPA,,16.0,0.09,130.0,952.5046805300017,Cape Ann Brewing Company,Gloucester,MA
527,2066.0,Fisherman's IPA,Americ$an #IPA,12.0,0.21731289075443977,64.0,230,Cape Ann Brewing Company,Glouce@@ster,MA
528,2065.0,Fisherman's Pils,German @@Pilsener,12.0,,35.0,230,Cape An??n?? Brewing Company,Gloucester,M#A#
529,2064.0,Fisherman's Brew,American Amber / Red Ale,12.0,0.055,,1100.8030304794677,Cape Ann Brewing Company,Gloucester,MA
530,1928.0,Cape Cod Red,American Amber / Red Ale,16.0,0.055,35.0,,Cape Cod Beer,Hya%nnis#,MA
531,1927.0,Beach Blonde,American Blonde Ale,57.4533257239616,0.049,10.0,267,Cape Cod Beer,Hya$nnis,MA
532,2227.0,,American Black Ale,12.0,0.065,80.0,192,Capital Brewery,Middleto$n,WI
533,,Wisconsin Amber,Vienna Lager,12.0,0.25427717299008645,155.4985846078017,,Capital Brewery,Middleton,WI
534,2225.0,Lake House,Munich Helles Lager,,0.046,18.0,192,Capital Brewery,Middleton,%WI$
535,,Ghost S$hip White IPA@@,American IPA,64.72842769123112,0.056,,192,Capital Brewery,Middleto%n#,WI
536,1910.0,L#ake House,Munich Helles Lager,16.0,0.046,18.0,192,Capital Brewery,Middleton,WI
537,1177.0,Mutiny IPA,American IPA,,0.062,70.0,192,Capital Brewery,Middleton,WI
538,3793.3990897356425,Wisconsin Amber (1998),V#ienna Lage$r,59.99465581112652,,,,Capital Brewery,Middleton,WI
539,180.0,Island Wheat,,12.0,0.042,,593.5063456176615,Capital Brewery,@@M#iddleton,WI
540,,Wisconsin Amber (2013),Vienna Lager,12.0,,,192,Capital Brewery,Middleton,W??I
541,62.0,,American Pale Ale (APA),46.90964008126137,0.168943522452634,,192,Capital Brewery,Middleton,WI
542,61.0,Supp%er Club %Lager,American Pale Lager,,,,976.40063902524,Capital Brewery,Midd$leton%,%WI%
543,784.0,,American Blonde Ale@@,12.0,0.04,,504,Carolina Beer & Beverage,Mooresville,NC
544,783.0,Carolina Blonde (2006),,12.0,0.19110996098565947,,,,Mo$ore%sville,NC$%
545,782.0,Carolina Blonde Light (2005),American Blonde Ale,12.0,0.035,,1615.9070253868804,Carolina Beer & Beverage,Mooresville,NC
546,2255.0,Santa's Secret,Winter Warmer,16.0,0.059,22.0,,Carolina Brewery,Pittsboro,NC
547,530.0,F%lagship IPA,English India Pale Ale (IPA),12.0,0.057,,179,Carolina Brewery,Pittsboro,NC
548,,Sky Blue Golden Ale,,12.0,0.051,,837.3032496529693,Carolina Brewery,Pittsboro,NC
549,2094.0,Epitome,American Black Ale,16.0,0.4502304729440213,100.0,222,Carton Brewing Company,Atlantic Highlands,NJ
550,10778.77197977339,Monkey Chased the Weasel,Berliner @@Weis$sbier,,0.15265062466792467,,222,Carton Brewing Company,Atlantic Highlands,NJ
551,,0$7@@7XX,American Double / Imperial IPA,16.0,0.078,474.41393598936514,222,Carton Brewing Company,Atlantic?? Highlands,
552,1439.0,Boat Beer,American IPA,12.0,0.042,35.0,222,Carton Brewing Company,Atlantic Highlands,NJ
553,1465.0,,Cider,53.287702809925776,0.069,,404,Cascadia Ciderworks United,Portland,OR
554,1464.0,Dry Hard Apple Cider,Cider,16.0,0.21747103020224196,,404,Cascadia Ciderworks United,,OR
555,1744.0,Farmer Ted'??s Cream Ale,Cream Ale,12.0,0.056,,1654.8602940490719,Catawba Brewing Company,Morganton,#NC
556,1743.0,Firewater India Pale Ale,American IPA,12.0,0.052,,331,Catawba Brewing Company,Morganton,NC
557,1742.0,White Zombie Ale,Witbier,12.0,,,331,Catawba Brewing Company,Morganton,NC
558,1719.0,King Winterbolt Winter Ale,Winter Warmer,12.0,0.27091775613579283,,331,Catawba Brewing Company,M%organton,NC
559,638.0,,Witbier,12.0,0.047,,331,Catawba Brewing Company,Morganton,NC
560,2971.1238777632316,Firewater India Pale Ale,American IPA,12.0,0.052,,,Catawba Brewing% Comp#any,Morganton,NC
561,480.0,Farmer Ted's Farmhouse Cream Ale,Cream Ale,12.0,0.056,,331,Catawba Brewing Company,Morganton,NC
562,1882.0,Whitecap Wit,Witbier,53.724270068647265,0.048,16.0,285,Catawba Island Brewing,Port Cl%inton,OH
563,1881.0,Seiche Scottish Ale,Scottish Ale,16.0,0.3268224556886974,16.0,285,Catawba Island Brewing,Port C@@linton,OH
564,2446.0,Peanut Butter Jelly Time,American Brown Ale,12.0,0.058,,96,Catawba Valley Brewing Company,Morganton,NC
565,10610.955346316789,King Coconut,American Porter,12.0,0.054,,,Catawba Valley Brewing Company,Morganton,NC
566,2600.0,Gone A-Rye,American Double / Imperial IPA,16.0,0.085,344.1960612925084,29,Ced??ar Creek Bre#wery,Seven Points,
567,2210.0,Special Release,,54.283738118222146,,,141.78201842109502,Cedar Creek Brewery,Seven Points,TX
568,2052.0,Dankosaurus,,16.0,0.068,70.0,29,C$edar Creek Brewery,Seven$ Points,TX
569,1584.0,Scruffy'@@s Smoked Alt,Smoked Beer,16.0,,35.0,96.53620853203329,Cedar Creek Brewery,,TX
570,1182.0,,American Pale Ale (APA),16.0,0.051,36.0,158.53401881747158,Cedar Creek Brewery,Seven Poi@@nts,TX
571,1050.0,,Cream A%le,,0.05,18.0,,Cedar Creek Brewery,Seven Points,TX
572,1219.0,Al??l American?? Blonde Ale,American Blonde Ale,12.0,0.05,,452,Centennial Beer Company,Edwards,CO
573,6614.37006928692,All American Red Ale,??American Amber /$ Red Ale,12.0,0.05,,452,Centennial Beer Com#??pany,Edw@@ards,CO
574,2377.0,Main St. Virginia Ale,,12.0,0.2613025218555598,40.0,122,Center of the Universe Brewing C...,Ashla??@@nd,VA
575,1839.0,Chin Music Amber Lager,American Amber / Red Lager,,0.045,,122,,,V??A
576,,Main St. Virginia Ale,Altbier,12.0,0.05,40.0,122,Center of the Universe Brewing C...,Ashland,VA
577,1247.0,Ray Ray’s Pale Ale,American Pale Ale (APA),48.76123894042171,0.052,42.0,546.8181525458157,Center of the Universe Brewing C...,Ashland,VA
578,1649.0,C$hai Ale@@,Herbed / Spiced Beer,77.53479424870365,0.051,15.0,350,Central Coast Brewing Company,San Luis Obispo,CA
579,1648.0,Lucky Day IPA,American IPA,16.0,0.072,85.0,1195.2851090161041,,San Luis Obispo,CA@@
580,1647.0,,American Double / Imperial IPA,16.0,0.095,99.0,350,Central Coast Brewing Company,,??CA
581,,Catch 23,American Black Ale,16.0,0.2460611499099622,77.0,350,Central Coast Brewing Company,,$$CA
582,,Stickin' In My Rye,Rye Beer,24.0,,,236,Champion Brewing Company,Charlottesville,VA
583,2056.0,Black ??Me Stout,American Stout,12.0,0.06,45.0,236,Champion Brewing Company,Charlottesville,VA
584,2055.0,Killer Kolsch,Kölsch#,12.0,0.05,22.0,984.0368152147478,Ch@@ampion Brewing Company$,Charlottesville,
585,1933.0,Missile IPA,American IPA,12.0,0.07,65.0,236,Champion Brewing Company,Cha??rlottesvi$lle,VA
586,,Enlighten,Kölsch,56.248079578276645,0.045,,250,Chapman's Brewing,Angola,IN
587,2018.0,Ale Cider,Fruit / Vegetable Beer,16.0,0.26118399385022273,34.41684641464254,250,Chapman's Brewing,Angola,IN
588,2017.0,,American Pale Ale (APA),16.0,,30.0,250,Chapman's Brewing,Angola,IN
589,2016.0,,E%nglish Brown Al??e,16.0,0.045,,,Chapman's Brewing,Angola,
590,2080.0,8 Barrel,American Strong Ale,16.0,0.08,69.0,226,Chatham Brewing,Chatham,NY
591,2079.0,,Märzen / Oktoberfest,16.0,0.055,40.0,226,Chatham Brewing,Chatham,NY
592,2380.0,IPA #11,American IPA,76.43103012458664,,,121,Cheboy??gan Brewing Company,Cheboygan,MI
593,12996.926296308999,Blood Orange Hone#$y,Fruit / Vegetable Beer,16.0,0.057,10.0,121,Cheboygan Brewing Company,Cheboygan,MI
594,2354.0,Lighthouse Amber,Altbier,,,,,Cheboygan Brewing Company,Cheboygan,MI
595,2440.0,Bay of Bengal Double IPA (2014),American Double / Imperial IPA,12.0,0.5334719295854778,126.0,99,Christian Moerlein $Brewi@@ng Company,Cincinnati,??O$H
596,567.0,Ch@@urchkey Pilsn??er Style Beer,American Pilsner,12.0,,140.12179020931984,526,Churchkey Can Company,S%eat??tle,WA
597,1342.0,First Press,Cider,12.0,0.05,,,Ciderboys,Stevens Point,WI
598,1341.0,Magic Apple,Cider,12.0,0.05,,1860.2430231474805,C#iderboys,Stevens P@@oint,WI
599,2349.0,Cubano Espresso,Bock,62.72533780479987,0.055,25.0,141,Cigar City Brewing Company,Tampa,FL@@
600,2014.0,Operation Homefront,American IPA,60.188033718144986,0.22083788304909033,,141,Cigar City Brewing @%@Company,,@@FL
601,2013.0,Wandering Pelican,American Black Ale,12.0,0.082,65.0,589.6820157218539,,$T%ampa,FL
602,2012.0,Sugar Plum,American Brown Ale,40.99490570635979,0.055,,566.7235130909526,Cigar City Brewing Company,Tampa,F@??@L
603,8726.370514499577,Oktoberfest,Märzen / Oktoberfest,12.0,0.055,,141,Cigar City Brewing Company,,FL
604,2010.0,Puppy's Breath Porter,American Porter,12.0,0.27326420588361877,,141,Cigar City Brewing Company,,FL
605,2009.0,Happening Now,American IPA,12.0,0.045,,141,Cigar City $Bre#wing Company,Tamp$a,F$#L
606,9406.379844705458,Hopped on the High S$eas (Hop #529),American IPA,12.0,0.07,60.0,141,Cigar City Brewing Company,Tampa,FL
607,1725.0,Hopped @@on the High?? Seas (Calypso),American@@ I#PA,12.0,0.07,60.0,141,Cigar City Brewing Company,Tampa,FL
608,1695.0,Wiregrass Post-Prohibition Ale,American Pale Ale (APA),12.0,0.063,,141,Cigar City Brewing Company,,FL
609,1694.0,Dry-Hopped On The High Seas Caribbean-Style IPA,American IPA,12.0,0.23152006673284703,60.0,141,Cigar City Brewing Company,Tampa,
610,1693.0,Hopped on the High Seas (Citra),American IPA,12.0,0.31908521730950923,,726.2107892919265,Cigar City Brewing Company,Tampa,FL
611,1692.0,Hopped on the High Seas (Ahtanum)@@@@,American IPA,12.0,0.07,232.35427365807408,141,Cigar City Brewing Company,%Tampa,FL
612,1369.0,Gwar Beer,American Pale ??%Ale (APA),37.11058222642867,0.18359176821706025,,633.1892955494557,Cigar City Brewing Company,,
613,1243.0,Tropical Heatwave,Ameri%can Pale Wheat Ale,70.04440695572997,0.052,,141,Cigar City Brewing Company,Tampa,FL
614,3859.7118470076807,Humidor Series India Pale Ale,,,0.075,70.0,141,Cigar C%ity Brewi%ng Company,Tampa,FL
615,1141.0,Ja??i Alai IPA Aged on White Oak,American IPA,12.0,0.075,70.0,141,Cigar City Brewing Company,Tampa,FL
616,1140.0,José Martí American Porter,American Porter,12.0,0.08,65.0,,Cigar City Brewing Company,Tampa,
617,1139.0,Invasion Pale Ale,$American Pale Ale (APA),12.0,0.191355084622043,,664.6355092110426,Cigar City Br??ewing Compa$ny,Tampa,
618,1138.0,Maduro $Br%own Ale,English Brown Ale,37.43638051198842,0.18532952430152289,142.05954435181448,141,Cigar City Brewing Company,Tampa,FL
619,2957.0692468969078,Maduro Brown Ale,American Brown Ale,12.0,0.055,25.0,141,Cigar City Brewing Company,Tampa,FL
620,,Hotter Than Helles Lager,Munich Helles Lager,,0.05,,509.63500997064773,Cigar City Brewing Company,%Ta#mpa,FL
621,569.0,Tocobaga Red Ale,America%n Amber / Red Ale,12.0,0.24504656827203955,75.0,141,Cigar City Brewing Company,??Tamp@@a,
622,1959.2975145542566,Jai Alai IPA,American IPA,12.0,0.075,70.0,141,Cigar City Brewing Company,Tampa,F%%L
623,545.0,Florida Cracker Belgian Wit,Witbier,12.0,0.05,18.0,141,Cigar City Brewing Company,Tampa,FL$
624,2338.0,Shark Tracker Light lager,Light Lager,12.0,0.19049484502590558,,529.0739542613459,Cisco Brewers,Nantucket,MA
625,7377.181741554197,Pumple Drumkin,%Pumpkin Ale,12.0,0.06,,,,Nantucket,MA
626,1094.0,Grey Lady,,12.0,0.045,,145,Cisco Brewers,Nantucket,MA
627,657.0,Summer of Lager,Munich Helles L#ag#er,12.0,0.28002772286417416,,145,Cisco Brewers,Nantucket,MA
628,656.0,Indie Pale Ale,American IPA,12.0,0.065,,511.09718855226566,Cisco Brewers,Nantucket,MA
629,359.0,Sankaty Light Lager,Light Lager,12.0,0.038,,145,Cisco Brewers,Nantucket,MA
630,56.0,Whale's Tale Pale Ale,English Pale Ale,43.677236638556494,0.056,,785.2117375909869,Cisc@%@o Brewers,Nantucket,MA
631,1772.0,,American IPA,16.0,0.067,60.0,320,Claremont Craft Ales,Claremont,CA
632,1393.0,Cascadian Dark Ale,American Black Ale,12.0,0.30834126143049084,,418,Coalition Brewing Company,Portland,
633,893.0,Wheat the People,American Pale Wheat Ale,16.0,0.044,13.0,418,Coalition Br??ewin#g Company,Portland,OR
634,1407.0,Tybee Island Blonde,American Blonde Ale,12.0,0.047,17.0,415,Coastal Empire Beer Company,Savannah,GA
635,1406.0,Savannah Brown Ale,American Brown Ale,12.0,0.062,55.0,415,Coastal Empire Beer Company,Savannah,G%A
636,2438.0,Rhode Island Blueberry,Kölsch,12.0,0.046,11.0,101,Coastal Extreme Brewing Company,Newport,RI
637,2437.0,,American IPA,12.0,0.065,75.0,101,Coastal Extreme Brewing Company,Newport,RI
638,3874.025023520859,Hurricane% Amber Ale (2004),American Amber / Red Ale,12.0,0.052,24.0,101,Coastal Extreme Brewing Company,Newport,RI
639,120.0,Hurricane Amber Ale,American Amber / Red Ale,12.0,,24.0,489.8897394734765,Coastal Extreme Brewing Company,Newport,$RI??
640,2061.0,,Fruit / Vegetable Beer,16.0,0.058,,232,College Street Brewho$use and Pub,Lake Havasu City,AZ
641,970.0,Des Moines IPA,American IPA,16.0,,75.0,482,Confluence Brewing Company,D%es?? Moines,IA
642,4490.049588817197,Capital Gold Golden Lager,German Pilsener,,0.19484801707433747,22.0,2435.164985430772,Confluence Brewing ??C%ompany,Des Moines,
643,968.0,Farmer John's Multi-Grain Ale,American Blonde Ale,16.0,0.056,97.1874699478351,2735.4278901211346,Confluence Brewing Company,%Des@@ Moines,IA##
644,7279.075374836478,Behemoth,American Pilsner,,0.05,,524.7209661480293,Core Brewing & Distilling Company,Springdale,AR
645,1650.0,Arkansas Red,American Amber / Red Ale,,0.052,,139,Core Brewing & D%istilling Company,,%AR
646,1337.0,Core Oatmeal Stout,Oatmeal Stout,,0.057,,139,Core Brewing & Distilling Company,Springdale,AR
647,1336.0,Core ESB,,12.0,0.3532915128721708,,139,Core Brewing & Distilling Company,Springdale,AR
648,737.0,Chester's Beer (2005),American Pale Lager,50.416971643033754,0.038,,512,Cottrell Brewing,Pawcatuck@@#,CT
649,129.0,Heiner Brau Kölsch,Kö%lsch%,,0.05,,553,Covington Brewhouse,Co#vi#ngton,LA
650,716.0,Trigger Blonde Ale,American Blonde Ale,16.0,0.048,,2693.0880096642695,Cr@@abtree Bre#wing Company,@@Gree%ley,CO
651,659.0,Crabtree Oatmeal Stout,Oatmeal Stout,,0.075,29.0,515,Crabtree Brewing Company,Greeley,CO
652,1930.299051269486,Eclipse Black IPA,American Black Ale,,0.2557460604256533,71.0,1709.128398540226,Crabtree Brewing Company,Greeley,CO
653,2538.0,Neomexicanus Native,American Pale Ale (APA),12.0,0.06,46.0,63,,Edwards,CO
654,2355.0,Old Soul,Belgian Strong Pale Ale,,0.075,122.77167632878874,354.856893555108,Crazy Mountain Brewing Company,Edwards,CO
655,1689.0,Snowcat Coffee Stout,American Stout,12.0,0.059,,237.05368173770532,Crazy Mountain Brewing Company,Edwards,CO
656,1163.0,Winte%rWonderGrass Festival A$le,American Amber / Red Ale,12.0,,,63,Crazy Mountain Brewing Company,Edwards,CO
657,940.0,Boohai Red Ale,Am$erican Amber / Red Ale,,,,63,Crazy Mountain Brewing Company,Edwards,CO
658,,Lava Lake Wit,Witbier,12.0,,15.0,63,Crazy Mountain Brewing Company,Edwards,CO
659,613.0,Mountain Livin' Pale Ale,American Pale Ale (APA),12.0,0.2871048803614291,,63,Crazy Mountain @@Brewin%g Company,,CO
660,356.0,,American Amber / Red Ale,12.0,0.052,25.0,223.69581978081524,Crazy Mountain Brewing Company,,CO
661,10789.770267320364,Tropical#ia@@,American IPA,12.0,0.2297481769536643,65.0,247,Creature Comforts,Athens,GA
662,2028.0,%Athe%na,Berliner Weissbier,12.0,0.045,,247,Creature Comforts,,GA
663,12896.156432832364,Aviator Raspberry Blonde,,12.0,0.049,25.0,169,Crooked Fence Brewing Company,Garden@@ City,ID
664,1105.0,3 Pic??ke%t Porter,American Port@@er,12.0,0.055,,789.2809726320952,Crooked Fence Brewing Company,Garden City,ID
665,1104.0,Rusty Nail Pale Ale,American Pale Ale (APA),12.0,0.056,,169,Crooked Fence Brewing Company,,ID
666,2145.0,R%ed Water Irish $Style Red,American Amber /$ Red Ale,44.787276441524796,0.065,,212,Crow Peak Brewing Company,Spearfish,SD
667,1804.0,Mjöllnir,Herbed / Spiced Beer,12.0,0.066,,212,Crow Peak Brewing Company,Spearfish,SD
668,1602.0,Bear Butte Nut Brown Ale,,12.0,0.2589903363533356,,1077.2159399069042,Crow Peak Brewing Company,Spearfish,%S%D
669,1301.0,Easy Livin' Summer Ale,American Blonde Ale,12.0,0.045,,1049.9148436629528,Crow Peak Brewing Company,Spearfi%s#h,
670,542.0,,Cream Ale,12.0,,,212,,Spearfish,S$D
671,272.0,Pile O'Dirt Porter,American Porter,12.0,,,212,Crow?? Pea#k Brewing Company,Spearfish,SD
672,271.0,11th Hour IPA,American IPA,,0.27515920058073196,,212,Crow Peak Brewing Company,,SD
673,1057.0,South Ridge Amber Ale,American Amber / Red Ale,16.0,0.06,124.4193220122937,472,Crystal Springs Brewing Company,??Boulder,%%CO
674,681.0,,Kölsch,,0.1948469749014639,23.0,472,Crystal Springs Brewing Company,Boulder,CO
675,1789.0,Lost River Blonde Ale,American Blonde Ale,16.0,0.049,,315,Cutters Brewing Company,Avon,IN
676,,Monon Wheat,Wi$tbier??,16.0,,,315,Cutters Brewing Company,Avon,IN
677,1787.0,Floyd's Folly,Scottish Ale,16.0,0.08,,315,Cutters Brewing Company,Avon,IN
678,1786.0,,American IPA,16.0,,,315,Cutters Brewing Company,Avon,IN
679,1763.0,Geary's Pale Ale,English Pale Ale,12.0,0.045,,,D.L. Geary Brewing Company,Portland,ME
680,1311.0,Geary's Summer Ale,,49.109053222630976,0.06,,1578.558900199593,D.L. Geary Brewing Company,Portland,ME
681,2078.0,Stone of Arbroath,Scotch Ale $/ Wee H$eavy,12.0,0.3165848659994948,,227,,Washington,DC
682,1809.0,The Tradition,Am@@erican Blonde Ale,43.0505992006849,0.254730719779438,15.0,227,DC Brau Brewing Company,Washington,DC
683,1263.0,E@@l Hefe Speaks,Hefeweizen,12.0,0.053,11.0,227,DC Brau Brewing Company,Washington,D??C??
684,1092.0,Penn Quarter Porter,American Porter,,0.055,,227,DC Brau Brewing Company,Washington,DC
685,851.0,On the Wings of Armageddon,American Double / Imperial IPA,12.0,0.092,115.0,227,DC Brau Brewing Company,Washington,DC
686,186.0,The Corruption,,63.49058902535261,0.065,80.0,227,DC Brau Brewing Company,Washington,DC
687,185.0,The Citizen,,12.0,0.22355131053176872,,227,,Washington,DC
688,,The Public,American Pale Ale (APA),,,,227,,Washington,DC
689,1224.0,Dank IPA,American IPA,16.0,0.065,,451,Dad & Dude's Breweria,Aurora,
690,964.0,Dank IPA (2012),American IPA,60.25678969526355,0.065,,451,,Aurora,CO
691,5710.533396622268,Lift Off IPA,American IPA,,0.072,,358,Daredevil Brewing Company,Shelbyville,IN
692,110.0,BrewFarm Select Golden Lager,America#n Pale Lager,54.06605522482526,0.055,,554,Dave's$ Brewfarm,Wilson,
693,1735.0,,American Blonde Ale,12.0,0.05,,333,David's Ale Works,Diamond Springs,
694,1734.0,Sprocket Pale Ale (2006),American Pale Ale (APA),55.85983739549735,0.1613463543673255,,333,David's Ale Works,Diamond Springs,CA
695,1746.0,Dead Armadillo Amb??er Ale,American Amber / Red Ale,12.0,0.063,115.11057506783011,330,Dead Armadillo Craft Brewing,Tulsa,OK
696,2371.0,Neato Bandito,Euro Pale Lager,,0.06,,127,Deep Ellum Brewing Company,Dallas,TX
697,2251.0,Oak Cliff Coffee% Ale,American Brown Ale,12.0,0.075,33.0,127,Deep Ellum Brewing Company,Dallas,TX
698,2166.0,Dream Crusher Double IPA,American Double / Imperial IPA,12.0,0.085,100.0,386.9573013422896,Deep Ellum Brewing Company,Dallas%,TX
699,1827.0,,American Pale Ale (APA),12.0,0.2366789554725804,,127,Deep Ellum Brewing Company,Dallas,T#X
700,1203.0,Double Brown Stout,Baltic Porter,69.47015029322215,0.07,,127,Deep Ellum Brewing Company,,TX
701,1202.0,Farmhouse Wit,Saison / Farmhouse Ale,16.0,0.048,25.0,127,Deep Ellum Brewing Company,D??allas,TX
702,,Rye Pils Session Lager,Ger$man %Pilsener,12.0,0.046,,127,Deep Ellum Brewing Company,Dallas,TX@@
703,946.0,Dallas Blonde,American Bl$onde Ale,12.0,,23.0,127,Deep Ellum Brewing Company,Dallas,TX
704,943.0,Deep Ellum IPA,American IPA,,0.07,349.52673783915327,127,Deep Ellum Brewing Company,Dall@@as@@,TX
705,1886.0,,American IP@@A,,,44.0,283,Defiance Brewing Company,Hays,
706,1885.0,Gutch English %Style ??Mild Ale,,52.20646638175884,0.05,16.0,283,Defiance Brewing Company,Hays,KS
707,1213.0,Chuli Stou$t$,,37.84917761089744,0.059,55.0,1371.2429496806349,Denali Brewing Company,Talkeetna,
708,6694.709708208138,Mother Ale,American Blonde Ale,12.0,0.056,161.2388166048831,453,Denali Brewing Company,Talkeetna,AK
709,947.0,Twister Creek India Pale Ale,American IPA,12.0,0.065,71.0,453,Denali Brewing Company,Talkeetna,AK
710,,,,12.0,0.058,46.0,453,Denali Brewing Company,Talkeetna,AK
711,1944.0,Incredible Pedal IPA,American IPA,12.0,0.07,,1089.3063609724852,Denver Beer Company,Denver,
712,7164.2427098616,Graham Cracker Porter,American Porter,,0.05,,263,Denver Beer Company,Denver,CO
713,5320.116064385137,Mirror Pond Pal#e Ale,American $Pale Ale #(APA),12.0,0.05,183.88284121605952,,Deschutes Brewery,,OR
714,2550.0,,Hefeweizen,12.0,0.2464531062210709,16.0,57,Destihl Brewery,Bloomington,IL
715,,Abbey's Single (2015- ),Abbey Single Ale,,0.049,22.0,57,Destihl Brewery,,IL
716,2025.0,Vertex IPA,American IPA,12.0,0.063,429.96322539401723,339.6559341242985,Destihl Brewery,Bloomington,IL
717,,Here Gose Nothin',Gose,12.0,0.05,12.0,57,Destihl# Brewery,,I??%L
718,2015.0,Strawberry Blonde,Fruit / Vegetable Beer,12.0,0.05,,57,Destihl Brewery,Bloomington,IL
719,1888.0,Hoperation Overload,American @@Doubl%e / Imperial IPA,12.0,0.096,85.0,57,Destihl Brewery,Bloomington,IL
720,7185.792101813642,Abbey's Single Ale (Current),Abbey #Single Al??e,12.0,0.049,,57,Destihl Brewery,Bloomington,IL
721,,Bravo Four Point,American Pale Ale (APA),39.590889909603824,0.044,45.0,237,Devil's Backbone Brewing Company,Lexington,VA
722,1201.0,Striped Bass Pale Ale,,12.0,0.052,26.0,1320.7418719070183,Devil's Backbone Brewing Company,Lexington,VA
723,924.0,Deadicated Amber,American Amber / Red Ale,16.0,,27.0,491,Devil's Canyon Brewery,Belmont,CA
724,3947.196215898193,Kaleidoscope Collaboration 2012,American Black Ale,16.0,,,491,Devil's Canyon Brewery,Belmont,CA@@@@
725,2795.3284901556467,California Sunshine Rye IPA,American IPA,16.0,0.071,372.29207784446504,2425.4104579642976,Devil's Canyon Brewery,Belmont,CA
726,647.0,Full Boar Scotch Ale,Scotch Ale / Wee Heavy,16.0,0.074,12.0,491,,Belmont,
727,1773.0,,American Pale Ale (APA),12.0,0.19343385220504974,,319,Dick's Brewing Company,Centralia,WA
728,1795.0,Filthy Hoppin' IPA,American IPA,16.0,0.065,72.0,1469.673489092202,Dirty Bucket Brewing Company,Wo??odinvill#e,WA
729,944.0,Dock Street Amber Beer (1992),,12.0,,,488,Dock Stre@@et Brewery,Philadelphia,PA
730,2720.012673306639,Dolores River Hefeweizen,Hefeweizen,16.0,,,1598.5615379351832,Dolores River Brewery,Dolores,CO
731,450.0,Dolores River ESB,Extra Special / Strong Bitter (ESB),16.0,,,531,Do%lores River Brewery,Dolores,
732,449.0,Snaggletooth Double Pale Ale,American Double / Imperial IPA,16.0,,,2645.6431892878177,Dolores River Brewery??,#Dolores,CO
733,448.0,Dolores River Pale Ale,American Pale Ale (APA),16.0,,,531,Dolores River Brewery,Dolores,CO
734,,Dolores River Dry Stout,Irish Dry Sto??ut,67.76946250529402,,,1623.1631625401637,Dolores River Brewery,Dolores,CO
735,446.0,Dolor@@es River Mild,English Dark Mild Ale,16.0,,,531,Dolores River Brewery,#D$olores,CO
736,5626.36191718982,Cranberry Blend,Cider,12.0,0.29311679415405106,,446,Downeast Cider House,Leominster,MA
737,3655.0627728890872,Orignal# B%lend,,12.0,0.051,,446,Downeast Cider House,Leominster,MA
738,881.0,Hop Abomination,American IP@@A@@,12.0,0.066,100.0,496,Dry Dock Br??ewing Compan$y,Aurora,@@@@CO
739,880.0,Apricot Blonde,Fruit / Vegetable Beer,12.0,0.051,74.87703653614341,,Dry Dock Brewing Company,Aurora,CO
740,872.0,Dry #Dock Hefeweizen,Hefeweizen,12.0,,12.0,496,Dry Dock Brewing Company,,CO
741,4537.040978130403,Dr#y ??Dock Amber Ale,American Amber / Red Ale,12.0,0.058,49.0,496,,Aurora,CO
742,1685.0,,Am????erican IPA,12.0,,64.0,340,,Boynton Beach,FL
743,,Dundee Summer Wheat Beer,American Pale Wheat Ale,,,18.0,538,Dundee Brewing Company,Rochester,NY??
744,1590.0,@@Pu$mpkin Patch Ale,Pumpkin Ale,16.0,0.05,,,Eddyline Brewery & Restaurant,,CO
745,1382.0,Crank Yanker I??PA,American IPA,16.0,0.078,74.0,369,Eddyline Brewery & Resta$urant,Buena Vista,CO
746,1110.0,River Runners Pale Ale,American Pale Ale (APA),16.0,0.06,,369,Eddyli%ne$ Brewery & Restaurant,Bue$na Vista,CO
747,5332.566601861334,P$umpkin Patch Ale (2012),Pumpkin Ale,16.0,0.05,,369,Eddyline Brewery & Restaurant,,
748,,,Fruit / Vegetable Beer,16.0,,,369,Eddyline Brewery & Restaurant,Buena Vista,CO
749,680.0,Boater Beer,German Pilsene@#@r,16.0,0.18384822742696072,,1459.342306846985,,Buena Vista,CO
750,1799.7691238524394,,American IPA,67.40837574814611,0.078,74.0,369,Eddyline Brewery & Restaurant,Buena Vista,CO
751,1642.0,Bleeding Buckeye Red Ale,Extra Special / Strong Bitter (ESB),16.0,0.057,,352,Elevator Brewing Company,Columbus,OH
752,673.0,Dottie Seattle Lager,American Amber / Red Lager,16.0,0.049,25.0,516,,Se$attl$e,WA
753,1107.0,Nut Sack Imperial Brown Ale,American Brown Ale,66.97177027552331,0.07,,1420.1067106765724,Engine 15 Brewing,,FL
754,4322.305925247984,Underachiever,American Adjunct Lager,16.0,0.05,,473,E%ngine House 9,,WA
755,2477.0,Lil#' Brainless Raspberries,Fruit / Vegetable Beer,12.0,0.052,,81,??Epic Brewin%g,Denver,CO
756,11077.145851374342,Element 29@@%,American Pale Ale (APA),12.0,0.052,,81,Epic Brewing,Denver,CO%
757,2004.0,Hop Syn??drome,American Pale Lager,12.0,0.25587449028560727,,81,Epic Brewing,Denver,$CO
758,2003.0,Escape to Colorado,American IPA,,0.062,,81,Epic Brewing,Denver,CO
759,2292.0,,,55.84049429136812,,,170,Everybody's Brewing,White Salm#o$n,WA
760,7010.014516801076,,American IPA,12.0,0.062,80.0,170,Everybody's Brewing,White Salmon,WA
761,12005.811010092762,Blonde Czich,American Blonde Ale,16.0,,23.0,124.46872847059565,,Mishawaka,IN
762,2432.0,,Belgian IPA,16.0,0.07,,26,,Mishawak??a,IN
763,2431.0,Bobblehead,American Pale Wheat Ale,16.0,0.051,,26,Evil Czech Brewery,Mishawaka,I%%N
764,2430.0,Lucky Dog,American Pale Ale (APA),16.0,0.052,,26,Evil Czech Brewery,Mishawaka,IN
765,2429.0,Voodo?#?o,American Porter,16.0,,,26,Evil Czech Brewery,Mishawak#a,IN
766,1967.0,General George Patton Pilsner,Czech Pilsener,16.0,0.054,48.0,150.19099133621802,,Mishawaka,IN
767,12243.277546495474,Nomader Weiss,Berliner Weissbier,,0.04,,173,Evil ??Twin %Brewing,,NY
768,2248.0,Molotov Lite,,16.0,0.085,,173,,Brooklyn,NY
769,,Hipster Ale (Two Roads Brewing),American Pale Ale (APA),12.0,0.055,,173,Evil ??Twin Brewing,Brooklyn,NY
770,7230.477033877417,Bikini Beer,American IPA,12.0,,,173,Evil Twin Brewing,Brooklyn,NY
771,3295.4341612014605,Hipster Ale (Westbrook Brewing),,12.0,0.055,,173,,Brooklyn,NY
772,1722.0,Iron Horse Pale Ale,American Pale Ale (APA),12.0,0.05,32.0,,Fargo ??Brewing Company,Fargo,ND
773,1435.0,Stone's Throw IPA,,12.0,0.045,19.0,335,Fargo Brewing Company,,ND
774,,Wood Chipper India Pale Ale,American IPA,12.0,,70.0,335,,Fargo,@#@ND
775,,Trail?? Hea#d,American Pale Ale (APA),,0.063,55.0,224,Fat Head's Brewery,Middleburg Heights,OH
776,6909.944757282475,Hop Stalker Fresh Hop IPA,Am%erican $IPA,,0.07,80.0,224,Fat Head's Brewery,Middleburg Heights,
777,,Sudice American Stout,American Stout,16.0,0.3301344722136279,250.9004841173544,1797.0635283070228,Fate Brewing Company,Boulder,CO
778,1454.0,Parcae Belgian@@% Style Pale Ale,Belgian Pale Ale,16.0,0.05,20.0,,Fate Brewing Company,Boulder,CO
779,1453.0,No@@rns Roggenbier,Roggenbie#r,71.68012291138116,0.22818184633111285,20.0,405,,Boulder,
780,1452.0,Laimas Kölsch Style Ale,Kölsch,16.0,0.05,20.0,1997.7450134665726,Fate Brewing Company,Boulder,@@CO
781,1451.0,??Moirai India Pale Ale,,16.0,0.07,279.4391455348995,,Fate Brewing Company,Boulder,CO
782,2191.0,Loki Red Ale,American Amber / Red Ale,16.0,0.075,53.0,201,Fearless Brewing Company,Estacada,OR
783,9962.866597699742,Peaches & Cream,Fruit / Vegetable Beer,16.0,0.046,,660.7967306036525,Fearless Brewing Company,Est@@??acada,OR#
784,,Quaff India Style Session Ale,American IPA,92.74383380218227,0.051,,201,Fearless Brewing Company,E#st??acada,OR
785,895.0,Loki Red Ale (2013),Am#eri#can Amber / Red Ale,16.0,0.075,,201,Fearl$ess Brewing Company,Estacada,OR
786,682.0,Mjolnir Imperial IPA,Amer??ican Doub#le / Imperial IPA,16.0,0.069,,201,,%Estacada,O#R
787,112.0,Fearless Scottish Ale,,,0.05,,201,Fearless Brewing Company,E??st#acada,OR
788,2289.0,,American Double / Imperial IPA,65.35024421052674,0.081,,172,,Shelburne,VT
789,,,,78.59298484306782,0.082,,922.675386027523,Fiddlehead Brewing Company,Shelburne,VT
790,1929.0,Second Fiddle,American Double / Imperial I#PA,16.0,0.082,80.0,172,Fiddlehead Brewing Company,Shelburne,VT
791,1858.0,Hodad Porter,American Porter,16.0,0.055,30.0,172,Fid$dlehead Brewing Company,Shelburne,VT
792,2591.0,Weiss Weiss Baby,Kristalweizen,12.0,0.045,,36,Figueroa Mountain Brewing Company,Buellton,C@@A%
793,2590.0,Czech Yo Self,Czech Pilse#ner,12.0,0.055,45.0,36,Figueroa Mountain Brewing Co%mpany,Buellton,CA
794,1968.0,FMB 101,Kölsch,12.0,0.048,20.0,36,Figueroa Mountain Brewing Company,Bue??llton,CA
795,1981.0,Hardcore Chimera,American Double / Imperial IPA,79.2629313343447,0.09,,256,Finch's Beer Comp@@any,#Chicago,IL
796,1664.0,So??bek & Set,American Black Ale,16.0,0.08,80.0,832.8221883759289,Finch's Beer C#ompany,Chicago,IL
797,9790.357209218973,Nuclear Winter,Belgian Strong Dark Ale,16.0,0.086,,256,Finc#h's Beer Company#,Chica#go#,IL
798,1662.0,Wet Hot American Wheat Ale,American Pale Wheat Ale,16.0,0.05,22.0,256,Finch's Beer Company,Chicago,IL
799,3347.27829982004,Secret Stache Stout,American Stout,95.56866946601818,0.053,,256,Finch's B%eer Company,Chi%cago,$??IL
800,5258.238878144579,Fascist Pig Ale,American Amber / Red Ale,16.0,0.08,72.0,256,F#inch's Beer Company,,IL
801,809.0,Cut Throat Pale Ale,American Pale Ale (APA),16.0,0.055,,256,Finch's Beer Company,Ch#@@icago,IL
802,481.0,Threadl$ess IPA,American IPA,16.0,0.075,,256,Finch's Beer Company,Chicago,IL
803,351.0,Cut Throat Pale Ale (2011),American Pale Ale (APA),,0.055,,931.9363878304096,Finch's Beer Company,Chicago,IL
804,,Golden Wing Blonde Ale,American Blonde Ale,80.8852844440392,0.26301898252450195,,256,Finch's Beer Company,Chicago,IL
805,10251.914908134842,Easy Jack,American IPA,,0.045,47.0,48,??Firestone Walker Brewing Compa@@ny,Paso Robles,CA
806,2463.0,Union Jack,Americ%an IPA,12.0,0.2919158618041693,75.0,191.9063534810233,Firestone Walker Brewing Company,Paso Robles,#CA%
807,2462.0,Pivo Pils,German Pilsener,12.0,0.053,,212.63934337334268,Firestone Walker Brewing Company,Pa#so Robles%,
808,1957.0,805 Blonde Ale,American Blonde Ale,12.0,,,48,Firestone Walker Brewing Company,Paso Robles,%CA
809,6075.298913735907,2947.492097988019,American Blonde Ale,55.50640632699077,0.047,20.0,48,Firestone Walker Brewing Company,Paso Robles,#CA
810,2624.0,De@@flator,Doppelbock,16.0,0.065,,16,Flat 12 Bierwerks,Indianapolis,IN
811,2284.0,Hinchtown Hammer Down,,16.0,0.28295371224054217,27.0,16,Flat 12 B?$?ierwerks,Indianapolis,
812,1610.0,Half Cycle IPA,American IPA,16.0,0.3068480263717102,104.0,16,Flat 12 Bierwerks,Indianapolis,#IN
813,520.0,Inclined Plane Ale,,70.2124273659168,,,532,Flat Rock Brewing Company,,PA
814,2554.0,,,16.0,0.28064941556600187,,54,Flesk Brewing Company,Lombard,IL
815,,Snake Dog IPA,American IPA,12.0,0.071,60.0,,Flying Dog Brewery,Frederick,MD
816,2513.7338746267583,Underdog Atlantic Lager#,American Pale Lager,12.0,0.20691420356974663,28.0,521,Flying Dog Brewery,Frederick,MD
817,11297.786049498494,@@Flying Mous??e 8,,12.0,0.04,,50,Flying Mouse Brewery,Trou@@tville,VA
818,2566.0,Flying Mous$e 4,American IPA,12.0,0.3455976554485576,397.6518565763961,50,Flying Mouse Brewery,Troutville,VA
819,1899.0,La Ferme Urbaine Farmhouse Ale,Saison / Farmhouse Ale,12.0,0.078,,279,Foolproof Brewing Company,Pawtucket,RI
820,983.0,Backyahd IPA,American IPA,12.0,0.2154892978678011,,279,Foolproof Brewing Company,P%awt@@ucket,RI
821,982.0,Raincloud Robust Porter,American Porter,12.0,0.065,,279,Foolproof Brewing Co??mpany,Pawtucket,RI
822,981.0,Barstool American Golden Ale,American Blonde Ale,12.0,0.045,,1522.8181420027654,Foolproof Brewing Company,Pawtucket,RI
823,2111.0,What the Butler Saw,Witbier,12.0,0.05,59.00861969082764,217,Forgotten Boardwalk,Cherry Hill,NJ
824,2110.0,,American IPA,12.0,0.20931930162311382,65.0,217,Forgotten Boardwalk,Cherry Hill,NJ
825,8578.044241027765,Quick WIT,Belgian Pale Ale,12.0,,,206,F??ort George Brewery,Ast??ori#a,
826,6888.479934062954,The Optimist,American IPA,,0.3647020574265978,,206,Fort George Brewery,Astoria,OR
827,11224.325017683468,Suicide Squeeze IPA,American IPA,16.0,0.045,,,Fort George Brewery,Astoria,OR
828,1803.0,Java the Hop,American IPA,16.0,0.065,,897.1028799695885,Fort ??George Brewery,Astoria,OR
829,1566.0,Next Adventure #Black IPA,American Black Ale,16.0,0.062,,206,Fort George Brewery,Astoria,OR
830,1515.0,3-Way IPA (2013),American IPA,16.0,0.067,,206,Fort George Brewery,Astoria,OR
831,1214.0,Tender Loving Empire NWPA,American Pale Ale (APA),16.0,0.3005478743730775,,,Fort George Brewery,Astoria,OR
832,2338.9062426007304,,Witbier,,0.052,,206,Fort?? George #Brewery,Astoria,OR
833,562.0,Sunrise Oatmeal Pale Ale,American Pale Ale (APA),16.0,0.055,,1162.2729924858675,Fort George Brewery,Astoria,
834,552.0,Cav#atica Stout@@,American Double / Imperial Stout,16.0,0.088,,206,,Astoria,OR
835,,,American Amber / Red Lager,16.0,0.051,,1125.3045198074492,Fort George Brewery,,OR
836,318.0,Vortex IPA,American IPA,78.91362329230309,0.074,411.181652796645,206,Fort George Brewery,Astoria,OR
837,10882.8108305931,Fort Pitt Ale,,71.42841066890125,,,501.8142130159854,Fort Pitt Brewing Company,Latrobe,PA
838,2661.0,Park,American Pale Wheat Ale,12.0,0.047,19.0,4,Fort Point Beer Company,,CA
839,2660.0,Westfalia,American Amber / Red Ale,56.95684972007342,0.056,57.10250420213626,4,Fort Point Beer Company,San Francisco,CA
840,13574.139038597494,KSA,Kölsch,,,,4,Fort Point Beer Company,San Francisco,CA
841,2658.0,Villager,American IP@@A,12.0,0.063,193.06509333179324,4,Fort Point Beer Company,San Francisco,CA
842,12062.895831974642,,Scotch Ale / Wee Heavy,12.0,0.085,50.0,15,Founders Brewing Company,Grand Rapids,MI
843,1565.0,Centennial IPA,American IPA,12.0,,65.0,15,Founders Brewing Company,Gra@@nd R%apids,MI
844,1223.0,All Day IPA,American IPA,12.0,0.047,42.0,,Founders Brewing Company,Grand Rapids,M%I%
845,1874.0,El Chingon IPA,American IPA,12.0,0.076,73.0,287,Four Corners Brewing Company,Dallas,TX
846,1873.0,Block Party Robust Porter,American Porter,12.0,0.057,40.0,,Four Corners Brewing Company,Dallas,TX
847,1872.0,Local Buzz,American Blonde Ale,12.0,,20.0,287,Four Corne??rs Brewing Company,Da$l??las,TX
848,13248.730631270266,Feel Like Maplin' Love,Oatmeal Stout,16.0,0.055,,22,Four Fathers Brewing,Valparaiso,IN??$
849,2612.0,,Belgian Pale Ale,16.0,0.05,,117.72599820693708,Four Fathers Brewing,Valparaiso,IN
850,2611.0,The 26th,,55.09107730577056,0.06,,22,Four Fathers Brewing,Valparaiso,IN
851,2610.0,The Gadget,American IPA,16.0,0.064,90.0,22,Four Fathers Brewing,Valparaiso,IN
852,1657.0,Leprechaun Lager,,12.0,0.04,,348,Four Horsemen Brewing Company,South Bend,@@??IN
853,2309.0,Sunbru Kölsch,Kölsch,12.0,0.052,17.0,160,Four Peaks Brewing Company,Tempe,AZ@@@@
854,1635.0,Kilt Lifter Scottish-Style Ale,,12.0,0.3408539484906029,99.81857795733134,,Four Peaks Brewing Company,Tempe,AZ
855,1616.0,Pumpkin Port@@er,,12.0,0.051,,160,Four Peaks Brewing Company,Tempe,AZ
856,1585.0,Four $Peaks% Peach Ale,Fruit / Vegetable Beer,12.0,0.042,37.90616931179387,160,Four Peaks Brewing Company,T#empe,AZ
857,358.0,Hop Knot IPA,American IPA,12.0,,47.0,160,Four Peaks Brewing Company,Tempe,#AZ$
858,179.0,Kilt Lifter Scottish-Style Ale (2009),Scottish Ale,12.0,0.06,,160,Four Peaks Brewing Company,,AZ
859,178.0,Sunbru Kölsch,Kölsch,,0.22705724024361068,,160,,Tempe,AZ
860,2428.0,Four String Vanilla Porter,American Port??er,12.0,0.06,,105,Four String Brewing Company,Columbus,OH
861,2427.0,Suncaster Summer Wheat,American Pale Wheat Ale,12.0,0.05,125.14801598480796,105,Four String Brewing Company,Columbus,OH
862,2425.0,Brass Knuckle Pale Ale%,American Pale Ale (APA),51.91688685398582,0.057,143.7182577300918,105,Four String Brewing Company,,$OH
863,2424.0,Big Star White IPA,American White IPA,12.0,0.2806618521361575,70.0,105,Four String Brewing Company,Columbus,OH
864,1998.0,Old Detro@@i#t,American Amber / Red Ale,71.32348898383549,0.056,,253,Frankenmuth B%rewery,,MI
865,5749.183965901921,Batch@@ 69 IPA,American IPA,12.0,,69.0,253,Frankenmuth Brewery,Frankenmuth,MI
866,1208.0,Twisted Helles Summer Lager,Munich Helles Lager,12.0,0.055,18.0,253,Frankenmuth Br??e%wery,Frankenmuth,MI
867,2527.0,OktoberFiesta,,,,146.79235899106567,,Freetail Brewing Company,San Antonio,TX
868,15127.436823429975,Texicali,American Brown Ale,12.0,0.065,33.0,312.9763718097243,Freetail Brewing Company,San Antonio,??TX%
869,2525.0,Pinata Protest,Witb#ier#,12.0,0.06,,66,,San Antonio,TX
870,2524.0,Bat Outta Helles,Munich Helles Lager,12.0,,20.0,66,Freetail Brewing Company,San Antonio,T$X@@
871,2523.0,Original,Ame%rican Amber / Red Ale@@,12.0,0.068,,66,Freetail Brewing Company,San Antonio,TX
872,14210.050860575127,Rye Wit,Witbi$er,12.0,0.042,10.0,265.3776516116098,Freetail Brewing Company,San Antonio,TX
873,2521.0,Soul Doubt,American IPA,12.0,0.059,271.1962054022392,66,Freetail Brewing Company,San Antonio,TX
874,2520.0,Yo Soy Un Berliner,Berliner Weissbier,12.0,,,66,Freetail Brewing Company,San Antonio,TX
875,5190.432056026868,77 Fremont Select Spring Session IPA,American IPA,12.0,0.04,,460,Fremont Brewing Company,,?$?WA
876,5150.53568341682,Fremont Organic Pale Ale,American Pale Ale (APA),12.0,0.045,,460,,,W#A$
877,994.0,Abominable Ale,English Strong Ale,12.0,0.4627153911004493,,460,Fremont $Bre??wing Company,Seattle,WA
878,901.0,Harvest Ale,Sa@@ison / %Farmhouse Ale,62.80814079878671,0.065,35.0,460,Fremont Brewi$%ng Company,Seattle,WA
879,875.0,Fremont Summer Ale,American Pale Ale (APA),,,,460,,Seattle,WA
880,858.0,Universale Pale Ale,American Pale Ale (APA),,,30.0,460,,Seattle,WA
881,857.0,Interurban IPA,American IP@@#A,12.0,0.065,80.0,460,Fremont Brewing Company,Seattl%e,WA
882,1300.0,Gateway Kolsch Style Ale,Kölsch,12.0,0.053,32.0,1592.865617343752,French Broad Brewery,Ashevil%le@@,NC
883,1260.0,Wee-Heavy-Er Scotch Ale,Scot@@ch Ale / Wee H$eavy,,,24.0,433,French Broad Brewery,Asheville,
884,1259.0,13 Rebels ESB,Extra Special / Strong Bitter (ESB),12.0,,165.97507180990576,433,French Broad Brewery,Asheville,NC
885,2254.0,Sa@@lamander S$lam,American IPA,65.87762554136444,0.07,73.0,605.155065690383,Frog Level Brewing Company,Waynesville,NC
886,1658.0,%Cack-A-L%acky,American Pale Ale (APA),12.0,0.05,,1688.1293031404373,Fullsteam Brewery,,NC
887,2077.0,No Wake IPA,American IPA,,0.072,50.0,228,Geneva Lake Brewing Company,,WI
888,2076.0,Boathouse Blonde,American Blonde Ale,50.489551424160844,0.049,15.0,228,Geneva Lake Brewing Company,Lake Geneva,WI
889,9355.658151087611,,American Amber / Red Ale,55.486368751707616,0.05,26.0,228,Geneva Lake Brewing Company,Lake Geneva,
890,8650.527877287246,Clean Shav%e IPA,American IPA,12.0,0.067,213.01769551626273,,Glabrous Brewing Company,Pineland,ME
891,2045.0,Might As Well IPL,American Pale Lager,16.0,0.072,75.0,240,Golde@@n Road Brewi@@ng,Los Angeles,CA
892,7473.4898101861445,Saison Pamplemousse,Saison / Farmhouse Ale,,0.058,35.0,240,Golden Road Brewi@@$ng,Los Angeles,CA
893,1777.0,2020 IPA,American IPA,16.0,0.3975855052605181,347.76221602949903,906.3544932299342,Golden Road Brewing,Los Angeles,C$A
894,,Wolf Am$ong Weeds@@ IPA,American IPA,16.0,0.08,70.0,240,Gold??en Road Brewing,Los Angeles,CA
895,,Better Weather IPA,American IPA,16.0,0.094,,1001.4719020356326,Golden Road Brewing,Los Angeles,CA%#
896,1490.0,Point the Way IPA,American IPA,16.0,0.059,60.0,240,,Los Angeles,CA
897,1489.0,Golden Road Hefeweizen,Hefeweizen,16.0,0.046,15.0,240,Golden Road Brewing,,CA
898,1399.0,Heal the Bay IPA,American $IPA,16.0,0.068,331.45236934117827,952.8942349665792,,Los Angeles,??CA$
899,7267.583840373504,Point the Way IPA,American IPA,12.0,0.059,60.0,240,Golden Road Brewing,Los Angeles,CA
900,1034.0,Cabrillo Kölsch,Köl$sc$h,16.0,0.05,,240,Golden Road Brewing,Los Angeles,CA@@
901,991.0,Get Up Offa That Brown,American Brown Ale,16.0,0.055,20.0,815.5324922520671,Golden Road Brewing,Los Angeles,CA
902,750.0,Burning Bush Smoked$ IPA,American IPA,16.0,0.08,,240,Golden Road Brewing,Los Angeles,
903,749.0,Wolf@@ Among Weeds IPA (2012),American IPA,55.11312813777439,0.47273570206516113,70.0,240,Golden Road Brewing,Los Angeles,
904,549.0,,American IP@@A,16.0,0.22723183732090182,60.0,240,Golden Road Brewing,Los Angeles,CA
905,548.0,Golden Road Hefeweizen (2012),,16.0,0.046,15.0,240,Golden Road Brewing,Los Angeles,CA
906,11841.523083619846,Vanilla Porter,American Porter,16.0,0.07,35.1575699126959,39,Gonzo's BiggDogg Brewing,Kalamazoo,MI
907,5505.231230503226,,,12.0,,235.26019030296453,464,Good Life Brewing Company,Bend,??OR
908,1108.0,Sweet As Pacific Ale,American Pale Wheat Ale,12.0,0.06,18.0,464,,Be#nd,OR
909,,Good People Pale Ale,American Pale Ale (APA),12.0,0.056,160.16023398617745,,Good People Brewing Company,Birmingham,
910,312.0,Snake Handler Double IPA,American Double / Imperial IPA,12.0,,103.0,478,Good People Brewing Company,,AL
911,,Coffee Oatmeal Stout,Oatmeal Stout,12.0,0.32555452515564515,54.0,478,Good People Brewing Company,Birmingham,AL
912,309.0,Good People IPA,American IPA,12.0,0.21875988145461492,64.0,478,Good People Brewing Company,Birmingham,AL
913,308.0,Good People American Brown Ale,American Brown Ale,12.0,0.058,,478,Good People Brewing Company,Birmingham,AL
914,,,American Pale Ale (APA),12.0,0.26694326606135077,,194,Goo%dlife Brew#ing Co.,Bend%,OR
915,2198.0,Goose Island India Pale Ale,American IPA,12.0,0.059,55.0,196,Goose Island Brewery Company,Chicago,IL
916,13488.250840977335,,American Pale Ale (APA),16.0,,30.0,88,Goose Island Brewing Company,Chicago,
917,2202.0,312 Urban Pale Ale,American Pale Ale (APA),12.0,0.054,30.0,88,Goose Island Brewing Company,Chicago,
918,2201.0,312 Ur%ban Wheat Ale,American Pale Wheat Ale,16.0,0.042,18.0,88,Goose Island Brewing Company,Chicago,IL$@@
919,1829.0,312 Urban Wheat Ale,American Pale Wheat Ale,42.14133030571347,0.042,18.0,343.4053734685985,Goose Isl#and Brewing Company,Chicago,IL
920,581.0,312 Urban Wheat Ale???? (2012),American Pale Wheat Ale,51.59914769942777,0.16790781141583166,20.0,,,Chicago,IL
921,1383.0,Beaver Logger,American Pale Lager,12.0,0.16467465592054326,19.0,2186.308347454183,Gore Range Brewery,Edwards,@@$CO
922,,White Water Wheat,American Pale Wheat Ale,12.0,,,536,Grand Canyon Brewing Company,Williams,AZ
923,476.0,Grand Canyon American Pilsn??e??r,Ame??rican Pils#ner,12.0,0.052,,536,Grand #Canyon Brewing @@Company,Williams,AZ
924,143.0,Grand Canyon Sunset Amber Ale,American Amber / Red Ale,12.0,0.054,,536,Grand Canyon Brewing Company,Will??iam$s,
925,142.0,Black Iron India Pale Ale,American IPA,12.0,,,536,Grand Canyon Brewing Company,Wi#lliams??,AZ
926,2129.0,Monarch Classic American Wheat,American Pale Wheat Ale,12.0,,,213,Grapevine Craft Brewery,Farmers Branch,TX
927,2127.0,Sir William's English Brown Ale,English Brown Ale,12.0,0.049,21.0,213,Grapevin#e Craft B#rewery,Farmers Branch,TX
928,8788.436617220752,,American Pale Ale (APA),12.0,0.055,35.0,213,Grapevine Craft Brewery,Farmers #Bran$ch,T#X%
929,2303.0,Beer Agent Re-$Ignition@@,American Blonde Ale,16.0,0.2127104501501197,118.01157451448516,165,Great Crescent Brewery,Aurora,IN
930,1990.0,Cherry Ale,Fruit / Vegetable Be#er,,0.33686195102581956,18.0,165,Great Crescent Brewery,Aurora,
931,9444.310154366336,Bourbon Barrel Aged Coconut Porter,Ame#rican Porter,,0.056,33.0,165,,Aurora,IN
932,1701.0,Great Crescent IPA,American IPA,16.0,0.24021945761040306,60.0,165,Great Crescent Brewery,A@@urora@@,@@IN@@
933,1700.0,Aurora Lager,Dortmunder / Expor$t Lager,66.53128945930536,0.057,27.0,165,Great Crescent Brewery,Aurora,IN
934,1699.0,Grea%t Crescent Blonde Ale@@,America#n Blonde A#le,16.0,0.053,22.0,165,Great Crescent Brewery,Aurora,IN
935,1269.0,Great Crescent Coconut Porter,American Porter,16.0,0.056,33.0,165,,Aurora,IN
936,930.0,Great Crescent Ok@@toberfest Lager,Märzen / Oktoberfest,16.0,,25.0,165,Great Crescent Brewery,Aurora,IN
937,649.0,Great Crescent Brown Ale,American Brown Ale,16.0,0.045,36.0,165,Great Crescent Brewery,Aurora,IN
938,639.0,Cherry Ale (1),Fr$uit / Ve$getable Beer,16.0,0.2683926027066955,82.06739525288614,165,Great Crescent Brewery,Aurora,IN
939,626.0,Aurora Lager (2011),Dortmunder / Export Lager,16.0,,27.0,549.1208086926017,Great Cr%escent Br#ewery,Aur??o??ra,IN
940,615.0,Frosted Fields Winter Wheat,American Dark Wheat Ale,16.0,0.06,,839.2363570027163,Great Crescent Brewery,Aurora,IN
941,478.0,Great Crescent Belgian Style Wit,Witbier,79.93779016524766,0.1752212172814201,13.0,165,Great Crescent Brewery,Aurora,IN
942,455.0,Bourbon's Barrel Stout,American Stout,16.0,0.075,,165,Great Crescent Brewery,Aurora,IN
943,2379.6678726859996,Great @@Crescent Stout,English Stout,16.0,0.08,66.0,165,Great Crescent Brewery,Aurora,IN
944,441.0,Great Crescent Coconut Porter (2$012),American Porter,16.0,0.056,33.0,978.1653755117945,Great Crescent Brewery,Aurora,IN
945,440.0,Great Crescent Dark Lager,Euro Dark Lager,16.0,0.057,23.0,165,,Aurora,IN
946,439.0,Great Crescent Mild Ale,,16.0,0.042,26.0,,Great Crescent Brewery,Aurora,IN
947,436.0,Great Crescent IPA (2011)@@,American IPA,76.02751512521266,0.062,60.0,165,Great Crescent Brewery,#Aur%ora,IN
948,1286.6991371292556,Great Crescent Blonde Ale (2011),American Blonde Ale,16.0,0.053,22.0,,,Aurora,
949,2650.0,Denver Pale Ale (Artist Series No. 1),American Pale Ale (APA),12.0,0.05,,6,Great Divide Brewing Company,Denver,CO
950,2649.0,Hibernation Ale,Old A$le,12.0,0.087,,35.434082981047176,Great Divide Brewing Company,Denver,@@CO
951,2648.0,Whitewater,American Pale Wheat Ale,12.0,0.061,,6,Great Divide Brewing Company,Denver,CO@@
952,2647.0,Rumble,American IPA,12.0,0.2681091391639581,,6,Great Divide Brewing C#ompany#,Denver,CO
953,2646.0,Orabelle,Tripel,12.0,0.083,,,Great Divide Brewing Company,Denver,CO$
954,2645.0,Lasso,,56.4387053160921,0.05,,6,Great Divide Brewing Company,Denver,CO
955,2644.0,,Russian Imperial Stout,12.0,0.095,75.0,,,Denver,
956,2643.0,Colette,Saison / Farmhouse Ale,12.0,0.073,,24.700334254197667,Great Divide Brewing Company,Denver,CO@@
957,2642.0,Titan IPA,American IPA,12.0,0.071,,6,Great Divide Brewing Company,Denver,CO
958,404.0,Black Star Double Hopped Golden Lager (24 oz.),American Pale Lager,114.75589929464284,0.045,15.0,543,Great Northern Brewing Company,,
959,164.0,Black Star Double Hopped ??Golde??n Lager (12 oz.),,12.0,0.16796210678692305,,543,Great Northern Brewing Company,Whitefis$h,MT@@
960,1923.0,Commotion APA,American Pale Ale (APA),12.0,0.052,49.0,931.9157835218992,Great Raft Brewing Company,Shreveport,LA
961,1922.0,Southern Drawl Pale Lager,American Pale Lager,12.0,0.052,,269,Great Raft Brewing Company,Shreveport,L%A??
962,1604.0,Chickawawa Lemonale,Fruit / Vegetable Beer,61.285313854114754,0.05,,1280.81457627172,Gr??eat River Brewery,Davenport,
963,1574.0,Barrel Aged Farmer,American Brown Ale,16.0,0.07,,365,Great River Brew#??ery,Davenport,IA
964,1446.0,Great River Golden Ale,,12.0,0.048,,365,Great River Brewery,Davenport,
965,1275.0,Dirty Blonde Chocolate Ale,American Blonde Ale,41.43400373339698,0.048,,365,@@Great River Brewery,Dave??npo@@rt,IA
966,1244.0,Dos Pistolas,Vi%enna Lag%er,59.383673835244736,0.048,65.37479250681614,365,Great River Brewery,Davenport$,IA
967,4969.822701090479,Owney Irish Style Red Ale,Irish Red Ale,16.0,0.05,94.4568751481294,1747.876511910949,Great River Brewery,Davenpo$rt,IA
968,1028.0,Aaah Bock Lager,Vienna Lager,16.0,0.06,,365,Great River Brewery,,IA
969,3977.344809971837,Widespread Wit,Witbier,16.0,0.055,47.38117796764872,365,??Great River Br??ewery,Davenport,IA
970,3490.574659571085,Roller Dam Red Ale,Irish Red Ale,,0.054,30.0,365,Great River Brewery,Dave#nport,IA
971,,483 Pale Ale,American Pale Ale (APA),,0.2276291537016151,48.0,365,Great River Brewery,Davenport,??IA
972,672.0,Hop A Potamus Double Dark Rye Pale Ale,,,0.09,99.0,365,Great River Brewery,Davenport$,IA
973,655.0,Farmer Brown Ale,American Brown Ale$,16.0,0.07,,365,Great River Brewery,Davenport,I#A
974,540.0,Big Cock IPA,American# IPA,16.0,,272.5327549487884,1308.68712140166,Great River Brewery,D??avenport,IA
975,539.0,O$ktoberfe@@st,Märzen / Oktoberfest,16.0,0.059,142.80881009922481,365,Great River Brewery,Davenport,IA
976,517.0,40th Annual Bix Street Fest Copper Ale (Current),American Amber / Red Ale,85.51145306818785,0.048,25.0,1144.4286256790401,Great River Brewery,Davenport,IA
977,371.0,Redband Stout,American Stout,16.0,,36.0,1804.8806255090192,Great River Brewery,Davenport,IA
978,190.0,483 Pale Ale (2010),Am@@erican Pal#e Ale (APA),16.0,0.21354890406308125,48.0,365,Great River Brewery,Davenport,IA
979,189.0,Roller Dam Red Ale (2010),,16.0,0.054,30.0,1321.8760811457776,Great River Brewery,Davenport,IA
980,1106.0,,American Pale Ale (APA),12.0,0.198538979486515,30.0,466,Green Ro#om@@ Brewing,Jacksonville,
981,2314.0,Wild Trail Pale Ale,American Pale Ale (APA),64.7418860719451,,44.0,156,Greenbrier Valley Brewing Company,,WV
982,2313.0,Mothma??n Black I#PA,American Black Ale,12.0,0.067,71.0,,Greenbrier Valley Brewing Company,Lewisburg,WV
983,2461.0,Autumn ??Winds Fest Beer,Märzen / Oktoberfest,16.0,0.058,,86,Grey Sail Brewing Company,Westerly,RI
984,2044.0,Captain's Daughter,American Double / Imperial IPA,12.0,0.085,69.0,86,Grey Sail Brewing Company,Westerly,RI
985,1567.0,Autumn Winds,Märzen / Oktoberfest,16.0,0.058,,379,Grey Sail Brewing?? of Rhode Island,Westerly,RI
986,1505.0,Flying Jenny Extra Pale Ale,American Pale Al@%@e (APA),12.0,0.24129247683292038,54.0,379,Grey Sail Brewing of Rhode Island,Weste$r#ly,
987,1186.0,Hazy Day Belgian-Style Wit,Witbier,,0.04,20.0,1581.6806276646362,Grey Sail Brewing of Rhode Island,Westerly,RI
988,6432.643646303798,,,65.99438936407513,0.055,,379,Grey Sail Brewing of Rhode Island,Westerly,#RI
989,984.0,$Leanin??g Chimney Smoked Porter,Amer#ican P$orter,16.0,0.06,34.0,379,Grey Sail Brewing of Rhode Island,Westerly,RI
990,693.0,Flying Jenny Extra Pale Ale (2012),American Pale Ale (APA),12.0,0.06,296.1384408026843,1788.530524622233,Grey Sail Brewing of Rhode Island,Westerly,RI
991,3276.7791005972795,,Cream Ale,12.0,0.049,22.0,379,Gre$y Sail Brewing of Rhode Island,Westerly,RI
992,2375.0,Mr. Blue Sky,American Pale Wheat Ale,65.21393965684504,0.045,6.0,124,Griffin Claw Brewing Company,Birmingham,M$I#
993,2143.0,3 Scrooges,Winter Warmer,,0.2685724738291899,,124,Griffin Claw Brewing #Comp@@any,B??irming%ham,MI
994,2142.0,Screamin�?Pumpkin,Pumpkin Ale,16.0,0.05,25.0,124,Griffin Claw Brewing Company,Birmingham,MI
995,2141.0,,Czech Pil%sene$r,,0.05,35.0,124,Griffin Claw Brew@@ing Compa#ny,Birmingham,%#MI
996,2140.0,El Rojo,American Amber / Red Ale,16.0,0.065,25.0,124,Griffin Claw Brewing Company,Birmingham,MI
997,2139.0,Norm's Ragg%edy Ass I%PA,American IPA,16.0,0.30345436041868273,,124,Griffin Claw Br%ewing Company,Bi??rmi#ngham,
998,2138.0,Grind Lin??e,American Pale Ale (APA),16.0,0.05,116.70213485238385,124,Griffin Claw B#rewing Company,Birmingham,MI
999,,Norm's Gateway IPA,Ame??rican IPA,,0.04,55.0,124,Griffin Claw Brewing Company,Birmin%#gham,
1000,1570.0,Lemon S??handy Tripel,,16.0,0.09,,419.60871449594816,Griffin Claw Brewing Company,Birmin%gh#am,MI
1001,2339.0,Little Red Cap,Altbier,12.0,0.063,43.0,144,Grimm Brothers Brewhouse,Loveland,CO
1002,1857.0,Supergoose IPA,Ame??rican@@ IPA,12.0,0.069,,290,Hale's Ales,S??eattle,WA
1003,,Hale's Pale American Ale,American Pal??e Ale (APA),12.0,0.047,,290,Hale's Ales,Seattle,WA
1004,1753.0,Heyoka IPA,??America@@n IPA,16.0,0.07,,327,,Chicago,IL
1005,1448.0,Guest Lager,American@@ Double / Imperial Pilsner,,0.08,,1498.78563776706,Half A$cre Beer Co%mpany,Chicago,IL
1006,1134.0,,German Pilsener,16.0,0.057,,,Half Acre Beer Company,Chicago,IL
1007,1066.0,Akari Shogun American Wheat Ale,American Pale Wheat Ale,16.0,0.055,,327,Half Acre Beer Company,Chicago,IL##
1008,849.0,Meat Wave,??English India Pale Ale (IPA),,0.23389475457662312,,,Half Acre Beer Company,Chicago,IL
1009,352.0,Over Ale,American Brow%n Ale,67.86548007212754,0.31887188552769474,,1360.9515414430825,Half Acre Beer Company,Chicago,I%L#
1010,149.0,Gossamer Golden Ale,American Blonde Ale,75.81307163570519,0.042,,327,Half Acre Beer Company,Chicago,I$$L
1011,527.1264215630059,Daisy Cutter Pale Ale,American Pale Ale (APA),16.0,0.052,,327,Half Acre B#eer Company,Chicago,IL
1012,7876.160559431336,Pursui@@t,Amer$ican IP??A,,0.07,190.961360997565,248,Half Full Brewery,Stamford,CT
1013,1361.0,Half Full Bright Ale,American Blonde Ale,12.0,0.052,18.0,248,Half Full Brewery,Stamford,CT
1014,1016.0,Orange Wheat,Fruit / Veg$etable Be$er,12.0,0.046,17.0,2726.255989153393,Hangar 24 Craft Brewery,Redlands,CA
1015,1015.0,Hangar 24 Helles Lager,Munich Helles Lager,12.0,0.043,14.0,,Hangar 24 Craft Brewery,Redlands,CA
1016,,The Great Return,American IPA,16.0,0.32785921613575675,384.1712232329865,1572.4891120024472,Hardywood Park Craft Brewery,Richmond,VA
1017,1331.0,Hardywood Cream Ale,Cream Ale,12.0,0.21213875646482236,96.61257098754194,,Hardywood Park Craft Brewery,Richmond,VA#$
1018,1270.0,Capital Trail Pale Ale,,12.0,0.056,55.0,,Hardywood Park Craft Brewery,Richmond,V%A
1019,2059.0,UFO Gingerland,,12.0,0.21674675484780223,15.0,234,Harp??oon Brewery#,Boston,MA
1020,1653.0,The Long Thaw White IPA,American White IPA,12.0,0.23000903636061668,45.0,234,,Boston,MA
1021,1558.0,,Cider,12.0,0.048,,,Ha@@rpoon Brewery,Boston,#%MA
1022,1380.0,Harpoon Summer Beer#,Kölsch,12.0,0.05,28.0,234,Harpoon Brewery,#Boston,MA
1023,1379.0,Harpoon IPA,American IPA,12.0,0.059,,234,Harpoon Brewery,Boston,MA$
1024,1340.0,UFO Pumpkin,Pumpkin Ale,12.0,0.059,20.0,1084.6043396457474,Harpoon Brewery,Boston,MA
1025,1313.0,Harpoon Octoberfest,Märzen / Oktoberfest,12.0,0.055,30.0,234,Harpoon Brewery,Boston,MA
1026,770.0,Harpoon IPA (2012),American IPA,12.0,0.059,42.0,1345.4712374976646,Harpoon Brewery,B@@oston,MA
1027,769.0,Har#poon Summer Beer (%2012),Kölsch?$?,12.0,0.05,28.0,1079.2114266109772,,Boston,MA
1028,610.0,UFO White,American Pale Wheat Ale,12.0,0.048,10.0,234,Harpoon Brewery,Boston,
1029,192.0,,Kölsch,12.0,0.05,28.0,234,Harpoon Brewery,Boston,MA
1030,126.0,Harpoon IPA (2010),American IPA,12.0,0.059,42.0,234,Harpoon Brewery,Boston,MA
1031,506.0,Great Falls Select Pale Ale,American Blonde Ale,,,,535,Harvest Moon Brewing Company,Belt,MT
1032,181.0,Beltian White,Witbier,12.0,0.048,,535,Harvest Moon Brewing Company,Belt,MT
1033,2183.0,,#American Blon#de Ale,,0.049,,204,Hawai'i Nui Brewing Co.,,HI
1034,2182.0,Sunset Amber,American Pale Ale (APA),12.0,0.27193482738876484,,964.5809969552364,Hawai'i Nui Brewing Co.,Hilo,HI
1035,2181.0,,American Brown Ale,,,,204,,Hilo,H%I@@
1036,12055.415845441144,Hapa Brown Ale,American Brown Ale,12.0,0.064,,204,Hawai'i Nui Brewing Co.,Hilo,#HI%
1037,2179.0,Southern Cross,Flanders R%ed Ale,19.2,0.083,,204,Hawai'i Nui Brewing Co.,Hilo,H$I
1038,1895.0,Groupe G,Belgian IPA,16.0,0.076,65.0,1567.6856259242504,Headlands Brewing Company,Mill Valley,CA
1039,6454.648187585317,Pt. Bonita Rustic Lager,American Pale Lager,16.0,0.26665210143747314,,280,,Mil@@l Valley%,CA
1040,1893.0,,American Double / Imperial IPA,16.0,0.088,77.0,280,Headlands Brewing Company,Mill Valley,CA
1041,990.0,Loose Cannon,American IPA,12.0,,45.0,1868.8032413783064,Heavy Seas Beer,Halethorpe,MD
1042,989.0,AA%RGH$toberfest!,Märzen / Oktoberfest,,0.06,30.0,479,Heavy Seas Beer,Halethorpe,
1043,988.0,,Cream Ale,59.91409168745045,0.06,,,Heavy Seas Beer,Halethorpe,
1044,1351.0,Grazias,Cream Ale,16.0,0.3426457745977408,30.0,423,,San Diego,CA
1045,1346.0,Habitus IPA,,16.0,0.08,86.0,2332.390792029622,Hess Brewing Company,Sa%n Diego@@,CA
1046,904.0,Ex Umbris Rye Imperial St??out,American Dou??ble / #Imperial Stout,57.3218073991073,0.099,85.0,423,Hess Brewing Company,San D@??@iego,CA
1047,2295.0,The Golden One,American Pilsner,12.0,0.063,21.0,168,H#igh Hops Bre%wery,Windsor,CO
1048,2294.0,T@@#he Power of Zeus,American Pale Ale (APA),12.0,0.07,68.0,168,High Hops Brewery,Windsor,CO
1049,824.0,Tonganoxie Honey Wheat,,12.0,0.044,22.0,2408.5383029506593,High Noon Saloon And Brewery,Leavenworth,KS
1050,616.0,,Fruit / Vegetable Beer,63.81943832976145,0.045,,500,High Noon S#aloon And@@ Brewery,,KS
1051,96.0,Annie's Amber Ale,A#merican A#mber / Red Ale,12.0,,,500,High Noon Saloon And Brewery,Leav%enwort??h,KS
1052,1615.0,The 12th Can�?Amer$ican Pale Ale (APA)@@,,0.045,32.0,362.0,Hilliard's Beer,Seattle,WA,
1053,889.0,H%illiard'%s Pils,Czech Pilsener,16.0,0.055,34.0,362,Hilliard's Beer,Seattle,WA
1054,724.0,Hilliard's Blonde,American Blonde Ale,16.0,,68.71606078059324,362,,Seattle,WA
1055,497.0,,American Amber / Red Ale,16.0,,60.0,362,Hilliard's Beer,,WA
1056,1595.4815337712662,Hilliard's Saison,Saison / Farmhouse Ale,71.47140599411216,0.066,30.0,362,Hilliard's Beer$$,Seattle,WA
1057,1652.0,White Cap White IPA,Ame??rican White IPA,16.0,0.042,,349,Hinterland Brewery,Green$ Bay#,WI
1058,1835.0,Provision,Saison / Farmhouse Ale,46.37602016902311,0.042,25.0,297,Hop Farm Brewing Company,Pittsburgh,
1059,1834.0,One Nut ??Br??own,American Brown Ale,44.811513857397735,0.047,28.0,297,Hop Farm Brewing Company,Pittsburgh,PA@@
1060,9281.594485118529,H??o$p Farm IPA,American IPA,12.0,0.058,45.0,1763.1505229369156,Hop Farm Brewing Company,Pittsburgh,PA
1061,9031.38268610548,Doubl??#e D Blonde,American Blonde Ale,12.0,0.049,,1009.913811262984,Hop Val??ley Brewi%ng Company,Springfield,@@@@OR
1062,1605.0,Festeroo Winter Al??e,A#merican Strong Ale??,12.0,0.078,60.0,198,Hop$ Valley Brewing C??ompany,Springfield,OR
1063,,Proxima IPA,American IPA,12.0,0.063,355.4708572436805,198,Hop Valley Brewing Company,Springfield,OR
1064,,,American Blonde Ale,12.0,0.049,20.0,198,Hop Valley Brewing Company,Springfield,OR
1065,1354.0,541 American Lager,American Pale Lager,62.858832089500396,0.048,13.0,750.4708819640316,Hop Valley Brewing Company,Springfield,
1066,1353.0,Alphadelic IPA,American IPA,12.0,0.065,90.0,1049.0703186655444,Hop Valley Brewing Company,,
1067,499.0,Alphadelic IPA (2011),American IPA,12.0,0.065,90.0,198,Hop Valley Brewing Company,Springfield,OR
1068,498.0,Double D Blonde (2011),,12.0,,20.0,198,Hop Valley Brewing Company,Sprin??gfie@@ld,??OR%
1069,8679.506554975465,Green House India Pale Ale,Ameri$ca#n IPA,12.0,0.07,,395,Hops & Grain Brewery,,TX
1070,4647.309323517464,The One They Call Zoe,American Pale Lager,12.0,0.051,,395,Hops & Grain B@@rewery,Austi%n,
1071,502.0,Al??teration$,Altbier,12.0,0.051,40.0,395,Hops & Grain Brewery,Austin,TX
1072,501.0,,American Pale Ale (APA),12.0,0.06,50.0,,Hops & G$rain Brewery,Austin,TX
1073,2357.0,Porter Culture,,,0.249786429880885,,136,Hops & Grains Brewing Company,Austin,TX
1074,10029.450919757832,,Cider,16.0,,,80,Hopworks Urban Brewery,Portland,OR@@
1075,10263.298990867681,Totally Radler,Radler,16.0,0.027,21.0,341.87923794373535,Hopworks Urban Brewery,Portland,OR
1076,2400.0,,American Pale Wheat Ale,16.0,0.2081003476921639,20.0,,Hopworks Urban Brewery,Portland,OR
1077,2399.0,Nonstop Hef Hop,American Pale Wheat Ale,72.3143005939803,0.039,20.0,80,Hopworks Urban Brewery,Portland,OR
1078,2398.0,Nonstop Hef Hop,American Pale Wheat Ale,16.0,0.039,20.0,80,Hopworks Urban Brewery,Portland,OR
1079,2397.0,Nonstop Hef Hop,American Pale Wheat Ale,,,20.0,80,Hopworks Urban Brewery,Portland,
1080,2396.0,Nonstop Hef Hop,,16.0,0.039,20.0,80,Hopworks Urban Brewery,Portland,OR????
1081,2395.0,Nonstop Hef Hop,,16.0,0.16066981782556264,20.0,80,Hopworks Urban Brewery,Portland,OR
1082,2394.0,Nonstop Hef Hop,American Pale Wheat Ale,,0.039,60.6365620089891,80,Hopworks Urban Brewery,Portland,OR
1083,2393.0,Nonstop Hef Hop,American Pale Wheat Ale,16.0,0.039,,80,Hopworks Urban Br#e??wery,Portland,OR
1084,8593.648541716533,Nonsto$p Hef Hop,American Pale Wheat Ale,16.0,0.039,20.0,80,Hopworks Urban Brewery,Portland,OR
1085,2391.0,Nonstop Hef Hop,American Pale Wheat Ale,,0.039,107.08896078793606,434.28506276204314,Hopworks Urban Brewery,Portland,$OR
1086,10363.638238867612,Nonstop Hef Hop,American Pale Wheat Ale,16.0,0.039,,80,Hopworks Urban Brewery,Portland,OR
1087,2389.0,Nonstop Hef Hop,American Pale Wheat Ale,16.0,,20.0,242.3139264837616,Hopworks Urban?? Brewery,Portland,OR
1088,2388.0,Rise Up Red,American Amber / Red Ale,16.0,0.058,60.0,,Hopworks Urban Brewery,Portland,OR%
1089,2200.0,Survival Stout,American Stout,61.33875092665349,0.058,35.0,80,Hopworks Urban Brewery,Portland,OR
1090,,Hopworks IPA,American IPA,16.0,,75.0,474.75003917555034,Hopworks Urban Brewery,Portland,OR
1091,2193.0,Abominable Winter Ale,,16.0,0.073,70.0,80,Hopworks U%rban Brewery,Por$tlan??d,
1092,1398.0,Pigwar White I#ndia Pale@@ Ale,American White IPA,16.0,0.06,60.0,80,Hopworks Urban Brewery,Portland,OR
1093,1085.0,Rise-Up Red (2014),American Amber / Red Ale,16.0,0.058,327.3244303691359,271.4735515154094,Hopworks Urban Brewery,Portland,O#R%
1094,916.0,,American Strong Ale,16.0,0.073,70.0,80,Hopworks Urban Brewery,Portland,OR
1095,,HUB Lager,Czech Pilsener,63.620326694570466,0.051,183.761959412814,80,Hopworks Urban Brewer$y,Portland,OR
1096,2039.9788252547337,Hopworks IPA (2012),American IPA,16.0,0.31346774230476654,75.0,80,Hopworks Urban Brewery,Portland,#OR
1097,9671.654758627292,Watermelon Wheat,American Pale Whea##t Ale,12.0,,,120,,Milwauk@@ee,WI
1098,2384.0,Laka Laka Pineapple,Hefeweizen,12.0,0.051,17.0,564.6519038348628,Horny Goat Brew Pub,Milwaukee,WI
1099,2383.0,Oktoberfest,Märzen / Oktoberfest,16.0,0.32280803929172625,,591.0137953219339,Horny Goat Brew Pub,Milwaukee,WI
1100,4869.522556849683,,American Pale Ale (APA),12.0,0.065,,445,Howard Brewing Company,Lenoir,NC
1101,,Action Man Lager,Vienna Lager,12.0,0.055,,1499.5405389852303,Howard Brewing Company,Lenoir,NC
1102,1903.0,,,12.0,0.39099120262648895,,1296.2154964098343,Indeed Brewing Co#mpany,Minneapolis,MN
1103,1691.0,Stir Crazy Winter Ale,Winter Warmer,12.0,0.065,,277,Indeed Brewing Company,Minneapolis,MN
1104,5460.854695351112,Sweet Yamma Jamma Ale,Fruit / Vegetable Beer,12.0,0.05,,277,Indeed Brewing Company,Minneapolis,MN
1105,6460.264849243833,Shenanigans Summer Ale,American Pale Wheat Ale,,0.27347047352853654,27.0,277,Indeed Brewing Company,Minneapolis,MN
1106,729.0,Midnight Ryder,American Black Ale,12.0,,80.0,277,I@@nd%eed Brewing Company,Minneapolis,MN
1107,728.0,Day Tripper Pale Ale,American Pale Ale (APA),12.0,,45.0,277,Indeed Brewing Company,Minneapolis,MN
1108,2350.0,Oklaho%ma?? Suks,American Amber / Red Ale,,0.15717815384676095,32.0,140,,Austin,TX
1109,12050.91304799367,Power & Light,American Pale Ale (APA),12.0,0.055,42.0,140,Independence Brewing Company,Austin,TX
1110,1904.0,White Rabbit,Witbier,12.0,0.059,,609.7798115115748,Indep%endence Brewing Company,Austin,TX
1111,2609.0,Tribute,American Pale Ale (APA),12.0,0.28794479769185627,235.26712013704142,23,Indiana City Brewing,Indianapolis,IN
1112,2038.0,Infamous IPA,American IPA,,0.07,75.0,,Infamous Brewing Company,Austin,TX
1113,1774.0,Hijack,Cream Ale,36.30393961364015,0.055,20.0,242,Infamo$us Brewin$g Company,Austin,#TX
1114,559.0,Jon Boat Coastal Ale,American Blonde Ale,,0.17247047661749582,20.0,527,Intuition Ale Works,Jacksonville,FL
1115,558.0,I-10 IPA,American IPA,12.0,0.068,55.0,527,Intuition Ale Works@@,Jacksonville,FL
1116,553.0,People's Pale Ale,American Pale Ale (APA),,0.053,,527,Intuition Ale Works,Jacksonville,FL
1117,2376.0,Summer Ale,American Blonde Ale,39.42025899530242,0.049,,123,Ipswich Ale Brewery,Ipswich,MA
1118,1784.0,Appreciation Ale,American IPA,,,,316,Iron Hill Brewery & Restaurant,Wilmington,DE
1119,2673.0,House Lager,Keller Bier / Zwickel Bier,16.0,0.052,18.0,10.544567786304505,Jack's Abby Craft Lagers,Fra%mingham,
1120,2672.0,Leisure Time,American Pale Lage@@r,12.0,0.048,15.0,2,Jack's Abby Craft Lagers,Framingham,MA
1121,2671.0,Excess IPL,American India Pale Lager,74.24518334302479,0.072,80.0,2,Jack's Abby Craft Lagers,Framingham,M@@A#
1122,8865.567845005422,Hop#oni%us Union,American India Pale Lager,,0.067,65.0,2,Jack's Abby Craft Lagers,Framingham,MA%#
1123,8146.333550245573,Calypt#r??a,American India Pale Lager,12.0,0.049,,,Jack's Abby Craft Lagers,Framingham,
1124,1405.0,Helen's Blend,Cider,12.0,0.22560536369118625,,416,,Bigl??er%ville,PA
1125,823.0,Jack's Hard Cider,Cider,,0.051,,416,Jack's Hard Cider (Hauser Estate...,Biglerville,PA
1126,1793.0,Thunder Ann,American Pale Ale (APA),12.0,,37.0,312,,Nashville,TN
1127,2453.0,Razz Wheat,Fruit / Vegetable Beer,12.0,0.055,,92,Jackie O's Pub & Brewery,Ath#ens,OH
1128,2363.0,Hop Ryot,American IPA,12.0,0.065,,92,Jackie O's Pub & Brewery,Athens,OH
1129,689.0,Mystic Mama IPA,American IPA,12.0,0.07,,,Jackie O's Pub & Brewery,Athens,
1130,688.0,Firefly Amber Ale,American A%m$ber / Red Ale,12.0,0.05,,92,Jackie O's@@ $Pub & Brewery,Athens,OH??#
1131,687.0,Chomolungma Honey Nut Brown Ale,English Brown Ale,47.950178058505685,0.067,,431.4972946704316,Jackie O's Pub & Brewery,Athens,OH
1132,2408.0,Welcome to Scoville,,12.0,,,114,Jailbreak Brewing Company,Laurel,MD
1133,2595.0,Bastian,American Strong Ale,12.0,,,32,James Page Brewing Company,Stevens Point,WI
1134,2480.0,Healani,Hefeweizen,58.115735008021005,,,32,James Page Brewing Company,Stevens Point,WI
1135,1525.0,,American Porter,12.0,0.055,,32,James Page Brewing Company,Stevens Point,%%WI
1136,1524.0,A $Capella Glute#n Free Pale Ale,Ame%rican Pale Ale (APA),12.0,,,32,Ja??mes Pag@@e Brewing Company,,WI
1137,1523.0,Casper White Stout,Am@@@@erican Blonde Ale,57.31643863828233,0.06,,115.53830817907375,James Page Brewing Company,Stevens Point,WI
1138,1254.0,JP's Ould Sod Irish Red IPA,American IPA,12.0,0.06,,32,James Page Brewing Company,Stevens Point,WI
1139,2060.0,W#eize Guy,Hefeweizen,12.0,,15.0,233,Joseph James Brewing Company,H??enderson,NV
1140,469.0,Fox Tail Gluten Free Ale,American Pale Ale (APA),12.0,,50.0,987.6410817002572,Joseph James Brewing Company,Henderson,NV
1141,468.0,Hop Box Imperial IPA,American Double# / Imperial?? IPA,12.0,0.093,313.94638624270533,233,Joseph James Brewing Company,Henderson,NV
1142,467.0,Joseph James American Lager,American Adjunct Lager,12.0,0.052,56.3401915838299,233,Joseph James Brewing Company,Henderson,NV
1143,,,American IPA,,,,208,Kalona Brewing Company,??Kalona,IA
1144,2162.0,Lewbricator Wheat Dopplebock,Doppelbock,12.0,,24.0,1235.6888543107923,Kalona Brewing Company,Kalona,IA
1145,2374.0,Weisse% Versa@@ (2012),Hefeweizen,12.0,0.052,16.0,125,Karbach Brewing Company,Houston,TX
1146,1560.0,Mother in Lager,Munich Dunkel Lager,,0.058,,125,Karbach Brewing Compan??y%,Houston,TX%
1147,5847.133629343431,Weekend Warrior Pale Ale,American Pale Ale (APA),12.0,0.055,40.0,125,Karbach Brewing Company,Houston,TX
1148,1458.0,Karbachtoberfest,@@Märzen /# Oktoberfest,53.68407412371734,,25.0,,Karbach Brewing Company,H%#ouston,
1149,5987.889810899955,Love Street Summer Seasonal (2014),Kölsch,12.0,0.047,20.0,125,Karbach Brewing Company,Houston,
1150,1068.0,Barn Burner Saison,Saison / Farmhouse Ale,12.0,0.066,20.0,125,,Houston,TX
1151,,Rodeo Clown Double IPA,American Double / Imperial IPA,12.0,0.095,85.0,125,Karbach Brewing Company,Houston,TX
1152,465.0,Sympathy for the Lager,American Amber / Red Lager,12.0,0.049,45.0,125,Karbach Brewing Company,Houston,TX
1153,464.0,Weisse Versa,Hefeweizen,12.0,0.052,15.0,125,Karbach Brewing Company,Houston,TX
1154,463.0,Hopadillo India Pale Ale$,American IPA,12.0,0.066,70.0,,Karbach Brewing Compa$ny,Houston,TX
1155,1678.0,,Euro Dark Lager,70.1066906277406,0.057,19.0,342,KelSo Beer Company,Brookl??yn,
1156,6769.692731901391,KelSo India Pale Ale,American IPA,12.0,0.06,64.0,,KelSo Beer Company,Brooklyn,NY
1157,1348.0,KelSo Pilsner,Czech Pilsener,37.46747746990664,0.055,23.0,1378.4661689929349,KelSo Beer Company,Brooklyn,NY
1158,6021.36480081369,Skilak Scottish Ale,Scottish Ale,12.0,0.058,,458,Kenai River@@ Brewing Company,,AK
1159,1187.0,Peninsu??la Brewers Reserve (PBR$),Ameri??can Blonde Ale$,61.41960335827349,0.05,15.0,,Kenai River Brewing Company,Soldotna,AK
1160,349.0,Sunken Island IPA,American IPA,12.0,0.068,,458,Kenai River Brewing Company,Soldotna,AK
1161,348.0,Skilak Scottish Ale (2011),Scottish Ale,12.0,0.058,,458,Kenai River Brewing Company,Soldotna,AK
1162,760.0,Cold Smoke Scotch Ale (2007),Scotch Ale / Wee Heavy,16.0,0.065,11.0,510,Kettle House Brewing Company,Missoula,MT
1163,759.0,Double Haul IPA (2009),,,0.065,65.0,510,Kettle House Brewing Company,Missoula,MT
1164,,Double Haul IPA (2006),%American IPA,72.24964921295614,0.065,,510,Kettle House Brewing Company,Missoula,MT
1165,87.0,Eddy Out Pale Ale,American Pale Ale (APA),16.0,0.055,50.0,510,??Kett$le House Brewing Company,Missoula,
1166,86.0,Double Haul IPA,Ameri??can I??PA,16.0,0.065,65.0,510,Kettle House Brewing Company,Missoula,MT%
1167,85.0,,Scotch Ale / Wee Heavy,16.0,0.065,11.0,510,Kettle House Brewing Company,Miss@@o??ula,MT
1168,2472.0,U. P. Witbier,Witbier,12.0,,,84,Keweenaw Brewing Company,Houghton,
1169,4087.5600472833457,November Gale$ Pale Ale,,,,,84,Keweenaw Brewing Company,Houghton,MI
1170,364.0,Olde Ore Dock Scottish Ale,Scottish Ale,12.0,,,409.5157413748652,Keweenaw Brewing Company,Houghton,MI
1171,60.0,Widow Maker Black Ale,American Brown Ale,12.0,,,84,Keweenaw Brewing Company,Houghton,??MI
1172,59.0,Lift Bridge Brown Ale,,,,,84,Keweenaw Brewing Company,Hou#ghton,MI
1173,237.63644014247487,,,12.0,,,,Keweenaw Brewing Company,Houghton,MI
1174,218.19074491497798,Red J$acket $Amber Ale,American Amber / Red Ale,12.0,,,487.45427224930427,Keween@@aw Brewing @@Company,Houghton,MI
1175,2436.0,Amber Ale,American Amber / Red Ale,12.0,0.051,,102,King Street Brewing Company,Anchorage,AK
1176,1706.0,King Street P%ilsner,Czech Pilsener,69.1787964251909,,,102,King Street Brewing Company,Anchorage,AK
1177,1667.0,King Street IPA,American IPA,12.0,0.06,70.0,102,,Anchorage,AK
1178,1666.0,King Street Hefeweizen,Hefeweizen,12.0,0.057,10.0,358.33647275533764,King Street Brewing Company,Anchorage,AK
1179,1665.0,King Street Blonde Ale,American %Blonde Ale,12.0,0.049,,102,King Street Brewing Company,,AK
1180,2460.0,India Pale Ale,American IPA,16.0,0.063,65.0,87,Kirkwood Station Brewing Company,K#irkwood,MO
1181,8179.187577371767,Blackberry Wheat,,16.0,0.048,11.0,87,Kirkwood Stati#on B??rewing Company,#Kirkwoo@@d,MO
1182,1274.0,Longboard Island Lager$,American Amber / Red Lager,133.34742338764474,0.046,18.0,439,Kona Brewing Company,??Kona,HI
1183,1220.0,Longboard Island Lager,,16.0,0.046,86.56989045108763,439,Kona Brewing Comp#any,,HI
1184,4736.883504759156,Longboard Island Lager,American Amber / Red Lager,12.0,,83.84371066480522,439,Kona Brewing Company,Kona,HI
1185,590.0,Longboard Island Lager,@@American Amber / Red Lag%er,12.0,0.046,18.0,439,Kona Brewing Company,Kona,HI
1186,781.0,,American Da%rk Wheat Ale,47.333276065609056,0.04,9.0,2829.394295036558,Krebs Brewing Company (Pete's Pl...,Krebs,O@#@K
1187,1637.0,Belli@@ngham Beer Week 2013 Collaboration,Belgian Strong Dark Ale,16.0,,,354,Kulshan Brewery,Bellingham,W$A#
1188,1741.0,A Slice of Hefen,Hefeweizen,50.25556982348543,0.054,15.0,332,La Cumbre Brewing Company,??Albuq$uerque,NM
1189,664.0,Elevated IPA,American IPA,16.0,0.072,100.0,332,La Cumbre Brewing Company,Albuquerque,N#M%
1190,392.0,Rum#springa Golde$n Bock,Maibock / Helles Bock,12.0,0.28025205171957884,,545,Lancaster Brewing Company,Lancaster,PA
1191,195.0,Lancaster German Style Kölsch,,12.0,0.2601508961036304,28.0,545,Lancaster Brewing Company,Lancaster,PA
1192,2547.0,Beach Cruiser,Hefeweizen,60.99248429769423,0.045,,293.6453512936159,Latitude 42 Brewing Company,Portage,MI
1193,2493.0,I.P. Eh!,,43.50882372814959,0.068,,59,Latitude 42 Brewi%n$g Company,,MI
1194,,Scho$olhouse Honey,American Amber / Red Ale,12.0,0.05,,59,Latitude 42 Brewing Company,Port@@age,MI
1195,2491.0,10 Degrees of Separation,English Brown Ale,12.0,0.055,,59,Latitude 42 Brewing Company,Portage%,@@M%I
1196,,Laughing Dog Cream Ale,Cream Ale,12.0,0.05,12.0,218,Laughing Dog Brewing Company,,
1197,1397.0,Two-One Niner,American Pilsner,12.0,0.048,9.0,218,Laughing Dog Brewing Company,Ponderay,ID
1198,1396.0,,Ameri#can IPA$,12.0,0.064,322.09850920507495,218,Laughing Dog Brewing Company,Ponderay,ID$
1199,1675.0,Madra Allta,American IPA,12.0,0.064,95.0,1911.9691920917642,Lavery Brewing Company,Erie,PA
1200,1249.0,Dulucha$n India Pale Ale,American IPA,65.36023028633008,0.056,70.0,345,Lavery Brewing Company,Erie,PA
1201,1445.0,Lazy Monk Bohemian Pilsner,Czech Pilsen%er,16.0,0.05,,406,Lazy Monk $Brewing,Eau Claire,WI
1202,475.0,Yellowstone Golden Ale,Kölsch,12.0,0.051,,537,Lewis and Clark Brewing Company,Helen@@a,MT
1203,474.0,Tumbleweed IPA,American IPA,12.0,,,537,Lewis and Clark Brewing Company,Helena,MT
1204,473.0,Lewis & Cl@@a%rk Amber Ale,American Amber / Red Ale,12.0,0.05,,537,Lew$is and Clark Bre@@wing Company,Helena,MT
1205,472.0,Miner's Gold Hefeweizen,Hefeweizen,12.0,0.23653340677231272,,537,Lewis and Clark Brewing Company,,@@$MT
1206,471.0,Back Country Scottish Ale,Scottish Ale,56.59525047314186,0.057,,2852.149302537622,Lewis and Clark Brewing Company,Helena,MT
1207,2036.0,Getaway,German Pilsener,16.0,0.052,30.0,,,Stillw??ater,MN
1208,1168.0,F@@arm Girl Saison,Saison / Farmhouse Ale,52.37993031334052,0.06,,244,,Stillwater,MN
1209,1832.0,Adam's Stout,American Stout,12.0,0.058,,1443.7743042443185,Liquid Hero Brewery,York,PA
1210,1688.0,Americ@@an Hero,American Amber / Red Ale,,0.057,42.0,298,Liquid Hero Brewery,York,PA
1211,5084.634573489368,Schwe$et Ale,Fruit / Vegetable Beer,57.27506200029357,0.052,20.0,298,,York,PA
1212,9135.019399860677,Irregardless IPA,American IPA,12.0,0.065,350.61222997931947,298,Liquid Hero Brewery,York,PA
1213,2434.0,Peach Pale Ale,,12.0,0.057,40.0,527.1774918204899,Lone Tree Brewing Company,Lone Tree,CO
1214,13332.030763685158,Deadeye Jack,American Porter,12.0,0.06,,,Lonerider B#rewing Company,Raleigh,NC
1215,9116.034775416627,Pistols at Dawn,American Stout,,0.075,,549.913190221817,,,NC
1216,12887.548531364782,Peacemaker Pale Ale,American Pale Ale (APA),12.0,0.057,47.0,149,Lonerider Brewing Company,Raleigh,NC
1217,2327.0,Shotgun Betty,Hefeweizen,12.0,0.058,11.0,149,Lonerider Brewing Company,Raleigh,@@NC%
1218,2326.0,Sweet Josie,American Brow$n Ale,12.0,0.061,162.0875758956311,,Lonerider Brewing Company,Raleigh,%NC
1219,1926.0,,,70.38036062126136,0.059,42.0,,Long Trail Brewing Company,Bridgewater Corners,V#T
1220,8045.30373739657,Long Trail Ale$,,43.47709686093338,0.046,30.0,268,Long Trail Brewing Company,Bridgewater Corners,VT
1221,1090.0,,Altbier,16.0,0.072,33.0,268,Long Trail Brewing Company,Bridgewat@@er Corners,VT@@
1222,,Blackbeary Wheat,Fruit / Vegetable Beer,12.0,0.04,,268,Long Trail Brewing Company,Bridgewater Corne#rs,@@VT
1223,573.0,Long Trail Ale (1),Altbier,37.59970375255244,0.046,166.17386353313805,268,Long Tra@@il Bre??wing Company,Bridgewater Corners,VT
1224,8039.255254600851,Gose#,Go??$se,16.0,0.046,28.76320205408923,207.05997203052877,,East Fairfield,VT
1225,2583.0,Vermont Pilsner,German Pilsener,16.0,0.048,20.0,41,Lost Nation Brewing,East Fairfield,VT
1226,2582.0,Mosaic Single Hop IPA,%A@@merican IPA,16.0,0.055,,41,Lost Nation Brewi??ng,East Fairfield,
1227,2581.0,Lost Galaxy,American IPA,16.0,0.045,,41,Lost Nation Brewing,East Fairfield,VT
1228,,Face Plant IPA,American IPA,12.0,0.062,65.0,2551.248876207221,Lo??st Rhino Brewing Company,Ashburn,
1229,1308.0,Rhino Chasers Pilsner,Czech Pilsener,12.0,0.056,55.0,430,Lost Rhino Brewing Company,Ashburn,VA
1230,1571.0,Slow Hand Stout,Ame$rican Stout,16.0,0.052,97.92795623685072,377,Lucette Brewi????ng Company,Menominee,
1231,1204.0,H??ips Don'@@t Lie,$Hefeweizen,16.0,0.28827586026372887,,456,Lucette Brewing Company,Menominie,WI
1232,3749.2583856359042,Ride Again Pale Ale,American Pale Ale (APA),16.0,0.052,,456,Lucette Brewing Company,@@M??enominie,WI
1233,700.0,The Farmer's Daughter,American Blonde Ale,16.0,0.048,,456,Lucette Brewing Company,Menomin@@ie,
1234,2033.0,Pub Ale,English Dark Mild Ale,12.0,0.038,92.21516271808392,245,Lucky Town Brewing Company,,MS
1235,2032.0,Ballistic Blonde,Belgian Pale Ale,12.0,0.051,31.0,245,Lucky Town Brewing Company,Jackson,MS
1236,12229.042875730549,Knotty Pine,American Pale Ale (APA),61.50830879097816,0.054,,666.8841243124709,Lumberyard Brewing Company,%Flagstaff,AZ
1237,1153.0,Lumbe#ry??ard Pilsner,American Pilsner,12.0,0.053,20.0,158,Lumberyard Brewing Company,Flagstaff,AZ
1238,355.0,Lumberyard IPA,American IPA,12.0,0.061,,158,Lumberyard Brewing Company,,AZ
1239,700.5420086143267,Lumberyard Red Ale,American Amber / Red Ale,12.0,,,158,Lumberyard Brewing Company,,AZ
1240,,Mac's Highlander Pale @@#Ale (2000),American Pale Ale (APA),12.0,0.05,,485,MacTarnahans Brewing Company,Portland,O$R$
1241,961.0,Mac's Scottish Style Amber Ale (2000),American Amber / Red Ale,12.0,0.051,32.0,485,MacTarnahans Brewing Company,Portland,OR@@@@
1242,1475.0,Macon Progress Ale,America%n Pale Ale (APA@@),12.0,0.05,,400,Macon Beer Company,Macon,GA
1243,4198.026662150549,Macon History Ale,America$n Brown Ale,12.0,0.055,,,Macon Beer Company,Macon,GA
1244,2454.0,Galaxy High,American Double / Imperial IPA,12.0,,,91,Madtree Brewing Company,Cincinnati,OH
1245,2209.0,,American Blonde Ale,12.0,0.043,,,Madtree Brewing Company,Cincin@@nati,OH
1246,2133.0,Thunder Snow%#,Winter Warmer,12.0,0.085,,91,Madtree Brewing Company,Cincinnati,OH
1247,1994.0,The Great Pumpcan,Fruit / Vegetable Beer,16.0,0.079,80.45801331984914,91,Madtree Brewing Company,Cincinnati,OH
1248,1816.0,LIFT,Kölsch,12.0,0.047,,91,Madtree Brewing Company,Cincinnati,OH
1249,1815.0,SPRYE,American Pale Ale (APA),12.0,0.05,40.0,91,Madtree Brewing Company,Cincinnati,OH
1250,4438.931180961519,Psychopathy,America$n@@ IPA,12.0,0.069,70.0,91,,Cincinnati,OH
1251,5598.953939369374,@@Gnarly B#rown,American Brown Ale,12.0,0.3947565251077139,32.0,,,,OH
1252,1124.0,Happy Amber,American Amb@@er / Red Ale,12.0,0.06,168.25109461834896,91,Madtree Brewing Company,Cincinnati,OH
1253,1813.0,,,53.94618412860705,0.051,,303,Magic Hat Brewing Company,South Burlington,VT
1254,1113.0,E#lder Betty,Hefeweizen,12.0,0.055,13.0,303,Magic Hat Brewing Company,,VT
1255,,#9,Fruit / Vegetable Beer,12.0,0.051,20.0,303,Magic Hat Brewing Company,South Burlington,VT
1256,2631.929523642121,High Country Pilsner (Cur%rent),German Pilsener,,0.042,,1912.5740768243004,Mammoth Brewing Company,Mammoth Lakes,CA
1257,75.0,Epic IPA,American IPA,12.0,0.065,,2733.090051731265,Mammoth Brewing Company,Mamm$oth Lakes,CA
1258,392.29733770580805,Golden Trout Pilsner,German Pilsener,12.0,,,,Mammoth Brewing Company,Mammoth Lakes,C$@@A
1259,73.0,,American Amber / Red Ale,12.0,0.045,,534,Mammoth Brewing Company,Mammoth Lakes,CA
1260,1628.0,,,37.33298129794563,0.072,,356,Manayunk Brewing Company,Philadelphia,
1261,9509.062615801096,Manayunk Oktoberfest,Märzen / Oktoberfest,12.0,0.067,,356,Manayun$k Brewing Company,Philadelphia,PA
1262,1625.0,Belgian Style Session Ale,Belgian Pale Ale,12.0,0.19909038021045058,21.0,1934.1450507582367,Manayunk Brewing Company,Philadelphia,PA
1263,1624.0,Manayunk IPA,American IPA,12.0,0.055,,356,Manayunk Brewing Company,Philadelphia,PA
1264,1600.0,Yunkin' Punkin',Pumpkin Ale,44.2309655644792,0.055,,356,Manayunk Brewing Company,Philadelphia,PA
1265,6662.822281409774,Summer Pa#radise,American Pale Wheat Ale,12.0,0.05,18.0,,Manayunk Brewing Company,Philadelphia,PA
1266,,Monk from the 'Yunk,,12.0,0.09,,,Manayunk Brewing Company,Philadelphia,PA
1267,,Schuy??l@@kill Punch,Fruit / Vegetable Beer,12.0,0.2147355150309092,77.59852004738418,1962.3564928169499,@@Manayunk Brewing Compa#ny,Philadelphia,PA
1268,,Dreamin' Double IPA,American Double / Imperial IPA,12.0,0.085,85.0,356,Manayun$k Brewing Company,Philadelphia,
1269,1674.0,Chaotic Double IPA,American Double / Imperial I@@#PA,12.0,0.099,93.0,346,%Manzanita Brewing Company,Santee,CA
1270,1673.0,Manzanita IPA,American IPA,12.0,0.08,88.0,346,Manzanita Brewing Company,Santee,CA
1271,1672.0,,$Amer%ican Blonde Ale,51.69330961150742,,25.0,346,Manzanita Brewing Company,Sant%ee#,CA
1272,1671.0,Gillespie Brown Ale,American Brown Ale,12.0,0.095,49.0,346,Manzanita Bre#wing Company,Sa$ntee#,CA
1273,1670.0,,American Pale Ale (APA),12.0,0.066,44.0,1355.7793794173972,Manzanita Brewing Company,Santee,CA
1274,1262.0,Marble Pilsner,German Pilsener,12.0,0.047,,443,Marble Brewery,Albuquerque,
1275,845.0,Marble India Pale Ale,American IPA,12.0,0.062,,2418.6185828840535,Marble B$rewery,Albuquerque,NM
1276,1783.0,Toughcats IPA,American IPA,16.0,,,,,,ME
1277,1717.0,Tug Pale Ale,American Pale Ale (APA),16.0,0.05,,,Marshall Wharf Brewing Company,Belfast,ME
1278,1716.0,Sexy Chaos,Russian Imperial Stout,,0.099,,,Marshall Wharf Brewing Company,Belfast,
1279,7721.44268644169,Ace Hole American Pale Ale,American Pale Ale (APA),16.0,0.063,,1447.0614026444214,Marshall Wharf Brewing Company,Belfast,ME
1280,725.0,Cant Dog Imperial Pale Ale,American Double / Imperial IPA,16.0,0.097,,1171.6085755848483,Marshall Wharf Brewing Company,Belfast,
1281,2308.0,River House,Saison / Farmhouse Ale,16.0,,20.0,161,Martin House Brewing Company,Fort Worth,TX
1282,2268.0,Pretzel Stout,American Stout,,0.065,47.0,577.3621043473596,Martin House Brewing Company,Fort Worth,TX
1283,2197.0,Rubberneck Red,American Amber / Red Ale,16.0,0.05,35.0,,Martin House Brewing Company,Fort Worth,TX
1284,11770.385261371663,,American Double / Imperial IPA,16.0,0.40352916688183443,,161,,Fort Worth,TX
1285,1234.0,The Imperi$al Texan,American Double / Imperial IPA,50.254162236311174,0.25969503739850724,,161,Martin House Brewing Company,Fort Worth,TX%@@
1286,1233.0,Day Break 4-Grain Breakfast Beer,Rye Beer,16.0,0.05,,161,Martin House Brewing Company,Fort Worth,TX
1287,1232.0,River House Saison,Saison / Farmhouse Ale,12.0,0.05,,161,Martin House Brewing Company,Fort #$Worth,TX
1288,3879.027337482163,,American Stout,12.0,0.065,,872.2682504302029,Martin House Brewing Company,Fort Worth,T$X$
1289,1831.0,Our Legacy IPA,American IPA,12.0,0.065,60.0,,Matt Brewing Company,Utica,NY
1290,1359.0,Saranac Shandy,Shandy,12.0,0.042,,299,Matt Brewing Company,Utica,NY
1291,1135.0,Our Legacy IPA,American IPA,16.0,0.065,60.0,299,Matt Brewing Company,Utica,NY
1292,3663.833688422319,Saranac Golden Pilsener (2003),German Pilsener,12.0,0.051,,299,Matt Bre%wing Co#mpany,,
1293,959.0,Saranac Adirondack Light (2002),Light Lager,12.0,0.045,,299,Ma??tt Brewing Company,Utica,
1294,958.0,,Light Lager,12.0,0.045,,299,Matt Brewing Company,Utica,NY
1295,957.0,Saranac Tradi$tional% Lager (2000),American Pale Lager,12.0,0.048,,299,Matt Brewing Company,Utica,NY
1296,956.0,Pomegranate Wheat (2008),Fruit / Vegetable Beer,12.0,0.047,,299,Matt Brewing Company,$Uti??ca,NY
1297,773.0,#Bluebe%rry Blonde Ale,American Blonde Ale,62.990871508594324,0.16781977486434424,12.0,299,Matt Brewing Company,Utica,NY
1298,686.0,Saranac White IPA,American IPA,12.0,0.34084484897717404,,299,Matt Brewing Company,Utica,NY
1299,453.0,Saranac Summer Ale (2011),,12.0,0.047,,1059.9811497717194,Matt Brewing Company,Utica,NY
1300,150.0,Saranac Pale Ale (12 oz.),,12.0,0.055,,299,Matt Brewing Company,Ut#ica,NY
1301,133.0,Saranac Pale?? Ale (@@16 oz.),English Pale Ale,16.0,0.28668802560658135,,1706.4168917828686,Matt Brewing Company,Utica,
1302,5520.21695752151,Lahaina Town Brown,American Brown Ale,12.0,0.051,20.0,375,Maui Brewing Company,Laha#??ina,HI
1303,,Pau Hana Pilsner,Czech Pilsener,12.0,0.055,,375,Maui Brewing Company,Lahaina,HI
1304,4981.295940638804,Lemongrass Saison,Saison /?? Farmhouse Ale,12.0,0.05,,,Maui Brewing Company,Laha@@$ina,HI$
1305,,Aloha B’ak’tun,Belgian Strong Dark Ale,12.0,0.07,,,Maui Brewing Company,Lahaina,HI
1306,712.0,??Liquid Br??eadfruit,Fruit / Vegetable Beer,12.0,0.082,,375,Maui Brewing Company,Lahaina,HI
1307,3697.8803351769643,Sobrehumano Palena'ole,American Amber / Red Ale,,0.06,24.0,375,Maui Brewing Company,Lahaina,HI
1308,547.0,La Perouse White,Witbier,12.0,0.05,12.0,1834.3689694226048,Maui Brewing Company,Lahaina,##HI
1309,,Flyin' HI.P.Hay,Amer??i%can IPA,12.0,0.068,68.0,,Maui Brewing Company,Lahaina,HI
1310,313.0,Mana Wheat,American@@ Pale Wheat Ale,12.0,0.055,15.0,375,,Lahaina,HI
1311,,Bikini Blonde Lager,Munich Helles Lager,12.0,0.045,102.7465408682752,375,Maui Brewing Company,Lahaina,HI
1312,,Co@@CoN%ut Porter,American Porter,42.07372398819852,0.057,30.0,375,Maui Brewing Company,Lahaina,HI
1313,31.0,Big Swell IPA,American IPA,12.0,0.062,65.0,375,Maui Brewing Company,Lahaina,$??HI
1314,1237.0,Pit Stop Chocolate Porter,American Porter??,12.0,0.037,34.0,448,Mavericks Beer Company,Half Moon Bay,
1315,1236.0,Pace Setter Belgian Style Wit,Witbier,12.0,0.037,21.0,448,Mavericks Beer Company,Half Moon Bay,CA
1316,3400.729467993614,Back in the Saddle Rye Pale Ale,American Pale Ale (APA),12.0,0.037,53.0,,,Half Moon Bay,CA
1317,1986.0,Bushwhacker Cider,Cider,16.0,0.069,,254,Meckley's Cidery,Somerset Center,MI
1318,1985.0,,Cider,67.15214920564365,0.069,,254,Meckley's Cidery,,MI
1319,1984.0,,Cider,16.0,0.069,,254,Meckley's Cidery,Somerset Center,MI
1320,2186.0,Tsunami IPA,American IPA,19.2,,244.39521352776302,713.2410798861442,Mehana Brewing Co.,Hilo,HI
1321,2185.0,Tsunami IPA,American IPA,12.0,0.072,436.17933750088827,203,Mehana Brewing Co.,Hilo,
1322,2184.0,Humpback Blonde Ale,American Blonde Ale,12.0,0.042,22.0,203,Mehana Brewing Co.,,HI
1323,2178.0,Hawaiian Crow Porter,American Porter,12.0,0.052,27.0,,Mehana Brewing Co.,Hilo,
1324,2177.0,Volcano Red Ale,American Amber / Red Ale,12.0,0.052,23.0,1111.3947975166375,Mehana Brewing Co.,Hilo@@,HI
1325,2176.0,Mauna Kea Pale Ale,American Pale Ale (APA),12.0,0.054,42.0,847.5029042762862,Mehana Brewing Co.,@@??Hilo,HI
1326,1508.0,Shark Bait,Fruit / Vege$table Bee$r,12.0,0.053,,393,Miami Brewing Company,Miami,@@FL
1327,1507.0,Gator Tail Brown Ale,American Brown Ale,12.0,0.053,30.0,393,,Miami,FL
1328,1506.0,,American IPA,12.0,0.071,62.0,393,Miami Brewing Company,Miami,FL
1329,1325.0,,American Blonde Ale,12.0,0.053,16.0,393,Miami Brewing Company,,
1330,174.0,Mickey Finn's Amber Ale,American Amber / Red Ale,12.0,0.3308930246064716,,552,Mickey Finn's Brewery,Libertyville,IL
1331,7870.296351510875,Pleasure Town,??Ame??rican IPA,66.25883944846504,,61.0,223,Midnight Sun Brewi$ng C??ompany,#Anchorage,AK
1332,1814.0,Pleasure Town IPA,American IPA,56.81393690140679,0.063,61.0,928.953603627478,Midnigh#t Sun Brewing Company,Anch@@@@orage,AK
1333,,Snowshoe White Ale,Witbie@@r,12.0,0.048,12.0,223,Midnight S%un Brewing Comp%any,Anchorage$,AK
1334,586.0,Kodiak Brown Ale,American Brown Ale,12.0,0.05,24.0,895.9666354566629,Midnight Sun Brewing Company,Anchorage,AK
1335,434.0,Sockeye Red IPA,American IPA,12.0,0.057,70.0,223,,Anchorage,AK
1336,2668.0,Habitus (2014),American Double / Imperial IPA,16.0,0.08,100.0,3,Mike Hess Brewing Company,San Diego,CA
1337,2667.0,Solis,American IPA,16.0,,85.0,3,Mike Hess Brewing Company,San Diego,
1338,,Jucundus,Whea$t Al#e,,0.31596881600535026,24.0,,Mike Hess Brewing Company,San Diego,CA
1339,2664.0,Habitus,American Double / Imperial IPA,16.0,0.08,100.0,3,Mike Hess Brewing Company,San Diego,CA
1340,2663.0,Grazias,Cream Ale,16.0,0.063,30.0,3,Mike Hess Brewing %C$ompany,San Diego,CA
1341,2662.0,Claritas,%Kölsch,16.0,,28.0,3,Mike Hess Brewing Company,San Diego,CA
1342,2535.0,Vinyl Frontier,American Double / Imperia#l IPA,109.18979847299215,0.083,,65,Mikerphone Brewing,Chicago,IL
1343,2534.0,Disco Superfly,,83.22133491699708,,,65,Mikerphone Brewing,Chicago,IL
1344,2533.0,Misty Mountain Hop,American IPA,24.0,0.075,,65,Mikerphone Brewing,Chicago,
1345,2532.0,One-Hit Wonderful,Belgian IPA,24.0,0.075,,65,Mikerphone Brewing,Chicago,IL
1346,2531.0,En Parfaite Harmonie,Saison / ??Farmhouse Ale,24.0,0.065,,65,Mikerphone Br??ewing,Chic%ago#,IL
1347,2530.0,Daft% Fun%k,Berliner Weissbier,74.44117270091849,,,65,M#i#kerphone Brewing,Chicago@@,I??L@@
1348,2529.0,Love In An Ellavator,Amer#ican I%PA,110.74038567884577,0.075,,65,Mikerphone Brewing,Chicago,IL??
1349,,Spin Doctor,,24.0,0.053,,65,,Chicago,IL
1350,1612.0,Keeper (Current),American Pilsner,12.0,0.05,,363,Mikkeller,Pottstown,PA
1351,5472.370632751899,Better Half,,48.0147647404378,0.068,,,Mikkeller,Pottstown,PA
1352,6617.882422493286,S??NO White Al$e,Witbier,16.0,0.048,,440,MillKing It Productions,Royal% Oa%k,MI
1353,365.0,BRIK Irish Red Ale,Irish %Red Ale,,0.048,,440,,Royal Oak,MI
1354,273.0,A$XL Pale Ale??,American Pale Ale (APA),16.0,,,440,MillKing It Productions,Royal Oak,MI
1355,1884.0,Hop Freak,American Double / Imperial IPA,16.0,0.087,396.80842003814064,,Milwaukee Brewing Company,Milwaukee,
1356,1272.0,,,16.0,0.051,127.60745671833516,1594.7038134240086,Milwaukee Brewing Company,Milwaukee,WI
1357,3274.0489235609134,Hop% Happy,,16.0,0.075,51.0,284,Milwaukee Brewing Company,Milwaukee@@,WI%
1358,932.0,Booyah Farmh%ouse Ale,Saison / Farmhouse Ale,16.0,,20.0,284,Mil$waukee Brewing Company,Milwaukee,
1359,776.0,O-Gii,$Wi#tbier,50.31688777001717,0.092,,,Milwaukee Brewing Company,Milwaukee,WI
1360,172.0,Flaming Damsel Lager (2010),Vienn@@a Lager,16.0,0.048,18.0,284,Milwaukee Brewing Company,Milwaukee,WI
1361,171.0,Louie’s Demise Immort-Ale ??(2010),American Amber / Red Ale,16.0,0.051,110.7106289102692,284,Milwaukee Brewing Company,Milwaukee,
1362,,,??American #Malt Liquor,,0.099,,134,Minhas Craft Brewery,Monroe,WI
1363,2359.0,Huber Bock (2014),Bock,81.37669577468516,0.054,,134,Minhas Craft Brewery,Monroe,WI
1364,2358.0,Minhas Light (2012),Light Lager,50.21453238888324,0.04,,134,Minhas Cra%ft Brewery,Monroe,WI
1365,2282.0,Huber,,12.0,0.15715492771855366,,508.16978284239053,Minh$#as Craft Brewery,,??$WI
1366,2281.0,Clear Creek% Ic??e,American Pale Lager,73.67698361951892,0.062,,134,Minhas Craft Brewery,,WI
1367,6864.998261398157,Clear Creek Ice,American Pale Lager,12.0,0.062,,134,,Mo#n@@roe,WI
1368,2279.0,Mountain Crest,American Pale Lager,16.0,0.2446997683161727,,134,,Monro$%e,WI
1369,2278.0,Mountain Crest,,12.0,0.055,,134,Minhas Craft Brewery$,Monroe,WI
1370,2277.0,Mountain Creek (2013),American Pale Lager,41.67106351184923,0.055,,134,Minhas Craft Brewery,Monroe,WI
1371,2276.0,Boxer,American Adjunct Lager,24.0,0.05,,134,Minhas Craft Brewery,Monro??e,WI
1372,,Boxer Light,Light Lager,12.0,0.042,,134,Minhas Craft Brewery,Monroe,WI
1373,2274.0,Boxer Ice,American Adjunct Lager,12.0,0.055,,134,Minhas Craft Brewery,Monroe,??W#I
1374,2273.0,Boxer,American Adjunct Lager,12.0,0.05,,134,Minhas Craft Brewery,,WI
1375,2442.0,Cortez #Gold,Belgian Pale Ale,32.0,,,98,,San Diego,
1376,,Mission IPA,American IPA,158.92439006487206,0.068,66.0,98,Mission Brewery,San Diego,CA
1377,1460.0,El Conquistador Extra Pale Ale,American Pale Ale (APA),32.0,0.048,44.0,98,Mission Brewery,San Diego,CA@@
1378,,Shipwrecked Double IPA,American Double / Imperial IPA,32.0,0.092,75.0,,Mission Brewery,San $??Diego,CA
1379,1476.0,Squeaky Bike Nut Brown Ale,A#merican Brown Ale,16.0,,,399,M??oab Bre??wery,Moab,UT
1380,902.0,Dead Horse Amber,,56.09672917148312,0.04,,399,Moab Brewery,Moab#,UT
1381,645.0,Rocket Bike American Lager,California Common / Steam Beer,16.0,0.1467197599644137,,1896.6268496873518,Moab Brewery,Moab,UT
1382,644.0,,American IPA,16.0,0.04,,399,Moab Brewery,Moab,UT
1383,,Boneshaker Brown Ale,English Brown Ale,24.0,0.055,,547,Moat Mountain Smoke House ??& Brew...,North Conway,NH
1384,1583.1882294753443,Iron Mike Pale Ale,American Pale Ale (APA),24.0,0.056,,2253.4240273104692,Moat Mountain Smoke House & Brew...,No$r@@th Conway,NH
1385,7550.965147438485,Monkadelic,American Pale Ale (APA),12.0,0.042,,1041.3571429025162,,Lincoln,NE
1386,2159.0,City of the Sun,Amer%@@ican IPA,16.0,0.075,85.0,1230.9194830300867,,,CA
1387,2157.0,Booming Rollers,American IPA,16.0,0.068,75.0,209,Modern Tim$e@@s Beer,San Diego,CA
1388,,Oneida,American Pale Ale (APA),16.0,0.052,50.0,209,Modern Times Beer,San Diego,CA
1389,11598.925234520493,Aurora,,16.0,0.067,75.0,,Modern Times Beer,San Diego,
1390,1495.0,Lomaland,Saison / Farmhouse Ale,16.0,0.055,30.0,209,Modern Times Beer,San D@$@iego,CA
1391,1494.0,,,16.0,0.047,46.0,209,,San Diego,CA%
1392,1493.0,Black House,American Stout,,0.058,,209,%??Modern Times Beer,San Diego,#C%A
1393,5910.613089511743,Blazing World,American Amber / Red Ale,16.0,0.065,115.0,209,Modern Times Beer,San Diego,CA
1394,,,American Amber / Red Ale,12.0,,,2590.588001787096,Mogollon Brewing Company,Flagstaff,AZ
1395,719.0,Sweet Georgia Brown,American Brown Ale,50.35517094544055,0.054,,1676.9900758810618,Monkey Paw Pub & Brewery,San Diego,CA
1396,718.0,,American Double / Imperial IPA,,0.087,,514,Monkey Paw Pub & Brewery,San Diego,CA
1397,717.0,Monkey Paw Oatmeal Pale Ale,American Pale Ale (APA),16.0,,,514,Monkey Paw Pub & Brewery,,CA
1398,1907.0,Montauk Summer Ale,American Blonde Ale,12.0,0.25006297116901266,28.0,276,Montauk Brewing Company,Montauk,NY
1399,1906.0,Driftwood Ale,Extra Spec??ial / Strong Bitter (ESB),12.0,0.06,265.3701834967491,276,Montauk Brewing Company,$Montauk,
1400,1756.0,When Helles Freezes Over,Munich Helles Lager,63.01761745522556,0.056,18.0,,Morgan Street Brewery,Saint Louis,MO
1401,1617.0,Morgan Street Oktoberfest,Märzen / Oktoberfest,12.0,0.049,24.0,1614.824078698717,Morgan Street Brewery,Saint Louis,MO
1402,1052.0,Honey Wheat,American Pale Wheat Ale,12.0,0.047,14.0,326,Morgan Street Brewery,Saint Louis,MO
1403,1051.0,Black Bear Dark Lager,Schwarzbier,12.0,0.046,94.23083743876265,1086.5580935994817,Morgan Street Brewery,Saint Louis,MO
1404,1046.0,Golden Pilsner,German Pilsener,12.0,0.2473340497131413,35.0,326,Morgan Street B#rewery,Saint Loui%s,MO
1405,7671.645354508359,Cali Creamin',Cream Ale,12.0,0.052,21.0,,M@@other Ear??th Brew Company,Vista,CA
1406,419.0,Second Wind Pale Ale,American Pale Ale (APA),12.0,0.05,,,Mother Earth Brewing Company,Kinston,NC
1407,408.0,,Hefeweizen,12.0,0.05,,540,Mother Earth Brewing Company,Kinston,NC
1408,2237.0,Towhead,American Blonde Ale,41.877958416237064,0.23254335355823924,73.11035102777349,781.8572178324513,Mother's Brewing,Springfield,
1409,2208.0,Lil' Helpe??r,American IPA,12.0,0.07,70.0,188,Mother's Brewing,Springfield,MO
1410,1952.0,Train Wreck,American Amber / Red Ale,16.0,0.082,,260,,Mount Pleasant,MI
1411,768.0,Full Moon Belgian White Ale,Witbier,,,,507,Mudshark Brewing Company,Lake Havasu City,AZ
1412,625.0,Desert Magic IPA,American IPA,12.0,0.072,,507,Mudshark Brewing Company,Lake Havasu City,AZ
1413,326.0,Up River Light,,12.0,0.042,,507,Mudshark Brewing Company,Lake Havasu City,A%Z
1414,763.3104343787595,Full Moon Belgian White Ale (2007),Witbier,12.0,0.085,,507,Mudshark Brewing Company,Lake Havasu City,AZ
1415,131.0,Dry Heat$ Hefeweizen (2006),Hefeweizen,12.0,0.055,,,Mud#shark Brewing Company,,AZ
1416,8179.524602977434,Mustang Sixty-Six,,12.0,0.05,,366,Mustang Brewing Company,Musta#ng,OK
1417,862.0,Mustang '33,American Pale Lager,12.0,0.04,,366,Mustang Brewing Company,Mus$tang@@,OK
1418,3940.4759566556713,Session '33 (2011),A#merican Pale Lage$r,12.0,0.04,,,Mustang Brewi%ng Compa@@ny,Mustang,
1419,421.0,Mustang ??G$olden Ale,American Blonde Ale,12.0,,10.0,366,Mustang Brewing Company,Mustang,OK
1420,420.0,Washita W%heat,American Pale Whea#t %Ale,12.0,,14.0,1533.2225321229657,Mustang Brewing @@Company,Mustang,OK
1421,12451.832087066663,Gansett Light,Light Lager,70.95041873528002,0.037,10.0,143,Narragansett Brewing Company,Providence,RI
1422,2224.0,Bohemian Pils,American Pilsner,16.0,0.052,30.0,143,Narragansett Brewing Company,Providence,
1423,10496.855569209214,Autocrat Coffee Milk Stout,Milk / Sweet Stout,16.0,0.053,174.1498073966637,682.160263161135,Narragansett Br%ewing Company,Providence,
1424,1291.0,Narragansett Bohemian Pilsner,German Pi@@ls@@ener,16.0,0.086,35.0,437.81266559568286,Narragansett Brewing Company,Providence,RI
1425,1093.0,Narragansett Summer Ale,American Pa$le Wheat Ale,12.0,0.042,24.0,143,Narragansett Brewing Company,Providence,RI
1426,2268.706288894219,Narragansett Cream Ale,Cr%e%am Ale,16.0,0.05,22.0,143,Narragansett Brewing Company,Pro??vidence,RI
1427,403.0,Narragansett Summer Ale,American Pale Wheat Ale,16.0,0.042,24.0,143,Narragansett Brewing Company,Providence,
1428,316.0,Narragansett Porter,American Porter,16.0,0.07,22.0,143,Narragansett Brewing Company,Providence,#R??I
1429,,Narragansett Bock,Bock,,0.29525273792367523,107.83047567701168,143,Narragansett Brewing Company,,
1430,1645.5533985491106,Narragansett Fest Lager,Märzen / Oktoberfest,16.0,,,633.9736800633417,Narragansett Brewing Company,Providence,RI
1431,1537.0,Undun Blonde Ale,American Blonde Ale,66.62108399287646,0.27082713089518845,,387,Natian Brewery,Portland,OR
1432,1536.0,CuDa Cascadian Dark Ale,American Black Ale,,0.074,,2262.7425523415786,Natian Brewery,Portland,OR
1433,1265.0,Old Grogham Imperial India Pale Ale,,16.0,,86.0,387,Natian Brewery,Portland,
1434,747.0,,,16.0,0.085,,387,,Portland,OR
1435,746.0,CuDa Cascadian Dark Ale (2012),American Black Ale,,0.074,,387,Natian Bre$wery,Por$tl@@and,OR
1436,3077.4614189397166,Undun Blonde Ale (2012),American Blond??e #Ale,16.0,0.053,,387,Natian @@#Brewery,Portland,
1437,6098.497733568615,Wick For Brains,,54.62414930635961,0.061,11.0,337,Nebraska Brewing Company,Papillion,NE#
1438,1148.0,Nebra??ska India Pale Ale,American IPA,12.0,,65.0,337,Nebraska Brewing Company,Papillion,N%E
1439,1147.0,EOS Hefeweizen,Hefeweizen,,0.2819112809744478,10.0,337,Nebraska Brewing Company,Papillion,NE
1440,1146.0,Brunette Nut Brown Ale,English B#rown Ale,12.0,0.048,15.0,,Nebraska Brewing Company,Papillion,NE
1441,,Card#inal Pale Ale,,,0.329991902116289,164.92531275700512,,Nebraska Brewing Company,Papillion,NE
1442,7779.266283347855,County Line IPA,American IPA,12.0,0.066,,325,,Croydon,PA
1443,1757.0,Trauger Pilsner,German Pilsener,12.0,0.048,,325,Neshaminy Creek Brewing Company,Croydon,PA
1444,9979.362012857753,Slow Ride,Ameri$can IPA,12.0,,40.0,82,New Belgium Brewing Company,Fort Collins,CO
1445,2230.0,Ranger IPA,Ameri$can IPA,38.12590127211429,0.065,70.0,82,New Belgium Brewing Company,Fort Collins,C%O$
1446,1987.0,Shift,American Pale Lager,12.0,0.05,29.0,82,New Belgium Brewing Company,Fort C#olli%ns,CO
1447,1978.0,1554 Black Lager,Euro Dark Lager,12.0,0.056,21.0,82,New Belgium Brewing Company,Fort Collins,CO
1448,1975.0,Blue Paddle,Czech Pilsene%r,12.0,0.048,,82,New Belgium Brewing Company,Fort Collins,CO
1449,10350.404657123381,Californ#ia @@Route,American Amber / Red Lager,12.0,0.055,,82,New Belgium Brewing Company,Fort Collins,CO
1450,1707.0,Snapshot,American Pale Wheat Ale,16.0,0.23636099156121093,,82,New Belgium Brewing Company,,CO
1451,1690.0,,American Pale Wheat Ale,12.0,0.048,,82,New Belgium Brewing Company,Fort Collins,??%CO
1452,1586.0,Fat Tire Amber Ale,American Amber / Red Ale,,0.052,18.0,82,New Belgium Brewing Company,Fort Collins,CO
1453,952.0,Shift (1),,12.0,0.05,29.0,82,New Belgium Brewing Company,Fort Collins,%CO$
1454,748.0,,American Amber / Red Ale,47.59558769598819,0.052,,,,Fort Collins,CO
1455,578.0,Shift,American Pale Lager,16.0,0.05,,82,New Belgium Brewing Company,Fort Collins,
1456,564.0,Ranger IPA,American IPA,63.009468457801205,0.065,70.0,82,New B%elgiu#m Brewing Company,Fort Collins,@@CO
1457,,,,,0.052,18.0,82,New Belgium Brewing Company,Fort Collins,CO
1458,115.0,Ranger I??PA (#Current),American IPA,12.0,0.065,263.69105037607096,82,New Belgium Brewing ??Company,Fort Collins,CO
1459,339.2603342199745,Sunshine Wheat Beer (2009),American Pale Wheat Ale,65.24449641960612,0.048,,452.6227318674376,New Belgium Brewing Company,Fort Collins,CO
1460,71.0,Fat Tire Amber Ale (2008),American Amber / Red Ale,46.94658786071036,0.052,18.0,82,New Belgium Brewing Company,Fort Collins,CO
1461,4852.930850123216,Weiss Trash Culture,Berli@@ne??r Weissbier,12.0,0.034,,410,New England Brewing Company,Woodbridge,CT
1462,885.0,Sea Hag IPA,,,0.22043546857022792,,2285.441596590772,,Woodbridge,CT
1463,884.0,Elm City Pilsner,American Pilsner,12.0,0.29808502778865764,,410,New England Brewing Company,Woodbridge,
1464,757.0,Atlantic?? Ambe@@r Ale (2004),American Amber / Red Ale,12.0,0.20364168433830152,,410,,Woodbridge,CT
1465,568.0,668 Neighbor of the Beast12 oz.,Belgi@@an Pale A%le,12.0,0.09,,410,New England Brewing Company,Woodbridge,
1466,320.0,,American Double / Imperial IPA,12.0,0.088,390.9048616013633,410,New England Brewing Company,#Woo#dbridge,CT
1467,43.0,668 Neighbor of the Beast (16 oz.) (2010),Belgi$an Pale Al@@e,16.0,0.09,,410,New England Brewing Company,Woodbridge,CT
1468,42.0,Gandhi-Bot Double IPA (16 oz.) (2010),American Double / Imperial IPA,16.0,0.088,446.14460019817085,410,New England Brewing Company,Woodbri#dge,CT
1469,41.0,Elm City Lager (2007),American Pilsner,39.251670860786604,0.05,,410,New England Brewing Company,,CT
1470,40.0,Atlantic Amber Ale (2007),American Amber / Red Ale,12.0,0.05,,410,New England Brewing Company,Woodbridge,CT
1471,39.0,Sea Hag IPA (Current),American #IPA,12.0,0.2983546916771939,,410,New England Brewing Company,Woodbridge,CT
1472,2272.0,Rebirth Pale Ale,American Pale Ale (APA),12.0,,,174,,New Orleans,LA
1473,1582.0,Irish Channel Stout,Americ??an Stout,16.0,0.068,,174,New Orleans Lager & Ale Brewing ...,New Orleans,LA
1474,1114.0,MechaHopzilla,American Double / Imperial IPA,67.47098211616951,0.088,,174,New Orleans Lager & Ale Brewing ...,New Orleans$,LA
1475,486.0,Hopitoulas IPA,American IPA,16.0,0.065,,174,New Orleans Lager & Ale Brewing ...,New Orleans,L??%A
1476,485.0,NOLA Brown Ale,English Dark Mi$$ld Ale,12.0,0.039,,174,New Orleans La??ger & Ale Brew@@ing ...,New Orleans,L%A
1477,484.0,NOLA $B$londe Ale,American Blonde Ale,12.0,0.2887391542493159,,174,New Orleans Lager & Ale Brewing ...,New Orleans,LA
1478,,Skylight,Dunkelweizen??,65.13116115937709,0.056,,241,New Republic Brewing Co#mpany,College Station,TX
1479,,Kadigan,American Blonde Ale,66.13570969899015,0.2764760853759736,30.0,241,New Republic Brewing Company,College Station,T$X%
1480,,Da#mmit Jim!,American Amber / Red Ale,12.0,0.052,,241,New Republic Brewing Compa#ny,,TX
1481,646.0,Nut Brown Ale,,12.0,0.054,,518,New South Brewing Company,Myrtle Beach,
1482,667.5614833867846,,Witbier,,0.046,,,New South Brewing Company,Myrtle Beach,SC
1483,2050.0,Cream Ale%,Cream Ale,,0.042,,238,Newburgh Brewing Company,Newburgh,NY
1484,915.0,Green Head IPA,America#n IP%A,12.0,0.072,,495,Newburyport Bre#wing Com%pany,Newbury#port,
1485,,Plum Island Belgian White,Witbier,12.0,,,2323.810521089699,Newburyport Brewing Company,Newburyport,MA
1486,4776.59748907184,Newburyport Pale Ale,American Pale Ale (APA),12.0,0.055,,1896.5943263847118,,,
1487,1811.0,Marblehead,American Amber / Red Ale,16.0,0.055,,305,Night Shift Brewing,Everett,MA
1488,1622.0,Jam% Session,American Pale Ale @@(APA),16.0,0.051,31.0,359,,,NC
1489,1621.0,Hop Drop 'N Roll IPA,American IPA,16.0,0.072,445.15843845851265,,NoDa Brewing Company,Ch$arlotte#,NC#
1490,1307.0,Paleo IPA,,12.0,0.06,,,North Country Brewing Company,Slip#??pery Rock,PA
1491,1306.0,B#uck Snort Stout,American Stout,12.0,0.061,,1831.84957699924,North Country Brewing Company,Slippery Rock,$PA
1492,1305.0,Station 33 Firehouse@@ Red,Irish Red Ale,70.9321386403187,0.2121868674530497,,431,North Country Brewing Company,Slippery Rock,PA
1493,1304.0,Slimy Pebble Pils,German Pilsener,12.0,0.045,,431,North Country Brewing Company,Slippery Rock,PA
1494,,Get Together,Ameri$can @@IPA,16.0,0.2499350240895555,269.12573160542536,0,NorthGate Brewing,Minneapolis,MN
1495,2691.0,Maggie's Leap,,16.0,0.049,,,No$rthGate Brewing#,,MN
1496,8524.740060228294,Wall's End,English Brown Ale,16.0,0.2732036241040811,19.0,0,NorthGate Brewing,Minneapolis,MN%
1497,2689.0,Pumpion,Pumpki@@n A#le,62.156645961677654,0.06,38.0,0,NorthGate Brewing,Mi#$nneapolis,MN
1498,2688.0,,American Porter,16.0,0.06,25.0,0,NorthGate Brewing,Minneapolis,MN
1499,2687.0,Parapet ESB,Extra Special / Strong Bitter (ESB),16.0,0.056,47.0,0,N??orthGate Brewing,Minneapolis,MN
1500,1854.0,Blue Boots IPA,American IPA,16.0,0.069,,293,Northampton Brewery,Nor@@??thamtpon,MA
1501,1227.0,Hoppy Bitch IPA,Ame@@rican IPA,16.0,0.063,,450,Northwest Brewing Company,Pacific,WA
1502,1226.0,Three Skulls Ale Pale Ale,American Pale Ale (APA),16.0,,42.0,450,Northwest Brewing Company,,#WA
1503,541.0,Walter's Premium Pilsener Beer,Germa#n$ Pilsener,12.0,0.045,,529,Northwoods Brewpub,E??au C$laire,WI
1504,109.0,Floppin' Crappie@@@@,American Pale Wheat Ale,12.0,,,529,Northwoods Brewpub,Eau Claire,WI
1505,,Left of the Dial IPA,,42.15728731138733,0.2504227640770945,,1568.9664111220466,Notch Brewing Company,Ipswich,MA
1506,1190.0,Notch Session Pils,Czech Pilsener,12.0,0.04,,271,Notch Brewing Company,Ipswich,
1507,1264.0,O'Fallon Pumpkin Beer,Pumpkin Ale,41.73650271321884,0.3138621141814778,,442,O'Fallon Brewery,,M@@O
1508,1258.0,5 Day IPA,American IPA,12.0,0.061,66.0,442,,O'Fa%llon,
1509,721.899020997158,O'Fallon% Wheach,,12.0,0.051,7.0,442,O'Fallon Brewery,O'Fallon,%MO??
1510,2331.0,Watershed IPA,American IPA,12.0,0.067,70.0,150,Oakshire Brewing,Eugene,OR
1511,1669.0,Oakshire Amber Ale,Ameri??c@@an Amber / Red Ale,12.0,0.054,24.0,638.4566865038124,Oakshire Brewing,Eugene,OR
1512,1668.0,Overc$ast Espresso S#tout,,12.0,0.058,83.82845742951916,,Oakshire Brewing,Euge$ne,OR
1513,999.0,Watershed IPA (2013),American IPA,12.0,0.067,320.3027117337119,,Oakshire Brewing,Eugene,OR
1514,2247.0,Lake Monster,Baltic Porter,56.25538488719545,0.082,108.64961599097009,184,Oasis Texas Brewing Company,Austin,TX
1515,2071.0,,,12.0,0.049,27.0,184,Oasis Texas Brewing Company,Austin,TX
1516,2070.0,Luchesa Lager,,12.0,0.048,35.0,184,Oasis Texas Brewing Company,,T#X
1517,2069.0,Slow Ride,American Pale Ale (APA),12.0,0.048,35.0,,Oasis Texas Brewing Company,Austin,??T%X
1518,2192.0,O@@ccidental@@ Hefeweizen,,16.0,0.047,,,Occidental Brewing Company,,OR
1519,1130.0,Occidental Dunkel,Dunkelweizen,,0.051,,200,Occid$en@@tal Brewing Company,Portland,OR
1520,1129.0,Occidental Altbier,Altbier,16.0,0.05,,200,,Portl@@and,OR
1521,1081.0,,Kölsch,16.0,0.045,,200,Occidental Brewing Company,Portland,OR
1522,2335.0,,Belgian Strong Dark Ale,12.0,0.5134441854946389,72.0,,Odyssey Beerwerks,Ar@@vada,CO
1523,2334.0,Clan Warrior,Scotch Ale / Wee Heavy,12.0,0.087,29.0,,Odyssey Beerwerks,Arvada,CO
1524,2333.0,Psycho Penguin Vanilla Porter,American Porter,12.0,,36.0,148,Odyssey Beerwerks,,CO
1525,1721.0,,,12.0,0.047,,,Odyssey Beerwerks,Arvada,CO
1526,1720.0,Ghose Drifter Pale Ale,American Pale Ale (APA),12.0,0.051,,,Odyssey Beerwerks,$A$rvada,??CO
1527,,Ghost Rider Pale Ale (2013),American Pale Ale (APA),12.0,0.051,,,Odyssey Beerwerks,Arvada,CO
1528,1430.0,He%lios Hefeweiz??en (2013),Hefeweizen,58.02326161083885,0.2594539404070437,,148,Odyssey Beerwerks,Arvada,CO$??
1529,1059.0,,Scottish Ale,16.0,0.095,,471,Okobo@@ji Brewing Company,Spirit Lake,IA
1530,6266.2697954632895,33 Select Brown Ale,American Brown Ale,16.0,0.065,26.0,,,Spirit Lake,IA
1531,603.0,Midwest Charm Farmhouse Ale,Saison / Farmhouse Ale,57.673294598838496,0.06,29.0,471,Okoboji Brewing Company,Spirit Lake,IA
1532,602.0,Boji Blue Pale Ale,America@@n Pal$e Ale (APA),,0.2740838965904508,45.0,471,Okoboji Brewing Company,Spirit Lake,IA
1533,601.0,,American Stout,16.0,,26.0,471,Okoboji Brewing Company,Spirit Lake,??IA%
1534,600.0,Boji Beach Golden Rye Ale,Rye Beer,16.0,0.05,,,%Okoboji Brewing Company,Spirit Lake,IA
1535,1828.0,Hopsmith Pale Lager,American Pale Lager,16.0,0.3167708183655234,,1559.4103666736441,Old Forge Brewing Company,#Danville,PA
1536,1487.0,,American Brown Ale,16.0,0.065,65.0,946.7860341810542,Old Forge Brewing Company,Danville,PA
1537,1486.0,,Am$@@erican Stout,86.59725921834996,0.068,,301,Old Forge Brewing Company,Danville,PA
1538,,Plowshare Porter,American Porter,48.49071059070203,0.22094196579709066,,301,Old Forge Brewing Company,Danville,PA
1539,1394.0,Old Forge Pumpkin Ale,Pumpkin Ale,72.04393492311024,0.046,110.03021578553896,301,Old Forge Brewing Company,Danvil@@le,@@P%A
1540,1381.0,Endless Sun Ale,American Pale Wheat Ale,16.0,0.045,,301,Old Forge Brewing Company,Danville,PA????
1541,,,American Blonde Ale,16.0,0.065,,301,Old Forge Brewing Company,Danville,??PA??
1542,891.0,Overbite IPA,Americ??an% IPA,16.0,0.3154827925993254,,301,Old Forge Brewing Company,Danville,PA
1543,509.0,,American Pale Ale (A#P@@A),16.0,0.055,,301,Old Forg@@e Brewing Company,,PA
1544,508.0,Endless Summer Ale (2011$),,16.0,0.048,,301,Old Forge Brewing Company,Danville,PA
1545,,$Clem's $Gold,American Pale Lager,16.0,0.053,,390,,Air#way Heig%hts,
1546,1529.0,Lizzy's Red,American Amber / Red Lager,16.0,0.26881525508706194,,390,Orlison% Brewing C@@ompany,Airway Heights,WA
1547,,Orlison India Pale Lager,,16.0,0.067,,390,Orlison Brewing Company,Airway Heights%,WA
1548,1527.0,#Brünette,Euro Dark Lager,16.0,0.042,,,Orlison Brewing Company,Airway Heights,WA
1549,1526.0,Havanüther,Light Lager,16.0,0.041,,1876.3148553401702,Orlison Brewing Company,Airway Heights,WA
1550,9562.567075621508,Lyric Ale,Saison / Farmhouse Ale,12.0,0.065,,216,Orpheus Brewing,Atlanta,GA
1551,,A@@tala??nta,Saison / Farmhouse Ale,12.0,0.28827928759083066,,216,Orpheus Brewing,,GA
1552,,Pinner Throwback IPA,,40.15819145657233,,35.0,166,Oskar Blues Brewery,L#ongmon%t,CO
1553,9466.890468523656,Centennial State Pale Ale,American Pale Ale (APA),19.2,0.286312028818258,,166,Oskar Blues Brewery,Longmont,CO
1554,1859.0,Old Chub NITRO,,16.0,0.282422641565277,,166,Oskar Blu@@es Brew??ery,Longmont,
1555,1796.0,,32,,,166.0,Oskar Blues Brewery,%Longmont,CO,
1556,1790.0,,,12.0,,,166,Oskar Blues Brewery,Longmont,CO
1557,,Icey@@.P.A$.,American IPA,16.0,,,711.256992826805,,Longmont,CO
1558,1751.0,One Nut B@@rown??,En#gl#ish Brown Ale,12.0,0.05,,166,Oskar Blues Brewery,Longmont,C@#@O
1559,1750.0,,American IPA,64.64300012763078,,,166,Oskar Blues Brewery,Longmont,CO
1560,1444.0,Dale's Pale Ale,American Pale Ale (APA),,0.065,65.0,166,Oskar Blues Brewery,Longmont,CO
1561,1252.0,Dale's Pale Ale,American Pale Ale (APA),,0.065,297.6824019066791,166,,Longmont,CO
1562,1167.0,Mama's Little Yella Pils,Czech Pilsener,90.9662539427043,0.16930317142576778,35.0,166,,Longmont,CO
1563,993.0,oSKAr?? the G'Rauch,Ame#ric@@an IPA,75.61559452602269,0.4734209085862772,,166,Oskar Blues Brewery,Longmont,CO
1564,992.0,oSKAr the G'Rauch,American IPA,16.0,0.31927784073213855,,,Oskar Blues Brewery,,CO
1565,955.0,Dale's Pale Ale,American Pale Ale (APA),19.2,0.065,243.68460308865204,715.3122744310747,Oskar Blues Brewery,Longmont,CO
1566,4345.696378640944,The Deuce,American Brown Ale,16.0,0.07,,166,Oskar Blues Brewery,Longmont,CO
1567,892.0,Dale's ??Pale Ale (10 Year Anniversary),American Pale Ale (APA),12.0,0.065,65.0,904.6738068969808,Oskar Blues Brewery,,CO
1568,828.0,,American Pale Ale (APA),12.0,0.065,65.0,166,Oskar Blues Brewery,Longmon??t,CO
1569,806.0,Gordon Imperial Red (2010),,12.0,0.390687722138766,85.0,166,Oskar Blues Brewery,??Lo%ngmont,C#O
1570,755.0,Dale's Pale Ale (2011),American Pale Ale (APA),12.0,0.065,65.0,166,Oskar Blues Brewery,Longmont,CO
1571,754.0,Dale's Pale Ale (2010),American Pale Ale (AP%A??),,0.065,65.0,166,Oskar Blues Brewery,Longmont,CO
1572,,G'KNIGHT (16 oz.),American Double / $Imperial IPA,51.78959684049277,0.087,85.0,166,Oskar Blues Brewery,Longmont,
1573,720.0,15th @@Ann%iversary Abbey Ale (2012),Belgian Dark Ale,,0.09,,166,Oskar Blues Brewery,Longmont,
1574,661.0,Chaka,Belgia??n Strong Pale Ale,16.0,0.08,,166,,,CO
1575,3342.6052635112037,HGH %(Home@@ Grown Hops): Part Duh,American Strong Ale,12.0,0.08,70.0,166,Oskar Blues Brewery,Longmont,$CO
1576,565.0,Deviant Dale's IPA,American Double / Imperial IPA,16.0,0.08,,166,,Lo%ngmont,CO
1577,391.0,One Hit Wonder,America$n Double / Imperial IPA,12.0,0.09,,166,,,CO
1578,388.0,G'KNIGHT (12 oz.),American Double / Imperial IPA,12.0,0.087,85.0,166,,Longmont,CO
1579,8.0,Ten Fidy Imperial Stout,Russian Imperi%al Stou@@t,12.0,0.099,98.0,166,Oskar Blues Brewery,Longmont,CO
1580,7.0,Mama's Little Yella Pils,Czech Pilsener,,0.2723627735996808,35.0,166,Oskar Blues Brewery,,CO
1581,32.83398037744901,GUBNA Imperial?? IPA,American Double / Imperial IPA,12.0,0.099,100.0,166,Oskar Blues Brewery,Longmont,CO
1582,5.0,Old Chub,Scottish@@ Al??e,12.0,0.08,,166,Oskar Blues Brewery,,CO
1583,4.0,Gordon Ale (2009),American Double / Imperial IPA,,,85.0,166,,Lon$gmon@@t,
1584,1.0,Dale's Pale Ale,American Pale Ale (APA),12.0,0.065,65.0,166,,Longmont,CO
1585,805.0,Go%rdo#n (2005),American Double / Imperial IPA,12.0,0.092,499.8942227611498,2600.514930138184,Oskar Blues Brewery,Lyons,CO
1586,804.0,Ten Fidy Imperial Stout (2008),Russian Imperial Stout,12.0,0.3826703790580562,,,#Oskar Blues Brewery,Lyons,C$O
1587,3407.962183800844,Ten Fidy Imperial Stout (2007),,12.0,0.099,98.0,503,,Lyons,CO
1588,787.0,Old Chub (2008),,12.0,0.08,35.0,1799.1777841068701,@@Oskar Blues Bre#wery,Lyons,CO
1589,786.0,Old Chub (2004),S#cottish @@Ale,12.0,0.08,,2094.1306778554786,Oskar Blues Brewery,,CO
1590,3995.0369269007656,Old Chub (2003),Scottish Ale,12.0,0.08,35.0,,,Lyons,CO
1591,2575.0743912129606,,,12.0,0.065,341.877602715113,1772.8239810439657,Oskar Blues Brewery,Lyons,CO
1592,744.0,Dale's Pale Ale (2006),A??merican Pale Ale (APA),12.0,0.065,65.0,503,Oskar Blues Brewery,Lyons,CO
1593,743.0,Dale's Pale Ale (2004),,50.00928369930888,0.2663240658267816,65.0,503,Oskar Blues Brewery,Lyons,CO
1594,742.0,Dale's Pale Ale (2003),American Pale Ale (APA),12.0,0.065,,503,Oskar Blues Brewery,Lyons,CO
1595,741.0,Dale's Pale Ale (2002),American Pale Ale (APA),12.0,0.065,65.0,2047.7425963465926,Oskar Blues Brewery,Lyons,CO
1596,734.0,Leroy (2005),Ame??rican @@Brown Ale,12.0,0.052,,503,,Lyons,CO
1597,733.0,Gordon Beer (2006),American Double / Imperial IPA,,,281.71051382567964,503,Oskar Blues Brewery,Lyons,CO
1598,1533.0,G$'K@@NIGHT,,,0.087,85.0,389,,Brevard,NC
1599,1532.0,Ten Fidy,Ru#ssian Imperial St%out,12.0,0.099,,389,Oskar Blues Brewery (North Carol...,Br??e@@vard,@@N$C
1600,1328.0,Deviant Dale's IPA,American Double / Imperial IPA,16.0,0.08,85.0,389,Oskar Blues Brewery (North Carol...,Brevard,
1601,1175.0,Old Chub,Scottish Ale,58.76015535663528,0.08,35.0,389,Oskar Blues Brewery (North Carol...,,NC
1602,,Dale's Pal??e Al??e,American Pale Ale (APA),19.2,0.3493121009222885,65.0,389,Oskar Blues Brewery (North Carol...,Brevard,
1603,,Dale's Pa??le% Ale,American Pale Ale (APA),12.0,,65.0,389,Oskar Blues Brewery (North Carol...,Brevard,
1604,1908.0,Fresh Slice White IPA,American White IPA,12.0,0.055,45.0,275,Otter Creek Brewing,Middlebury,VT
1605,1946.0,Overgrown American Pale Ale,American Pale Ale (APA),36.88048469412654,0.055,55.0,261,Otter Creek Brewing,Waterbury,VT
1606,1961.0,,American Pale Ale (APA),12.0,0.04,39.0,,,Rogers,AR
1607,1684.0,,American IPA,,,,,Palisade Brewing Company,Palisade,CO
1608,4539.742889236274,Dirty Hippie Dark Wheat,American Dark Wheat Ale,12.0,0.053,,341,Palisade Brewing Company,,CO
1609,1268.0,Rustic Red,Irish Red Ale,16.0,0.27170704228249826,23.0,441,,Fort Collins,CO
1610,697.0,Stimulator Pale Ale,American Pale Ale (APA),16.0,0.053,,441,P??ateros Creek Brewing C??ompany,Fort Collins,CO#
1611,696.0,Old Town Ale,Kölsch,16.0,0.045,22.0,441,Pateros Creek Brewing Company,Fort Collins,$CO
1612,695.0,Car 21,English Bitter,,0.044,28.0,441,Pateros Creek Brewing Company,Fort Collins,??CO%
1613,3014.604318206739,Cache La Porter,American Porter,79.98712180271211,0.05,,441,Pateros Creek Brewing Company,Fort Col??lins,%CO??
1614,,Rodeo Rye Pale Ale,American Pale Ale (APA),12.0,0.042,35.0,307,Payette Brewing Company,Garden City,ID
1615,1048.0,Outlaw IPA,American IPA%,12.0,0.062,65.0,307,Payette Brewing Company,Garden City,ID
1616,6086.814524366952,,American Pale Lager,12.0,0.044,,307,Payette Brewing Company,,
1617,890.0,Payette Pale Ale,American Pale Ale (APA),12.0,0.048,35.0,307,Payette Brewing Company,Garden City,ID
1618,775.0,Mutton Buster,@@American Brown Ale,,0.055,25.0,307,Payette Brewing Company,Garden City,ID
1619,1087.0,Side Ki#ck Kölsch,Kölsch,12.0,0.05,,,Peace Tree Brewing Company,Knoxville,IA
1620,6438.114123319377,Fresh Cut Pilsner,American Pilsner,,0.2371244554238707,,266,Peak Organic Brewing Company,,ME
1621,1930.0,Summer Session Ale,American Pale Wheat Ale,12.0,0.05,61.0,266,Peak Organic Brewing Company,Portland,ME
1622,12913.293824321045,L@@obo@@ Lito,Light Lager,12.0,0.04,12.0,693.4180228858208,Pedernales Brewing Company,Fredericksburg,??TX
1623,8001.846454143016,Robert Earl Keen Honey Pils,Americ#an Pilsner%,42.118780362137464,0.05,17.0,187,Pedernales Brewing Company,Fredericksburg,TX
1624,2175.0,,American IPA,12.0,0.065,77.0,1224.3416436312991,People's Brewing Company,Lafayette,IN
1625,2168.0,Amazon Princess IPA,American IPA,12.0,0.062,62.0,1088.6986095023894,People's Brewing Company,Lafayette,IN
1626,1956.0,Farmer's Daughter Wheat,American Pale Wheat Ale,12.0,0.042,,205,People's Brewing Company,@#@Lafayette,IN
1627,1794.0,People's Pilsner,German Pilsener,12.0,,,205,People's Brewing Company,Lafayette,I#N
1628,10342.883018144264,Hotbox Brown,American Brown Ale,12.0,0.055,10.0,13,Perrin Brewing Company,Comstock Park,MI
1629,10076.342349416327,Gold,,12.0,0.048,15.0,13,Perrin Brewing Company,Comstock Park,MI
1630,2631.0,Black,American Black Ale,12.0,0.058,,13,Perrin Brewing Company,#Comstock @@Park,MI
1631,,98 Problems (Cuz A Hop Ain't One),Am@@erican ??IPA,,0.19919166827622856,65.0,13,Perrin Brewing Company,Comstock Park,$M#I
1632,2629.0,,,12.0,0.05,40.0,13,Perrin Brew$ing Company,Comstock Park,@@MI
1633,2628.0,Grapefruit IPA,American IPA,12.0,0.05,35.0,13,Perrin Brewing Company,Comstock Park,MI$
1634,1062.0,Pete's ESP Lager (1998),Amer@$@ican Pale Lager,59.97324126627309,0.051,,470,Pete's Brewing Company,S#a%n Antonio,##TX
1635,4467.322568237687,,American Pale Wheat Ale,12.0,0.25443472724089283,,470,Pete's Brewing Company,San Antonio,TX
1636,1060.0,Pete's Wicked Bohemian Pilsner (1997),Czech Pilsener,12.0,0.049,,2620.0573568936006,Pete's Brewing Company,San Antonio,TX
1637,1056.0,Pete's Wicked Pale Ale (1997),American Pale Ale (APA),12.0,,,470,Pete's Brewing Company,,TX
1638,1055.0,Pete's Wicked Summer Brew (2002),American Pale Wheat Ale,12.0,0.047,,2485.867986753132,Pete's Brewing Company,San Antonio,TX
1639,1054.0,Pete's Wicked Summer Brew (1997),American Pale Wheat Ale,12.0,0.047,,470,Pete's Brewing Company,San Antonio,TX
1640,1053.0,Pete's Wicked Summer Brew (1996),American Pale Wheat Ale,,0.047,,470,Pete's Brewing Company,San Antonio,TX
1641,2635.0,Sparkle,American Pale Lager,72.84739983554076,0.041,12.0,11,,Petoskey,MI
1642,1404.0,North 45 Amber Ale,American Amber / Red Ale,76.94492959857476,,25.0,11,Petoskey Brewing,Petoskey,MI
1643,1403.0,Horny Monk,Dubb@@el%,,,20.0,34.179894199064925,Petoske$y Brewin#g,,MI
1644,1402.0,Mind's Eye PA,Ameri#can IP??A,16.0,0.067,74.0,11,Petoskey% Brewing,Petoskey,MI
1645,2312.0,Cam%elba%ck,American IPA,12.0,,202.70542301698833,157,Phoenix Ale B%rewery,Phoenix,AZ
1646,1636.0,Local 5 Pale Ale,American Pale Ale (APA),71.39902075652316,0.056,,1968.7013158162647,,Monument,CO
1647,,Devils Head Red Ale,Am#erican Amber / Red Ale,16.0,0.073,,355,Pikes Peak Brewing Company,Monument,CO
1648,1384.0,Elephant Rock IPA,American IPA,12.0,0.07,75.0,355,,Monument,
1649,1797.0,Black Bay Milk Stout,,12.0,0.05,,1680.2133134587014,Pine Street Brewery,San Francisco,CA
1650,,Atom Splitter Pale Ale,American Pale Ale (APA),12.0,0.05,,310,Pine Street Brewery,,
1651,1791.0,Hot Date Ale,,16.0,0.06,87.1385447942126,314,Piney River Brewing Company,Buc%ryus,MO
1652,,Masked Bandit IPA,,16.0,0.23124753732113115,,314,Piney River Brewing Company,Bucryus,MO
1653,5389.399712351388,,Fruit / Vegetable Beer,16.0,0.06,24.0,314,,Bucryus,MO
1654,1335.0,Float Trip Ale,American Blonde Ale,16.0,0.045,,314,Piney River Brewing Company,Bu??cryus,MO
1655,847.0,Old Tom Porter,American Porter,16.0,0.23959719431123624,25.0,314,Piney River Brewing Company,Bucryus,M??O
1656,4256.5163461047505,Black Walnut Wheat,,16.0,0.045,18.0,314,,Bucryus,
1657,521.0,McKinn$ey Eddy Amber Ale,American Amber / Red Ale,16.0,,88.16771215175396,314,Piney River Brewing Company,Bucryus,MO
1658,,Missouri Mule India Pale Ale,American IPA,16.0,0.07,,314,Piney River Brewing Company,Bucryus,MO
1659,2559.0,Blood of the Unicorn,American Amber / Red Ale,16.0,,,52,,Chicago,I%L
1660,1760.0,GreyBeard�?IPA,American IPA,12.0,0.069,51.0,1698.0812842783303,Pisgah Brewing Company,Black Mountain,
1661,,Pisgah Pale Ale,American Pale Ale (APA),12.0,0.21154562152158668,31.0,324,Pisgah Brewing Company,Black Mountain,
1662,6825.161838892627,PONTO S.I.P.A.,American IPA,16.0,,,1793.9944369595937,,Carlsbad,CA??
1663,8470.11705745589,$%Chronic Ale,American Amber / Red Ale,16.0,0.049,,370,Pizza Port Brewing ??Company,Carlsbad,CA
1664,1191.0,Swami's India Pale Ale,American IPA,16.0,0.068,,370,Pizza Port Brewing Company,Carlsbad,CA
1665,2336.0,New Cleveland Palesner,American Pilsner,12.0,0.28846456016142064,,147,Platform Beer Company,,OH
1666,2553.0,,American Pale Ale (APA),12.0,0.054,45.0,55,Pollyanna Brewing Company,Lemont#,IL
1667,,Big Chuck Barleywine,Ameri??can Barley??wine,12.0,0.099,,,Portside Brewery,Cleveland,OH
1668,,Ponderosa @@IPA$,American IPA,12.0,,,548,Prescott Brewing Company,,
1669,64.0,Liquid Amber Ale,A??merican Amber / Red Ale,12.0,,,1810.1971074673108,Prescott Brewing Company,Prescott,AZ
1670,2360.0,Morning Wood Wheat (Current),American Pale Wheat Ale,12.0,0.2556983203464131,55.61330964376375,135,Pug Ryan's Brewery,Dillon,CO
1671,1463.0,Hideout Helles,Munich Helles Lager,58.86678004875086,0.069,17.0,135,Pug Ryan's Brewery,%Dillon,CO
1672,1462.0,Dead Eye Dunkel,Munich Dunkel Lager,12.0,0.06,15.0,135,Pug Ryan's Brewery,Dil#lon%,CO
1673,1461.0,Peacemaker Pilsner,Czech Pilsener,12.0,0.058,21.0,135,Pug Ryan's Brewery,Dillon,#CO
1674,711.0,Over the Rail Pale Ale,American Pale Ale (APA),12.0,,68.0,135,Pug Ryan's Brewery,Dillon,CO
1675,188.0,Pallavicini Pil$sner (2009),Czech Pilsener,12.0,0.058,21.0,599.5321016608665,Pug Ryan's@@ B$rewery,Dillon,CO
1676,415.7101084745576,Morning Wood Wheat (Current),American Pale Wheat Ale,12.0,0.059,14.0,135,Pug Ryan's Brewery,Dillon,CO
1677,399.0,Pyramid Hefeweizen (2011),Hefeweizen,12.0,0.052,18.0,544,Pyramid Breweries,Seattle,WA
1678,82.0,Haywire Hefeweizen (2010),,82.82295348874008,0.052,18.0,544,Pyramid Breweries,Seattle,WA
1679,2031.0,Golden Fleece,Belgian Pale Ale,12.0,0.045,35.0,246,Quest Brewing Company,Greenville,S??C??
1680,2030.0,Smoking Mirror,American Porter,12.0,0.055,30.0,1415.1300056211574,Quest Brewing Company,Greenville,SC
1681,2269.0,Rahr's Blonde,Munich Helles Lager,12.0,,,176,Rahr & Sons Brewing Company,Fort Worth,TX
1682,2229.0,Pride of Texas Pale Ale,American% Pale Ale (??APA),12.0,0.058,60.0,176,Rahr & Sons Brewing Company,Fort Worth,TX
1683,2370.0,18th# Anniversary Gose,Gose,12.0,0.2591198077784782,5.0,128,Real Ale Brewing@@ Comp@@any,,TX
1684,,,Witbier,12.0,0.046,,128,Real Ale Brewing Company,Bla%nco??,TX
1685,1861.0,BLAKKR,American Black Ale,12.0,0.099,85.0,128,Real Ale Brewing #Compan%y,Blanco,??TX
1686,1718.0,,American Blonde Ale,12.0,0.051,73.64599844268996,128,Real Ale Brewing Company,Bla$nco#,TX
1687,1290.0,The Sword Iron Swan Ale,English Pale Ale,12.0,0.059,,128,Real Ale Brewing Company,Blanco,TX
1688,,Hans' Pils (2015),German Pilsener,69.34601057539572,0.053,52.0,,Real Ale$ Bre%wing Company,Blanco,TX
1689,1086.0,Four Squ??ared (2015),American Blonde Ale,12.0,0.06,50.0,128,Real Ale Brewing Company,Blanco,TX
1690,,Firemans #4 Blonde Ale (2015),American Blonde Ale,12.0,0.051,21.0,128,Real Ale Brewing Company,Blanco,TX
1691,,,American Brown Ale,12.0,0.072,55.0,475,Red Hare Brewing Company,Marietta,$GA??
1692,938.0,Gangway IPA,,12.0,0.062,233.9551129200447,475,Red Hare Brewing Company,Marietta,GA
1693,3028.439901797013,Lo#ng Day@@ Lager,Czech Pilsener,41.18730226892738,0.049,,475,Red Hare Brewing Company,Marietta,??%GA
1694,2516.0,Farmer's Daughter Blonde,American Blonde Ale,16.0,0.051,17.0,68,Red Shedman Farm Brewery and Hop...,Mt. Airy??,MD
1695,9957.819959908647,Pump House IPA,American IPA,16.0,0.055,45.0,68,Red Shedman Farm Brewery and Hop...,Mt. Airy,MD
1696,2514.0,Suicide Blonde IPA,Belgian IPA,16.0,0.07,,68,,#Mt. Air??y,MD
1697,2513.0,Vanilla Porter,American Porter,16.0,0.047,25.0,392.14285997439964,Red Shedman Farm Brewery and Hop...,Mt. %Airy,MD
1698,2512.0,Honey Rye,Rye% Beer,16.0,0.058,91.1623590639133,68,Red Shedman Farm Brewery and Hop...,Mt. Airy,MD
1699,1467.0,Happy Cider,Cider,,0.055,,403,Red Tank Cider Company,Bend,OR
1700,945.0,Long Hammer IPA,American IPA,16.0,0.065,44.0,2692.7669837294775,Redhook Brewery,,WA
1701,583.0,Long Hammer IPA,American IPA,12.0,,44.0,1931.0126219041917,Redhook Brewery,Woodinville,WA
1702,1891.3676958054425,Co#pper Hook (201$1),American Amber / Red Ale,12.0,,99.63713339208904,487,Redhoo??k Brewery,Woodinville,WA
1703,1375.0,Nectar of the Hops,Mead,16.0,0.08,,421,,Boulder,C??O
1704,,Sunshine Nectar,,16.0,0.08,,,Red#stone Meadery,Boulder,CO$
1705,1373.0,Black Raspberry Nectar,Mead,16.0,0.41454274924464457,,421,Redstone Meadery,,CO
1706,2087.0,Blood Orange Wit,Witbier,,0.05,,225,Ref??ug@@e Brewery,Temecula,CA
1707,2414.0,Consilium,American Pale Ale (APA),12.0,0.24391557247119133,40.0,110,Renegade Brewing Company,Denver,@@??CO
1708,1581.0,Hammer & Sickle,Russian Imperial Stout,61.80003478330164,0.09,60.0,110,Renegade Brewing Company,Denver,#CO
1709,1176.0,Redacted Rye IPA,American IPA,89.74972469920016,0.302494484831389,100.0,516.5611057440451,Renegade Brewing Company,Denver,CO
1710,1006.0,Elevation Triple India Pale Ale,American Double / Imperial IPA,40.27025006327574,0.099,100.0,110,??Renegade Brewing Company,Denver,CO
1711,1005.0,5:00 O'Clock Afternoon Ale,American Blonde Ale,16.0,0.05,25.0,110,,De#nver,CO
1712,636.0,Ryeteous Rye IPA (2012),American IPA,16.0,0.40701196262372524,100.0,110,Renegade Brewing Company,,CO
1713,1538.0,Stout Ol' Friend,American Stout,16.0,0.064,,386,Revolution Brewing,Paonia,CO
1714,1075.0,Stout Ol' Friend (2012),American Stout,16.0,0.064,,,Revolution Brewing,Paonia,CO
1715,710.0,Rye Porter,American Porter,16.0,,,386,Revolution Brewing,Paoni%??a,CO$
1716,709.0,,American Blonde Ale,16.0,0.05,,386,Revolution Brewing,Paonia,CO??
1717,708.0,Vienna Lager,Vie%nna Lag??er,16.0,0.046,,386,,Pa%#onia,CO
1718,3692.1184150926206,Jessie's Gar??age%,American Pale Ale (APA),16.0,,,1444.0257698989772,Revolution Brewing,Paonia,CO
1719,220.0,Colorado Red Ale,American Amber / Red Ale,12.0,,,,Revolution Bre??wing,Paonia,C@@O
1720,219.0,Miner's Gold,American Blonde Ale,63.564569119887906,,,386,Revolution# Brewing,Paonia,CO
1721,14718.96216086108,Fist City,American Pale Ale (APA),12.0,0.055,,44,Revolution Brewing Company,Chicago,IL
1722,1133.0,A Little Crazy,Belgian Pale Ale,12.0,0.068,,44,,Chicago,I$L
1723,609.0,Rosa Hibiscus Ale,Herbed / Spiced Beer,12.0,0.058,15.0,44,Revolution Brewing Company,Chicago,IL??$
1724,418.0,Fistmas Ale,,12.0,0.061,146.16867333091167,183.16196681263824,Revolution Brewing Company,,
1725,1812.9242244622378,Oktoberfest Revolution,Märzen / Oktoberfest,12.0,0.057,,44,Revolution Brewing Company,Chicago,I$#L
1726,416.0,Eugene Porter,American@@% Porter,,0.068,28.0,44,Revolution Brewing Company,Chicago,IL
1727,415.0,Anti-Hero IPA,,,0.065,70.0,44,,Ch??icago,IL
1728,414.0,Bottom Up Belgian Wit,Witbier,12.0,0.05,14.0,44,Revolution Brewing Company,,IL
1729,2452.0,Hustle,American Amber / Red Ale,12.0,0.057,42.0,93,,Cinc$i$nnati,
1730,2451.0,Pure Fury,,12.0,0.055,163.27011894518486,93,Rhinegeist Brewery,Cincinnati,OH
1731,2132.0,D#a%d,American Amber / Red Ale,54.39515643714729,0.06,60.0,93,Rhinegeist Brewery,Cincinnati,OH
1732,1993.0,P%an??ther,American Porter,12.0,0.058,35.0,93,Rhinegeist Brewery,Ci$ncinn$ati,OH
1733,11596.63124440882,Franz,Märzen / Oktoberfest,,0.052,21.0,93,Rhinegeist Brewery,,OH
1734,1935.0,,American Pale Ale (APA),12.0,0.25122129967507895,45.0,93,Rhinegeist Brewery,Cincinnati,OH
1735,1852.0,Truth,American IPA,12.0,0.2671795686396635,75.0,93,Rhinegeist Brewery,Cincinnati,OH
1736,1851.0,Cougar,American Blonde Ale,52.532991116795245,0.048,,93,Rhinegeist Brewery,Cincinnati,??O??H
1737,,Smooth Operator,Cream Ale,16.0,0.038,,162,Right Brain Brewery,Traverse City,MI
1738,2580.0,Gose,Gose,16.0,0.035,,42,Ris@@ing Tide Brewing Company,Portland,ME
1739,1807.0,Maine Island Trail Ale,Amer$ican Pa$le Ale (APA),16.0,0.043,,42,Rising Tide Brewing Company,Portland,ME
1740,1180.0,River North White Ale,Witbier,16.0,,,459,@@River North Brewery,Denve%r,CO
1741,1179.0,River North Ale,American Amber /$ Red A#le,16.0,0.1844917337776573,,2517.493965138126,River North Brewery,,CO
1742,,Lil SIPA,American IPA,16.0,0.05,55.0,1493.7554536435202,Rivertown Brewing Company,Lockland,OH
1743,,Hop Bomber Rye Pale Ale,,16.0,0.22424382618065133,252.613036553723,321,Rivertown Brewing Company,Lockland,OH
1744,2579.0,Jah Mon,,12.0,0.2167386699030085,100.0,,Rivertowne Brewing Company,Export,P$A
1745,13250.467855318304,Oktoberfest,Märzen / Oktoberfest,12.0,0.062,,,Rive$rtowne Brewing Company,,PA
1746,2049.0,Headless Wylie,Pumpkin Ale,,0.46088126709001287,,43,Rivertowne Brewing Company,Export,PA
1747,7027.833451331874,Dayman IPA,American IPA,12.0,,,43,Rivertowne Brewing Company,Export,PA
1748,1880.0,All Aboard! Anniversary Stout,Oat$mea$l Stout,,0.3500064277887047,,43,Rivertowne Brewing Company,Exp#%ort,@@P#A
1749,1879.0,Hop Lace,American White IPA,12.0,0.062,,43,Rivertowne Brewing Company,Export,$PA
1750,1878.0,OH-PA Session Pa??le #Ale,American Pale Ale (APA),12.0,0.048,,186.48397758780496,Rivertowne Brewing Company,Export,PA
1751,1877.0,Patrick's Poison,American Amber / Red Ale,57.731230901445116,0.08,,244.03940916177044,Rivertowne Brewing Company,Export,PA
1752,9535.598011025188,Rudolph's ??Red,American Amber / Red Ale,12.0,0.45238469988686864,,43,Rivertowne Brewing Company,Export,%PA
1753,4701.110455229396,Babbling Blonde,American Blonde Ale,12.0,0.053,,43,Rive@@rtowne Brewing Company,Export,PA
1754,1102.0,Maxw??ell's Scottish Ale,Scottish Ale,42.83800143625258,0.2335354988258595,,,Rivertowne Brewing Company,Exp??o%rt,
1755,1101.0,Grateful White,Wit??bie#r,,0.061,,43,Rivertowne Brewing Company,Export,PA
1756,5664.698801829575,RT Lager,,12.0,0.055,,43,Rivertowne Brewing Company,Export,P#A
1757,1099.0,Old Wylie's IPA,American?? IPA,12.0,0.062,,43,Rivertowne Brewing Company,Export,
1758,1098.0,Hala Kahiki Pineapple Beer,Fruit / Vegetable Beer,59.73897152613357,0.048,,43,Rivertowne Brewing Company,Export,PA
1759,1330.0,Track 1 Amber Lager,American Amber / Red Lager,16.0,0.045,,,Roanoke Railhouse Brewery,,$#VA
1760,2074.0,Pine Knob %Pilsner,,78.56131636609666,0.26763240308265557,,,Rochester Mills Brewing@@ Company,Rochester,MI
1761,1724.0,Cal and Co. Black Cherry Porter,American Porter,16.0,,,229,Rochester Mills Brewing Company,Rochester,
1762,1280.0,Lazy Daze Lager,American @@Adjunct@@ Lager,16.0,,,229,,Rochester,MI
1763,899.0,Rochester Red Ale,American Amber / Red Ale,,0.059,,229,Rochester Mills Brewing Company,,MI
1764,363.0,Milkshake St@@out,,16.0,0.05,,229,Rochester Mills Brewing Company,Rochester,MI
1765,158.0,Cornersto%ne IP%A,American I%PA,16.0,0.07,,229,Rochester Mills Brewing Company,Rochester,$MI
1766,97.0,Lazy Daze Lager,American Adjunct Lager,12.0,0.055,,229,,Rochester,?$?MI
1767,1860.0,,American Amb??er / Red Al??e,16.0,0.051,,289,Rogue# Ales,Newport,
1768,1577.0,12th Round,American Strong Ale,16.0,,78.0,376,RoughTail Brewing Company,Midwest City,OK
1769,1576.0,Rou??@@ghTail IPA,American IPA,16.0,0.07,,376,RoughTail Brewing Company,Midwest City,OK
1770,1575.0,Polar Night Stout,American Stout,16.0,0.25247204384527705,,376,Rough%Tail Brewing Company,Midwest City,OK
1771,8377.451076793845,Sundown,Saison / Farmhouse Ale,12.0,,36.0,164,Round Guys Brewing,Lansdale,PA
1772,2249.0,Sanctified,,12.0,0.099,,164,,Lansdale,PA
1773,9166.453427122138,,,36.83710939789315,0.051,,164,Round Guys Brewing,Lansdale,PA
1774,1842.0,Original Slacker Ale,English Brown Ale,12.0,0.056,232.61392258154473,164,Round Guys Brewing,Lansdale,PA
1775,10249.832905703855,Alpha Blackback,American Black Ale,12.0,0.072,,164,Round Guys Brew@@i@@ng,#La$nsdale,PA
1776,1782.0,Kiss Off IPA,American IPA,12.0,0.063,,164,Ro%und Guys Brewing,Lansdale,PA
1777,6443.246397465768,Dog Days Summer Ale,Kölsch,12.0,0.045,28.0,,,Lansdale,PA
1778,1479.0,1881 California Red,American Amber / Re?@@?d Ale,,0.056,136.05679699758974,,Ruhstaller Beer Company,Sacramento,CA
1779,1478.0,C%APT Black IP@@A,American Black Ale,12.0,0.073,55.0,397,Ruhstaller Beer Company,Sacramento,CA
1780,1370.0,Ruhstaller's Gilt Edge Lager Beer,American Amber / Red Lager,,0.048,42.0,,Ruhstaller Beer Company,Sacramento,CA
1781,883.0,CAPT Black IPA,,73.2265692563688,0.073,55.0,397,,Sacramento,CA
1782,882.0,1881 California Red Ale,American Amber / Red Al%e#,16.0,0.056,,397,Ruhstaller Beer Company,Sacramento,
1783,1868.0,Saint Archer Wh??ite Ale,Witbier,12.0,0.05,15.0,288,Sa??int Archer Br??ewery,San Diego,CA
1784,1867.0,Saint Archer IPA,,12.0,,66.0,288,Saint Archer Brewery,San Diego,CA
1785,10010.370078890615,Saint Archer Pale Ale,American Pale Ale (APA),12.0,0.052,40.0,288,Saint A%rche??r Brewery,San Diego,
1786,1864.0,Saint Archer Blonde,Kölsch,12.0,0.048,,288,Saint Archer Brewery,San Diego,CA
1787,2599.0,Sex Panther,American Porter,12.0,0.069,78.66564958543448,,,,AZ
1788,10965.78549556205,Winter Warmer (Vault Series),Winter Warmer,16.0,0.095,25.0,30,SanTan Brewing Company,Chandler,AZ
1789,2063.0,Count Hopula (Vault Serie$s),American Double / Imperial IPA,16.0,0.3947605699053155,344.5409020438111,30,SanTa%n Brewing Com#pany,Chandler,AZ
1790,1995.0,Oktoberfest,Märzen / Oktobe??r@@fest,12.0,0.055,,,,Chandler,AZ@@
1791,1934.0,SunSpot Golden Ale,American Blonde Ale,12.0,0.05,15.0,,SanTan Brewing Company,,AZ%
1792,1329.0,I.W.A. (2011),American Pale Wheat Ale,12.0,0.06,,30,SanTan Brewing Company,Chandler,
1793,1299.0,Supermonk I.P.A.,Belgian IPA,,0.065,,30,SanTan Brewing Company,Chandler,AZ
1794,3287.944783157267,Epicenter Amber Ale,American Amber / Red Ale,12.0,0.055,20.0,30,SanTan Brewing Company,Chandler,AZ%
1795,1072.0,SanT%an HefeWeizen,Hefeweizen,12.0,0.05,51.2313294369597,30,SanTan Brewing Company,Cha%n%dler,AZ
1796,1071.0,$Hop Shock IPA%,,12.0,,85.0,30,SanTan Brewing Company,Chandler,AZ
1797,852.0,Sex Panther (2014),,12.0,0.069,20.0,30,SanTan Brewing Company,Chandler,AZ#
1798,850.0,Devil’s Ale,American Pale Ale (APA),,0.055,45.0,30,SanTan Brewing Company,Chandler,AZ
1799,839.0,Rail Slide Imperial Spiced Ale,Herbed / Spiced Beer,12.0,0.3213460590893184,,112.01074226073402,SanTan Brewing Company,Chandler,
1800,777.0,Mr. Pineapple,Fruit / Vegetable Beer,12.0,0.05,98.60600373445466,30,SanTan Brewing Company,,AZ
1801,764.0,American Idiot Ale (2012),,12.0,0.055,45.0,30,SanTan Brewing Company,Chandler,AZ
1802,317.0,Hop Shock IPA (2010),American IPA,12.0,0.41129008217897883,,30,SanTan Brewing Company,Chandler,
1803,286.0,SanTan HefeWeizen (2010),Hefeweizen,12.0,0.05,86.5806125439869,30,SanTan Brewing Co$mpany,??Chand#ler,AZ
1804,285.0,Devil’s Ale (2010),American Pale Ale (APA),12.0,0.2794760433312792,253.5592265118575,,SanTan Brewing Company,,AZ
1805,124.0,Epicenter Amber Ale (2010),American Amber / Red Ale,12.0,0.055,,157.59220752430863,SanTan Brewing Company,Chandler,@@AZ
1806,1392.0,$Sanit@@as Saison Ale,Saison / Farmhouse Ale,12.0,0.058,20.0,419,Sanitas Brewing Company,B%oul??der,CO
1807,5352.1468004183225,Sanitas Black IPA,Amer$ican Bla$ck Ale,12.0,,,419,Sanitas Brewing Company,Boulder,CO
1808,2002.0,,American Double / Imperial IPA,16.0,0.089,,252,Santa Cruz Mountain Brewing,Santa Cruz,CA
1809,1683.0,,American Brown Ale,12.0,0.054,,1030.1761452404887,Santa Cruz Mountain Brewing,Santa Cruz,C#A
1810,1362.0,Casinos @@$IPA,English India Pale Ale (IPA),16.0,0.07,,252,Santa Cruz Mountain Brewing,Santa Cruz,CA
1811,1519.0,Saison 88,Saison / Farmhouse Ale,12.0,0.3152630682171708,30.0,,,%Santa@@ Fe,NM
1812,967.0,Black IPA,American Black Ale,12.0,,95.0,392,Santa Fe Brewi%ng Company,Santa Fe,NM
1813,3093.12330127915,Santa Fe Irish Red Ale,Irish Red Ale,12.0,0.045,,,Santa Fe Brewing Company,Santa Fe,NM#
1814,307.0,Santa Fe Oktoberfest,??Märzen / Oktoberf#est,,,,2182.229867807401,Santa Fe Brewing Company,Santa Fe,NM
1815,305.0,Imperial Java Stout,Russian Imperial Stout,12.0,0.08,,392,Santa Fe #Brewing Company,Santa Fe,NM
1816,,Freestyle Pilsner,German Pilsener,65.76571119212386,0.055,,,Santa Fe Brewing Company,Santa Fe,NM
1817,217.0,Happy Camper IPA,American IPA,12.0,0.066,,392,Santa Fe Brewing Company,Santa Fe,NM
1818,7968.652666719111,Oval Beach Blonde Ale,,16.0,,,398,Saugatuck Brewing Company,Douglas,MI
1819,1503.0,Oak Aged Cider,Cider,12.0,0.065,,2304.908380856847,Schilling & Company,Seattle,WA
1820,5793.28515667733,Ginger Cider,,12.0,0.2996919678258491,,394,,#Seattle,WA
1821,1245.0,,Cider,12.0,,,394,Schilling & Company,Seattle,WA
1822,7728.029324851049,Schlafly Yakima Wheat Ale,American Pale Wheat Ale,12.0,,45.0,428,Schlafly Brewing Company,Saint Louis,
1823,1323.0,Schla@@fly Black %Lager,Sc@@hwarzbier,54.99385932370743,,,428,,Saint L#ouis,MO
1824,1078.0,Schlafly IPA,American IPA,12.0,,30.0,428,Schlafly Brewing Company,Saint Louis,MO
1825,1077.0,Schlafly American Brown Ale,American Brown Ale,47.651341496426994,0.05,30.0,428,Schlafly Brewing Company,Saint Louis,MO
1826,1955.6860951618148,Schlafly Hefeweizen,Hefeweizen,12.0,0.041,16.0,428,,Saint Louis,MO
1827,53.0,Schlafly Summer Lager,Munich Helles Lager,12.0,0.19111629088396204,,,Schlafly Brewing Company,,MO
1828,815.0,Sea Dog Wild Blueberry Wheat Ale,Fruit / Vegetable Beer,12.0,0.22870056176088746,,502,Sea Dog Brewing Company,Portland,ME@@
1829,1302.0,,American IPA,12.0,0.074,,432,Seabright Brewery,Santa Cruz,C$A
1830,1416.0,Dry Cider,Cider,16.0,0.065,,411,Seattle Cider Company,Seattle,WA
1831,1415.0,Dry Hard Cider,Cider,16.0,0.065,,1774.7898924176336,Seattle Cider Company,Seattle,WA
1832,918.0,Frankenlou's IPA,American IPA,16.0,,105.0,2079.045726068928,,Silv%#erton,OR
1833,4433.077333921914,Becky's Black Cat Porter,American Porter,16.0,0.07,55.0,494,Seven Br??ides Brewery,Silverton,??%OR
1834,2250.0,Seventh Son of a Seventh Son,American Strong Ale,16.0,0.077,176.76587961264454,183,Seventh Son Brewing Company,Columbus,@@OH
1835,1768.0,Stone Fort Brown Ale,English Brown Ale,16.0,0.053,20.0,183,Seventh Son Brewing C$ompany,Columbus,OH
1836,1767.0,Seventh S??on Hopped Red Ale,American Amber / Red Ale,16.0,0.077,40.0,183,,Columbus,OH
1837,10077.856068004854,Humulus Nimbus Super Pale Ale,American Pale Ale (APA),16.0,0.06,53.0,183,Seventh Son Brewing Company,Columbus,OH
1838,,Golden Ratio IPA,American IPA,16.0,,68.0,183,Seventh Son Brewing Company,Columbus,OH
1839,2368.0,Black Hop IPA,Amer$ican Black Ale,45.18807830517644,0.068,,130,Shebeen Brewing Company,Wolcott,CT
1840,738.0,Archer's Ale (2004),English Pale A@%@le,68.53999869494402,0.05,,511,Sherwood Forest Brewers,Marlborough,MA
1841,1539.0,Monkey Fist IPA,Americ??an I@@PA,12.0,0.069,,385,Shipyard Brewing Company,,
1842,,Shipyard Summer Ale,American Pale Wheat Ale,12.0,0.051,,385,Shipyard Brewing Company,Portland,ME
1843,814.0,Pumpkinhead Ale,Pumpkin Ale,,0.047,,385,Shipyard Brewing Company,,ME
1844,727.0,Shipyard Export,,12.0,0.24562282037046998,,385,Shipyard Brewing Company,Portland,ME
1845,2474.0,Nooner,German Pilsener,38.8212593031907,0.19423574386215436,,83,,Chico,CA
1846,2239.0,Torpedo,American IPA,12.0,0.072,65.0,83,Sierra Nevada Brewing Company,Chico,@@C#A
1847,1919.0,Yonder Bock,Maibock / Helles Bock,12.0,0.06,,83,Sierra Nevada Brewing Company,Chico,CA
1848,1918.0,CANfusion Rye Bock,Rye Beer,12.0,0.06,,83,Sierra Nevada Brewing Company,Chico,CA
1849,1905.0,,American Pale Ale (APA),16.0,0.056,37.0,,Sierra Nevad$a Bre$wing Company,Chic#o,CA
1850,1338.0,Old Chico Crystal Wheat,American Pale Wheat Ale,12.0,0.048,,83,Sierra Nevada @@Brewing Compa%ny,Chico,CA
1851,1295.0,Summerfest,Czech Pilsener,12.0,0.05,28.0,83,Sierra Nevada Brewing Company,Chico,CA
1852,426.0,Torpedo,American IPA,,0.4230124512824337,65.0,83,,Chico,CA
1853,400.0,Sierra Nevada Pale Ale,American Pale Ale (APA),12.0,0.056,37.0,83,Sierra Nevada Brewing Company,Chico,CA
1854,2353.0,Sietsema Red Label,Cider,16.0,0.069,,137,Sietsema Orchards and Cider Mill,Ada,MI
1855,212.0,Bear Ass Brown,American Brown Ale,12.0,0.042,,2495.183298169145,Silverton Brewery,Silverton,CO
1856,567.288077368456,Red Mountain Ale,,12.0,0.06,,551,Silverton Brewery,Silverton,
1857,592.0722957066322,Ice Pick Ale,,,0.068,,551,Silverton Brewery,Silverton,CO
1858,15363.57083259273,4Beans,Balt%ic Porter,65.96824926345084,0.1,52.0,46,Sixpoint Craft Ales,Brooklyn,NY
1859,2479.0,Jammer,#Go$se,12.0,0.042,16.0,,Sixpoint Craft Ales,Brooklyn,NY
1860,,%Abigal??e,Belgian Pale Al$e@@,12.0,,,46,Sixpoint Craft Ales,Brooklyn,NY
1861,2266.0,Rad,Fruit / Vegetable Beer,16.0,0.032,7.0,46,Sixpoint Craft Ales,Brooklyn,NY
1862,2090.0,Bengali,American IPA,24.0,0.065,62.0,46,Sixpoint Craft Ale$s,Brooklyn,NY
1863,9079.08780973258,,American Pale Ale (APA),45.21780122419014,0.047,50.0,46,Sixpoint Craft Ales,Brooklyn,NY
1864,9054.981488591484,Hi-Res,American Double / Imperial IPA,12.0,0.099,111.0,46,Sixpoint Craft Ales,Brooklyn,NY%
1865,1608.0,Global Warmer,Americ$an Strong Ale,12.0,,364.3523873033671,46,Sixpoint Craft Ales,Brooklyn,NY
1866,1591.0,A#utumnation (@@2013),American IPA,16.0,0.067,74.0,46,,,#NY
1867,1388.0,The Crisp,German Pilsener,16.0,0.054,42.0,46,Sixpoint Craft A#les,Brooklyn,NY
1868,1387.0,Sweet Action,,16.0,0.052,176.88117045138213,203.79809453367548,Sixpoint C@@raf@@t Ales,Br#ooklyn,NY
1869,1386.0,Righteous Ale,Rye Beer,,0.063,57.0,46,Sixpoint Craft Ales,,NY
1870,,Bengali Tiger,American IPA,16.0,0.064,62.0,,Sixpoint Craft Ales,Brooklyn,NY
1871,1020.0,3Beans,Baltic Porter,12.0,0.099,85.0,46,Sixpoint Craft Ales,Brooklyn,NY
1872,778.0,,American Brown Ale,16.0,0.059,47.0,46,Si%xpoint Craft Ales,Brooklyn,NY
1873,630.0,Apollo#,American Pale Wheat Ale,16.0,0.052,11.0,46,Sixpoint Craft Ales,Brooklyn,NY
1874,,Harbinger,,16.0,0.049,35.0,46,Sixpoint Craft @@Ales,Brooklyn,NY
1875,,Resin,American Double / Imperial IPA,12.0,0.091,103.0,46,Sixpoint Craft Ales,Brooklyn,NY
1876,1718.82504436394,,American Stout,16.0,0.063,,46,Sixpoint Craft Ales,Brooklyn,NY
1877,512.0,Autumnation (2011-12) (2011),Pum@@pkin Ale,54.46342150179497,0.06,176.65722225622824,46,Sixpoint Craft Ales,Brooklyn,
1878,425.0,The# Cr$isp (2011),German Pilsener,16.0,0.054,42.0,46,Sixpoint Craft Ales,%Brook@@lyn,NY
1879,424.0,Sweet Action (2011),Cream Ale,16.0,0.052,34.0,243.77294299113095,Sixpoint Craft Ales,Brooklyn,??#NY
1880,423.0,Righteous Ale (2011),,,0.063,57.0,46,Sixpoint Craft Ales,Brooklyn,
1881,422.0,Bengali Tiger (2011),American IPA,16.0,0.273052149835211,,46,Si#$xpoint Craft Ales,Brooklyn,NY
1882,1942.0,Rudie Session IPA,American IPA,12.0,0.26663567234955027,,264,Ska Brewing Company,Durango,CO??
1883,8755.240176742447,Taster's Choice,Do%ppelbock,12.0,0.074,,264,Ska Brewing Company,Durango,CO
1884,,Modus Hoperandi,American IPA,12.0,0.068,65.0,264,Ska Brewing Company,Durango,$CO
1885,1297.0,Estival Cream Stout,American Stout,12.0,0.17982577408901615,15.0,264,Ska Brewing Company,Durango,CO
1886,1192.0,,American Stout,12.0,0.058,,264,,,CO
1887,1013.0,,Foreign / Export Stout,12.0,0.08,,264,Ska Brewing Company,Durango,CO
1888,2489.2935398488958,Autumnal Molé Stout,American Stout,12.0,,,,,,
1889,,,American Pale Lager,,0.042,18.0,264,Ska Brewing Company,Durango,C??O%
1890,70.0,True Blonde Ale,American Blonde Ale,12.0,0.053,,264,Ska Brewing Company,Durango,CO
1891,69.0,Euphoria Pale Ale,American Pale Ale (APA),67.87535569459563,0.061,,264,Ska Brewing Company,,CO
1892,68.0,ESB Special Ale,Extra Special / Strong Bitter (ESB),46.850256831963414,0.057,58.0,264,Ska Brewing Company,Durango,
1893,279.8450587730737,Modus Hoperandi,American IPA,41.19096089878268,0.068,65.0,1288.0999158617676,Ska Brewing Company,Durango,
1894,1792.0,Iron Butt Red Ale,American Amber / Red Ale,12.0,0.32253681181359706,39.0,313,Slanted Rock Brewing Company,Meridi??an,ID
1895,1609.0,Initial Point India Pale Ale,American IPA,12.0,0.30218071902544635,92.0,1229.7010782895077,Slanted Rock Brewing Company,Meridian,%$ID
1896,2537.0,Monkey Dancing On A Razor Blade,Belgian IPA,24.0,0.308138997378433,,,SlapShot Brewing Company,Chicago,I??#L
1897,2536.0,Tripel Deke#,Tripel,24.0,0.082,,64,SlapShot Brewing Company,Chicago,IL
1898,,Urban Wilderness Pale Ale,English Pale Ale,12.0,0.049,,557,Sleeping Lady Brewing Company,Anchorage,AK
1899,2305.0,Homefront IPA,American IPA,12.0,0.06,70.0,163,Sly Fox Brewing Company,Phoenixvi@@lle,PA
1900,1588.0,%Sly Fox Chris%tmas Ale 2013,Winter Warmer,12.0,0.055,16.0,371,Sly Fox Brewing Company,Pottstown,PA
1901,7872.665064299135,Grisette,Grisette,49.91660400388747,0.056,25.0,,Sly Fox Brewing Company,Pottstown,PA
1902,1211.0,360° India Pale Ale,,65.83012066834543,0.062,,371,Sly Fo$x B%rewing Company,,PA##
1903,1123.0,Helles Golden Lager,Munich Helles Lager,12.0,0.29358733834261463,55.46982409659308,1709.83206402361,Sly Fox Brewing Company,Pottstown,PA
1904,926.0,Sly Fox Christmas Ale 2012 (2012),Winter Warmer,12.0,0.20561283686735787,16.0,1487.2422010588887,Sly Fox Brewing Company,Pottstown,PA
1905,894.0,Odyssey Imp%e%rial IPA,American Double / Imperial IPA,12.0,,341.8844830996933,1226.511490898952,Sly Fox Brewing Company,Pottstown,PA
1906,166.0,,Märzen / Oktoberfest,12.0,,25.0,371,Sly Fox Brewing Company,@@Po$ttstown,PA
1907,24.0,113 IPA,American IPA??,12.0,0.3277926487112033,113.0,371,,,PA%@@
1908,70.79602528928977,Dunkel Lager,Munich Dunkel Lager,,0.053,,371,Sly Fox Brewing Company,,PA
1909,22.0,Royal Weisse Ale,Hefeweizen,12.0,0.056,11.0,371,Sly Fox Brewing Company,Pottstown,PA
1910,21.0,Pikeland Pils,German Pilsener,12.0,0.049,,,Sly@@ Fox% Brewing Company,Pottstown,PA
1911,20.0,Phoenix Pale Ale,American Pale Ale (APA),51.34281112124756,,40.0,1381.838741696449,Sly Fox Brewing Company,Pottstown,PA
1912,,Rule G IPA,American IPA,12.0,,462.78773326099736,115,Smartmouth Brewing Company,Norfolk,VA
1913,2406.0,Murphy's Law,American Amber / Red Ale,12.0,0.058,35.0,387.64149175071213,Smartmouth Brewing Company,Norfolk,
1914,2405.0,Alter Ego,Saison / Farmhouse Ale,12.0,0.062,33.0,115,Smartm$outh Brewing Company,Norfolk,VA
1915,2234.0,Monarch Pilsner,Americ%??an Pilsner,12.0,0.05,,191,Snake River Brewing Company,Jackson,WY
1916,1606.0,Snow King Pale Ale,American Pale Ale (APA),12.0,0.24489809369663862,55.0,191,Snake River Brewing Company,Ja$c%kson,WY
1917,2332.820830464156,Zonker Stout,Foreign / Export Stout,12.0,0.054,159.69483906711002,191,Snake River Brewing Company,Jackson,WY
1918,,OB-1 Organic Ale,English Brown Ale,55.92687493969913,,22.0,,Snake Ri#ver Brewing Company,Jackson,WY
1919,1564.0181380099843,??S??nake River Lager,Vienna Lager,12.0,0.2456690968389834,18.0,191,Snake% River Brewing ??Company,Jackson,@@@@WY
1920,402.0,Snake River Pale Ale$,American Pale Ale (APA),12.0,0.052,32.0,191,Snake River Brewing Company,,WY
1921,393.0,Pako’s EyePA,American IPA,60.53915656927659,0.068,60.0,191,Snake River Brewing Company,Jackson,
1922,1798.0,Thanksgiving Ale,Kölsch,,0.05,,1608.9835043028988,Sockeye Brewing Company,B@#@oise,ID
1923,1655.0,Double Dagger Imperial IPA,American Double / Imperial IPA,12.0,0.092,,309,,Boise,$ID
1924,1596.0,Dagger Falls IPA,American IPA,45.97484569030856,0.063,100.0,309,Sockeye Brewing Company,B%oi??se,ID
1925,1595.0,Dagger Falls IPA,American IPA%??,12.0,0.063,100.0,,Sockeye Brewing Company,Boise,%ID
1926,1482.0,Socktoberfest,,16.0,0.06,,,Sockeye Brewing Company,,ID
1927,1447.0,Hopnoxious Imperial IPA,American Double / Imperial ??IPA,12.0,0.079,,1709.4404734892846,Sockeye Brewing Company,Boise,ID
1928,1425.0,Barrel Aged Seven Devils Imperial Stout,American Double / Imperial Stout,12.0,,,309,Sockeye Brewing Company,Boise,ID
1929,7089.533483933121,Boise Co-Op Two ??Score Ale,Saison / Farmhouse Ale,16.0,0.055,,309,Sockeye Brewing Company,Boise,I#D
1930,1298.0,Sockeye Belgian Style Summer Ale,Witbier,16.0,,,309,Sockeye Brewing Company,Boise,ID
1931,1181.0,,Maibock / Hell#es Boc??k,12.0,0.064,,309,Sockeye Brewing Company,Bois#%e,ID
1932,,Old Devil's Tooth,American Barleywine,70.04219336444564,0.099,451.608044319828,309,Sockeye Brewing Company,Boise,ID
1933,1152.0,Galena Golden,American Blonde Ale,12.0,0.043,,309,Sockeye Bre%wing Comp$any,Boise,ID@@
1934,1151.0,Hell-Diver Pale Ale,American Pale Ale (APA),12.0,0.052,,309,Sockeye Brewing Company,Boise,ID
1935,1150.0,Woolybugger Wheat,American Pale Wheat Ale,12.0,0.046,12.0,309,Sockeye Bre%wing Company,Boise,ID
1936,1076.0,Power House Porter,American Porter,12.0,0.057,,309,Sockeye Brewing Company,Boise,ID
1937,995.0,Winterfest,American Strong Ale,16.0,,90.0,309,Sockeye Brewing Company,Boise,@@#ID
1938,879.0,Dagger Falls IPA,American IPA,12.0,0.063,100.0,309,Sockeye Brewing Company,Boise,
1939,8314.919021226557,LuckenBock,Bock,16.0,0.07,90.42972773871801,257,South Austin Brewery,South Austin,TX
1940,1971.0,,American IPA,16.0,0.055,40.0,257,South Austin Brewery,South Austin,TX
1941,1970.0,6 String Saison,Saison / Farmhouse Ale,16.0,0.08,,1147.3999577455781,South Austin Brewery,South Austin,T#X%
1942,10974.004609065627,Kol' Beer,Köl#s$ch,16.0,0.05,22.0,257,South Austin Brewery,South Austin,TX
1943,2024.0,Montauk Light,Light Lager,12.0,0.035,,1399.745483499173,,Southampton,NY
1944,1283.0,Na Zdraví Pilsner,Czech Pil??sener,66.29573372792083,0.048,174.65356778958244,1598.9491466748773,Southern #Oregon Bre$wing Company,Medford,OR
1945,1282.0,Nice R??ack IPA%,,16.0,0.055,65.0,,Southern Oregon Brewing Company,Medford,OR
1946,2362.0,2014 IPA Cicada Series,American IPA,16.0,0.075,72.0,133,Southern% Prohibiti??on Brewing Com...,,??MS
1947,2346.0,Sinister Minister Black IPA,American IPA,16.0,0.077,65.0,,Southern Prohibition Brewing Com...,Hattiesburg,
1948,2320.0,,Extra Special / Strong Bitter (ESB),12.0,0.053,45.0,133,,Hattiesburg,MS
1949,2297.0,,American Pale Ale (APA),12.0,0.058,300.13462093842423,133,Southern Prohibition Brewing Com...,Hattiesburg,MS
1950,2296.0,Suzy B Dirty Blonde Ale,American Blonde Ale,12.0,0.05,20.0,680.4019120092044,,Hattiesburg,MS%#
1951,,Mississippi Fire Ant,American Amber / Red Ale,16.0,0.08,,509.82473392991557,Southern Prohibition Brewing Co??m...,Ha#t%tiesburg,MS
1952,1120.0,Hipster Breakfast,Oatmeal Stout,81.91052062390462,0.058,40.0,133,S%outhern Prohibition Brewing Com#...,Hattiesburg,MS
1953,1118.0,Suzy B Dirty Blonde Ale,American Blonde Ale,16.0,0.05,20.0,133,Southern Prohibition Brewing Com...,Hattiesburg,MS
1954,1117.0,Devil's Harvest Extra Pale Ale,American Pale Ale (APA),16.0,0.058,60.0,133,Southern Prohibition Brewing Com...,Hattiesb#urg,MS
1955,8573.68740187063,Pine Belt Pale Ale,American Pale Ale (A%PA),12.0,0.065,45.0,118,Southern Star Brewing Company,Conroe,??TX@@
1956,2267.0,Walloon,Saison / Farmhouse Ale,12.0,0.055,,,Southern Sta#r Brewi??ng Company,Conroe,
1957,1740.0,Le Mort Vivant,Bièr#$e de Garde,12.0,0.069,,,Southern Star Brewing Co$mpany,Conroe,TX
1958,1728.0,Red Cockaded Ale,American Double / Imperial IPA,12.0,0.085,110.0,118,Southern Star Brewing Company,Conroe,TX
1959,1497.0,Valkyrie Double IPA,American Double / Imperial IPA,12.0,0.3250742652408903,100.0,118,Southern Star Brewing Company,,TX
1960,1011.0,Red Cockaded Ale (2013),American Double / Imperial IPA,12.0,0.085,110.0,118,Southern Star Brewing Company,Conroe,TX
1961,1010.0,Old Potentat$e,,12.0,0.072,40.0,118,,Conroe,TX
1962,856.0,Bombshell Blonde,American Blonde Ale,16.0,0.05,111.46513734766944,118,Southern Star Brewing Company,Co??nroe,TX
1963,,PRO-AM (2012) (2012),American Double / Imperi??al I%PA,12.0,0.099,100.0,118,Southern Star Brew#ing Compa??ny,Conroe,TX
1964,691.0,Walloon (2014),Saison / Farmhouse Ale,12.0,0.055,,118,Southern Star Brewing Company,,T%$X
1965,555.0,Le Mort Vivant (2011),Bière de Garde,12.0,,23.0,118,Southern Star Brewing Company,Con$roe,T%X
1966,46.0,Buried Hatchet Stout,Foreign / Export Stout,12.0,0.083,50.0,507.58318638820435,Southern Star Brewing Company,Conroe,TX
1967,45.0,Pine Belt Pale Ale,Am#erican Pale Ale (APA),16.0,0.065,45.0,118,Southern Star Brewing Company,Conroe,TX
1968,44.0,Bombshell Blonde,Ame#rican Blonde Ale,12.0,0.05,20.0,610.2936059297288,Southern Star Brewing Company,Conroe,TX
1969,2486.0,Baby Daddy Session IPA,Ameri@@can IP@@A,12.0,0.047,35.0,78,Speakasy Ales & Lagers,Sa@@n@@ Francisco,CA$
1970,763.0,,Engl#ish India Pale Ale $(IPA),,,,508,,Cortland,NE
1971,2271.0,Ball & Chain (2014),,80.31604649493057,0.058,,175,Spiteful Brewing Company,Chicago,IL
1972,2206.0,Bitter Biker Double IPA,American Double / Imperial IPA,16.0,,,,,Chicago,IL
1973,2136.0,God Damn Pigeon Porter,American %Po$rter,16.0,0.082,,699.8167812793095,Spiteful Br%ewing Company,,I%L
1974,2135.0,Wor%king for the Weekend#,American Double / Imperial IPA,16.0,0.079,,,Spiteful Brewing Company,Chicago,IL
1975,2134.0,Angry Adam,,16.0,0.06,,,Spiteful Brewing Company,Chicago,IL
1976,8104.615745987498,Freedom Fries,Amer@@ican?? Stout,16.0,0.27093845278906986,,,Spiteful Brewing Company,Chicago,IL
1977,1821.0,Bit@@ter Biker Doubl%e IPA,American Double / Imperial IPA,43.618174653971415,0.096,,,Spiteful Brewing Company,Chicago@@,IL
1978,1820.0,Ghost Bike Pale Ale,American Pale Ale (APA),16.0,0.073,,175,Spiteful Brewing Company,Chicago,IL
1979,1819.0,Spiteful IPA,American IPA,55.44615685281176,0.062,,175,Spiteful Brewing Company,Chicago,IL
1980,1634.0,Alley Time,American Pale Ale (APA),12.0,0.06,,652.5293549672061,,,IL
1981,1633.0,Fat Badger,Irish Red Ale,66.97209373551483,0.058,,175,Spiteful Brewing Company,,IL
1982,1632.0,In the Weeds,American Pale Wheat Ale,12.0,0.055,,,Spiteful Brewing Company,Chicago,IL
1983,855.0,Special Amber,Vienna Lager,12.0,0.05,106.43178422799507,1572.4527380039822,Sprecher Brewing Company,,WI
1984,445.0,Special Amber,Vienna Lager,12.0,0.05,22.0,498,Sprecher Brewing Company,Glendale,WI
1985,7824.452590682455,Seven Ga#tes Pale Ale,American Pale Ale (APA),,,,1937.075949331506,Spring House Brewing Company,Conestoga,PA
1986,2242.0,Gunga Din,Cider,83.40036865990407,0.052,,186,St. Julian Winery,Paw Paw??,M@@I
1987,1544.0,Starr #P%ils,German Pilsener,,0.042,20.0,,Starr Hill Brewery,Crozet,V#A
1988,1205.0,Northern Lights India Pale Ale,American IPA,87.57893376746588,0.065,52.0,383,Starr Hill Brewery,Crozet,
1989,369.0,Festie,Märzen / Oktoberfest,12.0,0.048,60.409631784392815,1193.3870063114289,Starr Hill Brewery,Crozet,
1990,1656.0439713614342,Northern Lights India Pale Ale,American IPA,12.0,0.065,52.0,383,Starr Hill Brewery,Crozet,VA
1991,,Third Eye Enlightened Pale Ale,American Pale Ale@@ (APA),12.0,0.065,306.6742778153799,119,Steamworks Brewing Company,Durango,@@CO$
1992,92.0,Colorado Kölsch,Kölsch,12.0,0.049,17.0,119,Steamworks Brewing Company,,CO
1993,91.0,Steam Engine Lager,American ??Amber / Red Lager,12.0,0.057,,,Steamworks Brewing Company,Durango,CO
1994,308.65326276488014,Third Eye Pale Ale,American IPA,12.0,0.065,65.0,507.39860548322093,Steamworks Brewing Company,Durango,CO
1995,2366.0,Point Special (Current),American Adjunct Lager,12.0,0.27284447471666134,9.0,131,Stevens Point Brewery,Stevens Poi#nt,WI
1996,9741.425006708574,Point Specia$l,American Adjunct Lager,12.0,0.047,9.0,131,Stevens Point Brewery,Stevens Point,WI
1997,8505.781557185801,Point Cascade Pale Ale (2013),American P@@ale Ale% (APA),12.0,0.054,110.33423372196042,,,Stevens Point,WI
1998,2228.0,Point Special,American Adjunct Lager,12.0,0.047,9.0,131,Stevens Point Brewery,,WI
1999,2151.0,@@Onyx Black Ale,American Black Ale,12.0,,9.0,,Stevens Point Brewery,Stevens Point,WI
2000,2150.0,Beyond The Pale IPA,American IPA,,0.063,,131,Stevens Point Brewery,,WI
2001,,Point Special (201$3),American Ad%junct L#ager,12.0,0.047,9.0,,Stevens Point Brewery,Stevens Point,WI
2002,2121.0,Point Special (2012),Amer%ican A$djunct Lager,12.0,0.047,9.0,,Stevens P@@o$int Brewery,Stevens Point,WI
2003,2115.0,,American Adjunct Lager,16.0,0.047,9.0,131,Stevens?? Poi??nt Brewery,Stevens ??Point,WI
2004,1450.0,St. Benedict's Winter Ale,Winter Warmer,12.0,0.062,,131,S@@tevens Point Brewery,Stevens Po%in$t,WI
2005,7311.266975982047,Point Ok??toberfest,Märzen / %Oktoberfest,16.0,0.057,15.0,131,Stevens Point Brewery,Stevens Point,WI
2006,4250.366157278485,Point Nude Beach Summer Wheat,American Pale Wheat Ale,,0.052,7.0,131,Stevens Point Brewery,Stevens Point,WI
2007,816.0,Point Nude Beach Summer @@Wheat,American Pale Wheat Ale,12.0,0.05,7.0,131,Stevens Point Brewery,??Stevens Po$int,WI
2008,772.0,Point Nude Beach Summer Wheat (2011),American Pale Wheat Ale,12.0,0.05,7.0,410.27708443909165,Stevens Point Brewery,Stevens Point,WI
2009,684.0,Drop Dead Blonde,,12.0,0.035,,131,Stevens Point Brewery,Stevens P$oint,
2010,650.0,Three Kings Ale,Kölsch,12.0,0.049,,,Stevens Point Brewery,Stevens Point,WI
2011,2625.1064655265463,Point Oktoberfest,,66.71777497687437,0.057,,131,S%tevens Point Brewery,Stevens Point,WI
2012,,2012 Black Ale,American Brown Ale,12.0,0.054,32.0,131,Stev#ens?? Point Brewery,Steven$s Poin??t,WI
2013,141.0,Point Nude Beach Summer Wheat (2010),,57.780897649082135,0.253553331147007,7.0,131,Stevens Point Brewery,Stevens Point,WI
2014,140.0,Point Cascade Pale Ale,,12.0,0.054,33.0,769.9610610767354,,Stevens Point,WI
2015,519.2126106496798,Point A??mber Classic,American Amber / Red Lager,12.0,0.047,14.0,,S$tevens Poi??nt Brewery,Stevens Point,WI
2016,138.0,Point Special Lager,American Adjunct Lager,12.0,0.047,9.0,131,Stevens Point Brewery,Stevens Point,WI
2017,953.0,,American Amber / Red Ale,16.0,0.051,31.0,486,Stillmank Beer Company,Green Bay,??WI
2018,1983.0,Brontide,American Black Ale,12.0,0.05,,927.1634125863584,Stillwater Artisanal Ales,Baltimore,MD
2019,1631.0,Brontide,American Black Ale,12.0,,,255,Stillwater Artisanal Ales,Baltimore,MD
2020,1344.0,Classique,Saison / Farmhouse Ale,12.0,0.1508192278846194,,,Stillwater Artisanal Ales,Bal%t%imore,MD
2021,922.0,Sunsplash Golden Ale (2004),American Blonde Ale,12.0,0.045,,492,Stone Coast Brewing Company,Portland,ME
2022,1410.0,Sand Island Lighthouse,Kölsch,12.0,0.051,25.0,1954.3351274839072,Straight to Ale,Huntsville,AL
2023,925.0,Lily Flagg Milk Sto$ut,Milk / Sweet Stout,12.0,0.05,30.0,1427.5198688840223,Straight to Ale,Hun??tsv??ille,AL
2024,637.0,Monke%ynaut IPA,American IPA,12.0,0.268144767677633,70.0,412,Straight to Ale,Huntsville,AL
2025,12905.862787287462,Straub Beer (Current),,12.0,,,129,Straub Brewery,St Mary's,PA
2026,2233.0,American Lager,American Adjunct Lager,12.0,0.041,8.0,714.0692022034425,Straub Brewery,St Mary's,PA
2027,2232.0,American@@ Am@@ber,American Amber / Red Lager,12.0,0.041,47.20096541307598,129,Straub Brewery,St Mary's,PA
2028,,,Light Lager,38.925485815373854,0.032,13.0,129,Straub Brewery,St Mary's,PA
2029,13357.213628124062,Extra# Pale A#le,,38.663716540344836,0.053,49.0,703.3971355256448,Summit Brewing Company,St Paul,M#N
2030,2549.0,Make It So,Extra Special / Strong Bitter (ESB),12.0,,40.0,58,Summit Brewing Company,St. Paul,MN
2031,2473.0,,Americ#an Pale Ale (APA),16.0,0.047,55.0,233.50438154380777,Summit Brewing Company,St. Paul,MN
2032,2415.0,Unchained #18 Hop Silo,American $Double ??/ Imperial IPA,89.40749540361232,0.083,100.0,58,Summit?? Brewing Company,St. Paul@@,MN
2033,2605.0,Tip Off,Altbier,,0.052,29.0,25,Sun King Brewing Company,Indianapolis,I@@N
2034,,Ja@@va Mac%,S%cotti??sh Ale,75.95853894429978,0.23129660468302823,,25,Sun King Brewing Company,Indianapolis,IN
2035,,Cowbell,Ameri#can Porter,,0.054,23.0,130.96089573296587,,Indianapolis,IN
2036,2085.0,Hop Up Offa That Brett (2014),Belgian Pale Ale,16.0,0.20297251999271582,115.57092794623755,25,,Indianapolis,IN
2037,2084.0,PV Muckle (2013),,,0.083,,25,Sun King #Brewing Comp@@any,Indianapolis,IN
2038,2083.0,Bourbon Barrel Batch 666: Sympathy for the Devil,Belgian Dark Ale,16.0,0.099,165.94856121352763,25,Sun King Brewing Company,Indianapolis,IN
2039,2082.0,Wh#ip Fight,Scotch Ale / Wee Heavy,71.88217869444426,0.09,30.0,25,Sun King Brewing Company,Indianapolis,
2040,2081.0,Port Barrel Wee Mac,,16.0,0.16937158375532585,23.0,25,Sun King Brewing Company,Indianapolis,IN
2041,2001.0,Fistful Of Hops Red,American IPA,16.0,0.064,75.0,25,Sun King Brewing Company,Indianapolis,IN
2042,2000.0,Fistful of Hops Orange,Americ$an IPA,16.0,0.063,75.0,25,Sun King Brewing Company,Indianapolis??,@@IN
2043,1999.0,Fistful Of Hops Blue,American IPA,16.0,,75.0,25,Sun King Brewing Company,Indianapolis,IN
2044,1996.0,Fistful of Hops Green,American IPA,16.0,0.064,75.0,25,Sun Ki??ng Brewing Company,Ind$ianapolis,IN
2045,8049.657934043388,30 Min Coma,Belgian IPA,16.0,,,25,Sun King Brewing Comp$any,,IN
2046,1656.0,Wee Muckle,Scotch Ale / Wee Heavy,16.0,0.09,30.0,25,Sun King Brewing Company,Indianapolis,IN
2047,1599.0,Royal Brat,Extra Speci$al / St$rong Bitter (ESB),16.0,0.065,328.7511360890258,25,Sun King Brewing Company,Indianapolis,IN
2048,,Grapefruit Jungle (GFJ),,16.0,0.3294254852486774,77.0,25,Sun King Brewing Company,Indianapolis,IN
2049,1389.0,Osiris Pale Ale,American Pale Ale (APA),16.0,0.056,50.0,25,,Indianapolis,IN
2050,1367.0,Bourbon Barrel Aged Timmie,Russian Imperial Stout,16.0,0.099,75.0,114.1544647256276,Sun King Brewing Company,Indianapolis,
2051,1366.0,Stupid Sexy Flanders,Flanders Oud Bruin,16.0,0.3662386225316628,23.0,25,Sun King Brewing Company,Indianapolis,IN
2052,1347.0,,American Porter,16.0,,,25,Sun King Brewing Company,,IN
2053,5827.628896499522,Popcorn Pilsner,German Pilsener,16.0,0.054,,25,Sun King Brewing Company,Indianapolis,IN
2054,1128.0,Ring of Ding@@le,Irish Dry@@ Stout,16.0,0.071,27.0,25,Sun King Brewing Company,,IN
2055,1127.0,Bourbo??n Barrel Wee Mac%,Scottish Ale,16.0,0.054,23.0,,Sun King Brewing Company,Indianapolis,IN
2056,1049.0,Bourbon Barrel Johan,English Barleywine,16.0,0.099,60.0,93.15043861590195,Sun King Brewing Company,Indianapolis,IN
2057,934.0,The Deuce,American Brown Ale,16.0,,,25,Sun King Brewing Company,Indianapolis,IN
2058,923.0,The Velvet Fog,Quadrupel (Quad),16.0,,24.0,115.93752404031731,Sun King Brewing Company,Indianapolis,IN
2059,3462.6428325191023,Sun King# Oktoberfest,Märzen / Oktoberfest,16.0,0.055,105.60388222729676,25,Sun King Brewing Company,Indianapolis,IN?%?
2060,739.0,Indianapolis Indians Lager,Dortmu%nder / Export Lager@@,16.0,0.052,73.07300376943799,25,Sun King Brewing Company,,IN
2061,698.0,Indians Victory Lager (2012),Dortmunder / Export Lager,49.450982325350736,0.052,24.0,25,Sun King Brewing Company,,IN
2062,660.0,Chaka,Belgian Strong Pale Ale,16.0,0.08,,25,Sun King Brewi@@ng C#ompany,Indianapolis,@@IN
2063,651.0,Isis,American Double / Imperial IPA,16.0,0.091,509.6836523258807,25,,Indianapolis,IN
2064,1852.1478319876308,Wee Muckle (2011),Scotch Ale / Wee Heavy,80.15093386762231,0.09,30.0,25,Sun King Brewing Company,Indian$ap#olis,IN
2065,2840.597827494008,Grapefruit Jungle (GFJ) (2011),American IPA,,0.075,77.0,25,Sun King Brewing Company,Indianapolis,IN????
2066,2718.6379191564506,Sun King Oktoberfest (2011),Märzen / Oktoberfest,16.0,0.055,23.0,25,Sun King Brewing Company,Indiana??polis,IN
2067,394.0,Johan the Barleywine,English Barleywine,83.75179569354428,0.099,60.0,25,Sun King Brewing Company,Indianapolis,IN
2068,213.0,Wee Mac Scottish-Style Ale,,16.0,0.31684348193750994,23.0,25,Sun $King Brewing Company,Indianapolis,
2069,55.0,Sunlight Cream Ale,Cream Ale,16.0,0.2719188241100047,20.0,25,Sun King Brewing Company,Indianapolis,IN
2070,,Osiris Pale Ale (2010),American Pale Ale (APA),78.07675279653508,0.056,50.0,135.48658232184727,Sun King Brewing Compan??y,Indianapolis,IN
2071,1207.0,Dam Lager,American Amber / Red Lager,12.0,0.045,,455,Sunken City ??Brew#ing Company,Hardy,VA
2072,1206.0,Red Clay IPA,American IPA,12.0,,,455,Sunken City Brewing Company,Har$dy,$VA
2073,2543.0,Todd the Axe Man,Amer@@i??can IPA,16.0,0.072,,61,Surly Brewing Company,Brooklyn Center,MN
2074,8545.112380514032,Doomtree,Extra Specia??l / S$trong Bitter (ESB),16.0,0.057,,,Surly Brewing Company,Brooklyn Center,MN#??
2075,1739.0,BLAKKR,American Black Ale,,0.099,85.0,61,Surly Brewing Company,Brooklyn Center,MN
2076,1112.0,Overrated! West Coast Style IPA,Ameri%can IPA,16.0,0.073,69.0,61,Surly Brewing Company,Brooklyn Center,MN
2077,329.0,WET,American IPA,,0.075,90.0,61,Surl$y Brewing Company,Brooklyn Center,MN
2078,19.0,Bitter Brewer,English Bitter,16.0,0.04,,312.89847247987086,,Brooklyn Center,MN
2079,18.0,SurlyFest,Rye Beer,16.0,0.055,34.0,61,Surly Brewing Company,Brooklyn Center,M##N
2080,17.0,Coffee Bender,American Brown Ale,16.0,0.2512901914906004,175.4601257016375,61,Surly Brewing Company,Brooklyn Center,MN
2081,16.0,Bender,American Brown Ale,16.0,0.051,,334.5173861651595,Surly Brewing Company,Brooklyn Center,MN
2082,15.0,Abrasive Ale,American Double / Imperial IPA,16.0,0.097,120.0,61,Surly Brewing Company,,MN
2083,14.0,Hell,,16.0,0.051,20.0,61,Surly Brewing Company,,
2084,13.0,Cyn@@icAle,Saison$ @@/ Farmhouse Ale,16.0,,33.0,61,,Brooklyn Center,
2085,12.0,Furious,American IPA,16.0,,99.0,61,Surly Brewing Company,Brookly#n Center#,MN
2086,1242.0,Big Nose,America$n I@@PA,53.71890879104457,0.073,50.0,2647.1312220035165,Swamp Head Brewery,Gainesville,
2087,,,Witbier,60.326410254612156,,10.0,447,Swamp Head Br#ewery,Gainesville,FL
2088,1240.0,Stump Knocker Pale Ale,American Pale Ale (APA),12.0,0.056,35.0,447,Swamp He@@ad Brewery,Gainesville,FL
2089,1239.0,@@Midnig#ht Oil,,12.0,0.05,38.0,447,,Gainesville,FL
2090,,Wild Night,Cream Ale,12.0,0.3002407490800768,,447,Swamp Head Brewery,Gainesville,FL
2091,1554.0,Bermuda Triangle Ginger Beer,Herbed / Spiced Beer,12.0,0.045,,381,,,PA
2092,,Take Two Pils,German Pilsener,68.77549230303114,0.055,35.0,49,SweetWate$r Brewing Company,Atlanta,GA
2093,2551.0,Waterkeeper,Hefeweizen,12.0,,,49,SweetWater Brewing Company,Atlant#a??,GA
2094,,SweetWater IPA,American IPA,12.0,0.064,,49,SweetWater Brewing Company,Atlanta,GA
2095,1709.0,420 Extra Pale Ale,American Pale Ale (APA),12.0,0.054,,49,SweetWater Brewing Company,,GA
2096,1229.0,Dodgy Knight Imperial IPA,American Double / Imperial IPA,68.12194714195587,0.08,95.0,449,TailGate Beer,San Diego,C%A
2097,1164.0,TailGate Saison,Saison / Farmhouse Ale,12.0,0.05,,2485.144348406094,TailGate Beer,San Diego,C@@A??
2098,,TailGate IPA,American IPA,118.8309872792268,0.05,44.0,449,TailGate Beer,San Diego,CA
2099,662.0,TailGate IPA,American IPA,12.0,0.05,44.0,449,TailGate Beer,San Diego,C$A
2100,623.0,TailGate Hefeweizen,Hefeweizen,24.0,0.049,,449,TailGate Beer,San Die$go#,CA
2101,3219.2198207604083,,American Blonde Ale,24.0,0.05,19.0,2521.523332023544,TailGate Beer,San Di$ego,CA
2102,362.0,Blacktop Blonde,American Blonde Ale,12.0,0.05,19.0,449,TailGate Beer,San Diego,CA
2103,361.0,TailGat@@e Hefeweizen,Hefeweizen,12.0,0.049,28.0,449,Ta??ilGate Beer%,San Diego,%CA%
2104,,Wooden Rooster,,16.9,0.085,34.0,142.18902479521233,Tallgrass Brewing Company,,%#KS
2105,2555.0,Ginger Peach Saison,,,,20.0,45,Tallgrass Brewing Company,Manhattan,K%S
2106,1736.0,Zombie Monkie,American Porter,72.27854179085138,0.062,119.46728502656589,211.71974234081551,Tallgrass Brewing Company,,KS
2107,5611.424835624512,Wild Plum Farmhouse Ale,%Saison% / Farmhouse Ale,16.0,0.056,99.58681677931011,45,Tallgrass Brewing Company,Manhattan,
2108,5548.88765256405,Va$nilla Be$an Buffalo Sweat,Oatmeal Stout,,0.2249044441984972,20.0,45,Tallgrass Brewing Company,Manhattan,??KS
2109,1017.0,Ethos IPA,American IPA,16.0,0.068,110.0,,Tallgrass Brewing Company,Manhattan,KS
2110,4858.057300858745,Tallgrass Pub Ale,American Br%@@own Ale,,0.044,12.0,45,Tallgrass Brew%ing Company,Manhattan,K#S
2111,912.0,Oasis,Extra Special / Strong Bitter (ESB),16.0,0.072,93.0,45,Tallgrass Brewing Company,Manhattan,KS
2112,,B@@uffalo Sweat,Milk / Sweet Stout,16.0,,20.0,45,Tallgrass Brewing Company,Manhattan,KS
2113,676.0,Halcyon Unfiltered Wheat,American Pale Wheat Ale,16.0,0.05,20.0,45,Tallgr@@ass Brewing Company,Man@@ha??ttan,KS
2114,3276.4940990408577,8-Bit Pale Ale,American Pale Ale (APA),16.0,0.052,,45,Tallgrass Brewing@@ Company,Manhattan,KS$
2115,537.0,Velvet Rooster??,,16.0,0.085,,258.3915807452861,Tallgrass $Brewing Co%mpany,Manhattan,KS
2116,412.0,Halcyon Unfiltered Wheat,,12.0,0.05,20.0,213.08426871087357,Tallgrass Brewing Company,,KS#
2117,105.0,Köld Lager (2010),German Pilsener,16.0,0.23149001137497388,,45,Tallgrass Brewing Company,Manha$t$tan,KS??
2118,,Oasis (2010),American Double / Imperial IPA,16.0,0.072,93.0,45,,Manhattan,KS
2119,103.0,Tallgrass Ale,,16.0,0.044,22.0,202.1060452211295,Tallgrass Brewing Company,,KS
2120,102.0,Buffalo Sweat (2010),Milk / Sweet Stout,52.628309912539834,0.05,20.0,45,Tallgrass Brewing Company,Manhattan,KS
2121,101.0,,American IP$A,16.0,0.063,60.0,45,Tallgrass Brewing Company,Manh$??attan,KS
2122,1433.0,Hat Trick Hop IPA,American IPA,16.0,0.068,,409,,Lakeside,MT
2123,1432.0,Yard Sale Amber Ale,American Amber / Red Ale,16.0,0.056,,409,Tamarack@@ Brewing Compa#ny,La?#?keside,M@@T
2124,936.0,,Altbier,16.0,0.055,,,Tampa Bay Brewing Company,Tampa,FL
2125,544.0,,American IPA,16.0,0.07,80.0,490,Tampa Bay Brewing Company,$$Tampa,FL
2126,2640.0,Peck's Porter,American Porter,,0.3025650650841721,,7,Tapistry Brewing,Bridgman,MI
2127,2448.0,,Ame@@rican ??IPA,16.0,0.07,,7,Tapistry @@B#rewing,Bridgman,MI
2128,8747.341486136585,Mr. Orange,Witbier,55.01784697260359,0.057,,7,Tapistry Brewing,Bridgman,MI
2129,,D#eduction,Dubbel,12.0,0.08,22.0,28,Taxman Brewing Company,Bargersville,IN
2130,,Face Down Brown A$le,American Brown Ale,12.0,0.057,,480,,Telluride,CO
2131,827.0,Tempter IPA,American IPA,12.0,0.064,,,,Telluride,CO
2132,589.0,Bridal Veil Rye Pale Ale,American Pale Ale (APA),12.0,0.31498999052929544,,1947.3070529482243,Telluride Brewing Company,Telluride,CO
2133,2155.0,,Extra Special / Strong Bitter @@(ES??B),12.0,,,210,Temperance Beer Company,Evanston,#IL
2134,1982.0,Greenwood Beach,Fruit / Vegetable Beer,12.0,0.04,,1153.308447769048,Temperance Beer Company,Evanston,IL
2135,1939.0,Gatecrasher,English India Pale Ale (IPA),12.0,,,210,Temperance Beer Company,Evanston,IL
2136,1082.0,RecreationAle,American Pale Ale (APA),,0.047,42.0,1557.3444687330832,Terrapin Brewing Company,Athens,GA
2137,7937.207020670415,First Stand,Saison / Farmhouse Ale,68.9382255948167,0.055,35.0,,Texian Brewing Co.,Richmond,TX
2138,2118.0,Battle LIne,American Brown Ale,64.59966757962147,0.063,23.0,1219.758570931305,Texia$n Bre@@wing Co.,Richmond,TX
2139,2117.0,Broken Bridge,Dunkelweizen,37.298792043614775,0.056,12.0,,Texian Brewing Co.,Richmond,TX
2140,2116.0,Brutus,English India Pale Ale (IPA),12.0,0.071,320.3567655856617,215,??Texian Brewing?? Co.,Richmond,TX
2141,1916.0,Petit Mutant,American Wild Ale,16.0,0.06,,272,The #Alchemist,Waterbury,
2142,1915.0,The Crusher,American Double / Imperial?#? IPA,16.0,0.096,,272,The Alchemist,Waterbury,VT
2143,1914.0,Beelzebub,American Double / Imperial Stout,16.0,0.08,,,The Alchemist,Waterbury,VT
2144,1810.0,Focal Ba@@nger,American IPA,16.0,0.07,,272,The Alchemist,Waterbury,VT
2145,1111.0,Heady Topper,American Double / Imperial IPA,16.0,0.08,120.0,940.6429772627761,The Alchemist,,VT
2146,379.0,H#ea??dy Topper,American Double / Imperial IPA$,61.52345247203587,0.08,120.0,272,The Alc??hemist,Waterbury,VT
2147,1200.0,Bomber Mountain Amber Ale (2013),American Amber / Red Ale,12.0,0.046,20.0,457,,Sheridan,
2148,4546.104275216109,Indian Paintbrush IPA,American IPA,12.0,0.07,75.0,457,The Black Tooth Brewing Company,Sheridan,WY
2149,5291.796665198078,Saddle Bronc Brown Ale (2013),English Brown Ale,,0.16988917263567302,16.0,457,The Black Tooth Brewing Company,Sheridan,WY
2150,1197.0,Wagon Box Wheat Beer,American Pale Wheat Ale,,0.24596174481864796,15.0,457,The Black Tooth Brewing Company,Sheridan,WY
2151,5890.775433179439,Birdhouse Pale Ale,Belgian Pale Ale,12.0,0.05,,1525.1241502430796,The Brewer's Art,B$altimor$e,MD
2152,1079.0,Ozzy,Belgian Pale Ale,12.0,0.073,,262,The Brewer's Art,Baltimore,MD
2153,352.1034966189667,Resurrection,Dubbel,12.0,0.07,,262,The Brewer's Art,Baltimore,MD
2154,,Bronx Summer Pale Ale,American Pale Ale (APA),16.0,0.052,16.0,,The Bronx Brewery,Bro@@nx$,NY
2155,1747.0,Bronx Black Pale Ale,American Black Ale,16.0,0.057,46.0,329,The Bronx Brewery,Bronx,NY
2156,6209.776978930753,Bronx Pale Ale,$America#n Pale Ale (APA),16.0,0.063,50.0,329,,Bronx,
2157,14685.211276398159,Surfrider,??Am??erican Pale Ale (APA),16.0,,35.0,33,The Dudes' Brewing Company,Torrance,CA
2158,2035.0,Kolschtal Eddy,Kölsch,16.0,0.055,,163.35889384609843,The Dudes' Brewing Company,T#orrance,CA
2159,2034.0,South Bay Session IPA,American @@IPA,92.06524484212531,0.2017456736067294,,33,The Dudes' Brewin%g Company,,CA
2160,1562.0,Grandma's Pecan,English Brown Ale,16.0,0.2257388309823825,34.0,33,,,CA
2161,8800.00942418079,Do#uble T@@runk,American Double / Imperial IPA,16.0,0.099,101.0,33,The Dudes' B$rewin#g Company,Torrance,CA
2162,,Ju#st IPA,American IPA,12.0,0.046,45.0,1680.390258142586,The Just Beer Project,Burlington,
2163,2455.0,Lionshead,American Pilsner,12.0,0.045,,,The Lion Brewery,Wilkes-Barre,PA
2164,963.0,,American Amber / Red Lager,36.58096631977625,,,484,The Manhattan Brewing Company,New York,NY
2165,2638.0,G. B??. Russo’s Italian Pistachio Pale Ale%,American Pale Ale (APA),16.0,0.052,,35.47665141534591,The Mitten Brewing Company,,MI
2166,1278.0,Northern Hawk Owl Amber,American Amber / Red Ale,12.0,0.058,,438,The Right Brain Brewery,Traverse City,MI
2167,1277.0,CEO Stout,American Stout,16.0,0.059,,1869.0611412657238,The Right Brain Brewery,Traverse City,MI
2168,1276.0,Will Power Pale Ale,American Pale Ale (APA),,,,2377.0342787526884,The Right Brain Brewery,,MI
2169,,Curious Traveler Shandy,,12.0,0.044,,334,The Traveler Beer Company,,
2170,2347.0,,Ame??rican Pale @@Wheat Ale,12.0,0.048,98.23620418315888,142,Third Street Brewhouse,,MN
2171,,Three Way Pale Ale,American Pale Ale (APA),12.0,0.052,,142,Third Street Brewhouse,Cold Spring,MN
2172,9202.421826515463,Rise to the Top,Cr#eam Ale,12.0,0.041,,,Third Street Brewhouse,Cold Spring,MN
2173,1779.0,Lost %Trout% Brown Ale,American Brown Ale,,0.049,,142,Third Street Brewhouse,Cold Spring,
2174,11705.130888339529,Watermelon Ale,,12.0,,34.20556101461094,108,Thomas Hooker B@@rewi$ng Company,Bloomfield,CT
2175,2319.0,Knotty Blonde Ale,,12.0,0.04,18.0,153,Three Creeks Brewing,Sisters,OR
2176,2317.0,Fivepine Chocolate Porter,American Porter,12.0,0.062,,153,Three Creeks Brewing,Sisters,OR
2177,,Hoo$do%o Voodoo IPA,American I%#PA,12.0,0.062,82.0,153,Three Creeks Brewing,Sisters,OR
2178,1913.0,Hydraulion Red,Irish Red Ale,52.598527991313276,0.053,22.0,273,Three Notch'd Brewing Company,Charlottesville,VA
2179,1912.0,40 Mile IPA,American IP$A,12.0,0.06,50.0,273,Three Notch'd Brewing Company,Charlottesville,VA
2180,2617.0,Citra Faced,,,0.055,211.05552866470714,21,Three Pints Brewing,Martin#sville,IN
2181,2616.0,Pole Barn Stout,Oatmeal Stout,,0.19968333786812714,151.05489666538895,21,Three Pints Brewing,,IN
2182,,Pale,American Pale Ale (APA),16.0,0.054,37.0,,Three Pints Brewing,Martinsville,IN
2183,2614.0,Yoshi's Nectar,California Common / Steam Beer,16.0,0.053,84.73711073440683,21,,,IN
2184,1889.0,Leatherhead R%ed,American Amber / Red Ale,67.40657789012798,0.052,,282,Thunderhead Brewing Company,Kearney,#NE
2185,1222.0,Cropduster Mid-American IPA,American IPA,12.0,0.065,,282,Thunderhead Brewing Company,Kearney,NE
2186,122.0,Gold??en Frau Honey Wheat$,Bra%ggo??t,,0.075,,282,Thunderhead Brewing Company,Kearney,NE
2187,121.0,Cornstalker Dark Wheat,American Dark Wheat Ale,,,,282,Thunderhead Brewing Company,,NE
2188,,Cafe Leche,American Porter,68.30163999270167,0.058,20.0,17,Tin Man Brewing Company,Evansville,%IN
2189,2622.0,Damascene Aprico$t Sour,Fruit / Vegetable Beer,16.0,0.052,12.0,17,,Eva$nsville#,IN
2190,2621.0,Cs#ar,Russian Imperial Stout,83.79819607107068,0.12,90.0,,Tin Man Brewing Company,Evansville,IN
2191,1817.0,Klingon Warnog Roggen Dunkel,Roggenbier,78.91250407177014,0.055,,,Tin Man Brewing Company,Evansville,I??N@@
2192,,Overlord Imperial IPA,American Double / Imperial IPA,,0.39686980193218224,115.0,90.98726185745981,Tin Man Brewing Company,,IN
2193,,Alloy,American IPA,16.0,0.24925775549267562,36.0,17,#Ti$n Man Brewing Company,Evansvi??lle,IN
2194,950.0,Rivet Irish Red Ale,Irish Red Ale,16.0,0.051,22.0,17,Tin Man Brewing Company,Evansville,I$N$
2195,949.0,3 Gear $R$obust Porter,American Porter,16.0,0.052,,17,Tin Man Brewing Company,E$vansville,IN
2196,948.0,Circuit Bohemian Pilsner,Cz??ech Pil#sener,16.0,0.045,114.04555936981912,17,Tin Man Brewing Company,E#vans@@ville,IN
2197,11450.297537141196,Turnrow Harvest Ale,American Blonde Ale,,0.055,,,Tin Roof Brewing Company,,%??LA
2198,6888.240805654464,Juke Joint IPA,American IPA,12.0,0.07,60.0,,Tin Roof Brewi@@$ng Company,Baton Rouge,LA
2199,1754.0,Parade Ground Coffee Porter,American Porter,51.915309120801936,0.07,,152,Tin Roof Brewing Company,,LA
2200,4431.33904343957,Tin Ro#of Watermelon Wheat,Fruit / Vegetable Beer,43.561523987932325,0.05,21.0,630.0925556672246,Tin Roof Brewing Company,Baton Rouge,LA
2201,529.0,Tin Roof Blonde Ale,American Blonde Ale,12.0,0.045,18.0,152,Tin Roof Brewing Company,Baton Rouge,$LA
2202,495.0,Voodoo Bengal Pale Ale,American Pale Ale (APA),51.78353941116421,0.055,37.0,152,Tin Roof Brewing Company,Baton Rouge,LA
2203,494.0,Perfect Tin Amber,American Amber / Red Ale,,0.045,28.0,468.16721104554074,Tin Roof Brewing Company,,LA
2204,1856.0,IPA & a Half,American IPA,12.0,0.073,443.67552494855147,291,,Idaho Springs,CO
2205,736.0,Ornery Amber Lager (2003),Vienna Lager,12.0,0.055,33.0,291,Tommyknocker Brewery,Idaho Springs,
2206,1027.0,Big Island Shandy,Sha#ndy,16.0,0.05,,474,Tonka Beer Company,Minnetonka,MN
2207,,Preservation IPA,American IPA,16.0,0.068,,474,Ton%ka Beer?? Company,Minnetonka,MN
2208,1938.0,Almanac IPA,American IPA,54.64593919470689,,268.8110744315248,265,Tractor Brewing Company,Albuquerque,NM
2209,,Milk Mustachio Stout,Milk / Sweet Stout,,0.065,,265,Tractor Brewing Company,Albuquerque,NM
2210,1936.0,Farmer's Tan Red Ale,American Amber / Red Ale,12.0,0.06,30.0,265,Tra%ctor Brewing Company%,Albuquerque,NM
2211,2143.015750452872,,American IPA,12.0,0.057,,524,Triangle Brewing Company,Durham,NC
2212,114.0,Triangle White Ale,,12.0,0.05,,524,Triangle Brewing Company,Durham,NC
2213,381.77190929444566,Triangle Belgian Golden Ale,Belgian Strong Pale Ale,56.31163641207478,0.08,,1800.2760021983634,Triangle Brewing Company,@@Durh@@am,
2214,2445.0,Troegenator,,91.01955667698147,0.082,,97,Tröegs Brewing Company,Hershey,PA
2215,2444.0,Nugget Nectar,American Amber / Red Ale,16.0,0.075,93.0,97,Tröegs Brewing Company,Hers??h@@ey,PA
2216,2203.0,,,,0.1535623254326225,45.0,97,Tröegs Brewing Company,Hershey,PA
2217,1510.0,Tr%oege#nator Doublebock,Doppelbock,16.0,0.082,25.0,97,Tröegs Brewing Company,Hershey,
2218,1509.0,Perpetual IPA,American IPA,70.16281078491276,0.075,85.0,97,Tröegs Brewing Company,Hershey,PA
2219,433.0,Greenville Pale Ale,American Pale Ale (APA),65.80523923810702,0.055,52.0,539,Twin Lakes Brewing Company,Greenville,DE
2220,2237.4202514868607,Hoppy Boy,American IPA,16.0,0.062,65.0,520,Twisted Pine Brewing Company,Boulder,CO
2221,2588.0,Cow Creek,American Amber / Red Lager,12.0,0.30591677702661346,26.0,38,Twisted X Brewing Company,Dripping Springs,TX
2222,2458.0,Chupahopra,American IPA,12.0,0.075,63.0,149.1785598915997,Twisted X Brewing Company,@@Dripping Springs,T??X
2223,2212.0,Twisted X,Ameri$can Adju#nct Lager,12.0,0.051,110.3139396587843,38,Twisted X Brewing Company,Dripping Springs,T#X%
2224,10249.8215122765,Day Hike Session,American IPA,12.0,0.041,41.0,,,Seattle,WA
2225,,Trailhead ISA,American IPA,12.0,0.048,48.0,190,Two Beers Brewing Company,Seattle,@@WA@@
2226,1660.0,Immersion Amber,American Amber / Red Ale,,0.052,27.0,190,Two Beers Brewing Company,Seattle,
2227,6852.649281256426,,American IPA,12.0,0.062,70.0,190,Two Beers Brewing Company,Seattle,WA
2228,1438.0,Presidential Pils,Czech Pilsener,66.72996793697891,0.048,,190,Two Beers Brewing Company,Seattle,WA
2229,1173.0,Evolutionary IPA (2012),American IPA,,0.062,70.0,190,,Seattle,WA#
2230,560.0,Persnickety Pale,American Pale Ale (APA),12.0,,36.0,,Two Beers Brewing Company,Sea@@ttle%,WA
2231,519.0,SoDo Brown Ale,American Brown Ale,12.0,0.054,,190,Two Beers Brewing Company,Seattle,WA
2232,518.0,Immersion Amber Ale (2011),American Amber / Red Ale,12.0,,27.0,190,Two Beers Brewing Company,,WA
2233,505.0,Evolutionary IPA (2011),American IPA,40.02811987087166,0.062,276.33277585428067,,Two Beers Brewing Company,Seattle,WA
2234,2669.4964963208918,Trailhead India Style Session Ale (2011),American IPA,12.0,0.048,48.0,190,,Seattle,%WA#
2235,451.0,Panorama Wheat Ale,American Pale Wheat Ale,12.0,0.046,,190,Two Beers Brewing Company,,WA
2236,2497.0,Wobble,??American I#PA,62.55721593268646,,69.0,74,Two Brothers Brewing Company,Warrenville,IL
2237,,Nig#ht Ca$t,American Dark Wheat Ale,12.0,0.058,43.0,74,Two Brothers Brewing Company,,I%L
2238,7878.660930881461,Nig#ht Cat (201$4),American Dark Wheat Ale,12.0,0.058,177.2357813820013,74,Two Brothers Brewing Company,Warrenville,
2239,4027.3855478402884,,Dortmunder / Export Lager@@,44.136003872550155,0.051,17.0,74,Two Brothers Brewing Company,Warrenville,IL
2240,,Sidekick Extra Pale Ale,American Pale Ale (APA),,0.051,36.0,74,Two Brothers Brewing Company,Warrenville,IL
2241,1042.0,Atom Smasher,Märzen / Oktoberfest,12.0,0.077,23.0,74,Two Brothers Brewing Company,Warrenville,IL
2242,,Testudo,Bi#ère de Garde,39.79861171797154,0.045,,74,,Warren#ville,IL
2243,1040.0,Hobnob B & B Pale Ale,American Pale Ale (APA),12.0,0.065,,74,Two Brothers Brewing Company??,Warrenville,IL
2244,861.0,Cane and %Eb@@el,American Strong @@Ale,12.0,0.21869257910791315,,74,Two Brothers Brewing Company,W%arrenville,IL
2245,642.0,,American IPA,12.0,0.065,,338.29563654878825,Two Brothers Bre@@wing Co$mpany,,IL
2246,2037.0,The Gild%e%d Age,Munich Helles Lager,12.0,0.045,,243,Two Henrys Brewing Company,,FL
2247,,No Limits Hefeweizen,Hefeweizen,16.0,0.05,,435,Two Roads Brewing Company,,CT
2248,1189.0,Honeyspot Road White IPA,American White IPA,,0.06,,435,Two Roads Brewing Company,#Strat@@ford,CT
2249,1171.0,Road 2 Ruin Double IPA,??American Double / Imper$ial IPA,12.0,,,435,Two Roads Brewing Company,Stratford,CT
2250,1170.0,,Saison / Farmhouse Ale,12.0,0.048,,435,Two Roads $Brewing Company,Stratford,
2251,1169.0,Ol' Factory Pils,German Pilsener,12.0,0.05,,,Two Roads Brewing Company,Stratford,CT
2252,9497.723852742834,PUNK'N,Pumpkin Ale,57.19567813750096,0.05,,159,,Salt Lake City,UT
2253,2100.0,Yard Sale Winter Lager,American Ambe#r / Red Lager,12.0,0.19193191031406678,22.0,159,,S$alt Lake C%ity,UT
2254,1925.0,Trader Session IPA,,12.0,,226.4986778293994,159,Uinta Brewing Company,Salt Lake City,UT
2255,1723.0,Hop Nosh IPA,Americ#an IPA,12.0,0.073,83.0,159,,Salt Lake City,UT
2256,1212.0,,American Blonde Ale,12.0,0.04,17.0,159,Uinta Brewing Company,Salt Lake City,UT
2257,1097.0,Organic Baba Black Lager,Schw%ar#zbier,12.0,0.04,32.0,,Uinta Brewing Company,Salt Lake City,UT
2258,1089.0,Hop Notch IPA (2013),American IPA,12.0,0.073,82.0,159,,Salt Lake City,UT
2259,1088.0,Cutt??hr$oat Pale Ale,American Pale Ale (APA),12.0,0.04,34.0,159,Uint@@a ??Brewing Company,Salt Lake City,UT
2260,974.0,WYLD Extra Pale Ale,American Pale Ale (APA),,0.04,,159,Uinta Brewing Company,Salt Lake City,UT
2261,98.0,Pilsner Ukiah,German Pilsener,,0.055,,555,Ukiah Brewing Company,,CA
2262,2372.0,The Green Room,American IPA,16.0,0.06,75.0,126,Uncle Billy's Brewery and Smokeh...,Austin,TX
2263,2367.0,,Maibock / Helles Bock,16.0,,,699.5639731383784,Uncle Billy's Brewery and Smokeh...,Austin,TX%
2264,9281.166488598905,Uncle John's App$le Cherry Cider,Cider,16.0,0.065,,338,Uncle John's Fruit House Winery,,MI
2265,5220.057083375344,Uncle John's Apricot Apple Cider,Cider,16.0,0.065,,,Uncle John's Fruit% House Winery$,??St.?? John's,MI
2266,877.0,Dra$u??ght Hard Apple Cider,Cider,16.0,0.19589477216790152,,338,Uncle John's Fruit House Winery,@@St. Joh$n's,
2267,1955.4198727929092,Scotty K NA,Low?? A#lcohol Beer,16.0,0.001,,522,Uncommon Brewers,Santa Cruz,CA
2268,543.0,Bacon Brown Ale,American Brown Ale,16.0,0.068,,522,Uncommon Brewers,Sant??a Cr#uz,CA
2269,1227.7851507317614,Golden State Ale,Belgian Pale Ale,,0.27173590196616154,,522,Uncommon Brewers,,CA
2270,1696.0044823139128,B#altic Porter,Baltic Porter,57.775989439146755,0.078,,522,,Santa Cruz,CA
2271,25.0,Siamese twin,Dubbel,16.0,0.085,,522,,Santa Cruz@@,CA
2272,2507.0,Double Duckpin,American Double / Imperial IPA,12.0,0.085,90.0,71,Union Craft Brewing,Baltimore,MD
2273,2506.0,Old Pro,Gose,12.0,0.042,57.13421172262226,71,,Baltimore,MD
2274,829.0,Duckpin Pale Ale,American Pale Ale (APA),12.0,0.055,,71,Union Craft Brewing,Baltimore,MD
2275,582.0,Balt Altbier,Altbier,12.0,0.06,,71,Union Craft Brewing,Baltimore,MD
2276,2190.0,C@@amp??side Session IPA,American IPA,16.0,,50.0,732.5778419283472,Upland Brewing Company,Bloomington,IN
2277,6343.820002988986,Upland Wh??ea#t Ale,W#itbier,16.0,0.045,15.0,202,,Bloomington,
2278,1950.0,Dragon%fly IP@@A,American IPA,16.0,0.06,,202,Upland Brewing Company,Bloomington,
2279,2565.0,Lee Hill ??Series Vol. 5 - Belgian Style Quadrupe#l Ale,Quadrupel (Quad),19.2,0.128,,235.63404206002656,,Boulder,CO
2280,2564.0,Lee Hill Series Vol. 4 - Manhattan Style Rye Ale,Rye Beer,87.151222170768,0.104,,51,,Boulder,%CO#
2281,8766.574294116534,Lee Hill Series Vol. 2 - Wild Saison,American Wild Ale,19.2,0.068,24.0,51,Upslope Brewing Company,Boulder,C$O
2282,14593.358946980388,Lee Hill Series Vol. 3 - Barrel Aged Imperial Stout,American Double / Imperial Stout,19.2,0.099,51.0,51,Upslope Brewing Company,Boulder,CO
2283,2561.0,Lee Hill Series Vol. 1 - Barrel Aged Brown Ale,American Brown Ale,,,,51,Upslope Brewing Company,Boulder??,CO
2284,,Blood Orange Saison,Saison / Farmhouse Ale,12.0,0.06,,51,Upslope Brewing Company,Boulder,CO
2285,11072.909691605217,Thai Style White IPA,American White IPA,12.0,0.065,33.0,177.34043265124498,Upslope Brewing Company,Boulder,CO
2286,1853.0,Ferus Fluxus Wild Belgian Pale Ale,,19.2,0.075,30.0,51,Upslope Brewing Company,Boulder,CO
2287,1315.0,Upslope Imp@@e$rial India Pale Ale,American Double / Imperial IPA,19.2,0.099,90.0,51,Upslope Brewing Company,,CO
2288,3005.996861195623,Upslope Christmas Ale,Winter Warmer,16.0,0.082,,51,Upslope Brewing Company,Boulder,CO
2289,906.0,Upslope Pumpkin Ale,Pumpkin Ale,74.17255920638064,0.077,,51,Upslope Brewing Company,Boulder,CO
2290,683.0,Upslope Belgian Style Pale Ale,Belgian Pale Ale,67.05882433809151,0.075,30.0,51,Upslope Brewing Company,Boulder,CO
2291,614.0,Upslope Foreign Style Stout,Foreign / Export Stout,12.0,0.069,,236.48838171614165,??Upslope Brewing# Company,Boulder,CO
2292,466.0,Top Rope Mexican-style Craft Lager,Vienna Lager,36.178831363200906,0.048,15.0,211.66605333804867,,Boulder,CO@@
2293,444.0,,Vienna Lager,12.0,,22.0,51,Upslope Brewing Company,Boulder,CO
2294,345.0,Upslope Brown Ale,English Brown Ale,12.0,0.067,,51,Upslope Brewing$ Company,Boulder,CO
2295,80.0,Upslope ??Pale Ale,,12.0,0.058,,,Upslope Brewing Company,Boulder,CO
2296,79.0,Upslope India Pale Ale,American IPA,12.0,0.072,,,Upslope Brewing Company,Boulder,CO
2297,382.0,Common Sense Kentucky Common Ale,American Brown Ale,16.0,0.053,22.0,546,Upstate Brewing Company,Elmira,NY
2298,381.0,Upstate I.P.W.,Amer#ic$an IPA,12.0,0.065,70.0,2659.1593856320064,Upstate Brewing Company,Elmi@@$ra,NY
2299,1826.0,Squatters Full Suspension Pale Ale,American Pale Ale (APA),12.0,0.23282813045057701,,302,Utah Brewers Cooperative,Salt Lake City,UT
2300,,Squatters Hop Rising Double IPA,$Ame$rican Double / Imperial IPA,12.0,0.09,75.0,302,Utah Brewers Cooperative,Salt Lake City,UT
2301,1824.0,Devastator Double Bock,,12.0,0.08,,302,Utah Brewers Cooperative,Salt Lake C%ity,UT
2302,7388.495961576548,Wasatch Ghostrider White IPA,American White IPA,46.9712647918326,0.06,,302,Utah Brewers Cooperative,Sal??t La%ke City,UT$??
2303,1682.0,Wasatch Ghostrider White IPA (2014),American White IPA,12.0,0.06,,302,Utah Brewers @@Cooperative,Salt Lake City,UT
2304,1681.0,Wasatch Apricot Hefeweizen,Fruit / Vegetable Beer,12.0,0.18491852132652853,,302,Utah Brewers Cooperative,Salt Lake City,U@@T$
2305,1680.0,,American Double / Imperial IPA,,,289.7632639280647,302,Utah Brewers Cooperative,,UT
2306,1679.0,Squatters Full Suspension Pale Ale,Amer$ican Pale Ale (APA),12.0,0.04,,1217.3069020141058,Utah Brewers Cooperative,Salt Lake City,UT
2307,2245.0,Nunica Pine,Cider,16.0,,,,Vander Mill Ciders,,
2308,2244.0,G??inger Pea$ch,Cider,16.0,0.069,,185,Vander Mill Ciders,,MI
2309,7882.17783387656,Totally$ Roa#sted,Cider,16.0,0.2770744902607735,,185,Vander %Mill Cide$rs,Spring Lake,MI#
2310,1377.0,Blue Gold,Cid??er@@,87.45633042745011,0.068,,185,Vander Mill Cider$s,Spring Lake,MI
2311,1376.0,Hard Apple,Cider,16.0,0.34493570351415936,,185,Vander Mill Ciders,Spring Lake,MI
2312,2411.0,Nitro Can Coffee Stout,,12.0,0.052,,113,Vault Brewing Company,Yardley,PA
2313,1770.0,,Tripel,12.0,0.4543534129367562,25.0,322,,Meadville,PA
2314,1769.0,White Magick of the Sun,Witbier,12.0,,23.0,,,Meadville,PA
2315,1730.0,Wynona's Big B@@rown Al$e,American Brown Ale,12.0,0.075,,322,Voodoo Brewery,Meadville,P@@A#
2316,1729.0,Gran Met,Belgian Strong Pale Ale,12.0,0.092,25.0,322,Voodoo Brewery,Me#advil%le,PA@@
2317,,Good Vibes IPA,American IPA,12.0,0.073,85.0,,,Meadville,PA
2318,1488.0,Pilzilla,American Double / Imperial Pilsner,12.0,0.075,384.456883674143,322,Voodoo Brewery,Meadville,PA
2319,1846.0,Wachusett Light IPA,American @@I$PA,12.0,0.04,37.0,1080.7986200175146,Wachusett Brewing Company,Westminster,MA
2320,1845.0,Green Monsta IPA,,12.0,0.06,55.0,295,Wachusett Brewing Company,Westminster,MA
2321,1844.0,,American IPA,,0.056,50.0,295,Wachusett Brewing Company,Westminster,MA
2322,1843.0,Stra$wberry White,Witbier,,0.047,,295,Wachusett Brewing Company,Westminster,MA
2323,1418.0,Larry Imperial IPA,American Double / Imperial IPA,12.0,0.085,,295,Wachusett Brewing Company,Westminster,MA
2324,1038.0,Wachuset#@@t Summer,American Pale Wheat Ale,12.0,0.1890116414430696,,295,Wach@@usett Brewing Com??pany,Westminster,MA
2325,,,English Pale Ale,12.0,0.1704434507374915,17.0,,Wachusett Brewing Company,Westminster,MA
2326,5324.365247959749,Wachusett Light IPA (2013),American IPA,12.0,0.04,37.0,1682.1431615253557,Wachusett Brewing Company,,MA
2327,908.0,Pumpkan,Pum??$pkin Ale,12.0,,20.0,295,Wachusett Brewing Company,Westm%ins%ter,MA
2328,,Wachusett Blueberry Ale,Fruit / Vegetable B#eer,12.0,0.045,,963.555219783128,,Westminster,
2329,618.0,Green Monsta IPA,American IPA,12.0,0.06,55.0,295,Wachusett Brewing Company,Westminster,$MA
2330,780.0,T-6 Red Ale (2004),American Amber / Red Ale,12.0,0.27286194089357313,,,Warb%ird Brewing Company,Fort?#? Wayne,IN
2331,12056.9059077279,,American IPA,74.1739170150728,0.052,,94,,Da??yt??on,OH
2332,11169.851782495383,Ermal's,Cream Ale,16.0,,,94,Warped Wing Brewing Company,D@@ayton,OH
2333,2222.0,10 Ton,Oatmeal Stout,16.0,,,94,,Dayton,%OH
2334,,Flyin' Rye,,16.0,,,94,Warped Wing Brewing Company,Dayton,OH
2335,10213.696703966449,Christmas Ale,Herbed / Spiced Beer,12.0,,,,West Sixth Brewing,Lexington,KY
2336,,Pay It Forward Cocoa Porter,American Po#rte%r,12.0,0.07,,100,West Sixth Brewing,Lexington,KY
2337,4284.577282858607,West Sixth Amber Ale,American Amb#er / Red A%le,12.0,0.055,,358.81940489865167,,#Lexington,K#Y
2338,652.0,West Sixth IPA,American IPA,12.0,,,442.25199813729336,West Sixth Brewing,Lexington,KY
2339,5643.19201150547,One Claw,American Pale Ale (APA),12.0,0.055,,384,Westbrook Brewing Company,M@@t. Pleas@@ant,SC
2340,1312.0,Westbrook Gose,Go@@se,12.0,0.04,20.69699042796383,384,West$brook Br%ewing Company,Mt. Pleas$ant,SC
2341,576.0,White Thai,Witbier,12.0,0.28328550403771474,16.0,384,Westbrook Brewing Company,Mt. Pleasant,
2342,3107.9795478962124,Westbrook IPA,%A#merican IPA,,0.068,65.0,1877.575984267744,Westbrook Brewing Company,Mt. Pleasant,SC
2343,1645.0,Westfield Octoberfest,Märzen / Oktoberfest,38.3185186323431,0.057,22.0,351,Westfield River Brewing Company,Westfiel??d,
2344,1551.0,Pop's Old Fashioned Lager,,12.0,0.052,,,Westfield River Brewing Company,Westfield,MA
2345,,Charlie in the Rye,American IPA,12.0,,55.0,1088.2002693411455,Westfield River Brewing Company,,MA
2346,8937.327534443753,Royal Lager,American Pale Lager,16.0,,,132,Weston Brewing Company,Weston,MO
2347,,Rip Van Winkle (Current),Bock,12.0,0.08,,132,Weston Brewing Company,Weston,M@@%O
2348,2344.0,O’Malley’s Stout,English Stou#@@t,12.0,,,132,,Weston,MO
2349,2343.0,O’Malley’s IPA,American IPA,12.0,0.41077791167503297,387.5311275514466,132,Weston Brewing Company,Weston,MO
2350,9197.157748603688,O’Malley’s Irish Style Cream Ale,Crea??m Ale,12.0,,,132,Weston Brewing Company,Weston,MO
2351,2341.0,L'il Lucy's Hot Pepper Ale,Chile Beer,12.0,0.049,28.0,132,Weston Brewing Company,Weston,MO
2352,2340.0,Drop Kick Ale,American Amber / %Red Ale,12.0,0.052,,132,Weston Brewing Company,Weston,MO
2353,10870.126283994041,Raspberry Berliner Weisse,Berl??iner Weissbier,12.0,0.055,,47,White Birch Brewing,Hooksett,NH
2354,2572.0,Hop Session,American IPA,68.98722370562349,0.05,,47,White Birch$ Brewing,Hooksett,NH
2355,2571.0,Blue#berry Berlin??er Weisse,Berliner Weissbier,,0.055,,47,White Birch Brewing,Hooksett,NH
2356,2570.0,Berliner Weisse,Be%rliner Weissbier,12.0,0.3175873228002402,,47,White Birch Brewing,Hooksett,NH
2357,1498.0,Super G IPA,Ameri%can IPA,16.0,0.06,,396,White Flame Brewing Company,Hudsonville,
2358,1838.0,Hefe Lemon,#Radler,12.0,,158.9477597342017,296,Widmer Brothers Brewing Company,Portland,
2359,1837.0,Hefe Black,Hefeweizen,12.0,0.049,30.0,296,Widmer Brothers Brewing Company,Portland,OR
2360,1836.0,Widmer Brothers Hefeweizen,Hefeweizen,12.0,0.049,30.0,296,Widmer Brothers Brewing Company,Portland,
2361,1619.0,Hop Slayer Double IPA,American Double / Imperial IPA,,0.082,100.0,361,Wild Onion Brewing Company,Lake Barri??ngto#n,IL
2362,,,Pumpkin Ale,,0.045,,361,Wild Onion Brewing Company,L??ake Barrington,IL
2363,4966.293352499734,Big Bowl Blonde Ale,American Brown Ale,12.0,0.15372009137436948,,1149.8587526668266,Wild Onion Brewing Company,Lake Barrington,IL#??
2364,971.0,Phat Chance,American Blonde Ale,12.0,0.052,147.0876848111275,361,Wild Onion Brewing Company,Lake Barrington,IL
2365,740.0,Hop Slayer Double IPA (2011),Amer$ican Double / Imperial IPA,12.0,0.082,100.0,361,Wild Onion Brewing Company,L??ake Barrington,IL
2366,430.0,Hop Slayer Double IPA (2011),American Double / Imperial IPA,12.0,0.082,100.0,361,Wild Onion Brewing Company,Lake ??Barrington,IL
2367,398.0,Wild Onio$n Summer Wit,Witbier,,0.18923407097802403,13.0,361,Wild Onion Brewing Company,Lake Barrington,
2368,366.0,Jack Stout,Oatmeal Stout,12.0,,23.0,361,Wild Onion Brewing Company,Lake Barrington,IL
2369,,%Wild Onion Pumpkin Ale (2010),,12.0,0.1493564271809121,,,Wild Onion Brewing Company,Lake Barrington,IL
2370,162.0,Paddy Pale Ale,American Pale Ale (APA),65.45825928565827,0.056,41.0,361,,Lake Barrington,IL
2371,2253.0,Blonde Hunny,Belgian Pale Ale,12.0,0.068,21.0,181,Wild Wolf Brewing Company,Nellysford,VA
2372,1318.0,Wild Wolf Wee Heavy Scottish Style Ale,Scotch Ale / Wee Heavy,12.0,0.057,20.0,181,Wild Wolf Brewing Company,Nellysford,VA
2373,1195.0,Wild Wolf American Pilsner,American Pilsner,12.0,0.045,,181,Wild Wolf Brewing Company,Nellys#ford,VA
2374,1194.0,#Alpha Ale,American Pale Ale (APA),12.0,0.30583699578942936,,181,Wild Wolf Brewing Company,Nellysford,VA
2375,826.0,Mystical Stout,,16.0,0.054,,499,Wildwood Brewing Company,Stevensville,M$T??
2376,825.0,Bodacious Bock,,16.0,0.075,,499,Wildwood Brewing Company,Stevensville,MT
2377,813.0,Ambitious Lager,Munich Helles Lager,80.2745607535561,0.05,,499,Wildwood Brewing Company,Stevensville,MT
2378,1727.5588957124178,Wyoming Pale Ale,American Pale Ale (APA),16.0,0.072,,550,Wind River Brewing Company,Pinedale,WY
2379,323.0,Wind River$ Blond??e Ale,American Blonde Ale,16.0,,,550,Win??d River Brewing Company,Pinedale,
2380,2311.101499457888,Ace IPA,,70.08957053979248,0.074,,509,Wingman Brewers,,WA
2381,761.0,P-51 Porter,Americ@@an Porter,16.0,0.08,31.0,509,Wingman Brewers,Tacoma,WA
2382,2149.0,,American Amber / Red Lager,68.34021958382739,0.055,,211,Wisconsin Brewing Company,@@Verona,WI
2383,9430.024765654847,#002 American I.P.A.,American IPA,12.0,0.071,,1192.3349166811308,Wisconsin Brewing Company,Verona,WI
2384,,#003 Brown & Robust Porter,A#merican Porter,60.65170649727327,0.052,,1234.9001215085664,Wisconsin Brewi##ng Company,Verona,
2385,2146.0,#004 Session I.P.A.,American IPA,12.0,0.2774149944082543,38.0,211,Wisconsin Brewing Company,Ve??rona#,WI
2386,2047.0,Tarasque,Saison / Farmhouse Ale,12.0,0.059,,239,Wiseacre Brewing Company,Memphis,$%TN
2387,1470.0,An$anda India Pale Ale,American IPA,12.0,,61.0,1381.8572920355166,Wiseacre Brewing Company,Memphis,TN
2388,1469.0,Tiny Bomb,American Pilsner,12.0,0.045,23.0,239,Wiseacre Brewing Company,Memphi??s,
2389,2627.0,T%rain Hopper,American IPA,12.0,0.058,72.0,14,Witch's Hat B$rewing Comp@@any,So%uth$ Lyon,MI
2390,9349.792420397882,Edward’s Portly Brown,America@@n Brown Ale,53.949756876690806,,,14,Witch's Hat Brewing Company,South Lyon,MI
2391,1676.0,,,12.0,0.059,135.0,344,Wolf Hills Brewing Company,Abingdon,VA
2392,1468.0,Wolverine Premium Lager,American Pale Lager,66.99306732865963,0.047,,402,Wolverine State Br%ewing Compa%ny,,MI
2393,822.0,Woodchuck Amber Hard Cider,Cider,12.0,0.24538136352134676,,501,Woodchuck Hard Cider,Middlebury,VT
2394,2417.0,4000 Footer IPA,American IPA,12.0,0.065,82.0,109,Woodstock Inn Station & Brewer??y,North Woodstock,NH
2395,2306.0,Summer Brew,American Pilsner,12.0,0.1216916458777237,,109,Woodstock Inn Station & Brewery,North Woodstock,NH
2396,,Be Hoppy IPA,Am@@eri@@can IPA,72.71329698024829,0.065,69.0,1698.7068989302657,Wormtown Brewery,Worcester,MA
2397,10365.16166422078,Worthy IPA,American IPA,12.0,0.069,69.0,199,Worthy Brewing Company,Bend,OR
2398,1514.0,Easy Day Kolsch,Kölsch,,0.045,25.0,199,Worthy Brewing Company,,??OR
2399,1513.0,Lights Out Vanilla Cream Extra Stout,American Double / Imperial IPA,12.0,0.077,30.0,199,Worthy Brewing Company,Bend,OR
2400,7620.157050366938,Worthy IPA?? (20??13),,12.0,0.069,223.56413303901542,1017.4583874996686,Worthy Brewing Company,Bend,OR
2401,1511.0,W$%orthy Pale,??#American Pale Ale (APA),12.0,0.06,50.0,199,Worthy Brewing Company,Bend,OR
2402,1345.0,Patty's Chile Bee$r,Chile Beer,12.0,0.042,,1477.7845527329166,Wynkoop Brewing Company,Denver,CO@@
2403,1316.0,Colorojo Imperial Red Ale,American Strong Ale,12.0,0.082,,424,Wyn%koop Brewing Com%pany,D@@enver,CO
2404,1045.0,Wynkoop Pumpkin Ale,Pumpkin Ale,12.0,0.055,,1614.4921942719625,Wynkoop Brewing Company,Denver,CO
2405,1035.0,Rocky Mountain Oyster Stout,American Stout,12.0,0.3090549212283952,,1295.8378335751015,Wyn$koop Brewing?? Company,Denver,CO??
2406,928.0,B@@@@elgorado,Belg#ian I#PA,12.0,0.3611741107203123,45.0,424,@@Wynkoop Brewing Company,Denver,
2407,807.0,,America%n @@Amber / Red Ale,12.0,0.052,,424,Wynkoop Brewing Co%mpany,Denver,CO
2408,620.0,B3K Black Lager,Schwarzbier,59.18842331379176,0.055,,,Wynkoop Brewing Company,Denv@@er,CO
2409,145.0,Silverback Pale Ale,American Pale Ale (APA),,0.055,40.0,424,Wynkoop Brewing Company,Denver,CO$
2410,84.0,Ra@@il Yard Ale (2009),American Amber / Red Ale,12.0,0.052,,424,Wynkoop Brewing Company,Denver,CO
