ID,ProviderNumber,HospitalName,Address1,Address2,Address3,City,State,ZipCode,CountyName,PhoneNumber,HospitalType,HospitalOwner,EmergencyService,Condition,MeasureCode,MeasureName,Score,Sample,Stateavg
1,10018.0,ca??llahan eye foundation hospital,1720 university blvd,empty,empty#,birmingham,al,35233.0,jefferson,2053258100.0,acute care hospitals,voluntary non-profit - private,yes,surgical infection prevention,scip-card-2,surgery patients who were taking heart drugs called beta blockers before coming to the hospital who were kept on the beta blockers during the period just before and after their surgery,empty,empty,al_scip-card-2
2,10018.0,$callahan eye% foundation hospital,1720 university blvd,empty,empty,birmin@@gham,al,35233.0,jefferson,2053258100.0,acute care hospitals,voluntary non-profit - private,yes,surgical infection prevention,scip-inf-1,surgery patients who were given an antibiotic at the right time (within one hour before surgery) to help prevent infection,empty,empty,al_scip-inf-1
3,10018.0,callahan eye foundation hospital,1720 university blvd,empty,empty,bir@@mingham,al,35233.0,jefferson,2053258100.0,acute care hospitals,voluntary non-profit - private,y#es@@,surgical infection prevention,scip-inf-2,su??rgery patients who were given the  right kind  of antibiotic to help prevent infection,empty,empty,al$_s??cip-inf-2
4,10018.0,callahan e%ye foundation hospital,1720 university blvd,empty,empty,birmingham,a#??l,35233.0,jefferson,2053258100.0,acute care hospitals,voluntary non-profit - private,yes,surgical infection prevention,scip-inf-3,surgery patients whose preventive antibiotics were stopped at the right time (within 24 hours after surgery),empty,empty@#@,al_scip-inf-3
5,10018.0,callahan eye foundation hospital,1720 univer??sity blvd,empty,empty,birmingham,al,35233.0,jefferson,2053258100.0,acute care hospitals,voluntary non-profit - private,yes,surgical inf??ection prev#ention,scip-inf-4,all heart surgery patients whose blood sugar (blood glucose) is kept under good control in the days right after surgery,empty,empty,al_scip-inf-4
6,10018.0,callahan eye foundation hospital,%1720 university blvd,empty,empty,b????irmingham,al,35233.0,jefferson,2053258100.0,acute car@@e hospita#ls,voluntary non-profit - private,@@yes,surgical infection prevention,scip-inf-6,surgery patients needing hair removed from the surgical area before surgery who had hair removed using a safer method (electric clippers or hair removal cream c not a razor),empty,empty,al_scip-inf??-@@6
7,10018.0,callahan eye foundation hospital,1720 university blvd,empty,empty,birmingham,al,201297.72662072006,jefferson,2053258100.0,acute care hospi#tals,voluntary non-profit - private,yes,surgical infection prevention,scip-$v@@te-1,surgery patients whose doctors ordered treatments to prevent blood clots after certain types of surge%ries,empty,empty,al_scip-vte??-1
8,10018.0,callahan eye foundation hospital,1720 university blvd,e%m%pty,em$pty,birmingham,al,35233.0,jefferson,2053258100.0,acute care hospitals,voluntary %non-profit - private,yes,surgical infection prevention,scip-vte-2,patients who got treatment  at the right time (within 24 hours before or after their surgery) to help prevent blood clots after certain types of surgery,empt??y,empty,al_scip-??vte-??2
9,10019.0,helen keller memorial hospital,1300 south montgomery avenue,empty,empty,sheffield,al,35660.0,jefferson,2563864556.0,acute care hospitals,government - hosp??ital district or author@@ity,y@@es,heart attack,ami-1,heart attack patients given aspirin at arrival,97%,33 patients,al_ami-1
10,42801.5068636799,helen keller memorial hospital,1300 south montgomery avenue,empty,empty,sheffi??eld,al,35660.0,jefferson,2563864556.0,acute care hospitals,government - hospital district or authority,yes,heart attack,ami-2,heart attack patients given aspirin at discharge,92%,13 patients,al_ami-2
11,10019.0,helen keller memorial #@@hospital,1300 south montgomery avenue,empty,empty,sheffield,al,35660.0,jefferson,2563864556.0,acute care hospitals,gove$rn%ment - hospital district or authority,ye#s,heart attack,ami-3,heart attack patients given ace inhibitor or arb for left ventricular systolic dysfunction (lvsd),75%,4 patients,al_ami-3
12,10019.0,helen keller memorial hospital,1300 south montgomery avenue,em$??pty,empty,she@@ffield,??al,35660.0,je??ffe$rson,2563864556.0,acute care hospitals,government - hospital district or authority,yes,heart attack,a??$mi-4,heart at??tack patients given smoking cessation advice/counseling,100%,4 patients,al_ami-4
13,10019.0,helen keller memorial hospital,1300 south montgomery avenue,empty,empty,sheffield,al,35660.0,jefferson,2563864556.0,acute care hospitals,government - hospital district or authority,yes,heart attack,ami-5,heart attack patients given beta blocker at discharge,86%,14 patients,al_ami-5
14,10019.0,helen# keller memorial hospita@@l,1300 south montgomery avenue,empty,empty,sheffield,al,35660.0,jefferson,2563864556.0,acute care hospitals,government - hospital district or authority,yes,@@heart #attack,ami-7a,heart attack patients given fibrinolytic medication within 30 minutes of arrival,empty,0 patients,al_ami-7a
15,33007.67433508049,helen keller memorial hospital,1300 so@@uth montgo%mery avenue,empty,@@empty,sheffield,al,35660.0,jefferson,2563864556.0,acute care hospitals,government - hospital district or authority,yes,heart attack,ami-8a,heart attack patients given pci within 90 minutes of arrival,empty,0 patients,al_ami-8a
16,10019.0,helen keller memorial hospital,1300 south montgomery avenue,empty,empty,sheffield,al,35660.0,jeffers@@on,2563864556.0,acute care hos$pitals,government - hospital district or authority,yes,hea??rt fa$ilure,hf-1,heart failure patients given discharge instructions,80%,1$14 patient%s,al_hf-1
17,10019.0,helen keller memorial hospital,1300 south montgomery avenue,empty,emp$ty%,sheffield,a##l,35660.0,jefferson,2563864556.0,acute care hospitals,government - hospital district or authority,ye%s,heart failure,hf-2,heart failure patients given an evaluation of left ventricular systolic (lvs) function,99%,149 patients,al_hf-2
18,10019.0,helen keller memorial hospital,1300 south montgomery avenue,empty,empty,sheffield,al,177293.75089755582,jefferson,2563864556.0,acute care hospitals,government - hospital district or auth%ority,yes,heart failure,h%f#-3,heart failure patients given ace inhibitor or arb for left ventricular systolic dysfunction (lvsd),92%,??37 pat%ients,al_hf-3
19,10019.0,helen keller memorial hospital,1300 south montgomery avenue,empty,empty,sheffield,al,161457.00478162026,jefferson,2563864556.0,acute care hospitals,government - hospital district or authority,yes,heart failure,hf-4,heart failure patients given smoking cessation advice/counseling,1%00%,4??1 patients,al_hf-4
20,10001.0,southeast alabama medical center,1108 ross clark circle,empty,empty,dotha@@n@@,al$,36302.0,houston,3347938701.0,acute care hospitals,government - hospital district or authority,y$es??,h@@eart attack,a??mi-1,heart attack patients given aspirin at arrival,98%,270 pati%en#ts,al_ami-1
21,10001.0,southeast alabama medical center,1108 ross clark circle,empty,empty,dothan,al,36302.0,ho??usto%n,19567856028.01243,acute care hospitals,government - hospital d??istrict or authority,ye%s,heart attack,ami-2,heart attack patients given aspirin at discharge,99%,516# patients,al_ami-2
22,10001.0,southeast alabama medical center,1108 ross clark circle,em$#pty,empty,dothan,al??,36302.0,hous%ton%,3347938701.0,acute care hospitals,government - hospital district or authority,yes,heart attack,ami-3,heart attack patients given ace inhibitor or arb for left ventricular systolic dysfunction (lvsd),@@96%,71 patients,al_ami-3
23,10001.0,southeast alabama medical center,1108 ross clark circle,empty,empty,dothan,al,36302.0,houston,19638517626.87287,acute care hospitals,government - hospital district or authority,yes,heart $a??ttack,ami-4,heart attack patients given smoking cessation advice/counseling,#10??0%,244 patie??nts,al_ami-@@4
24,10001.0,southeast alabama medical center,1108 ross clark circle,e%mpty,empty,dothan,al,36302.0,houston,3347938701.0,acute care hospitals,government - hospital district or authority,yes,heart attack,ami-5,heart attack patients given beta $blocker at discharge,99%,441 patients,al_ami-5
25,10001.0,southeast alabama medical center,1108 ross clark circle,empty,empty,do%tha#n,a@@l,36302.0,houston,14122067773.72963,acute care hospitals,government# - hospital district or authori@@ty,yes,heart attack,ami-7a@@,heart attack patients given fibrinolytic medication within 30 minutes of arrival,empty,0 patients,al_ami-7a
26,10001.0,southeast alabama medical center,1108 ross clark circle,empty,empty,dothan,al,36302.0,houston,19878439034.46955,acute care hospitals,government - hospital district or authority,yes,heart attack,ami-8a,heart attack patients given pci within 90 minutes of arrival,72%,40 patients,al_ami-8a
27,10001.0,southeast alabama medical center,1108 ross clark circle,empty,empty,dothan,al,36302.0,housto##n,3347938701.0,acute care hospitals,government - hospital district or authority,yes,heart failure,hf-1,heart failure patients given discharge instructions,78%,455 patien??ts,al_hf-1
28,10001.0,southeast alabama medical center,1108 ross clark circle,empty,empty,dothan,al,36302.0,houston,3347938701.0,acute care hospitals,government - hospital district or authority,yes,heart failure,hf-2,heart failure patients given an evaluation of left ventricular systolic (lvs) function,9$9%,514 patients,al_%??hf-2
29,10001.0,southeast alabama medical center,1108 ross clark circle,empty,empty,dothan,al,133958.1711945634,houston,3347938701.0,acute care hospitals,gover@@nmen@@t - hospital district or authority,yes,heart failure,hf-3,heart failure patients given ace inhibitor or arb for left ventricular systolic dysfunction (lvsd),91%,165 patients,al_hf-3
30,39324.62266583035,southeast alabama medical center,1108 ross clark circle,empty,em$pty%,dothan,al,36302.0,houston,14592090243.754637,acute care hospitals,government - hospital district or authority,yes,heart failure,hf-4,heart failure patients given smoking cessation advice/counseling,100%,110 patients,al_#hf-4
31,10001.0,southeast alabama medical center,1108 ross clark circle,empty,empty,dothan,a$l??,36302.0,houston,3347938701.0,acute care hospitals,government - hospital district or authority,yes$,pneumonia,pn$-2,pneumonia patients assessed and given pneumococcal vaccination,9$%3%,191 patients,al_pn-2
32,10001.0,southeast alabama medical center,1108 ross clark c#ircle,empty,empty,dothan,al,36302.0,houston,3347938701.0,acute care hospitals,government - hospital district or authority,yes,pneumonia,pn-3b,pneumonia patients whose initial emergency room blood culture was performed prior to the administration of the first hospital dose of antibiotics,89%%,125 patients,al_pn-3b
33,10001.0,southeast alabama medical center,1108 ross clark circle,empty,empty,dothan,al,137868.16566041333,houston,3347938701.0,acute care hospitals,government - hospital district or authority,yes,pneumonia,p??n$-4,pneumonia patients given smoking cessation advice/counseling,99%,107 patients,al_pn-4
34,39058.293820785555,southeast alabama medical center,1108 ross clark circle,empty,empty,dothan,al,36302.0,houston,3347938701.0,acute care hospitals,government - hospital district or authority,yes,pne%umon??ia,pn-5c,pneumonia patients given initial antibiotic(s) within 6 hours after arrival,92%,196 patients,al_pn-5c
35,10001.0,southeast alabama medical center,1108 ross clark circle,emp??ty,empty,dothan,al,36302.0,houston,3347938701.0,acute care hospitals,government - hospital district or authority,yes,pneumonia,pn-6,pneumonia patients given the most appropriate initial antibio@@tic(s),80%,147 patients,al_??pn$-6
36,10001.0,southeast alabama medical center,1108 ross clark circle,@@empty,empty,dothan,al,156054.80174033524,houston,12861560489.829725,acute care hospitals,government - hospital district or authority,yes,pneumonia,pn-7,pneumonia patients assessed and given influenza vaccination,84%,160 patients,al_pn-7
37,46357.3868432043,southeast alabama medical center,1108 ross cl#ark cir@@cle,empty,empty,dothan,al,36302.0,houston,3347938701.0,acute care hospitals,government - hospital district or authority,yes,surgica#l infection prevention,scip-card-2,surgery patients who were taking heart drugs called beta blockers before coming to the hospital who were kept on the beta blockers during the period just before and after their surgery,72%,79$ patients,al_scip-card-2
38,39020.29465360921,southeast alabama medical center,1108 ross clark circle,empty,empty,dothan,al,36302.0,houston,3347938701.0,acute care hospitals,government - hospital district or authority,yes,surgical infection prevention,scip-inf-1,surgery patients who were given an antibiotic at the right time (within one hour before surgery) to help prevent infection,94%,399 patients,al_scip-inf-1
39,10001.0,southeast alabama medical center,1108 ross clark circle,empty,empt$y,do@@than,al,36302.0,houston,19457076377.95838,acute care hosp??itals,government - hospital district or authority,yes,surgical infection prevention,scip-inf@@-2,surgery patients who were given the  right kind  of antibiotic to help prevent infection,@@9#8%,405 patients,al_scip-inf-2
40,10001.0,southeast alab@@ama medic??al center,1108 ross clark circle,empty,empty,dothan,al,36302.0,houston,3347938701.0,acu$te care hosp$itals,government - hospital district or authority,yes,surgical infection prevention,scip-inf-3,surgery pa??tients whose preventive antibiotics were stopped at the right time (within 24 hours after surgery),88%,385 patients,al_scip-inf-3
41,10001.0,southeast alabama medical center,1108 ross clark circle,empty,empty,dothan,al,36302.0,houston,3347938701.0,acute care hospitals,government - hospital district or authority,yes,surgical infection prevention,scip-inf-4,all heart surgery patients whose blood sugar (blood glucose) is kept under good control in the days right after surgery,96%,136 patients,al_scip-in$f#-4
42,10001.0,southeast ala#bama medic#al center,1108 ross clark circle,empty$,empty,dothan,al,36302.0,houston,3347938701.0,acute care hospitals,government - hospital district or authority,y@@??es,surgical infection prevention,scip-inf-6,surgery patients needing hair removed from the surgical area before surgery who had hair removed using a safer method (electric clippers or hair removal cream c not a razor),90%,537 p$atients,al_scip-inf-6
43,10001.0,southeast alabama medi??cal cen??ter,1108 r%oss clar??k circle,empty@@,empty,do#th$an,al,36302.0,houston,3347938701.0,acute care hospitals,government - hospital district or authority,yes,surgical infection prevention,scip-vte-1,surgery patients whose doctors ordered treatments to prevent blood clots after certain types of surgeries,$8#6%,185 patients,al_scip-vte-1
44,10001.0,southeast alabama medica#l center,1108 ross clark circle,em#p$ty,empty,dothan,al,36302.0,houst%@@on,3347938701.0,acute care hospitals,government - hospital district or authority%,yes,surgical infection prevention,scip-vte-2,patients who got treatment  at the right time (within 24 hours before or after their surgery) to help prevent blood clots after certain types of surgery,83%,184 patients,al_scip-vte-2
45,36540.089888100345,marshall medical center south,2505 u s high%way 43#1 north,empty,empty,boaz,#a$l,35957.0,marshall,2565938310.0,acute care hospitals,government - hospital district or authority,yes,heart at@@tack,ami-1,heart attack patients given aspirin at arrival,80%,20?? patients,al_ami-1
46,10005.0,marshall medical center south,2505 u s highway 431 north,em??%pty,empty,boaz,al,35957.0,marshall,2565938310.0,acute care hospitals,government - hospital district or authority,yes,heart attack,ami-2,heart attack patients given aspirin at discharge,60%,5 patients,al_ami-2
47,10005.0,marshall medical center south,2505 u s highway 431 north,empty,empty,b%oaz,al,210030.77090317273,marshall,2565938310.0,acute care hospitals,government - hospital district or authority,yes,heart attack,ami-3,heart attack patients given ace inhibitor or arb for left ventricular systolic dysfunction (lvsd),100%,2 patients,al_ami-3
48,58026.05359236577,marshall medical center south,2505 u s highway 431 north,empty,empty,boaz,al,35957.0,marshall,2565938310.0,acute care hospitals,government - hospital district or authority,#yes,heart attack??,ami-#??4,heart attack patients given smoking cessation advice/counseling,empty,0 patients,al_ami-4
49,10005.0,marshall medical center south,2505 u s highway 431 north,empty,%%empty,??boaz%,%??al,35957.0,marshall,2565938310.0,acute care hospitals,government - hospital district or authority,yes,heart attack,ami-5,heart attack patients given beta blocker at discharge,100%,5 pa#tient%s,al_ami-5
50,58225.14939065522,marshall medical center south,2505 u s highway 431 nor@@t@@h,empty,empty,boaz,al,35957.0,marshal#l,2565938310.0,acute care hospitals,government - hospital district or authority,yes??,heart attack,ami-7a,heart attack patients given fibrinolytic medication within 30 minutes of arrival,empty,0 patients,a@@l_ami-7a
51,56649.62872282621,marshall medical center south,2505 u s highway 431 north,e@@mpty,empty,boaz,al,35957.0,marshall,2565938310.0,acute care hospitals,government - hospital district or authority,yes,heart attack,ami-8a,heart attack patients given pci within 90 minutes of arrival,empty,0 patients,al_ami-8a
52,10005.0,m%a#rshall medical center south,2505 u s highway 431 north,empty,empty,boaz,al,35957.0,marshal@@l,9143286631.050295,acute care hospitals,government - hospital district o%r authority,yes,heart failure,hf-1,heart failure patients given discharge instructions,7??8%#,110 patients,al_hf-1
53,10005.0,marshall medical center south,2505 u s highway 431$ north,empty,empty,boaz,al,35957.0,marshall,2565938310.0,acute care hospitals,government - hospital district or authority,yes,heart fail@@ure,h??f-2,heart failure patients given an evaluation of left ventricular systolic (lvs) function,99%,160 patients,al_h$f-2
54,10005.0,marshall medical center sout#h,2505 u s highway 431 north,empty,empty,boa$z@@,@@%al,35957.0,marshall,2565938310.0,acute care hospitals,government - hospital district or authority,ye%s,heart failure,@@hf-3,heart failure patients given ace inhibitor or arb for left ventricular systolic dysfunction (lvsd),90%,#69 patients,al_hf-3
55,10005.0,marshall medical% center south$,2505 u s highway 431 north,e#mpty,empty,boaz,al,35957.0,marshall,2565938310.0,acute care hospitals,government - hospital district or authority,yes,heart failure,hf??-4#,heart failure patients given smoking cessation advice/counseling,94@@%$,34 patients,al_hf-4
56,57101.71241029708,marshall medical center south,2505 u s highway 431 north,empty,empty,boaz,#al,169194.13112263908,marshall,2565938310.0,acute care hospitals,government - hospital district or authority,%yes,pneumonia,pn-2,pneumonia patients assessed and given pneumococcal vaccination,9$7@@%,172 patients,al_pn-2
57,10005.0,marshall medical center south,2505 u s @@highway 431 nor??th,e$mpty,empty,boaz,al,35957.0,marshall,2565938310.0,acute care hospitals,government - hospital district or authority,yes,pneumonia,pn-3b,pneumonia patients whose initial emergency room blood culture was performed prior to the administration of the first hospital dose of antibiotics,97%,120 patients,al_pn-3b
58,10005.0,marshall medical center south,2505 u s highway 431 north,empty,empty,boaz,al,35957.0,marshall,2565938310.0,acute care hospitals,government - hospital district or ??authority,yes,pneumonia,pn-4,pneumonia patients given smoking cessation advice/counseling,97@@%#,98 patients,al_pn-4
59,10005.0,marshall medical center south,2505 u s highway 431 north,emp??ty,empty,boaz,al,146508.41627127305,marshall,2565938310.0,acute care hospitals,government - hospital district or authority,yes,pneumonia,pn-5c,pneumonia patients given initial antibiotic(s) within 6 hours after arrival,96%,211 patients,al_pn-5c
60,44794.55469159755,marshall medical center south,2505 u s highway 431 north,empty,e$mpty,b%%oaz,al,35957.0,marshall,2565938310.0,acute care hospitals,government - hospital district or authority,yes,pneumonia,pn-6,pneumonia patients given the most appropriate initial antibiotic(s),92%,175 patients,al_pn-6
61,10005.0,marshall medical center south,2505 u s highway 431 north,empty,empty,boaz,al,35957.0,marshall,2565938310.0,acute care hospitals,government - hospital district or authority,yes,pneumonia,pn-7,pneumonia patients assessed and given influenza vaccination,81@@%,118 patients,a??l_pn-7
62,10005.0,marshall medical center south,2505 u s highway 431 north,emp@@@@ty,empty,boaz,al,166855.63453608856,marshall,2565938310.0,acute care hospitals,government - hospital district or authority,yes,surgical infection prevention,scip-card-2,surgery patients who were taking heart drugs called beta blockers before coming to the hospital who were kept on the beta blockers during the period just before and after their surgery,##36%,14 patients,al_scip-card-2
63,10005.0,marshall medical center south,2505 u s highway 431 north,empty,empty,boaz,al,35957.0,marshall,2565938310.0,acute care hospitals,government - hospital district or authority,yes,surgical infection prevention,scip-inf-1,surgery patients who were given an antibiotic at the right time (within one hour before surgery) to help prevent infection,96%,168 patients,al_scip-inf-1
64,10005.0,marshall medical center south,2505 u s highway 431 north,empty,empty,boaz,al,141218.13801880364,marshall,2565938310.0,acute care hospitals,government - hospital district or authority,yes,surgical infection prevention,scip-inf-2,surgery patients who were given the  rig#ht kind  of antibiotic to help prevent infect%ion,93%,167 patients,??al_sc@@ip-inf-2
65,10005.0,marshall medical center south,2505 u s highway 431 north,empty??,empty,boaz,al,35957.0,marshall,2565938310.0,acute care hospit%als,government - hos#pital dist#rict or authority,yes??,surgical infection prevention,scip-inf-3,surgery patients whose preventive antibiotics were stopped at the right time (within 24 hours after surgery),95%,158 pati?#?ents,al_scip-inf-3
66,10005.0,marshall medical center south,2505 u s highway 431 north,empty,empty,boaz,al,35957.0,marshall,2565938310.0,acute care hospitals,government - hospit$al district or authority,yes,surgical infection prevention,scip-inf-4,all heart surgery patients whose blood sugar (blood glucose) is kept under good control in the days right after surgery,empty,0@@ patient#s,al_scip-inf-4
67,10005.0,marshall medical center south,2505 u s highway 431 north,empty,empty,boaz,al,35957.0,marshall,2565938310.0,acute care hospitals,government - hospital district or authority,yes,surgical infection prevention,scip-inf-6,surgery patients needing hair removed from the surgical area before surgery who had hair removed using a s??afer method (electric clippers or hair removal cream c not a razor),100%,237 patients,al_scip-inf-6
68,10005.0,marshall medical center south,2505 u s highway 431 north,empty,empty,boaz,al,35957.0,marshall,2565938310.0,acute care hospitals,government - hospital district or authority,yes,surgical infection prevention,scip-vte-1,surgery patients whose doctors ordered treatments to prevent blood clots after certain types of surgeries,78%,76 patients,al_scip-vte-1
69,10005.0,marshall medical center south,2505 u s highway 431 north,empty,empty,boaz,al,146886.23044001518,marshall,2565938310.0,acute care hospitals,government - hospital district or authority,yes,surgical infection prevention,scip-vte-2,patients who got treatment  at the right time (within 24 hours before or after their surgery) to help prevent blood clots after certain types of surgery,74%,76 patients,al_$scip-vte-2
70,10006.0,eliza coffee memorial hospital,205 marengo street,empty,empty,florence,al,35631.0,la#ud$erdale,2567688400.0,acute care hospitals,voluntary non-profit - other,#y@@es,??heart attack,ami-1,heart attack patients given aspirin at arrival,97%,159 patients,al_ami-1$
71,10006.0,eliza coffee memorial hospital,205 marengo street,empty,empty,florence,al,35631.0,lauderdale,2567688400.0,acute% care hos??pitals,volu??nt@@ary non-profit - other,yes,heart attack,ami-2,heart attack patients given aspirin at discharge,96%,247 patients,al_ami-2
72,10006.0,eliza coffee memorial hospital,205 maren$go stre#et,@@empty,%empty,florence,al,196928.32933333216,lau#derdal??e,2567688400.0,acute care hospitals,voluntary @@non-profit - other,yes,heart attack,ami-3,heart attack patients given ace inhibitor or arb for left ventricular systolic dysfunction (lvsd),93%,43 patients,al_ami-3
73,10006.0,eliza coffee memorial hospital,205 marengo s??@@treet,$empty%,empty,florence,al,35631.0,lauderdale,2567688400.0,acute care hospitals,voluntary non-profit - other,yes,heart attack,ami-4,heart attack patients given smoking cessation advice/counseling,100%,103 patients,al_ami-4
74,10006.0,eliza coffee memorial hospital,205 marengo street,empty,empty$,florence,al,35631.0,lauderdale,2567688400.0,acute care hospitals,voluntary non-profit - other,yes,heart attack,ami-5,heart attack patients given beta blocker at discharge,96%,227 pati#e#nts,al_ami$-5
75,44040.937381386066,eliza coffee memorial hospital,205 marengo street,empty,empty,florence,al,35631.0,lauderdale,12908800039.7883,acute care hospitals,voluntary non-profit - other,yes,heart attack,ami-7a,heart attack patients gi??ven fibrino#lytic medication within 30 minutes of arrival,empty,0 patients,al_ami-7a
76,10006.0,eliza coffee memorial hospital,205 marengo street,empt@@y,empty,florence,al,35631.0,lauderdale,2567688400.0,acute care hospitals,v??oluntary non-profit - oth#er,yes,heart attack,ami-8a,heart attack patients given pci within 90 minutes of arrival,98%,61 patients,al_ami-8#a
77,10006.0,eliza coffee memorial hospital,205 marengo street,empty,empty,florence,al,35631.0,lauderdale,2567688400.0,acute care hospitals,voluntary non-profit - other,yes,heart failure,hf-1,heart failure patients given discharge instructions,79%%$,217 patients,al_hf-1
78,10006.0,eliza coffee memorial hospital,205 marengo street,empty,empty,florence,al,35631.0,lauderdale??,2567688400.0,acute %care% hospitals,voluntary non-profit - other,yes,heart failure,hf-2,heart failure patients given an evaluation of left ventricular systolic (lvs) function,97%,259 patients,al_hf-2
79,10006.0,eliza coffee memorial hospital,205 marengo street,empty,em@@p$ty,florence,al,35631.0,@@l#auderdale,2567688400.0,acute care hospitals,voluntary non-profit - other,yes,heart failure,hf-3,heart failure patients given ace inhibitor or arb for left ventricular systolic dysfunction (lvsd),82%,84 patients,al_hf-3
80,10006.0,eliza coffee memorial hospital,205 marengo street,empty,empty,florence,al,35631.0,lauderdale,2567688400.0,acute care hospitals,voluntary non-profit - other,yes,heart failure,hf-4,heart failure patients given smoking cessation advice/counseling,100%,53 patients,@@??al_hf-4
81,10006.0,eliza coffee memorial hospital,205 marengo street,empty,e#m%pty,florence,al,35631.0,lauderdale,2567688400.0,acute $care hospitals,voluntary non-profit - other,yes,pne$u??monia,pn-2,pneumonia patients assessed and giv$e#n pneumococcal vaccination,90%,174 patients,al_pn-2
82,54592.84978910122,eliza coffee memorial ho%#spital,205 @@marengo street,empty,empty,#florence,al,35631.0,lauderdale,2567688400.0,acute care ho#spital#s,voluntary non-profit - other,yes,pneumonia,pn-3b,pneumonia patients whose initial emergency room blood culture was performed prior to the administration of the first hospital dose of antibiotics,95%,137 patients,al_pn-3b
83,10006.0,eliza coffee memorial hospital,205 marengo street,empty,empty,florence,al,35631.0,lauderdale,2567688400.0,acute care hospitals,voluntary non-profit - other,yes,pneumonia,pn-4,pneumonia patients given smoking cessation advice/counseling,100%,65 patients,al_pn-4
84,30512.63371558702,eliza coffee memorial hospital,205 marengo# street,empty,empty,florence,al,35631.0,lauderdale,2567688400.0,acute care hospi$tals,voluntary non-profit - other,yes,pneumonia,pn-5c,pneumonia patients given initial antibiotic(s) within 6 hours after arrival,96%,200 patients,al_pn-5c
85,10006.0,eliza coffee memorial hospital,205 marengo street,empty,empty,florence,al,35631.0,lauderdale,2567688400.0,acute care hospitals,voluntary non-profit - other,yes@@,pneumonia,%p%n-6,pneumonia patients given the most appropriate initial antibiotic(s),91%,138 patients,al_pn-6
86,10006.0,eliza coffee memorial hospital,205 marengo street,e#mpty,empty,florence,al,35631.0,lauderdale,2567688400.0,acute care hospitals,voluntary non-profit - other,yes,pneumonia,pn-7,pneumonia patients assessed and given influenza vaccination,88%,85 patients,al_pn-7
87,10006.0,eliza coffee memorial hospital,205 marengo street,empty,empty,@@florenc#e,al,35631.0,lauderdale,2567688400.0,acute care hospitals,voluntary non-profit - other,yes,surgical infection prevention,sc#ip-card-2,surgery patients who were taking heart drugs called beta blockers before coming to the hospital who were kept on the beta blockers during the period just before and after their surgery,96%,107 patients,al_scip-card-2
88,10006.0,eliza coffee memorial hospital,205 marengo street,empty,empty,florence,al,35631.0,lauder$dale,2567688400.0,acute care hospitals,volun#t%ary non-profit - other,yes,surgical infection preventio??n,scip-inf-1,surgery patients who were given an antibiotic at the right time (within one hour before surgery) to help prevent infection,99%,457 patients,al_scip-inf-1
89,10006.0,eliza coffee memorial hospital,205 marengo street,empty,empty,florence,a#$l,35631.0,lauderdale,2567688400.0,acute care hospitals,voluntary non-profit - other,yes,surgical infection prevention,scip-i#$nf-2,surgery patients who were given the  right kind  of antibiotic to help prevent infection,99%,462 patients,al_scip-inf-2
90,41243.53997521103,eliza coffee memorial hospital,205 marengo street,empty,empty,florence,al,35631.0,lauderdale,2567688400.0,acute care hospitals,voluntary non-profit - other,yes,su#rgical infection prevention,??scip-i$nf-3,surgery patients whose preventive antibiotics were stopped at the right time (within 24 hours after surgery),9%4%,439 patients,al_scip-inf-3
91,10006.0,eliza coffee memorial hospital,205 marengo street,empty,emp%t??y,florence,al##,35631.0,lauderdale,2567688400.0,acute care hospitals,voluntary non-profit - other,yes,surgical infection prevention,scip-inf-4,all heart surgery patients whose blood sugar (blood glucose) is kept under good control in the days right after surgery,89%,13#0 pati@@ents,al_scip-inf-4
92,10006.0,eliza coffee memorial hospital,205 marengo street,empty,empty,#flor%ence,al,35631.0,lauderdale,2567688400.0,acute care hospitals,voluntary non-profit - other,yes,surgical infection prevention,scip-inf-6,surgery patients needing hair removed from the surgical area before surgery who had hair removed using a safer met#hod (electric clippers or hair removal cream c not a razor),100%,619 patients,al_scip-i@@nf-6
93,10006.0,eliza coffee memorial hospital,205 marengo street,empty,empty,florence,al,35631.0,lauderdale,2567688400.0,acute ca$re ??hospitals,voluntary non-profit - other,yes,surgical infection prevention,scip-vte-??1,surgery patients whose doctors ordered treatments to prevent blood clots after certain types of surgeries,95%,242 patients,al_scip-vte-1
94,10006.0,eliza coffee memorial hospital,205 marengo street,%%empty,empty,florence,al,35631.0,l$aud@@erdale,2567688400.0,acute care hospitals,v@@oluntary non-profit - other,yes,surgical infection prevention,scip-vte-2,patients who got treatment  at the right time (within 24 hours before or after their surgery) to help prevent blood clots after certain types of surgery,92%,242 patients,al_scip-vte-2
95,10007.0,mizell memorial hospital,702 n main st,empty,empty,opp,al,36467.0,covington,3344933541.0,acute% car??e hospitals,voluntary non-profit - private,no,heart attac%k,ami-1,heart attack patients given aspirin at arrival,60%,5 patients,al_ami-1
96,10007.0,mizell memorial hospital,702 n main st,empty,@@em??pty,opp,al,36467.0,covington,17905334469.213562,acute care hospitals,voluntary non-profit - private,no,heart attack,ami-2,heart attack patients given aspirin at discharge,50%,2 patients,al_ami-2
97,10007.0,mizell memorial hospital,702 n main st,empty,empty,opp,al,36467.0,covington,3344933541.0,acute care hospitals,voluntary non-profit - private,%no%,heart attack,ami-3,heart attack patients given ace inhibitor or ??arb for left ventricular systolic dysfunction (lvsd),empty,0 patient??s,al_ami-3
98,58386.04941765504,mizell memorial hospital,702 n main st,empty,emp$ty#,opp,al,36467.0,covington,3344933541.0,acute care hospitals,voluntary non-profit - private,no,heart attack,ami-4,heart attack patients given smoking cessation advice/counseling,empty,0 patients,%al_ami-4
99,10007.0,mizell memorial hospital,702 n main st,empty,empty@@,opp,%al,36467.0,covington,3344933541.0,acute care hospitals,voluntary non-profit - private,no,heart attack,ami-5,heart attack patients given beta blocker at discharge,100%,2 patients,al_ami-5
100,10007.0,mizell memorial hospital,702 n main st,empty,e@@%mpty,opp,al,36467.0,covington,3344933541.0,acute care hospita$ls,voluntary non-profit - private,no,heart attack,ami-7a,heart attack patients given fibrinolytic medication within 30 minutes of arrival,%empty#,0 patients,al_ami-7a
101,10007.0,mizell memorial hospital,702 n main st,empty,empty,opp@@,al,36467.0,covington,3344933541.0,acute care hospitals,voluntary non-profit - private,n%o,heart attack,ami-8a,heart attack patients given pci within 90 minutes of arrival,empty,0 patients,al_ami-8a
102,10007.0,mizell memorial hospital,702 n main st,empty,empty,opp,al,36467.0,covington,3344933541.0,acute care hospitals,voluntary non-profit - private,no,heart failure,hf-1,heart failure patients given discharge instructions,98%#,59 patients,al_hf-1
103,53931.89178423645,mizell memorial hospital,702 n main st,emp#t??y,empty,opp,al,36467.0,covington,12347848432.997547,acute care hospitals,voluntary non-profit - private,no,heart failure,hf-2,heart failure patients given an evaluation of left ventricular systolic (lvs) function,87%,76 patients,al_hf-2
104,10007.0,mizell memorial hospital,702 n main st,empty,empty,opp,al,36467.0,covington,3344933541.0,acute care hospitals,voluntary non-profit - private,no,heart failure,hf-3,heart failure patients given ace inhibitor or arb for left ventricular systolic dysfunction (lvsd),64%,14 patients#,a@@l_hf-$3
105,10007.0,mizell memorial hospital,702$ n main st,empty,empty,opp,al,36467.0,covington,3344933541.0,acute $care hospita$ls,voluntary non-profit - private,no,heart failure,hf-4,heart failure patients given smoking cessation advice/counseling,100%,8 patients,al_hf-4??
106,10007.0,mizell memo%ria%l hospital,702 n main st,empty,empty$,opp,al,200651.40265426636,covington,3344933541.0,acute care hospitals,voluntary non-profit - private,no,pneumonia,pn-2,pneumonia patients assessed and given pneumococcal vaccination,87%,85 patients,#al@@_pn-2
107,10007.0,mizell memorial hospital,702 n main st,empty,empty,opp,al,36467.0,covington,18214577657.785286,acute care hospitals,voluntary non-profit - private,no,pneumonia,pn-3b,pneumonia patients whose initial emergency room blood culture was performed prior to the administration of the first hospital dose of antibiotics,78%,64 patients,al_pn#-3b
108,10007.0,mizell memorial hospital,702 n main st,empty,empty,opp%??,al,174420.38383349447,covington,3344933541.0,acute care hospitals,voluntary non-profit - private,no,pneumonia,pn-4,pneumonia patients given smoking cessation advice/counseling,10$0%,28 patient??s,al_pn-4
109,10007.0,mizell memorial hospital,702 n main st,empty,empty,opp,al,36467.0,covington,3344933541.0,acute c@@are hospitals,voluntary non-profit - private,no,pneumonia,pn-5c,pneumonia patients given initial antibiotic(s) within 6 hours after arrival,?$?95%,87 patients,al_pn-5c
110,31177.98055051685,mizell memorial hospital,702 n main st,empty,empty,opp,al,123291.24943133268,covington,3344933541.0,acute care hospitals,voluntary non-profit - private,no,pneumonia,pn-6,pneumonia patients given the most appropriate initial antibiotic(s),88%,57 patients,al_pn-6
111,10007.0,mizell memorial hospital,702 n main st,empty,empty,opp,al,36467.0,covington,3344933541.0,acute care hospitals,voluntary non-profit - private,no,pneumonia,pn-7,pneumonia patients assessed and given influenza vaccination,9??0%,63 patients,al_pn-7
112,10007.0,mizell memorial hospital,702 n main st,e%mpty,empty,opp,al,36467.0,cov#ing??ton,3344933541.0,acute care hospitals,voluntary non-profit - private,no,surgical infection prevention,sci??@@p-card-2,surgery patients who were taking heart drugs called beta blockers before coming to the hospital who were kept on the beta blockers during the period just before and after their surgery,91%,11 patients,al_scip-card-2
113,10007.0,mizell memorial hospital,702 n main st,empty,empty,opp,al,36467.0,co@@vington,3344933541.0,acute care hospitals,voluntary non-profit - private,no,surgical infection prevention,scip-inf-1,surgery patients who were given an antibiotic at the right time (within one hour before surgery) to help prevent infection,88%,101 patients,al_scip-inf-1
114,10007.0,mizell memorial hospital,702 n main st,empty,empty,opp,a#l,36467.0,covington,3344933541.0,acute care hospitals,voluntary non-profit - private,??no,??surgical infection prev@@ention,scip-inf-2,surgery patient%s who were gi??ven the  right kind  of antibiotic to help prevent infection,91%,101 patients,al_scip-inf-2
115,10007.0,mizell memorial hospital,702 n main st,empty,empty,opp,al,36467.0,covington,3344933541.0,acute care hospitals,volu??ntary non-profit - pri$vate,no,surgical infection prevention,scip-inf-3,surgery patients whose preventive antibiotics were stopped at the right time (within 24 hours after surgery),93@@%$,100 patients,al_scip-inf-3
116,10007.0,mizell memorial hospital,702 n main st,empty,#empty,opp,al,36467.0,covington,3344933541.0,acute care hospitals,voluntary #non-profit - private,no,surgical infection prevention,scip-inf-4,all heart surgery patients w#hose b@@lood sugar (blood glucose) is kept under good control in the days right after surgery,empty,0 patients,al_scip-inf-4
117,10007.0,mizell memorial hospital,702 n main st,empty,empty$,opp,al,36467.0,covington,3344933541.0,acute care hospitals,voluntary non-profit - private,n%o%,surgical infection prevention,scip-inf-6,surgery patients needing hair removed from the surgical area before surgery who had hair remove%d using a safer method (electric clippers or hair removal cream c not a razor),100%,123 patients,al_scip-inf-6
118,10007.0,mizell memorial hospital,702 n main st,empty,empty,opp,$al$,36467.0,covington,16212990628.60882,acute care hospitals,voluntary non-profit - private,no,surgical infection prevention,scip-vte-1,surgery patients whose doctors ordered treatments to prevent blood clots after certain types of surgeries,87%,77 patients,al_scip-vte-1
119,10007.0,mizell memorial hospital,702 n main st,empty,empty,op@@p,@@al#,36467.0,covington,3344933541.0,acute care hospitals,voluntary non-profit - private,no,surgical infection prevention,scip-vte-2,patients who got treatment  at the right time (within 24 hours before or after their surgery) to help prevent blood clots after certain types of surgery,88%#,76 patients,al_scip-vte-2
120,10008.0,crenshaw community hospital,101 hospital circle,empty,empt@@y,luverne,?$?al,36049.0,crenshaw@??@,3343353374.0,acute care hospitals,government - federal,yes,heart attack,ami-1,heart attack patients given aspirin at arrival,0%,1 patients,al_ami-1
121,47232.24434937835,crenshaw community hospital,101 hosp$ital ??circle,empty,empty,luv@@er#ne,al,36049.0,crenshaw,3343353374.0,acute care hospitals,government - federal,yes,heart attack,ami-2,heart attack patients given aspirin at discharge,100%,1 patients,al_ami-2
122,10008.0,crenshaw community hospital,101 hospit$@@al circle,empty,empty,luverne,al,36049.0,cren%#shaw,3343353374.0,a@@cute care hosp#itals,government - federal,yes,heart attack,ami-3,heart attack patients given ace inhibitor or arb for left ventricular systolic dysfunction (lvsd),empty,0 patients,al_ami-3
123,10008.0,crenshaw community hospital,101 hospital circle,empty,empty,luverne,al,114453.68377606163,crenshaw,3343353374.0,acute care hospitals,government - federal,yes,heart attack,ami-4,heart attack patients given smoking cessation advice/counseling,empty,0 patients,al_ami-4
124,10008.0,crenshaw community hospital,101 hospital circle,empty,empty,luverne,al,36049.0,crenshaw,3343353374.0,acute care hospitals,government - federal,yes,heart attack,ami@@-5,heart attack patients given beta blocker at discharge,0%,1 patients,al_ami-5
125,10008.0,crenshaw community @@hos@@pital,101 hospital circle,empty,empty,luverne,al,203045.25593513183,crensh??#aw,3343353374.0,acute care hospitals,government - federal,??yes,he#art attack#,ami-7a,heart attack patients given fibrinolytic medicat%ion within 30 minutes of arrival,e$m@@pty,0 patients,al_ami-7a
126,40888.97132586853,cr@@enshaw community h$ospital,101 hospital circle,empty,empty,#luverne%,al,36049.0,crenshaw,3343353374.0,acute care @@hosp%itals,government - federal,yes,heart attack,@@a#mi-8a,heart attack patients given pci within 90 minutes of arrival,emp??ty,0 #pati%ents,al_ami-8a
127,10008.0,cre@@nshaw community hospital,101 hospital circle,empty,em??@@pty,luverne,al,36049.0,crenshaw,3343353374.0,acute care hospitals,governmen??t - federal,ye??s%,heart failure,hf-1,heart failure patients given discharge instructions,4%,26 patients,al_hf-1
128,10008.0,crenshaw community hospital,101 hospital circle,em@@p@@ty,empty,luverne,al,136097.08763395224,crenshaw,3343353374.0,acute care hospitals,government - federal,yes,heart failure,hf-2,heart fai#lure patients given an evaluation of left ventricular systolic (l%vs) function,7@@2%,39 patients,al_hf-2
129,10008.0,crenshaw community hospital,101 hospital circle,empty,emp?$?ty,lu??@@verne,al,36049.0,crenshaw,3343353374.0,ac@@ute care ho%spitals,g??overnment - federal,yes,hea@@#rt failure,?@@?hf-3,heart failure patients given ace inhibitor or arb for left ventricular systolic dysfunction (lvsd),75%,%8 patients,al_hf-3
130,10008.0,crenshaw com$munity #hospital,101 hospital %circle,empty,empty,lu%verne,al,36049.0,crenshaw,3343353374.0,acute care hospitals,government - federal,yes,heart failure,hf-%#4,heart failure patients given smoking cessation advice/counseling,@%@0%,5 patients,al_hf-4
131,10008.0,crenshaw community hospital,101 hosp%ital circle,@@empty,empty,luverne,al,128712.0208172916,crenshaw,3343353374.0,acute care hospitals,government - federal,@%@yes,pneumonia,pn-2,pneumonia patients assessed and given pneumococcal vaccination,??25%,16 patients,al_pn-@@2
132,10008.0,crenshaw community hospital,101 hospital circle,empty,empty,luverne,al,36049.0,crenshaw,3343353374.0,acute care hospitals,government - federal,yes,pneumonia,pn-3b,pneumonia patients whose initial emergency room blood culture was performed prior to the administration of the first hospital dose of antibiotics,93%,15 patients,al_pn-3b
133,10008.0,crenshaw community hospital,101 hospital circle,empty,empty,luverne,a??l,36049.0,crenshaw,3343353374.0,acute care hospitals,government - federal,yes,pneumonia,pn-4,pneumonia patients given smoking cessation advice/counseling,33%,9 patients,al_pn-4
134,10008.0,crenshaw community hospital,101 hospital circle,empty,empty,luverne,al,36049.0,crenshaw,3343353374.0,acute care hospitals,government - federal,yes,pneumonia,pn-5c,pneumonia patients given initial antibiotic(s) within 6 hours after arrival,95%,21 patients,al_pn-5c
135,10008.0,crenshaw community hospital,101 hospital circle,empty,%empt$y,luverne,al,36049.0,crenshaw,3343353374.0,acute care hospitals,g$overnment #- federal,yes,pneumonia,pn-6,pneumonia patients given the most appropriate initial antibiotic(s),62%,21 patients,al_pn-6
136,10008.0,crenshaw community hospital,101 hospital circle,empty,empty,luverne,al,36049.0,crenshaw,3343353374.0,acute care hospitals$,government - federal,yes,pneumonia,pn-7,pneumonia patients assessed and given influenza vaccination,47%,15 patients,al_pn-7
137,10008.0,crenshaw community hospital,#101 hospital$ circle,empty,empty,luverne,al,36049.0,crenshaw,3343353374.0,acute care hospitals,government - fe$deral,yes,surgical infection prevention,@@scip-card-2%,surgery patients who were taking heart drugs called beta blockers before coming to the hospital who were kept on the beta blockers during the period just before and after their surgery,100%,1 patients,al_scip-card-2
138,10008.0,crenshaw community hospital,101@@ hospital circle,empty,@@empty,luverne,al,36049.0,crenshaw,3343353374.0,acute care hospitals,government - federal,yes,surgical infection prev%ention%,scip-inf-1,surgery patients who were given an antibiotic at the right time (within one hour before surgery) to help prevent infection,100%,2 patients,al_scip$-inf-1
139,10008.0,crenshaw commun@@ity hospital,101 hospital circle,empt@@y,empty,luverne,al,36049.0,cren@@shaw,3343353374.0,acute care hospitals,government - federal,yes,surgical infection prevention,scip-inf-2,surgery patients who were given the  right kind  of antibiotic to help prevent infection,100%@@,2 patients,al_sc@@ip-inf-2
140,10008.0,crenshaw community hospital,101 hospital circle,empty,empty,luverne,al,36049.0,crenshaw,3343353374.0,acute care hospitals,government - federal,y#es,surgical infection prevention,scip-inf-3,surgery patients whose preventive antibiotics were stopped at the right time (within 24 hours after surgery),100%,2 patients,al_scip-inf-3
141,10008.0,crenshaw community hospital,101 hospital circle,empty,empt$%y,luverne,al,210596.1378586314,crenshaw,3343353374.0,acute care hospitals,government - federal,yes,surgical infection prevention,scip-inf-4,all heart surgery patients whose blood sugar (blood glucose) is kept under good control in the days right after surgery,empty,0 patients,al_scip-inf-4
142,10008.0,crenshaw community hospital,101 hospital circle,empty,empty,luverne,al,36049.0,crenshaw,3343353374.0,acute c@@are hospi??tals,government - federal,yes,surgical infection prevention,scip-inf-6,surgery patients needing hair removed from the surgical area before surgery who had hair removed using a safer method (electric clippers or hair removal cream c not a razor),100%,4 patients,al_scip-inf-6
143,10008.0,crenshaw community hospital,101 hospital circle,empty,empty,luverne,al,209792.20907139676,crenshaw,3343353374.0,acute care hospitals,government - federal,yes,surgical infection prevention,scip-vte-1,surgery patients whose doctors ordered treatments to prevent blood clots after certain types of surgeries,100%,4 patients,al_scip-vte-1
144,10008.0,crenshaw community hospital,101 hospital circle,empty,empty,luverne,al,187263.9252951125,crenshaw,3343353374.0,acute care hospitals,government$ - federal,yes,surgical infection prevention,scip-vte-2,patients who got treatment  at the right time (within 24 hours before or after their surgery) to help prevent blood clots after certain types of surgery,100%,4 patients,al_scip-vte-2
145,10009.0,hartselle m$edical center,201 pine street northwest,empty,empty,hartselle,al,182780.47501489928,morgan,2567736511.0,acute care hospitals,proprietary,$yes,heart attack,ami-1,heart attack patients given aspirin at arrival,100%,@@6 pa??tients,al_ami-1
146,10009.0,hartselle me??dical center,201 pine street northwest,empty,empty,hartselle,al,174043.5930093996,morgan,2567736511.0,acute care hospitals,proprietary,yes,heart attack,ami-2,heart attack patients given aspirin at discharge,1%00%$,1 patie??nts,al_ami-2
147,10009.0,hartselle medical center,201 pine street northwest,empty,empty,harts??e#lle,al,35640.0,morgan,11634076207.325417,acute care hospitals,proprietary,yes,heart attack,??#ami-3,heart attack patients #given ace inhibitor or arb for left ventricular systolic dysfunction (lvsd),100%,1 patients,al_am@@i$-3
148,10009.0,hartselle medical center,201 pine street northwest,empty,empty,hartselle,%al,35640.0,morgan,2567736511.0,acute care hospitals,proprietary,yes,heart attack,ami-4,heart attack patients given smoking cessation advice/counseling,100%,2 patients,al_ami-4
149,10009.0,hartselle medical center,201 pine street northwest,empty,empty,hartselle,al??,35640.0,morgan,2567736511.0,acute care hospitals,proprietary,yes,heart attack,ami-5,heart attack patients given beta blocker at discharge,100%,3 %patients??,al_ami-5
150,10009.0,hartselle medical center,201 pine street northwest,empty$,empty,hartselle,al,133719.7759834612,morgan,15031680822.668285,acute care hospitals,proprietary,yes,heart attack,ami-7a,heart attack patients given fibrinolytic medication within 30 minut$es of arrival,empty,0 patients,al_ami-7a
151,10009.0,hartselle medical center,201 pine street northwest,empty,empty,hartselle,al,35640.0,morgan,2567736511.0,acute care hospitals,pro%prieta%ry,yes,heart attack,a??m??i-8a,heart attack patients given pci within 90 minutes of arrival,emp????ty,0 patients,al_ami-8a
152,10009.0,har%tselle medical ??center,201 pine street northwest,empty,empty,hartselle,al,35640.0,morgan,2567736511.0,acute care hospitals,proprietary,#y$es,heart failure,hf-1,heart failure patients given discharge instructions,97%,35 patients,al_hf-1
153,10009.0,hartselle medical center,201 pine street northwest,empty,empty,hartselle,al,35640.0,morgan,2567736511.0,acute care hospitals,proprietary,??yes??,heart failure,hf-2,heart failure patients given an evaluation of left ventricular systolic (lvs) function,98%,42 patients,al_hf-2
154,10009.0,hartselle medical center,201 pine street northwest,empty,empty,hartselle,al,35640.0,morgan,2567736511.0,acute care h$ospitals,proprietary,yes,heart failure,hf-3,heart failure patients given ace inhibitor or arb for left ventricular systolic dysfunction (lvsd),100$%@@,10 patients,al_h%f-$3
155,10009.0,hartselle med%ical c#enter,201 pine street northwest,empty,empty,hartselle,al,35640.0,morgan,2567736511.0,acute care hospitals,proprietary,yes,heart f$ail%ure,hf-4,heart failure patients given smoking cessation advice/counseling,100%,12 patients,al_hf-4
156,10009.0,hartsel??le medical center,201 pine street northwest,empty,empty,hartselle,al,35640.0,morgan,9363241391.231855,acute care hospitals,proprietary,yes,pneumonia,pn-2,pneumonia %patients assessed and given pneumococcal vaccination,98%,44 patients,al_pn-2
157,10009.0,hartselle medical center,201 pine street northwest,empty,empty,hartselle,%??al,35640.0,morgan,2567736511.0,acute care hospitals,proprietar$y,yes,pneumonia,pn-3b,pneumonia patients whose initial emergency room blood culture was performed prior to the administration of the first hospital dose of antibiotics,#100%,30 patients,al_pn-3b
158,10009.0,hartselle medical center,??201 %pine street northwest,empty,empty,hartselle,al,35640.0,morgan,2567736511.0,acute care hospitals,pro#prietary,yes,pneumonia,pn-4,pneumonia patients given smoking cessation advice/counseling,100%,25 patients,al_pn-4
159,10009.0,hartselle medical center,201 pine street northwest,empty,e@@mpty,hartselle,al,35640.0,@@morgan,2567736511.0,acute care hospitals,proprietary,yes,pneumonia,pn-5c,pneumonia patients given initial antibiotic(s) within 6 hours after arrival,98%,51 patients,al_pn-5c
160,10009.0,hartselle medical center,201 pine street northwest,empty,empty,hartselle,@@al,193023.73558159373,morgan,2567736511.0,acute care ho%spitals??,proprietary,yes,pneumonia,pn-6,pneumonia patients given the most appropriate initial antibiotic(s),100%,45 pa$tient@@s,al_pn-6
161,10009.0,hartselle medical center,201 pine street northwest,empty,empty,hartselle,al,35640.0,morgan,2567736511.0,acute care hospitals,proprietary@@%,yes,pneumonia,pn-7,pneumonia patients assessed and given influenza vaccination,97%,30 patients,al_pn-7
162,10009.0,hartselle medical center,201 pine street northwest,empty,empty,hartselle,al,35640.0,mor@$@gan,2567736511.0,acute care hospitals,proprietary,yes,surgical infection prevention,scip-car#d-2,surgery patients who were taking heart drugs called beta blockers before coming to the hospital who were kept on the beta blockers during the period just before and after their surgery,67%,3 patients,al_scip-card-2
163,10009.0,hartselle medical center,201 pine street northwest,empty,empty,hartselle,al,35640.0,morgan,7826193817.46723,acute care hospitals,proprietary,yes,surgical infection prevention,scip-inf-1,surgery patients who were given an antibiotic at the right time (within one hour before surgery) to help prevent infection,100%,6 patients,al_scip-inf-1
164,10009.0,hartselle medical center,201 pine street northwest,empty,empty,hartselle,al,116468.80749479673,morgan,2567736511.0,acute care hospitals,proprietary,yes,surgical infection prevention,scip-inf-2,surgery patients who were$ given the  right kind  of antibiotic to help prevent infection,57%,7 patients,al_scip-inf-2
165,10009.0,hartselle medical center,201 pine street northwest,empty,empty,hartselle,al,35640.0,morgan,2567736511.0,acute care hospitals,proprietary,yes,surg@@ical infection preventio??n,scip-inf-3,surgery patients whose preventive antibiotics were stopped at the right time (within 24 hours after surgery),8??0%%,5 patients,al_scip-inf-3
166,30334.407578399478,hartselle medical center,201 pine street northwest,empty,empty,hartselle,al,35640.0,morgan,2567736511.0,acute care h??@@ospitals,proprietary,yes,surgical infection prevention,scip-inf-4,all heart surgery patients whose blood sugar (blood glucose) is kept under good control in the days right after surgery,empty,0 patients,@@al_scip-i#nf-4
167,51281.983726062535,hartselle medical% center,201 pine street northwest,empty,em#pty,hartselle,al,35640.0,morgan,8555983150.033007,acute care hospitals,proprietary,yes,surgical infection prevention,scip-inf@@-@@6,surgery patients needing hair removed from the surgical area before surgery who had hair removed using a safer method (electric clippers or hair removal cream c not a razor),100%,11 patients,al_scip-inf-6
168,10009.0,hartselle medical center,201 pine street northwest,empty%,e$m$pty,hartselle,al,154076.97932696357,morga??n,2567736511.0,acute care hospitals,proprietary,yes,surgical infection prevention,scip-vte-1,surgery pat#ients whose doctors ordered treatments to prevent blood clots after certain types of surgeries,78#%#,9 patients,al_scip-vte-1
169,10009.0,hartselle medical center,201 pine street northwest,e$mpt#y,empty,hartselle,al$,35640.0,morgan,2567736511.0,acute care hospitals,proprietary,yes,surgical infection prevention,sc#ip-vte-2,patients who got treatment  at the right time (within 24 hours before or after their surgery) to help prevent blood clots after certain types of surgery,7$@@8%,9 patients,al_scip-vte-2
170,10010.0,marshall medical center north,8000 alabama highway 69,empty,empty,guntersville#,al,35976.0,marshall,2565718000.0,acute care hospitals,government - hospital district or authority,yes,h$eart attack@@,ami-1,heart attack patients given aspirin at arrival,100%,8 patients,al_ami-1
171,10010.0,marshall medical center north,8000 alabama highway 69,empty,empty,guntersville,al,35976.0,marshall,2565718000.0,acute care hospitals,government - hospital district or authority,yes,heart attack,%ami-2,heart attack patients given aspirin at discharge,100@@%,6 patients,al_ami-2
172,10010.0,marshall medical center north,8000 alabama highway 69,empty,empty,??guntersvil@@le,al,35976.0,marshall,2565718000.0,acute care hospitals,government - hospital district or authority,yes,heart attack,ami-3,heart attack patients given ace inhibitor or arb for left ventricular systolic dysfunction (lvsd),50%,2 patients,al_ami-3
173,10010.0,marshall medical center north,8000 alabama highway 69,empty,empty,gunters#vil??le,al,35976.0,marshall,2565718000.0,acute care hospitals,government - hospital district or authority,yes,heart attack,ami-4,heart attack patients given smoking cessation advice/counseling,100$%%,2 patients,al_ami$-@@4
174,10010.0,marshall medical center north,8000 alabama highway 69,empty,empt$y%,guntersville,al,35976.0,marshall,11720501320.550604,acute care hospitals,government - hospital district or authority,yes,heart attack,ami-5,heart attack patients given beta blocker at discharge,83%,6 p#atient#s,al_ami-5
175,10010.0,marshall medical center north,8000 alabama highway 69,empty,e@@mpty@@,guntersville,al,35976.0,marshall,2565718000.0,acute care hospitals,government - hospital district or authority,$ye%s,heart att@@ack,ami%-7a#,heart attack patients given fibrinolytic medication within 30 minutes of arrival,empty,#0 patients,al_ami-7a
176,30888.058236468278,marshall medical center north,8000 alabama highway 69,empty,empty,guntersville,al,35976.0,marshall,2565718000.0,acute care hospitals,government - hospital district or authority,yes,heart attac%k,ami-8a,heart attack patients given pci within 90 minutes of arrival,empty,0 patients,al_ami-8a
177,10010.0,marshall medical center north,8000 ??alabama h#ighway 69,empty,empty,guntersville,al,35976.0,marshall,2565718000.0,acute care hospitals,government - hospital district or authority,yes,heart failure,hf-1,heart failure patients given discharge instructions,93%,5??5 p$atients,al_hf-1
178,10010.0,marshall medical cente$r north,8000 alabama highway 69,empt@@y,empty,guntersville,al,35976.0,marshall,2565718000.0,acute care hospitals,government - hospit@@al district or authorit??y,yes,heart failure,hf#$-2,heart failure patients given an evaluation of left ventricular systolic (lvs) function,84%,80@@ patient%s,al_hf-2
179,10010.0,marshall medical center north,8000 alabama highway 69,empty,empty,guntersville,al,130471.74289296167,marshall,2565718000.0,acute care #hospitals,government - hospital district or authority,yes,heart failure,hf-3,heart failure patients given ace inhibitor or arb for left ventricular systolic dysfunction (lvsd),78%,27 patients,al_hf-3
180,10010.0,marshall medical center north,8000 alabama highway 69,empty,empty,guntersville,al,124732.3945349051,marshall,8340405569.706293,acute care hospitals,government - hospital district or authority,yes,heart failure,hf-4,heart failure patients given smoking# cessation advice/counseling,100%,$@@10 patients,al_hf-4
181,10010.0,marshall medical ce@@nter #north,8000 alabama highway 69,empty,empty,guntersville,al,123930.81235271682,marsha%ll,2565718000.0,acute care hospitals,government - hospital district or authority,yes,%pneumonia,pn-2,pneumonia patient??s assessed and given pneumococcal vaccination,87%,128 patients,al_pn-2%
182,36787.82405855599,mars%hall medical center north,8000 alabam%a highway 69,empty,e$mpty,gu??ntersville,al,35976.0,marshall,2565718000.0,acute care hospitals,government - hospital di??strict or authority,yes,p????neumonia,p??n??-3b,pneumonia patients whose initial emergency room blood culture was performed prior to the administration of the first hospital dose of antibiotics,94%,115 patients,al_pn-3b
183,10010.0,marshall medical cen@@ter north,8000 alabama highway 69,empty,empty,guntersville,al,35976.0,marshall,2565718000.0,acute care hospitals,government - hospital district or authority,yes,pneumonia,%pn-4,pneumonia patien%ts given smoking cessation advice/counseling,94%,65 patients,al_pn-4
184,10010.0,marshall medical center north,8000 alabama highway 69,empty,empty,guntersville,al,35976.0,marshall,2565718000.0,acute care hospitals,government - hospital district or authority,yes,pneumonia,pn-5c??,pneumonia patients given initial antibiotic(s) within 6 hours after arrival,97%,158 patients,al_pn-5c
185,10010.0,marshall medical center north,8000 alabama highway 69,empty,empty,gu%nter#sville,al,35976.0,marshall,2565718000.0,acute care hospitals,government - hospital district or authority,yes,pneumonia,pn@@-6,pneumonia patients given the most appropriate initial antibiotic(s),93%,133 patients,al_p$n-@@6
186,10010.0,marshall medical center north,8000 alabama highway 69,empty,empty,guntersville,al,35976.0,marshall,2565718000.0,acute care hospitals,government - hospital district or authority,yes,pneumonia,pn-7,p@@neumonia pati%ents assessed and given influenza vaccination,90%,101 patients,al_pn-7
187,10010.0,marshall medical center north,8000 alabama highway 69,empty,empty,guntersville,al,35976.0,marshall,2565718000.0,acut@@e care hospitals,government - hospital district or authority,yes,surgical infection prevention,sc#ip-ca%rd-2,surgery ??patients who were taking heart drugs called beta blockers before coming to #the hospital who were kept on the beta blockers during the period just before and after their surgery,86%,14 patients,al_scip-card-2
188,51086.20473632745,marshall medical center north,8000 alabama highway 69,empty,empty,gun??tersville,al,115541.09533014461,marshall,2565718000.0,acute care hosp@@itals,government - hospital district or authority,yes,surgic??al infection prevention,scip-inf-1,surgery patients who were given an antibiotic at the right time (within one hour before surgery) to help prevent infection,95%,66 patients,al_scip-inf-1
189,10010.0,marshall medical center north,8000 alabama highway 69,empty%,empty,guntersville,al,132186.4942639445,marshall,2565718000.0,acute care hospitals,government - hospital district or authority,yes,surgical infection prevention,scip-inf-2,surgery patients who were given the  right kind  of antibiotic to help prevent infection,91%,64 patients,al_scip-i??nf-2??
190,10010.0,marshall medical center north,8000 alabama highway 69,empty,empty,guntersville,al,35976.0,marshall,2565718000.0,acute care hospitals,government - hospital district or authority,yes,surgical infection prevention,scip-#inf-$3,surgery patients whose preventive antibiotics were stopped at the right time (within 24 hours after surgery),100%,63 patie@@nts,al_scip-inf-3
191,10010.0,marshall medical center north,8000 alabama highway 69,em$$pty,empty,guntersville,al,172851.00409940243,marshall,2565718000.0,acute care hospitals,government - hospital district or authority,yes,surgical infection prevention,scip-inf-4,all heart surgery patients whose blood sugar (blood glucose) is kept under good control in the days right after surgery,em@@pt%y,0 patients,al_scip-inf-4
192,10010.0,marshall medical center north,8000 alabama highway 69,empty,empt#$y,guntersville,al,35976.0,marshall,2565718000.0,acute care hospitals,government - hospital district or authority,yes,surgical infection prevention,sc$i@@p-inf-6,surgery patients needing hair removed from the surgical area before surgery who had hair removed using a safer method (electric clippers or hair removal cream c not a razor),100%,155 patients,al_scip-inf-6
193,10010.0,marshall medical center north,8000 alabama highway 69,empty,empty??,guntersville,al%,35976.0,marshall,2565718000.0,acute care hospitals,government - hospital district or authority,yes,surgical infection prevention,scip-vte-1,surgery patients whose doctors ordered treatments to prevent blood clots after certain types of surgeries,86%,56 patients,al_scip-vte-1
194,43527.60979313099,marshall medi$#cal center north,8000 alabama highway 69,empty,empty,guntersville,al,35976.0,marshall,12486506861.287863,acute care hospitals,government - hospital district or authority,yes,surgical infection prevention,sci%p-$vte-2,patients who got treatment  at the right time (within 24 hours before or after their surgery) to help prevent blood clots after certain types of surgery,84??%,56 patients,al_scip-vte-2
195,48179.0948260819,st vincents east,50 medical park east drive,empty,empty,birmingham,al,35235.0,jefferson,2058383122.0,acute care hospitals,voluntary non-profit - private,yes,heart attack,ami-1,heart attack patients gi$ven aspirin at arrival,99%,240 patients,al_ami-1@@
196,10011.0,st vincents east,50 medical park east drive,empty,empty,birmingham,al,115414.48258756942,jefferson,2058383122.0,acute care hospitals,voluntary non-profit - private,yes,heart attack,ami-2,heart attack patients given aspirin at discharge,96%,295 patients,al_ami-2
197,10011.0,st vincents east,50 medical park east drive,empty,empty,birmingham,al,35235.0,jefferson,11442541989.74242,ac@@ute care h@@ospitals,voluntary non-profit - private,$yes@@,heart attack,ami-3,heart attack patients given ace %inhibitor or arb for left vent$ricular systolic dysfunction (lvsd),91%,70 patients,al_ami-3
198,10011.0,s$t vincents east,50 medical park east drive,empty,empty,birmingham,al??,149533.0100335039,jefferson,2058383122.0,acute care hospitals#,voluntary non-profit - private,yes,heart attack,ami??%-4,heart attack patients given smoking cessation advice/counseling,100%,131 patients,al_ami-4@@
199,10011.0,st vincents east,50 medical %park ea@@st drive,empty,empty,birmingham,al,153187.7057207434,jefferson,2058383122.0,acute care hospitals,voluntary non-profit - private,yes,heart attack,ami-5,heart attack patients given beta blocker at discharge,99%,288 patients,al_ami-5
200,10011.0,st vincents east,50 medical park east drive,empty,empty,birmingham,al,35235.0,jefferso%n%,2058383122.0,acute care hospitals,voluntary non-profit - private,yes,%#heart attack,ami-7a,heart attack patients given fibrinolytic medication within 30 minutes of arrival,empty,0 patients,al_ami-7a
201,10011.0,st vincents east,50 medical park east drive,empty,empty,birmingham,al,35235.0,jefferson,2058383122.0,acute care hospitals,voluntary non-profit - private,ye@@s,heart attack,ami#-8a,heart attack patients given pci within 90 minutes of arrival,85%,48 patients,al_ami-8a
202,10011.0,st vincents east,5$0 medical park eas$t drive,empty,empty,birmingham,a%l%,187003.2597361549,jefferson,2058383122.0,acute care?? hospitals,voluntary non-profit - private,yes,heart failure,hf-1,heart failure patients given discharge instructions,94%,316 patients,al@@_hf-1
203,10011.0,st vincents east,50 medical park east drive,emp$ty,empty,birmingham,al,35235.0,jefferson,10370043063.501299,acute care hospitals,voluntary non-profit - private,y%es,heart failure,hf-2,heart failure patients given an evaluation of left ventricular systolic (lvs) function,9$8%,372 patients,al_hf-2
204,10011.0,st vincents east,50 medical park east drive,empty,empty,birmingham,al,35235.0,jefferson,2058383122.0,acute care hospitals,voluntary non-profit - private,yes,??heart fai#lure,hf-3,heart failure patients given ace inhibitor or arb for left ventricular systolic dysfunction (lvsd),98%,130 patients,al_hf-3
205,10011.0,st vincents east,50 medical park e@@ast d$rive,empty,empty,birmingham,al$,182293.7647043703,jefferson,2058383122.0,acute care hospitals,volun#tary non-pr??ofit - private,ye??s,heart failure,hf-4,heart failure patients given smoking cessation advice/counseling,100%#@@,69 patients,al_hf??-4
206,10011.0,st vincents east,50 medical park east drive,empty,empty,birmingham,al,35235.0,jefferson,2058383122.0,acute care hospitals,voluntary non-profit - private,yes,pneumonia,pn-2,pneumonia patients assessed and given pneumoco@@ccal vaccination,87??%,125 patients,al_pn-2
207,41481.387409204755,st vincents east,50 medical park east drive,empty,empty,birmingham,al,35235.0,je#fferson$,2058383122.0,acute care hospitals,volunta%ry non-profi@@t - private,yes,pneumonia,pn-3b,pneumonia patients whose initial emergency room blood culture was performed prior to the administration of the first hospital dose of antibiotics,96%,131 patients,al_pn-3b
208,10011.0,st vincents east,50 medical park east drive,empty,empty,#birmingham,al,35235.0,jefferson,2058383122.0,acute care hospitals,volun@@tary non-profit -?? private,yes,pneumonia,pn-4,pneumonia patients given smoking cessation advice/counseling,100%,69 pati@@ents,al_pn-4
209,38868.5173509966,st vincents east,50 medical park east d%rive,empty,#empty,birmingham,al,35235.0,jeffers@@on@@,2058383122.0,acute care hospitals,voluntary non-pr%ofit - privat??e,y%es#,pneumo%nia,pn-5c,pneumonia patients given initial antibiotic(s) within 6 hours after arrival,95%,135 @%@patients,al_pn-5c
210,10011.0,st vincents east,50 medical park east drive,empty,empty,birmingham,al,35235.0,jefferson,2058383122.0,acute care hospitals,voluntary non-profit - private,yes,pneumonia,pn-6,pneumonia patients given the most appropriate initial antibiotic(s),91%,112 patients,al_pn-6
211,10011.0,st vincents east,50 medical park east drive,empty,empty,birmingham,al,35235.0,jefferson,2058383122.0,acute care hospitals,voluntary non-profit - private,yes,pneumonia,pn-7,pneumonia patients a$ss%essed and given influenza vaccination,85%,89 patients,al_pn-7
212,10011.0,st vincents east,50 #med@@ical park east drive,empty,empty,birmingham,a%l,151741.63305635354,jefferson,2058383122.0,acute care hospitals,voluntary non-profit - private,yes,s%urgical% infection prevention,scip-card-2,surgery patients who were taking heart drugs called beta blockers before coming to the hospital who were kept on the beta blockers during the period just before and after their surgery,83%,125 patients,al_scip-card-2
213,10011.0,st vin??cents east,50 medical park east drive,empty,empty??,birmingham,a@@l,35235.0,jefferson,6680051238.466154,acute care hospitals,voluntary non-profit - private,yes,surgical infection prevention,scip-inf-1,surgery patients who were given an antibiotic at the right time (within one hour before surgery) to help prevent infection,97%,461 patients,al_scip-inf-1
214,59300.03202012458,st vincents east,50 medical park east drive,empty,empty,birmingham,@@%al,35235.0,jefferson,2058383122.0,acute care hospitals,voluntary non-profit - private,yes,surgical infection prevention,scip-inf-2,surgery patients who were given the  right kind  of antibiotic to help prevent infection,98%,473 patients,al_scip-inf-2
215,10011.0,st vincents east,50 medical park east drive,empty,empty,birm#in??gham,al,35235.0,jefferson,2058383122.0,acute$ care hospitals,voluntary non-profit - private,yes,surgical infection prevention,scip-inf-3,surgery patients whose preventive antibiotics were stopped at the right time (within 24 hours after surgery),%@@81%,442 patients,al_scip#@@-inf-3
216,10011.0,st vincent@@s east,50 medical park east drive,empty,empty,birmingham,al,183825.28624897377,jefferson,2058383122.0,acute care hospitals,voluntary non-profit - private,yes,surgical infection prevention,scip-inf-4,all heart surgery patients whose blood sugar (blood glucose) is kept under good control in the days right after surgery,60%,127 patients,al_scip-inf-4
217,10011.0,st vincents east,50 medical park east drive,emp#ty,empty,b%irmingham#,al,35235.0,jefferson,2058383122.0,acute care hospitals,voluntary non-profit - private,yes,surgical infection prevention,scip-inf-6,surgery patients needing hair removed from the surgical area before surgery who had hair removed using a safer method (electric clippers or hair removal cream c not a razor),100%,601 patients,al_scip-inf-6
218,10011.0,s$t vi$ncents east,50 medical park east drive,empty,empty,birmingham,al,35235.0,jeffe#rso%n,2058383122.0,acute care hospitals,voluntary non-profit - private,yes,surgical infection prevention,scip$-$vte-1,surgery patients whose doctors ordered treatments to prevent blood clots after certain types of surgeries,89%,229 patients,al_scip-vte-1
219,10011.0,st vincents east,50 medical park east drive,empty,empty,birmingham,al,35235.0,jefferson,2058383122.0,acute care hospitals,voluntary non-profit - private,yes,su#rgical infection prevention,scip-vte-@@#2,patients who got treatment  at the right time (within 24 hours before or after their surgery) to help prevent blood clots after certain types of surgery,83%,224 patients,al_s#ci#p-vte-2
220,10012.0,d??ekalb region%al medical center,200 med center drive,empty,empty,fort payne,al,35968.0,de kalb,2568453150.0,acute care hospitals,voluntary non-profit - church,yes,heart attack,ami-1,heart attack patients given aspirin at arrival,100%,46 patients,al_ami-1
221,10012.0,dekalb regional medical center,200 med center drive,empty,empty,fort payne,$$al,35968.0,de kalb,10869996748.902132,acute care hospitals,voluntary non-profit - church,yes,heart attack,ami-2,heart attack patients given aspirin at discharge,95%,39 patients,al_ami-2
222,10012.0,dekalb regional medical center,200 med center drive,empty,empty,fort payne,al,35968.0,%de% kalb,2568453150.0,acute care hospitals,#volunta#ry non-profit - church,yes,heart attack,ami%-3,heart attack patients given ace inhibitor or arb for left ventricular systolic dysfunction (lvsd),91%,11 patients,al_ami-3
223,10012.0,dekalb regio%nal medical center,200 med center drive,empty,empty,fort payne,al,212463.05877374762,de kalb,2568453150.0,acute care hospitals,voluntary non-profit - church,yes,heart attack,ami-4,heart attack patients given smoking cessation advice/counseling,100%,14 patients,al_ami-4?#?
224,10012.0,dekalb regional medical center,200 m??ed center% drive,empty,empty,fort payne,al,35968.0,de kalb,2568453150.0,acute care hospitals,voluntary non-profit - church,yes,heart attack,ami-5,heart attack patients given beta blocker at discharge,95%,41 patients,al_#am@@i-5
225,10012.0,dekalb regional medical center,200 med center drive,empty,empty,fort payne,al,35968.0,de kalb,2568453150.0,acute care hospitals,voluntary non-profit - church,yes,heart% attack,ami-7a,heart attack patients given fibrinolytic medication within 30 minutes of arrival,100%@@,1 patients,al%_ami-7a
226,10012.0,#dekalb regional medical center#,200 med center drive,empty,empty,fort @@payne,al,35968.0,de kalb,2568453150.0,acute care hospitals,voluntary non-profit - church,yes,heart attack,ami-8a,heart attack patients given pci within 90 minutes of arrival,40%,5 patients,al_ami-8a
227,32343.510667391372,dekalb regional medical center,200 med center drive,empty,empty,fort payne,al,35968.0,de kalb,2568453150.0,acute care hospitals,voluntary non-profit - church,yes,heart failure,hf-??1,heart failure patients given discharge instructions,#89%??,76 patients,al_hf-1
228,10012.0,dekalb regional medical center,200 med center drive,empty,empty,fort payne,al,35968.0,de kal#b,8139890289.847197,acute care hospitals,volun$tary non-profit - church,yes,heart failure,hf-2,heart failure patients given an evaluation of left ventricular systolic (lvs) function,100%,94 patients,al_hf-2
229,10012.0,dekalb regional medical center,20$0?? med center drive,empty,empty,fort payne,al,35968.0,de ka$lb,8240359318.693381,acute care hospitals,voluntary non-profit - church,yes,heart failure,hf-3,heart failure patients given ace inhibitor or arb for left ventricular systolic dysfunction (lvsd),94%,%36 patients,al_hf-3
230,10012.0,dekalb regional medical center,200 med center drive,empty,empty,fort payne,al,35968.0,de kalb,2568453150.0,acute care hospitals,voluntary non-profit ??- church,??yes,heart failure,hf-4,heart failure patients given smoking cessation advice/counseling,100%,15 patients,al_hf-4
231,10012.0,dekalb regional medical center,200 med center drive,empty,empty,fort payne,$@@al,35968.0,de kalb,2568453150.0,acute care hospitals,voluntary non-pro@@fit - church,yes,pneumonia,pn-2,pneumonia patients assessed and given pneumococcal vaccination,97%,69 patients,al_pn-2
232,10012.0,dekalb regional medical center,200 med center drive,empty,empty,$for@@t payne,al,35968.0,de kalb,10173211348.3729,acute care hospitals,voluntary$ non-profit - church,yes,pneumonia,pn-3b,pneumonia patients whose initial emergency room blood culture was performed prior to the administration of the first hospital dose of antibiotics,93%,91 patients,al_pn-3b
233,10012.0,dekalb regional medical center,200 med center drive,empty,empty,fort payn#e,al,35968.0,de kalb,2568453150.0,acute care hospitals,voluntary non-profit - church,yes,pneumonia,pn-4,pneumonia patients given smoking cessation advice/counseling,100%,37 patien#ts,al_pn-4
234,10012.0,dekalb regional medical center,200 med center drive,empty,empty,fort payne,al,35968.0,de k@@alb,2568453150.0,acute care hospitals,voluntary non-profit - church,yes,pneumonia,pn-5c,pneumonia patients given initial antibiotic(s) within 6 hours after arrival,99%,88 patients,al_pn-5c
235,10012.0,dekalb regional medical center,200 med center drive,emp#t%y,empty,for@@t payne,al,35968.0,de kalb,2568453150.0,acute care hospitals,voluntary non-profit - church,yes,pneumonia,pn-6,pneumonia patients given the most appropriate initial antibiotic(s),88%,82 patients,al_pn-6
236,10012.0,dekalb regional medical center,20??0 ??med center drive,empty,empty,fort payne,al,35968.0,de kalb,2568453150.0,acute care hospitals,voluntary non-profit - church,yes,pneumonia,pn-7,pneumonia patients assessed and given influenza vaccination,98%,56 patients,al_pn-7
237,10012.0,dekalb regional medical center,200 med center drive,empty,empty,fort payne,al,35968.0,de kalb,2568453150.0,acute care hospitals,voluntary non-profit - church,ye@@s,surgical infection preventio%n,scip-card-2,surgery patients who were taking heart drugs called beta blockers before coming to the hospital who were kept on the beta blockers during the period just before and after their surgery,100%@@,16 p??atient#s,al_scip-card-2
238,10012.0,dekalb regional medical center,200 med center drive,empty,empty,fort payne,al,144372.79267689548,de kalb,2568453150.0,acute care hospitals,voluntary non-profit - church,y@@es,surgical infection prevention,scip-inf-1,surgery patients who were given an antibiotic at the right time (within one hour before surgery) to help prevent infection,97%,139 patients,al_scip-inf-1
239,10012.0,dekalb regional medical center,200 med center drive,empty,$empty%,fort payne,al,35968.0,de kalb,2568453150.0,acute care hospitals,voluntary non-profit - church,??y??es,surgical infection prevention,scip-inf-2,surgery patients who were given the  right kind  of antibiotic to help prevent infection,#99%,147 p@@at??ients,al_scip-inf-2
240,10012.0,dekalb regional medical center,200 med center drive,empty,empty,fort payne,al,35968.0,de kalb,8386937133.978422,acute care hospitals,voluntary non-profit - church,%%yes,surgical infection prevention,scip-inf-3,surgery patients whose preventive antibiotics were stopped at the right time (within 24 hours after surgery),9??8%,136 patients,al_scip-inf-3
241,10012.0,dekalb regional medical center,200 me#d ce??nter drive,empty,empty,fort payne,al,35968.0,de kalb,15075579378.713688,acute care h$ospitals,voluntary non-profit - church,yes,surgical infection prevention,scip-inf-4,all heart surgery patients whose blood sugar (blood glucose) is kept under good control in the days right after surgery,empty,0 patients,al_scip-inf-4
242,10012.0,dekalb regional medical center,200 med center drive,empty,empty,fort payne,al,35968.0,de kalb,2568453150.0,acute care hospitals,voluntary non-profit - church,yes,surgical infection prevention,scip-inf-6,surgery patients needing hair removed from the surgical area before surgery who had hair removed using a safer method (electric clippers or hair removal cream c not a razor),100#%%,179 patients,al_scip-inf-6
243,10012.0,dekalb regional medical center,200 med center drive,empty,empty,fort payne,al,35968.0,de kalb,8789129785.008339,acute care hospitals,voluntary non-profit - church,yes,surgical infection prevention,scip-vte-1,surgery patients whose doctors ordered treatments to prevent blood clots after certain types of surgeries,97%%,90 patien$ts,al_scip-vte-1
244,10012.0,dekalb regional medical center,2$00 med cent@@er drive,empty,e%mpty$,fort payne,al,212104.6910882869,de kalb,2568453150.0,acute care hospitals,voluntary non-profit - church,yes,surgical infection prevent%ion,scip-vte-2,patients who got treatment  at the right time (within 24 hours before or after their surgery) to help prevent blood clots after certain types of surgery,97%,90 patients,al_scip-vte-2
245,10015.0,southwest?? alabama medi@@cal center,33700 highway 43,empty,empty,thomasville,al,36784.0,clarke,3346366221.0,acute care hospitals,government - federal,yes,heart@@ attack,ami-1,heart attack patients given aspirin at arrival,empty,0 patients,al_ami-1
246,10015.0,s#outhwest ala@@bama medical center,33700 highway 43,empty,empty,thomasville,al,36784.0,clarke,3346366221.0,acute care hospitals,government - federal,yes,heart attack,ami-2,heart attack patients given aspirin at discharge,empty,0 pat#ients,al_ami-2
247,10015.0,southwest alabama medical center,33700 highway 43,empty,empty,thomasville,al,36784.0,clarke,3346366221.0,ac#ute care hospital$s,government - federal,yes,heart attack,ami-3,heart attack patients given ace inhibitor or arb for left ventricular systolic dysfunction (lvsd),empty,0 patients,a$l_ami-3
248,10015.0,southwest alabama medical center,33700 highway 43??,e@@mpty,empty,thomasville,al,36784.0,clarke,3346366221.0,acute care hospitals,government - federal,yes,heart attack,ami-4,heart attack patients given smoking cessation advice/counseling,empty,0 patients,al_ami-4
249,10015.0,southwest alabama medical center,33700 highway 43,empty,emp#@@ty,thomasville,al,36784.0,clarke,3346366221.0,acute c$are hospit%als,government - federal,yes,heart attack,ami%$-5,he@@art attack p%atients given beta blocker at discharge,empty,0 patients,al_ami-5
250,10015.0,sou$thwest alabama medical ce$nter,33700 highway 43,empty,empty,thomasville,al,36784.0,clarke,3346366221.0,$acute care h#ospitals,government - federal,yes,heart attack,ami-7a,heart attack patients given ??fibrinolytic medication within 30 minutes of arrival,empty,0 patients,al_ami-#7a
251,10015.0,southwest alabama medical c@@enter,33700 highway 43,empty,empty,thomasville,al,36784.0,clarke,3346366221.0,acute care hospitals,government - federal,yes??,heart attack,ami-8a,heart attack #pa$tients given pci within 90 minutes of arrival,empty,0 patients,al_ami-8a
252,47497.40323424475,southwest alabama medical center,33700 highway 43,empty,empty%%,thomasville,al,36784.0,clar??k??e,3346366221.0,acute care hospitals,government - federal,ye$@@s,heart failure,hf-1,heart failure patients given discharge instructions,100%,79 patients,al_hf-1
253,10015.0,southwest alabama medical center,33700 highway 43,empt%%y,empty,thom#a??sville,al,36784.0,clark$#e,3346366221.0,acute care hospitals,government - federal,yes#,heart failure,hf-2,heart failure patients given an evaluation of left ventricul??ar sy%stolic (lvs) function,89%,91 ??patients%,al_hf-2
254,10015.0,southwest alabama medical center,337@@00 highway %43,empty,empty,thomasville,al,36784.0,clarke,3346366221.0,acute care hospitals,government - federal,yes,heart failure,hf-3,heart failure patients given ace inhibitor or arb for left ventricular systolic dysfunction (lvsd),88%,25 patients#,al_%hf-3@@
255,10015.0,southwest alabama medical center,33700 highway 43,empty,empty,thomasville,al,36784.0,clarke,3346366221.0,acute care hospitals,government - federal,yes,heart failure,hf-4,heart failure patients given smoking cessation advice/counseling,88%,17 patie#nts,al_hf-4
256,10015.0,southwest alabama m%edical ce??nter,3370$0$ highway 43,empty,empty,thomasville,al,36784.0,cl%ar$ke,3346366221.0,acute care hospitals,government - federal,ye$??s,pneumonia,pn-2,pneumonia patients assessed and given pneumococcal vaccination,92%,25 patients,#al_pn-2%
257,10015.0,southwest alabama medical center,33700 h@@ighway% 43,empty?%?,empty,thomasville,al,36784.0,clarke,3346366221.0,acut??e care hospitals,government - federal,yes,pneumonia,pn-3b,pneumonia patients whose initial emergency room blood culture was performed prior to the administration of the first hospital dose of antibiotics,96%,24 pati%ents,al_pn-%3b
258,10015.0,southwest alabama medical center,33700 highway 43,??empty,empty,thomasville,al,36784.0,clarke,3346366221.0,acute care hospitals,government - federal,yes,pneumonia,pn-4,pneumonia patients given smoking cessation advice/counse%ling,100%,6 patients,al_$pn-4
259,10015.0,southwest alabama medical center,33700 highway 43,empty,empty,thomasv%ille,al,36784.0,clarke,3346366221.0,acute care hospitals,government - federal,ye@@$s,pneumoni??a,pn-5c,pneumonia patients given initial antibiotic(s) within 6 hours after arrival,96%,24 patients,al_pn-5c
260,10015.0,southwest alabama medical center,33700 highway 43,empty,empty,thomasville,al,36784.0,clarke,3346366221.0,acute care hospitals,govern#ment - federal,yes,pneumonia,pn-6,pneumonia patients given the most appropriate initial antibiotic(s),100%,26 patients,al_pn-6
261,10015.0,southwest alabama medical center,33700 highway 43,empty,empty,thomasville,al,36784.0,clarke,3346366221.0,acute care hospitals,government - federal,yes$,pneumonia,pn-7,pneumonia patients assessed and given influenza vaccination,92%,24 patients,al_pn-7
262,10015.0,southwest alabama medical center,33700 highway 43,empty,empty,th??omasville,al,36784.0,clarke,3346366221.0,acute care hospitals,government - federal,yes,surgical infection prevention,scip-card-2,surgery patients who were taking heart drugs called beta blo%ckers before coming to the hospital who were kept on the beta blockers during the period just before and after their surgery,empty,empty,al_scip-card-2
263,10015.0,southwest alabama medical center,33700 highway 43,empty,$empty,t#homasville,al,36784.0,clarke,3346366221.0,acute care hospi#tals,governm@@ent $- federal,yes@@@@,surgical infection prevention,sc#ip-inf-1,surgery patients who were given an antibiotic at the right time (within one hour before surgery) to help prevent infection,86%,14 patients,al_scip-inf-1
264,10015.0,southwest alabama medical center,33700 highway 43,empty,empty,thomasville,al,36784.0,clarke,3346366221.0,acute care hospitals,government - federal,yes,surgical infection prevention,scip-inf-2,surgery patients who were given the  right kind  of antibiotic to help prevent infection,93%,14 patients,al_scip-inf-2
265,10015.0,southwest alabama medical center,33700 highway 43,empty,empty,thomasville,al,36784.0,clarke,3346366221.0,acute care hospitals,government - federal,yes,surgical infection prevention,scip-inf-3,surgery patients whose preventive antibiotics were stopped at the right time (within 24 hours after surgery),86$%,14 patients,al_scip-inf-3
266,10015.0,southwest alabama medical center,33700 highway 43,e$mpty,empty,thomasville,al,174559.8328923706,clarke,3346366221.0,acute care hospitals,government - federal,yes,surgical infection% prevention,scip-inf-4,al%l heart surgery patients whose blood sugar (blood glucose) is kept under good control in the days right after surgery,empty,0 patients,al_scip-$inf-4
267,10015.0,southwest alabama medical ce%nter,33700 highway 43,empt@@y,empty,thomasville,al,151452.09501919022,clarke,3346366221.0,acute care hospitals,gover??nment - federal,yes,surgical infection prevention,scip-inf@@-6,surgery patient??s needing hair removed from the surgical area before surgery who had hair removed using?? a safer method (electric clippers or hair removal cream c not a razor),100%,15 patients,al_scip-inf-6
268,10015.0,southwest alabama medical center,33700 highway $4$3,empty,empty,thomasville,al,154899.4980981927,clarke,3346366221.0,acute care hospitals,government - federal,yes,surgical infection prevention,scip-vte-1,surgery patients whose doctors ordered treatments to prevent blood clots after certain types of surgeries,90%,10 patients,al_scip-vte-1
269,10015.0,southwest alabama medical center,33700 highway 43,empty,empty,thomasville,al,36784.0,clarke,3346366221.0,acute care hospitals,government - federal,yes,surgical infection prevention,scip-vte-2,patients who got treatment  at the right time (within 24 hours before or after their surgery) to help prevent blood clots after certain types of surgery,90%,10 patients,al_scip-vte-2
270,10016.0,shelby baptist medical center,1000 first street north,empty,empty,#alabaster,al,35007.0,shelby,2056208100.0,acute care hospitals,voluntary non-profit - church,yes,%he%art attack,ami-1,heart attack patients given aspirin at arrival,99%,179 patients,al_ami-1
271,10016.0,shelby baptist medical center,1000 first street north,empty,e$mp#ty,alabaster,al,35007.0,shelby,2056208100.0,acute care hospitals,voluntary $non-profit - church,yes,heart at@@tack,ami-2,heart attack patients given aspirin at discharge,97%,208 patients,al_ami-2
272,10016.0,shelby baptist medical center,1000 first street north,empty,empty,a%laba??ster,al,35007.0,shelby,2056208100.0,acute care hospitals,voluntary non-profit - church,yes,heart attack,ami-3,heart attack patients given ace inhibitor or arb for left ventricular systolic dysfunction (lvsd),100%,30 patients,al_ami-3
273,10016.0,shelby baptist medical center,1000 first street north,#empty,empty,alabaster,al,35007.0,shelby,2056208100.0,acute care hospitals,voluntary non-profit - church,yes,heart attack,ami-4,heart attack patients given smoking cessation advice/counseling,100%,98 patients,al_ami-4
274,10016.0,shelby baptist medical center,10@@00 first #street north,empty,empty#,alabaster,al,35007.0,shelby,2056208100.0,acute care hospitals,voluntary non-profit - church,yes,heart attack,ami-5,heart attack patients given beta blocker at discharge,#97%??,169 patients,al_ami-5
275,10016.0,shelby baptist medical center,1000 first street north,empty,empty,alabast#er,al,35007.0,shelby,8534939498.114762,acute care hospitals,voluntary non-profit - church,y@@es,heart attack,ami-7a,heart attack patients given fibrinolytic medication within 30 minutes of arrival,empty,0 patients,al_ami-7a
276,56509.810838553574,shelby baptist medical center,1000 fi#rst str$eet north,empty,em??pty,alabaster,al,35007.0,shelby,2056208100.0,acute care hospitals,voluntary non-profit - church,yes,heart attack,ami-8a,heart attack patients given pci within 90 minutes of arrival,83%,%36 patients,al_ami-8a
277,10016.0,shelby baptist medical center,1000 first street north,em#p#ty,empty,alabaster,al,180993.70007868813,shelby,2056208100.0,a@@cute care hospital??s,voluntary non-profit - church,yes,heart failure,hf-1,heart failure patients given discharge instru#cti??ons,86%,210 patients,al_hf-%??1
278,10016.0,shelby baptist medical center,1000 first street north,empty,empty,alabaster,al,35007.0,s??hel@@by,7201890171.252704,acute care hospitals,voluntary non-profit - church,yes,heart failure,hf-2,heart failure patients given an evaluation of left ventricular systolic (lvs) function,100%,246 patients,al_hf-2
279,10016.0,shelby baptist medical center,1000 first street north,empty,empty,al@@abaster,al@@@@,35007.0,shelby,2056208100.0,acute care hospitals,voluntary non-profit - church,yes,heart failure,hf-3,heart failure patients given ace inhibitor or arb for left ventricular systolic dysfunction (lvsd),97%,71 patients,al_hf-3
280,10016.0,shelby baptist medical center,1000 first street north,empty,empty,alabaster,al,188521.93551163905,shelby,8703569790.5315,acute care hospitals,voluntary non-profit - church,yes,heart failure,hf-4,heart failure patients given smoking cessation advice/counseling,100%,48 patients,al_hf-4
281,10016.0,shelby baptist medical center,1000 first street north,empty,empty,alabaster,al,35007.0,$shel#by,6764697147.125384,acute care hospitals,voluntary non-profit - church,yes,pneumonia,pn-2,pneumonia patients assessed and given pneumococcal vaccination,97%,235 patients,al_pn-2
282,34682.71804707913,shelby baptist medical center,1000 fir%st?? street north,empty,empty,alabaster,al,35007.0,shelby,2056208100.0,acute care hospitals,voluntary non-profit - church,yes,pneumonia,pn-3b,pneumonia patients whose initial emergency room blood culture was performed prior to the administration of the first hospital dose of antibiotics,100%,110 patients,al_pn-3b
283,10016.0,shelby baptist medical center,1000 first street north,empty,empty,$alabaster#,al,35007.0,shelby,2056208100.0,acute %care hospital@@s,volun$tary $non-profit - church,yes,pneumonia,pn-4,pneumonia patients given smoking cessation advice/counseling,100%,131 patie#$nts,al??_pn-%4
284,10016.0,shelby baptist@@ medica%l center,1000 first street north#,empty,empty,alabaster,al,35007.0,shelby,2056208100.0,acute care hospitals,voluntary non-profit - church,yes,pneumonia,pn-5c,pneumonia patients given initial antibiotic(s) within 6 hours after arrival,96%,239 patients,al_pn-5c
285,10016.0,shelby baptist medical center,1000 first street north,empty,empty,a$labaster,al,161204.8809410043,shelby,2056208100.0,acute care hospitals,voluntary #non-profit - church,yes@@,pneumonia,pn-6,pneumonia patients given the most appropriate initial antibiotic(s),93%,116 patients,al_pn-6
286,10016.0,shelby baptist medical center,1000 first street north,empty,empty,alabaster,al,35007.0,shelby,2056208100.0,acute care hos$pitals,voluntary non-profit - church,yes,pneumonia,pn-7,pneumonia patients asse$ssed and given influenza vaccination,92%,199 patients,al_pn-7
287,36457.42789155816,shelby baptist medical center,1000 first street north,empty,e??mp#ty,alabaster,al,35007.0,shelb##y,2056208100.0,acute care hospitals,voluntary non-profit - church,yes,surgical infection prevention,scip-card-2,surgery patients who were taking heart drugs called beta blockers before coming to the hospital who were kept on the beta blockers during the period just before and after their surgery,89%,96 patients,al_scip-card-2
288,10016.0,shelby baptist medical center,1000 first street north,empty,empty,alaba#ster,al@@#,35007.0,shelby,2056208100.0,acute care hospitals,voluntary non-profit - church,yes,surgical infection prevention,scip-inf-1,surgery patients who were given an antibiotic at the right time (within one hour before surgery) to help prevent infection,98%,368 patients,al_scip-inf-1
289,40306.31136937491,shelby baptist medical center,1000 first s#treet north,empty,empty,alabaster,al,35007.0,shelby,2056208100.0,acute care hospitals,voluntary non-profit - church,yes,surgical infection prevention,scip-inf-2,surgery patients who were given the  right kind  of antibiotic to help prevent infection,99%#,370 patients,al_scip-inf-2
290,42432.10767340369,shelby baptist medical center,1000 first street north,empty,empty,alabaster,al,35007.0,shelby,7377928896.692639,acute care hospitals,voluntary non-profit - church,yes,surgical infection prevention,scip-inf-3,surgery patients whose preventive antibiotics were stopped at the right time (within 24 hours after surgery),91%,331 patients,al_scip-inf-3
291,10016.0,shelby baptist medical center,1000 first street north,empty,empty,alabaster,al,149223.54404984874,shelby,2056208100.0,acute care hospitals,voluntary non-profit - church,yes,surgical infection prevention??,scip-inf-4,all heart surgery patients whose blood sugar (blood glucose) is kept under good control in the days right after surgery,93%,116 patients,al_scip-inf-4
292,10016.0,shelby baptist medical center,1000 $first street n??orth,empty,empty,alabaster,al,35007.0,shelby,2056208100.0,acute care hospitals,voluntary non-profit - church,yes,surgical infection prevention,scip-inf-6,surgery patient??s needing hair r#emoved from the surgical area before surgery who had hair removed using a safer method (electric clippers or hair removal cream c not a razor),100%,58??%8 patients,al_scip-inf-6
293,10016.0,shelby $baptist medical center,1000 first street north,empty,empty,a%??labaster,al,35007.0,shelby,9851695543.00819,acute care hospitals,voluntary non-profit - church,yes,surgical infection prevention,scip-vte-1,surgery patients whose doctors ordered treatments to prevent blood clots after certain types of surgeries,97%,226 patients,al_scip-vte-1
294,10016.0,shelby baptist medical center,1000 first street north,empty,empty,alabaster,al,35007.0,shelby,2056208100.0,$acute ??care hospitals,voluntary non-profit - church,yes,surgical infection prevention,scip-vte-2,patients who got treatment  at the right time (within 24 hours before or after their surgery) to help prevent blood clots after certain types of surgery,94#%,225 patients,al_scip-vte-2
295,53256.129500568684,callahan eye foundation hospital,1720 university blvd,empty,empty,birmingham,al,149304.480577302,jefferson,2053258100.0,acute care hospitals,voluntary non-profit - private,yes,heart attack,ami-1,heart attack patients given aspirin at arrival,empty,empty,al_ami-1
296,10018.0,callaha??n e??ye foundation hospital,1720 university blvd,empty,empty,b$irmin??gham,a$#l,35233.0,jeff#erson,7491447268.161554,acute care hospitals,voluntary non-profit - private,yes,heart attack,ami-2,heart attack@@ patients given aspirin at discharge,em#pt#y,empty,al_ami-2
297,48967.728971056524,callahan eye found%ation hospital,1720 university blvd,empty,empty,bi#rmingh$am,al,139418.39611468368,jefferson,2053258100.0,acute care hospitals,voluntary non-profit - private,yes,heart attack,ami-3,heart attack patients given ace inhibitor or arb for left vent@@ricu%lar systolic dysfunction (lvsd),empty,empty,al_ami-3
298,10018.0,callahan@@ eye foundation hospital,1720 university blvd,empty,empty,birmingham,al,35233.0,jefferson,10838809165.891653,acute care hospitals,v#oluntary non-profit - pr??ivate,yes,heart attack,ami-4,heart attack patients given smok#ing cessation advice/counseling,empty,empty,al_ami-4
299,10018.0,callahan eye foundation hospital,1720 university blvd,empty,empty,birmingham,al,210457.85126987819,jefferson,2053258100.0,acute care hospitals,voluntary non-profit - private,yes,heart attack,ami-5,heart attack patients given beta blocker at discharge,empty,empty,al_ami-5
300,10018.0,callahan eye foundation hospital,1720 university blvd,??empty,empty$#,birmingham,al,35233.0,@@jefferson,10229238041.156033,acute care hosp%itals,voluntary non-profit - private,%ye$s,heart attack,ami-7a,heart attack patients given fibrinolytic medication within 30 m$inutes of arr@@ival,empty,empty,al_ami-7a
301,10018.0,callahan eye foundation hospital,1720 university blvd,empty,empty,birmingham%,al,111622.92948793893,jefferson,6837785895.287456,acute care hospitals,voluntary non-profit - private,yes,heart attack,ami-8a,heart attack patients given pci within 90 minutes of arrival,empty,empty,al_ami-8a
302,10018.0,callahan eye foundation hospital,1720 university b#lvd,empty,emp??ty,$birmingha#m,al,113331.03056787052,jefferson,2053258100.0,acute care$ hospital??s,voluntary non-profit - private,yes,heart failure,hf-1,heart failure patients given discharge instructions,empty,empty,al_hf-1
303,10018.0,callahan eye foundation hospital,1??720 universit$y blvd,empty,empty,birmingham,al,208742.22083966088,jefferson,2053258100.0,acute care hospitals,voluntary non-profit - private,yes,heart failure,hf-2,heart failure patients given an evaluation of left ventricular systolic (lvs) function,empty%,empty,al_hf-2#
304,10018.0,callahan eye foundation hospital,1720 university blvd,empty,empty,birmingham,a$l??,35233.0,jefferson,2053258100.0,acute care hospitals,voluntary non-profit - private,yes,heart failure,hf-3,heart failure patients given ace inhibitor or arb for left ventricular systolic dysfunction (lvsd),empty,empty,al_hf@#@-3
305,10018.0,callahan eye foundation hospital,1720 university blvd,emp??ty,empty,birmingham,al,150779.0196868249,jefferson,2053258100.0,acute care hospitals,voluntary non-profit - private,yes@@@@,heart failure,hf-4,heart failure patients given smoking cessation advice/counseling,empty,empt%y%,al_#hf-4
306,10018.0,callahan eye foundation hospital,1720 university blvd,empty,empty,birmingham,al#,35233.0,jefferson,2053258100.0,acute care hospitals,voluntary non-profit - private,yes,pneumonia,pn-2,pneumonia patients assessed and given pneumococcal vaccination,empty,empty,al_pn-2
307,10018.0,callahan eye founda@@tion hospita??l,1720 university blvd,empty,empty,birmingham,al,35233.0,jefferson,2053258100.0,a$cute care hospital#s,voluntary non-profit - private,yes,p%neumonia,pn-3b,pneumonia patients whose initial emergency room blood culture was performed prior to the administration of the first hospital dose of antibiotics,empty,empty,al_pn-3b
308,10018.0,callahan eye foundation hospital,1720 university blvd,empty,empt??y,birmingham,al,35233.0,jefferson,2053258100.0,acute care hospitals,voluntary non-profit - private,yes,pne@@umo??nia,pn-4,pneumonia patients given smoking cessation advice/counseling,empty,empty,a?#?l_pn-4
309,34622.15798046148,callahan eye foundation hospital,1720 university blvd,empty,empty,birmingham,al,35233.0,jefferson,2053258100.0,acute care ho@??@spitals,voluntary non-??profit %- private,yes,pneumonia,pn-5c,pneumonia patients given initial antibiotic(s) within 6 hours after arrival,empty,empty,al_pn-5c
310,10018.0,callahan eye foundation hospital,1720 university blvd,empty,empty,birmingham,al,35233.0,jefferson,2053258100.0,acute ca%re$ hospitals,voluntary non-profit - private,yes,pneumonia,pn-6,pneumonia patients given the most appropriate initial antibiotic(s),empty,e??m#pty,al_pn-6
311,54634.21969644217,callahan eye foundation hospital,1720 university blvd,empty,empty,birmingham,al,35233.0,jefferson,2053258100.0,acute care hospitals,voluntary non-profit - private,yes,pneu%monia,pn-7,pneumonia patients assessed and given influenza vaccination,empty,empty,al_pn-7
312,10038.0,stringfellow memorial hospital,301 east 18th st,empty,empty,anniston,al,36201.0,calhoun,2562358900.0,acute care hospitals,proprietary,yes,children s asthma care,cac-2,children who received systemic corticosteroid medication (oral and iv medication that reduces inflamm$ation and controls symptoms) while hospitalized for asthma,100%,9 patients,al_ca$c-2
313,43830.72208544857,stringfellow memorial hospital,301 east 18th st,empty,em@@pt??y,anniston,al,36201.0,calhoun,2562358900.0,acute care hospitals,p??roprietary,yes,children s asthma care,cac-3,children and their caregivers who received a home management plan of care document while hospitalized for asthma,33%,9 patients,al_cac-3
314,10038.0,stringfellow memorial hospital,301 east 18th st,empty,empty,anniston#,al,36201.0,ca@@lhoun,2562358900.0,acute care hospitals,proprietary,yes,heart attack,ami-1,heart attack patients given aspirin at arrival,98%,81 patients,al_ami-$1
315,54321.00910710798,stringfellow memorial hospital,301 east 18th st,empty,empty,anniston,al,36201.0,calhoun,14718829894.647203,acute care hospitals,proprietary,yes,heart attack,ami-2,heart attack patients given aspirin at discharge,9@@6%,73 pa@@tients,al_ami-2
316,10038.0,stringfellow memorial hospital,30@@1 east 18th st,empty,??empt??y,anniston,??al,36201.0,calhoun,2562358900.0,acute care hospitals,proprietary,yes$$,heart attack,ami-3,heart attack patients given ace inhibitor or arb for left ventricular systolic dysfunction (lvsd),93%,14 patients,al_ami-3
317,10038.0,strin??gfellow memorial hospi@@tal,301 east 18th st,empty,%@@empty,anniston,al,36201.0,cal@@houn#,2562358900.0,acute care hospitals,proprietary,yes,hea??rt attack,ami-4,heart attack patients given smoking cessation advice/counseling,#100#%,29 patients,al_ami-4
318,10038.0,stringfellow memorial hospital,301 east 18th st,empty,empty,anniston,al,36201.0,calhoun,2562358900.0,acute care hospitals,proprie@@tary,yes,heart attack,ami-5,heart attack patients given beta blocker at discharge,93%,67 patients,al_ami-5
319,10038.0,stringfellow memorial hospital,301 east 18th st,empty,em%#pty,anniston,al,214276.7617052571,calhoun,2562358900.0,acute care hospitals,propri@@etary,y%es,heart attack,ami-7a,heart attack patients given fibrinolytic medication within 30 minutes of arrival,0%,1 patients,a@@l_ami-7a
320,10038.0,stringfellow memorial hospital,301 east 18th s%t,empty,empty,anniston,%al$,36201.0,calhoun,2562358900.0,acute care hospitals,proprietary,yes,heart attack,ami-8a,heart attack patients given pci within 90 minutes of arrival,87%,15 patients,al_ami$-8a
321,10038.0,stringfellow memorial hospital,301 east 18th st,empty,empty,anniston,al%,36201.0,calhoun,2562358900.0,acute care hospitals,proprietary,yes,heart failure,hf-1,heart failure patients given discharge instructions,87%$@@,142 patients,al_hf-1
322,10038.0,stringfellow memorial hospital,301 east 18th st,empt$y,empty,ann%iston%,al,36201.0,calhoun,12171363413.348202,acute care hospitals,proprietary,yes,heart?? failu$re,hf-2,heart failure@@?? patients given an evaluation of left ventricular systolic (lvs) function,100%,157 patients,al_hf-2
323,10038.0,stringfellow memorial hospital,301 east 18th st,empty,empty,anniston,al,36201.0,calhoun,2562358900.0,acute care hospitals,proprieta@@$ry,yes,heart failure,hf-3,heart failure patients given ace inhibitor or arb for left ventricular systolic dysfunction (lvsd),9$0%$,49 patients,al_hf-3
324,10038.0,stringfellow memorial hospital,301 east 18th st,empty,emp@@ty,anniston,a#l#,36201.0,calhoun,2562358900.0,acute care hospitals,proprietary,yes,heart failure,hf-4,heart failure patients given smoking cessation advice/counseling,100@@@@%,41 patients,al_hf-4
325,10038.0,stringfellow memorial hospital,301 east 18th st,empty,empty,anniston,al,36201.0,calhoun,2562358900.0,acute care hospitals,proprietary,%yes,pneumonia,pn-2,pneumonia patients assessed and given pneumococcal vaccination,%??97%,110 patients,al_pn-2
326,10038.0,stringfellow memorial hospital,301 east 18th st,empty,empty,annis%to$n,al,36201.0,calhoun,2562358900.0,acute care hospitals,proprietary,yes,pneumonia,pn-3b,pneumonia patients whose initial emergency room blood culture was performed prior to the administration of the first hospital dose of antibiotics,100%,102 patients,al_pn-3b
327,10038.0,stringfellow memorial hospital,301 east 18th st,empty,empty,anniston,al,36201.0,ca@@l??houn,2562358900.0,acute care hospitals,proprietary,yes,pneum@@o#nia,pn$#-4,pneumonia patients given smoking cessation advice/counseling,100%,83 patients,al??_pn-4$
328,10038.0,stringfellow memorial hospital,301 east 18th st,empty,empty,anniston,al,36201.0,calhoun,2562358900.0,acute care hospitals,proprietary,yes,pneumonia,pn-5c,#pneumonia patients given initial antibioti$c(s) within 6 hours after arrival,97%,145 patients,al_pn-5c
329,10038.0,stringfellow memorial hospital,301 e??ast 18th st,emp@@ty,empty,anniston,al@$@,36201.0,calhoun,2562358900.0,acute care hospitals,proprie??t$ary,yes,pneumonia,pn-6,pneumonia patients given the most appropriate initial antibiotic(s),92%,99 patients,a??$l_pn-6
330,47719.383361133696,stringfellow memorial hospital,301 east 18th st,empty,empty,anniston,al,36201.0,calhoun,2562358900.0,acute care hospitals,propri$etary,yes,pneumonia,p%#n-7,pneumonia patients assessed and given influenza vaccination,91%,87 patients,al_pn-7
331,10038.0,stringfellow memorial hospital,301 @@east @@18th st,empty,e$mpty,anniston,al,178766.2511944788,calhoun,2562358900.0,acute care hospitals,pr@@oprie#tary,yes,surgical infection prevention,scip-card-2,surgery patients who were taking heart drugs called beta blockers before coming to the hospital who were kept on the beta blockers during the period just before and after their surgery,83%,23 patients,al_scip-card-2
332,10055.0,flowers hospital,4370 west main street,empty,empty,dothan,al,161233.79781424723,houston,3347935000.0,acute@@ care hospitals,proprietary,yes,heart failure,hf-2,heart failure patients given an evaluation of left ventricular systolic (lvs) function,100%,34#2 patients,al_hf-2
333,38295.23381583838,flowers hospital,4370 west main street,e@@mpty,empty,dothan,al,36305.0,$houston,3347935000.0,acute care hospitals,proprietary,yes,heart failure,hf-3,heart failure patients given ace inhibitor or arb for left ventricular systolic dysfunction (lvsd),100%,94 patients,al_hf-3
334,34709.91195945419,flowers hospital,4370 west main street,emp#t#y,empty,dot??han,al#@@,36305.0,houston,3347935000.0,acute care h#ospitals,proprietary,yes,heart failure,hf-$??4,heart failure patients given smoking cessation advice/counseling,100%,62 patients,al_hf-4
335,10055.0,flowers hospital,4370 west main street,empty,empty,dothan,al,113848.41908100841,houston,3347935000.0,acute care hospitals,proprietary,yes,pneumonia,pn-2,pneumonia patients assessed and given pneumococcal vaccination,100%,166 patients,al??_pn-2#
336,10055.0,flowers hospital,4370 west main street,empty,empty,dothan,al,36305.0,houston,18858107785.386017,acute care hospitals,proprietary,yes,pneumonia,pn-3b,pneumonia patients whose ??initial emergency room blood culture was performed prior to the administration of the first hospital dose of antibiotics,100%,152 patients,al_pn-3b
337,10055.0,flowers hospital,4370 west main street,empty,empty,dothan,#al,36305.0,houston,3347935000.0,acute care hospitals,proprietary,y@#@es,pneumonia,pn-4,pneumonia patients given smoking cessation advice/counseling,100%@@$,77 patients,al_pn-4
338,10055.0,flowers hospital,4370 west main$ street,empty,empty,dot#h??an,al%,166709.61769394894,houston,11073985919.46624,acute care hospitals,proprietary,yes,pneumonia,pn-5c,pneumonia patients given initial antibiotic(s) within 6 hours after arrival,99%,146 patients,al_pn-5c
339,10055.0,flowers h$ospital,4370 west main street,em%pty,empty,dothan,al,36305.0,houston,3347935000.0,acute care hospitals,proprietary,yes@@,pneumonia,pn-6,pneumonia patients given the most appropriate initial antibiotic(s),99%,112 patients,al_pn-6
340,10055.0,flowers hospital,4370 west main st$reet,empty,empty,dothan,??al,36305.0,houston,3347935000.0,acute care hospitals,proprietary,yes,pneumonia,pn-7,pneumonia patients assessed and given influenza vaccination,99%,128 patients,al_pn-7
341,10055.0,flowers hospital,4370 we$st main street,empty,empty,dothan,al,36305.0,$hou%ston,3347935000.0,acute care hospitals,proprietary,yes,surgical infection prevention,scip-card-2,surgery patients who were taking heart drugs called beta blockers before coming to the hospital who were kept on the beta blockers during the period just before and after their surgery,100%,147 patients,al_scip-card-2
342,50211.835572166965,flowers hospital,4370 west main street,empty,empty,dothan,a@#@l,36305.0,houston,3347935000.0,a#cute care h%ospitals,proprietary,yes,surgical infection prevention,scip-inf-1,surgery patients who were given an antibiotic at the right time (within one hour before surgery) to help prevent infection,100%,950 patients,al_scip-inf-1
343,45021.95057254689,flowers hospital,4370 we@@st main street,empty,empty,dothan,a??l,36305.0,houston,3347935000.0,acute care hospitals,proprietary,yes,surgical infection prevention,scip-inf-2,surgery patients who were given the  right kind  of antibiotic to help prevent infection,100%,957 patients,al_scip-inf-2
344,10055.0,flowers hospital,4370 west main street,empty,empty,dothan,#al@@,36305.0,houston,15388249081.639294,acute care hospitals,proprietary,yes,surgical infection prevention,scip-inf-3,surgery patients whose preventive antibiotics were stopped at the right time (within 24 hours after surgery),99%,882 patients,al_scip-inf-3
345,10055.0,flowers hospital,4370 west main street,empty,empty,dothan,al,36305.0,houston,3347935000.0,acute care hospitals,proprietar%$y,yes,surgical infection prevention,scip-inf-4,all heart surgery patients whose blood sugar (blood glucose) is kept under good control in the days right after surgery,98%,165 p??atients,al_scip-inf-4
346,10055.0,flowers hospital,4370 west main street,??empty,empty,dothan,al,36305.0,houston,3347935000.0,acute care hospitals,proprietary,yes,surgical infection prevention,scip-inf-6,surgery patients needing hair removed from the surgical area before surgery who had hair removed using a safer method (electric clippers or hair removal cream c not a razor),100%,1295 patients,al_scip-inf-6
347,58900.40776883797,flowers hospital,4370 west main street,empty,empty,dothan,al,36305.0,houston,3347935000.0,acute care hospitals,proprietary,yes,surgical infection prevention,scip-vte-1,surgery patients whose doctors ordered treatments to prevent blood clots after certain types of surgeries,100%,497 patients,al_scip-vte-1
348,10055.0,flowers hospital,4370 west main street,empty,empty,dothan,??a#l,36305.0,houston,3347935000.0,acute care hospitals,proprietary,#yes,surgical infectio%n prevention$,scip-vte-2,patients who got treatment  at the right time (within 24 hours before or after their surgery) to help prevent blood clots after certain types of surgery,100%,497 patients,al_scip-vte-2
349,10056.0,st vincents hospital,810 st vincents drive,empty,empty,birmingham,????al,35205.0,jefferson,2059397000.0,acute care hospitals,voluntary non-profit - o??ther,yes,heart attack,ami-1,heart attack patients given aspirin at arrival,97%,239 patients,al_ami-1
350,10056.0,st vincents hospital,810 st vincents drive,empty,empty,birmingham,al,35205.0,jefferson,2059397000.0,acute care hospitals,voluntary non-profit - other,yes,heart attack,@@a#mi-2,heart attack patients given aspirin at discharge,9@@8#%,260 patients,al_ami-2
351,10056.0,st vincents hospital,810 st vincents drive,empty,empty,birmingham,al,35205.0,je??fferson,2059397000.0,acute care hospitals,voluntary non-profit - other,yes,heart attack$,ami-3,heart attack patients given ace inhibitor or arb for left ventricular systolic dysfunction (lvsd),85%,41 ??pati@@ents,al_ami-3
352,10056.0,st vincents hospital,810 st vincents drive,empty,empty,birmingham,@$@al,35205.0,jefferson,2059397000.0,acute care hospitals,voluntary non-profit - other,yes,heart attack,ami-4,heart attack patients given smoking cessation advice/counseling,100%,63 patients,al_ami%-4$
353,10056.0,st vincents hospital,810 st vincents drive,empty%,empty,birmingham,al,35205.0,jefferson,2059397000.0,acute?? care hospitals,voluntary non-profit - other,yes,heart attack,ami-5,heart attack patients given beta blocker at discharge,96%,242 pati$ents,al_ami-5
354,34087.96592437125,decatur general hospital,1201 7th street se,empty,empty,decatur,al,208756.8329157125,morgan,2563412000.0,@@acute ??care hospitals,government - hospital district or authority,yes,surgical infection prevention,scip-vte-2,patients who got treatment  at the right time (within 24 hours before or after their surgery) to help prevent blood clots after certain types of surgery,87%,205 patients,al_scip-vte-2
355,10086.0,northwest medical center,1530 u s highway 43,em??pty$,empty,??winfield,al,35594.0,marion,2054877736.0,acute care hospitals,proprietary,yes,heart atta%ck,ami-1,heart attack patients given aspirin at arrival,100%,10 patients,al_ami-1
356,10086.0,northwest medica$l center,1530 u s highway 43,empty,empty$,winfield,al??,35594.0,marion,8277146800.242146,acute care hospitals,proprietary,y#es??,he@@a%rt attack,ami-2,heart attack patients given aspirin at discharge,100%,7 patients??,al_ami-2
357,10086.0,northwest medical center,1530 u s highway 43,empty,empty,winfield,al,35594.0,marion,2054877736.0,acute care hospitals,proprietary,yes,heart attack,ami-3,heart attack patients?? given ace inhibitor or arb for left ventricular systolic dysfunction (lvsd),1%00%$,2 pa%tie??nts,al_ami-3
358,10086.0,northwest medical center,1530 u s highway 43,@@$empty,empty,winfield,al,35594.0,marion,2054877736.0,acute care hospitals,proprietary,yes,heart attack,ami-4,heart attack patients given smoking cessation advice/counseling,100%,1 patients,al_ami-4
359,10086.0,northwest medical?? center,1530 u s highway 43,empty,empty,wi$nfi$eld,%al,35594.0,ma#ri#on,2054877736.0,acute care hospitals,propriet@@ary,yes,heart attack,ami-5,heart attack patients given beta blocker at discharge,100%,8 patients,al_am#i-5
360,10086.0,northwest medical center,1530 u s highway 43,empty,empty,winfield,al,35594.0,marion,2054877736.0,acute care hospitals,proprietary,yes,heart attack,ami-7a,heart attack patients given fibrinolytic medication within 30 minutes of arrival,0%,1 patients,al_ami-7a
361,10086.0,northwest medical center,1530 u s highway 43,empty,empty,winfield,a#??l,35594.0,@@??marion,2054877736.0,acute care hospitals,proprietary,yes,heart attack,ami-8a,heart attack patients given pci within 90 minutes of arrival,empty,0 patients,al_ami-8a
362,10086.0,northwest medical center,1530 u s highway 43,empty,empty,winfield,al,212511.5183696502,marion,2054877736.0,acute care hospitals,proprietar%%y,yes,heart failure,hf-1,heart failure patients given discharge instructions,9@@0#%,48 patients,al_hf-1
363,10086.0,northwest medical center,1530 u s highway 43,empty,empty,winfield,al,35594.0,marion,2054877736.0,acute care hospitals,proprietary,yes,heart failure,hf-2,heart failure patients given an evaluation of left ventricular systolic (lvs) function,100%,59 patients,al_hf-2
364,10086.0,northwest medical center,1530 u s highway 43,empty,empty,winfield,al,35594.0,marion,2054877736.0,acute care hospitals,proprietary,yes,heart failure,hf@%@-3,heart failure patients given ace inhibitor or arb for left ventricular systolic dysfunction (lvsd),85%,13 patients,al_hf-3
365,10086.0,northwest medical center,1530 u s highway 43,em#%pty,empty,winfield,al,118442.6009320861,marion,2054877736.0,acute care hospitals,%proprieta%ry,yes,heart f#ailure,hf-4,heart failure patients given smoking cessation advice/counseling,100%,14 patients,al_%hf-4
366,10086.0,northwest medical center,@@??1530 u s highway 43,empty,empty,winfield,al,35594.0,mar@@ion,7552482924.981426,ac??ute care hospit$als,proprietary,yes,pneumonia,pn%-2@@,pneumonia patients assessed and given pneumococcal vaccination,91%,66 patients,al_pn-2
367,10086.0,northwest medical center,1530 u s highway 43,empty,empty,winfield,al,35594.0,marion,2054877736.0,acute care hospitals,proprietary,yes,pneumonia,pn-3b,pneumonia patients whose initial emergency room blood culture was performed prior to the administration of the first hospital dose of antibiotics,98%,59 patients,al_p$n-3b
368,10086.0,northwest medical center,1530 u s highway 43,empty,empty,winfield,al,35594.0,mario??$n,2054877736.0,acute care hospitals,proprietary,yes,pneumonia,pn-4,pneumonia pat%i$ents given smoking cessation advice/counseling,$??98%,40 patients,al_p@@n-4
369,47163.88288269638,northwest medical center,1530 u s highway 43,empty,empty,winfield,al,35594.0,marion,2054877736.0,acute care hospitals,proprietary,yes,pneumonia,pn-5c,pneumonia patients given initial antibiotic(s) within 6 hours after arrival,100%,85 %patients,al_pn@@-5c
370,10086.0,northwest medical center,1530 u s highway 43,empty,empty,winfield,al,35594.0,marion,2054877736.0,acu%te care hospitals,proprietary,yes,pne@@??umonia,pn-6,pneumonia patients given the most appropriate initial antibiotic(s),100%,62 patients,al_pn-6
371,10086.0,northwest medical center,1530 u s highway 43,empty,empty,winfield,al,181534.30611727334,marion,2054877736.0,acute care hospitals,proprietary,yes,pneumonia,pn-7,pneumonia patients assessed and given influenza vaccination,82%,45 patients,al_pn-7
372,10086.0,northwest medical center,1530 u s highway 43,empty,empty,winfield,al,35594.0,marion,2054877736.0,acute care hospitals,proprietary,yes,surgical infection prevention,s%cip-ca%rd-2,surgery patients who were taking heart drugs called beta blockers before coming to the hospital who were kept on the beta blockers during the period just before and after their surgery,89%,19 patients,al_scip-card-2
373,10086.0,northwest medical center,1530 u s highway 43,empty,empty,winfield,a@@l#,35594.0,marion,8912996249.844921,acute care hospitals,proprietary,y%es,surgical infection prevention,scip-inf-1,surgery patients who were given an antibiotic at the right time (within one hour before surgery) to help prevent infection,9#??8%,102 patients,al_scip-inf-1
374,34931.40036957699,northwest medical center,1530 u s highway 43,empty,empty,winfield,al,35594.0,marion,2054877736.0,acute care hospitals,proprietary,yes,surgical infection prevention,scip-inf-2,surgery patients who were given the  right kind  of antibiotic to help prevent infection,99%,103 patients,al_scip-inf-2
375,10086.0,northwest medical center,1530 u s highway 43,empty,empty,winfield,al,35594.0,marion,2054877736.0,acute care hospitals,proprietary,yes,surgical infection prevention,scip-inf-3,surgery patients whose preventive antibiotics were stopped at the right time (within 24 hours after surgery),94%,98 patients,al_scip-inf-3
376,10086.0,northwest medical center,1530 u s highwa??y $43,empty,empt%y,winfield,al,35594.0,marion,2054877736.0,acute care hospitals,proprietary,yes,surgical infection prevention,scip-inf-4,all heart surgery patients whose blood sugar (blood glucose) is kept under good control in the days right after surgery,empty,0 patients,al_scip-inf-4
377,10086.0,northwest medical cent$er,15#30 u s% highway 43,empt$y,empty,winfield,al,35594.0,#marion,2054877736.0,acute care hospitals,proprietary,yes,surgical infection prevention,scip$-inf-%6,surgery patients needing hair removed from the surgical area before surgery who had hair removed using a safer method (electric clippers or hair removal cream c not a razor),100%,146 patients,al$_scip-inf-6
378,10086.0,northwest medical center,1530 u s highway 43,empty,empty,winfield,al,35594.0,marion,2054877736.0,acute care hospi$tals,proprietary,yes,surgical infection prevention,scip-vte-1,surgery patients whose doctors ordered treatments to prevent blood clots after certain types of surgeries,95%,58 patients,al_scip-vte-1
379,10086.0,northwest medical center,1530 u s highway 43,empty,empty,winfield,@@a@@l,35594.0,marion,2054877736.0,acute care hospitals,propri@@etary,yes,surgical infect%ion prevention??,scip-vte-2,patients w%ho got treatment  at the right time (within 24 hours before or after their surgery) to help p$revent blood clots after certain types of surgery,9??5%$,58 patients,al_scip-vte-2
380,43037.59464483462,univ of south alabama medical center,2451 fillingim street,empt%y,empty,m@@obile,al,36617.0,mobile,2514717110.0,acute care hospitals,governme$nt - state,yes,heart attack,ami-1,heart attack patients given aspirin at arrival,99%,86 patients,al_ami-1
381,10087.0,univ of south alabama medical center,2451 fillingim street,empty,empty,mobile,al,36617.0,mob@@ile,2514717110.0,acute care hospitals,government - state,yes,heart attack,ami-2,heart attack patients given aspirin at discharge,97%,91 patients,al_ami-2
382,10087.0,univ of south alabama medical center,2451 fillingim street,empty,empty,mobile,al,36617.0,mobile,2514717110.0,acute care hospitals,gov$ernment - sta%te,yes,heart attack,ami-3,heart attack patients given ace inhibitor or arb for left ventricular systolic dysfunction (lvsd),100%,22 patients,al_ami-3
383,10087.0,univ of south alabama medical center,2451 fillingim street,empty,empty,mobile,al,36617.0,mobile,2514717110.0,acute care hospitals#,government - stat@@e,yes,heart attack,ami-4??,heart attack patients given smoking cessation advice/counseling,100%,58 patients,al_ami-4
384,10087.0,univ of south alabama medical center,2451 fillingim street,empty,empty,mobile,al,36617.0,%mobil%e,2514717110.0,acute care hospitals,government - state,yes,heart attack,ami-5,heart attack patients given beta blocker at discharge,96%,96 patients,al_ami-5
385,10087.0,univ of south alabama medical center,2451 filli%ng@@im street,empty,empty,mobile%,al,110089.59380608857,mobile,2514717110.0,acute care hospitals,government - state,yes,heart attack,ami-7a$,heart attack patients given fibrinolytic medication within 30 minutes of arrival,empty,0 patients,al_ami-7a
386,34025.40844358402,univ of south alabama medical center,2??451 fillingim street,empty,empty,mobile,al,36617.0,mobile,2514717110.0,acute care hospitals,government - state,y??$es,heart attack,ami-8a,heart attack patients given pci w$ithin 90 minutes of arrival,50%,16 patients,al_ami-8a
387,10087.0,univ of south alabama medical center,2451 fillingim street,empty,empty,mobile,al,36617.0,mobile,2514717110.0,acute care hospitals,government - state,yes,heart failure,hf-1,heart failure patients given discharge instructions,83%,146@@ patients,al_hf-1
388,10087.0,univ of south alabama medical center,2451 fillingim street,empty,empty,mobile,al,36617.0,mobile,2514717110.0,acute care hospitals,government - state,yes,heart failure,??hf-2,heart failure patients given an evaluation of left ventricular systolic (lvs) function,98%,150 patients,al_hf-2
389,10087.0,univ of south alabama medical center,2451 fillingim street,empty,empty,mobile%,al,36617.0,mobile,2514717110.0,acute care hospitals,government - state,yes,heart failure,hf-3,heart failure patients given ace inhibitor or arb for left ventricular systolic dysfunction (lvsd),96%,84 patients,al_hf-3
390,10087.0,univ of sou#th alabama medical center,2451 fillingim street,empty,empty,mobile,al,36617.0,mobil$e,2514717110.0,acute care hospitals,government - state,yes,heart failure,hf-4,heart failure patients given smoking cessation advice/counseling,100%,45 patients,al_hf-4
391,10087.0,univ of south alabama medical center,2451 fillingim street,emp%ty$,empty,mobile,al,36617.0,m%ob#ile,2514717110.0,acute care hospitals,government - state,yes??%,pneumonia,pn-2,pneumonia patients assessed and given pneumococcal vaccination,71%,7 patients,al_pn-2
392,10087.0,univ of south alabama medical center,2451 fillingim street,empty,e%mpty??,mobile,al,36617.0,mobile,2514717110.0,acute care hospitals,governme%n#t - state,yes,pneumonia,pn-3b,pneumonia patients whose initial emergency room blood culture was performed prior to the administration of the first hospital dose of antibiotics,89%,35 patients,al_pn-3b
393,38484.38870135021,prattville baptist hospital,124 s memorial dr,empty,empty,prattville,al,36067.0,autauga,16612154529.026743,acute care hospitals,voluntary non-profit - private,yes,heart attack,ami-2,heart attack patients given aspirin at discharge,100%#,4 patients,al_ami-2
394,10108.0,prattville baptist hospital,124 s memorial dr,empty,empty,prattville,al,36067.0,autauga,3343614267.0,acute care hospitals,voluntary non-profit - private,yes,heart attack,ami-3,heart attack patients given ace inhibitor or arb for left ventricular systolic dysfunction (lvsd),67%,3 patients,al_ami-3
395,10108.0,prattville baptist hospital,124 s memorial dr,empty,empty,prattville,al,36067.0,autauga,3343614267.0,acute care hospitals,voluntary non-profit - private,yes,@@h$eart attack,ami-4,heart attack patients given smoking cessation advice/counseling,empty,0 patients,al_ami-4
396,10108.0,prattville baptist hospital,124 s memorial dr,empty,empty,prattville,al,36067.0,autauga,3343614267.0,acute care hospitals,voluntary non-profit - private,yes,heart attack,ami-5,heart attack patients #given beta blocker at discharge,100%,5 patients,al_am$i-5%
397,10108.0,prattville baptist hospital,124 s memorial?? dr,empty,empty,prattville,al,36067.0,autauga,3343614267.0,acute care hospitals,voluntary non-profit - private,yes,heart $attack$,ami-7a,heart attack patients given fibrinolytic medication within 30 minutes of arrival,empty,0 patients,al_ami-7a
398,10108.0,prattville baptist hospital,124 s memorial dr,empty,empty,prattvi@@lle,a??l,36067.0,autauga,3343614267.0,acute care hospitals,voluntary non-profit - private,yes,heart attack,ami-8a,heart attack patients given pci within 90 minutes of arrival,empty,0 patients,al_ami-8a
399,47205.92478366864,prattville baptist hospital,124 s memorial dr,empty,empty,pr%attv??ille,al,36067.0,autauga%??,3343614267.0,acute care hospitals,voluntary non-profit - private,yes,heart failure,hf$-1,heart failure patients given discharge instructions,96%,75 patients,al_hf-1
400,10108.0,prattville baptist hospital,124 s memoria@@l dr,empty,empty,prattville,al,175616.24546086622,autauga,3343614267.0,acute care hospitals,voluntary $non-profit - pri@@vate,yes,heart failure,hf-2,heart failure patients given an evaluation of left ventricular systolic (lvs) function,94%,93 patients,al_hf-2
401,10108.0,prattville baptist hospital,124 s memorial dr,empty,empty,prattville,al,36067.0,autauga,15642312593.322336,acute care hospitals,voluntary non-profit - private,??yes??,heart failure,hf-%3,heart failure patients given ace inhibitor or arb for left ventricular systolic dysfunction (lvsd),94@@%$,18@@@@ patients,al_hf-3
402,10108.0,pr#attvill%e baptist hospital,124 s %memori??al dr,e?#?mpty,em#pty,prattville,al,36067.0,autauga,3343614267.0,acute care hospitals,voluntary ??non-profit - private,yes,heart failure,hf-??%4,heart failure patients given smoking cessa??tion advice/#counseling,96%,27 patients,al_hf-4
403,10108.0,prattville baptist hospital,124 s memorial dr,empty,??em??pty,prattville,al,36067.0,autauga??,3343614267.0,acute care hospitals,voluntary non-profit - private,yes,pneumonia,pn-2,pneumonia patients assessed and given pneumococcal vaccination,94%,116 patients,al_pn-2
404,31352.030313185434,prattville baptist hospital,124 s memorial dr,empty,em%$pty,prattville,al,36067.0,autauga,3343614267.0,acute care hospitals,voluntary non-profit - private,yes,pneumonia,pn-3b,pneumonia patients whose initial emergency room blood culture was performed prior to the administration of the first hospital dose of antibiotics,95%,138 patients,al_pn-3b
405,10108.0,prattville baptist hospital,124 s memorial dr,empty,empty,prattville,al,36067.0,autauga,3343614267.0,acute care hospitals,voluntary non-profit - private,yes,pneumonia,pn-4,pneumonia pa%tients give$n smoking cessation advice/counseling,100%,67 patients,al_pn-4
406,10108.0,prattville baptist hospital,124 s memorial dr,empty,empty,prattville,a??%l,141413.12867966856,autauga,13154331958.317247,acute care hospitals,voluntary non-profit - private,yes,pneumonia,pn-5c,pneumonia patients given initial antibiotic(s) within 6 hours after arrival,94%,131 patients,al_pn-5c
407,10108.0,prattville baptist hospital,124 s memorial dr,empty,empty,pra@@ttville,al,36067.0,autauga,3343614267.0,acute care hospitals,voluntary non-profit - private,yes,pneumonia,$pn-6,pneumonia patients given the most appropriate initial antibiotic(s),92%,93 patients,al_pn-6
408,10108.0,prattvill??e baptist hospital,124 s memorial dr,empty,empty,prattville,al,160773.17768505358,autauga,3343614267.0,acute care hospitals,voluntary non-profit - private,yes,pneumonia,pn-7,pneumonia patients assessed an%d give??n influenza vaccination,99%,89 patients#,$al_pn-7
409,10108.0,prattville baptist hospital,124 s memorial dr,empty,empty,prattville,al,36067.0,aut??aug@@a,3343614267.0,acute care hospitals,voluntary non-profit - private,yes,surgical infection$ %prevention,scip-card-2,surgery patients who were taking heart drugs called beta blockers before coming to the hospital who were kept on the beta blockers during the period just before and after their surgery,100%,1 patients,al_scip-card-2
410,10108.0,prattvil%le$ baptist hospital,124 s me$mori$al dr,empty,empty,prattville,al,36067.0,autauga,3343614267.0,acute care hospitals,voluntary non-profit - private,yes,surgic%al infection preventi$on,scip-inf-1,surgery patients who were given an antibiotic at the right time (within one hour before surgery) to help prevent infection,90%,10 patients,al_scip-inf-1
411,10108.0,prattville baptist hospital,124 s memorial dr,empty,empty,prattville,al,146786.32055928544,autauga,15705743595.81178,acute care hospitals,voluntary non-profit - private,yes,surgi%ca%l infection prevention,scip-inf-2,surgery patients who were given the  right kind  of antibiotic to help prevent infection,90%,10 patients,al_scip-inf-2
412,10108.0,prattville baptist hospital,124 s memorial dr,empty,$emp$ty,prattville,al,36067.0,autauga,3343614267.0,acute care hospitals,voluntary non-profit - private,yes,sur$gical infection prevention,scip-inf-3,surgery patients whose preventive antibiotics were stopped at the right time (within 24 hours after surgery),100%,10 patients,al_scip-inf-3
413,57267.518344645876,rus@@sellville hospital,15155 highway 43,empty,empty,russellville,al,35653.0,franklin,2563321611.0,acute care hospitals,proprietary,yes,surgical infection prevention,scip-vte-1,surgery patients whose doctors ordered treatments to prevent blood clots after certain types of surgeries,100%,1?%?25 patients,al_scip-vte-1
414,10158.0,russellville hospital,15155 highway 43,empty,empty,russellville,al,175652.81153117368,franklin,2563321611.0,acute care hospitals,proprietary,yes,surgical infection prevention,scip-vte-2,patients who got treatment  at the% right time (within 24 hours before or after their sur@@gery) to help prevent blood clots after certain types of surgery,98%,125 patients,al_scip-vte-2
415,10164.0,coosa valley medical center,315 w hickory st,empty,empty,@@syla@@cauga,al,155115.25963889385,talladega,2562495000.0,acute care hospitals,voluntary non-profit - other,no,heart attack,ami-$#1,heart attack patients given aspirin a$t arrival,90%,10 patients,al_ami-1
416,10164.0,coosa valley medi$cal center,315 w hickory st,empty,em@@pt$y,sylacauga,al,35150.0,talladega,2562495000.0,acute care hospitals,voluntary non-profit - other,no,heart attack,ami-2,heart attack patients given aspirin at discharge,100%,3 patients,al??_ami-2
417,10164.0,coosa valley medical center,315 w hickory st,empty,empty,sylacauga,al,35150.0,ta@@lla$dega,10098098891.325638,acute care hospitals,voluntary non-profit - other,no,heart attack,ami-3,heart attack patients given ace inhibitor or arb for left ventricular systolic dysfunction (lvsd),100%,1 patients,al_ami-3
418,10164.0,coosa valley medical center,315 w hickory st,empty,empty,sylacauga,al,35150.0,talladega,2562495000.0,acute care hospitals,voluntary non-profit - other,????no,heart attack,am#i-4@@,heart attack patients given smoking cessation advice/counseling,emp$%ty,0 patients,al_ami-4
419,10164.0,coosa valley medical center,315 w hickory st,empty,empty,sylaca??uga,al,106221.79737154777,talladega,2562495000.0,acute care hospitals,voluntary non-p@@r#ofit - other,@@#no,heart attack,ami-5,heart attack patients given beta blocker at discharge,100%,4 patients,al_ami-5
420,10164.0,coosa valley medical center,315 w hickory st,empty,empty,sylacauga,al,35150.0,talladega,2562495000.0,acute care hospitals,voluntary non-profit - other,no#,heart attac#??k,ami-7a,heart attack patients given fibrinolytic medication within 30 minutes of arrival,empty,0 patients,al_ami-7a
421,10164.0,coosa valley medical center,315 w hickory st,empty,em%@@pty,sylaca@@uga,al,197790.87915909526,tal$#ladega,2562495000.0,acute care hospitals,voluntary non-profit - other,no,heart attack,am??i-8a,heart attack patients given pci within 90 minutes of arrival,empty,0 patients,al_ami-8a
422,10164.0,coosa valley medical center,315 w hickory st,empty,empty,sylacauga,al,35150.0,talladega,2562495000.0,acute care hospita@@l??s,voluntary non-profit - other,no,heart failure,hf-1??,heart failure patients given discharge instructions,77%,78 patients,al_hf-1
423,35989.57376814944,coosa valley medical center,315 w hickory st,empty,empty,sylacauga,al,35150.0,talladega,2562495000.0,acute care hospitals,voluntar$y non-profi#t - other,@@no$,heart failure,hf-2,heart failure patients given an evaluation of left ventricular systolic (lvs) function,99%,105 patients,al_hf-2
424,10164.0,coosa valley medical c??enter,315 w hickory st,empty,empty,sylacauga,al,35150.0,talladega,2562495000.0,acute care hospitals,voluntary non-profit -?? other,no,heart failure,hf-3,heart failure patients given ace inhibitor or arb for left ventricular systolic dysfunction (lvsd),85%,46 patients,al_hf-3
425,10164.0,coosa valley medical center,315 w hi#%ckory st,empty%,empty,sylacauga,al,35150.0,tal%@@ladega,10449696295.288101,acute care hospitals,voluntary non-profit - other,@@no,heart failure,hf-4%,heart failure patients given smoking cessation advice/counseling,100%,12 patients,al_hf-4
426,10164.0,coosa valley medical center,315 w hickory st,empty,empty,s$#ylacauga,al,138812.5525498867,talladega,2562495000.0,acute care hospitals,voluntary non-profit - other,no,pneumonia,pn-2,pneumonia patients assessed and given pneumococcal vaccination,93%,69 patients,al_pn-2
427,39358.647858839926,coosa valley medical center,315 w hickory st,empty,@@empty#,sylacauga,a$l,35150.0,talladega,2562495000.0,acute care hospitals,voluntary non-profit - other,no,pneumonia,pn-3b,pneumonia patients whose initial emergency room blood culture# %was performed prior to the administration of the first hospital dose of antibiotics,97%,95 patients,al_pn-3b
428,10164.0,coosa valley medical center,31$5 w hickory st,empty,empty,sylacauga,al,35150.0,talladega,10224612481.286104,acute car#e hospitals,voluntary non-profit - other,no,pneumonia,pn-4,pneumonia patients given smoking cessation advice/counseling,100%,47 patients,al_pn-4
429,56022.40372455186,coosa valley medical center,315 w hickory st,empty,empty,sylacauga,al,35150.0,talladega,2562495000.0,acute care hospitals,voluntary non-profit - other,no,pneumonia,pn-5#c,pneumonia patients given initial antibiotic(s) within 6 hours after arrival,97%,101 patients,al_pn-5c
430,10164.0,co#osa valley medical center,315 w hickory st,empty,empt@@y,sylacauga,al,35150.0,tall$??adega,2562495000.0,acute care hospitals,voluntary non-profit - other,no,@@pneumonia,pn-6,pneumonia patients given the most appropriate initial antibiotic(s),96%,57 patients,al_pn-6
431,10164.0,co#o??sa valley medical center,315 w hickory st,empt$y,empty,sylacauga,al,35150.0,talladega,2562495000.0,acute care hospitals,voluntary non-profit - other,no,pneumonia,pn-7,pn??eumonia pat@@ients assessed and given influenza vaccination,88%,51 patients,al_pn-7
432,10164.0,coosa valley medical center,315 w hickory st,empty,empty,sylacauga,al,35150.0,talladega,2562495000.0,acute care hospitals,voluntary non-profit - other,n%@@o,surgical infection prevention,scip-card-2,surgery patients who were taking heart drugs called beta blockers before coming to the hospital who were kept on the beta blockers during the period just before and after their surgery,82%,22 patients,al_scip-card-2
433,20017.0,alaska regional hospital,2801 debarr road,empty,empty,anchorage,ak,593956.3749617386,anchor$age,9072761131.0,acute care hospitals,proprietary,yes,heart failure,hf-1,heart failure patients given discharge instructions,91%,57 patients,a#k_hf-#1
434,20017.0,alaska regional hospital,2801 debarr road,empty,empty,anchorage,ak,99508.0,ancho#rage,9072761131.0,acute care hospitals,proprietary,yes,heart failure,hf-2,heart failure patients given an evaluation of left ventricular systolic (lvs) function,98%,61 patients,ak_hf-2
435,20017.0,alaska regional hospital,2801 debarr road,@@empty,empty,anchorage,ak,99508.0,anchorage,9072761131.0,acute care hospitals,proprietary,yes,heart failure,h#f-3,heart failure patients given ace inhibitor or arb for left ven??tricular systolic dysfunction (lvsd),100%,33 patients,ak_hf-3
436,20017.0,a#laska$ regional hospital,2801 debarr road,empty,empty,anchorage,ak,99508.0,anchorage,35618611887.97514,acute care hospitals,p??roprietary??,ye??s,heart failure,hf-4,heart failure patients given smoking cessation advice/counseling,100%,13 patients,ak??_hf-$4
437,20017.0,alaska regional hospital,2801 debarr road,empty,empty,anchorage,ak,515649.96411867643,anchorage,9072761131.0,acute care hospital%s,propri@@etary@@,yes,pneumonia,pn-2,pneumonia patients assessed and given pneumococcal vaccination,97%,37% pat??ients,ak_pn-2
438,20017.0,alaska regional hospital,2801 debarr road,empty,empty,anchorage,ak,99508.0,anchorage,9072761131.0,acute care hospitals,proprietary,%yes,pneumonia,pn-3%b,pneumonia patients whose initial emergency room blood culture was performed prior to the administration of the first hospital dose of antibiotics,100%,47 patients,ak%_$pn-3b
439,20017.0,alaska regi$onal %hospital,2801 debarr road,empty,empty,anchora#ge,ak,99508.0,anchorage,9072761131.0,acute care hospitals,proprietary,yes??,p??neumonia,pn-4,pneumonia patients given smoking cessation advice/counseling,96%,26 patients,ak_pn??-@@4
440,119777.13270661795,alaska regional hospital,??2801 debarr road,??@@empty,empty,anchorage,ak,99508.0,anchorage,9072761131.0,acute care hospitals,proprietary,yes,pneumonia,pn-5c#$,pneumonia patients given initial antibiotic(s) within 6 hours after arrival,97%%%,39 patients,ak_pn-5c
441,20017.0,alaska regional hospital,2801 d%ebarr road,e??mpty,empty,anchorage,ak,384550.0670761012,anchorage,31811292095.296715,acute care hospitals,proprietary,yes,pneumonia,pn-6,pneumonia patients given the most appropriate initial antibiotic(s),95%,22 patients,ak_pn-6
442,20017.0,alaska regional hospital,2801 debarr road,empty,empty,anchorage,ak,99508.0,anchorage,9072761131.0,acute care hospitals,proprietary,yes,pneumonia,pn-7,pneumonia patients assessed and given influenza vaccination,90%,29 patients,ak_pn-7
443,20017.0,alaska regional hospital,2801 debarr road,emp$ty??,empty,anchora??ge,?@@?ak,99508.0,anchorage,9072761131.0,acute care hospitals,proprietary,y#es,surgical infection prevention,scip-card#-2,surgery patients who were taking heart drugs called beta blockers before coming to the$ hospital who were kept on #the beta blockers during the period just before and after their surgery,87%,106 patients,ak_scip-card-2
444,20017.0,alaska regional hospital,2801 debarr road,empty,empty,anchorage,ak,99508.0,a#nchora@@ge,41404769473.89691,acute care hospitals,proprietary,yes,surgical infection prevention,scip-inf-1,surg#ery patients who were given an antibiotic at the right time (within one hour before su@@rgery) to help prevent infection,96%,513 patients,ak_scip-inf-1
445,20017.0,alaska regional hospital,2801 debarr road,empty,empty,anc??horage,ak,99508.0,anchorage,39003452643.66828,acute care hospitals,proprietary,yes,surgical infection prevention,scip-inf-$2,surgery patients who were given the  right kind  of antib%iotic to help prevent infection??,98%,521 patients,ak_scip-inf-2
446,20017.0,alaska r#egi#onal hospital,2801 debarr road,empty,empty,anchorage,ak,99508.0,an$chor#age,9072761131.0,acute care hospitals,proprietary,ye@@s,surgical infection prevention,scip-inf-3,surgery patients whose preventive antibiotics were stopped at the right time (within 24 hours after surgery),88%,499 patients,ak_scip-inf-3
447,20017.0,alaska regional hospital,2801 debarr road,empty,empty,anchorage,ak,99508.0,anchorage,9072761131.0,acute care hospitals,proprietary,yes,surgical infection prevention,scip-inf-4,all heart surgery patients whose blood sugar (blood glucose) is kept under good control in the days right after surgery,94%,146 p??a$tients,ak_sc$ip-@@inf-4
448,20017.0,alaska regional hospital,2801 debarr road#,em$pt$y,empty,anchorage,ak,99508.0,anchorage,9072761131.0,acute care hospitals,proprietary,yes,surgical infection prevention,scip-inf-6,surgery patients needing hair removed from the surgical area before surgery who had hair removed using a safer method (electric clippers or hair removal cream c not a razor),100%,%690 pati??ents,ak_scip-inf-6
449,20017.0,alaska regi??onal ho@@spital,2801 debarr road,empty,empty,anchorage,ak,389923.2784623475,a%nchorag%e,9072761131.0,acute care hospitals,prop%riet$ary,yes,surgical infection prevention,scip-vte-1,surgery patients whose doctors ordered treatments to prevent blood clots after certain types of surgeries,94%,226 patients,ak_scip-vte-1
450,20017.0,alaska regional hospital,2801 debarr road,empty,empty,anchorage,ak,99508.0,anchorage,35473474240.197754,acute care hospitals,proprietary,yes,surgical infection prevention,scip-vte-2,patients who got treatment  at the right time (#within 24 hours before or after their surgery) to help prevent blood clots after certain types of surgery,9??@@4%,223 patients,ak_scip-vte-2
451,20018.0,yukon kuskokwim delta reg hospital,p??o #box 287,e??mpt%y,empty,b%ethel,ak,99559.0,bethel,9075436300.0,acute care hospitals,government - federal,no,heart attack,ami-1,heart attack patients given aspiri%n at arrival,empty,e$mpt??y,ak_ami-1
452,20018.0,yukon kuskokwim delta reg hospital,po box 287,empty,empty,bet#hel,ak,99559.0,bethel,9075436300.0,acute care hospitals,government - federal,no,hear#t atta$ck,ami$-2,heart attack patients given aspirin at discharge,empty%,empty,ak@@%_ami-2
453,10019.0,helen keller memorial hospital,1300 south montgomery avenue,empty,empty$,sheffield,al,35660.0,jefferson,2563864556.0,acute care hospitals,government - hospital district or authority,yes,pneumonia,pn-2,pneumonia patients assessed and given pneumococcal vaccination,89%,150 patients,al_pn-2
454,10019.0,helen keller memori#al hos#pital,1300 south montgomery ave@@nue,empty,empty,s$h#effield,al,35660.0,jefferson,2563864556.0,acute care hospital??s,government - hospital district or authority,yes,pneumonia,pn-3b,pneumonia patients whose initial emergency room blood culture was performed prior to the administration of the first hospital dose of antibiotics,99%,149 patients,al_pn-3b
455,10019.0,helen keller memorial hospital,1300 south montgomery avenue,empty,empty,sheffield,a@@l,35660.0,jefferson,2563864556.0,acute care hospit@@als,government - hospital district or authority,yes,pneumonia,pn-4,pneumonia patients given smoking cessation advice/counseling,97%,79 patients,al_pn-4
456,10019.0,helen keller memorial hospital,1300 south montgomery avenue,empty,empty,@@sheffiel#d,al,35660.0,jefferson,2563864556.0,acute care hospitals,government - hospital district or authority,yes,pneumo#nia,pn-5c,pneumonia patients given initial antibiotic(s) within 6 hours after arrival,98%,192 patients,al_pn-5c
457,35062.82849834624,helen keller memorial hospital,1300 south montgomery avenue,empty,empty,sheffield,al,35660.0,jefferson,2563864556.0,acute care hospitals,government - hospital district or authority,yes,pneumonia,pn-6,pneumonia patients given the most appropriate initial antibiotic(s),86%,139 patients,al_pn-6
458,10019.0,helen keller memorial hospital,1300 south montgomery avenue,empty,empty,sheffield,a$l,35660.0,jefferson,2563864556.0,acu%te care @@hospitals,government - hospital ??district or@@ authority,ye#s,pneumonia,pn-7,pneumonia patients assessed and given influenza vaccination,82%,119 patients,al_pn-7
459,10019.0,helen keller memorial hospital,1300 south montgomery avenue,empty,empty,sheffie??ld%,al,35660.0,jeffe@@rson,2563864556.0,acute care hospitals,government - hospital district or authority,yes,surgical infection prevention,scip-card-2,surgery patients who were taking heart drugs called beta blockers before coming to the hospital who were kept on the beta blockers during the period just before and after their surgery,81%,54 patients,al_scip-card-2
460,10019.0,helen keller memorial hospital,1300 south montgomery avenue,empty,empty,sheffield,al,35660.0,jefferson,2563864556.0,acute care hospitals,government - hospital district or authority,yes,surgical infection prevention,scip-inf-1,surgery patients who were given an antibiotic at the right time (within one hour before surgery) to help prevent infection,92%,253 patients,al_scip-inf-1
461,10019.0,helen keller memorial hospital,1300 south montgomery avenue,empty@@,empty,sheffiel$d,??a@@l,35660.0,jefferson,2563864556.0,acute care hospitals,government - hospital district or authority,yes,surgical infection prevention,scip-inf-2,surgery patients who were given the  right kind  of antibiotic to help prevent infection,@@9$1%,255 patients,al_scip-inf-2
462,10019.0,helen keller memorial hospital,1300 south montgomery avenue,empty,empty,sheffield,al??,35660.0,jefferson,2563864556.0,acute care hospitals,government - hospital district or authority,yes,surgical infection prevention,scip-inf-3,surgery patients whose preventive antibiotics were stopped at the right time (within 24 hours after surgery),84%,245 patients,al_scip-@@inf-3
463,10019.0,helen keller memorial hospital,1300 south montgo$mery avenue,empty,empty,sh@@e#ffield,al,35660.0,je#fferson,8129739379.812935,acute care hospitals,government - hospital district or authority,yes,su#rgical inf@@ection prevention,scip-in@@f-4,all heart surgery patients whose blood sugar (blood glucose) is kept under good control in the days right after surgery,empty,0 patie$nts,al_scip-inf-4
464,10019.0,helen keller memorial hospital,1300 south montgomery avenue,empty,empty,sheffield,al,35660.0,jefferson,2563864556.0,acute care hospitals,government - hospital district or authority,yes,surgical infection prevention,scip-inf-6,surgery patients needing hair removed from the surgical area before surgery who had hair removed using a safer method (electric clippers or hair removal cream c not a razor),97%,369 patients,al_scip-inf-6
465,47184.750375160955,helen keller memorial hospital,130??0 south montgomery avenue,empty,empty,sheffield,al,35660.0,j$effers$on,2563864556.0,acute care hospitals,government - hospital district or authority,yes,surgical infection prevention,scip-vte-1,surgery patients whose doctors ordered treatments to prevent bloo$d clots af??ter certain types of surgeries,85%,144 patients,al_s$cip??-vte-1
466,10019.0,helen keller memorial hospital,1300 south montgomery avenue,empty,empty,sheffield,al,35660.0,jefferson,8352904983.075299,acute care hospitals,government - hospital district or authority,yes,surgical inf@@ection prevention$,scip-vte-2,patients who got treatment  at the right time (within 24 hours bef#ore or after their surgery) to help prevent bl#ood clots after certain types of surgery,79%,142 patients,al_scip-vte-2
467,10021.0,dale medical center,126 hospital ave,empty,empty,ozark,al,36360.0,dale,15659072470.316912,acute care hosp#itals,government - hospital district or authority,yes,heart attack,ami-1,heart attack patients #given aspirin at arrival,100%,11 patients,al_ami-1
468,10021.0,dale medical center,126 hospital ave,empty,empty,ozar??#k,al,36360.0,dale,3347742601.0,acute care hospitals,government - hospital district or authority,yes,heart attack,ami-2,heart @@a??ttack patients given aspirin at discharge,100%,5 patients,al_ami-2
469,41078.564687895654,dale medical $center,126 hospital ave,empty,empty,o@@za$rk,al,36360.0,dale,3347742601.0,acu@@te care hospitals,government$ - hospital district or authority,yes,heart attack,ami-3,heart attack patients given ace inhibitor or arb for left ventricular systolic dysfunction (lvsd),empty,0 pati??en??ts,al_ami-3
470,10021.0,dale?? medical center,126 hospital ave,empty,empty,oza%r@@k,al,36360.0,dale,12208250064.053791,acute% care hospitals%,government - hospital district or authority,yes,heart attack,ami-4,heart attack patients given smoking cessation advice/counseling,100%,3 patients,al??_ami-@@4
471,10021.0,dale medical center,126 hospital ave,empty,empty,ozark,al,36360.0,dale,3347742601.0,acute care hospitals,government - hospital district or authori$ty,yes,heart attack,ami%-5,heart attack patients given beta blocker at discharge,83%,6 patients,al_ami-5
472,10021.0,dale medical cen%ter,126 hospital ave,empty,empty,ozark,al,36360.0,dale,3347742601.0,acute care hospitals,government - hospital district or authority,yes,heart attack,ami-7a,heart attack patients given fibrinolytic medicat@@ion within 30 minu??tes of arrival,0%,2 patients,al#@@_ami-7a
473,10021.0,dale medic??al center,126 hospital @@ave,$empt%y,empty,ozark,al,36360.0,dale,3347742601.0,acute care?? h@@ospitals,government - hospital district or #%authority,yes,heart attack,ami-8a%,heart attack patients given pci within 90 minutes of arrival,em%pty,0 patients,al_ami-8a
474,58504.15967223788,dale medical center,12??6 hospit@@al ave,empty,empty,$oz%ark,al$,36360.0,dale,17050674234.308182,acute care hospitals,government - hospital district or authority,yes,heart failure,hf#-$1,heart failure patients given discharge instructions,66%,79 patients,al_hf-1
475,10021.0,dale medical center,126 hospital ave,empty,empty,ozark,al,36360.0,dale,3347742601.0,acute care hospitals,government - hospital district or authority,yes,heart failure,hf-2,heart failure patients given an evaluation of left ventricular systolic (lvs) function,96??%,94 patients,al_hf-2
476,10021.0,dale medical center,126 hospital ave,empty,empty,ozark,al,36360.0,dale,10273962822.600334,acute care hospitals,government - hospital district or authority,yes,heart failure,hf-3,heart failure patients given ace inhibitor or arb for left ventricular systolic dysfunction (lvsd),94$%,18 patients,al_hf-3
477,49317.58393329414,dale medical center,126 hospital ave,empty,empty,ozark,%a??l,36360.0,dale,3347742601.0,acute care hospitals,government - hospital district or authority,ye@@%s,heart failure,hf-4,heart failure patients given smoking cessation advice/counseling,94%,32 patients,al_hf-4
478,33139.544667506365,dale medical center,126 hospital ave,empty,empty,ozark,a$l@@,36360.0,dale,3347742601.0,acute care hospitals,government - hospital district or authority,yes,pneu??%monia,pn-2,pneumonia patients assessed and given pneumococcal vaccination,85%,80 patients,al_pn-2#
479,10021.0,dale medical center,126 hospital ave,empty,empty,ozark,al,36360.0,dale,15726301435.28807,acute care hospitals,government - hospital district or authority,yes,pneumonia,pn-3b,pneumonia patients whose initial emergency room blood culture was performed prior to the administration of the first hospital dose of antibiotics,94%,67 patients,al_pn-3b
480,10021.0,dale medical center,126 hospital ave,empty,empt#y,ozark,al,144318.91376593764,dale,15250332285.301037,acute care hospitals,government - hospital distr@@ict or ??authority,yes,pneumonia,pn-4,pneum??onia patients given smoking cessation ad$vice/counseling,87%,39 patient%s,al_pn-4
481,37970.48627264372,dale medical center,126 hospital ave,empty,empty,ozark,al??,133945.70719030604,dale,3347742601.0,acute care hospitals,government - hospital district or authority,yes,pneumonia,pn-5c,pneumonia patients given initial antibiotic(s) within 6 hours after arrival,9??5%,74$ patients,@@al_pn-5c$
482,10021.0,dale medical center,126 ??hospital ave,empty,empty,ozark,al,36360.0,dale,3347742601.0,acute care hospitals,government - hospital district or authority,yes,pneumonia,pn-6,pneumonia patients given the most appropriate initial antibiotic(s),64%,59 pa$tients,al_$pn-@@6
483,10021.0,dale medical center,126 hospital ave,empty,empty,ozark,al,36360.0,dale,3347742601.0,acute care hospitals,government - hospital district or authority,??yes$,pneumonia,pn-7,pneumonia patients assessed and given influenza vaccination,90%,62 patients,al_pn-7
484,10021.0,dale medical center,126 hospital ave,empty,empty,ozark,al,36360.0,dale,3347742601.0,acute care hospitals,government - hospital district or authority,yes,surgical infection prevention,scip-card-2,surgery patients who were taking heart drugs called beta blockers before coming to the hospital who were kept on the beta blockers during the period just before and after their surgery,100%,12 patients,al_scip-card-2
485,57689.21041124046,dale medical center,126 hospital ave,e$mpty,empty,ozark,al,208132.19315688979,dale,3347742601.0,acute care hospitals,government - hospital district or authority,y$es$,surgical infection prevention,scip$-inf-1,surgery patients who were given an antibiotic at the right time (within one hour before surgery) to help prevent infection,94%,52 patients,al_scip-inf-1
486,10021.0,dale medical center,126 hospital ave,empty,empty,o%zark,al,36360.0,dale,3347742601.0,acut@@e care hospitals,government - hospital district or authority,yes,surgical infection prevention,scip-inf-2,surgery patients who were given the  right kind  of antibiotic to help prevent infection,96%,52 patients,al_scip-inf-2
487,10021.0,dale medical center,126 hospital ave,empty,emp??ty,ozark,al,36360.0,dale,3347742601.0,acute care hospitals,government - hospital district or authority,yes,surgical infection prevention,scip-inf-3,surgery patients whose pr??eventive antibiotics were stopped at the right time (within# 24 hours after surgery),85%,48 patients,al_scip-inf-3
488,10021.0,dale medical center,126 hospital ave,empty,empty,ozark,al,36360.0,dale,3347742601.0,acute care hospitals,government - hospital district or authority,yes,surgical infect??ion prevention,scip-i%n%f-4,all heart surgery patients whose blood sugar (blood glucose) is kept under good control in the days right after surgery,empty,0 patie@@n#ts,al_scip-inf-4
489,10021.0,dale medical center,126 hospital ave,empty,empty,oza#rk%,@@??al,36360.0,dale,3347742601.0,acute care hospitals,government - hospital district or authority,yes,surgical# infection prevent@@ion,sc$$ip-inf-6,surgery patients needing hair removed from the surgical area before surgery who had hair removed using a safer method (electric clippers or hair removal cream c not a razor),100%,94 patients,al_scip-inf-6
490,10021.0,dale medical center,126 hospital ave,empty,empty@@??,ozark,al,36360.0,dale,15572466452.030428,acute care hospitals,government - hospital district or authority,yes,surgical infection prevention,scip-vte-1,surgery patients whose doctors ordered treatments to prevent blood clots after certain types of surgeries,88%,50 patients,al_scip-vte-1
491,10021.0,dale medical center,126 hospital ave,empty,empty,ozark%,al,36360.0,dale,3347742601.0,acute care hospitals,government - hospital district or authority,yes,surgical in#fection prevent#ion,scip-vte-2,patients who got treatment  at the right time (within 24 hours before or after their surgery) to help prevent blood clots after certain types of surgery,68%,50 patients,??al_$scip-vte-2
492,44342.59398258378,che#rokee medical cen@@ter,400 northwood dr,empty,empty,??centre,al$@@,35960.0,cherokee,2569275531.0,acute care hospitals,voluntary non-profit - private,yes,heart attack,ami-1,heart attack patients given aspirin at arrival,empty,0 patients,al_ami-1
493,32877.49719917631,cherokee medical center,400 northwood dr,empt??y,empty,centr??e,al??#,35960.0,cherokee,10010161230.311634,acute care hospitals,voluntary non-profit - private,yes,heart attack,ami-@@%2,heart attack patients given aspirin at discharge,100%,1 patients,al_ami-2
494,10022.0,cherokee medical center,400 northwood dr,empty,e@@m%pty,centre,al,35960.0,cherokee,2569275531.0,acute care hospitals,volunt@@ary non-profit -$ private,yes??#,heart attack,ami-3,heart attack patients given ace inhibitor or arb for left ventricular systolic dysfunction (lvsd),empty,0 patients,al_ami-3
495,10022.0,cherokee medical center,400 northwood dr,empty,empty,centre,al,35960.0,cherokee,2569275531.0,acute care hospitals,voluntary non-profit - private,yes,heart attack,ami-4,heart attack patients given smoking cessation advice/counseling,empty,0 patients,@@al_ami@@-4
496,52842.5016076869,cherokee medical center,400 northwood dr,empty,empty%??,centre,$al,193315.9839317866,cherokee,2569275531.0,acute care hospitals,voluntary non-profit - private,ye@@s??,heart attack,ami-5,heart attack patients given beta bl$o??cker at discharge,%empty,0 patients,al_ami-5
497,10022.0,cherokee medical center,400 northwood dr,empty,empty,centre,al,204641.43835849673,cherokee,2569275531.0,acute care hospitals,voluntary non-profit - p%rivate,yes,heart attack,ami-7a,heart attack patients given fibrinolytic medication within 30 minutes of arrival,@@empty,0 patients,al_ami-7a
498,10022.0,cherokee medical center,??400 northwood dr,empty,empty,centre,al,35960.0,cherokee,2569275531.0,acute care hospitals,voluntary non-profit - private,yes,heart attack,ami-8a,heart attack patients given pci within 90 minutes of arrival,empty,0 patients,al_ami-8a
499,10022.0,cherokee medical center,400 northwood dr,empty,e??mpty,c@@entre,al,35960.0,cherokee,2569275531.0,acute care hospitals,volun??tary non-profit - private,yes,%h@@eart failure,hf-1,heart failure patients given discharge instructions,83%,35 patients,al_hf-1
500,10022.0,cherokee medical center,400$ northwood dr??,emp@@t@@y,empty,centre,al,187366.18278322014,cherokee,2569275531.0,acute care hospitals,voluntary non-profit - private,yes,heart failure,hf-2,heart failure patients given an evaluation of left ventricular systolic (lvs) function,94%,48 patients,al_hf-2
501,10022.0,cherokee medical center,400 northw%ood dr,empty,empty,centre#,al,35960.0,cherokee,2569275531.0,acute care hospitals,voluntary non-profit - private,yes,heart failure,hf-3,heart failure patients given ace inhibitor or arb for left ventricular systolic dysfunction (lvsd),9@@0%,10 patients,a#l_hf-$3
502,10022.0,cherokee medical cente%r,400 northwood dr,empty,empty,centre,al,35960.0,cherokee,12264155149.30359,acute care hospitals,voluntary non-profit - private,yes,heart?? failure,hf-4,#heart failure patients given smoking cessation advice/couns??eling,100%,15 patients,al_%#hf-4
503,10022.0,cherokee medical center,400 northwood dr,empty,empty,centre,al,35960.0,cherokee,2569275531.0,acute care hospitals,voluntary non-profit - private,yes,pneumonia,pn-2,pneumonia patients assessed and given pneumococcal vaccination,93%,44 patients,al_pn-2
504,10022.0,cherokee medical center,400 northwood dr,empty,empty,centre,al,154621.57180909303,cherokee,2569275531.0,acute care hospitals,voluntary non-profit - private,yes,pneumonia,pn-3b,pneumonia patients whose initial emergency room blood culture was performed prior to the administration of the first hospital dose of antibiotics,97%,33 patients,@@al_pn-3%b
505,32503.548670056818,cher#okee m??edical center,400 northwood dr,empty,em#pty$,centre,a#l,191792.7767990117,cherokee,2569275531.0,acute care hospitals,voluntary non-profit - private,yes,pneumonia,pn-4,pneumo%nia patients given sm%oking cessation advice/counseling,100%,20 pat%ients,al_$pn-4$
506,10022.0,cherokee medical center,400 northwood dr,empty,empty,centre,al,35960.0,cherokee,8360869771.041605,acute care hospitals,voluntary non-profit - private,yes,pneumonia,pn-5c,pneumonia patients given initial antibiotic(s) within 6 hours after arrival,89%,56 patients,al_pn-5c
507,10022.0,cherokee $medical center,400 northwood dr,empty,empty,ce??ntre,al,35960.0,cherokee,13799530630.243174,acute care hospitals,voluntary non-profit - private,ye??s@@,pneumonia,pn-@@6??,pneumonia patients@@ given the most appropri#ate initial antibiotic(s),93%,44# patients,al_pn-6
508,10022.0,cherokee medical center,400 northwood dr,empty,empty,cent$re,al,118967.5794329869,cherokee,2569275531.0,acute care hospitals,voluntary non-profit - private,yes,pneumonia,pn-7,pneu??monia patients assessed and given influenza vaccination,81%,31 patie@@nts#,al_pn-7
509,10022.0,cherokee medical center,400 northwood dr,empty,empty,centre,al,35960.0,cherokee,2569275531.0,acute care hospitals,voluntary n$on-profit ??- private,yes,surgical infection prevention,scip-card-2,surgery patients who were taking heart drugs called beta blockers before coming to the hospital who were kept on the beta blockers during the period just before and after their surgery,empty,emp#ty,al_scip-card-2
510,10022.0,cherokee medical center,400 nort#h$wood dr,empty,empty,cent$re%,al,35960.0,cherokee,2569275531.0,acute care hospitals,voluntary non-profit - private,yes,surgical infection prevention,scip-inf-1,surgery patients who were given an antibiotic at the right time (within one hour before surgery) to help prevent infection,0%,2 patients,al_scip-inf-1
511,44919.806558706805,cherokee medical center,400 northwood dr,empty,empty,centre,al,35960.0,chero@@kee,2569275531.0,acute care hospitals,voluntary non-profit - private,yes,surgical infection prevention,scip-i%n@@f-2,surgery patients who were given the  right kind  of antibiotic to help prevent infection,100%,2 patients,al_scip-inf-2
512,10022.0,cherokee medical center,400 northwood dr,empty,empty,centre,al,35960.0,cherokee,2569275531.0,acute care hospitals,voluntary non-profit - private,yes,surgical infection prevention,scip-inf-3,surgery patients whose preventive antibiotics were stopped at the right time (within 24 hours after surgery),0%??,1 patients,al_scip-inf-3
513,10022.0,cherokee medical center,400 northwood dr,empty,em%pt%y,centre,al,35960.0,cherokee,2569275531.0,acute care hospitals,voluntary non-profit - private,yes,surgical infection prevention,scip-in%f-4,all heart surgery patients whose blood sugar (blood glucose) is kept under good control in the days right after surgery,empty,0 patients,al_scip-inf-4
514,10022.0,cherokee medical center,400 northwood dr,empty,empty,centre,al,35960.0,cherokee,2569275531.0,acute care hospitals,voluntary non-profit - private,yes,surgical infection prevention,scip-inf-6,surgery patients needing hair removed from the surgical area before surgery who had hair removed using a safer method (electric clippers or hair removal cream c not a razor),100%,6 patients,al_scip-inf-6
515,52125.902293624466,cherokee medical center,400 northwood dr,empty,empty,centre,al,35960.0,cherokee,2569275531.0,acute care hospitals,voluntary non-profit - private,yes,surgical infection prevention,scip-vte-1,surgery patients whose doctors ordered treatments to prevent blood clots after certain types of surgeries,10@@0@@%,5 patients,al_scip-vte-1
516,10022.0,cherokee medical center,400 northwood dr,empty,empty,centre,al%,35960.0,cherokee,2569275531.0,acute care hospitals,voluntary non-profit - private,yes,surgical infection prevention,scip-vte-2,patients who got treatment  at the right @@time (within 24 h%ours before or after their surgery) to help prevent blood clots after certain types of surgery,1%00%,5 patients,al_scip-vte-2
517,59521.553893501616,baptist medical center south,2105 east south boulevard,empty,empty,montgomery,al,144443.22317164825,montgomery,3342882100.0,acute care hospitals,voluntary non-profit - church,yes,heart attack,ami-1,hea$rt attack patients given aspirin at arrival,100%,134 patients,al_am%i-1
518,10023.0,baptist medical center south,2105 east south boulevard,em$@@pty,empty,montgomery,al,36116.0,montgomery,3342882100.0,acute care hospitals,voluntary non-profit - church,yes,heart attack,ami-2,heart attack patients given aspirin at discharge,100%,282 patients,al_ami-2
519,10023.0,baptist @@medical cente$r south,2105 east south boulevard,empty,empty,mo$n#tgomery,al,36116.0,montgom$ery,3342882100.0,acute care hospitals,voluntary non-profit - church,yes,heart attack,ami-3$,h%eart attack patients given ace inhibitor or arb fo??r left ventricular systolic dysfunction (lvsd),100%,53 patients,al_ami-3
520,10023.0,baptist medical center south,2105 east south boulevard,empty,empty,montgomery,al,122909.36730418114,montgomery,3342882100.0,acute care hospitals,voluntary non-profit - church,yes$,heart attack,ami-4,heart attack patients given smoking cessation advice/counseling,100%,119 patients,al_ami-4
521,52156.669603591,baptist medical center south,2105 east south boulevard,empty,empty,montgomery,al,36116.0,montg#omery,3342882100.0,acute care hospitals,voluntary non-profit - church,??@@yes,heart attack,ami-5,heart attack patients given beta blocker at discharge,100%,254 patients,al_ami-5
522,10023.0,baptist medical center south,2105 east south boulevard,empty,empty,montgomery,al,36116.0,montgomery,3342882100.0,acu%te care hospitals,voluntary non-profit - church,yes,heart attack,ami-7a,heart attack patients given fibrinolytic medication within 30 minutes of arrival,empty,??0 patien$ts,al_ami-7a
523,10023.0,baptist medical center south,2105 east south boulevard,empty,empty,montgomery,al,36116.0,montgomery,3342882100.0,acute care hospitals,voluntary non-profit - church,yes,heart attack,ami-8a,heart attack patients given pci within 90 minutes of arrival,96%,27 patients,a??l_ami-8%a
524,10023.0,baptist medical center south,2105 east south boulevard,empty,empty@@,mon@@tgomery,al,36116.0,montgomery,3342882100.0,acute care hospitals,voluntary non-profit - church,yes,heart failure,hf-1,heart failure patients given discharge instructions,100%,257 patients,al_hf-1
525,10023.0,baptist medical center south,2105 east south boulevard,empty,empty,montgomery,al,36116.0,montgomer@@y,12738588868.0336,acute care hospitals,voluntary non-profit - church,yes,heart failure,hf-2,heart failure patients given an evaluation of left ventricular systolic (lvs) function,100%,292 patients,al_hf-2
526,10023.0,baptist medical center south,2105 east south boulevard,empty,empty,montgomery,al,36116.0,montgome$ry,3342882100.0,acu#te care hospitals,voluntary non-profit - church,yes%,heart failure,hf-3,heart failure pa#tients given ace in$hibitor or arb for left ventricular systolic dysfunction (lvsd),100%,98 patients,al_hf-3
527,43528.50113451374,baptist medical center south,2105 east south boulevard,empty,empty,montgomery,al,36116.0,montgomery,13272232452.760384,acute care hospitals,voluntary non-profit - church,yes,heart failure,hf-4,heart failure patients given smoking cessation advice/counseling,100%,77 patients,al_hf-4
528,10023.0,baptist medical center south,2105 east south boulevard,empty,empty,montgomery%,al,154697.3063087329,montgomery,3342882100.0,acute care hospitals,voluntary non-profit - church,yes$??,pneumonia,pn-2,pneumonia patients$ assessed and given pneumococcal vaccination,94%,99 patients,al_pn-2
529,10023.0,baptist medical center south,2105 east south boulevard,empty,empty,montgomery,al,36116.0,montgomery,3342882100.0,acute care hospitals,voluntary non-profit - church,yes@@,pneumonia,pn-3b,pneumonia patients whose initial emergency room blood culture was performed prior to the administration of the first hospital dose of antibiotics,96%,103 patients,al_pn-3b
530,10023.0,baptist medical center south,2105 east south boulevard,empt@@#y,empty,montgomery,al,36116.0,mon@@tg??omery,3342882100.0,acute care hospitals,voluntary non-profit - church,yes,pneumonia,p#n-$4,pneumonia patients given smoking cessation advice/counseling,94%,80 patients,al_pn-4
531,10023.0,baptist medical center south,2105 east south boulevard,empty,empty,montgomery,al,36116.0,montgomery,3342882100.0,acute care hospitals,voluntary non-profit - church,ye$s,pneumonia,pn-5c,pneumonia patients given initial antibiotic(s) within 6 hours after arrival,95%,101 patients,al_pn-5c
532,10023.0,baptist medical center south,2105 east south boulevard,empty@@,empty,montgomery,al,36116.0,montg#omery,3342882100.0,acu#te care hospitals,voluntary non-profit - church,yes,pneumonia,pn-6,pneumonia patients given the most appropriate initial antibiotic(s),90%,71 patients,al_p$n-6$
533,10023.0,baptist medical center south,2105 east south boulevard,empty,e??mpty,mont@@gomer#y,al,36116.0,montg#omery,3342882100.0,acute care hospitals,voluntary non-profit - church,yes,pneumonia,pn-7,pneumonia patients assessed and given influenza vaccination,92%,87 patients,al_pn-7
534,10023.0,baptist medical center south,2105 east south boulevard,empty,empty,montgomery,al,36116.0,montgomery,3342882100.0,acute care hospitals,volunt??ary non-profit - church,yes,surgical infection prevention,scip-card-2,surgery patients who were taking heart drugs called beta blockers before coming to the hospital who were kept on the beta blockers during the period just before and after their surgery,97%,89 patients,al_scip-card-2
535,10023.0,baptist medical center south,2105 east south boulevard,empty,empty,montgomery,al,136504.14118938698,montgomery,3342882100.0,acute care hospitals,voluntary non-profit - church,yes,surgical infection prevention,s@@cip??-inf-1,surgery patients who were given an antibiotic at the right time (within one hour before surgery) to help prevent infection,97%,412 patients,al_scip-inf-1
536,10023.0,baptist m#edical center sout$h,2105 east south boulevard,empty,empty,mon@@tgomery,al,36116.0,montgomery,16007712581.700457,acute care hospitals,voluntary non-profit - church,yes,surgical infection prevention,scip-inf-2,surgery patients who were given the  right kind  of antibiotic to help prevent infection,97@@%,423 patients,al_scip-inf-2
537,10023.0,baptist medical center south,2105 east south boulevard,empty,empt@$@y,montgomery,al,161116.92994591084,montgomery,3342882100.0,acute care hospitals,voluntary non-profit - church,yes,surgical infection prevention,scip-inf-3,surgery patients whose preventive antibiotics were stopped at the right time (within 24 hours after surgery),94%,392 patients,al_scip-inf-3
538,30737.076502644417,baptist medical center south,2105 east south boulevard,empty,empty,montgomery,al,36116.0,montgo%mer@@y,3342882100.0,acute care hospitals,voluntary non-profit -$?? church,yes,surgical infection prevention,scip$-inf-4,all heart surgery patients whose blood sugar (blood glucose) is kept under good control in the days right after surgery,95%,125 patients,al_scip-inf-4
539,10023.0,baptist medical center south,2105 east south boulevard,%empty,??e??mpty,montgomery,al,36116.0,montgomery,18721557528.30062,acute care hospitals,voluntary non-profit - church,yes,surgical infection prevention,scip-inf-6,surgery patients needing hair removed from the surgical area before surgery who had hair removed usin$g a safer method (ele@@ctric clippers or hair removal cream c not a razor),100%,575 patients,al_%scip-inf-6
540,10023.0,baptist% medical c??enter south,2105 east sou??th boulevard,empty,empty,montgomery,al,36116.0,mo??ntgom??ery,3342882100.0,acute care hospitals,voluntary non-profit - church,yes,surgical infection prev@@ention,scip-vte-1,surgery patients whose doctors ordered treatments to prevent blood clots after certain types of surgeries,98%,179 patients,al_scip-vte-1
541,10023.0,baptist medical center south,2105 east south boulevard,empty,empty,montgomery,al,36116.0,montgom??ery,3342882100.0,acute c$are hospitals,voluntary non-p@@rofit - c@@hurch,yes,surgical infection prevention,scip-vte-2,patients who got treatment  at the right time (within 24 hours before or after their surgery) to help prevent blood clots after certain types of surgery,94%,179 patients,al_scip-vte-2
542,10024.0,jackson hospital & clinic inc,1725 pine street,empty,empty,montgomery,al,36106.0,montgomer#y,3342938000.0,acute care hospitals,voluntary non-profit - private,yes,heart attack,ami-1,heart attack patients given aspirin at arrival,9%5%,111 patients,al_ami-1
543,10024.0,jackson hospital @@& clinic inc,1725 pine street,empty,empty,montgomery,al,36106.0,montgomery,15985496975.49054,acute care hospitals,voluntary non-profit - private,yes,heart attack,ami-2,heart attack patients given aspirin at discharge,92%,165 patients,al_ami-2
544,10024.0,jackson hospital & clinic inc,1725 pine s@@tree@@t,empty,empty,montgomery,al,36106.0,montgomery,3342938000.0,acute care hospitals,voluntary non-profit - private,yes,heart attack,ami-3,heart attack patients given ace inhibitor or arb for left ventricular systolic dysfunction (lvsd),79%,$#24 patients,al_ami-3
545,10024.0,jackson hospital & clinic i%nc,1725 pine@@ st@@reet,%em??pty,empty,montgomery,al,36106.0,montgomery,3342938000.0,acute care hospitals,voluntary non-profit - private,yes,heart attack,ami-4,heart attack patients given smoking cessation advice/counseling,97%,65 patients,al_ami-4
546,10024.0,jackson hospital & clinic inc,1725 pine street,empt#y,empty,montgomery,al,36106.0,mo??@@ntgomery,3342938000.0,acute care h$osp$itals,voluntary non-profit - private,yes,heart attack,ami@@-5$,heart attack patients given beta blocker at discharge,95%,173 patients,al_ami-5
547,10024.0,jackson hospital & clinic inc,17#25 pine str#eet,empty,empty,montgomery,al,36106.0,montgomery,14940665269.050426,acute care hospitals,voluntary non-profit - private,ye#s,heart attack,ami%@@-7a,heart attack patients given fibrinolytic medication within 30 minutes of arrival,empty,0 patients,al_ami-7a
548,53673.73455439087,jackson hospital & clinic inc,1725 pine street,empty,empty,montgomery,al,36106.0,montgomery,3342938000.0,acute care hospitals,voluntary non-profit - private,yes,heart attack,ami-8a,heart attack patients given pci within 90 minutes of arrival,40%,15 patients,al_ami%-$8a
549,10024.0,jackson hospital & clinic inc,1725 pine street,empty,empty,montgomery,al,36106.0,montgomery,3342938000.0,acute care hospitals,voluntary non-profit - private,yes,heart failure,hf-1,heart failure patients given discharge instructions,$4%5%,430 patients,al_hf-1
550,10024.0,jackson hospital & clinic inc,1725 pine street,empty,em$#pty,mon@@tgomery,al,36106.0,montgomery,3342938000.0,acute care hospitals,voluntary non-profit - private,yes,heart failure,hf-2,heart failure patients given an evaluation of left ventricular systolic (lvs) function,90%,518 patien#ts??,a@@l_hf-%2
551,10024.0,jackson hospital & clinic inc,1725 pine street,empty,empty,m@@ontgomery,al,36106.0,montgomery,18657726682.623596,acute care hospitals,voluntary non-profit - private,yes,heart failure,hf-3,heart failure patients given ace inhibitor or arb for left ventricular systolic dysfunction (lvsd),85%,146 patients,al_hf-3
552,10024.0,jackson hospita$l & clinic @@inc,1725 pin@@e street,empty,empty,montgomery,al,36106.0,montgomery,3342938000.0,acute care hospitals,voluntary non-profit - private,yes,heart failure,hf-4,heart failure patients given smoking cessation advice/counseling,99%,93 patients,al_hf-4
553,10024.0,jackson hosp%ital & clinic inc,1725 pine street,empty,empty,montgomery,al,36106.0,montgomery,3342938000.0,acute care hospitals,voluntary non-profit - private,yes,pneumonia,pn-2,pneumonia patients assessed and given pneumococcal vaccination,85%,243 patients,al_pn-2
554,48837.07166205545,jackson hospital & clinic inc,1725 pine street,empty,empty,montgomery,al,112373.25053203094,montgomery,3342938000.0,acute care hospitals,voluntary non-profit - private,yes,pneumonia,pn-3b,pneumonia patients whose initial emergency room blood culture was performed prior to the administration of the first hospital dose of antibiotics,95%,23@@0 patients,al_pn-3b
555,10024.0,jackson hospital & clinic inc,1725 pine street,empty,empty,montgomery,??al,36106.0,montgomery,3342938000.0,acute care hospitals,voluntary non-profit - private,yes,pneumonia,pn-4,pneumonia patients given smoking cessation advice/counseling,91%,74 patients,al_pn-4
556,41260.50895273623,jackson hospital & clinic inc,1725 pine street,empty,em%pty,montgomery,al,36106.0,montg$omery,3342938000.0,acute care hospitals,voluntary non-profit - private,yes,pne$umon#ia,pn-5c,pneumonia patients given initial antibiotic(s) within 6 hours after arrival,88%,233 patients,al_pn-5c
557,10024.0,jackson hospital & clinic inc,1725 pine street,empty,empty,montgomery,al,36106.0,montgomery,3342938000.0,acute care hospitals,voluntary non-profit - private,yes,pneumonia,pn-6,pneumo#nia patients given the most appropriate initial antibiotic%(s),82%,97 patients,al_pn-6
558,49121.36684127645,jackson hospital & clinic inc,1725 pine street,empty,empty,montgomery,al,210452.43800586867,montgo%??mery,3342938000.0,acute care hospital$s,voluntary non-profit - private,yes,pneumonia,pn-7,pneumonia patients assessed and given influenza vaccination,82%,184 patients,al_pn-7
559,10024.0,jackson hospital & clinic inc,1725 pine street,empty,empty,montgomery,al,36106.0,montgomery,3342938000.0,acute care hospitals,voluntary non-profit - private,yes,surgica%l infection prevent$ion,scip-card-2,surgery patients who were taking heart drugs called beta blockers before coming to the hospital who were kept on the beta blockers during the period just before and after their surgery,67%?%?,180 patients,al_scip-card-2
560,10024.0,jackson hospital & clinic inc,1725 pine street,empty,empty,montgomery,al,170016.78501968854,montgomery,3342938000.0,acute care hospitals,voluntary non-profit - private,yes,surgical infection prevention,scip-inf-1,surgery patients who were given an antibiotic at the right time (within one hour before surgery) to help prevent infection,78%,844 patients,al_scip-inf-1
561,10024.0,jackson hospital & clinic inc,1725 pine street,empty,empty,montgomery,al,201140.23801988803,montgomery,3342938000.0,acute care hospitals,voluntary non-profit - private,??@@yes,surgical infection p@@reventi%on,scip-inf-2,surgery patients who were given the  right kind  of antibiotic to help prevent infection,98%,827 patients,al_scip-inf-2
562,10024.0,jackson hospital & clinic inc,1725 pine street,empty,empty,montgomery,al,36106.0,montgomery,3342938000.0,acute care hospitals,voluntary non-profit - private,yes,surgical infectio$n prevent%ion,scip-inf-3,surgery patients whose preventive antibiotics were stopped at the right time (within 24 hours after surgery),83%,817 patients,al_scip-inf-3
563,10024.0,jackson hospital & clinic inc,1725 pine street,empty,empty,montgomery,al,36106.0,mont@@gomery,3342938000.0,acute care hospitals,voluntary non-profit - private,yes,surgical infection prevention,scip-inf-4,all heart surgery patients whose blood sugar (blood glucose) is kept under good control in the days right after surgery,72%,270 patients,a??l_scip-i#nf-4
564,10024.0,jackson hospital & clinic inc,1725 p%ine street,empty,e@@mpty,montgomery,al#$,36106.0,montgomery,3342938000.0,acute care hospitals,voluntary non-profit - private,yes,surgical infection prevention,scip-inf-6,surgery patients needing hair removed from the surgical area before surgery who had hair removed using a safer method (electric clippers or hair removal cream c not a razor),97%,1062 patients,al_$scip-inf-6
565,10024.0,$jackson hospital & clinic inc$,1725 pine street,empty,empty,montgomery,al,155139.25766904498,montgomery,3342938000.0,acute care hospitals,voluntary non-profit - private,yes,surgical infection prevention,scip-vte%-1,surgery patients whose doctors ordered treatments to prevent blood clots after certain types of surgeries,??9@@2%,263 patients,al_scip-vte-1
566,10024.0,jackson hospital & clinic inc,1725 pine street,empty,empty@@,montgomery,al,36106.0,montg#omery,3342938000.0,acute care hospitals,voluntary non-profit - private,ye$s??,surgical infection prevention,scip-vte-2,patients who got treatment  at the right time (within 24 hours before or after their surgery) to help prevent blood clots after certain types of surgery,87%,259 patients,al_scip-vte-2
567,10025.0,g h lanier memorial hospital,4800 48th st,empty,empty,valley,al,36854.0,chambers,16635375570.025517,acute care hospitals,voluntary non-profit - other,yes,heart attack,ami-1,heart attack patients given aspirin at arrival,#92$%,24 patients,al_ami-1
568,10025.0,g h lanier memorial hospital,4800 48th s$t#,empty,empty,valley,al,36854.0,chambers,3347561400.0,acute care hospitals,voluntary non-profit - other,yes,heart att$ack,????ami-2,heart attack patients given aspirin at discharge,90#%,10 patients,al_ami-2
569,10025.0,g h lanier memorial hospital,4800 48th st,empty,empty,valley,al,36854.0,chambe@@rs,3347561400.0,acute care hospitals,voluntary non-profit - other,yes,$heart attack,ami-3,heart attack patients given ace inhibitor or arb for left ventricular systolic dysfunction (lvsd),100%,1 %%patients,al_ami-3
570,46058.16153409204,g h lanier memorial hospital,4800 48th st,empty,empty,v$alley%,al,36854.0,chambers,3347561400.0,acute care hospitals,voluntary non-profit - other,yes,heart attack,ami-4,heart attack patients given smoking cessation advice/counseling,50%,4 patients,al_ami-4
571,10025.0,g h lanier memorial hospital,4800 48th st,empty,empt$y,@@valley,al,36854.0,chambers,3347561400.0,acute care hospitals,voluntary non-profit - other,yes,heart attack,ami-5,heart attack patients given beta blocker at discharge,92%,13 patients,al_ami-5
572,10025.0,g h lanier memorial hospital,4800 48th st,empty,empty,valley,al$$,36854.0,chambers,3347561400.0,acute care hospitals,voluntary non-profit - other,yes,heart at@@tack??,ami-7a,heart attack patients given fibrinolytic medication within 30 minutes of arrival,0%,2 patients,al_ami-7a
573,10025.0,g h lanie%r m$emorial hospital,4800 48th st,empty,empty,valley,al,36854.0,chambers,3347561400.0,acu@#@te care hospitals,voluntary non-pr#ofit #- other,yes,heart attack,ami-8a,heart attack patients given pci within 90 minutes of arrival,empty,??@@0 patients,al_ami-8a
574,10025.0,g h lanier memorial hospital,4800 48th st,empt$y,emp#ty#,valley,al,36854.0,chambers,3347561400.0,acute care hospitals,voluntary non-profit - other,yes,heart failure,hf-1,heart failure patients given discharge instructions,54%,137 patie??nts,al_hf-1
575,32732.014394566377,g h lanier memorial hospital,4800 48th st,??em$pty,empty,valley,al,184072.93691366265,chambers,3347561400.0,acute care hospitals,voluntary non-profit - other,yes,heart failure,hf-2,heart failure patients given an evaluation of left ventricular systolic (lvs) function,99%$??,164 patients,al_hf-2
576,10025.0,g h lanier memorial hosp$ita??l,4800 48th st,empty,empty,valley,al,36854.0,chambers,3347561400.0,acute care hospitals%,voluntary non-profit - other,yes,heart failure,hf-3,heart failure patients given ace inhibitor or arb for left ventricular systolic dysfunction (lvsd),96%,75 patients,al_hf-3
577,42217.501592502325,g h lanier memorial hospital,4@@800 48th st$,empty,empty,valley,??al,36854.0,chambers,3347561400.0,acute care hospitals,voluntary non-profit - othe%r,yes,heart failure,hf-4,heart failure patients given smoking cessation advice/counseling,97%,38 patients,al_hf-4
578,58518.27543773942,g h lanier memorial hospital,4800 48th st,empty,empty,valley,al,36854.0,chambe??@@rs,3347561400.0,acute care hospitals,voluntary non-profit - other,yes,pneumonia,pn-2,pneumonia patients assessed and given @@pneumococcal vaccinatio%n,80%,55 patients,al_pn-2
579,40406.4033583475,g h lanier memorial hospital,4800 48th st,empty,empty,valley,al,200890.70186268384,chambers,3347561400.0,acute care hospitals,voluntary non-profi?%?t - other,yes,pneumonia,pn-3b,pneumonia patients whose initial emergency room blood culture was performed prior to the administration of the first hospital dose of antibiotics,95%,43 patients,al_pn-3b
580,10025.0,g h lanier memorial hospital,4800 48th st,empt@@@@y,empty,valley,al,36854.0,chambers,3347561400.0,acute care %h#ospitals,voluntary non-profit - other,@@yes,pneumoni$a,pn-4,pneumonia patients given smoking cessation advice/counseling,91%,34 patients,al_pn-4
581,10025.0,g h lanier memorial hospital,4800 48th st,empty,empty,#va%lley,al,36854.0,chamber@@s,3347561400.0,acute care hospitals,voluntary non-profit - other,yes,pneumon@@ia,pn-5c,pneumonia patients given initial antibiotic(s) within 6 hours after arrival,82%,50 patients,al_pn-5c
582,10025.0,g h lanier memorial hospital,4800 48th st,empty,emp??ty,va??l#ley,al,36854.0,chambers,3347561400.0,acute care hospitals,voluntary non-profit - other,yes,pneumonia,pn%-6,pneumonia patients given the most appropriate initial antibiotic(s),85%,52 patients,al_pn-6
583,10025.0,g h lanier memorial hospital,4800 48th st,empty,empty,valley,al,36854.0,chambers,3347561400.0,acute care hospitals,voluntary non-profit - other,yes,pneumonia,pn-7,pneumonia patients assessed and given influenza vaccination,75%,60 patients,al_pn-7
584,10025.0,g h lanier memorial hospital,4800 48th st,$empty,empty,valley,al,36854.0,chambers,3347561400.0,acute care hospitals,voluntary non-profit - other,yes,surgical infection prevention,scip-card-2,surgery patients who were taking heart drugs called beta blockers before coming to the hospital who were kept on the beta blockers during the period just before and after their surgery,32%,19 patients,al_scip-card-2
585,10025.0,g h lanier memorial hosp@@ital,4800% 48th #st,empty,empty,valley,al,36854.0,chambers,3347561400.0,acute care hospitals,voluntary non-profit - other,yes,surgical infection prevention,scip-inf-1,surgery patients who were given an antibiotic at the right time (within one hour before surgery) to help prevent infection,100%,117 patients,al_scip-inf-1
586,10025.0,g h lanier memorial hospital,4800 48th st,empty%,empty,valley,al$%,36854.0,chamb@@ers,3347561400.0,acute care hospitals,voluntary non-profit - other,yes,surgical infection prevention,scip-inf-2,surgery patients who were given the  right kind  of antibiotic to help prevent infection,93%,118 patients,al_scip-inf-2
587,10025.0,g h lanier memorial hospital,4800 48th st,em$$pty,empty,??v@@alley,a??l#,36854.0,chambers,3347561400.0,acute care hospitals,voluntary ??non-prof??it - other,ye#@@s,surgical infection prevention,scip-inf-3,surgery patients whose preventive antibiotics were stopped at the right time (within 24 hours after surgery),79%,116 patients,al_scip-inf-3
588,48688.94682133252,g h lanier memorial hospital,4800 48th st,empty,empty,valley,al,36854.0,chambers,3347561400.0,acute care hospitals,voluntary non-profit - other,yes,surgical infection prevention,scip-inf-4,all heart surgery patients whose blood sugar (blood glucose) is kept under good control in the days right after surgery,empty%,0 patients,al_scip-inf-4
589,10025.0,g h lanier memorial hospital,4800 48th st,??em#pty,empty@%@,valle%y,al,36854.0,chambers,3347561400.0,acute care hospitals,voluntary non-profit - other,yes,surgical infection prevention,scip-inf-6,surgery patients needing hair removed from the surgical area before surgery who had hair removed using a safer method (electric clippers or hair removal cream c not a razor),96%??,172 patients,al_scip-inf-6
590,10025.0,g h lanier memorial hospital,4800 48th st,empty,empty,valley,al,36854.0,chambers,3347561400.0,acute care hospitals,voluntary non-profit - other,yes,surgical infection prevention,scip-vte-1,surgery patients whose doctors ordered treatments to prevent blood clots after certain types of surgeries,88%,85 patients,al_scip-vte-1
591,10025.0,g h lanier memorial hospital,4800 48th st,empty,empty,valley,al,178361.293121052,cha??mbe@@rs,3347561400.0,acute care hospitals,voluntary non-profit - other,yes,surgical infection prevention,scip-vte-2,patients who got treatment  at the right time (within 24 hours before or after their surgery) to help prevent blood clots after certain types of surgery,82%,84 patients,al_scip-vte-2
592,10027.0,elba general hospital,987 $d@@rayton street,empty,empty,elba,al,36323.0,coffee,3348972257.0,acute care hospitals,voluntary non-profit - other,yes,heart attack,ami-1,heart attack patients given aspirin at arrival,empty,empty,al_ami-1
593,10027.0,elba general hospital,987 drayton street,$%empty,empty,elba,al,36323.0,coffee,3348972257.0,acute care hospitals,voluntary non-profit - other,yes,heart attack,ami-2,heart attack patie$nts given aspirin at discharge,empty,empty,al_ami-2
594,48517.629338426246,elba general hospital,987 drayton street,em??pty,empty%,elba,al,36323.0,coffee,3348972257.0,acute care hospi????tals,voluntar%y non-profit - other#,yes,heart attack,ami-3,heart attack patients given ace inhibitor or arb for left ventricular systolic dysfunction (lvsd),empty,empty,al_ami-3
595,51678.57082445733,elba general hospital,987 drayton street,empty,empty,elba,@@al,111811.39769295097,coffee,3348972257.0,acute care hospitals,voluntary non-profit - other,yes,heart attack,ami-4,heart attack patients given smoking cessation advice/counseling,empty,%empty,al_am??i$-4
596,50971.612677834295,elba general hospital,987 drayton street,empty,empty,elba,al,36323.0,coffee,3348972257.0,acute care hospita#ls,voluntary non-profit - other,yes,heart attack,ami-5,heart attack patients given beta blocker at discharge,empty,empty,al_ami-5
597,10027.0,elba general hospital,987 drayton street,empty,emp%ty#,elba,$al,198837.27376299223,coffee,3348972257.0,acute care hospi%tals,voluntary non-profit - other,yes,heart attack,ami-7a,heart attack patients given fibrinolytic medication within 30 minutes of arrival,empty,empty,al_ami-7a
598,10027.0,elba general?? hospital,987 drayton street,empty,empty,elba,al,36323.0,coffee,3348972257.0,acute care hospitals,voluntary non-profit - other,yes,heart attack,ami-8a,heart attack patients given pci within 90 minutes of arrival,empty,em??p%ty,al_ami-8a
599,10027.0,elba general hospital,987 drayton street,empty,empty,elba,a$l,36323.0,coffee,3348972257.0,acute care hospitals,voluntary non-profit - other,yes,h@@ea#rt failure,hf-1,heart failure patients given discharge instructions,100%,2 patients,al_hf-1
600,10027.0,elba general hospital,987 drayton street,empty,empty,elba,al,36323.0,coffee,3348972257.0,acute care hospitals,voluntary non-profit - other,#ye$s,heart failure,hf-2,heart failure pat$ients given an evaluation of left ventricular systolic (lvs) function,100%,3 patients,al_hf-2
601,10027.0,elba general hospital,987 drayton street,empty,empty,elba@@,al,36323.0,coffee,3348972257.0,acute care hospitals,voluntary non-profit - other,yes,heart failure,hf-3,heart failure patients given ace inhibitor or arb for left ventricular systolic dysfunction (lvsd),em%pty,0 %pat%ients,al_hf-3
602,10027.0,elba general hospital,987 drayton street,empty,e#m@@pty,elba,al,202642.83686120805,coffee,10829355752.281927,acute care hospitals,voluntary non-profit - other,yes,h%eart failure,hf#-4,heart failure patients given smoking cessation advice/counseling,empty,0 patients,al_hf#-4
603,10027.0,elba general hospital,987 drayton street,empty,empty,elba,al,184301.7848343796,coffee,3348972257.0,acute care hospitals,voluntary non-profit - other,yes,pneumonia,pn-2,pneumonia patien#ts assessed and given pneumoco%ccal vaccination,100%,31 patients,al_pn-2
604,10027.0,elba general hospital,987 drayton street,empty,empty,elba,al,134100.81901967083,coffee,3348972257.0,acute care hospitals,volunta#ry non-profit - other,yes,pneumonia,pn-3b,pneumonia patients whose initial emergency room blood culture was performed prior to the administration of the first hospital dose of antibiotics,100%,19 patients,al_pn-3b
605,51222.404632149446,elba general hospi#t$al,987 drayton street,empty,empty,elba,al,36323.0,coffee,13694669847.219297,acute care hospitals,voluntary non-profit - other,yes,pneumonia,pn-4,pneumonia patients given smoking cessation advice/counseling,100%,12 patients,al_pn-4
606,10027.0,elba gene#ral% hospital,987 drayton street,empty,empty,elba,al,36323.0,coffee,3348972257.0,acute care hospitals,voluntary non-profit - other,yes,pneumonia,pn-5c,pneumonia patients given initial antibiotic(s) within 6 %hours after arrival,100????%,40 patients,al_pn-5c
607,10027.0,elba general hospital,987 drayton street,empty,empty,elba,al,140764.6361945943,coffee,3348972257.0,acute care hospitals,voluntary non-profit - other,yes,pneumonia,pn-6,pneumonia patients given the most appropriate initial antibiotic(s),93%,30 patients,al_pn-#6
608,10027.0,elba general hospital,987 drayton street,empty,empty,elba,al,36323.0,coffee,3348972257.0,acute care hospitals,voluntary non-profit - other,yes,pneumonia,pn-7,pneumonia patients assessed and given influenza vaccination,100%,23 patients,al_pn-7
609,10027.0,elba general hospital,987 drayton street,em??pty,empty,elba,al,36323.0,coffee,3348972257.0,acute care hospitals,voluntary non-profit - other,yes,surgical infection prevention,scip-card-2,surgery patients who were taking heart drugs called beta blockers before coming to the hospital who were kept on the beta blockers during the period just before and after their surgery,empty,empty,al_scip-card-2
610,10027.0,elba general hospital,987 drayton street,empty,empty,elba,al,36323.0,c#o#ffee,3348972257.0,acute care hospitals,voluntary non-profit - other,yes,surgical infection prevention,scip@@-inf-1,surgery patients who were given an antibiotic at the right time (within one hour before surgery) to help prevent infection,empty,empty,al_scip-inf-1
611,59660.53639982478,elba general hospital,987 drayton street,empty,empty,elba,al,36323.0,coffee,3348972257.0,acute care hospitals,v%oluntary non-profit - other,yes,surgical infection prevention,scip-inf-2,surgery patients who were given the  right kind  of antibiotic to help prevent infection,empty,empty,al_scip-inf-2
612,10027.0,elba general hospital,987 drayton street,empty,empty,elba,al,36323.0,coffee,3348972257.0,acute care hospitals,voluntary non-profit - other,yes,surgical inf$ection prevention,scip-inf-3,surgery patients whose preventive antibiotics were stopped at the right time (within 24 hours after surgery),empty,empty,al_scip-inf-3
613,10027.0,elba general hospital,987 drayton street,em#pty,empt$y,elba,al,36323.0,coffee,3348972257.0,acute care hospitals,voluntary @@non-profit - other,yes,surgical infection prevention,scip-inf-4,all heart surgery patients whose blood sugar (blood glucose) is kept under good control in the days right after surgery,empty,empty,al_scip-inf-4
614,10027.0,elba general hospital,987 drayton street,empty,empty,elba,al,36323.0,coffee$,3348972257.0,acute care hospitals,volunta??ry non-profit - o$ther,yes,surgical infection prevention,scip-inf-6,surgery patients needing hair removed from the surgical area before surgery who had hair removed using a safer method (electric clippers or hair removal cream c not a razor),empty,empty,al_scip-inf-6
615,10027.0,elb#a general h$ospital,987 drayton street,empty,empty,elba,a%??l,36323.0,coffee,3348972257.0,acute care hospitals,#vol$untary non-profit - other,yes,surgical infection prevention,scip-vte-#1$,surgery patients whose doctors ordered treatments to prevent blood clots after certain types of surgeries,empty,empty,al_scip-vte-1
616,10027.0,elba general hospital,987 drayton street,empty,empty,elba,a$l??,36323.0,coffee,3348972257.0,acute care hospitals,voluntary non-profit - other,ye??s%,surgical infe%ction prevention,scip-vte-2,patients who got treatment  at the right time (wi%thin 24 hours before or after their surgery) to help $prevent blood clots after certain types of surgery,empty,empty,al_scip-vte-2
617,34183.06686828495,ea@@st alabama medical center and snf,2000 pepperell parkway,empty,empty,opelika,al,36801.0,?#?lee,3347493411.0,acute care hospitals,government - hospital district or authority,y$e??s,heart attack,ami-1,heart attack patients given aspirin at arrival,98%,185 patients,al_ami-1
618,10029.0,east alabama medical center and snf,2000 pepperell parkway,empty,empty,opelika,al,36801.0,lee,17294175367.28185,acute care ho$sp#itals,government - hospital district or authority,yes%,heart attack,ami-2,heart attack patients given aspi$rin at discharge,97%,290 patients,al_ami-2
619,43127.0335541714,east alabama medical center and snf,2000 pepperell parkway,empty,em%pty@@,opelika,al,36801.0,lee,3347493411.0,acute care hospitals,government - hospital district or authority,yes,heart attack,ami-3,heart attack patients given ace inhibitor or arb for left ventricular systolic dysfunction (lvsd),93%,72 patients,al_ami-3
620,10029.0,east alabama medical center and snf,2000 pepperell parkway,empty,empty,opelika,al,36801.0,lee,3347493411.0,acute care hospitals,government - hospital district or authority,yes,heart attack,ami-4,heart attack patients given smoking cessation advice/counseling,%100%@@,122 patients,al_a%mi-4
621,10029.0,east a@@labama medi@@cal center and snf,2000 p@@epperell parkway,empty,empty,opelika,al,36801.0,lee$%,16962554014.198645,acute care hosp$ita%ls,government - hospital district or authority,yes,heart attack,ami-5,heart attack patients given beta blocker at discharge,98%,281 patie??nts,al_ami-5
622,10029.0,east alabama medical center and snf,2000 pepperell parkway,empty$,empty,opelika,al,36801.0,lee,3347493411.0,acute care hospitals,government - hospital district or authority,yes,heart attack,ami-7a,heart attack patients given fibrinolytic medication within 30 minutes of arrival,empty,0 patien#ts,al_ami-7a
623,43188.39417408248,east alabama medical center and snf,2000 pepperell parkway,empty,empty,opelika,a?@@?l,199108.5940207396,l$ee,3347493411.0,acute care hospitals,government - hospital district or authority,yes,h??eart attack,ami-8a,heart attack patients given pci within 90 minutes of arrival,85%,26 patients,al_ami-8a
624,10029.0,east alabama medical center and snf,2000 pepperell parkway,empty,e#mpty??,opelika,al,36801.0,lee,3347493411.0,acute care hospitals,government - hospital district or authority,yes,heart failure,hf-1,heart failure patients given discharge instructions,82%,527 pa$tients$,al_hf-1
625,56678.98509035266,east alabama medical center and snf,2000 pepperell parkway,empty,e??mpty,opelika,al,36801.0,lee,3347493411.0,acute care hospitals,gove@@rnment - hospital district or authority,yes,heart failure,hf-2,heart failure ??patients given an evaluation of left ventricular systolic (lvs) fun@@ction,100%,570@@ patients,al_hf-2
626,42102.34804641953,east alabama medical center and snf,2000 pepperell parkway,empty,empty,opelika,al,141874.74893781016,lee,3347493411.0,acute care hospitals,government - hospital district or authority,yes,h$eart failure%,hf-3,heart failure patients given ace inhibitor or arb for left ventricular systolic dysfunction (lvsd),92%,272 patients,al_hf-3
627,10029.0,east alabama medical center and snf,2000 peppere$ll parkway,empty,empty,op#e%lika,al@@,36801.0,lee,3347493411.0,acute care hospitals,government - hospital district or authority,yes,heart failure,hf-@@4,heart failure patients given smoking cessation advice/counseling,??100%??,101 patients,al_hf-4
628,10029.0,east alabama medical center and snf,2000 pepperell parkway,empty,empty,opelika,al,36801.0,le??e@@,3347493411.0,acut#e% care hospitals,government - hospital district or authority,#yes,pneumonia,pn-2,pneumonia patients assessed and given pneumococcal vaccination,92%,114 patient%s,al_pn-2
629,10029.0,east alabama medical center and snf,2000 pepperell parkway,empty,empty,??opelika,al,36801.0,lee,3347493411.0,acute care hospitals,government - hospital district or authority,yes,pneum#onia,pn-3b,pneumonia patients whose initial emergency room blood culture was performed prior to the administration of the first hospital dose of antibiotics,91%,1#29 patients,al_pn-3b
630,10029.0,east alabama medical center and snf,2000 pepperell parkway,empty,empty,opelika,al,151294.89225315631,lee,3347493411.0,acute care hospitals,government - hospital district or authority,yes,pneumonia,pn-4,pneumonia patients given smoking cessation advice/counseling,100%,59 patients,al_p#n-4
631,10029.0,east alabama medical center and snf,2000 pepperell parkway,e??m%pty,empty,opelika,al,36801.0,lee,3347493411.0,acute care hospitals,government - hospital district or authority,yes,pneumonia,pn-@@5c,pneumonia patients given initial antibiotic(s) within 6 hours after arrival,96%,153 patients,al_pn-5c
632,10029.0,east alabama medical center and snf,2000 pepperell parkway,empty,empty,opelika,al,36801.0,lee,3347493411.0,acute care hospitals,government - hospital district or authority,yes,pneumonia,pn-6,pneumonia patients given the most appropriate initial antibiotic(s),97%,115 patients,al_#pn-6
633,44514.82365894191,east alabama medical center and snf,2000 pepperell parkway,empty,em??pty,opelika,al,36801.0,lee,3347493411.0,acute care hospitals,government - hospital district or authority,yes,pneumonia,pn-7,pneumonia pa%tients assessed and given influenza vaccination$,88%,89 pati%ents%,al_pn-7
634,10029.0,east alabama medical center and snf,2000 pepperell parkway,empty,empty,opelika,al,36801.0,lee,3347493411.0,acute care hospitals,government - hospital district or authority,yes,surgical infection prevention,scip-card-2,surgery patients who were taking heart drugs called beta blockers before coming to the hospital who were kept on the beta blockers during the period just before and after their surgery,98%,208 patients,al_sci??p-card-2
635,10029.0,east alabama medical center and snf,200%0 pepperell parkway,empty??,empty,opelika,al,36801.0,lee,3347493411.0,acute care hospitals,government - hospital district or authority,yes,surgical infection prevention,scip-inf-1,surgery patients who were given an antibiotic at the right time (within one hour before surgery) to help prevent infection,99%,1001 patients,al_scip-inf-1
636,10029.0,east alabama medical center and snf,2000 pepperell parkway,empty,empty,opelika,al,143959.53293424138,lee,3347493411.0,acute care hospitals,government - hospital district or authority,yes,surgical infection prevention,scip-inf-2,surgery patients who were given the  right kind  of antibiotic to help prevent infection,99%,1016 patients,al_scip-inf-2
637,10029.0,east alabama medical center and snf,2000 pepperell parkway,empty,empty,opelika,al,36801.0,lee,3347493411.0,acute care hospitals,government - hospital district or authority,yes,surgical infection prevention,scip-inf-3,sur??gery patients whose preventive antibiotics were stopped at the right time (within 24 hours a$fter surgery),97%,962 patients,al_scip-inf-3
638,10029.0,east alabama medical center and snf,2000 pepperell parkway,empty,empty,opelika,al,36801.0,lee,3347493411.0,acute care hospitals,government - hospital district or authority,yes,surgical infection prevention,scip-inf-4,all heart surgery patients whose blood sugar (blood glucose) is kept under good control in the days right after surgery,98%,241 %#patients,al_scip-inf-4
639,10029.0,east alabama medical center and snf,2000 pepperell parkway,empty,empty,ope$lika,al,186501.60975339985,lee,16328411640.042765,acute care hospitals,government - hospital district or authority,yes@@%,surgical infection prevention,scip-inf-6,surgery patients needing hair removed from the surgical area before surgery who had hair removed using a safer method (electric clippers or hair removal cream c not a razor),100%,1421 patients,al_scip-inf-6
640,34340.00143914724,east alabama medical center and snf,2000 pepperell parkway,empty,empty,opelika,al??,36801.0,lee,3347493411.0,acute care hospitals,government - hospital district or authority,yes,surgical infection prevention,scip-vte-1,surgery patients whose doctors ordered treatments to prevent blood clots after certain types of surgeries,92%,473 patients,al_scip-vte-1
641,10029.0,east alabama medical center and snf,2000 pepperell parkway,empty,empty,opelika,a@@%l,36801.0,lee,3347493411.0,acute care hospitals,government - hospital district or authority,yes,surgical infection prevention,scip-vte-2,patients who got treatment  at the right time (within 24 hours before or after their surgery) to help prevent blood clots after certain types of surgery,??90%,473 patients,al_scip-vte-2
642,10032.0,wedowee hospital,209 north main street,empty,empty,wedowee,al,36278.0,randolph,2563572111.0,acute care hospitals,government - local,%@@no,heart attack,ami-1,heart attack patients given aspirin at arrival,50%,4 patients,al_ami-1
643,10032.0,wedowee hospital,209 north main street,empty,empty,wedowee,al,36278.0,randolph,2563572111.0,acute care hospitals,government -@@ local,no,hea??rt attack,ami-2,heart attack patients given aspirin at discharge,67@@%,3 patients,al_ami-2
644,10032.0,wedowee hospital,209 north main street,empty,empty,wedowee,al,36278.0,randolph,2563572111.0,acute care hospitals,government - local,no,heart attack,ami-3,heart attack patients given ace inhibitor or arb for left ventricular systolic dysfunction (lvsd),empty,0?? patients,al_ami-3
645,10032.0,wedowee hospital,209 n%orth main street,empty,empty,wedowee,al,36278.0,randolph,2563572111.0,acute care hospitals,government - local,no,heart a%ttack??,ami-4,heart attack patients given smoking cessation advice/counseling,empty,0 patients,al_ami-4
646,10032.0,wedowee hosp%ital,209 north main street,empty,empty,wedowee,al,183461.41060834253,randolph,2563572111.0,acute care hospitals,government - local,no,heart #attack$,ami-5,heart attack patients given beta blocker at discharge,6#7%,3 pa#tients,al_ami-5
647,49333.01842729319,%wedowee hospital$,209 north main street,empty,empty,wedow@@@@ee,al,36278.0,randolph,2563572111.0,acute care hospitals,government - local,no,heart attack,ami-7a,heart attack patients given fibrinolytic medication within 30 minutes of arrival,empty,0 patients,al_ami-7a
648,10032.0,wedowee hospital,209 north main street,empty,empty,wedowee,al,182976.5783728683,randolph,2563572111.0,acute care hospitals,government - local,no,heart attack,ami-8a,heart attack patients given pci within 90 minutes of arrival,empty,0 patients,al_ami-8a
649,10032.0,wed#owee hospi%tal,209 north main street,empty,empty,wedowee,al,36278.0,randolph,2563572111.0,acute care hospitals,government - local,no,heart failure,h??f-1,heart failure patients given discharge instructions,0%,34 patients,al_hf-1
650,10032.0,wedowee hospital,209 north main street,empty,empty,wedowee,al,36278.0,randolph,2563572111.0,acute care hospitals,government - local,no,heart failure,hf-2,heart failure patients given an evaluation of left ventricular systolic (lvs) function,38%,39 patients,al_hf-2
651,58342.43229980829,wedowee hospital,209 north main street,empty,empty,wedowee,al,130882.88293717732,randolph,2563572111.0,acute care hospitals,government - local,no,heart failure,$hf%-3,heart failure patients given ace inhibitor or arb for left ventricular systolic dysfunction (lvsd),25%,4 patients,al_hf-3
652,10032.0,wedowee hospital,209 north main street,empty,empty,wedowee,al,36278.0,randolph,2563572111.0,acu%te care hospit%als,government - local,no,h$eart fail??ure,hf-4,heart failure patients given smoking cessation advice/counseling,100%,2 patients,al_hf-4
653,10032.0,wedowee hospital,209 north main street,empty,empty,wedowee,al,196324.24698638398,randolph,2563572111.0,acute care hospitals,government - local,no,pneumonia,pn-2,pneumonia patients assessed and given pneumococcal vaccination,25%,28 patients,al_pn-2
654,10032.0,wedowee h??ospital,209 north main street,empty,empty,wedow#ee,al,36278.0,randolph,2563572111.0,acute care hospitals,government - local,no,pneumonia,pn-3b,pneumonia patients whose initial emergency room blood culture was performed prior to the administration of the first hospital dose of antibiotics,@@100$%,14 @@patients,al_pn-3b
655,10032.0,wedowee hospital,209 north main street,empty,empty,wedowee,al,36278.0,randolph,2563572111.0,acute care hospitals,government - local,no,pneumonia,pn-4,pneumonia patients given smoking cessation advice/counseling,67%,6 patients,al_pn-4
656,46761.034194891225,wedowee hospital,209 north main street,empty,empty,wedow$ee,al,36278.0,randolph,13383736781.022623,acute care hospitals,government - local,no,pneumonia,pn-5c,pneumonia patients given initial antibiotic(s) within 6 hours after arrival,90%,30 patients,al_pn-5c
657,47899.12489970375,wedowee hospital,209 north main s%treet,empty,empty,wedowee,al??,36278.0,randolph,2563572111.0,acute care hospitals,government - local,no$%,pneumonia,pn-6,pneumonia patients given the most appropriate initial antibiotic(s),96%,23 patients,al_pn-6
658,10032.0,wedowee hospital,209 north main street,empty,empty,wedowee,al,36278.0,ra#nd#olph,2563572111.0,acute care hospitals,government - local,no,pneumonia,pn-7,pneumonia patients assessed and given influenza vaccination,1#2$%,16 patien$ts,al_pn-7
659,10032.0,wedo$wee hospit#al,209 north main street,empty,empty,wedowee,al,36278.0,r@@andol@@ph,2563572111.0,a#cute %care hospitals,government - local,no,surgical infection prevention,scip-card-2,surgery patients who were taking heart drugs called beta blockers before coming to the hospital who were kept on the beta blockers during the period just before and after their surgery,empty,empty,al_scip-card-2
660,10032.0,wedowee hospital,209 north main street,empty,empty,wedowee,al,166276.8579972529,randolph,13139040945.152164,acute care hospitals,government - local,no,surgical infection prevention,scip-inf-1,surgery patients who were given an antibiotic at the right time (within one hour before surgery) to help prevent infection,empty,empty,al_scip-inf-1
661,10032.0,wedowee hospital,209 north main %street,empty,empty,wedowee,al,36278.0,randolph,9416201102.559814,acute care h$ospit$als,government - local,n%o,surgical infection prevention,??scip-inf-2,surgery patients who were given the  right kind  of antibiotic to help prevent infection,empty,empty,al_scip-inf-2
662,10032.0,wedowee hospital,209 north main street,empty,empty,wedowee,al,36278.0,randolph,2563572111.0,acute care hospi@@tals,government - local,no????,surgical infect??ion preven@@tion,scip-inf-3,surgery patients whose preventive antibiotics were stopped at the right time (within 24 hours after surgery),empty,empty,al_scip-inf-3
663,10032.0,wedowee hospital,209 north main street,empt@@#y,??empty,wedowe??e,al,36278.0,ra??ndo??lph,2563572111.0,acute care hospitals,government - local,n$o,surgical infection prevention,scip-inf-4,all heart surgery patients whose blood sugar (blood glucose) is kept under good control in the days right after surgery,empty,empty,al_scip-inf-4
664,10032.0,wedowee hospital,209 north main street,empty,empty,wedowee,al,36278.0,randolph,2563572111.0,acute care hospitals,government - local,no,surgical infection prevention,s#cip-inf??-6,surgery patients needing hair removed from the surgical area before surgery who had hair removed using a safer method (electric clippers or hair removal cream c not a razor),empty,empty,al_scip-inf-6
665,10032.0,wedowee hospital,209 north main street,empty,empty,wedow#ee,al,36278.0,randolph,2563572111.0,acute care hospitals,government - local,no,surgical infection prevention,scip%-v%te-1,surgery patients whose doctors ordered treatments to prevent blood clots after certain types of surgeries,empty$,empty,al_scip-vte-1
666,57780.695615636076,wedowee hospital,209 north main street,empty,empty,w$edowe@@e,al,36278.0,randolph,2563572111.0,acute ca%re hospi??tals,government - local,no,surgical infection prevention,scip-vte-2,patients who got treatment  at the right time (within 24 hours before or after their surgery) to help prevent blood clots after certain types of surgery,#empty,empty,al_scip-vte-2
667,10033.0,university of alabama hospital,619 south% %19th street,empty,empty,birmingham,#%al,35233.0,jefferson,2059344011.0,acute care hospitals,gov$ernment# - state,yes,heart attack,ami-1,heart attack patients given aspirin at arrival,98%,229 patients,al_ami-1
668,10033.0,university of alaba@@ma hospit@@al,619 south 19th street,empty,empty,birmingham,al,35233.0,jefferson,2059344011.0,acute care hospitals,government - state,yes,heart attack,ami-2,heart attack patients given aspirin at discharge,98%,316 patients,al_ami-2
669,10033.0,university of ala%bama hospital,619 south 19th street,empty,empty,bir$mingha??m,al,35233.0,jefferson,2059344011.0,acute care@@ hospitals,government - state,yes,heart attack,ami??-3,heart attack patients given ace inhibitor or arb for left ventricular systolic dysfunction (lvsd),91%,87 patients,al_%ami-$3
670,10033.0,university of alabama hospital,619 south 19th street,empty,empty,birmingham,al,149629.12367944716,jeffe@@rs??on,2059344011.0,acute care hospitals,government - state,yes,heart atta??ck,ami-4,heart attack patients given smoking cessation advice/counseling,100%,147 patients,al_ami-4
671,10033.0,university of alabama hospital,619 south 19th stree$t,empty,empty,birmi%@@ngham,al#,35233.0,je%f#ferson,9444137320.53899,acute care hospitals,government - state,$y@@es,heart attack,ami-5,heart attack patients given beta blocker at d??ischarge,97%,331 patients,al_ami-5
672,10033.0,university of alabama hospital,619 south 19th street,empty,empty,birmingham,al,177690.62216190188,jefferson,2059344011.0,acute care hospitals,government - s@@tate,yes,heart attack,am%i-7#a,heart a#ttack patients given fibrinolytic ??medication within 30 minutes of arrival,empty,0 patients,al_ami-7a
673,10033.0,university of alabama hospital,619 south 19th street,empty,empty,birmingham,al,35233.0,jefferson,2059344011.0,acute care hospi@@tals%,government - state,yes,heart attack,ami-8a,heart attack patients given pci within 90 minutes of arrival,98%,47 patients,al_ami-8a
674,10033.0,university of alabama hospital,619 s%outh 19th street,empty,empty,birmingham,al,35233.0,jefferson,2059344011.0,acute care hospitals,governm??ent - state@@,yes,heart failure,$hf#-1,heart failure patients given discharge instructions,46%,618 patients,al_hf-1
675,10033.0,university of alabama hospital,619 south 19th street,empty,empty,birmingham,al,35233.0,jefferson,2059344011.0,acute care hospitals,government - state%,yes,heart failure,hf-2,heart failure patients given an evaluation of left ventricular systolic (lvs) function,96%,681 patients,al_h$f@@-2
676,10033.0,university of alabama hospital,619 sout@@h 1??9th street,empty,empty,birmingham,al,35233.0,jefferson,2059344011.0,acute care hospitals,government - state,yes,heart failure,hf-3,heart failure patients given ace inhibitor o%r arb for left ventricular systolic dysfuncti%on (lvsd),??94%@@,343 patients,al_hf-3
677,10033.0,university of alabama hospital,619 south 19th street,empty,empt$y#,birmingham,al,35233.0,jefferso??n,2059344011.0,acute care #hospitals,government - state,yes,heart failure,hf-??4,heart failure pat#ients given smoking cessation advice/counseling,$100%,130 patients,al_hf-4
678,10033.0,university of alabama hospital,619 south 19th street,empty,empty,birmingham,%al??,106075.89605352002,jefferson,2059344011.0,acute care hospitals,government - state,yes,pneumonia,pn-2,pneumonia patients assessed and given pneumococcal vaccinatio#n,74%,247 patients,al_pn-2
679,30558.649815267177,university of alabama hospital,619 sout??h 19th street,empty,empty,birmingham,$al,35233.0,jeff#erson,2059344011.0,acute care hosp%itals,government - state,yes,pneumonia,pn-3b,pneumonia patients whose initial emergency room blood culture was performed prior to the administration of the first hospital dose of antibiotics,92%,378 patients,al_pn-3b
680,10033.0,university of alabama hospital,619 south 19th street,empty,empty,birmingham,a@%@l,35233.0,jefferson,2059344011.0,acute care hospitals,government - state,yes,pneumonia,pn-4,pneumonia patients given smoking cessation advice/counseling,100%,169 patients,al_pn-4
681,10033.0,university of alabama hospital,619 south 19th street,empty,empty,b??ir@@mingham,al,35233.0,jefferson,2059344011.0,acute care hospit$als,government - state,yes,pneumonia,pn-5c,pneumonia patients given i@@nitial antibiotic(s) within 6 hours ??after arrival,92%,357 patients,al_pn-5c
682,10033.0,university of alabama hospital,619 south 19th street,em$pty,empty,birmingham,al,35233.0,jefferson,2059344011.0,acute care hospitals,government - state,yes,pneumonia,pn-6,pneumonia patients given the most appropriate initial antibiot@@ic(s),85%,155 patients,al_pn-6
683,10033.0,university of alabama hospital,619 south 19th street,empty,empty,birmingham,al,35233.0,jefferson,9801180048.09304,acute car#e hospitals@@,government - state,yes,pneumonia,pn-7,pneumonia patients assessed and given influenza vaccination,79%,242 patients,al_pn-7
684,10033.0,university of alabama hospital,619 south 1$9th stree??t,empty,empty,birmingham,a$l,35233.0,jefferson,2059344011.0,acute care hospitals,govern#ment - state,yes,sur%gical infection pre#vention,scip-card-2,surgery patien$ts who were taking heart drugs called beta blockers?? before coming to the hospital who were kept on the beta blockers during the period just before and after their surgery,69%,94 patients,al_s#cip-card-2
685,10033.0,university of alabama hospital,619 south 19th street,empty,empty,@@bi#rmingham,al,201042.64830870504,jefferson,2059344011.0,acute care hospitals,government - s%tate,yes,surgic#al infecti@@on prevention,scip-inf-1,surgery patients who were given an antibiotic at the right time (within one hour before surgery) to help prevent infection,88%,324 patients,al_scip-inf-1
686,10033.0,university of alabama hospital,619 south 19th street,empty,empty,birmingham,al,177511.1172987699,jefferson,2059344011.0,acute care hospitals,gov#ernment - state,yes,surgical infection prevention,scip-inf-2,surgery patients who were given the  right kind  of antibiotic to help prevent infection,95%,350 patients,al_scip-inf-2
687,10033.0,university of alabama hospital,619 south 19th street,empty,empty,birm$ingham,al,35233.0,jeff$erso%n,2059344011.0,acute care hospitals,government - state,yes,surgical infection prevention,scip??-i$nf-3,surgery patients whose preventive antibiotics were stopped at the right time (within 24 hours after surgery),87%,317 patients,al_scip-inf-3
688,10033.0,university of alabama hospital,619 south 19th street,empty,empty,birmingham,al,35233.0,jefferson,2059344011.0,acute care hospitals,government - state,yes,surgical infection prevention,scip-inf-4,all heart surgery patients whose blood sugar (blood glucose) is kept under good control in the days right after surgery,76%,140 patients,al_scip-inf-4
689,10033.0,university of alabama hospital,619@@ sou??th 19th street,empty,empty,birmingham,al,35233.0,jefferson,2059344011.0,acute care hospitals,go??vernment - sta#te,yes,surgical infection prevention,scip-inf-6,surgery patients needing hair removed from the surgical #area before surgery who had hair removed?? using a safer method (electric clippers or hair removal cream c not a razor),9$7%??,585 patients,al_scip-inf-6
690,10033.0,university of alabama hospital,619 south 19th street,empty,empty,birmingham,al,35233.0,jefferson,2059344011.0,acute care hospitals,government - state,y#es,surgical$ infection preve??ntion,scip-vte-1,surgery patients whose doct$ors ordered treatments to prevent blood clots after certain types of su%rgeries,79%,230 patients,al_scip-vte-1
691,10033.0,university of alabama hospital,619 south $19th street,empty,empty,birmingham,al,119990.06899634645,jefferson,10087740796.112192,acute care hospitals,government - state,yes,surgical infection prevention,scip-vte-2,patients who got treatment  at the right time (within 24 hours before or after their surgery) to help prevent blood clots after certain types of surgery,77%,224 patients,al_scip-vte-2
692,47527.96161097801,community hospital inc,805 friendship road,empty,empty,tallassee,al,36078.0,elmore,3342836541.0,acute care hospitals,voluntary non-profit - private,no@@,heart attack,ami-1,heart attack patients given aspirin at arrival,77%,13 patients,al$_ami-1
693,10034.0,community hospital inc,805 friendship road,empty,empty,tallassee,al,36078.0,elmore,3342836541.0,acute care hospitals,voluntary non-profit - private,no,heart attack,ami-2,heart attack patients given aspirin at discharge,100#%,4 patients,al_ami-2
694,10034.0,community hospital inc,805 friendship road,empty,empty,tallassee,al,36078.0,elmore,3342836541.0,acute care hospitals,voluntary non-profit - private,n@@$o,heart attack,ami-3,heart attack patients given ace inhibitor or arb for left ventricular systolic dysfunction (lvsd),100%,1 patients,al_ami-3
695,10034.0,community hospital inc,805 friendship road,empty,empty,$tallassee,al,36078.0,elmore,19669550557.312702,acute care hospitals,voluntary non-profit - private,no,heart att@@ack,ami-4,hear#t attack patients given smoking cessation advice/counseling,empty,0 p$atients,al_ami-4
696,10034.0,community hospital inc,805 friendshi%p road,empty,em%pty,tallassee,al,36078.0,elmore,3342836541.0,acute care hospitals,voluntary non-profit - private,no,heart attack,ami-5,heart attack patients given beta blocker at discharge,75%,4 patients,al_ami-5
697,10034.0,community hosp??it@@al inc,805 friendship road,#empty,empty,tallassee,al,210064.7754817977,elmore,3342836541.0,acute care h@@ospitals,voluntary non-profit - private,n$o%,heart attack,ami-7a,heart attack patients given fibrinolytic medication within 30 minutes of arrival,empty,0 pat??ients,al_ami-7a
698,42358.25611084168,community hospital inc,805 frie??ndship r$oad,empt%y,empty,tallassee,al,36078.0,elmore,3342836541.0,acute care hospitals,voluntary non-profit - private,no@??@,heart attack,ami-8a,heart attack patients given pci within 90 minutes of arrival,empty,0 patients,al_ami-8a
699,10034.0,community hospital inc,805 friendship road,empty,empty,tallassee,al,36078.0,$elmore,3342836541.0,acute care hospitals,voluntary non-profit - private,no@@$,heart failure,hf-1,heart failure patients given discharge instructions,88%,65 patients,%al_hf-1
700,10034.0,community hospital inc,805 friendship road,empty,empty,tallassee,??%al,36078.0,elmore,3342836541.0,acute care hospitals,voluntary non-profit - private,no,heart failure,hf-2,heart failure patients given an evaluation of left ventricular systolic (lvs) function,10??0%#,87 patients,al_hf-2
701,10034.0,community hospital inc,805 friendship road,empty,empty,tallassee,al,36078.0,elmore,3342836541.0,acute car@@e@@ hospitals,voluntary non-profit - p%rivate,$no%,heart failure,hf-3,heart failure patients given ace inhibitor or arb for left ventricular systolic dysfunction (lvsd),??100%,30 patients,al_hf-3
702,10034.0,community hospital inc,805@@ friendship% road,empty,#empty??,tallassee,al,36078.0,elmore,3342836541.0,acute care hospitals,voluntary non-profit - private,no,heart failure,hf#@@-4,heart failure patients given smoking cessation advice/counseling,100%,9 patients,al_hf-4
703,10034.0,community ho@@spital inc,805 friendship road,empty,empty,tallassee,al,36078.0,elmore,14794627929.224276,acute care hospitals,voluntary non-profit - private,no,pneumonia,pn%-2@@,pneumonia patients assessed and given pneumococcal vaccination,8$$7%,70 patients,al_pn-2
704,10034.0,community hospital inc,805 friendship road,empty,empty,tallassee,al,36078.0,elmore,3342836541.0,acute care hospitals,voluntary non-profit - private,no,pneumonia,pn-3b,pneumonia patients whose initial emergency room blood culture was perf@@ormed prior to the administration of the first hospital dose of antibiotics,95%,76 patients,al_pn-3b
705,10034.0,community hosp@@%ital inc,805 friendship road,empty,empty,tallassee,al,36078.0,elmo??re,3342836541.0,acute care hospitals,voluntary non-profit - private,no,pneumonia,pn-4,pneumonia patients given smoking cessation advice/counseling,$$90%,41 patients,al_pn-4
706,10034.0,community hospital inc,805 friendship road,#em$pty,empty,tallassee,al,36078.0,elmore,3342836541.0,acute care hospitals,voluntary non-profit - private,no,pneumonia,pn-5c,pneumonia patients given initial antibiotic(s) within 6 hours after arrival,97%,71 patients,al_pn-5c
707,10034.0,community hospital inc,805 friendship road,empty,empty,tallassee,al,36078.0,elmore,16790272000.429539,acute care hospitals,voluntary non-profit - private,no,pneumonia,pn-6,pneumonia patients given the most appropriate initial antibiotic(s),96%,52 patients,al_pn-6
708,10034.0,community hospital inc,805 friendship road,em??$pty,em??pty$,tallassee,a??%l,36078.0,elmore,3342836541.0,acute care hospitals,voluntary non-profit - private,no,pneumonia,pn-7,pneumo??nia@@ patients assessed and given influenza vaccination,93%,56 @??@patients,al_pn-7
709,44299.67747902705,community hospital inc,805 friends??hip road,empty,empty,tallassee,al,164904.7962851184,elmore,3342836541.0,acute% care hospi??tals,voluntary non-profit - private,n$o,surgical infection prevention,scip-card-2,surgery patients who were taking heart drugs called beta blockers before coming to the hospital who were kept on the beta blockers during the period just before and after their surgery,100%,@@3 patients,al_scip-card-2
710,10034.0,community hospital inc,805 friendship road,empty##,empty,tallassee,al,36078.0,@@elmore,15022877297.201506,acut@@e care h@@ospitals,voluntary non-profit - private,no,surgical infection prevention,scip-inf-1,surgery patients who were given an antibiotic at the right time (within one hour before surgery) to help prevent infection,100%,10 patients,al_scip-inf-1
711,10034.0,community% hospital inc,805 friendship road,empty,empty,tallassee,al,36078.0,elmore,3342836541.0,acute care hospitals,voluntary non-profit - private,no,surgical infection prevention,scip-inf-2,surgery patients who were given the  right kind  of antibiotic to help pre%vent %infection,100%,10 patients,al??_scip-inf-2
712,10034.0,community hospital inc,805 friendship road,%empty#,empty,tallassee,al,36078.0,elmore,3342836541.0,acute care hospitals,voluntary non-profit - private,n$o#,surgical infection prevention,scip-in%f-3,surgery patients whose preventive antibiotics were stopped at the right time (within 24 hours after surgery),100%,9 patients,al_scip-inf-3
713,10034.0,community hospital inc,805 friendship road,empty,empty,tallassee,al,36078.0,elmore,3342836541.0,acute care hospitals,voluntary non-profit$ - private,no,surgical infection prevention,scip-inf-4,all heart surgery patients whose blood sugar (blood glucose) is kept under good control in the days right after surgery,em@@pty,0# patients,al_scip-inf-4
714,10034.0,community hospital inc,805 friendship road,empty,empty,tallassee,al,36078.0,elmore,3342836541.0,acute care hospitals,voluntary non-profit - private,no,surgical infection prevention,scip-inf-6,surgery patients needing hair removed from the surgical area before surgery who had hair removed using a safer method (electric clippers or hair removal cream c not a razor),100%,33 #patients,al_scip-inf-6
715,10034.0,community hospital inc,805 friendship road,empty,empty,tallassee,al,36078.0,elmore,3342836541.0,acute care hospitals,voluntary non-profit - private,no,surgical infection prevention,scip-vte-1,surgery patients whose docto#rs ordered treatments to prevent blood clots after certain types of surgeries,88??%,24@@ patients??,al_scip-vte-1
716,41288.02099699013,community hospital inc,805 friendship road,empty,empty,talla??ssee,al,36078.0,elmore,19627904992.767048,acute care hospitals,voluntary non-profit - private,no,surgical infection prevention,scip-vte-2,patients who got treatment  at the right time (within 24 hours before or after their surgery) to help prevent blood clots after certain types of surgery,88%,24 patients,al_scip-vte-2
717,10035.0,cullman regional medical center,1912 alabama highway 157,empty,empty,cullm??an,al,164764.33023251596,cullman,2567372000.0,acute care hospitals,government -# hospital$ district or authority,yes,heart attack,am%i-@@1,heart attack patients given aspirin at arrival,100%,51 patients,al_ami-1
718,59012.66761324128,cullman regional medical center,1912 alabama highway 157,empty,%empty,cullman,al,35058.0,cullman,2567372000.0,acute care hospitals,government - hospital d%i??strict or authority,yes,heart attack,ami-2,heart attack patients given aspirin at discharge,100%,26 patients,al_ami-2
719,10035.0,cullman regional medical center,1912 alabama highway 157,emp??t??y,empty,cullman,al,189019.00729514507,cullman,11160077831.281013,acute care hospitals,government - hospital district or authority,yes,heart attack,ami-3,heart attack patients given ace inhibitor or arb for left ventricular systolic dysfunction (lvsd),67%,3 patients,al_ami-3
720,10035.0,cullman regional medical center,1912 alabama highway 157,empt$y,empty,cullman,al,35058.0,cullman,2567372000.0,acute care hospitals,government - hospital district or authority,yes,heart attack,ami-4,heart attack patients given smoking cessation advice/counseling,100%,3 p$atients$,al_ami-4
721,10035.0,cullman regional medical center,1912 alabama highway 157,empty,empty,cullman,al,35058.0,cu%llman,9764233510.627384,acute care hospitals,government - hospital district or authority,yes,heart attack,ami-5,heart attack patients given beta blocker at discharge,100%,23 patients,al_ami-5
722,10035.0,cullman regional medical center,1912 alabama highway 157,empty,empty,cullman,a??l,35058.0,cullman,2567372000.0,acute care hospitals,government - hospital district or authority,yes,heart attack,ami-7a,heart attack patients given fibrinolytic medication within 30 minutes of arrival,empty,0 patients,al_ami-7a
723,10035.0,cullman regional medical %center,1912 alabama highway 157,empty,empty,cullman,al,35058.0,cullman,2567372000.0,acute care hospitals,gover%nment ??- hospital district or authority,yes,heart attack,ami-8a,heart attack patients given pci within 90 minutes of arrival,empty,0 patients,al_ami-8a
724,33632.42954484507,cullman regional medical center,1912 alabama highway 157,empty,empty,cul??lman,al,35058.0,cullman,2567372000.0,acute care hospitals,government - hospital district or authority,yes,heart failure,hf-1,heart failure patients given discharge instructions,99%,158 patients,al_hf-1
725,10035.0,cullman region$al medical center,1912 alabama highway 157,empty,empty,cullman,al,35058.0,cullman,2567372000.0,acute care hospitals,government - hospital district or authority,yes@@,heart failure,hf-2,heart failure patients given an evaluation of left ventricular systolic (lvs) function,100%,200 patients,al_hf-2
726,54805.33183249482,cullman regional medical center,1912 alabama highway 157,empty,empty,cullman,al,35058.0,cullman,11570897385.414686,ac@@ute care ho#spitals,government - hospital district or authority,yes,heart failure,hf-3,heart failure patients given ace inhibitor or arb for left ventricular systolic dysfunction (lvsd),97%,37 patients,a@@l_hf#-3
727,10035.0,cullman regio#nal medical center,1912 alabama highway 157,empty,empty,cullman,al,35058.0,cullman,2567372000.0,acute care hospitals,government# - hospital dis??trict or authority,yes,hear??t failure,hf-4,heart failure patients given smoking cessation advice/counseling,10$#0%,42 patients,al_hf-4
728,10035.0,cullman regional medical center,1912% alabama highwa$y 157,empty,empty,#cullman,al,35058.0,cullman,2567372000.0,acute care hospitals,government - hospital district or authority,yes,pneumonia,pn-2,pneumonia patients assessed and given pneumococcal vaccination,10$0%,155 patients,al_pn-2
729,56121.05725772658,cullman regional medical center,1912 alabama highway 157,empty,empty,cullman,al,35058.0,cullman,2567372000.0,acute car@@e hospitals,government - hospital district or authority,yes,pneumonia,pn-3b,pneumonia patients whose initial emergency room blood culture was performed prior to the administration of the first hospital dose of antibiotics,100@@%%,138 patients,al_pn-3b
730,10035.0,cullman regional medical center,1912 alabama highway 157,empty,empty,cullman,al,112879.67199367957,cu@@llm%an,2567372000.0,acute care hospitals,government - hospital district or authority,yes,pneu@@mon@@ia,pn-4,pneumonia patients given smoking cessation advice/counseling,$100$%,90 patients,al_pn-4
731,10035.0,c%ullman regional medical cen#ter,1912 alabama highway 157,emp#ty,empty,cullman,al,35058.0,cullman,2567372000.0,acute car$e hospitals,government - hospital district or authority,yes,pneumonia,pn-5c,pneumonia patients given initial antibiotic(s) within 6 hours after arrival,99%,160 patients,al_pn-5c
732,10035.0,cullman regional?? m%edical center,1912 alabama highway 157,empty,empty??,cullman,al,35058.0,c@@ullman,2567372000.0,acute care hospitals,government - hospital district or authority,yes,pneumonia,pn-6,pneumonia patients given the most appropriate initial antibiotic(s),98%,136 patients,al_pn-6
733,10035.0,cullman regional medical$ center,1912 alabama highway 157,empty,empty,cullman,al,35058.0,cullman,2567372000.0,acute care hospitals,government - hospital district or authority,yes,pneumonia,pn-7,pneumonia patients assessed and given influenza vaccination,98%,125 patients,al##_pn-7
734,10035.0,cullman regional medical center,1912 alabama highway 157,empty,empty,cullman,al,35058.0,%cullm@@an,2567372000.0,acute care% hospitals,government - hospital district or authority,yes,surgic%al infect??ion prevention,scip-card-2,surgery patients who were taking heart drugs called beta blockers before coming to the hospital who were kept on the beta blockers during the period just before and after their surgery,99%,68 patients,al_scip-card-2
735,10035.0,cullman regional medical center,1912 alabama highway 157,empty,empty,cullman,al,35058.0,cullman,2567372000.0,acute care hospitals,government - hospital district or authority,yes,surgical infection prevention,scip-inf-1,surgery patients who were given an antibiotic at the right time (within one hour before surgery) to help prevent infection,99%,411 patients,al_scip-inf-1
736,10035.0,cullman regional medical center,1912 alabama highway 157,empty,empty,cullman,al,35058.0,cullman,9856089798.031311,acute care hospitals,government - hospital district or authority,yes,surgical infection prevention,scip-inf-2,surgery patients who were given the  right kind  of antibiotic to help prevent infection,98%,417 patients,al_scip-inf-2
737,45610.85068220398,cullman regional medical center,1912 alabama highway 157,empty,empty,cullman,al,35058.0,cullman,2567372000.0,acute care hospitals,governme$nt - h%ospital district or authority,yes,surgical infection prevention,scip-inf-3,surgery patients whose preventive antibiotics were stopped at the right time (within 24 hours after surgery),98%,405 patients,al_scip-inf-3
738,10035.0,cullman regional medical center,1912 alabama highway 157,empty,empty,cullman,al,35058.0,cullman,2567372000.0,acute care hospitals,government - hospital district or authority,yes,surgical infection prevention,scip-inf-4,all heart surgery patients whose blood sugar (blood glucose) is kept under good control in the days right after surgery,empty,0 patients,al_scip-inf-4
739,10035.0,cullman regional medical center,1912 alabama highway 15$??7,emp#ty,empty,cullman,al,35058.0,cullman,2567372000.0,acute care hospitals,government - hospital district or authority,yes,surgical infection prevention,scip-inf-6,surgery patients needing hair removed from the surgical area before surgery who had hair removed using a safer meth#od (electric clippers or hair removal cream c not a razor),100%,598 patients,al_#scip-inf-6
740,10035.0,cullman regional medical center,1912 alabama highway 157,empty,e@@mpty,cullman,al,149433.08353045268,cullman,2567372000.0,acute care hospitals,government - hospital district or authority,yes,surgical infection prevention,scip-vte-1,surgery patients whose doctors ordered treatments to prevent blood clots after certain types of surgeries,95%,298 patients,al_scip-vte-1
741,10035.0,cullman regional medical center,1912 alabama highway 157,e$mpty%,empty,cullman,al,119826.55741255541,cullman,2567372000.0,acute care hospitals,government - hospital district or authority,yes,surgical infection prevention,scip-vte-2,patients who got treatment  at the right time (within 24 hours before or after their surgery) to help prevent blood clots after certain types of surgery,95%,298 patients,al_scip-vte-2
742,10036.0,andalusia regional hospital,849 south three notch street,empty,empty,andalusia,al,149846.41495622235,#covington,3342228466.0,acute care $hospit%als,p@@roprietary,no,heart attack,ami-1,heart attack patients given aspirin at arrival,100%,8 patients,al_ami-1
743,10036.0,andalusia regional hospital,849 south three notch street,empty,empty,andalusia,??al,36420.0,covington,3342228466.0,acute care hospitals,proprietary,no,heart attack,a??m$i-2,heart attack patients given aspirin at discharge,60%,5 patien$ts,al_ami-2
744,10036.0,andalusia regional hospital,849 south three notch street,empty,empty,andalusia,al,36420.0,covington,10828254909.035486,acute care hos@@pital@@s,proprietary,no,heart attack,ami-3#,heart attack patients given ace inhibitor or arb for left ventricular systolic dysfunction (lvsd),100%,3 patients,al_ami-3
745,10036.0,andalusia regional hospital,849 south three notch street,empty,empty,and@@a$lusia,#a$l,36420.0,covington,3342228466.0,acute care hospitals,proprietary,no,heart attack,ami-4,heart attack patients given smoking cessation advice/counse#ling,emp??ty,0 patients,al@@_??ami-4
746,42731.62612299905,andalusia regional hospital,849 south three notch street,empty,empty,andalusia,al,36420.0,cov#i%ngton,3342228466.0,acute c#are hospit#als,proprietary,no,heart attack,ami-5,heart attack patients given b??eta blocker at discharge,100%,6 patients,al_ami-5
747,10036.0,andalusia regional hospital,849 south three notch street,empty,empty,andalusia,al,36420.0,covington,10205252653.958248,acute care hospitals,proprietary,no,heart attack,a$mi-7a,heart attack patients give@@n fibrinolytic medication within 30 minutes of arrival,empty,0 patients,al_ami-7a
748,10036.0,andalusia regional hospital,849 south three notch street,empty,empty,andalusia,al,36420.0,covington,3342228466.0,acute care hospitals,proprietar$y,#n@@o,heart attack,ami-8a,heart attack patients given pci within 90 minutes of arrival,empty,0 patients,al_ami-8a
749,37748.039810494476,andalusia regional hospital,849 south three notch?? street,empty,empty,andalusia,al,36420.0,covington,3342228466.0,acute care hospitals,proprietary,no,heart failure,hf-1%??,heart failure patients given discharge instructions,100%,121 patients,al_hf-1
750,10036.0,andalusia regional hospital,849 south three notch street,empty,e#mpty,andalusia,al,36420.0,covington,3342228466.0,acute care hospitals,propr%i$etary,no,heart failure,hf-2,heart failure patients given an evaluation of left ventricular systolic (lvs) function,91%,139 patients,al_hf-2
751,10036.0,andalusia regional hospital,849 south three notch street,empty,empty,andalusia,al,36420.0,covington,3342228466.0,acute car%e hospitals,propriet%ar#y,no,heart failure,hf-3,heart failure patients given ace inhibitor or arb for left ventricular systolic dysfunction (lvsd),86%,21?? patient$s,al_hf-3
752,55035.7074241367,andalusia regional hospital,849 south three notch street,empty,empty,andalusia,al,199106.04568279244,covington,3342228466.0,acute care hospitals,proprietary,no,heart failure,hf-4,heart failure patients given smoking cessation advice/counseling,100%,32 patients,al_hf-4
753,10036.0,andalusia regional hospital,849 south th$ree notch street,empty,empty,andalusia,al,36420.0,covington,3342228466.0,acute care hospitals,proprietary,no,pneu$monia@@,pn-2,pneumonia patients assessed and given pneumococcal vaccination,100%,77 patients,al_pn-2
754,10036.0,andalusia regional hospital,849 south three notch street,e#mpty,empty,andalusia,al,36420.0,covington,11033916701.10162,acute care hospitals,propri??e@@tary,n%o#,pneumonia,p??n#-3b,pneumonia patients whose initial emergency room blood culture was performed prior to the administration of the first hospital dose of antibiotics,8$9%,55 patients,al_pn-3b
755,36896.02539098924,andalusia regional hospital,849 south three notch street,empty,empty,anda%lusia,al,36420.0,coving??ton,17429351056.190113,acute care #hospitals,proprietary,no%,pneumonia,pn-4,pneumonia patients given smoking cessation advice/counseling,100%,43 patients,al_pn-4
756,10036.0,andalusia regional hospital,849 south three notch street,em#pty,e#mp%ty,andalusia,al,36420.0,covin??gton,3342228466.0,acute care hospitals,prop$#rietary,no,pneumo%ni%a,pn-5c,pneumonia patients given initial antibiotic(s) within 6 hours after arrival,97%,93 patients,al_pn-5c
757,10036.0,andalusia regional hospital,849 south three notch street,empty,empty,andalusia,a#l#,36420.0,covington,3342228466.0,acute care hospitals,pro??prietary,no,pne$umonia,pn-6,pneumonia patients given the most appropriate initial antibiotic(s),$75@@%,64 patients,al_pn-6
758,10036.0,andalusia# regional$ hospital,849 south three notch street,empty,empty,andalusia,al,36420.0,$covington,3342228466.0,acute care hospitals,proprietary,no,pneumonia,pn-7,pneumonia patients assessed and given influenza vaccination,9??2%@@,52 patients,al_pn-7
759,10036.0,andalusia regional hospital,849 south three notch street,empty,empty,andalusia,al,36420.0,covington,3342228466.0,acute care hospitals,proprietary,no,surg@@ical infection prevention,scip-card-2,surgery patients who were taking heart drugs called beta blockers before c%oming to the hospital who were kept on the beta blockers during the ??period just before and after their surgery,89%,19 patients,al_scip-card-2
760,10036.0,andalusia regional hospital,849 south three notch street,empty,empty,andalusia,al,36420.0,covington,3342228466.0,acute care hos%pita#ls,proprietary,no,surgical infection prevention,scip-inf-1,surgery patients who were given an antibiotic at the right time (within one hour before surgery) to help prevent infection,97%,139 patients,al_scip-inf-1
761,10036.0,andalusia regional hospital,849 south three notch street,empty,empty$#,andalusia,al,36420.0,covington,10345580767.36574,acute c#are hospitals,proprietary,no,surgical infection prevention,scip-inf-2,surgery patients who were given the  right kind  of antibiotic to help preven@@t infection,88#%,141 patients,al_scip-inf-2
762,10036.0,andalusia regional hospital,849 south three notch street,empty,empty,andalusia,al,36420.0,covington,3342228466.0,acute care hospitals,proprietary,no,surgical infection prevention,scip-inf-3,surgery patients whose preventive antibiotics were stopped at the right time (within 24 hours after surgery),99%,136 patients,al_scip-inf-3
763,10036.0,andalusia regional hospital,849 south three notch street,empty,empty,andalusia,al,36420.0,#covington,3342228466.0,acute care hospitals,proprietary,no,surgical infection@@ ??prevention,scip-inf-4,all heart surgery patients whose blood sugar (blood glucose) is kept under good control in the days right after surgery,empty,0 patients,al_scip-inf-4
764,10036.0,andalusia regional hospital,849 south three notch street,empty,empty,andalusia,a#l,36420.0,%covington$,3342228466.0,acute care hospitals,proprietary,no,surgical infection prevention,scip-inf-6,surgery patients needing hair removed from the surgical area before surgery who had hair removed using a safer method (electric clippers or hair removal cream c not a razor),100%,204 patients,al_scip-inf-6
765,10036.0,andalusia regional hospital,849 south three notch street,empty,empty,andalusia,al,36420.0,covington,3342228466.0,acute care hospitals,proprietary,no,surgical infection prevention,%scip-%vte-1,surgery patients whose doctors ordered treatments to prevent blood clots after certain types of surgeries,80%,66 patients,al_scip-vte-1
766,10036.0,andalusia regional hospital,849 south three notch stre%et,empty,empty,andalusia,al,36420.0,covington,3342228466.0,acute care hospitals,propri#et??ary,no,surgical infection prevention,scip-vte-2,patients who got treatment  at the right time (within 24 hours before or after their surgery) to help prevent blood clots after certain types of surgery,80%,66 pati#ents,al_scip-vte-2
767,10038.0,stringfellow memo@@ri#al hospital,301 east 18th st,empty,empt@@y$,anniston,al@@,36201.0,calhoun,2562358900.0,acute care hospitals,proprietary,#yes,children #s asthma $care,cac-1,children who received reliever medication while hospitalized for asthma,100%,9 patients,al_cac-1
768,56006.174553909565,stringfellow memorial hospital,301 east 18th st,empty,empty,anniston,al,36201.0,calhoun,2562358900.0,acute care hospitals,proprietary,yes,surgical infection prevention,scip-inf-1,surgery patients who were given an antibiotic at the right time (within one hour before surgery) to help prevent infection,99%,96 patients,al_scip-inf-1
769,50785.735083732776,stringfellow memorial hospital,301 east 18th st,empty,empty,anniston,al,36201.0,calhoun,2562358900.0,acute care hospita??l#s,proprietary,??$yes,surgical infection prevention,scip-inf-2,surgery patients who were given the  right kind  of antibiotic to help prevent infection,93%,98 patients,al_scip-inf-2
770,10038.0,stringfellow memorial hospital,301 east 18th st,empty,empty,anniston,al,213040.04711053363,calhoun,2562358900.0,acute care hospitals,proprietary,yes,surgical infection prevention,scip-inf-3,surgery patients whose preventive antibiotics were stopped at the right time (within 24 hours after surgery),93%,95 patients,al_scip-inf-3
771,10038.0,stringfellow memorial hospital,301 east 18th st,empty,empty,annisto%n,al,36201.0,calho??un@@,2562358900.0,acute care hospitals,proprietary,yes,surgical infection prevention,scip-inf-4,all heart surgery patients whose blood sugar (blood glucose) is kept under good control in the days right after surgery,empty,@@0 patients,al_scip-inf-4
772,41801.093512752006,stringfellow memorial hospital,301 east 18th st,empty,empty,anniston,??al??,36201.0,calhoun,2562358900.0,acute care hospitals,proprietary,yes,surgical infection prevention,scip-inf-6,surgery patients needing hair removed from the surgical area before surgery @@who h%ad hair removed using a safer method (electric clippers or hair removal cream c not a razor),100%,195 patients,al_scip-inf-6
773,10038.0,stringfellow memorial hospital,301 east 18th st,empty,empty,anniston,al,36201.0,calhoun,2562358900.0,acute c@??@are hospitals,proprietary,y%es$,surgical infec??tion preventio??n,scip-vte-1,surgery patients whose doctors ordered treatments to prevent blood clots after certain types of surgeries,90%,117 patients,al_scip-vte-1
774,10038.0,stringfellow memorial hospital,301 east 18th st,empty,empty,anniston,al,140968.02570132632,calhoun,2562358900.0,acute care hospitals,proprietary,yes,surgical infection prevention,scip-vte-2,patients who got treatment  at the right time (within 24 hours before or after their surgery) to help prevent blood clots after certain types of surgery,89%,116 patients,al_scip-vte-2
775,10039.0,huntsville hospital,101 sivley rd,emp%ty,empty,huntsville,al,190954.17390197513,madison,2562651000.0,acute care hospitals,government - hospital district or authorit@@y,yes,children s asthma care,cac-1,children who received reliever medication while hospitalized for asthma,100%,193 patients?$?,al_c@@ac-1
776,10039.0,huntsville hospital,101 sivley rd,empty,empty,huntsvil$le,al,35801.0,madison,12777948286.118351,acute c#are hospita??ls,government - hospital district or authority,yes,children s asthma care,cac-2,children who received systemic corticosteroid medication (oral and iv medication that reduces inflammation and controls symptoms) while hospitalized for asthma,98%,193 patients,al_cac-2
777,10039.0,huntsville hospital,101 sivley rd,em%@@pty,empty,huntsville,al,133381.8797049119,madison,14348522699.50649,acute care hospitals,government - hospital district or# authority,yes,children s asthma care,cac-3,children and their caregivers who received a home management plan of care document while hospitalized for asthma,14%,193 patients,al_cac-3
778,10039.0,huntsville hospital,101 sivley rd,empty,empty,huntsville,al,35801.0,madison,2562651000.0,acute care hospitals,government - hospital district or authority,yes,heart attack,ami-1,heart attack patients given aspirin at arrival,98%,155 patients,al_ami-1
779,10039.0,huntsville hospital,101 sivley rd,empty,empty,huntsville,al,35801.0,madison,2562651000.0,acute care hospitals,government - hospital district or authority,yes,heart attack,ami-2,heart attack patients given aspirin at discharge,100%,323 patients,al_ami-2
780,10039.0,hu@@ntsville hospital,101 sivley rd,empty,empty,huntsville,al,158458.7575428364,madison,2562651000.0,acute care hospitals,government - hospital district or authority,yes,heart attack,ami-3,heart attack patients given ace inhibitor or arb for left ventricular systolic dysfunction (lvsd),97$%,77 patients,al_ami-3
781,10039.0,huntsville hospital,101 sivley rd,empty,empty,huntsville,al,35801.0,madison,2562651000.0,acute care hospitals,government - hospital district or authority,yes,heart att@@ack,ami-4,heart attack patients given smoking cessation advice/counseling,??@@100%,135 patients,al_ami-4
782,10039.0,huntsville hospital,101 sivley rd,empty,emp%@@ty,huntsville,al,169373.76738293562,madison,2562651000.0,acute care hospitals,government - hospital district or authority,yes,heart attack,ami-5,heart attack patients given beta blocker at discharge,100%,301 patients,al_ami-5
783,42416.162036266134,huntsville h%ospital,101 sivley rd,empty,empty,huntsville,al,35801.0,$ma$dison,2562651000.0,acute care hospitals,government - hospital district or authority,yes#,heart att@@a#ck,ami-7a,heart attack patients given fibrinolytic medication within 30 minutes of arrival,empty,0 patients,al_ami-7a
784,10039.0,huntsville hospital,101 sivley rd,empty,empty,huntsville,al,156103.08833082262,madison,2562651000.0,acute care hospitals,government - hospital district or authority,yes,heart attack,ami-8a,heart attack patients given pci within 90 minutes of arrival,82%,44 patients,al_ami-8a
785,10039.0,huntsville hospital,101 sivley rd,empty,empty,huntsville,al,35801.0,madison,2562651000.0,acute care hospitals,government - hospital district or authority,yes,heart failu@@r@@e,hf-1,heart failure patients given discharge instructions,72%,264 patients,al_hf-1
786,10039.0,huntsville hospital,10#1 sivley rd@@,empty,empty,h#untsville,al,35801.0,madison,11644740415.71031,acute care hospitals,government - hospital district or authority,yes,heart failure,hf-2,heart failure patients given an evaluation of left ventricular systolic (lvs) function,95%,303 pati@@ents,al_hf-2
787,10039.0,huntsville hospital,101 sivley% rd,empty,empty,huntsville,al,35801.0,madison,2562651000.0,acute care hospitals,government - hospital district or authority,yes,heart failure,hf-3,heart failure patients given ace inhibitor or arb for left ventricular systolic dysfunction (lvsd),98%%,102 patients,al_hf-3
788,10039.0,??huntsville hospital,101 sivley rd,empty??%,empty,huntsville,al,157839.07116240286,madison,2562651000.0,acute care hospitals,government - hospital district or authority,yes,heart failure,$#hf-4,heart failure patients given smoking cessation advice/counseling,1$00%,51 @@#patients,al_hf-4
789,10039.0,huntsville hospital,101 sivley rd,empty,empty,huntsville,al,35801.0,madison,2562651000.0,acute care hospitals,governmen%t - hospital distr??ict or authority,yes,pneumonia,pn-2,pneumonia patients assessed and given pneumococcal vaccination,96%,509 patients,al_pn-2
790,45911.79704218551,huntsville hospital,101 sivley?? rd,empty,e%mpty??,huntsville,al,35801.0,madison,9806918378.737518,acute care hospitals,government - hospital district or authority,yes,pneumonia,pn-3b,pneumonia patients whose initial emergency room blood culture was performed prior to the administration of the first hospital dose of antibiotics,99%,496 p$ati#ents,??al_pn%-3b
791,10039.0,huntsville hospital,101 sivley rd,empty,empty,huntsville,al,35801.0,madis#on,12173897115.299906,acute care hospitals,government - hospital district or authority,yes,pneumo??nia,pn-4,pneumonia patients given smoking cessation advice/counseling,97%,294 patients,al_pn-4
792,10039.0,hunt??sville hospital,101 sivley rd,empty,empty,huntsville,al,35801.0,madison,2562651000.0,acute care hospitals,government - hospital district or authority,yes,??pneu%monia,pn-5c,pneumonia patients given initial antibiotic(s) within 6 hours after arrival,93%,511 patients,al_pn-5c
793,10039.0,huntsville hospi#ta$l,101 sivley rd,empty,empty,huntsville,al,35801.0,madison,2562651000.0,acute care hospitals,government - hospital district or authority,yes,pneumonia,pn-6,pneumonia patients given the most appropriate initial antibiotic(s),89%,313 patients,al_pn-6
794,10039.0,huntsville hospital,101 sivley rd,empty,empty,hunts#v??ille,al,35801.0,madison,2562651000.0,acute care hospitals,government - hospital district or authority,yes,pneumonia,pn-@@7,pneumonia patients assessed and given influenza vaccination,89%,409 patients,al_pn-7
795,10039.0,huntsville hospital,101 sivley rd,empty,empty,huntsville,al,35801.0,m??adison,2562651000.0,acute care ho@@s??pitals,government - hospital district or authority,yes,surgical infection prevention,sc#ip-card$-2,surgery patients who were taking heart drugs called beta blockers before coming to the hospital who were kept on the beta blockers during the period just before and after their surgery,90%,123 patients,al_scip-car%d-2
796,10039.0,huntsville hospital,101 sivley rd,empty,empty,huntsville,al,35801.0,madison,2562651000.0,acute care hospitals,government - hospital district or authority,ye@@s,surgical infection prevention,sc%ip-i??nf-1,surgery patients who were given an antibiotic at the right time (within one hour before surgery) to help prevent infection,95%,601 patients,al_scip-inf-1
797,10039.0,huntsville @@hospital,101 sivley rd,empty,empty,huntsville,al,35801.0,madison,2562651000.0,acute care hospitals,government - hospital district or authority,??#yes,surgical infection prevention,scip-inf-2,surgery patients who were given the  right kind  of antibiotic to help prevent infection,99%,603 patients,al_scip-inf-2
798,10039.0,hun$tsville hospital,101 sivley rd,empt@@y,empty,huntsville,??a??l,35801.0,$madiso@@n,2562651000.0,acute care hospitals,government - hospital district or authority,yes,surgical $infection prevention,scip-inf-3,surgery patients whose preventive antibiotics were stopped at the right time (within 24 hours after surgery),9??3%,561 patients,al_scip-inf-3
799,10039.0,huntsville hospital,101 sivley rd,empty,empty,huntsville,al,35801.0,m%adi#son,2562651000.0,acute care hospitals,government - hospital district or authority,yes,surgical infection prevention,scip-inf-4,all heart surgery patients whose blood sugar (blood glucose) is kept under good control in the days right after surgery,95%,149 patients,al_scip-inf-4
800,10039.0,huntsville hospital,101 sivley rd,empty,empty,huntsville,al,35801.0,madison,2562651000.0,acute care hospitals,government - hospital district or authority,yes,surgical infection prevention,scip-inf??-6,surgery patients needing hair removed from the surgical area before surgery who had hair removed using a safer method (electric clippers or hair removal cream c not a razor),99%??,852 patients,al_scip-inf-6
801,10039.0,huntsville hospital,101 sivley rd,empty,empty,huntsville,al,35801.0,madison,2562651000.0,acute care hospitals,government - hospital district or authority,yes,surgical infection prevention,scip-vte-1,surgery patients whose doctors ordered treatments to prevent blood clots after certain types of surgeries,9??3%$,269 patients,al_scip-v#te-@@1
802,10039.0,huntsville hospital,101 sivley rd,empty,empty,huntsville,al,35801.0,madison,10216708891.826998,acute care hospitals,government - hospital district or authority,yes,surgical infection p#revention,scip-vte-2,patients who got treatment  at the right time (within 24 hours before or after their surgery) to help prevent blood clots after certain types of surgery,90%,269 patients,a%l_#scip-vte-2
803,10040.0,gadsden regional medical center,1007 goodyear avenue,empty,empty,gadsden,al,35903.0,etowah,2564944000.0,acute care hospitals,pr??oprietary,%$yes,heart attack,ami-1,heart attack patients given aspirin at arrival,94%,123 patients,al_ami-1
804,10040.0,gadsden regional medical center,1007 goodyear avenue,empty,empty,gadsden,al,35903.0,eto$wah,2564944000.0,acute care hospitals,proprietary,yes,heart attack,ami-2,heart attack patients given aspirin at discharge,99%,134 patients,al_ami-2
805,10040.0,gadsden regio#nal medical center,1007 goodyear avenue,empty,empty,gadsden,al,35903.0,etowah,2564944000.0,acute care hospitals,proprietary,@@yes,heart attack,ami-3,heart attack patients given ace inhibitor or arb for left ventricular systolic dysfunction (lvsd),89%,18 patients,al_ami-3
806,10040.0,gadsden regional medical center,1007 goodyear avenue,empty,empty,gadsden,al,35903.0,etowa@@h,2564944000.0,acute care hospitals,proprietary,yes,heart attack,ami-4,heart attack patients given smoking cessation advice/counseling,10#0??%,79 patients,al_ami-4
807,41431.3867119582,gadsden regional medical center,1007 goodyear avenue,empty,empty,gadsden,al,35903.0,etowah,2564944000.0,acute care hospitals,propri%etary$,yes,heart attack,ami-5,heart attack patients given beta blocker at discharge,95%,117 patients,al_ami-5
808,10040.0,gadsden r@@egional medical center,1007 goodyear avenue,empty,empty,gadsden,$a%l,35903.0,etowah,2564944000.0,acute care hospitals,proprietary,yes,heart attack,ami-7a,heart attack patients given fibrinolytic medication within 30 minutes of arrival,68??%,25 patients,al_a??mi-7a
809,44674.22801065161,gadsden regional medical center,1007 goodyear avenue,empty,empty,gadsden,al,35903.0,etowah@??@,2564944000.0,acute care hospitals,proprietary,yes,heart attack,ami-8a,heart attack patients given pci within 90 minutes of arrival,83%,12$ patients,al_ami-8a
810,10040.0,gadsden regional medical center,1007 goodyear avenue,empty,empty,gadsden,al,195523.76612572034,etowah,2564944000.0,acute care hospitals,propri$etary,yes,heart failure,hf-1,??%heart failure patients given discharge instructions,47%,211 patients,al_hf-1
811,10040.0,gadsden regional medical center,1007 goodyear avenue,empt@@y,empty,gadsden,al,35903.0,etowah,12103399084.148302,acute care hospitals,proprietary,yes,heart failure,hf%-2%,heart failure patients given an evaluation of left ventricular systolic (lvs) function,100#%%,259 patients,al_hf-2
812,38437.604482916686,gadsden regional medical center,1007 goodyear avenue,??empty,empty,gadsden,al,35903.0,etowah,2564944000.0,acute care hospitals,proprietary,yes,heart failure,hf-3,hear$t failure patients given ace inhibitor or arb for left ventricular systolic dysfunction (l%vsd),93%,69 pati@@??ents,al_hf-3
813,10040.0,gadsden regional medical center,1007 goodyear avenue,empty,empty,gadsden,al,35903.0,etowah,9461438609.800165,acute care hospitals,??%proprietary,yes,heart failure,hf-4,heart failure patients given smoking cessation advice/counseling,100%,70 patients,al_hf-4
814,10040.0,gadsden regional medical center,1007 goodyear avenue,empty,empty,gadsden,al,35903.0,etowah,2564944000.0,acute care hospitals,proprietary,yes,$pneum#onia,pn-2,pneumonia patients assessed and given pneumococcal vaccination,96%,255 pa@@tients,al_pn-2
815,10040.0,gadsden regional medical center,1007 goodyear avenue,empt??y@@,empty,gadsden,al,35903.0,etowah,2564944000.0,acute care hospitals,proprietary,yes,pneu##monia,pn-3b,pneumonia patients whose initial emergency room blood culture was performed prior to the administration of the first hospital dose of antibiotics,96%,187 patients,al_pn-3b
816,10040.0,gadsden regional medical center,1007 goodyear avenue,empty,e#mpty,gadsden,al,35903.0,??etowah,2564944000.0,acute care hospitals,proprietary,yes,pneumonia,pn-4,pneumonia patients given smoking cessation advice/counseling,100%,130 patients,al_pn-4
817,10040.0,gadsden regional medical center,1007 goodyear avenue,empty,empty,gadsden,al,35903.0,etowah,10955645946.372856,acute care hospitals,proprietary,yes,pneumonia,pn-5c,pneumonia patients given initial antibiotic(s) within 6 hours after arrival,94%#,266 patients,al_pn-5c
818,39631.83675921987,gadsden regional medical center,1007 goody??ear avenue,empty,empty,gadsden,al,35903.0,etowah,2564944000.0,acute care hospitals,proprietary,yes??,pneumonia,pn-6,pneumonia patients given the most appropriate initial antibiotic(s),89%,153 patients,al_pn-6
819,10040.0,gadsden regional medical center,1007 goodyear avenue,empty,empty,gadsden,al,130858.67914142237,etowah,2564944000.0,acute care hospitals,proprietary,yes,p@$@neumonia,pn-7,pneumonia patients assessed and given influenza vaccination,96%,187 patients,al_pn-7
820,10040.0,gadsden regional medical center,1007 goodyear avenue,??em??pty,empty,gadsden,al,162874.92574912042,??eto$wah,2564944000.0,acute care hospitals,proprietary,yes,surgical infection prevention,scip-card-2,surgery patients who were taking heart drugs called beta blockers before coming to the hospital who were kept on the beta blockers during the period just before and after their surgery,91%,109 patients,al_scip-card-2
821,10040.0,gadsden regional medical center,1007 goodyear avenue,empty,empty,gadsden,a%l,35903.0,eto#w$ah,13237711074.72794,acute care hospitals,proprietary,yes,surgical infection prevention,scip-inf-1,surgery patients who were given an antibiotic at the right time (within one hour before surgery) to help prevent infection,98%,557 patients,al_scip-inf-1
822,10040.0,gadsden regional medical center,1007 goodyear avenue,empty,e%m@@pty,gadsden,al,35903.0,etowah,2564944000.0,acute care hospitals,proprietary,yes,surgical infection prevention,scip-inf-2,surgery patients who were given the  right kind  of antibiotic to help prevent infection,97%,564 patients,al_scip-inf-2
823,10040.0,gadsden regional medical center,1007 go#odyear avenu#e,empty,??em%pty,gadsden,al,35903.0,etowah,14383773198.33502,acute care hospitals,proprietary,yes,surgical infection prevention,scip-inf-3,surgery patients whose preventive antibiotics were stopped at the right time (within 24 hours after surgery),90%,520 patients,al_sci#p-inf-3??
824,10040.0,gadsden regional medical center,1007 goodyear avenue,empty,empty,gadsden,al,35903.0,etowah,13461465975.423977,acute care hospitals,pro??pri??etary,y#e%s,surgical infection prevention,scip-inf-4,all heart surgery patients whose blood sugar (blood glucose) is kept under good control in the days right after surgery,@@9@@4%,186 patients,al_scip-inf-4
825,10040.0,gadsden regional medical center,1007 goodyear avenue,empt@@y,empty,gadsden,al,35903.0,etowah,2564944000.0,acute care hospitals,proprietary,yes,surgical in%fection prevention,scip-inf-6,surgery patients needing hair removed from the surgical area before surgery who had hair removed using a safer method (electric clippers or hair removal cream c not a razor),100%,854 patients,al_scip-inf-6
826,10040.0,gadsden regional medical center,1007 goodyear avenue,empty,empty,ga#dsden,al,35903.0,e$towah,2564944000.0,acute care hospitals,proprietary,y#e#s,surgical infection prevention,scip-vte-1,surgery patients whose doctors ordered treatments to prevent blood clots after certain types of surgeries,95%,315 patients,al_scip-vte-1
827,10040.0,gadsden regional medical center,1007 goodyear avenue,empty,empty,gadsden,al,35903.0,etowah,2564944000.0,acute care hospitals,proprietary,yes@??@,surgical infection prevention,scip-vte-2,patients who got treatment  at the right time (within 24 hours before or after their surgery) to help prevent blood clots after certain types of surgery,87%,315 patients,al_scip-vte-2
828,10043.0,chilton medical center,1010 lay dam roa??d,empty,empty,clanto@@n,a#l,35045.0,chilton,9254725875.161192,acute care hospitals,voluntary non-profit - private,yes,heart attack,ami-1,heart attack patients given aspirin at arrival,100%,1 patients,al_ami-1
829,10043.0,chilton medical center,1010 lay dam road,empty,empty,clanton,al,35045.0,chilton,2057552500.0,acute care hospitals,voluntary non-profit - private,yes,heart attack,ami-@@2,heart attack patients given aspirin at discharge,100%,1 patients,al_ami#-2@@
830,10043.0,chilton medical center,1010 lay dam road,empty,empty,clanton,al,35045.0,chilton,2057552500.0,acute care hospitals,voluntary non-profit - private,yes,heart attack,ami-??@@3,heart attack patients given ace inhibitor or arb for left ventricular systolic dysfunction (lvsd),100%,1 patients,al_ami-3
831,10043.0,chilton medical center,1010 lay dam road,empty,empty,clanton,al,35045.0,chilton,2057552500.0,acute care hospitals,voluntary non-profit - private,yes,heart attack,ami-4,heart attack patients given smoking cessatio%n?? advice/counseling,empty,0 patients,al_ami-4
832,10043.0,chilton$?? medical center,1010 lay% dam road,empty,empty,clanton,al,35045.0,chilton,2057552500.0,acute care hospitals,voluntary non-profit - private,yes,h$eart attack,ami-5,heart attack patients given beta blocker at discharge,100%,1 patients,al_ami-5
833,57376.03303560835,chilton medical center,1010 lay da$m road,empty,empty,clanton,al,35045.0,chilton,2057552500.0,acute care hospitals,voluntary non-profit - private,yes,heart attack,ami-7a,heart attack patients given fibrinolytic medication within 30 minutes of arrival,em??pt%y,#0 pati??ents,al_ami-7a
834,10043.0,chilton medical center,1010 lay dam road,empty,empty,clanton,al,35045.0,chi#lton,2057552500.0,acute care hospitals,volunt$ary non-profit - private,yes,heart attack,am%i-8%a,heart attack patients given pci within 90 minutes of arrival,e??mpt$y,0 patients,al_ami-8a
835,10043.0,chilton medical center,1010 lay dam road,empty,empty,clanton,al,35045.0,chilton,2057552500.0,acute care hospitals,voluntary non-profit - private,y%es,heart failure,hf-1,heart failure patients given discharge instructions,84%,19 p??@@atients,al_hf-1
836,10043.0,chilton medical center,1010 lay dam road,empty,empty,clanton,al,160802.52483987005,chilton,2057552500.0,acute care hospitals,voluntary non-profit - private,yes,heart failure,hf-2,heart failure patients given an evaluation of left ventricular systolic (lvs) function,89%,28 patients,al_hf-2
837,10043.0,chilton medical center,1010 lay da??m road,empty,empty,#clant@@on,al,35045.0,chi??lton,2057552500.0,acute car#e hospitals,vol$untary non-prof@@it - private,y%es,heart failure,hf-3,heart failure patients given ace inhibitor or arb for left ventricular systolic dysfunction (lvsd),75%,4 patients,al_hf%-3
838,10043.0,chilton medical center,1010 lay dam road,empty,empty,clanton,al,183598.8223434668,chilton,2057552500.0,acute care hospitals,voluntary non-profit - private,yes,heart failure,hf-4,heart failure patients given smoking cessation advice/counseling,100%,4 patients,al_hf-4
839,56838.31202023346,chilton medical center,1010 lay dam road,empty,empty,@@clanton,al,35045.0,chilton,7115630630.841447,acute care hospitals,voluntary non-profit - private,yes,pneumonia,pn-2,pneumonia patients assessed and given pneumococcal vaccination,89%,47 patients,al_pn-2
840,37076.21292087338,chilton medical center,1010 lay dam road,empty,empty,clanton,al,162756.46438308596,chil@@t@@on,2057552500.0,acute care hospitals,voluntary non-profit - private,yes,pneumonia,pn-3b,pneumonia patients whose initial emergency room blood culture was performed prior to the administration of the first hospital dose of antibiotics,92%,36 patients,al_pn-3b
841,10043.0,chilton medical center,1010 lay @@dam #road,empt?@@?y,empty,clanton,al,35045.0,chilton,2057552500.0,acute care hospitals,voluntary non-profit - private,yes,pneumonia,pn-4,pneumonia patients given smoking cessation advice/counseling,9??4%,16 patients,al_pn-4
842,10043.0,chilton medical center,1010 lay dam road,empty,empty,clanton,al,35045.0,chilton,2057552500.0,acute care hospitals,voluntary non-profit - private,yes%,pn#eum#onia,pn-5c,pneu@@monia patients given init??ial antibiotic(s) within 6 hours after arrival,98%,44 patients,al_pn-5c
843,10043.0,chilto$n medical center,1010 lay dam road,empty,empty,clanton,al,35045.0,chilton,2057552500.0,acute care hospitals,voluntary non-profit - private,y$%es,pneumonia,pn-6,pneu#monia patients given the most appropriat$e initial antibiotic(s),95%,38 patients,$al_pn-6
844,10043.0,chilton medical center,1010 lay dam road,empt@@y,empty,clanton,al,35045.0,chilton,6662265792.135939,acute care hospitals,voluntary non-profit - private,yes,pneumonia,pn??-7,pneumonia patients assessed and given influenza vaccination,81%,37 patients,al_pn-@@#7
845,10043.0,chilton medical cente%r,1010 lay dam road,empty,empty,clanton,al,35045.0,chilton,7540853157.613165,acute care hospitals,voluntary non-profit - private,y$es,surgical infection prevention,scip-card-2,surgery patients who were takin??g heart drugs called beta blockers before coming to the hospital who were kept on the beta blockers during the period just before and after their surgery,50%,2 patie#nts,al_scip-card-2
846,10043.0,chilton medical center,1010 lay dam road,e??mpty,empty,%clanton,al,35045.0,chilton,2057552500.0,acute care hospitals,voluntary non-profit - private,yes,surgical infection prevention,scip-inf-1,surgery patients who were given an antibiotic at the right time (within one hour before surgery) to help prevent infection,100%,4 patients,al_scip-inf-1
847,10043.0,chilton medical center,1010 lay dam road,empty,empty,clanton,al,35045.0,chilton,2057552500.0,acute care hospitals,voluntary non-profit - private,yes,surgical infection prevention,scip-inf-2,surgery patients who were given the  right kind  of antibiotic to help prevent infection,100%,4 patients,al_scip-inf-2
848,10043.0,chilton medical center,1010 lay dam road,empty,empt%y,clanton,al,35045.0,chilton,2057552500.0,acute care hospitals,voluntary non-profit - private,yes,surgical infection prevention,scip-inf-3,surgery patients whose preventive antibiotics were stopped at the right time (within 24 hours after surgery),100%$,4 patients,al_scip-inf-@@3
849,10043.0,chilton medical center,1010 lay dam road,empty,empty,clanton,al,35045.0,chilton,2057552500.0,acute care hospitals,voluntary non-profit - private,yes,surgical infection prevention,scip-inf-4,all heart surgery patients whose blood sugar (blood glucose) is kept under good control in the days right after surgery,empty,0 patients,al_scip-inf-4
850,31614.193939169454,chilton medical center,1010 lay dam road,empty,empty,clanton,al,35045.0,chilton,2057552500.0,acute care hospitals,voluntary non-profit - private,yes,surgical infection prevention,scip-inf-6,surgery patients needing hair removed from the surgical area before surgery who had hair removed using a safer method (electric clippers or hair removal cream c not a razor),100%,5 patients,al_scip-inf-6
851,10043.0,chilton medical center,1010 lay dam road,empty,empty,clanton,%al#,35045.0,chilton,2057552500.0,acute care hospitals,vo#luntary non-profit - private,yes,surgical infec#tion p??revention,scip-vte-1,surgery patients whose doctors ordered treatments to prevent blood clots after certain types of surgeries,empty,0 patients,al_scip-vte-1
852,10043.0,chilton medical center,1010 lay dam road,empty,empty,clanton,#@@al,35045.0,chilton,2057552500.0,acute care hospita??ls,voluntary non-profit - private,yes,surgical infection prevention,scip-vte-2,patients who got treatment  at the right time (within 24 hours before or after their surgery) to help prevent blood clots after certain types of surgery,empty,0 patients,al_scip-vte-2
853,10044.0,marion regional medical center,1256 military street south,$empt%y,empty,hamilton,al,35570.0,marion,2059216200.0,acute care hospitals,voluntary non-profit - private,yes,heart attack,ami-1,heart attack patients given aspirin at arrival,67$%,3 patients,al_ami-1
854,10044.0,marion regional medical center,1256 military street south,empty,empty,hamilton,al,35570.0,marion,2059216200.0,acute care hospitals,voluntary non-profit - private,yes,he%art attack,ami-2,heart atta@@ck patients given aspirin at discharge,67%,3 patients,al_ami-2
855,10044.0,marion regional medical center,1256 military street south,empty,e@@mpty,hamilton,al,35570.0,ma%ri??on,2059216200.0,acute care hospitals,volun$tary non-profit - private,yes??,heart attack,ami-3,heart attack patients given ace inhibitor or arb for left ventricular systolic dysfunction (lvsd),100%,1 patients,al_ami-3
856,10044.0,marion regional medical center,1256 military street south,empty,empty,hamilton,al,174490.03514897128,marion,2059216200.0,acute care hospitals,voluntary non-profit - private,yes,heart attack,ami-4,heart attack patients given smoking cessation advice/counseling,emp%%ty,$0 patients,al_ami-4
857,59871.790747097635,marion regional medical center,1256 military street south,empty,%??empty,hamilton,$a$l,35570.0,marion,12208877867.574812,acute care hospitals,voluntary non-profit - private,yes,heart att??@@ack,ami-5,heart attack patients given beta blocker at discharge,33%,%3 pa%tients,al_ami-5
858,10044.0,marion regional medical center,1256 military street south,empty,empty,hamilton,al,35570.0,marion,2059216200.0,acute care hospitals,voluntary non-profit - private,ye%s,heart attack,ami-7a,heart attack patients given fibrinolytic medication within 30 minutes of arrival,em$p#ty,0 patients,al_ami-7a
859,10044.0,marion regional medical center,1256 mi$litary st??reet south,empty,empty,hamilton,al,35570.0,marion,2059216200.0,acute care ho$spitals,voluntary non-profit - private,yes,heart att$#ack,ami-8a,%heart attack patients given pci wi@@thin 90 minutes of arrival,empty,0 patients,@@al_#ami-8a
860,10044.0,ma??rion regio#nal medical center,1256 military street south,empty,empty,hamilton,$a#l,35570.0,marion,2059216200.0,acute care hospital$s,vol$untary non-profit - private,yes,heart failure,hf-1,heart failure patients given discharge instructions,7$4%%,38 patients,al_hf-1
861,10044.0,marion regional medical center,1256 military street south,empty,empty#,hamilton,al,201699.7337039918,#m$arion,2059216200.0,acute care hospitals,voluntary no#n-profit# - private,yes,heart failure,hf-2,hea??rt failure patients given an evaluation of left ventricular systolic (lvs) function,80%,46 patients,al_hf-2
862,10044.0,marion regional medical center,1256 military street south,empty,empty,hamilton,al,187121.04988793435,marion,2059216200.0,acute care hospitals,voluntary non-profit - private,yes,heart failure,hf-3,heart failure patients given ace inhibitor or arb for left ventricular systolic dysfunction (lvsd),7$8$%,18 patients,al_hf-3
863,10044.0,marion regional medical center,1256 military street south,empt??y,empty,h%amilton,al,35570.0,marion,2059216200.0,acute care hospitals,voluntary non-profit - private,yes,heart failure,hf-4,heart failure patients given smoking cessation advice/counseling,80%,10# p??atients,????al_hf-4
864,57541.04932954669,marion regional medical center,1256 military street south,empty,e#mpty,hamilton,al,35570.0,marion,10189942474.20454,acute care hospitals,voluntary non-profit - private,yes,pneumonia,pn-2,pneumonia patient@@s assessed and given@@ pneumococcal vaccination,96%,101 patients,a#l_pn-%2
865,10044.0,marion regional medical center,1256 military street south,empty,empty,hamilton,al,35570.0,marion,2059216200.0,acute care hospitals,voluntary non-profit - private@@$,yes,pneumonia,pn-3#b,pneumonia patients whose initial emergency room blood culture was performed prior to the administration of the first hospital dose of antibiotics,99%,78 patients,al_pn-3b
866,10044.0,marion regional medical center,1256 military street south,empty,empty,hamilton,al,35570.0,marion,2059216200.0,acute care hospitals,v#@@oluntary non-profit - private,yes,pneumonia,pn-4,pneumonia patients given smoking cessation advice/counseling,90%,42 patients,al_pn-4
867,10044.0,marion regional medical center,1256 military street south,??emp??ty,empty,hamilton,al,35570.0,marion,2059216200.0,acute care hospitals,voluntary non-profit - private,yes,pneumonia,pn-5c,pneumonia patients given initial antibiotic(s) within 6 hours after arrival,%98%,121 patients,al#_pn-5c
868,10044.0,marion regional medical center,1256 military street south,e@@mpty,empty,hamilton,al,35570.0,marion,2059216200.0,acute car??e hospitals,voluntary non-profit - private,yes,pneumonia,pn-6,pneumo%nia pa??tients given the most appropriate initial antibiotic(s),76%,97 patients,al@@_pn-6
869,10044.0,marion regional medical center,1256 military street south,em#pty,empty,hamilton,al,191637.01760224538,marion,2059216200.0,acute care hospitals,voluntary non-profit - private,$yes,pneumonia,pn-7,pneumonia patients assessed and given influenza vaccination,91%,85 patients,al_pn-7
870,10044.0,marion regional medical center,1256 military street south,empty,empty,hamilton,al,35570.0,marion,2059216200.0,acute care hospitals,voluntary non-profit - private,ye#s,surgical infection prevention,scip-card-2,surgery patients who were taking heart drugs called beta blockers before coming to the hospital who were kept on the beta blockers during the period just before and after their surgery,67%,3 patients,al_scip-card-2
871,10044.0,marion regi??on??al medical center,1256 military street south,empty,empty,hamilton,al,35570.0,marion,2059216200.0,acute care hospitals,voluntary non-profit - private,yes,surgical infection p#revention,scip-inf-1,surgery patients who were given an antibiotic at the right time (within one hour before surgery) to help prevent infection,80%,15 patients,al_scip??-inf-1
872,10044.0,marion regional medical center,1256 military street south,empty,empty%,hamil%t$on,al,35570.0,marion,7120746565.327347,acute care hospitals,voluntary non-profit - private,yes,surgical infection prevention,scip-inf-2,surgery patients who were given the  right kind  of antibiotic to help prevent infection,87%,15 patients,al_scip-inf-2
873,10044.0,marion regional medical center,1256 military street south,empty,empty,hamilton,al,35570.0,marion,2059216200.0,acute care hospitals,voluntary non-profit - private,yes,surgical infection# prevention,scip-inf-3,surgery patients whose preventive antibiotics were stopped at the right time (within 24 hours after surgery),87%,15 patients,al_scip-inf-3
874,10044.0,marion regional medical center,1256 military street south,empty,empty,hamilton,al,35570.0,marion,2059216200.0,acute care hospitals,voluntary non-profit - private,yes,surgical infection prevention,scip-inf-4,all heart surgery patients whose blood sugar (blood glucose) is kept under good control in the days right after surgery,empty,0 patients,al_scip-inf-4
875,10044.0,marion regional medical center,1256 milita??ry street south,empty,empty,hamilton,al,135460.8242047069,marion,2059216200.0,acu%te care hosp??itals,voluntary non-profit - private,y@@e$s,surgical infection prevention,scip-inf-6,surgery patients needing hair removed from the surgical area before surgery who had hair removed using a safer method (electric clippers or hair removal cream c not a razor),100%,19 patients,al_scip-inf-6
876,10044.0,marion regional medical center,@@1256 military street south,empty,empty,hamilton,al,35570.0,$ma@@rion,8078468251.958193,acute care hospitals,voluntary non-profit - private,yes,surgical infection prevention,scip-vte-1,surgery patients whose doctors ordered treatments to prevent blood clots after certain types of surgeries,100%,4 patients,al_scip-vte-1
877,10044.0,marion regional medical center,1256 military street south,empty,empty,hamilto$n,al,35570.0,marion,2059216200.0,acute care hospitals,voluntary non-profit - private,yes,surgical infection prevention,scip-vte-2,patients who got treatment  at the right time (within 24 hours before or after their surgery) to help prevent blood clots after certain types of surgery,100%@@,4 patients,al_scip-vte-2
878,10045.0,fayette medical center,1653 temple avenue north,empty,empty,fayette,al,35555.0,fayette,2059325966.0,acute care hospitals,voluntary non-profit - other,yes,heart attack,ami-1,heart attack patients given aspirin at arrival,100%,18 patients,al_ami-1
879,10045.0,fayette medical center,1653 temple avenue north,empty,empty,fayette,al??,145945.62774189582,fayette,2059325966.0,acute care hospitals,voluntary non-profit - other,yes,heart@@ attack,ami-2,heart attack patients given aspirin at discharge,100%,12 patients,al_ami-2
880,54443.36276749479,fayette medical center,1653 temple avenue north,empty,empty,fayette,al,35555.0,fayette,2059325966.0,acute care hospitals,voluntary non-profi#t - other,yes,heart attack,ami-3,heart attack patients given ace inhibitor or arb for left ventricular systolic dysfunction (lvsd),0%,1 patients,al_ami-3
881,10045.0,fayette medical center,1653 temple avenue north,empty,empty,fayette,al,35555.0,fayette,2059325966.0,acute care hospitals,voluntary non-pr$ofit - other,yes,heart attack,ami-4,heart attack patients given smoking cessation advice/counseling,100%,1 patients,al_ami-4
882,10045.0,fayette medical center,1653 temple avenue nort@@h,empty,empty,fayette,al,35555.0,??faye@@tte,2059325966.0,acute care hospitals,vo%luntary n??on-profit - other,y@@es,heart attac$k,ami-5,heart attack patients given beta blocker at discharge,82%,11 patients,al$_ami#-5
883,35888.95890484346,fayette medical center,1653 temple avenue north,empty,empty,fayette,al,35555.0,fayette,11888861658.291233,acute care hospitals,volunta??ry non-prof#it - other,yes,heart attack,ami-7a,heart attack patients given fibrinolytic medication within 30 minutes of arrival,empty,0 patients,al_ami-7a
884,42563.197162736265,fayette m@@edical center,1653 temple avenue north,empt@@y,empty,fayette,al,35555.0,f@@ay#ette,9324671643.594015,#acute care h@@ospitals,voluntary non-profit - other,yes#,hea#rt attack,a#mi-8a,heart attack patients given pci within 90 minutes of arrival,empty,0 patients,al_ami-8a
885,10045.0,fayette medical center,1653 temple avenue north,empty,empty,f%ayette,al,35555.0,fayett%e,11406340296.883472,acute care hospitals,volun@@tary non-profit %- other,yes,heart failure,hf-1,heart failure patients given discharge instructions,87%,67 patients,al_hf-1
886,10045.0,fayette medical center,1653 temple avenue north,empty,#empty,fayette,a%l,35555.0,fayette,7309712003.798851,acute care hospitals,voluntar%y non-profit# - other,yes#,heart failure,hf-2,heart failure patients given an evaluation of left ventr@@icular systolic (lvs) f??unction,94%,85 patients,al_hf-2
887,10045.0,fayette me??dical ce@@nter,1653 temple avenue north,empty,??empt??y,fayette,al,35555.0,fayette,2059325966.0,acute care hospitals,voluntary non-profit - other,yes,heart failure,hf-3,heart failure patients given ace inhibitor or arb for left ventricular systolic dysfunction (lvsd),89%,19 patients,al_hf-3
888,10045.0,fayette medical center,1653 temple avenue nort??h,empty,empty,fayette,al,35555.0,fayette,2059325966.0,acute care hospitals,voluntary non-profit - @@other,@@@@yes,heart failure,hf-4,heart failure patients given smoking cessation advice/counseling,100%,16 patients,a????l_hf-4
889,10045.0,fayette medical center,1653 temple avenue north,empty,empty,fayette,al,206702.60121542498,fayette,2059325966.0,acute care hospitals,voluntary non-profit - other,yes,pneumoni%a,pn-2,pneumonia patients assessed and given pneumococcal vaccination,85%,117 patients,al_pn-2
890,10045.0,fayette medical center,1653 temple avenue north,empty,empty,fayette,al,35555.0,fayette,2059325966.0,acute care hospitals,voluntary non-profit - other,yes,pneumonia,pn-3b,pneumonia patients whose initial emergency room blood culture was performed prior to the administration of the first hospital dose of antibiotics,100%,41 patients,al_pn-3b
891,10045.0,fayette medical center,1653 temple avenue north,empty,empty,f#aye#tte,al,149885.83259586908,fay????ette,2059325966.0,acute care hospitals,voluntary non-profit - other,yes,pn$eumo%nia,pn-4,pneumonia patients given smoking cessation advice/counseling,100%,34 patients,al_pn-4
892,10045.0,fayette medical center,1653 temple avenue north,empty,empty,f@$@ayette,al,35555.0,fayette,2059325966.0,acute care hospitals,voluntary non-profit - other,yes,pneu%monia,pn-5c,pneumonia patients given initial antibiotic(s) within 6 hours after arrival,97%,109 patients,al_pn-5c
893,10045.0,fayette medical center,1653 temple avenue north,empty,empty,fayette,al,35555.0,fayette,2059325966.0,acute care ho%spit#als,voluntary non-profit - other,yes,pneumonia,pn-6,pneumonia patients given the most appropriate initial antibiotic(s),87%,79 patients,al_pn-6
894,10045.0,fayette medical center,165??3$ temple avenue north,??empty,empty,fayette,al,35555.0,fayette$,2059325966.0,acute care hospitals,voluntary non-profit - other,yes,pneumonia,pn-#7,pneumonia patients assessed and given influenza vaccination,87%,86 patients,al_pn-7
895,10045.0,fayette medical center,1653 temple avenue north,empty,empty,fayette,al,35555.0,fayette,2059325966.0,acute care hospitals,voluntary non-profit - @@other,yes,surgical infection prevention,scip-card-2,surgery@@ patients who were taking heart drugs called beta blockers before coming to the hospital who were kept on %the beta blockers during the period just before and after their surgery,emp@@ty@@,0 patients,@@$al_scip-card-2
896,10045.0,fayette medical center,1653 temple avenue north,empty,empty,fayette,al,183181.69888561737,fayette,9713390983.013464,acute care hospitals,voluntary non-profit - other,yes??,surgical infection prevention,scip-inf-1,surgery patients who were given an antibiotic at the right time (within one hour before surgery) to help prevent infection,emp#t$y,0 patients,al_scip-inf-1
897,10045.0,fayette medical center,1653 temple avenue nort#h,empty,empty,fayette,al,35555.0,fayette,2059325966.0,acute care hospitals,voluntar$y non-profit -% other,yes,surgical infection prevention,scip-inf-2,surgery patients who were given the  right kind  of a$ntibioti@@c to help prevent infection,empty,0 patients,al_scip-inf-2
898,40970.69459028641,fayette medical center,1653 temple avenue north,empty,empty,fa%yette,al,35555.0,fayette,2059325966.0,acute ca#re hospitals@@,voluntary non-profit - other,yes,surgical infection prevention,scip-inf-3,surgery patients whose preventive antibiotics were stopped at the right time (within 24 hours after surgery),em#pt@@y,0 @@pa%tients,al_scip-inf-3
899,10045.0,fayette medical center,1653 temple avenue north,em@@pty,empty,fayette,al,35555.0,faye#tte%,2059325966.0,acute care hospitals,voluntary non-profit - other,yes,surgical infection prevention,scip-inf-4%,all heart surgery patients whose blood sugar (blood glucose) is kept under good control in the days right after surgery,empty,0 patients,al_scip-inf-4
900,10045.0,fayette medical center,1653 temple avenue north,em$p%ty,empty,fayette,al,35555.0,fayette,7421288883.858241,acute care hospitals,voluntary non-profit - other,yes,surgical infection prevention,scip-inf-6,surgery patients needing hair removed from the surgical area before surgery who had hair removed using a safer method (electric clippers or hair removal cream c not a razor),100%,7 patients,al_scip-inf-6
901,10045.0,fayette medical center,1653 temple a$venue nor@@th,empty,empty,fayette,al,128520.30022894425,fayette,2059325966.0,acute care hospitals,voluntary non-profit - other,yes,surgical infection prevention,scip-vte-1,surgery patients whose doctors ordered treatments to prevent blood clots after certain types of surgeries,100%,3 patients,al_scip-vte-1
902,10045.0,fayette medical center,1653 temple avenue north,empty,empty,fayette,al,35555.0,fayette,2059325966.0,acute care hospitals,voluntar$y non-profit - other,yes,surgical infection prevention,scip-vte-2,patients who got treatment  at the right time (within 24 hours before or after their surgery) to help prevent blood clots after certain types of surgery,100%,3 patients,al_scip-vte-2
903,10046.0,riverview regional medical center,600 south third street,empty%$,empt$y,gadsden,al,35901.0,etowah,12011374946.301178,acute care?? hospita@@ls,proprietary,ye%s$,children s asthma care,cac-1,children who received reliever medication while hospitalized for asthma,100%,4 patients,al_cac-1
904,10046.0,riverview regional medic%al center,600 south third street,empty,empty,gadsden,al,35901.0,etowah,2565435200.0,acute care hospitals,proprietary,yes,children s asthma care,cac-2,children who received systemic corticosteroid medication (oral and iv medication that reduces inflammation and controls symptoms) while hospitalized for asthma,100$%,4 patients,al_cac-2
905,44836.806491501375,riverview regional medical center,600 south third street,empty,empty,gadsden,??a$l,35901.0,etowah,8248278962.609792,acute care hospitals,proprietary,yes,children s asthma care,cac-3,children and their caregivers who received a home management plan of care document while hospitalized for asthma,100%,4 patients,al_cac-3
906,10046.0,riverview regional medical center,6%00 s@@outh third street,empty,empty,gadsden,al,35901.0,et%owah#,2565435200.0,acute care hospitals,proprietary,yes,heart attack,ami-1,heart attack patients given aspirin at arrival,100%,126?? p#atients,al_ami-$1
907,10046.0,riverview regional medical center,600 south third street,empt$$y,empty,gadsden,al,35901.0,etowah,2565435200.0,acute care hospitals,proprietary,yes,hear%t attack,ami-2,heart attack patients given aspirin at discharge,100%,145 patients,al_a$m??i-2
908,10046.0,riverview regional medical center,600 south third street,empty,empty,gadsden,al,35901.0,eto%wah,2565435200.0,acute care hospitals,propr#ieta@@ry,yes,heart a??t%tack,ami-3,heart attack patients given ace inhibitor or arb for left ventricular systolic dysfunction (lvsd),100%,$??25 patients,al_ami-3
909,10046.0,riverview regional medical center,600 south third street,empty,e@@mpty#,gadsden,%al,145006.92209702727,etowah,12444397644.030443,acute care hospitals,proprietary,yes,hear??t attack,ami??-4%,heart attack patients given smoking cessation advice/counseling,100%,68 patients,al_ami-4
910,10046.0,riverview regional medical center,600 south third street,empty,empty,gadsden#,al,35901.0,etowah,2565435200.0,acute care hospitals,proprietary,#yes,heart attack,am%i-5??,heart attack patients given beta blocker at discharge,100%,125 patients,a??l_ami-5
911,10046.0,riverview regional medical center,600 south third street,empty,empty,gadsden@@,al,35901.0,etowah,2565435200.0,acut#e care hospitals,propri%eta??ry,yes,heart attack,ami-7a,heart attack patients given fibrinolytic medication within 30 minutes of arrival,88%,8 patients,al_ami-7a
912,10046.0,riverview regional medical center,600 south third street,empty,empty,gadsden,al,35901.0,etowah,2565435200.0,acute care hospitals,proprietary#,yes,heart$ att#ack,ami-8a,heart attack patients given pci within 90 minutes of arrival,100%,16 patients,al_ami-8a
913,10046.0,riverview regional medical center,600 south third street,empty,empty,gadsden,al,35901.0,etowah,2565435200.0,acute care hospitals,proprietary,ye??s,heart failure,hf-1,heart failure patients given discharge instructions,100%,268 patients,al_hf-1
914,10046.0,riverview regional medical center,600 south third street,empty,empty,gadsden,al,35901.0,etowah,2565435200.0,acute care hospitals,proprie@@tary,yes%,heart failure,hf-2,heart failure patients given an evaluation of left ventricular systolic (lvs) function,100%#,350 pati#en$ts,al_hf-2
915,10046.0,riverview regional medical center,600 south third street,empty,empty,gadsden,al,35901.0,etowah,2565435200.0,acute care hospitals,proprietary,yes,hea??rt failure,hf-3,heart failure patients given ace inhibitor or arb for left ventricular systolic dysfunction@@ (lvsd),100%,90 patients,al_hf-3
916,10046.0,riverview regional medical center,600 south third street,empty,empty,gadsden,al,35901.0,etowah,2565435200.0,acute care hospitals,propr%ietary,yes,heart failure,hf-4,heart failure patients given smoking cessation advice/counseling,100%,85 patients,al_hf-4
917,10046.0,riverview regional medical center,600 south third street@@,empty,empty,gadsden,al,35901.0,??etowa$h,2565435200.0,acute care hospitals,proprietary,yes,pneumonia,pn-2,pneumonia patients assessed and given pneumococcal vaccination,99%,23%9 pati#ents,al_pn-2
918,10046.0,riverview re%gional medical center,600 south third street,empty,empty,gadsden,al,35901.0,etowah,2565435200.0,acute care hospitals,proprietary,yes,pneumonia,pn-3b,pneumonia patients whose initial emergency room blood culture was performed prior to the administration of the first hospital dose of antibiotics,97%,196 patients,al_pn-3b
919,10046.0,riverview regional medical center,600 south third street,empty,empty,gadsden,al,35901.0,@@etow??ah,2565435200.0,acute care hospitals,proprietary,yes,pneumonia,pn-4,pneumonia patients given smoking cessation advice/counseling,100%@@??,109 patients,al_p$n??-4
920,10046.0,riverview regional medical center,600 south third street,empty,empty,gadsden,al,210946.69105474712,etowah,2565435200.0,acute care hospitals,proprietary,yes,pneumonia,pn-5c,pneumonia patients given initial antibiotic(s) within 6 hours after arrival,87%,261 patients,al_pn-5c
921,10046.0,riverview regional medical center,600 south third street,empty,empty,gadsden,al,35901.0,eto#@@wah,8574539065.359986,acute care hospitals,proprietary,yes,pneumonia,pn-6,pneumonia patients given the most appropriate initial antibiotic(s),76%,212 patients,al_pn-6
922,10046.0,riverview regional medical center,600 south third street,#$empty,empty,gadsden,al,35901.0,etowah,2565435200.0,acute care hospitals,proprietary,yes,pneumonia,pn-7,pneumonia patients assessed and given influenza vaccination,99%,178 patients,al_pn-7
923,10046.0,riverview regional medical cent??er,600 south third street,empty,empty,gadsden,al,35901.0,eto??wah@@,2565435200.0,acute care hospitals,proprietary,yes,surgical infection prevention,scip-card-2,surgery patients who were taking heart drugs called beta blockers before coming to the hospital who were kept on the beta blockers during the period just before and after their surgery,@@#95%,107 patients,al_s$cip??-card-2
924,10046.0,riverview regional medical center,600 south third street,empty,empty,gadsden,$#al,35901.0,etowah,12784137327.049158,acute care hospitals,p??roprietary,yes??,surgical infection prevention,scip-inf-1,surgery patients who were given an antibiotic at the right time (within one hour before surgery) to help prevent infection,95%,402 patients,al_scip-inf-1
925,10046.0,riverview regional medical center,600 south thir@@d $street,empty,empty,gadsden@@,al,35901.0,etowah,2565435200.0,acute care hospitals,proprietary,yes,surgical infection prevention,scip-inf-2,surgery patients who were given the  right kind  of antibiotic to help prevent infection,95%,404 patients,al_scip-inf-2
926,10046.0,riverview regional medical center,600 south third street,empty,empty,gadsden,al,35901.0,etowah,2565435200.0,acute care hospitals,proprietary,yes,surgical infection prevention,scip-inf-3,surgery patients whose preventive antibiotics were stopped at the right time (within 24 hours after surgery),$7%9%,352 patients,al_scip-inf-3
927,10046.0,riverview regional medical ce#nter,600 south third street,empty,empty,gadsden,al,35901.0,etowah,2565435200.0,acute care hospitals,proprietary,yes,surgical infection prevention,scip-inf-4,all heart surgery patients whose blo$od sugar (blood glucose) is kept under good control in the days right after surgery,76%,114 patients,al_#scip-inf-4
928,40441.40201122852,riverview regional medical center,600 south third street,empty,empty,gadsden,al,35901.0,etowah,2565435200.0,acute care hospitals,proprietary,yes,surgical infection prevention,scip-inf-6,surgery patients needing hair removed from the surgical area before surgery who had hair removed using a safer method (electric clippers or hair removal cream c not a razor),100%,607 patients,al_scip-inf-6
929,10046.0,riverview regional medical center,600 south third street,empty,empty,gadsden,al,35901.0,etowah,2565435200.0,acute care hospitals,proprietary,yes,surgical$ infection prevention,scip-vte-1,surgery patients whose doctors ordered treatments to prevent blood clots after certain types of surgeries,91%,280 patients,al_scip-vte-1
930,10046.0,riverview regional medical center,600 south third street,em$p@@ty,empty,gadsden,al,35901.0,etowah,2565435200.0,acute care hospitals,proprietary,y%es,surgical infecti#on prevent??ion,scip-vte-2,patients who got treatment  at the right time (within 24 hours before or after their surgery) to help prevent blood clots after certain types of surgery,84%,280 patients,al_scip-vte-2
931,10047.0,georgiana hospital,515 miranda st,em#pty,empty,georgiana,al,36033.0,bu??t%ler,11730778656.062838,acute care hospitals,voluntary non-profit - private,no,heart attack,ami-??@@1,heart at#tack patients given aspirin at arrival,53%,19 patients,al_ami-1
932,10047.0,georgiana hospital,515 mira??nda ??st,empty,empty,georg$ia%na,al,36033.0,butler,3343762205.0,acute care hospitals,voluntary non-profit - private,no#,heart attack,ami-2,heart attack patients given aspirin at discharge,50%,16 patients,al_ami-2
933,33371.08721544871,georgiana #hospita??l,515 miranda st,em%pty#,????empty,georgiana,al,36033.0,butler,3343762205.0,acute care hospitals,voluntary non-profit - private,no,heart attack,ami-3,heart attack patients given ace inhibitor or arb for left ventricular systolic dysfunction (lvsd),100%,1 patients,al_ami-3
934,10047.0,ge??orgiana $hospital,515 miranda st,empty,empty,georgiana,al@@??,36033.0,butler,3343762205.0,acute care hospitals,voluntary non-profit - private,no,heart attack,ami-4,heart attack patients given smoking cessation advice/counseling,33%$,6 patients,al_ami-4
935,10047.0,georgiana hospital,515 miranda st,empty,empty,georgiana,al,36033.0,butler,3343762205.0,acute care hospitals,voluntary non-profit - private,no,heart attack,ami-5??,heart attack patients given beta blocker at discharge,60%,15 patients,al_ami-5
936,10047.0,georgiana hospital,515 miranda st,@@empty,empty,georgiana,al,36033.0,butler,3343762205.0,acute care hospitals,voluntary non-profit - private,no@@,heart attack,ami-7a,heart attack patients given fibrinolytic medication within 30 minutes of arrival,empty,0 patients,al_ami-7a
937,45438.11187215065,georgiana hospital,515 miranda st,e$mpty??,empty,georgiana,al,36033.0,@@$butler,3343762205.0,acute care hospitals,voluntary non-profit - private,no,heart attack,ami-8a,heart attack patients given pci within 90 minutes of arrival,empty,0 patients,al_ami-??%8a
938,10047.0,georgiana hospital,515 miranda st,@@empty%,empty,georgiana,al,36033.0,butler@@,14057892691.359423,acute care hospitals,voluntary non-profit - private,??$no,heart failure,hf-$1,heart failure patients given discharge instructions,53%,51 patients,al_hf-1
939,10047.0,georgiana hospital,515 miranda st,empty,empty,ge$org%iana,al,36033.0,b$ut%ler,3343762205.0,acute care hospitals,voluntary non-profit - private,no,heart failure,hf-2,heart failure patients give$n an evaluation o#f left ventricular systolic (lvs) function,63%,59 patients,al_hf-2
940,10047.0,georgiana hospital,515 miranda st,empty,empty,georgiana,al,166684.42382232286,butler,3343762205.0,acute care hospitals,voluntary non-profit - private,no,heart failure,hf-3,heart failure patients given ace inhibitor or arb for left ventricular systolic dysfunction (lvsd),67%,6 patients,al_hf-3
941,10047.0,georgiana hospital,515 miranda st,empty,empty,georgia@@na,al,36033.0,but#ler,10627116475.55701,acute care hospitals,voluntary non-profit - private,no,heart failure,hf-4,heart failure patients given smoking cessation# advice/counseling,75%,8 patients,al_hf-4
942,10047.0,georgiana hospital,515 miranda st,empty,empty,georgiana,a@@l,36033.0,butler,3343762205.0,acute care hospitals,voluntary non-profit - private,no,pneumonia,pn-2,pneumonia patients assessed and given pneumococcal vaccination,90@@%%,39 patients,al_pn-2
943,10047.0,georgiana hospital,515 miranda st,empty,emp@@ty,georgiana,al,36033.0,butler,3343762205.0,acute?? care ho#spitals,voluntary non-profit - private,no,pneumonia,pn-@??@3b,pneumonia patients ??whose initial emergency room blood culture was performed prior to the administration of the first hosp??ital dose of antibiotics,5@@0%,2 patients,al_pn-3b
944,10047.0,georgiana hospital,515 miranda st,empty,empty,georgiana,al,214979.19642201168,butler,3343762205.0,acute c$are hospitals,vol%untary# non-profit - private,no,pneumonia,pn-4,pneumonia patients given smoking cessation advice/counseling,80%,5 patients,al_pn-4
945,10047.0,georgiana hospital,515 miranda st,empty,empty,georgiana,al,36033.0,butler,15063197978.18373,acute care hospitals,voluntary non-profit - private,no,pneumonia,$pn-@@5c,pneumonia patients given initial antibiotic(s) within 6 hours after arrival,97%,36 patients,al_pn-5c
946,47994.32689467902,georgiana hospital,515 miranda st,empty,empty,georgiana,al,36033.0,butler,3343762205.0,acute care hospitals,volu@@ntary #non-profit - private,no,pneumonia,pn-??6,pneumonia patients given the most appropriate initial antibiotic(s),50%,30 patients,al_pn-??6??
947,10047.0,georgiana hospital,515 ??miranda?? st,empty,empty,georgiana,al,36033.0,butler,3343762205.0,acute care hospitals,voluntary non-profit - private,no,pneumonia,pn-7,pneumonia patients assessed and given influenza vaccination,65%,31 patie??nts,al_pn-7
948,42289.84764867864,georgiana hospital,515 miranda st,empty,empty,georgiana,al,36033.0,butler,3343762205.0,acute care hospitals,voluntary non-profit - p$$rivate,no,surgical infection prevention,scip-card-2,surgery patients who were taking heart drugs called beta blockers before coming to the hospital who were kept on the beta blockers during the period just before and after their surgery,empty,empty,al_scip-card-2
949,10047.0,georgiana hospital,515 miranda st,empty,empty,georgiana,al,114905.46469440694,butler,3343762205.0,acute care hospitals,voluntary non-profit - private,no,surgical infection prevention,scip-inf-1,surgery patients who were given an antibiotic at the right time (within one hour before surgery) to help prevent infection,empty,empty,al_scip-inf-1
950,10047.0,georgiana hospital,515 miranda st,e%m#pty,empty,georgiana,al,123876.53032589887,butler,3343762205.0,acute care hospitals,voluntary non-profit - private,no,surgical infection prevention,scip-inf-2,surgery patients who were given the  right kind  of antibiotic to help prevent infection,empty,empty,al_s%ci%p-inf-2
951,10047.0,georgiana hospital,515 miranda st,empty,empty,georgia@@na,al,36033.0,#butle??r,3343762205.0,acute care hospitals,voluntary non-profit - private,no,surgical infection prevention,scip-inf-3,surgery patients whose preventive antibiotics were stopped at the right time (within 24 hours after surgery),%empt??y,e$mpty,al_sci@@p-inf-3
952,35014.4113018979,georgiana hospital,5#15 %miranda st,empty,$emp%ty,geor#giana,al,36033.0,butler,18098770814.61042,acute care hospitals,volu@@nt??ary non-profit - private,no,surgical infection prevention,scip-@@$inf-4,all heart surgery patients whose blood sugar (blood glucose) is kept under good control in the days right after surgery,empty,empty,al_scip-inf-4
953,10047.0,georgiana hospital,515 miranda st,empty,empty,georgiana,al,36033.0,butler,3343762205.0,acute care hospitals,voluntary non-profit - private,no,surgical infection prevention,scip-inf-6,surgery patients needing hair removed from the surgical area before surgery who had hair removed using a safer method (electric clippers or hair removal cream c not a raz%or),empty,empty,al_scip-inf-6
954,10047.0,%georgia@@na hospital,515 miranda st,empty,empty,georgiana,al,36033.0,butler,3343762205.0,acute c%are h#ospitals,voluntary non-profit - private,n@@o,surgical infection prevention,scip-vte-1,surgery patients whose doctors ordered treatments to prevent blood clots after certain types of surgeries,empty$,em#pty,al_scip-vt$e-1
955,10047.0,georgiana hospital,515 miranda st,empty,e#mpty,georgiana,al,36033.0,butler,3343762205.0,acute care hospitals,voluntary non-profit - private,no,surgical infection prevention,scip-vte-2,patients who got treatment  at the right time (within 24 hours before or after their surgery) to help prevent blood clots after certain types of surgery,empty,empty,al_scip@@-vte-2
956,10049.0,medical center enterprise,400 n edwards street,empty,e$mp??ty,enterprise,al,36330.0,co@@ffe??e,3343470584.0,acute care hospitals,proprietary,yes,heart attack,ami-1,heart attack patients given aspirin at arrival,100@@%,4 patients,al_ami-1
957,10049.0,medical center enterprise,400 n edwards street,e@@mp@@ty,empty,enterprise,al,205165.67331473096,coffee,3343470584.0,acute care hospitals,proprietary,yes,heart attack,ami-2,heart attack patients given aspirin at discharge#,100%,1 patients,al_ami-2
958,10049.0,medical center enterprise,400 n edwards street,empty,empty?%?,enterprise,al,36330.0,coffee,15573101530.63924,acute care ho%spi??tals,proprietary,yes,heart attack,ami-3,heart attack patients given ace inhibitor or arb for left ventricular systolic dysfunction (lvsd),empty,0 patients,al_ami-3
959,10049.0,medical center enterprise,400 n edwards street,empty,empty,enterprise,al,36330.0,coffee,3343470584.0,acute care hospitals,proprietary,yes,heart attack,ami-4,heart attack patients given smoking cessation advice/counseling,empty,0 patients,al_ami-4
960,10049.0,medical center enterprise,400 n edwards street,em??pty,empty,enterprise,a%l$,116689.23828223118,coffee,3343470584.0,acute care hospitals,proprietar@@@@y,yes,heart attack,a$$mi-5,heart attack patients given beta blocker at discharge,100%,2 patients,al_ami-5
961,10049.0,medical center enterprise,400 ??n edwards street,empty,empty,enterprise,al,36330.0,coffee,3343470584.0,acute care hospitals,proprietary,yes,heart attack,ami-7a,heart attack patients given fibrinolytic medication within 30 minutes of arrival,empty,0 patients,al_ami-7a
962,10049.0,medical center enterprise,400 n edwards street,empty,empty,enterprise,al,36330.0,coffee,3343470584.0,acute care hospitals,proprietary,yes,heart attack,ami-8a,heart attack patients given pci within 90 minutes of arrival,empty,0 patients,al_ami-8a
963,10049.0,medical cent$er enterprise@@,400 n edwards street,empty,empt@@y,enterprise,al,36330.0,coffee,3343470584.0,acute care hospitals,proprietary,yes,heart failure,hf-1,heart failure patients given discharge instructions,96%,70 patients,al_hf-1
964,10049.0,medical center enterprise,400 n edwards street,empty,e%mp%ty,enterprise,al,125071.0122873948,coffee,16410273568.366282,acute car@@e hospitals,proprietary,yes,heart failure,hf-2,heart failure patients given an evaluation of left ventricular systolic (lvs) function,99%,82 patients,al_hf-2
965,10049.0,medical center enterprise,400 n edwards #street,empty,empty,enterprise,al,36330.0,coffee??,3343470584.0,acute ca??re hosp??itals,proprietary,yes,heart failure,hf-3,heart failure patients given ace inhibitor or arb for left ventricular systolic dysfunction (lvsd),100%,34 patients,al_hf-3
966,10049.0,medical center enterprise,4#00 n #edwards street,empty,empty,enterprise,al,204523.62472668657,coffee,17913246879.90019,acute care hospitals,proprietary,yes,heart failure,h#??f-4,heart failure patients give@@n smoking cessation advice/counseling,10#%0%,15 patients,al_hf-4
967,10049.0,medical center enterprise,400 n edwards street,empty,empty,enterprise,al,36330.0,coffee,3343470584.0,acute care hospitals,proprietary,yes,pneumonia,p??n-2,pneumonia patients assessed and given pneumococcal vaccination,100%,72 patients,al_pn-2
968,10049.0,medical center enterprise,400 n edwards street,empty,empty,enterprise,al,36330.0,coffee,3343470584.0,acute care hospitals,proprietary,yes,pneumonia,pn-3b,pneumonia patients whose initial emergency room blood culture was performed prior to the administration of the first hospital dose of antibiotics,98%,49 patients,al??_??pn-3b
969,10049.0,medical center enterprise,400 n edwards street,empty,empty,enterprise,al,36330.0,coffee,3343470584.0,acute care hospitals,proprietary,yes,pneu#monia,pn-4,pneumonia patients given smoking cessation advice/counseling,100%,24 patients,@@al_pn-4
970,40951.39560918816,me@@dical center ente??rprise,??400 n edwards street,empty,e$mpt$y,enterprise,al??#,163855.6254033934,coffee,3343470584.0,acute care hospitals,proprietary,yes,pneumonia,pn-5c,pneumonia patients given initial antibiotic(s) within 6 hours after arrival,99%,85 patients,al_pn-5c
971,10049.0,medical center enterprise,400 n edwards street,empty,empty,enterprise,al,36330.0,coffee,19773533705.849842,acute care hospi#tal@@s,proprietary,yes,pneumonia,pn-6,pneumonia patients given the most appropriate initial antibiotic(s),99%,67 patients,al_pn-6
972,52578.54986460548,medical center enterprise,400 n edwards street,@@empty,empt%y,enterprise,al,36330.0,c$offee,3343470584.0,acute care hospitals,proprietary,yes,pneumonia,pn-7,pneumonia patients assessed and given influenza vaccination,100%,37 patients,al_pn-7
973,10049.0,medical center enterprise,400 n edwards street,empty,empty,enterp@@rise,al,36330.0,#%coffee,3343470584.0,acute care hospitals,proprietary,yes,surgical infection prevention,scip-card-2,surgery patients who were taking heart drugs called beta blockers before coming to the hospital who were kept on the beta blockers during the period just before and after their surgery,100%,27 patients,al_scip-card-2
974,10049.0,medical center enterprise,400 n edwards street,empty,empty,enterprise,al,36330.0,coffee,3343470584.0,acute care hospitals,proprietary,yes,surgical infection prevention,scip-inf-1,surgery patients who %were given an antibiotic at the right time (within one hour before surgery) to help prevent infection,99%,397 patients,al_scip-inf-1
975,10049.0,medical center enterprise,400% n# edwards street,empty,empty,enterprise,al@@,36330.0,coffee,3343470584.0,acute care hospitals,proprietary,yes,surgical infection prevention,scip-inf-2,surgery patients who were given the  right kind  of antibiotic to help prevent infection,100%,399 patients,al_scip-inf-2
976,10049.0,medical center enterprise,400 n edwards street,empty,empty,enterprise,al,185808.13187192925,coffee,3343470584.0,acute care hospitals,proprietary,y??e#s,surgical infection prevention,scip-inf-3,surgery patients whose preventive antibiotics were stopped at the right time (within 24 hours after surgery),100%,391 patients,al_scip-inf-3
977,45897.86566509154,medical center enterprise,400 n edwards street,empty,empt??y%,enterp??rise,al,36330.0,coffee,3343470584.0,acute care %hospitals,proprietary,yes,surgical infection prevention,scip-inf-4,all heart surgery patients whose blood sugar (blood glucose) is kept under good control in the days right after surgery,empty,0 patients,al_scip-inf-4
978,31107.171401367235,medical center enterprise,400 n edwards street,empty,$empty%,enterprise,al,157067.0087531466,coffee,3343470584.0,acute care hospitals,proprietary,yes,surgical infection prevention,scip-inf-6,surgery patients needing hair removed from the surgical area before surgery who had hair removed using a safer method (electric clippers or hair removal cream c not a razor),100%,485 patients,al_scip-inf-6
979,10049.0,medical center enterprise,400 n edwards street,empty,empty,ente@@rprise,al,36330.0,cof%fee,3343470584.0,acute care hospitals,proprietary,yes,surgical infection prevention,scip-vte-??1,surgery patients whose doctors ordered treatments to prevent blood clots after certain types of surgeries,#100@@%,196 patients,al_scip-vte-1
980,10049.0,medical center enterprise,400 n edwards street,empty,empty,enterprise,al,134866.34103184738,coffee,3343470584.0,acute care hospitals,proprietary,yes,surgical infection prevention,scip-vte-2,patients who got treatment  at the right time (within 24 hours before or after their surgery) to help prevent blood clots after certain types of surgery,100%,196 patients,al_scip-vte-2
981,10050.0,st vincents blount,150 gilbreath drive,em#pt@@y,empty,oneonta,al,35121.0,blount,2052743000.0,acute care hospitals,voluntary non-profit - private,yes,heart attack,ami-1,heart attack patients given aspirin at arrival,??1#00%,7 patien@@ts,al_ami-1
982,10050.0,st vincents blount,150 gilbreath drive,empty,empty,oneonta,%$al,35121.0,blount,2052743000.0,acute care hospitals,voluntary non-profit - private,yes,hea%rt attack%,ami-2,heart attack patients given aspirin at discharge,100%,2 patients,al_ami-2
983,10050.0,st vincents blount,150 gilbreath drive,empty,??empt%y,oneonta,al,155479.66755025144,b%lount,2052743000.0,acute care @@hosp%itals,voluntary non-profit - private,yes,heart attack,ami-3,heart attack patients given ace inhibitor or arb for left ventricular systolic dysfunction (lvsd),100%,2 patients,al_ami-3
984,10050.0,st vincents blount,150 gilbreath drive,empty,%emp@@ty,oneonta,al,35121.0,blount,12050853601.798813,acute care hospitals,voluntary non-profit - private,yes,heart attack,ami-4,heart attack patients given smoking cessation advice/counseling,empty,0 patients,al_ami-4
985,32217.513413884404,st vince$nts blount,150 gilbreath drive,em$pty,empty,oneonta,al,35121.0,blount,2052743000.0,acute care hospitals,voluntary non-profit - private,yes,heart ??atta@@ck,ami-5,heart attack patients given beta blocker at discharge,100%,3 ??patients,al_ami-5
986,10050.0,st vincents blount,150 gilbreath drive,em#pty,empty????,oneonta,al,35121.0,blount,2052743000.0,ac%ut@@e care hospitals,voluntary non-profit - private,yes,heart attack,ami-7a,heart attack patients given fibrinolytic medication within 30 minutes of arrival,empty,0 patients,al_ami-7a
987,42880.45923548439,st vincents blount,150 gilbreath drive,empty,empty,o%neonta,al,35121.0,blount,2052743000.0,acute care hospitals,voluntary non-profit - private,yes,heart attack,ami-8a,heart att$ack patients given pci@@ within 90 minutes of arrival,empty,0 patients,al_ami-8a
988,10050.0,st vincents blount%,150 gilbreath drive,empty,empty,oneonta,al,35121.0,blount,6634846632.172316,acute care hospitals,voluntary non-profit - private,yes,heart failure,hf-1,heart failure patients given discharge instructions,50%,24 patients,al_hf-1
989,10050.0,st vincents blount,150 gilbreath drive,empty,empty,oneonta,al,35121.0,blount,2052743000.0,acute care hospitals,voluntary non-profit - private,yes,heart failure,hf-2,heart failure patients given an evaluation of left ventricul??ar systolic (lvs) function??,85%,34 patients,al_hf??@@-2
990,57992.265437709575,st vincents blount,150 gilbreath drive,empty,empty,one#onta,al,127864.40493843987,blount,10264063734.647734,ac??ute care ho@@spitals,voluntary non-profit - private,yes,heart failure,hf-3,heart failure patients given ace inhibitor or arb for left ventricular systolic dysfunction (lvsd),100%,7 patients,al_hf-3
991,10050.0,st vincents blount,150 gilbreath drive,emp??ty,empty,oneonta,al,35121.0,blount,2052743000.0,acute care hospitals,voluntary non-profit - private,yes,heart failure,hf-4,heart failure patients given smoking cessation advice/counseling,43%,7 patients,al_hf-4
992,10050.0,st vincents blount,150 gilbreath drive,e%@@mpty,empty,oneonta,al,35121.0,blount,2052743000.0,acute care hospitals,voluntary non-profit - private,??ye??s,pneumonia,pn-2,pneumonia patients assessed and given pneumococcal vaccination,74%,92 patients,al_pn-2
993,10050.0,st vincents blount,150 gilbreath drive,empty,empty,oneonta,al,35121.0,blount,2052743000.0,acute care hospitals,voluntary non-profi$??t - private,yes,pn#eu@@monia,pn-3b,pneumonia patients whose initial emergency room blood culture was performed prior t@@o the administration of the first hospital dose of antibiotics,83%,103 patients,al_pn-3b$
994,10050.0,st vincents blount,150 gilbreath drive,%e%mpty,empty,oneonta,al,152991.48456520133,blount,2052743000.0,acute care hospitals,voluntary non-profit - private,%ye@@s,pneumonia,pn-4,pneumonia patients given smoking cessation advice/counseling,??83%,29 patients,al_p%n-4
995,10050.0,st vincents blount,150 gilbreath drive,em??pty,empty,oneonta,al,35121.0,blount,2052743000.0,acute care hospitals,voluntary non-profit - private,yes,pneumonia,pn-5c,pneumonia patients given initial antibiotic(s) within 6 hours after arrival,98%,105 patients,al_pn-5c
996,10050.0,st #vincents blount#,150 gilbreath drive,empty,empty,oneonta@@,al,35121.0,blount,2052743000.0,acute care hospitals,voluntary non-profit - private,$yes%,pneumonia,pn-6,pneumonia patients given the most appropriate initial antibiotic(s),77%,74 patients,al_pn-6
997,58882.939977401795,st vincents blount,150 gilbreath drive,empty,em$pty,oneonta,al,35121.0,blount,12218885292.890602,acute care hospitals,voluntary non-profit @@- private,yes,pn??eumonia,pn-7,pneumonia patients assessed and given influenza vaccination,64%,55 patients,al_p$n-$7
998,10050.0,st vincents blount,150 gilbreath drive,empty,empty,oneonta,al,185488.11264895738,blount,8061789165.084096,acute care hospitals,voluntary non-profi%t?? - private,yes,surgical infection prevention,scip-card-2,surgery patients who were taking heart drugs called beta blockers before coming to the hospital who were kept on the beta blockers during the period just before and after their surgery,25%,8 patients,%al_scip-??card-2
999,10050.0,st vincents blount,150 gilbreath drive,empty,empty,oneonta,al,35121.0,blount,2052743000.0,acute care hospitals,volu%ntary no$n-profit - private,yes,surgical infection prevention,scip-inf-1,surgery patients who were given an antibiotic at the right time (within one hour before surgery) to help prevent infection,64%,28 patients,al_scip-in%f-1
1000,10050.0,st vincents blount,150 gilbreath drive,empty,empty,oneonta,al??,177426.36570518473,blount,2052743000.0,acute care #hospitals,voluntary non-profit - private,yes,surgical infection prevention,scip-inf-2,surgery patients who were given the  right kind  of antibiotic to help prevent infection,88%,25 patients,al_scip-inf-2
