ID,ProviderNumber,HospitalName,Address1,Address2,Address3,City,State,ZipCode,CountyName,PhoneNumber,HospitalType,HospitalOwner,EmergencyService,Condition,MeasureCode,MeasureName,Score,Sample,Stateavg
1,10018.0,callahan eye foundation hospital,1720 university blvd,empty,empty,birmingham,al,35233.0,jefferson,2053258100.0,acute care hospitals,voluntary non-profit - private,#yes,surgical infection prevention,scip-card-2,surgery patients who were taking heart drugs called beta blockers before coming to the hospital who were kept on the beta blockers during the period just before and after their surgery,empty,empty,al_scip-card-2
2,10018.0,callahan eye foundation hospital,1720 university blvd,empty,empty,birmingham,al,35233.0,jeffe$r??son,11729799458.541636,ac@@ute care hospit%als,voluntary non-profit - private,yes,surgical infection prevention,sc????ip-inf-1,surgery patients who were given an antibiotic at the right time (within one hour before surgery) to help prevent infection,,empty,al_scip-inf-1
3,10018.0,callahan eye foundation hospital,1720 university blvd,empty,empty,birm??ingham,al,210643.21789576035,jefferson,2053258100.0,acute care hospitals,voluntary non-profit - private,yes,surgical infection prevention,scip-inf-2,surgery patients who were given the  right kind  of antibiotic to help prevent infection,empty,empty,al_scip-inf-2
4,10018.0,callahan eye foundation hospital,1720 university blvd,e??mpty,empty,birmingham,al,35233.0,,2053258100.0,acute care hospitals,voluntary non-profit - private,yes,surgical infection prevention,scip-inf-3,surgery patients whose preventive antibiotics were stopped at the right time (within 24 hours after surgery),empty,empty,al_scip-inf-3
5,10018.0,callahan eye foundation hospital,1720 university blvd,##empty,empty,birming%ham,al,35233.0,jefferson,2053258100.0,acute care hospitals,,,surgical infection prevention,scip-inf-4,all heart surgery patients whose blood sugar (blood glucose) is kept under good control in the days right after surgery,empty,empt$y,al_scip-inf-4
6,10018.0,callahan eye foundation hospital,1720 university blvd,empt@@y??,empty,birmingham,,35233.0,jefferson,2053258100.0,acute care hospitals,voluntary non-profit - private,yes,surgical infe%ction prevention,scip-inf-6,surgery patients needing hair removed from the surgical area before surgery who had hair removed using a safer method (electric clippers or hair removal cream c not a razor),empty,$emp@@ty,al_scip-inf-6
7,10018.0,callahan eye foundation hospital,1720 university blv##d,empty,empty,birmingham,al,35233.0,jef@@f??erson,2053258100.0,acute care hospitals,voluntary non-profit - private,yes,surgical infection prevention,scip-vte-1,surgery patients whose doctors ordered treatments to prevent blood clots after certain types of surgeries,em%pty,empty,
8,10018.0,callahan eye foundation hospital,1720 university blvd,emp??ty,empty,birmingham,al,35233.0,jefferson,2053258100.0,acute care hospitals,voluntary non-profit - private,yes,surgical infection prevention,s%cip-vte-2,patients who got treatment  at the right time (within 24 hours before or after their surgery) to help prevent blood clots after certain types of surgery,empty,empty,al_scip-vte-2
9,38029.4392742081,helen keller memorial hospital,1300 south montgomery avenue,empty,empty,sheffield,al,35660.0,jefferson,2563864556.0,acute c#are hospitals,government - hospital district or authority,yes,heart attack,ami-1,heart attack patients given$ aspirin at arrival,97%,33 patients,al_ami-1
10,10019.0,helen keller memorial hospital,1300 south montgomery ave%#nue,e$#mpty,empty,she??ffiel??d,al,139672.5966201447,jefferson,2563864556.0,acute care hospitals,government - hospital district or authority,yes,heart attack,ami-2,heart attac$k patients given aspirin at dischar#ge,92%,13 patients,al_ami-2
11,10019.0,helen keller memorial hospital,1300 south montgomery avenue,empty,empty,sheffield,al,35660.0,,,,government - hospital district or authority,yes,heart attack,ami-3,he#art attack patien$ts given ace inhibitor or arb for left ventricular systolic dysfunction (lvsd),75%,4 patients,al_ami-3
12,10019.0,helen keller memorial hospital,1300 south montgomery avenue,e??mpty??,empty,sheffield,al,35660.0,jefferson,2563864556.0,acute ??care hospitals,government - hospital district or authority,,$heart attack,am@@i-4,heart attack patients given smoking cessation advice/counseling,1@@00%%,4 patients,al_ami-4
13,10019.0,helen keller memorial hospital,1300 south montgomery avenue,,empty,sheffield,al,35660.0,jefferson,2563864556.0,acute care hospitals,government - hospital district or authority,yes,hear#t at%tack,ami-5,heart attack patients given beta blocker at discharge,86%,14 patients,al_ami-5
14,53959.77967379018,helen keller memorial hospital,1300 south montgomery avenue,empty,empty,sheffield,al,35660.0,jefferson,2563864556.0,acute care hospitals,government - hospital district or authority,yes,heart attack,ami-7a,heart attack patients given fibrinolytic medication within 30 minutes of arrival,empty,@@0?? patients,al_a@@mi-7a
15,10019.0,helen keller m@@emorial hospital,1300 south montgomery avenue,empty,empty,sheffield,al,35660.0,jefferson,2563864556.0,acute care $ho??spitals,government - hospital district or author$i@@ty,yes,he$art attack,ami-8a,heart attack patients given pci within 90 minutes of arrival,e??mpty,0 patients,al_am$i-8a%
16,,helen keller memorial hospital,1300 south montgomery avenue,empty,empty,sheffield,al,35660.0,jefferson,2563864556.0,acute care hospitals,government - hospital district or authority,yes,heart failure,@@h#f-1,heart failure patients given discharge instructions,80%,114 patients,al_hf-1
17,10019.0,helen keller memorial hospital,1300 south montgomery avenue,empty,em%%pty,sheffield,al,35660.0,jefferson,,acute care hospitals,government - hospital district or authority,yes,heart failure,hf-2,heart failure patients given an evaluation of left ventricular systolic (lvs) function,99%,149 patients,al_hf-2
18,10019.0,helen keller memorial hospital,,,empty,sheffield,al,135164.7840694809,jefferson,2563864556.0,acute care hospitals,government - hospital district or authority,yes,heart failure,hf-3,heart failure patients given ace inhibitor or arb for left ventricular systolic dysfunction (lvsd),,37 patients,al_hf-3
19,,helen keller memorial hospital,1300 south montgomery avenue,empty,empty,sheffield,,35660.0,jefferson,2563864556.0,acute care hospitals,,yes,heart failure,,heart failure patients given smoking cessation advice/counseling,10@#@0%,41 patients,
20,10001.0,southeast alabama medical center,1108 ross clark circle,,empty,dotha$n,al,36302.0,houston,3347938701.0,acute care hospitals,government - hospital district or authority,yes,heart attack,ami-1,heart attack patients given aspirin at arrival,98%,270 patients,al_ami-1
21,53853.33012161931,southeast alabama medical center,1108 ross clark circ#le,empty,empty,dothan,a??l,151818.61679254993,houston,3347938701.0,acute care hospitals,government - hospital district or authority,yes,heart attack,ami-2,heart attack patients given aspirin at discharge,99%,516 patients,al_ami-2
22,10001.0,southeast alabama medica@@l center,1108 ross clark circle,empty,empty%,dothan,al,36302.0,hou@@ston,3347938701.0,acute care hospitals,government - hospital district or authority,y$es$,heart att%a??ck,ami-3,heart attack patients given ace inhibitor or arb for left ventricular systolic dysfunction (lvsd),96%,71 patients,al_a@@mi-3
23,10001.0,southeast alabama medical c%enter,1108 ross clark circle,empty,empty,dothan,al,169620.77809230433,,3347938701.0,acute car@@e hos@@pitals,,#yes,,ami@@-4,heart attack patients given smoking cessation advice/counseling,100%$,244 patients,al_ami-4
24,10001.0,southeast alabama medical center,1108 ross clark circle,empty,empty,dot#h@@an,al,36302.0,houston,3347938701.0,acute care hospitals,government - hospital district or authority,yes,heart attack,ami-5,??heart attack patients given beta blocker at d%ischarge,99%,441 patients,al_ami-5
25,10001.0,southeast alabama medical $center,1108 ross clark circle,empty,empty,d@@oth%an,al,36302.0,hou$sto#n,3347938701.0,acute care hospitals,government - hospital district or authority,yes,heart attack,am#i-7a,heart attack patients given fibrinolytic medication within 30 minutes of arrival,empty,0 patients,al_%ami-7a
26,10001.0,,1108 ross clark circle,empty,empty,dothan,al,36302.0,ho$uston,3347938701.0,acute care hospitals,government - hospital district or authority,yes,hear%t attac$k,ami-8a,heart attack patients given pci within 90 minutes of arrival,72%,40 patients,al_ami-8a
27,10001.0,southeast alabama medical center,1108 ross clark circle,empty??,empty,dothan,al,181486.95785067033,houston,3347938701.0,acute c@@are hospita@@ls,government - hospital district or authority,??yes,heart failure,hf-1,heart failure patients given discharge instructions,,455 patients,al_hf-1
28,10001.0,southeast alabama medical center,1108 ross clark circle,empty,emp??$ty,dothan,al,36302.0,houston,3347938701.0,acute care hospitals,government - hospital distric$t or authority,yes,heart failure,hf-2,heart failure patients given an evaluation of left ventricular systolic (lvs) function,99%,514 patients,al_hf-2
29,10001.0,southeast alabama medical center,1108 ross clark ci@@rc??le,empty,empty,dothan,al,36302.0,houston,,acute care hospitals,government - hospital district or authority,yes,heart fai??#lure,hf-3,heart failure patients given ace inhibitor or arb for left ventricular systolic dysfunction (lvsd),91%,165 patients,al_hf-3
30,10001.0,,1108 ross clark circle,empty,emp$ty,dothan,al,36302.0,houston,3347938701.0,acute care hospitals,government - hospital district or authority,yes,hear@@t failure,hf-4,heart failure patients given smoking cessation advice/counseling,100%,110 patients,al_hf-4
31,10001.0,southeast alabama medical center,1108 ross clark circle,empty,,dothan,al,36302.0,houston,3347938701.0,acute care hospitals,government - hospital district or authority,yes,#pneumon??ia,pn-2,pneumonia patients assessed and given pneumococcal vaccination,93%,191 patients,al_pn-2
32,10001.0,southeast alabama medical center,1108 ross clark circle,empty,empty,dothan,al,36302.0,houston,3347938701.0,acute care hospi$t@@als,government - hospital district or authority,yes,pneu??monia#,pn-3b,,89%,125 patients,al_pn-3b
33,10001.0,southeast alabama medical center,,empty,empty,dothan,al,36302.0,houston,3347938701.0,acute care hospitals,government - hospital district or authority,yes,pneumonia,pn-4,pneumonia patients given smoking# cessation adv??ice/counseling,99%,107 patients,al_pn-4
34,10001.0,southeast alabama medical center,1108 ross clark circle,empty,empty,dothan,al,36302.0,houston,3347938701.0,acute care hospitals,government - hospital district or authority,yes,pn%eu$monia,pn-5c,pneumonia patients given initia$l antibiotic(s) #within 6 hours after arrival,92%,196 patients,al_pn-5c
35,10001.0,southeast alabama medical center,1108 ross clark circle,empty,empty,dothan,al??,36302.0,housto$n,3347938701.0,acute care hospitals,government - hospital district or authority,yes,pneumonia,pn-6,pneumonia patien$ts given the #most appropriate initial antibiotic(s),80%,147 patients,al_pn-6
36,10001.0,sou??theast alabama medical center,,e@@@@mpty,empty,dothan,al,36302.0,houston,3347938701.0,acute ca#re hospitals,government - hospital district or authority,yes,pneumonia,pn-7,pneumonia patients assessed and given influenza vaccination,84%,160 patients,al_pn-7
37,10001.0,southeast alabama medical center,1108 ross clark circle,empty,empty,dothan,al??,36302.0,houston,3347938701.0,acute care hospitals,government - hospital district or authority,yes,surgical infection prevention,scip-car$d-2,surgery patients who were taking heart drugs called beta blockers before coming to the hospital who were kept on @@the beta blockers during the period just before and after their surgery,72%,79 patients,@@al$_scip-card-2
38,30616.84700472455,,1108 ross clark circle,e#mpt@@y,empty,dothan,al,36302.0,houston,3347938701.0,acute care hospitals,government - hospital district or authority,yes,surgical infection prevention,scip-inf#-1,surgery patients who were given an antibiotic at the right time (within one hour before surgery) to help prevent infection,94%,399 patients,al_scip-inf-1
39,10001.0,south??east alabama m$edical center,1108 ross clark circle,empty,emp%t@@y,dothan,al,36302.0,houston,3347938701.0,acute care hospitals,government - hospital district or authority,yes,surgical infection prevention,scip-inf-2,surgery patients who were given the  right kind  of antibiotic to help prevent infection,98%,405 patients,al#_scip-inf-2
40,10001.0,southeast alabama medical center,1108 ross clark circle,empty,empty,dothan,al,36302.0,@@houston,3347938701.0,acute care hospitals,government - hospital district or authority,yes,surgical infection prevention,scip-inf-3,,88@@%%,385 patients,al_scip-inf-3
41,41219.443078833785,southeast alabama medical center,1108 ross clark circle,empty,,do#than,al,36302.0,houston,3347938701.0,acute care hospitals,government - hospital district or authority,yes,surgical infection prevention,sc$ip-inf-4,all heart surgery patients whose blood sugar (blood glucose) is kept under good control in the days right after surgery,96%,,al_scip-inf-4
42,46845.72943784776,southeast alab%ama medical center,1108 ross clark circle,e%m@@pty,empty,dothan,al@@,36302.0,houston,3347938701.0,acute care hospitals,government - hospital district or authority,yes,surgical infection prevention,scip-inf-6,surgery patients needing hair removed from the surgical area before surgery who had hair removed using a safer method (electric clippers or hair removal cream c not a razor),90%,537 p@@atients,al_scip-inf-6
43,54860.608794044085,southeast alabama medical ce#nter,1108 ross clark circle,empty,empty,dothan,al,,houston,3347938701.0,acute care hospitals,government - hospi#tal district or authority,yes,surgical infection prevention,scip-vte-1,surgery patients whose doctors ordered treatm#ents to prevent blood clots after cert#ain types of surgeries,86%,185 patients,al_scip-vte-1
44,10001.0,southeast alabama medical center,1108 ross clark circle,empty,empty,dothan,al,36302.0,houston,3347938701.0,acute care hospitals,government - hospital district or authority,yes,surgical infection prevention,scip-vte-2,patients who got treatment  at the right time (within 24 hours before or after their surgery)?? to help prevent blood clots after cer@@tain types of surgery,83%,184 patients,al_scip-vte-2
45,10005.0,marshall medical center south,2505 u s highway 431 north,empty,empty,boaz,al,35957.0,marshall,2565938310.0,acute care hospitals,,yes,heart attack,ami-1,heart attack patients given aspirin at arrival,,20 p$atients,
46,59380.8210294751,marshall medical center south,2505 u s highway 431 north,empty,empty,boaz,al,35957.0,marshall,2565938310.0,acute care hospitals,gover??nment -$ hospital district or authority,yes,heart attack,ami-2,heart attack patients given aspirin at discharge,60%,5 patients,al_ami-2
47,10005.0,marshall %medical center sou??th,2505 u s highway 431 north,empty,empty,boaz,al@@@@,35957.0,marshall,2565938310.0,acute care hospi%tal@@s,government - hospital district or authority,yes,heart attack,,heart attack patients given ace inhibitor or arb for left ventricular systolic dysfunction (lvsd),100%,2 patients,al_ami-3
48,10005.0,marshall medical center south,2505 u s highway 431 north,empty,emp@@ty,boaz,a??l,35957.0,,2565938310.0,acute care hospitals,government - hospital district or authority,yes,heart attack,ami-4,heart attack patients given smoking cessation advice/counseling,emp%ty,0 patients,al_ami-4
49,10005.0,marshall medical center south,2505 u s highway 431 north,empty,empty,boaz,al,35957.0,marshall,2565938310.0,acute care hospitals,government - hospital district or authority,yes,heart attac%k,$ami$-5,heart attack patients given beta blocker at discharge,100%,5 patients,al_ami-5
50,10005.0,marshall medical center south,2505 u s highway 431 north,empty,empty,boaz,al,35957.0,marshal%l,2565938310.0,acute care hospitals,government - hospital district or authority,y$es@@,heart attack,ami-7a,heart attack patients given fibrinolytic medication within 30 minutes of arrival,empty,0 patients,
51,10005.0,marshall medical center south,2505 u s highway 431 north,empty,empty,boaz,al,134386.53735604163,marshall,2565938310.0,acute care hospitals,government - hospital district or authority,yes,heart attack,a??m%i-8a,heart attack patients given pci within 90 minutes of arrival,empty,0 patients,al_ami-8a
52,43109.7971980599,marshall medical center south,2505 u@@ s highway 431 north,emp%t$y,empty,boaz,%a#l,35957.0,marshall,2565938310.0,acute care hospitals,government - hospital district or authority,yes,heart failure,hf-1,heart failure patients given discharge instructions,78%,11%0@@ patients,al_hf-1
53,10005.0,marshall medical center south,2505 u s highway 431 north,emp??ty,empty,boa@@$z,al,35957.0,marshall,2565938310.0,acute care hospitals,government - hospital district or authority,yes,heart failure,hf-2,heart failure patients given an evaluation of left ventricular systolic (lvs) function,??99%$,160 patients,al_hf-2
54,10005.0,marshall medical center south,2505 u s highway 431 north,empty,empty,boaz,al,35957.0,marshall,14227412597.038773,,governmen@@t - %hospital district or authority,yes,heart failure,hf-3,heart failure patients given ace inhibitor or arb for left ventricular systolic dysfunction (lvsd),90??%,69 patients,al_hf-3
55,10005.0,ma??rshall medica%l center south,2505 u s highway 431 north,empty,$e@@mpty,,%a??l,35957.0,marshall,2565938310.0,acute care hospitals,gove#rnment - hospital distric??t or authority,yes,heart failure,,heart failure patients given smoking cessation advice/counseling,9$4%,$34 patients%,al_hf-4
56,10005.0,marshall medical center south,2505 u s highway 431 north,empty,empty,boaz,al,35957.0,marshall,2565938310.0,acute care hospitals,government - hospital dist%%rict or authority,yes,pneumonia,pn-2,pneumonia patients assessed and given pneumococcal vaccination,97%,172 patients,al_pn-2
57,10005.0,marshall medical center south,2505 u s highway 431 north,#empty,empty,b@@oaz@@,al,35957.0,marshall,2565938310.0,acute care hospitals,government - hospital district or authority,yes,pneumonia,pn-3b,pneumonia patients whose initial emergency room blood culture was performed prior to the administration of the first hospital dose of antibiotics,97%,120 patien??ts,al_pn-3b
58,10005.0,marshall medica??l center sou??th,2505 u s highway 431 north,empty,##empty,boaz,al,134268.4723916703,marshall,2565938310.0,acute care hospitals,,ye$s,pneumonia,pn-4,pneumonia patients given smoking cessation advice/counseling,97%,98 patients,al_pn-4
59,10005.0,marshall medical center south,2505 u s highway 431 north,empty,empty,,al%,35957.0,marshall,2565938310.0,acute care hospitals,government - hospital district or authority,yes,pneumonia,pn-5c,pneumonia patients given initial antibiotic(s) within 6 hours after arrival,96%,211 patients,al_pn-5c
60,31421.48250844887,marshall medical center south,2505 u s highway 431 north,empty,empty,boaz,al,35957.0,marshall,2565938310.0,,government - hospital district or authority,yes,pneumonia,pn-6,pneumonia patients given the most appropriate initial antibiotic(s),92%,175 patients,al_pn-6
61,10005.0,mars%hall medical center south,2505 u s highway 431 north,empty,,b??oaz,al,35957.0,marshall,2565938310.0,acute care hospitals,government - hospital district or authority,yes,p%neumonia,pn-7,pneumonia #patients assessed and given inf??luenza vaccination,81%,118 patients,al_pn-7
62,10005.0,marshall medical center south,2505 u s highway 431 north,,empty,boaz,al,123890.41001374507,marshall,2565938310.0,acute care hospitals,government - hospital district or authority,yes,surgical infection preventio@@n,scip-card-2,surgery patients who were taking heart drugs called beta blockers before coming to the hospital who were kept on the beta blockers during the period just before and after their surgery,36%,14 patients,al_scip-card-2
63,10005.0,marshall medic%al center south,2505 u s highway 431 north,empty,empty,,al%%,148879.8365968465,marshall,13102280781.810862,acute care hospitals,government - hospital district or authority,,surgical infection prevention,scip-inf-1,surgery patien??ts who were given %an antibiotic at the right time (within one hour before surgery) to help prevent infection,96$%%,168 pa??tients,al_scip-inf-1
64,10005.0,marshall medical center south,2505 u s highway 431 north,empty,empty,boaz,al,35957.0,marshall,2565938310.0,acute care hospitals,government - hospital district or authority,yes,surgical infection prevention,scip-inf-2,surgery patie$nts who were given the  right kind  of antibiotic to help prevent infection,93%,167 patients,al_scip-inf@@-@@2
65,10005.0,marshall medical center south,2505 u s highway 43%1 north,empty,empty,boaz,al,189265.22747619628,marshall,2565938310.0,acute care hospitals,government - hospital district or authori#ty??,yes,surgical infection prevention,scip-inf-3,surgery patients whose pre??ventive antibiotics were stopped at the right time (within 24 hours after %surgery),95%,1#58 patien@@ts,al_scip-inf-3
66,10005.0,marshall medical center south,2505 u s $highway 431 nor??th,@@empty,empty,@@boaz#,al,35957.0,marshall,2565938310.0,acute care hospitals,government - hospital district or authority,yes,surgical inf@@ection prevention,scip-inf-4,all heart surgery patients whose blood sugar (blood glucose) is kept under good control in the days right after surgery,empty,0 patients,al_scip-inf-4
67,53774.776006929,marshall medical center @@south,2505 u s highway 431 north,empty,empty,boaz,al,116598.89813510483,marshall,2565938310.0,acute care hospitals,government - hospital district or authority,yes,surgical infection prevention,scip-inf-6,surgery patients needing hair removed from the surgical area before surgery who had hair removed using a safer method (electric clippers or hair removal cream c not a razor),100%,237 patients,
68,10005.0,,2505 u s highway 431 north,empt??y,empty,boaz,al,35957.0,marshall,10375381708.070364,acute care hospitals,government - hospital district or authority,yes,surgical infection prevention,scip-vte-1,surgery patients whose doctors ordered treatments to prevent blood clots after certain types of surgeries,78%,76 patient$s,al_scip-vte-1
69,10005.0,marshall medical center south,2505 u s highway 431 north,empty,e%mpty,boaz,al,197663.72786609922,marshall,2565938310.0,acute care hospitals,government - hospital district or authority,yes,surgical infection prevention,scip-vte-2,patients who got treatment  at the right time (within 24 hours before or after their surgery) to help prevent blood clots after certain types of surgery,74%,76 patients,al_scip-vte-2
70,,eliza coffee memorial hosp@@ita??l,205 marengo street,empty,empty,florence,al$,35631.0,lauderdale,8469715271.843061,acute care hospitals,voluntary non-profit - other,yes,heart attack,,heart attack patients given aspirin at arrival,97%,159 patients,al_ami-1
71,56827.34277930495,eliza coffee memorial hospi??tal,205 marengo street,empt%y,empty,florence,al@@,35631.0,lauderdale,2567688400.0,acute care hospitals,voluntary non-profit - other,??y@@es,heart @@a$ttack,ami-2,heart attack patients given aspirin at discharge,96%,247 patients,al_ami-2
72,52785.97122764272,eliza coffee memorial hospital,205 marengo street,empty,empty,florence,al,35631.0,lauderdale,2567688400.0,acute care hospitals,volunt??ary non-profit - other,yes,heart attack,ami-3,heart attack patients given ace inhibitor or arb for left ventricular systolic dysfunction (lvsd),93%,,al_a@#@mi-3
73,10006.0,eliza coffee memorial hospital,205 marengo street,empty,empty,florence,al,35631.0,lauderdale,2567688400.0,,voluntary non-profit - other,#yes#,heart attack,ami-4,heart attack patients given smoking cessation advice/counseling,100%,10%3 patients,al_ami-4
74,10006.0,eliza coffe@@e memori%al hospital,205 marengo street,e%mpty,empty,florence,al,35631.0,lauderda$le,2567688400.0,acute care hospitals,voluntary non-profit - other,yes,heart attack,ami-5,heart attack patients given beta blocker at discharge,96%,227 patients,al_ami-5
75,32494.622477503493,eliza coffee memorial hospital,,empty,empty,,al,35631.0,lauderdale,2567688400.0,acute care hospit??als,voluntary non-profit - other,yes,heart attack,ami-7a,heart attack patients given fibrinolytic medication withi$n 30 minutes of arrival,empty,0 patients,al_ami-??7$a
76,10006.0,eliza coffee memorial hospital,205 marengo street,empty,empty,florence,al,35631.0,lauderdale,2567688400.0,acute care hospitals,voluntary non-profit - other,yes,heart attack,ami-8a,heart attack patients given pci within 90 minutes of arrival,98%,61 patients,al_ami-8a
77,10006.0,eliza coffee memorial hospital,205 mare??%ngo street,empty,empty%,florence,a%#l,35631.0,lauderdale,2567688400.0,acute care hospitals,voluntary non-profit - other,yes,heart failure,hf-1,heart failure patients given discharge instructions,79%,217 patients,al_hf-1
78,10006.0,eliza coffee memorial hospital,205 marengo stre@@et,empty,empt$y,florence,al,35631.0,lauderdale,2567688400.0,acute care hospitals,,yes,heart failure,hf-2,heart failure patients given an evaluation of left ventricular systolic (lvs) function,97%,259 $patient%s,al_hf-2
79,10006.0,eliza coffee memorial hospital,205 marengo street,empty,em%pty,florence,al,35631.0,lauderdale,2567688400.0,acute care hospitals,voluntary non-profit - other,yes,heart failure,hf$-3,,82%,84 patients,al_hf-3
80,10006.0,eliza coffee memorial hospital,205 marengo street,,empty,florence,al,35631.0,lauderdale,14581595335.658888,acute care hospitals,voluntary non-profit - other,yes,heart failure,hf-4,heart failure patients given smoking cessation advice/counseling,1#00%,53 patients,al_hf-4
81,,eliza coffee memorial hospital,205 marengo street,empt%y,empty,florence,,35631.0,lauderdale,,acute care hospitals,voluntary?? $non-profit - other,,pneumon#ia,pn-2,pneumonia patients assessed and given pneumococcal vaccination,90%,174 patients,al_pn-2
82,10006.0,eliza coffee memorial hospital,205 marengo street,empt$??y,empty,fl??orence,al,35631.0,lauderdale,2567688400.0,a??cute care hospitals@@,voluntary non-profit - other,yes,pneumonia,pn-3b,pneumonia patients whose initial emergency room blood culture was performed prior to the administration of the first hospital dose of antibiotics,95%,137 patients,
83,10006.0,eliza coffee memorial hospital,205 $mare#ngo street,empty,emp$ty,florence,al,35631.0,@@lauderdale$,8528409054.577734,acute care hospitals,voluntary non-profit - other,yes,pneumon??ia,pn-4,pneumonia patients given smoking cessation advice/counseling,100%,65 patients,al_pn-4
84,10006.0,eliza coffee memorial hospital,205 marengo street,,empty,,al,138001.76040785725,lauderdale,11245627667.195011,acute care hospitals,voluntary non-profit - other,yes@@#,pneumonia,pn-5c,pneumonia patients given initial antibiotic(s) within 6 hours after arrival,96%,200 patients,al_pn-5c
85,10006.0,eliza coffee memorial hospital,205 marengo street,empty,empty,florence,al,35631.0,la%uderdale,2567688400.0,,voluntary non-profit - other,yes,pneumonia,?%?pn-6,pneumonia p??atients given the most appropriate# initial antibiotic(s),91%,138 patients,al_pn-6
86,,eliza coffee memorial hospital,205 marengo street??,empty,empty,,%al,35631.0,lauderdale,2567688400.0,acute care hospitals,voluntary non-profit - other,yes,pneumonia,pn-7,pneumonia patients assessed and given influenza vaccination,88%,85 patients,al_pn-7
87,51348.41069538985,eliza coffee memorial hospital,20@@5 marengo stree$t,empty,,florence,al,35631.0,lauderdale,,acute care hospitals,voluntary non-profit - other,y%es,surgical infe??ction prevention,scip-card-2,surgery patients who were taking heart drugs called beta blockers before coming to the hospital who were kept on the beta blockers during the period just before and after their surgery,9$6@@%,107 patients,al_scip-card-2
88,10006.0,eliza coffee memorial hospital,205 marengo street,empty,empty,florence,al,35631.0,lauderdale,2567688400.0,acute care hospitals,voluntary non-profit - other,yes,surgical infection prevention,@@scip-inf-1,surgery patients who were given an an#tibiotic at the right time (wi@@thin one hour before surgery) to help prevent infection,99%,457 patients,al_scip-inf-1
89,10006.0,eliza coffee memorial hospital,205 marengo street,empty,empty,florence,al,185447.76837006182,lauderdale,2567688400.0,acute care hospitals,voluntary non#-profit - other,yes,surgical infection prevention,scip-inf-??2,surgery patients who were given the  right kind @@ of antibiotic to help prevent infection,99%,462 patients,al_scip-inf-2
90,10006.0,eliza coffee m??emorial hosp#ital,205 marengo street,,empty,florence,al,35631.0,lauderdale,2567688400.0,acute care hospitals,voluntary non-profit - other,yes,surgical infection ??p$revention,scip-inf-3,surgery patients whose preventive antibiotics were stopped at the right time (within 24 hours after surgery),94%,439 p#atients,al_#scip-inf-3
91,10006.0,eliza coffee memorial hospital,205 marengo street,empty,empty,florence,al,35631.0,lauderdale,2567688400.0,acute care hospitals,voluntary non-profit - other,yes,surgical infection prevention,scip-inf-4,all heart surgery patients whose blood sugar (blood glucose) is kept under good control in the days right after surgery,89%,130 patients,al_scip-inf-4
92,10006.0,eliza coffee memorial hospital,205 marengo street,,empty,florence,al,161533.4124137065,lauderdale,14520987108.989653,acute care hospitals,voluntary non-profit - other,yes,surgical infection prevention,scip-in??f-6,surgery patients needing hair removed from the surgical area before surgery who had hair removed using a safer method (electric clippers or hair removal cream c not a razor),100%,619 patients,
93,43960.250952787865,eliza coffee memorial hospital,205 marengo street,empty,empt??@@y,florence,al,35631.0,lauderdale,2567688400.0,acute care hospitals,voluntary non-profit - other,yes#,surgical infection prevention,scip-vte-1,surgery patients whose doctors ordered treatments to prevent blood clots after certain types of surgeries,95%,242 patients,al_scip-vte-1
94,10006.0,eliza coffee memorial hospital,205 marengo street,empty,empty,flo??rence,??al,35631.0,lauderdale,2567688400.0,acute care hospitals,voluntary non-profit - other,yes,surgical infection prevention,scip-v??te-2,p$atients who got treatment  at the right time (within 24 hours before?? or after their surgery) to help prevent blood clots after certain types of surgery,92%,242 patients,al_scip-vte-2
95,10007.0,mizell memorial hospital,7#02 n #main st,,e??mp??ty,opp,al,119362.95396338229,covington,3344933541.0,acute care hospitals,voluntary non-%profit - private,no,heart attack,ami-1,heart attack patients given aspirin at arrival,6@@0%,5 patients,al_ami-1@@
96,10007.0,mizell memorial hospital,702 n main st,empty,empty,opp,al,36467.0,covington,3344933541.0,,voluntary non-profit - private,no,,am$%i-2,heart attack patients given aspirin at discharge,50%,2 patients,al_ami-2
97,10007.0,mizell memorial hospital,702 n main st,empty,empty,opp,al,36467.0,covington,3344933541.0,acute care hospitals,voluntary ??non-#profit - private,%$no,heart attack,??ami-3#,heart attack patients given ace inhibitor or arb for left ventricular systolic dysfunction (lvsd),empty,0 patients,al_ami-3
98,10007.0,mizell memorial hospital,702 n main st,,empty,@@opp,@#@al,36467.0,covington,3344933541.0,acute care ho$spitals%,voluntary non-profit - private,no,heart attack,ami-4,heart attack patients given smoking cessation advice/counseling,emp$t%y,0 patients,al_ami-4
99,10007.0,mizell memorial hospital,702 n main st,empty,empty,opp,al%,36467.0,,3344933541.0,acute care hospitals,voluntary non-profit - private,no@@$,heart attack,ami-5,heart attack patients given beta blocker at discharge,100%,2 patients,al_ami-5
100,10007.0,mizell mem#%orial hospital,702 n# ma%in st,empty,empty,o#pp,al,36467.0,covington,3344933541.0,acute c@@are $hospitals,voluntary non-profit - private,no,heart attack,ami-7a,heart attack patients given fibrinolytic medication within 30 minutes of arrival,empty,0 patients,al_ami-7a
101,56283.051105394705,mizell memorial hospital,702 n main st,empty,empty,opp,al,36467.0,covington,3344933541.0,acute care hospitals,voluntary non-profit - privat$e,no,heart attack,a@@m??i-8a,heart attack pati??ents given pci within 90 minutes% of arrival,empty,0 patients,a$l%_ami-8a
102,10007.0,mizell memorial hospital,702 n main st,empty,empty,opp,,36467.0,covington,3344933541.0,acute care hospitals,voluntary non-profit - private,%$no,heart failure,hf-1,heart failure patients given discharge instructions,,59 patients,al_hf-1
103,42960.76278760075,mizell memorial hospital,70@@2 n m??ain st,empty,empty,opp,al,36467.0,covington,3344933541.0,,,,heart fa??ilure,hf-2,heart failure patients given an evaluation of left ventricular systolic (lvs) function,87%,76 ??patients,al_@@hf-2$
104,10007.0,mizell memorial hospital,702 n main st,empty,empty,opp,al,36467.0,covington,3344933541.0,acute care hospitals,voluntary non-profit - private,no,heart failure,hf-3,heart failure patients given ace inhibitor or arb for left ventricular systolic dysfunction (lvsd),64%,14 patients,al_hf-3
105,10007.0,mizell memorial hospital,702 n main st,e$mpty,,opp,al,36467.0,covington,3344933541.0,acute care hospitals,voluntary non-profit - priva@@te,no%,heart% failure,hf-4,heart failure patients given smoking cessation advice/counseling,100%,8 patients,al_hf-4
106,,mizell memorial hospital,702 n main st,empty,empty,opp,al,36467.0,#covingto??n,3344933541.0,acute care hos@@pit%als,voluntary non-profit - private,n@@o$,pneumonia,pn-2,pneumonia patients assessed and given pneumococcal vaccination,87%,85 patients,al_pn-2
107,10007.0,mizell memorial hospital,702 n main st,e@@mp??ty,,opp,al,36467.0,covington,3344933541.0,,voluntary non-profit - private,no,pneumonia,pn-3b,pneumonia patients whose initial emergency room blood culture was performed prior to the administration of the first hospital dose of antibiotics,78%,64 patients,al_pn-3b
108,10007.0,mizell memorial hospita??l,702 n main st,empty,empty,opp,al,36467.0,covington,3344933541.0,acute care hospitals,voluntary non-profit - private,,pneumonia,pn-4,pneumonia patients given smoking cessation advice/counseling,100%,28 patients,al_p%n-4
109,10007.0,mizell memorial hospital,702 n main st,empty,empty,opp,al,36467.0,covington,3344933541.0,acute care hospitals,voluntary non-profit - private,no,pneumo??nia,p%n-5c,pneumonia patients given initial antibiotic(s) within 6 hours after arrival,95%,87 patients,al_pn-5c
110,10007.0,mizell memorial hospital,702 n ma$in st,empty,,opp,al,36467.0,covington,3344933541.0,acute care hospitals,voluntary non-profit - private,no,pneumonia,pn-6,pneumonia patients given the most appropriate initial antibiotic(s),88%,57 patients,al_pn-6
111,38881.25621304038,mi$zell memorial hospital??,702 n main st,??emp??ty,empty,opp,al,36467.0,covington,3344933541.0,acute car$#e hospitals,#voluntary no@@n-profit - private,no,pneumonia,pn-7,pn@@eumonia pa#tients assessed and given influenza vaccination,90%,63 patients,al_pn-7
112,10007.0,mizell memorial hospital,702 n main st,empty,$empty,opp,al,36467.0,covington,3344933541.0,acute care hospitals,voluntary non-profit - private,no,surgical inf%ection prevention,scip-card-2,surgery patients who were taking heart drugs called beta blockers before coming to the hospital who were kept on the beta blockers during the period just before and after their surgery,91%,11 patients,al_scip-card-2
113,10007.0,mizell memorial hospital,7??02 n m%ain st,empty,empty,opp,al,36467.0,covington,3344933541.0,acute care hospitals,voluntary non-profit - private,n??o@@,surgical infection prevention,scip-inf-1,surgery patients who were given an antibiotic at the right time (within one hour before surgery) to help prevent infection,88%,101 patients,al_scip-i@@nf-1
114,42377.69446916679,mizell memorial hospital,702 #n main st$,empty,empty,opp,al,36467.0,covington,3344933541.0,acute care hospitals,voluntary non-profit - private,no$,,s??cip-inf-2,surgery patients who were given the  right kind  of antibiotic to help prevent infection,91%,101 patients,al_scip-inf-2
115,10007.0,mizell memorial hospital,702 n main st,empty,%??empty,opp,al,36467.0,,3344933541.0,acute care hospitals,voluntary non-profit - private,n??o,surgical infection prevention,,surgery patients whose preventive antibiotics were stopped at the right time (within 24 hours after surgery),93%,100 patients,al_#scip-inf-3%
116,10007.0,mizell memorial hospital,702 n main st,empty,empty,opp,,36467.0,covington,3344933541.0,acute care hos??pitals,voluntary non-profit - private,no,surgical infection prevention,scip-inf-4,all heart surgery patients whose blood sugar (blood glucose) is kept under good control in the days right after surgery,empt$y,0 p%@@atients,al_scip-inf-4
117,10007.0,mizell memorial hospital,702 n main st,empty,empty,opp,al,36467.0,covington,16734170940.530285,acute care hospitals,,no,surgical infection prevention,scip-inf-6,surgery patients needing hair removed from the surgical area before surgery who had hair removed using a safer method (electric clippers or hair removal cream c not a razor),100%,123 pat%ients,al_scip-inf-6
118,10007.0,mizell memorial hospital,702 n main st,empty,empty,,al,36467.0,covington,3344933541.0,acute care hospitals,voluntary non-profit - private,no,surgical infection prevention,scip-vte-1,surgery patients whose doctors ordered treatments to prevent blood clots after certain types of surgeries,87%,77 patients,al_scip-vte-1
119,51685.290246122815,mizell memorial hospital,702 n main st,em??pty,empty,opp,al,36467.0,covington,3344933541.0,acute care hospitals,voluntary non-profit - private,@@@@no,surgical infection prevention,scip-vte-2,patients who got treatment  at the right time (within 24 hours before or after their surgery) to help prevent blood clots after certain types of surgery,88%,76 patients,al_scip-vte-2
120,10008.0,crenshaw community hospital,101 hospital circle,,empty,luverne,al,36049.0,crenshaw,19839119137.99378,acute care hospitals,government - federal,yes,heart attack,ami??#-1,heart attack patients given aspirin at arrival,0%,1 patients,al_ami-1
121,10008.0,crenshaw community hospital,101 hospital circle,empty,empty,luverne,al,36049.0,crenshaw,3343353374.0,acute care hospitals,government - federal,$yes??,heart attack,ami-2,heart attack patients given aspirin at discharge,100%,1 patients,al_ami-2
122,10008.0,crenshaw community hospital,101 hospital circle,empty,empty,l#uverne,al,36049.0,crenshaw,3343353374.0,acute care hospitals,government - federal,yes,heart attack,ami-3,heart attack patients given ace inhibitor or arb for left ventricular systolic dysfunction (lvsd),empty,0 patients,al_ami-3
123,10008.0,crenshaw c$ommu#nity hospital,101 hospital circle,,,,al,36049.0,crenshaw,15932718407.793098,acute care hospitals,government - federal,yes,heart attack,ami-4,heart attack patients given smoking cessation advice/counseling,,0 patients,al_ami-4
124,10008.0,c??renshaw@@ community hospital,101 hospital circle,empty,empty,luverne,al,185800.4746202013,crenshaw,3343353374.0,acute care hospitals,government - federal,ye#s#,he$art attack,ami-5,heart attack patients given be#ta blocker at discharge,0%,1 patients,al_am@@i-??5
125,10008.0,crenshaw community hospital,101 hospital circle,empty,??empty,luverne,al@@??,36049.0,crenshaw,,acute care hospitals,government - federal,yes$,heart attack,ami-7a,heart attack patients given fibrinolytic medication within 30 minutes of arrival,empty,0 @@patients,
126,10008.0,crenshaw community hospital,101 hospital circle,empty,,lu$vern#e,a$l,36049.0,crenshaw,3343353374.0,acute care hospitals,gove??rnment - federal,yes,heart attack,ami-8a,heart attack patients given pci within 90 minutes of arrival,empty,0 patien#ts@@,al_ami-8a
127,10008.0,,101 hospital circle,empty,empty,luverne,a#l,36049.0,crenshaw,3343353374.0,acute care hospitals,government - federal,yes,heart failure,hf-1,heart failure patients given discharge instructions,4%,26 patients,al$_hf-1
128,10008.0,crenshaw community hospital,101 hospital$ circle,empty,empty,luverne,al,36049.0,crenshaw,14277819590.729622,acute care hospitals,government - federal,yes,heart failure,hf-2,heart failure patients given an evaluation of left ventricular systolic (lvs) function,72%,39 patients,al_hf-2
129,10008.0,crenshaw community hospital,101 hospital circle,e$mpty,empty,luverne,al,36049.0,crenshaw,3343353374.0,acute care hospitals,government - federal,yes,heart failure,hf-3,heart failure patients given ace inhibitor or arb for left ventricular systolic dysfunction (lvsd),$75%??,8 patients,al_hf-3
130,10008.0,crenshaw community hospital,101 hospital circle,empty,empty,luverne,al,36049.0,crenshaw,14474844049.282547,acute care hospitals,government - federal,yes,heart failure,hf-4,heart failure patients given smoking cessation advice/counseling,0%,5 patients,al_hf-4
131,10008.0,crenshaw community hospital,101 hospital circle,empty,empty,luverne,al,36049.0,,3343353374.0,acute care hospitals,governm$ent - federal,,pneumonia,pn-2??,pneumonia patients assessed and given pneumococcal vaccination,25%,16 patients,al_pn-2
132,52871.931324320336,crenshaw comm@@unit#y hospital,1%01 hospital% circle,#empty,empty,luverne,al,36049.0,crenshaw,,acute care hospitals,government - federal,yes,pneumonia,pn-3b,pneumonia patients whose initial emergency room blood culture was performed prior to the administration of the first hospital dose of antibiotics,93%,15 patients,al_pn-3b
133,34706.69698921939,crenshaw community hospital,101 hospital circle,empty,empty,luverne,al,36049.0,cr#enshaw,3343353374.0,acute care hospitals,gov@@ernment - fe$deral,ye#@@s,pneumonia,pn-4,,33%,9 patients#,%al_pn??-4
134,10008.0,crenshaw community hospital,101?? hospit??al circle,empty,empty,,,130985.9019695992,crenshaw,3343353374.0,acute care hospitals,,yes??,pneumonia,pn-5c,pneumonia patients given initial antibiotic(s) within 6 hours after arrival,95%,21 patients,
135,10008.0,crenshaw community hosp#ital,101 hospital circle,empty,empty,$#luverne,al,36049.0,crenshaw,3343353374.0,acute care hosp$itals,government - federal,yes,pneumonia,%pn-6,,62%,21 patients,al_pn-6
136,10008.0,crenshaw commun#ity% hospital,101 hospital circle,empty,empty,luverne,al,36049.0,$crensha#w,3343353374.0,,government - federal,yes,pneumonia,,pneumonia patients assessed and given influenza vaccination$,,15 patients,al_pn-7
137,40444.53746363826,crenshaw c??ommunity hospital,101 hospital circle,empty,empty,luverne,al,36049.0,cren$sh#aw,3343353374.0,acu%te care ho#spitals,governm@@ent - federal,y#es,surgical infection prevention,scip-card-2,surgery patients who were taking heart drugs called beta blockers before coming to the hospital who were kept on the beta blockers during the period just before and after their surgery,100%,1 patients,al_scip-card-2
138,10008.0,crenshaw community hospital,101 hospital circle,empty,empty,luverne,,36049.0,crenshaw,3343353374.0,acute care hospitals,government - fede@@ral,yes,surgical infection prevention,scip%-@@inf-1,surgery patients who were given an antibiotic at the right time (within one hour before surgery) to help prevent infection,100%,2 patient@@s,al_scip-inf-1
139,10008.0,crenshaw community %hospital,101 hospital circle,empty,empty,luverne,al,36049.0,crenshaw,3343353374.0,acute care hospitals,govern%ment - f%ederal,yes,surgical infection prevention,,surgery patients who were given the  right kind  of antibiotic to help prevent infection,100%,2 patients,al_scip-in??f-2
140,10008.0,crenshaw community hospital,1%01 h$ospital circle,empty,em@@#pty,,,36049.0,,3343353374.0,acute care hospitals,gover%nment - #federal,yes,surgical infection preventio@@n,%scip-inf-3$,surgery patients whose preventive antibiotics were stopped at the right time (within 24 hours after surgery),100%,2 patients,al_scip-inf-3
141,10008.0,crenshaw community hospital,101 hospital circle,e#mpty,empty,,,36049.0,crenshaw,3343353374.0,,government - federal,yes,surgical infection prevention,scip-inf-4,,empty,0 patients,al_scip-inf-4
142,10008.0,crensha$w community@@ hospital,101 hospital circle,empty,empty,luverne,al,213340.88524984827,cre@@nshaw,13794764913.502571,acute care hospitals,government - federa%l,yes,surgical infection prevention,scip-inf-6,surgery patients needing hair removed from the surgical area before surgery who had hair removed using a safer method (electric clippers or hair removal cream c not a razor),100%,4 patients?@@?,al@@_scip-inf-6
143,45979.91571481795,crenshaw community hospital,??101 hospital circl??e,empty,empty,luverne,al,,crenshaw,3343353374.0,acute care hospitals,government - federa????l,yes,surgical infection prevention,#scip-vte-1,surgery patients whose doctors ordered treatments to prevent blood clots after certain types of surgeries,100%,4 patients,al_scip-vte-1
144,10008.0,crenshaw community hospital,101 hospital@@ circle,,empty,luverne,al,172022.74568418995,crenshaw,3343353374.0,,government - federal,yes,surgical infection prevention,scip-vte-2,patients who got treatment  at the right time (within 24 hours before or after their surgery) to help prevent blood clots after certain types of surgery,1??00%,4 patients,al_scip-vte-2
145,50019.182386027474,hartselle medical center,201 pine street northwest,empty,empty,hartselle,al,35640.0,morgan,8947859227.12853,acute care hospitals,proprietary,yes,heart attack,#@@ami-1,heart attack patients given aspirin at arrival,100%,6 patients,
146,10009.0,,201 pine street northwest,empty,empty,hartselle,a$??l,35640.0,morgan,13303348835.81619,acute care hospitals,proprietary,yes,heart attack,ami??$-2,heart attack patients given aspirin at discharge,@@1#00%,1 patients,
147,10009.0,hartselle medical center,201 pine street northwest,empty,empty,hartselle,al,35640.0,morgan,2567736511.0,acute ca@@@@re hospitals,proprietary,#$yes,heart atta#ck,ami-3,heart attack patients given ace inhibitor or arb for left ventricular systolic dysfunction (lvsd),100%,1 patients,al_ami-3
148,10009.0,hartselle medical center,,empty,empty,hartse#$lle,al,35640.0,morgan,12647380633.739136,acute care hospitals,proprietary,y??es,heart attack,ami-4,heart attack patients given smoking cessation advice/counseling,100%,2 patients,al_ami-4
149,10009.0,hartselle medical center,201 pine street northwest,empty,empty,hartselle,al,35640.0,morgan,14063015611.325748,acute care hospitals,proprietary,yes,he#art attack,ami-5,heart attack patients given beta blocker at discharge,100%,3 patients,al_ami-5
150,10009.0,hartselle medical center,201 pine street northwest,empty,,hartselle,al,190171.14662726704,morgan,2567736511.0,acute care hospitals,,yes,heart attack,ami-7a,heart attack patients given fibrinolytic medication within 30 minutes of arrival,empty,0$ patien$ts,al_ami-7a
151,10009.0,hartselle medical center,201 pine street northwest,empty,empty,hartselle,al,35640.0,morgan,2567736511.0,acute care hospitals,proprietary,yes,heart attack,ami-8a,heart attack patients given pci within 90 minutes of arrival,,0 patients,al_ami-8a
152,10009.0,hartselle medical center,2@@01 pine street northwest,empty,empty,hartselle,al,187240.90856414306,morgan,2567736511.0,acute care hospitals,proprietary,yes,heart failure,hf-1,heart failure patients given discharge instructions,97%%,35 patients,al_hf-1
153,,hartselle medical center,201 pine street northwest,empty,empty,hartselle,al,35640.0,morgan,2567736511.0,acute care hospitals,proprietary,yes,heart failure,hf-2,heart failure patients given an evaluation of left ventricular systolic (lvs) function,98%,42 patients,al_hf-2
154,10009.0,hartselle medical center,201 pine street northwest,empty,empty,hartselle,al,35640.0,morgan,2567736511.0,acute care hospitals,proprietary,yes,heart failure,hf-3,heart failure patients given ace inhibitor or arb for left ventricular systolic dysfunction (lvsd),100%,10 patie$nts,al$_hf-3
155,,hartselle medical center,201 pine street northwest,empty,empty,hartselle,al,35640.0,morgan,2567736511.0,acute care hospitals,proprietary,yes,he#art failure,hf-4,,100%,12 patients,
156,10009.0,hartselle medical center,201 pine str%e%et northwest,empty,empty,harts%el%le,al,35640.0,morgan,2567736511.0,acute care hospitals,proprietary,$y#es,pneumonia,pn-2,pneumonia patients assessed and given pneumococcal vaccination,98%,44 patients,al_pn-2
157,10009.0,hartselle medical center,,empty,,hartselle,al,35640.0,morgan,8890770910.995232,acute care hospitals,proprietary,yes,pneumonia,pn-3b,pneumonia patients whose initial ??emergency room blood culture was performed prior to the administration of the first hospital dose o@@f antibiotics,100%,30 patients,al_pn-3b
158,44541.10987867424,hartselle medical center,201 pine street northwest,empty,em%pty%,hartselle,al,35640.0,morgan,2567736511.0,acute care hospitals,proprietary,yes,pneumonia,pn-4,pneumonia patients given smoking cessation advice/counseling,100%,25 patients,al_pn-4
159,10009.0,hartselle medical center,201 pine street northwest,empty,empty,hartselle,al$,35640.0,morgan,12787190605.231716,acute care hospitals,proprietary,yes,pneumonia,pn-@@5c@@,pneumonia patients given initial antibiotic(s) within 6 hours after arrival,98%,51 patients,
160,10009.0,hartselle medical center,201 pine street northwest,empty,emp@??@ty,hartselle,al,,morgan,2567736511.0,,p@@roprie??tary,yes,pneumonia,pn-6,pneumonia patients given the most appropriate initial antibiotic(s),100%,45 patients,al_pn-6
161,59212.71736586669,hartselle medical#$ center,201 pine street northwest,e??mpt%y,empty,hartselle,,,morgan,2567736511.0,acute care hospitals,proprietary,,pneumonia,pn-7,pneumonia patients assessed and given influenza vaccination,97%,30 patients,al_pn-7
162,56264.63355671823,hartselle medical center,201 pine street northwest,empty,empty,hartselle,al??,35640.0,morgan,,acute care hospitals,proprietary,yes,surgical infection prevention,scip-card-2,surgery patients who were taking heart drugs called beta blockers before coming to the hospital who were kept on the beta blockers during the period just before and after their surgery,67%,3 patients,al_scip-card-2
163,10009.0,hartselle medical cen#ter,201 %pine street northwest,empty,empty,hart#s%elle,al,35640.0,morgan,2567736511.0,acute care hospitals,proprietary,yes,surgical infection prevention,scip-inf-1,surgery patients who were given an antibiotic at the right time (within one hour before surgery) to help prevent infection,10$0#%,6 patients,al_scip-inf-1
164,10009.0,ha#rtselle medical center,201 pine street northwest,empty,empty,hartselle,#al??,35640.0,morgan,2567736511.0,??acute care ho%spitals,proprietary,yes,surgical infection prevention,scip-inf-2,surgery patients who were given the  right kind  of antibiotic to help prevent infection,5%7%,7 patients,al_scip-inf-2
165,10009.0,hartselle medical center,201 pine street northwest,empty,empty,hartselle,,35640.0,,2567736511.0,acute care hospitals,proprietary,yes,surgical infection prevention,scip-inf-3,surgery patients whose preventive antibiotics were stopped at the right time (within 24 hours after surgery),80%,5 patients,al_scip-inf-3
166,10009.0,hartselle medical center,201 pine street northwest,empty,empty,hartselle,al,35640.0,morgan,2567736511.0,,,yes,surgical infection prevention,scip-inf-4,all heart surgery patients whose blood sugar (blood glucose) is kept under good control in the days right after surgery,empty,0 patients,al_scip-inf-4
167,10009.0,hartselle medical center,201 pine street northwest,empty,empty,hartselle,al,,morgan,2567736511.0,acute care %hos%pitals,p#ropr@@ietary,yes,surgical infection prevention,scip-inf-6,surgery patients needing hair removed from the surgical area before surgery who had hair removed using a safer method (electric clippers or hair removal cream c not a razor),100%,11 patients,al_scip-inf-6
168,10009.0,hartselle medical cen%ter$,201 pine street northwest,empty,empt??y,hartselle,al,35640.0,morgan,2567736511.0,acute care hospitals,proprietary,yes,surgical infection prevention,scip-vte-1,surgery patients whose doctors ordered treatments to prevent blood clots after certain types of surgeries,7?@@?8%,9 pa%tien@@ts,al_scip-vte-1
169,,hartselle medical center,201 pine street northwest,em#pty@@,empty,hartselle,al,35640.0,@@m$organ,2567736511.0,acute care hospitals,proprietary,yes,surgical infection prevention,,patients who got trea#tment  at the right time (within% 24 hours before or after their surgery) to help prevent blood clots after certain types of surgery,78%,9 patients,al_scip-vte-2
170,35611.37707283816,marshall medical center north,8000 alabama highway 69,em$pty@@,empty,guntersville,al,,marshall,2565718000.0,acute care hospitals,government - hospital district or authority,yes,heart attack,ami??-1,heart attack patients given aspirin at arrival,100%,,al_ami-1
171,10010.0,marshall medical center north,8000 alabama highway 69,empty,empty,guntersville,al,,marshall,2565718000.0,acute care hospitals,government - hospital district or authority,yes,heart attack,ami-2,heart attack patients given aspirin at discharge,100%,6 patients,al_ami-2
172,10010.0,marshall medical center north,8000 alabama highway 69,empty,empty,gunters??ville%,al,35976.0,marshall,2565718000.0,acute care hospitals,government - hospital district or authority,yes,heart $attack,a#mi$-3,heart attack patients given ace inhibitor or arb for left ventricular systolic dysfunction (lvsd),5$0%,2 patients,al_ami-3
173,10010.0,marshall medical center north,8000 alabama highway 69,$empty,empty,guntersville,al,35976.0,marshall,2565718000.0,acute care hospitals$,government - hospital district or authority,yes,heart attack,ami-4,heart attack %patients given smoking cessat??ion advice/counseling,100%,2 patients,al_ami-4
174,10010.0,marshall medical center north,8000 alabama highway 69,,empty,guntersville,al,35976.0,marshall,12806730423.621422,acute care hospitals,government - hospital district or authority,yes,heart attack,#am%i-5,heart attack patients given beta blocker at discharge,8%%3%,6 patients,al_ami-5
175,10010.0,marshall medical center north,8000 alabama highway 69,empty,,gunte$rsville,al,35976.0,marshall,2565718000.0,acute care hospitals,government - hospital district or authority,yes,heart attack,ami-7a,heart attack patients given fibrinolytic medication within 30 minutes of arrival,empty,0 patients,al_ami-7a
176,45083.584181867715,marshall medical center north,8000 alabama highway 69,empty,empty,guntersville,al,35976.0,marshall,2565718000.0,acute care hospitals,government - hospital district or authority,yes,heart attack,ami-8a,heart attack patients given pci within 90 minutes of arrival,empty,0 patients,al_ami-8a
177,10010.0,marshall medical center north,8000 alabama highway 69,empty,empty,guntersville,al,35976.0,marshall,,acute care hospitals,government - hospit#al district or authority,%yes,heart failure,hf-1,heart failure patients given discharge instructions,@@9#3%,55 patients,al_hf-1
178,10010.0,,,empty,empty,,al,35976.0,marshall,14783644752.954926,acute care hospitals,government - hospital district or authority,yes,heart failure,hf-2,heart failure patients given an evaluation of left ventricular systolic (lvs) function,84%,80 pa#tients,
179,10010.0,marshall medical center north,8000 alabama highway 69,em#pty??,??$empty,guntersville,al,212517.1877661069,marshall,9735314245.952515,acute c$%are hospitals,government - hospital district or authority,y$$es,heart failure,hf-3,heart failure patients given ace inhibitor or arb for left ventricular systolic dysfunction (lvsd),78%,27 patients,al_hf-3
180,10010.0,marshall medical center north,8000 alabama highway 69,empty,empty,guntersville,al??%,35976.0,marshall,2565718000.0,%acute care hosp@@itals,government - hospital district or authority,yes,heart failure,hf-4,heart failure patients given smoking ce@@ssation advice/coun$seling,100%,10 patients,al_hf-4
181,10010.0,marshall medical center north,8000 ala$bama highway 69,empty,empty,guntersville,al,35976.0,??marshall,11246687234.016806,acute care hospitals,government - hospital district or authority,yes,pneumon#ia,pn-2,pneumonia patients assessed and given pneumococcal vaccination,87%,128 patient$s,al_pn-2
182,31738.773487794086,marshall medical center north,8000 alabama highway 69,empty,empty,guntersville,al,117450.72623980817,marshall,2565718000.0,acute care hospitals,government - hospital district or authority,yes,pneumonia,pn-3b??,pneumonia patients whose initial emergency room blood culture was performed prior to the administration of the first hospital dose of antibiotics,#94%,115 patients,al_pn$-3b
183,10010.0,marshall medical center north,8000 alabama highway 69,empty,empty,g$untersv@@ille,al,35976.0,marshall,2565718000.0,acute care hospitals,government - hospital district or authority,yes,p$neumonia,pn-4,pneumonia patients given smoking cessation advice/counseling,94%,65 patients,al_p$n-4
184,36058.75087440412,,8000 alabama h%ighway 6??9,empty,empty,guntersville,al,35976.0,marshall,2565718000.0,acute care hospitals,,yes,pn%eumoni??a,pn-5c,pneumonia patients given initial antibiotic(s) within 6 hours after arrival,97%,158 patients,al_pn-5c
185,54473.053120930526,marshall medical center north,8000 alabama highway 69,empty,e#mpty,gu%ntersville,al,35976.0,marshall,2565718000.0,acute care hospitals,government - hospital district or authority,yes,pneumonia,pn-6,pneumonia patients given the most appropriate initial antibiotic(s),93%,133 patients,al_pn-6
186,51888.74437069414,marsha#ll m??edical center north,8000 alabama highway 69,empty,,gun??tersville,al,35976.0,marshall,2565718000.0,acute care hospitals,government - hospital district or authority,yes,pneumonia,pn-7,pneumonia patients assessed and given influenza vaccination,90%,101 patients,a%l_pn$-7
187,10010.0,marshall medical center north,8000 alabama highway 69,empty,empty,guntersville,#a@@l,,marshall,2565718000.0,acute care hospitals,government - hospital district or authorit#y,yes,surgical infection preventi??on,scip-card-2,surgery patients who were taking heart drugs called beta blockers before coming to the hospital who were kept on the beta blockers during the period just before and after their surgery,86%,14 patients,al_scip-card-2
188,36831.97184725106,marshall medical center north,8000 alabama highway 69,empty,@@empty,guntersville,al,35976.0,marshall,14199732919.648138,acute care hospitals,government - hospital district or authority,yes,surgical infection prevention,scip-inf-1,surgery patients who were given an antibiotic at the right time (within one hour before surgery) to help prevent infection,95%,66 patients,al_scip-inf-1
189,10010.0,marshall medical center north,8000 alabama highway 69,empty,empt$y,guntersville@@,al,35976.0,marshall,11852358568.588272,acute care hospitals,government - hospital district or authority,yes,su%rgical infection prevention@@,,surgery patients who were g??iven the  right kind  of anti??biotic to help prevent infection,91%,64 patients,al_scip-inf-2
190,10010.0,marshall medical center north,8000 alabama highway 69,empty,empty??$,,al,35976.0,marshall,2565718000.0,acute care hospitals,government - hospital district or authority,yes,surgical infection prevention,scip-inf-3,surgery patients whose preventive antibiotics were stopped at the right time (within 24 hours after surgery),100%,63 patients,al_scip-inf-3
191,10010.0,marshall medical center north,8000 alabama highway 69,empty,empty,guntersville,al,35976.0,marshall,2565718000.0,acute care hospitals,government - hospital district or authority,yes,surgical infection prevention,scip-inf$-4,all heart surgery patients whose blood sugar (blood glucose) is kept under good control in the days right after surgery,empty,0$ patients,al_scip-inf-4
192,10010.0,marshall medical center north,8000 alabama highway 69,empty,empty,gunt??ersville,al,35976.0,marshall,2565718000.0,acute care hospitals,government - hospital district or authority,ye@@s??,surgical infection prevention,scip-inf-6,surgery patients needing hair removed from the surgical area before surgery who had hair removed using a safer method (electric clippers or hair removal cream c not a razor),100%,155 patients,al_scip-inf-6
193,52790.666403172465,marshall medi$cal cen%ter north,8000 a$labama highway 69,empty,empty,guntersville,al,35976.0,marshall,2565718000.0,acute care hospitals,government - hospital district or authority,yes,surgical infection prevent#ion,scip-vte-1,surgery patients whose doctors ordered treatments to prevent blood clots after certain types of surgeries,86%,56 patients,al_scip-vte-1
194,57129.86199173278,,8000 alaba??ma highway 69,empty,empty,guntersville,,35976.0,marshall,8766197455.125475,,government - hospital district or authority,ye$s,surgical infection prevention,scip-vte-2,patients who got treatment  at the right time (within 24 hours before or after their surgery) to help prevent blood clots after certain types of surgery,,56 patients,al_scip-vte-2
195,43525.31166708607,st vincents e%ast,50 medical park east drive,??empty,empty,birmingham,al,35235.0,jefferson,2058383122.0,acute care hospitals,voluntary non-profit - private,y$es,heart attack,a%mi-1,heart attack patients given aspirin at arrival,99%,240 patients,al_ami-1
196,10011.0,st vincents east,50 medical park east drive,empty,empty,birmingham,al,35235.0,jefferson,2058383122.0,acute care hospitals,voluntary non-profit - private,yes,heart attack,ami-2,heart attack patien@@ts given $aspirin at discharge,96%,295 patients,al_ami-2
197,10011.0,st vin%cents east,50 medical park east drive,empty,empty,birmingham,al,35235.0,jeffer%son$,2058383122.0,acute care hospitals,voluntary# non-profit?? - private,yes%,heart attack,ami-3,heart attack patients given ace inhibitor or arb for left ventricular systolic dysfunction (lvsd),91%,70 patients,al_ami-3
198,10011.0,st vincents east,50 medical park east drive,em#pt@@y,empty,birmingham,al,35235.0,?$?jefferson,9361085156.17847,acute care hospitals,voluntary non-profit - private,yes,heart attack,ami-4,heart attack patients given smoking cessation advice/counseling,100%,131$ patients,al_ami-4
199,10011.0,st vincents east,50 medical park east drive,empty,empty,birmi#n@@gham,al,140229.08122229725,jefferson,2058383122.0,acute care hospitals,voluntary non-profit - private,,heart attack,ami-5,heart attack patients given beta blocker at discharge,9#9%,288 patients,al_ami-5
200,10011.0,st vincents east,50 medical park east drive,e#mpty,empty,birmingham,al,35235.0,jefferson,11204153056.444847,acute care hospitals,volunt#ary non-profit - pri@@vate,yes,heart attack,$am#i-7a,heart attack patients given fibrinolytic medication within 30 minutes of arrival,empty,0 patients,al_ami-7a
201,10011.0,st vincents east,50 medical park east drive,empty,empty,birmingham,al,35235.0,,2058383122.0,acute care hospitals,voluntary non-profit - private,yes,hea??%rt attack,ami-8a,heart attack patients given pci within 90 minutes of arrival,,,al_ami-8a
202,57175.37385642932,st vincents east,50 medical park east drive,??empty,empty,birmingham,al,35235.0,jefferson$,2058383122.0,acute care hospitals,voluntary non-profit - private,yes,heart failure,hf-1,heart failure patients given discharge instructions,94%,316 patients,al_hf-1
203,10011.0,st vincents east,50 medical park east drive,empty,empty,birmingham,a@@l,,jefferson,2058383122.0,acute care hospita@%@ls,volu#ntary non-p$rofit - private,yes,heart failure,hf-2,heart failure patients given an evaluation of left ventricular systolic (lvs) function,98%,372 patients,al_hf-2
204,10011.0,,50 medical park east% drive,empty,empty,birmingham,al,35235.0,jefferson,2058383122.0,acute care hospitals,volu$ntary non-pr%ofit - private,yes,hear??t% failure,hf-3,heart failure patients given ace inhibitor or arb for left ventricular systolic dysfunction (lvsd),9#%8%,130 patients,al_hf-3
205,36842.46040786562,st vincents east,50 medical park east drive,empty,empty,birmingham,al$,35235.0,jefferson,2058383122.0,acute care hospitals,vol%??untary non-profit - private,yes,heart failure,hf-4,heart failure patients given smoking cessation advice/counseling,100@@%,69 patients,
206,10011.0,,50 medical park?? east drive,empty,empty,birmingham,al,35235.0,jefferson,2058383122.0,acute care hospitals,voluntary non-profit - private,yes,pneumonia,pn-2,pneumonia patients assessed and given pneumococcal vaccination,87%,125 patients,al_pn-2
207,10011.0,st vincents east,50 medical park east drive,empty,empty,birmingham,$al,35235.0,jefferson,2058383122.0,acute care@@ hosp#itals,voluntary non-profit - private,yes,pneumonia,pn-3b,pneumonia patients whose initial emergency room blood culture was performed prior to the administration of the first hospital dose of antibiotics,96%,,al_pn-3b
208,10011.0,st vincents east,50 medical park east drive,empty,empty,birmingham,al,35235.0,jeffe#$rson,2058383122.0,acute care hospitals,voluntary non-profit - private,y@@%es,pneumonia,,pneumonia patients given smoking cessation advice/counseling,100%,69 patients,al_pn-4
209,10011.0,st vincents ea#st,50 medical park east drive,%empt$y,e$#mpty,birmingham,al,169428.88774253253,jefferson,2058383122.0,acute care h%ospi%tals,voluntary non-profit - private,yes,pneumonia,pn-5c,pneumonia patients given initial antibiotic(s) within 6 hours after arrival,95%,135 patients,al_pn-5??c
210,10011.0,st vincents east,50 medical park east drive,empty,empty,birmingham,al,35235.0,jefferson,2058383122.0,a??cute care hospit#als,,$yes,pneumonia,pn-6,pneumonia patients given the most appropriate initial antibiotic(s),91%#@@,112 patients,al_pn-6
211,10011.0,st vincents east,50 medical park east drive,empty,empty,birmingham,al,35235.0,jefferson,2058383122.0,acute care hospitals,voluntary non-profit - private,yes,pneumonia,pn-7,pneum@@onia patients assessed and given influenza vaccination,85%,89 patients,al_pn-7
212,10011.0,,50 medical park east drive,empty,e@@mpty,birmingham,al,35235.0,je$fferson,2058383122.0,acute care hospitals,voluntary non-profit - private,yes,surgical infection prevention,scip-card-2,surgery patients who were taking heart drugs called beta blockers before coming to the hospital who were kept on the beta blockers during the period just before and after their surgery,83%,125 patients,al_scip-card-@@2
213,10011.0,st vincents east,50 medical park east drive,empty,empty,birmingham,,35235.0,jefferson,2058383122.0,acute care hospitals,voluntary non-profit - private,yes,surgical infection prevention,scip-inf-1,surgery patients who were given an antibiotic at the right time (within one hour before surgery) to help prevent infection,97%,461 patients,al_scip-inf-1
214,10011.0,st vince$#nts east,50 medical park east drive,empty,e#mpt??y,birmingham,al,35235.0,jefferson,2058383122.0,acute care hospitals,voluntary non-profit - private,yes,surgical infection prevention,scip-in@@f-2%,surgery patients who were given the  right kind  of antibiotic to help prevent infection,98%,473 patients,al_scip-inf-2
215,10011.0,st vincents east,50 medical park east drive,empty,,birmingham,al,35235.0,jefferson,2058383122.0,acute care hospitals,voluntary non-profit - private,yes??,??surgical infection prevent$ion,scip-inf-3,surgery patients whose preventive antibiotics were stopped at the r#ight time (within 24 hours after surgery),81%,442 patients,al_scip-inf-3
216,10011.0,st vin$cent@@s east,50 medical park east drive,empty,,birmingham,,35235.0,jefferson,2058383122.0,acute care h??ospitals,voluntary non-profit - private,yes,surgical infection prevention,scip-inf@@-4,all heart surgery patients whose blood sugar (blood glucose) is kept under good control in the days right after surgery,60%,,al_scip-inf-4
217,10011.0,st vincents east,50 medical park east drive,empty,empty,birmingham,al,35235.0,jefferson,2058383122.0,acute care hospitals,voluntary non-profit - private,yes,surgical infection prevention,scip-inf-6,surgery patients needing hair removed from the surgical area before surgery who had hair removed using a safer method (electric clippers or hair removal cream c not a razor),100%,601 patients,
218,10011.0,st vincents east,50 medical park east drive,empty,empty,birmingham,al,35235.0,jefferson,2058383122.0,acute care hospitals,voluntary non-profit - private,yes,surgical infection prevention,scip-vte-1,surgery patients whose doctors ordered treatments to prevent blood clots after certain types of surgeries,89%,229 patients,al_scip-vte-1
219,41799.43635198654,st vincents east,50 medical park east drive,empty,empty,,al,35235.0,jefferson,2058383122.0,acute care hospitals,voluntary non-profit - private,yes,surgical infection prevention,scip-vte-2,patients who got treatment  at the right time (within 24 hours before or after their surgery) to help prevent blood clots after certain types of surgery,83%,224 patients,al_scip-vte-2
220,10012.0,dekalb regional medical center,200 med center drive,empty,empty,fort payne,al,35968.0,de kalb,2568453150.0,acute ca@@re hospit$als,voluntary non-profit - church,yes,heart attack,,heart attack patients given aspirin at arrival,100%,46 patients?%?,al_ami-1
221,10012.0,dekalb regional medical center,200 med center dri$ve,empty,empty,fort payne,al,35968.0,de kalb,2568453150.0,acute care hospitals,voluntary non-pro%fit - church#,yes,heart attack,ami-2,heart attack patients given aspirin at discharge,95%,39 patients,al_ami-2
222,59915.88137528462,dekalb regiona$l medical c$enter,200 med center drive,empty,empty,fort payne,al,145396.05410855202,de kalb,2568453150.0,acute care hospitals,voluntary non-profit - church,@@%yes,heart attack,ami-3,heart attack patients given ace inhibitor or arb for left ventricular systolic dysfunction (lvsd),91%,11 patients,al_ami-3
223,10012.0,dekalb regional medical center%,200 med cente%r drive,empty,empty,fort payne,al,35968.0,de kalb,10885855622.239325,acute care hospitals,voluntary non-profit - church,yes,heart attack,ami-4,heart attack?? patients given sm$oking cessation advice/counseling,100%,14 patients,al_ami-4
224,10012.0,dekalb regional medical center,200 med center drive,empty,empty,fort payne,al,35968.0,d%e?? kalb,2568453150.0,acute care hospitals,voluntary non-profit - church,yes,heart attack,ami-5,heart attack patients given beta blocker at discharge,95%,41 patients,al_ami-@@5??
225,33596.97206081512,dekalb regional medical center,200 med center drive,??empty,empty,fort payne,al??,35968.0,de kalb,2568453150.0,acute care hospitals,voluntary non-profit - church,yes,heart attack,,heart attack patients given fibrinolytic medication within 30 minutes of arrival,10@@#0%,1 patients,al_ami-7a
226,57629.26428564706,dekalb regional medical center,200 med center$ driv$e,empty,empty,fort ??payne,al,130127.51159991689,de kalb,7759400438.12598,acute care hospitals,vol%untary non-p%rofit - church,yes,heart attack,ami-8a,heart attack patients given pci within 90 minutes of arrival,40%,5 patients,al_ami-8a
227,10012.0,dekalb regional medi$cal center,200 med center drive,empty,empty,f$ort payne,al,,de kalb,2568453150.0,acute care hospitals,voluntary non-profit - church,yes,heart failure,hf-1,heart failure patients given discharge instructions,#$89%,76 patients,a%l_hf-$1
228,10012.0,dekalb regional medical center,200 med center drive,empty,empty,fort payne,al$$,35968.0,de kalb,2568453150.0,acute care hospitals,voluntary non-profit - church,yes,heart failure,hf#-2,heart failure patients given an evaluation of lef#t ventricular systolic (??lvs) function,10$0@@%,94 patients,al_hf-2
229,10012.0,deka@@lb regional# medical center,200 med center drive,empty,e??#mpty,fo$rt pay??ne,al,,de kalb,,acute care hospitals,voluntary no$n-pro#fit - church,yes,heart failure,hf-3,heart failure patients given ace inhibitor or arb for left ventricular systolic dysfunction (lvsd),94%,36 pa#ti%ents,al_hf-3
230,10012.0,dekalb regional medical center,200 med center drive,empty,empty,fort payne,al,35968.0,de kalb,2568453150.0,acute care hospitals,voluntary non-profit - church,yes,heart failure,hf-4,heart failure patients given smoking cessation advice/counseling,,15 patients,al_hf-4
231,10012.0,dekalb regional medical center,200 med center drive,empty,empty,fort payne,al,,de kalb,2568453150.0,acute care hospitals,voluntary non-profit - church,yes,pneumonia,pn-2,pneumonia patients assessed and given pneumococcal vaccination,97%,69 patients,al_pn-2
232,10012.0,dekalb regional medical center,%200 med center drive,e@@mpt%y,empty,fort payne,al,123643.22266439271,de kalb,2568453150.0,acute care hospitals,voluntary non-profit - church,yes,pneumonia,pn-3b,pneumonia patients whose initial emergency room blood culture was performed prior to the administration of the first hospital dose of antibiotics,93%,91 patients,
233,10012.0,dekalb regional medical center,200 med center drive,em%%pty,,,$al,35968.0,de $kal@@b,2568453150.0,ac%ute care h@@ospitals,voluntary non-profit - church,yes,pneumonia,pn-4,pneumonia patients given smoking cessation advice/counseling,100%,37 patients,al_pn-4
234,10012.0,dekalb regional medical center,200 med center drive,empty,empty,fort payne,??$al,35968.0,de kalb,2568453150.0,acute care hospitals,,yes,pneumonia,pn-5c,pneumonia patients given initial antib??iotic(s) within 6 hours after arrival,99%,88 patients,al_pn-5c
235,10012.0,dekalb regional medical center,200 med center drive,empty,empty,,al,35968.0,,2568453150.0,,voluntary no%n-profit - chu??rch,,pneumonia,pn-6,pneumonia patients given the most appropriate initial antibiotic(s),88%,82 patients,al_pn-6
236,10012.0,,2$00 med center drive,empty,empty,fort payne,al,35968.0,de kalb,2568453150.0,acute care hospitals,voluntary non-profit - church,yes,pneumonia,pn??-%7,pneumonia patients assessed and given influenza vaccination,#98%,56 patien??ts,#%al_pn-7
237,10012.0,dekalb regional medical center,200 med center drive,empty,empty,fort payne,al,35968.0,,8093677701.808152,acute care hospitals,voluntar%y non-profit - church,yes,surgical infection prevention,scip-card-2,surgery patients who were taking heart drugs called beta blockers before coming to the hospital who were kept on the beta blockers during the period just before and after their surgery,100%@@,16 pat$ie??nts,al_scip-card-2
238,59230.282388510204,dekalb regional medical center,200 med center drive,emp@@ty#,empty,fort payne,al,,,2568453150.0,acute care hospit$als,voluntary non$-profit - church,y$es,surgical infection prevention,scip-inf-1,surgery patients who were given an antibiotic at the right time (within one hour before surgery) to help prevent infection,97%,139 patients,al_scip-inf-1
239,10012.0,dekalb regional medical center,200 %med center dr??ive,empty,empty,fort payne,al,35968.0,de kalb,14764355646.082455,acute care hospitals,voluntary non-profit - church,yes,surgical infection prevention,scip-inf-2,surgery patients who were given the  right kind  of antibiotic to help prevent infection,,147 patients,al_scip-inf-2
240,10012.0,dekalb regional medical center,200 med center drive,empty,empty,fort payne,al,35968.0,de kalb,2568453150.0,acute care hospitals,voluntary non-profit - church,yes,surgical infection prevention,scip-inf-3,surgery patients whose preventive antibiotics were stopped at the right time (within 24 hours after surgery),98%,136 patients,al_scip-inf-3
241,10012.0,dekalb regional medical center,200 med center drive,,empty,fort payne,al#,35968.0,de kalb,2568453150.0,acute care hospitals,voluntary non-profit - church,yes,surgical infection prevention,scip-inf-4,all heart surgery patients whose blood sugar (blood glucose) is kept under good control in the days right after surgery,empty,0 patients,al_scip-inf-4
242,10012.0,dekalb regional medical center,200 med center drive,empty,$empty,fort payne,al,35968.0,de kalb,2568453150.0,acute care hospitals,voluntary non-profit - church,yes,surgical infection prevention,scip-inf-6,surgery patients needing hair removed from the surgical area before surgery who had hair removed using a safer method (electric clippers or hair removal cream c not a razor),100%,179 patients,al_scip-inf-6
243,31209.085868228703,dekalb regional medical ??cen#ter,,em@@pty,em#%pty,fort payne,al,,de kalb,2568453150.0,acute care ho??spi#tals,voluntary non-profit - church,yes,,scip-v#te-1,surgery patients whose doctors ordered treatments to prevent blood clots after certain types of surgeries,97%,90 patients,al_scip-vte-1
244,10012.0,dekalb regional medical center,200 med center drive,empty,empty,fort payne,al,113407.54413305089,de kalb,2568453150.0,acute care hospitals,voluntary non-profit - church,yes,surgical infection prevention,scip-vte-2,patients who got treatment  at the right time (within 24 hours before or after their surgery) to help prevent blood clots after certain types of surgery,97%,90 patients,al_scip-vte-2
245,10015.0,southwe$st alabama medical center,33700 highway 4%3,empty,empty,thomasville,al,172057.00978161333,clarke,3346366221.0,acute care hospitals,government - federal,yes,heart attack,ami-1,heart attack patients given aspirin at arrival,empty,0 patients,al_ami-1
246,10015.0,southwest alabama medical center,33700 highway 43,empty,empty,thomasville,al,152144.75437071398,clarke,3346366221.0,$acute care ho@@spitals,government@@ - federal,yes,heart attack,ami-2,heart attack patients given aspirin at discharge,e$mpty,0 patients,al_ami-2
247,,southwest alabama medical center,33700 highway 43,empty,empty,,al,,clarke,15762957779.615992,acute care hospitals,government - federal,yes,heart attack,ami-3,heart attack patients given ace inhibitor or arb for left ventricular systolic dysfunction (lvsd)$,empty,0 pati%ents,al_ami-3
248,10015.0,southwest alabama medical center,33700 highway 43,,,thomasville,al,36784.0,clarke,3346366221.0,acute care hospitals,government - federal,yes,heart attack,ami-4,heart attack patients given smoking cessation advice/counseling,empty,0 patients,al_ami-4
249,10015.0,southwest alabama medical center,33700 highway 43,e#mpty,empty,thomasville,al,36784.0,??cla%rke,3346366221.0,acute care hospitals,government - federal,yes,heart atta@@ck,ami-5,heart attack patients giv@@en beta blocker at discharge,empty,0 patients,al_ami-5
250,10015.0,southwest alabama medical center,33700 highway 43,empty,empty,,al,36784.0,clark$e,14096055457.908894,acute care hospitals,,yes,heart attack,ami-7a,heart attack patients given fibrinolytic medication within 30 minutes of arrival,empty,0 patients,al_ami-7a
251,,southwest alabama medical center,33700 highway 43,empty,empty,thomasville,al,145651.48234830773,clarke,3346366221.0,acute care hospitals,government - federal,yes,$heart attack,ami-8a,heart attack patients given pci within 90 minutes o#f arrival,empty,0 patients,al_ami-8a
252,10015.0,s%outhwest alabama medical center,33700 highway 43,em??pt#y,,#thomasv#ille,al,36784.0,clarke,3346366221.0,acute @@care hospitals,government - federal,yes,heart failure,hf-1$,,100%,79$ patie%nts,al_hf-1
253,10015.0,southwest alabama medical center,337$0@@0 highway 43,empty,empty,thomasville,al,36784.0,clarke,3346366221.0,acute care hospitals,government - federal,yes,heart failure,hf-2,heart failu$re patients given an evaluation of le$ft ventricular systolic (lvs) function,89%,91 patients,al_hf-2
254,10015.0,southwest alabama medical center,33700 highw??ay 43,empty,emp$ty,thomasville,al,36784.0,clarke,3346366221.0,acute care hospitals,government - federal,yes,heart failure,hf-3,heart failure patients given ace inhibitor or arb for l??eft ventricular systolic dysfunction (lvsd),88%,25 patients,al_hf-3
255,43434.78630660914,southwest alabama medical center,33700 highway 43,empty,emp#ty,thomasville,al,36784.0,clarke,3346366221.0,acute care hospitals,government - federal,yes,heart failure,hf-4,heart failure patients given smoki%ng cessation %advice/counseling,,17 patients,al_hf-4
256,10015.0,southwest alabama medical center,33700 highway 43,empt#y#,empty,,al,36784.0,clarke,,acute care hospitals,government - federal,y$es$,pneumonia,pn-2,pneumonia patients assessed and given pneumococcal vaccination,92%,25?? pat$ients,??@@al_pn-2
257,10015.0,southwest alabama medical center,33700 highway 43,empty,empty,thomasville,,36784.0,clarke,3346366221.0,acute care hospitals,government - federal,ye$??s,pneumonia,pn-3b,pneumonia patien$ts whose initial emergency room blood$ culture was performed prior to the administration of the first hospital dose of antibiotics,96%,24 patients,al_pn-3b
258,10015.0,southwest alabama medical center,33700 highway 43,empty,empty,thomasv@@ille,@@al,155050.91060763318,clarke,3346366221.0,acu$te care hospit$als,government - federal,yes,pneumonia,pn-4,pneumonia patients given smoking cessation advice/counseling,100%,6 patients,al_pn-4
259,10015.0,southwest alabama medical center,33700 highway 43,empty,empty,thomasville,??al,36784.0,$$clarke,,acute care hospitals,government - federal,yes,pneumonia,pn-5c,pneumonia pa$tients given initial antibiotic(s) within 6 hours #after arrival,96%,24 patients,al_pn-5c
260,37297.98620160847,southwest a$labama@@ medical center,33700@@ highway 43@@,empty,#empty,thomasville,al,36784.0,clarke,3346366221.0,acute care hospitals,government@@ - federal,yes,pneumonia,pn-6,pneumonia patients given the most appropriate ini??tial a%ntibiotic(s),100%,26 patients,al_p%n-6
261,10015.0,southwest alabama medical center,33700 highway 43,empty,empty,thomasville,al,36784.0,,3346366221.0,acute care hospitals,government - federal,yes,pneumonia,pn-7,pneumonia patients assessed and given influenza vaccination,92%,24 patients,al_pn-7
262,50855.85925681006,southwest alabama medical center,3$3700 highway 43,empty,empty,th@@omasville,al#%,36784.0,clarke,3346366221.0,acute c@@ar#e hospitals,,yes,surgical infection prevention,scip-card-2,surgery patients who were taking heart drugs called beta blockers before coming to the hospital who ??were kept on the beta blockers during the period just before and after their surgery,empty,e#mpt%y,al_scip-card-??2
263,10015.0,southwest$ alabama medical center,33700 highway 43,emp%ty,empty,thomasville,al,,clarke,3346366221.0,acute care hospitals,gover??nment - f#ederal,yes,surgical infection prevention,scip-inf-1,surgery patients who were given an antibiotic at the right time (within one hour before surgery) to help prevent infection,86%,14 patients,al_scip-inf-1
264,10015.0,southwest $alabama medical center,33700 highway 43,empty,%em??pty,thomasville,al,36784.0,clarke,15590271288.40333,acute care hospitals,government - federal,yes,surgical infection prevention,scip-inf-2,surgery patients who were given the  right kind  of antibiotic to help prevent infection,93%,14 patients,a@@l_scip-$inf-2
265,10015.0,southwest alabama medical center,33700 highway 43,empty,empty,thomasvill%e,al,142083.40193975996,clarke,,acute care hospitals,government ??- fe#deral,yes,surgical infection prevention,scip-inf-3,surgery patients whose preventive antibiotics were stopped at the right time (within 24 hours after surgery),86%,14 patients,al_scip-inf-3
266,10015.0,southwest alabama medical center,33700 highway 43,empty,em??pty,thomasville,$al$,143593.46758834543,clarke,3346366221.0,acute care hospitals,government - federal,yes,surgical infection prevention,scip-inf-4,all heart surgery patients whose blood sugar (blood glucose) is kept under good contr??ol in the days right after surgery,empty,0 patients,al_sc%$ip-inf-4
267,10015.0,southwest alabama medical center,33700 highway 43,empty,empty,thomasville,al,36784.0,clarke,3346366221.0,acute care hospitals,gov$e%rnment - federal,yes,surgical infect@@ion preventio$n,scip-inf-6,surgery patients needing hair removed from the surgical area before surgery who had hair removed using a safer method (electric clippers or hair removal cream c not a razor),100%,15 patie#n%ts,al_scip-inf-6
268,56188.65614695819,southwest alabama medical center,33700 highway 43,,em@@p$ty,thomasville,al,36784.0,clarke,,acute care hospitals,g@@overnment - federal,#yes,surgical infection prevention,scip-vte-1,surgery patients whose doctors ordered treatments to prevent blood clots after certain types of surgeries,90%,10 patients,al_scip-vte-1
269,10015.0,,3370$0 highway 43,empty,emp#ty,thomasville,al,36784.0,clarke,3346366221.0,acute care hospitals,government - federal,,,scip-vte-2,patients who got treatment  at the right time (within 24 hours before or after their surgery) to help prevent blood clots after certain types of surgery,90%,10 patie@@nts,al_scip-vte-2
270,10016.0,,1000 first street north,empty,empty#,alabaster,al,35007.0,shelby,2056208100.0,acute care hospitals,voluntary non-profit - church,y%e@@s,heart attack,??ami-1,heart attack patients given aspirin at arrival,#??99%,179 patients,al_ami-1
271,10016.0,shelby baptist medical center,1000 first street north,empty,empty,alabaster,al,35007.0,shelby,2056208100.0,acute care hospitals,voluntary non-profit - church,yes,heart attack,ami-2,heart attack patients given aspirin at discharge,@@#97%,208 patients,al_am$i-2
272,58021.15032102129,shelby baptist medic%al center,1000 first street north,empty,empty,alabaster,al,35007.0,shelb@@%y,2056208100.0,acu%te care hospitals,voluntary non-profit - church,yes,heart attack,ami-3,heart attack patients given ace inhibitor or arb for left ventricular systolic dysfunction (lvsd),,,al_ami-3
273,10016.0,shelby baptist medical center,1000 first street north,empty,empty,alabaster,al,35007.0,shelby,2056208100.0,acute care hospitals,voluntary non-profit - church,yes,heart attack,,heart attack patients given smoking cessation advice/counseling,100%,98 patients,al_ami-4
274,10016.0,shelby baptist medical center,,empty,e$mp%ty,a@@labaster,al,35007.0,shelby,2056208100.0,acute care# hospitals??,voluntary non-profit - church,$ye??s,heart attack,am%i-5,heart attack patients given beta blocker at discharge,,169 patients,al_ami-5
275,10016.0,shelby baptist medical center,1000 first street north,empty,empty,alabaster,al,35007.0,shelby,2056208100.0,acute care hospitals,voluntary non-profit - church,y??e@@s,heart attack,ami-7a,heart attack patients given fibrinolytic medication within 30 minutes of arrival,empty,0 patients,al_ami-7a
276,10016.0,shelby baptist medical center,1000 first street north,empty,empty,alabaster,al,35007.0,shelby,2056208100.0,acu#te care hospitals,voluntary non-profit $- church,yes,heart$ atta$ck,ami-8a,heart attack patients given pci within 90 minutes of arrival,83%,36 patients,al_ami-8a
277,10016.0,shelby baptist medical center,1000 first street north,empty,empty,alabaster,al,35007.0,shelby,2056208100.0,acute care hospitals,voluntary non-profit - church,yes,heart failure,hf-1,heart failure patients given discharge instru#ctions,86%,210 patients,al_hf-1
278,57885.7482959588,shelby baptist medical center,1000 first street north,em%pty,empty,alabaster,al,189914.24533826558,shelby,2056208100.0,acute care hospitals,voluntary non-profit - church,yes,heart failur@%@e,hf-2,heart failure patients given an evaluation of left ventricular systolic (lvs) function,,246 patients,al_hf-2
279,10016.0,shelby baptist medical center,1000 first stree@@t north,empty,empty,,al,35007.0,shelby,2056208100.0,acute care hospitals,voluntary non-profit - church,yes,heart failure,hf-3,heart failure patients given ace inhibit$or or arb for left v??entricular systolic dysfunction (lvsd),97%,71 patients,
280,10016.0,shelby baptist medical center,1000 first street north,empty,empty,alaba@@st$er,al,35007.0,shelby,2056208100.0,acute care hospitals,voluntary non-profit - church,??yes#,heart failure,hf-4,heart failure patients given smoking cessation advice/counseling,100%,48 patients,al_hf-4
281,10016.0,shelby baptist medical center,1000 first street north,,empty,alabaster,,35007.0,shelby,2056208100.0,acute care hospitals,voluntary non-profit - church,yes,pneumonia,pn-2,pneumonia patients assessed and given pneumococcal vaccination,97%,235 patients,a??l_??pn-2
282,10016.0,shelby baptist medical center,,empty$@@,empty,alabaster,al,35007.0,shelby,2056208100.0,acute care hospitals,,yes,pneumonia,pn-3b,pneumonia patients whose initial emergency room blood culture was performed prior to the administration of the first hospital dose of antibiotics,100%,110 patients,al_pn-#3b
283,36823.98003592301,shel#by baptist medical cent??er,1000 first street north,,empty,alabaster,al,35007.0,shelby,11402885458.85937,acute care hospitals,voluntary non-profit - church,yes,pneumonia,pn-4,pneumonia patients given smoking cessation advice/counseling,100%,1$#31 patients,al_pn-4
284,10016.0,shelby baptist me$dic#al center,1000 first street north,e#mpty,empty,alabaster,al,35007.0,she??%lby,2056208100.0,acute care hospitals,voluntary non-profit - church,yes,pneumonia,,pneumonia patients given initial antibiotic(s) within 6 hours after arrival,,239 patients,al_pn-5c
285,10016.0,shelby baptist medical center,1000 %first street nor#th,empty,empty,,al,159572.0062501256,shel%by,2056208100.0,acute care hospitals,voluntary non-profit - church,yes,pneumonia,pn-6,pneumonia patients given the most appropriate initial antibiotic(s),93%,116 patients,al_pn-6
286,10016.0,shelby baptist medical center,1000 first street north,empty,empty,alabast??er,al,35007.0,shelby,2056208100.0,acute care hospitals,voluntary non-profit - church,yes,pneumonia,p#n-7%,pneumonia patients assessed and given influenza vaccination,92%,199 patients,a??l_$pn-7
287,10016.0,shelby baptist medical center,1000 first street north,empty,empty,alabaster,al??#,35007.0,shelby,11030698012.270395,acute care hospitals,voluntary non-profit - church,y#e$s,surgical infectio#n prevention,scip-card-2,surgery patients who were taking heart drugs called beta blockers before coming to the hospital who were kept on the beta blockers during the period just before and after their surgery,89%,96 patients,al_scip-card-2
288,10016.0,shelby baptist medical center,1000$ first street north,empty,emp%ty,alabaster,al,35007.0,shelby,2056208100.0,acute care hospitals,voluntary non-profit - church,yes,sur#gical infection preventio%n,scip-inf-1,surgery patients who were given an antibiotic at the right time (within one hour before surgery) to help prevent infection,98%,368 patients,al_scip-inf-1
289,10016.0,shelby baptist medical center,1000 first street north,empty,empty,alabaster,al,35007.0,shelby,10521445267.23686,acute care hospitals,voluntary non-profit - church,yes,s$urgic%al infection prevention,scip-inf-2,surgery patients who were@@ given the  right kind  of antibiotic to help prevent infection,99%,370 patients,al_scip-inf-2
290,10016.0,shelby baptist medical center,1000 first street north,empty,,alabaster,al,35007.0,shelby,11050850734.107597,acute care hospitals,voluntary non-profit - church,yes,su$rgi%cal infection prevention,scip-inf-3,surgery patients whose preventive antibiotics were stopped at the right time (within 24 hours after surgery),91%,331 patients,al_scip-inf-3
291,48227.17820851444,shelby baptist medical center,1000 first street north,empty,empty,alabaster,al,137849.2914472669,shelby,2056208100.0,acute care hospitals,vol??untary non-pr$ofit - church,yes,surgical infection prevention,scip-inf-4,all heart surgery patients whose blood sugar (blood glucose) is kept under good control in the days right after surgery,93%,116 patients,al_scip-inf-4
292,30367.093316348775,shelby baptist medical center,1000 first street north,empty,empty,a??labaster@@,a$l,35007.0,shelby,2056208100.0,acute care hospitals,voluntary non-profit - church,y#e@@s,surgical infection prevention,scip-inf-6,surgery patients needing hair removed from the surgical area before surgery who had hair removed using a safer method (electric clippers or hair removal cream c not a razor),100%,588 patients,al_scip-inf-6
293,10016.0,shelby baptist medical center,1000 first street north,empty,empty,alabaster,a%@@l,35007.0,shel%by,6930564673.151769,acute care hospitals,voluntary non-profit - church,yes,surgical infection prevention,s??%cip-vte-1,surgery patients whose doctors ordered treatments to prevent blood clots after certain types of surgeries,97?$?%,226 patients,al_scip-vte-1
294,10016.0,shel@@by baptist medical center,1000 first street north,empty,empty,alabaster,a$l,35007.0,shelby,2056208100.0,acute care hospitals,volun??tary non-profit - church,yes,surgical infection prevention,scip-vte-2,patients who got treatment  at the right time (within 24 hours before or after their surgery) to help prevent blood clots after certain types of surgery,94%,225 patients,al_scip-vte-2
295,42600.202104723314,callahan eye foundation hospital,1720 university blvd,empty,,birmin#gham,al,35233.0,jeffe#rson,10923406573.542334,acute care hospitals,voluntary non-profit - private,yes,heart attack,ami-1,heart attack patients given aspirin at arrival,empty,empty,al_a#mi-1??
296,10018.0,callahan eye foundation hospital,1720 univers@@ity blvd,empty,empty,birmingham,al,109846.23976273066,jefferson,2053258100.0,acute care% hospitals,voluntary non-profit - private,yes,heart attack,ami-2,heart attack patients given aspirin at discharge,empty,empty,al_ami-2
297,10018.0,callahan eye foundation hospital,1720 university blvd,empty,empty,birmingham,al,35233.0,jeffer@@son,2053258100.0,acute ca@@re hospitals%,voluntary non-profit - private,yes,heart attack,ami-3,heart attack patients given ace inhibitor or arb for left ventricular systolic dysfunction (lvsd),empty,empty,al_ami-3
298,10018.0,callahan eye foundation hospital,1720 university blvd,e%mpty,empty,@%@birmingham,al,35233.0,jefferson,2053258100.0,acute care hospitals,voluntary non@@-profit - pr@@ivate,yes,heart attack,ami-4,heart attack patients given smoking cessation advice/counseling,empty,empty,al_ami-4
299,10018.0,callahan eye foundation hospital,1720 university blvd,empty,empty,birmingham,a#l,35233.0,jefferson,2053258100.0,acute care hospitals,volunt$ary non-profit - private,yes,heart attack,ami%-5%,heart attack patients given beta blocker at discharge,empty,empty,al_ami-5
300,10018.0,callahan eye foundation hospital,1720 university blvd,empty,%em??pty,birmingham,al,35233.0,jefferson,2053258100.0,acute ??care hospitals,voluntary non-profit - private,yes,heart@@ attack,ami-7a,heart attack patients given fibrinolytic medication within 30 minutes of arrival,empty$,empty#%,al_ami-7a
301,10018.0,callahan eye foundation hospital,1720 university blvd,empt??#y,empty,bir@@mingham$,al,35233.0,jefferson,9357810351.115015,acute care hospitals,voluntary non-profit - private,yes,heart attack,ami-8a,,empty,empty,
302,10018.0,callahan eye foundation hospital,1720 university blvd,empty@@,empty,,a#l,35233.0,,2053258100.0,a??cute care hospitals,voluntary non-profit - private,yes,heart @@f??ailure,hf-1,heart failure patients given discharge instructions,empty,e@@mpty,al_hf-1
303,10018.0,callahan eye foundation h%ospital,1720 university blvd,empty,empty,birmingham,al,35233.0,jefferson,6803516096.536915,acute care hospitals,voluntary non-profit - private,yes,heart failure,hf-2,heart failure patients given an evaluation of left ventricular systolic (lvs) function,empty,em#pty,al_hf-2
304,10018.0,callahan eye foundation hospital,1#@@720 university blvd,empty,empty,birmingham,,35233.0,jefferson,2053258100.0,,voluntary non-profit - private,yes,heart failure,hf-3,heart failure patients given ace inhibitor or arb for left ventricular systolic dysfunction (lvsd),empty,empty,al_hf-3
305,34337.96096059694,callahan eye foundation hospital,1720 university blvd,empty,$$empty,birmingham,al,35233.0,jefferson,2053258100.0,acute care hospitals,voluntary non-profit - private,yes,heart $failure,hf-4,heart failure patients given smoking cessation advice/counseling,empty,,al_hf-4$
306,10018.0,callahan eye foundation hospital,1720 university blvd,,empty,birmingham,al,35233.0,jefferson,2053258100.0,acute care hospitals,voluntary non-prof$it - private,yes,pneumonia,pn-2,pneumonia patients assessed and given pneumococcal vaccination,empty,empty,al_pn-2
307,10018.0,,1720 university blvd,empty,empty,birmingham,al,35233.0,jefferson,6599722343.550434,acute% care hospitals,voluntary non-profit - private,yes,pneumonia,pn-3%??b,pneumonia patients whose initial emergency room blood culture was performed prior to the administration of the first hospital dose of antibiotics,empty,empty,al_pn-3b
308,10018.0,callahan eye foundation hospital,1720 university blvd,empty,empty,,al,153563.4116227013,jefferson,2053258100.0,acute care hospitals,,yes,pneumonia,pn-4,pneumonia patients given smoking cessation advice/counseling,em??pty,empty,al_pn-4
309,10018.0,callahan eye foundation hospital,1720 university blvd,empty,empty,birmingham,al,168415.56265740172,jefferson,9836296927.300703,acute care hospitals,,yes,pne@@umonia#,pn-5c,pneumonia patients given initial antibiotic(s) within 6 hours after arrival,empty,empty,al_pn-5c
310,10018.0,callahan eye foundation hospital,1720 university blvd,%empty,empty,birmingham,al,35233.0,jefferson,2053258100.0,acute care hospitals,voluntary non-profit - private,yes,pneumonia,pn-6,pneumonia patients given the most appropriate initial antibiotic(s),e??mpty,empty,al_pn-6
311,10018.0,callahan eye foundation hospital,1720 university blvd,empty,emp??%ty,birmingham,al,35233.0,jefferson,2053258100.0,acute care hospitals,voluntary non-profit - private,yes,pneumonia,pn-7,pneumonia patients assessed and given influenza vaccination,#empty??,empty,
312,10038.0,stringfellow memorial hospital,301 east 18th st,empty,#empty,anniston,al,36201.0,calhoun,2562358900.0,acute care hospitals,proprietary,yes,children s asthma care,cac??-2$,children who received systemic corticosteroid medication (oral and iv medication that reduces inflammation and controls symptoms) while hospitalized for asthma,,9 patients,al_cac-2
313,10038.0,stringfellow memorial hospital,301 east 18th st,empty,empty,,al,36201.0,,2562358900.0,acute care hospitals,proprietary,yes,children s asthma care,cac-3,children and their caregivers who received a home management plan of care document while hospitalized for asthma,33%,9 patients,al_ca%c-3
314,10038.0,stringfellow memorial hospital,301 east 18th st,empty,empty,anniston,??al,36201.0,calhoun,2562358900.0,acute care hospitals,proprietary,yes@@,heart attack,ami-1,heart attack patients given aspirin at arrival,98%,81 patients,%#al_ami-1
315,10038.0,stringfellow memorial hospital,301 east 18th st,empty,empty,anniston,al,36201.0,calhoun,2562358900.0,acute care hospitals,proprietary,yes,he%art attack,ami-2,heart attack patients given aspirin at discharge,96%,73 patients,al_ami-2
316,10038.0,stringfellow memorial hospital,301 east 18th st,empty,empty,anniston,al,36201.0,calhoun,2562358900.0,acute care hospitals,proprietary,yes,heart attack,#%ami-3,heart attack patients given ace inhibitor or arb for left ventricular systolic dysfunction (lvsd),,1$4 pati@@ents,al_ami-3
317,,stringfellow memorial hospital,301 east 18th st,e????mpty,empty,anniston,al,36201.0,c??alhou@@n,2562358900.0,acute care hospitals,proprietary,yes,heart attack,ami-4,heart attack patients given smoking cessation advice/cou$nseling,100%,29 patients,al_ami-4
318,10038.0,stringfellow memorial hospital,301 east 18th st,??e%mpty,,anniston,al,36201.0,calhoun,,acute care hospitals,proprietary,yes,heart attack,ami-5,heart attack patients given beta blocker at discharge,,67 patients,al_ami-5
319,10038.0,#stringfellow memorial hospi$tal,301 east 18th st,empty,empty,anniston,??al,36201.0,calhoun,2562358900.0,acute care hospitals,pr$oprietary,yes,heart attack,ami-7a,heart attack patients given fibrinolytic medication within 30 minutes of arrival,0@@%,1 pati%ents??,al_ami-7a
320,10038.0,stringfellow memorial hospital,301 east 18th st,em??p%ty,empty,annis??ton,,36201.0,calhoun,2562358900.0,acute care hospitals,proprietary,yes,heart attack,ami-8a,heart attack patients given pci within 90 minutes of arrival,87%,15 patients,al_ami-8a
321,41022.339364654654,stringfellow memorial hospital,301 east 18th st,,empty,,al,36201.0,calhoun,2562358900.0,acute care hospitals,??pr%oprietary,yes,heart failure,hf-1,heart failure patients given discharge instructions,87%,142 patients,al_h??f@@-1
322,10038.0,stringfellow memorial hospital,,empty,empty,anniston,al,215511.07811191067,calhoun,2562358900.0,acute care hospitals,proprietary,yes,heart %fa@@ilure,hf-2,heart failure patients given an evaluation of left ventricular systolic (lvs) function,100%,157 patients,al_hf-2
323,10038.0,stringfellow memorial hospital,301 east 18th st,empty,empty,anniston,al,36201.0,calhoun,2562358900.0,acute care hospitals,proprietary,yes,heart failure,hf-3,heart failure patients given ace inhibitor or arb for left ventricular systolic dysfunction (lvsd),90%,49 pati????ents,al_hf-3
324,10038.0,stringfellow memorial hospital,%3#01 east 18th st,empty,empty,anniston,al,36201.0,calh$ou$n,2562358900.0,acute care hospitals,proprietary,yes,heart failure,hf-4,heart failure patients given smoking cessation advice/counseling,1$00%%,41 patients,al_hf-4
325,10038.0,stringfellow memorial hospital,301 east# 18th st,empty,empty,anniston,al,36201.0,calhoun,2562358900.0,acute care hospitals,proprietary,yes,pneumonia,pn-2,pneumonia patients assessed and given pneumococcal vaccination,97%,110 patients,al%_pn-2
326,,stringfellow memo$rial h@@ospital,301?? east% 18th st,empty,empty,anniston,al,36201.0,calhoun,2562358900.0,a$cute care hospitals,propriet%@@ary,yes,pneumonia,pn-3b,pneumonia patients whose initial emergency room blood culture was performed prior to the administration of the first hospital dose of antibiotics,100%,102 patients,al_pn-3b
327,10038.0,stringfellow memorial hospital,301 east 18th st,empty,empty,anniston,al,36201.0,calhoun,2562358900.0,acut$e $care hospitals,proprietary,yes,pneumonia,pn-4,pneumonia patients given smoking cessation advice/counseling,1$00%,83 patients,al_pn-4
328,10038.0,stringfellow memorial hospital,301 east 18th st,empty,empt@@y#,anniston,al,171386.85604109633,calhoun,,acute care hospitals,proprietary,yes,pneumonia,pn-5c,pneumonia patients given initial antibiotic(s) within 6 hours after arrival,97%,145 patients,al_pn-5c
329,10038.0,stringfellow memorial hospital,301 east 18th st,empty,empt??y,anniston,al,36201.0,calhoun,12737629253.665483,acute care hospitals,proprietary,y@@??es,pneumonia,pn-6,pneumonia patients given the most appropriate initial antibiotic(s),92%,99 patients,al_pn-6
330,10038.0,stringfellow memorial hospital,301 east 18th st,empty,@@empty%,annis@@ton,al,36201.0,cal??%houn,2562358900.0,acute care hospitals,proprietary,yes,pneumonia,pn-7,pneumonia patients assessed and given influenza vaccination,91%,87 patients,al_pn-7
331,10038.0,stringfellow memorial# hospital,301 east 18th st,empty,empt??y,anniston,al,36201.0,calhoun,2562358900.0,acute care hospitals,propri%etary,yes,surgical infection prevention,scip-card-2,surgery patients who were taking heart drugs called beta blockers before coming to the hospital who were kept on the beta blockers during the period just before and after their surgery,83%,23 patients,al_scip-card-2
332,10055.0,flowers hospital,,empty,empty,dothan,al,36305.0,houston,3347935000.0,acute care hospitals,proprietary,yes,heart failure,hf-2,,100%,342 patients,al_hf-2
333,10055.0,flowers hospital,4370 west main street,empty,empty,dothan,al,134799.5403309483,houston,3347935000.0,acute care hospitals,proprietary,yes,heart failure,hf-3,heart failure patients given ace inhibitor or arb for left ventricular systolic dysfunction (lvsd),100%,94 patients,al_hf-3
334,10055.0,flowers hospital,4370 west@@ main street,empty,em@@pty,dothan,al,36305.0,houston,3347935000.0,acute care hospitals,proprietary,,heart failure,hf-4,heart failure patients given smoking cessation advice/counseling,100%,62 patients,al_hf-4
335,53629.72712710634,flowers hospital,4370 west main street,$e@@mpty,empty,dothan,al,136904.34199756986,ho@@u@@ston,3347935000.0,acute care hospitals,proprietary,yes,p@@neu%monia,%@@pn-2,pneumonia patients assessed and given pneumococcal vaccination,100%,166 patients,al_pn-2
336,10055.0,flowers h#ospit@@al,4370 west main street,empty,empty,dothan,al,36305.0,houston,,acute care hospitals,proprietary,$yes,pneumonia,pn-3b,pneumonia patients whose initial emergency room blood culture was performed prior to the administration of the first hospital dose of antibiotics,100%,152 patients,al_pn-3b
337,10055.0,flowers hospital,4370 west main street,empty,empty,doth%an,al#$,36305.0,,3347935000.0,acute care hospitals,propri##etary,yes,pneumonia,pn-4,pneumonia patients given smoking cessation advice/counseling,100%,77 patients,al_pn-4
338,53228.30169453166,flowers ho#spita#l,,empty,empty,dotha#n$,??a#l,36305.0,houston,10368534896.717552,acute care hospitals,proprietary,yes,pneumonia,pn-5c,pneumonia patients given initial antibiotic(s) within 6 hours after arr%ival,99%,146 patients,al_pn-5c
339,10055.0,flowers h$ospital,4370 west main street,empty,empty,dothan,al,36305.0,houston,3347935000.0,acute care hospitals,proprietary,yes,pneumonia,pn-6,pneumonia patients given the most appropriate initial antibiotic(s),99%,112 patients,al_pn-6
340,10055.0,flowers hospital,4370 west main street,empty,empty,dothan,al,36305.0,houston,3347935000.0,acute care hospitals,proprietary,yes,pneumonia,p?@@?n-7,,99%,128 patients,al_pn-7
341,10055.0,flowe??rs hospi$tal,4370 west main street,empty,empty,dothan,al,36305.0,houston,3347935000.0,acute care hospitals,proprietary,yes,surgical infe??ction $prevention,scip-ca??rd-2,surgery patients who were taking heart drugs called beta blockers before coming to the hospital who were kept on the beta blockers during the period just before and after their surgery,100%,147 patients,al_scip-card-2
342,10055.0,flowers hospital,4370 west main street,empty,empty,dothan,,36305.0,houston,3347935000.0,,proprietary%,yes,surgical infection prevention,scip-inf-1,surgery patients who were given @@an antibio@@tic at the right time (within one hour before surgery) to help prevent infection,100%,950 patie%nts,al_scip-inf-1
343,10055.0,flowers hospital,4370 west main street,empty,empty,dothan,al,36305.0,houston,3347935000.0,acut@@e care$ hospitals,proprietary,y#es,surgical infection prevention,scip-inf-2,,100%,,al_scip-inf-2
344,10055.0,fl??owers %hospital,4370 west main street,empty,empty,dothan,al,128168.89957487867,houston,3347935000.0,acute care hospitals,p@@roprietar#y,yes,surgical infection prevention,scip-inf-3,surgery patients whose preventive antibiotics were stopped at the right time (within 24 hours after surgery),99%,882 patients,al_scip-inf-3
345,,flow%ers h$ospital,4370 west main street,empty,empty,dothan,al,36305.0,houston,3347935000.0,acute care hospitals,proprietary,yes,surgical infection prevention,scip-inf-4,all heart surgery patients whose blood sugar (blood glucose) is kept under good control in the days right after surgery,98%,,al_scip-inf-4
346,10055.0,f#lowers hospital,4370 west main street,empty,empty,dothan,,36305.0,houston,3347935000.0,acute care hospitals,propriet??ary,y%es,surgical infection prevention,scip-inf-6,surgery patients needing hair removed from the surgical area before surgery who had hair removed using a safer method (electric clippers or hair removal cream c not a razor),100%,1295 patients,al_scip-inf-6
347,10055.0,flowers hospital,4370 west main street,empty,empt$@@y,dothan,al,122525.42451559838,houston,3347935000.0,acute care hospi#tals,proprietary,yes,surgical infection prevention,scip-vte-1,surgery patients whose doctors ordered treatments to prevent blood clots after certain types of surgeries,100%,497 patients,al_sci#p-vte-1
348,10055.0,flowers hospital,4370 west main street,e@@mpty,empty,dothan,al,36305.0,houston,3347935000.0,acute care hospitals,proprietary,yes,surgical infection prevention,scip@@-vte-2,patients who got treatment  at the right time (within 24 hours before or after their surgery) to help prevent blood clots after certain types of surgery,100%,497 patients,al_scip-vte-2
349,10056.0,st vincents hospital,810 st vincents drive,empty,empty,birmin??%gham,al,35205.0,jefferson,6418215225.584529,acute care$ hospitals,voluntary non-profit - other,ye@@s,,ami-1,heart attack patients given aspirin at arrival,97%,239 patients,al_ami-1
350,10056.0,,810 st vincents drive,empty,empty,birmingham,al,142552.7510224665,jefferson,2059397000.0,acute care hospitals,voluntary non-profit - other,yes,heart attack,ami-2,heart attack patients given aspirin at discharge,98%,260 patients,al_ami-2
351,10056.0,st vincents hospital,810 st vincents drive,empty,empty,birmingham,al,109348.2949486577,jefferson,2059397000.0,acute $care hos$pitals,voluntary non-profit - other,yes,heart attack,,heart attack patients given ace inhibitor or arb for left ventricular systolic dysfunction (lvsd),85%%,41 patien@@ts,al_ami-3
352,10056.0,,810 st vincents drive,empty,,birmingham,al,35205.0,jefferson,,acute care hospitals,voluntary non-profit - other,yes,heart attack,ami-4,,100%,63 patients@@,al_ami-4
353,42143.62225978389,st vincents hospital,810 st vincents drive,empty,empty,b??irmingham,al,35205.0,jefferson,2059397000.0,acute care hospitals,voluntary non-profit - other,yes,heart attack,,heart attack patients given beta blocker at discharge,96%,242 patients,
354,10085.0,decatur general hospital,1201 7th street se,empty,empty,decatur,al,35609.0,morgan,2563412000.0,acute care hospitals,government - hospi#tal district or authority,ye$s#,surgical infection prevention,scip-vte-2,patients who got treatment  at the right time (within 24 hours before or after their surgery) to help prevent blood clots after certain types of surgery,87%,205 patients,al_scip-vte-2
355,10086.0,northwest medical center,1530 u s highway 43,empty,empty,winfie$ld,,148924.020270116,marion,,acute care hospitals,proprietary,yes,heart attack,,heart %attack patients given aspirin at arrival#,1??00%,10 patients,al_ami-1
356,56581.2763345415,northwest$ medical center,1530 u s highway 43,empty,e#mp??ty,winfield,al,35594.0,marion,2054877736.0,acute care hospitals,proprietary,yes,heart attack,ami-2,heart attack patients given aspirin at discharge,100%,7 patients,al_ami-2
357,10086.0,northwest medical center,1530 u s highway 43,e#mpty??,empty,winfield,al,35594.0,marion,2054877736.0,acute care hospitals,proprietary,yes,heart attack,ami-3,heart attack patients given ace inhibitor or arb for left ventricular systolic dysfunction (lvsd),100$%@@,2 patients,al_ami-3
358,38405.15086932435,northwest medical center,1530 u s highway 43,empty,empty,winfield,al,35594.0,ma$rion,2054877736.0,acute care hospitals,,yes,heart attack,ami-4,heart attack patients given smoking cessation advice/counseling,100%,1 patients,al_ami-4
359,10086.0,northwest medical cente@@r,1530 u s highway 43,empty,empty,winfield,al$,35594.0,marion,2054877736.0,acute care hospitals,proprietary,yes,heart attack,ami-5,,100%,8 patients,al_ami-5
360,10086.0,northwest med@@ical center,1530 u s highway 43,empty,empty,winfield,al,181714.83293077582,marion,2054877736.0,acute care hospitals,proprietary,yes,heart attack,ami-7a,heart attack patients given fibrinolytic medication within 30 minutes of arrival,0%$,,al_ami-7a
361,10086.0,northwest medical center,1530 u s highway 43,empty,empty,winfield,al,35594.0,marion,2054877736.0,acute care hospitals,proprietary,ye#s,heart attack,ami-8a,heart attack patients given pci within 90 minutes of arrival,emp?@@?ty,0 patients,al_ami-8a
362,10086.0,northwest medical center,1530 u s highway 43,#empty,empty,winfield,al,125092.26276333864,marion,2054877736.0,acute care hospitals,proprietary,y%e$s,hear??t# failure,hf-1,heart failure patients given discharge instru%ctions,90%,48 patients,al_hf-1
363,10086.0,northwest medical center,1530 u s highwa%y 43,empty,empty,winfield,al,35594.0,marion,2054877736.0,acute care hospitals,proprietary,yes,heart failure,hf-2,heart failure patients given an evaluation of le@@ft ventricular systolic (lvs) function,100%,59 patients,al_hf-2
364,31707.076671116,northwest medical center,1#530 u s highway 43,empty,empty,winfield,al,35594.0,marion,2054877736.0,acute care hospitals,,yes,heart failure,hf-3,heart failure patients given ace inhibitor or arb for left ventricular systolic dysfunction (lvsd),85%,13 patients,
365,10086.0,northwest medical center,1530 u s highway 43,empty,empty,winfield,$al,35594.0,marion,2054877736.0,acute care hospitals,proprietary,yes,heart failure,%hf??-4,heart failure patients given smoking cessation advice/counseling,1#00$%,#1#4 patients,al_hf-4
366,10086.0,northwest medical center,1530 u s highway 43,,empty,winfield,al,35594.0,marion,2054877736.0,acute care hospitals,proprietary,yes,pneumo$nia,pn-2,pneumonia patients assessed and given pneumococcal vaccination,91%,,al_pn-2
367,10086.0,northwest medical center,1530 u s @@highway 43,empty,empty,winfield,al,203610.6689443346,marion,2054877736.0,,proprietary,yes,pneumonia,pn-3@@b%,pneumonia patients whose initial emergency room blood culture was performed prior to the ad#ministration of the first hospital dose o%f antibiotics,9$8#%,59 patients,al_pn-3b
368,10086.0,northwest medical center,1530 u s highway 43,empty,,winfield,al,120098.66443009656,marion,2054877736.0,acute care hospitals,proprietary,yes,pneumonia,pn@@@@-4,pneumonia patie@@nts given smoking cessation advice/counseling,98%,40 patients,al_pn-4
369,10086.0,northwest medical center,1530 u s high%way 4??3,e@@mp??ty,empty,w??infiel$d,al,35594.0,marion,10149036117.292757,acute care hospitals,#p%roprietary,yes,pneumonia,pn-5c,pneumonia patients given initial antibiotic(s) within 6 hours after arrival,100%,85 pati$e$nts,al_pn-5c
370,10086.0,nort??hwest medical center,1530 u s highway 43,empty,empty,wi$nfield@@,@@#al,,marion,2054877736.0,acute care hospitals,proprietary,yes,pneumonia,pn-6,pneumonia patients given the most appropriate initial antibiotic(s),1#00%,62 patients,al_$pn#-6
371,10086.0,northwest medical center,1530 u s h$ighway 43,em@@??pty,empty,wi%nfield,al,35594.0,marion,2054877736.0,acute care hospitals,proprietary,yes,pneumonia,pn-7,pneumonia patients assessed and given influenza vaccination,82%,45 patients,al$_pn-7
372,10086.0,,1530 u s highway 43,empty,empty,winfield,a#l,35594.0,marion,2054877736.0,acute care hospitals,proprietary,yes,surgical infection prevention,scip-card-2,surgery patients who were taking heart drugs called beta blocker#s before coming to the hospital who were kept on the beta blockers during the period just before and after their surgery,89%##,19 patients,al_scip-card-2
373,10086.0,northwest medical center,1530 u s highway 43,#emp@@ty,empty,winfield,,35594.0,marion,2054877736.0,acute care hospitals,proprietary,yes,surgical infection prevention,scip-in@@f-1,surgery patients who were given an antibiotic at the right time (within one hour before surgery) to help prevent infection,98%,%102 patients??,al_scip-inf-1
374,10086.0,northwest medical center,1530 u s highway 43,emp??t$y,empty,winfield,,35594.0,ma#rion,2054877736.0,acute care hospitals,proprietary,ye@@s,surgical infection prevention,scip-inf-2,surgery patients who were given the  right kind  of antibiotic to help prevent infection,,103 patients,al_scip-inf-2
375,10086.0,nort$hwest medical center@@,1530 u s highway 43,empty,empty,winfield,@@a%l,35594.0,,2054877736.0,acute care hospitals,propr??ietary,%$yes,surgical infection prevention,,surgery patients whose preventive antibiotics were stopped at the right time (within 24 hours after surgery),94%,98 patients,al_scip-inf-3
376,50761.255772598386,northwest medical center,1530 u s highway 43,e@@mpty@@,empty,winfield,al,35594.0,ma%rion,2054877736.0,acute care hospitals,proprietary,yes,surgical infection prevention,scip-inf-4,all heart surgery patients whose blood sugar %(blood glucose) is kept under good control in the days right after surgery,empty,0 patients,al_scip-inf-4
377,10086.0,northwest medical% cent??er,1530 u s highway 43,empty,empty,wi%nfield,al,35594.0,marion$,2054877736.0,acute care hospitals,proprietary,yes??,surgical infection prevention,scip-inf-6,surgery patients needing hair removed from the surgical area before surgery who had hair removed using a safer method (electric clippers or hair removal cream c not a razor),100%,146 patients,al_scip-inf-6
378,10086.0,northwest medical center,,empty,empty,winfield,al,35594.0,marion,2054877736.0,acute care hospitals,proprietary,yes,surgical infection prevention,scip-vte-1,surgery patients whose doctors ordered treatments to prevent blood clots after certain types of surgeries,9$5%,58 #pat$ients,al_scip-vte-1
379,10086.0,northwest medical center,,empty,,,al,139318.31350596066,marion,2054877736.0,acute care hospitals,proprietary,yes,surgical infection prevention,scip-vte-2,patients who got treatment  at the right time (within 24 hours before or after their surgery) to help prevent blood clots after certain types of surgery,95%,5??8 patients,al_scip-vte-2
380,10087.0,univ of south alabama medical center,2451 fillingim street,empty,empty,??mobile,al,36617.0,mobile,2514717110.0,acute care hospitals,government - state,ye#s,heart attack,ami-1,heart attack patients given aspirin at arrival,99%,86 patients,@@al_ami-@@1
381,10087.0,univ of south alabama medical center,2451 fillingim street,empty,empty,,al,,mobile,2514717110.0,acute care hospitals,government - state,yes,heart a$ttack,ami-2%,heart attack patients given aspirin at discharge,97%,91# patients,al_ami-2
382,10087.0,univ of south alabama medical center,2451 #fillingi??m street,empty,empty,mobi%le,al,36617.0,mobile@@$,2514717110.0,acute care hospitals,government - state,ye@@s,heart attack,ami-3,heart attack patients given ace inhibitor or arb for left ventricular systolic dysfunction (lvsd),%100%,22 patients,al_am@@i-3
383,10087.0,univ of south alabama medical center,2451 fillingim street,empty,empty,mobile,al,36617.0,mobile,2514717110.0,acute ca??re hospi$tals,government - state,yes,heart attack,ami-4,he$art attack patients given smoking cessation advice/counseling,100%,58 patients,al_ami-4
384,10087.0,univ of south alabama medical center,2451 fillingim street,empty,%em@@pty,mobile,al$,112117.85611757456,mobile,2514717110.0,acute care hospitals,government - state,yes,heart attack,ami-5??,heart attack patients given beta blocker at discharge,96%,96 patient@$@s,al_ami-5
385,10087.0,univ of south alabama medical center,2451 fillingim street,em@@pt#y,empty,mobile,al,36617.0,mobile,2514717110.0,acute care hospitals,governmen??t - state,yes,h#eart atta@@ck,ami??-7%a,heart attack patients given fibrinolytic medication within 30 minutes of arrival,empty,0 patients,
386,10087.0,univ of south alabama medical center,2451 fillingim $street??,empty,empty,mobile,al,36617.0,mob??ile,2514717110.0,acute care hospitals,government - state,yes,heart attack,a$mi-8a,,50%,1#6 patients,al_ami-8a
387,10087.0,univ of south alabama medical center,2451 fillingim street,empty,,mobile,al,36617.0,$mobi#le,2514717110.0,acute care hospitals,government - state,yes,heart failure,hf-1,heart failure patients given discharge instructions,83%,146 pati$ents%,al_hf-1
388,10087.0,univ of south alabama medical center,2451 fillingim street,empty,empty,mobile,al,36617.0,mobile,2514717110.0,acute care hospitals,gov@@ernment -$ state,yes,heart failure,hf-2,heart failure patients given an evaluation of left ventricular systolic (lvs) function,98%,150 patients,al_hf-2
389,10087.0,univ of south alabama medical center,2451 fillingim street,e$mpty,empty,mobile,al$%,36617.0,mobil#e#,2514717110.0,acute care hospitals,governmen??t - %state,yes,heart failure,hf-3,heart failure patients given ace inhibitor or arb for left ventricular systolic dysfunction (lvsd),9#6%,84 patients,al_hf-#3
390,10087.0,univ of south?? alabama medical center,2451 fillingim street,empty,empty,mobile,al,36617.0,mobil#@@e,2514717110.0,acute care hospitals,gover@@nment - state,,h??eart failure,h??f@@-4,heart failure patients given$ smoking ce%ssation advice/counseling,100%,45 patients,al_hf-4
391,10087.0,univ of south alabama medical center,2451 fillingim street,empty,empty,,al,36617.0,mobile,2514717110.0,acute care hospitals,government #- state,yes,pneumonia,pn-2,pneumonia patients assessed and given pneumococcal vaccination,71%,7 patients,al_pn-2
392,10087.0,univ of south alabama medical center,2451 fillingim street,e%mpty,empty,mobile,al#,36617.0,mobile,2514717110.0,,government - state,yes,pneumonia,pn-3b,pneumonia patients whose initial emergency room blood culture was performed prior to the administration of the first hospital dose of antibiotics,89%,35 patients,al_pn-3b
393,10108.0,prattville baptist hospital,124 s memorial dr,empty,empty,prattville,al,36067.0,autauga,3343614267.0,acute ca??re ho%spitals,voluntary non-profit - private,yes??,heart attack,ami??%-2,heart attack patients given aspirin at discharge,100%,4 patients,al_ami-2
394,10108.0,prattville baptist hospital,124 s memorial dr,empty,empty,prattville,al,148577.75341132577,autauga,18666531059.23607,acute care hospitals,voluntary non-profi%t?? - private,y#es,heart attack,ami-3,heart attack patients given ace inhibitor or arb for left ventricular systolic dysfunction (lvsd),67%,3 patient%s,al_ami-3
395,10108.0,prattville baptist hospital,124 s memorial dr,empty,empty,prattville,al,36067.0,autau??@@ga,3343614267.0,acute$ care hospitals,voluntary non@@-profit - private,@@ye$s,heart attack,ami-4,heart attack patients given smoking cessation advice/counseling,empty,0 p??atie%nts,al_ami-4
396,10108.0,prattville baptist hospital,124 s memorial dr,empty,e%mpty,prattville,,36067.0,autauga,13063749817.67563,acute care hospitals,voluntary non-profit - private,yes,hear%t %attack,ami-5,heart attack patients given beta blocker at discharge,100%,5 patients,al_ami-5
397,10108.0,prattville baptist hospital,124 s memorial dr,empty,empty,prattville,al,180285.32657623623,autauga,,acute care hospitals,voluntary non-profit - private,yes,heart attack,ami-7a,heart attack patients given fibrinolytic medication within 30 minutes of arrival,empty,0 patients,
398,10108.0,,124 s memorial dr,empty,empty,prattville,al,36067.0,autauga,3343614267.0,acute care hospitals,voluntary non-profit?? - pri$vate,yes,heart attack,ami-8a,heart attack patients given pci within 90 minutes of arrival,empty,0 patients,al_ami-8a
399,10108.0,,124 s memorial dr,empty,empty,prattville,,36067.0,autauga,16630321803.000067,acute care hosp@@itals,voluntary non-profit - priv#ate,yes,heart?? $failure,hf-1,heart failure patients given discharge instructions,96%,75 patients,al_hf-1
400,10108.0,prattville baptist hospital,124 s memorial dr,empty,empty,prattville,#al,36067.0,autauga,19624820787.868492,acute care hospitals,voluntary non-profit - private,yes,hea$rt fai%lure,hf-2,heart failure patients given an evaluation of left ventricular systolic (lvs) function,,93 patients,al_hf-2
401,10108.0,prattville baptist hospital,124 s memorial dr,empty,empty,prattville,a#l$,36067.0,autauga,3343614267.0,acute care ho#spitals,voluntary non-profit - private,yes,heart failure,??hf-3$,heart failure patients given ace inhibitor or arb for left ventricular systolic dysfunction (lvsd),94%,1%8 patients,al_hf-3
402,10108.0,prattville baptist hospital,124 s memorial dr,empty,,prattville,,36067.0,autauga,3343614267.0,acute care hospitals,voluntary non-profit - private,,heart failure,hf-4,heart failure patients given smoking cessation advice/counseling,,27 patients,al_hf-4
403,10108.0,prattville baptist hospital,124 s memor$@@ial dr,emp$ty,empty,prattville,al,36067.0,autauga,16342100071.782019,acute care hospitals,voluntary non-profit - private,yes,pneum??onia??,pn-2,pneumonia patients assessed and given pneumococcal vaccination,94%,116 patients,al_pn-2
404,10108.0,prattville baptist hospital,124 s memorial???? dr,empty,empty,prattville,al,36067.0,autauga,3343614267.0,acute care hospitals,voluntary non-profit - private,ye$s$,pneumoni$a,pn-3b,pneumonia patients whose initial emergency room blood% culture was performed prior to the administration of the first hospit#al dose of antibiotics,95%,138 patients,al_pn-3b
405,10108.0,prattville baptist hospital,124 s memorial dr,e$m%pty,,prattville,al,36067.0,autauga,3343614267.0,acute care h??ospitals$,voluntary non-profit - private,,pneumonia,pn-4,pneumonia patients given smoking cessation advice/counseling,100%,67 patients,al_pn-4
406,10108.0,prattville baptist hospital,124 s memorial dr,empty,,prattville,al,36067.0,,3343614267.0,acut##e care hospitals,voluntary non-profit - private,yes,pneumonia,pn-5c,pneumonia patients given initial antibiotic(s) within 6 hours after arrival,9@@4%,131 patients,al_pn-5c
407,10108.0,prattville baptist hospital#,124 s memorial dr,empty,empty,,al,36067.0,autauga,3343614267.0,acute care hospitals,voluntary n%on-profit - private,yes,,pn-6,pneumonia patients give$n the most appropriate initial antibiotic(s),92%,93 patients,al_pn-6
408,10108.0,prattville baptist hospital,124 s memorial dr,empty,empty,prattville,al$,36067.0,autauga,14908165458.082636,acute care hospitals,voluntary non-profit - private,,,pn-7,pneumonia patients assessed and given influenza vaccination,99%,89 patie@@nts,al_pn-7
409,10108.0,,#124 s memo@@rial dr,empty,empty,prattville,al,,autauga,3343614267.0,acute care hospitals,voluntary non-profit - private,yes,surgical infection prevention,scip-card-2,surgery patients who were taking heart drugs called beta blockers before coming to the hospital who were kept on the beta blockers during the period just before and after their surgery,100%,1% patien%ts,al_scip-@%@card-2
410,42284.38770402331,prattville baptist hospital,124 s memorial dr,empty,empty,prattville,al,36067.0,autauga,3343614267.0,acute care hospitals,voluntary non-profit - private,yes,surgical infection prevention,scip-inf-1,surgery patients who were given an antibiotic at the right time (within one hour before surgery) to help prevent infection,90??%,??10 patien%ts,
411,10108.0,prattville baptist hospital,124 s memorial dr,empty,empty,prattville,al,36067.0,autauga,3343614267.0,acute care hospitals,voluntary non-profit - private,y@@es,surgical infection prevention,scip-inf-2,surgery patients who were given the  right kind  of antibiotic to help prevent infection,90%,10 patients,
412,10108.0,prattville baptist hospital,124 s memorial dr,empty,,prattville,al,36067.0,autauga,3343614267.0,acute care hospitals,voluntary non-profit - private,#ye??s,surgical infection p#revention,,,100%,10 patients,al_scip-inf-3
413,10158.0,russellville hospital,15155 highway 43,empty,empty,russellville,al,35653.0,,2563321611.0,acute #care hospitals,proprietary,yes,,scip-vte-1,surgery patients whose doctors ordered treatments to prevent blood clots after certain types of surgeries,100%,125 patients,al_scip-vte-1
414,10158.0,russellville hospital,15155 highway 43,empty,empty,russellville,al,,franklin,2563321611.0,acute care hospitals,proprietary,,surgical infection prevention,scip-vte-2,patients who got treatment  at the right time (within 24 hours before or after their surgery) to help prevent blood clots after certain types of surgery,98%,125 patients,al_scip-vte-2
415,10164.0,coosa valley medical center,315 w hickory st,empty,empty,sylacauga,al,35150.0,talladega,2562495000.0,acute care hospitals,voluntary non-profit - other,no,heart attack,ami-1,heart attack patients given aspirin at arrival,90%,10 patients,al%_ami-1
416,10164.0,coosa valley medical cen%ter,315 w hickory st,empty,empty,sylacauga,al,35150.0,talladega,2562495000.0,acute care hospitals,voluntary non-profit - other,no,heart attack,ami-2,heart attack patients given aspirin at discharge,100%,3 patient@@s,al_ami-2
417,10164.0,coosa valley medical center,315 w hickory st,empty,empty,sylacauga,al,35150.0,talladega,2562495000.0,acute$ care hospitals,voluntary non-profit - other,%n#o,heart attack,ami-3,heart attack patients given ace inhibitor% or arb for left ventricular systolic dysfunction (lvsd),100%,1 patients,al_ami-3
418,10164.0,coosa valley medical center,315 w hickory st,empty,,,al,210599.67594789757,talladega,2562495000.0,acute care hospitals,voluntary non-profit - other,@@@@no,heart attack,ami-4,heart attack patients given smoking cessation advice/counseling,emp#ty,0 patients,al_ami-4
419,10164.0,coosa valley medical center,315 w hickory st,empty,empty,,al?%?,,talladega,2562495000.0,acute care hospitals,voluntary non-profit - other,no,heart attack,ami-5,heart attack patients given beta blocker at discharge,100%,4 pa$tients,al_ami-5
420,44518.87366728905,coosa valley medical center,315 w hickory st,empty,empt#y,sylacauga,al,35150.0,talladega,13689646837.300268,acute care hospitals,volun@@tary non-profit -?? other,no,heart attack,ami-7a,heart attack patients given fibrinolytic medication within 30 minutes of arrival,empty,0 patients,al_ami-7a
421,10164.0,coosa valley medical center,315 %w hickory st,??empty,empty,sylacauga,al,35150.0,talladega,2562495000.0,acute care hospitals,voluntary no??n-profit - other,no,heart attack,ami-8a@@,heart attack patients given pci within 90 minutes of arrival,$empty,0 patients,
422,10164.0,coosa valley medical center,315 w hickory st,empty,empty,sylacauga,al,35150.0,talladega,2562495000.0,acute care hospitals,voluntary non-profit - other,@@no,heart failure,hf-1,heart failure# patients given discharge instructions,,78 patients,al_hf-1
423,58308.3122795637,coosa valley medical center,315 w hickory st,empty,e@@mpty,sylacauga,al,35150.0,talladega,2562495000.0,acute care hospitals,voluntary non-profit - other,no,h#eart failure,hf-2,heart failure patients given an evaluation of left ventricular systolic (lvs) functi$on,99%,105 patients,al_hf-2
424,10164.0,coosa valley medical center,315 w hickory st,empty,empty,sylacauga,??al%,35150.0,talladega,10051523262.97533,acute care hospitals,volunt#ary %non-profit - other,no,heart failure,hf-3,heart failure patients given ace inhibitor or arb for left ventricular systolic dysfunction (lvsd),85%,46 patients,al_hf-3
425,10164.0,,315 w hickory st,emp??ty,emp#ty,sylacauga,al,35150.0,talladega,8892168697.43057,acute care hospitals,voluntary non-profit - other,no,,h??f-4,heart failure patients given smoking cessation advice/counseling,1%@@00%,,#al_hf-4
426,52302.524029302,coosa valley medical center,315 w hickory st,empty,empty,sylacauga,a%l@@,35150.0,talladega,2562495000.0,acute care hospitals,voluntary non-profit - other,no,pneumonia,pn-2,,93%,6#9 patients,al_pn-2
427,10164.0,coosa valley medical center,315 w hickory st,empt#y,empty,sylacauga,al,35150.0,talladega,12603248126.90895,acute care hospitals,voluntary #non-profit - other%,no,pneumonia,pn-3b,pneumonia patients whose initial emergency room blood culture was performed prior to the administration of the first hospital dose of antibiotics,97%,95 pa$@@tients,al_pn-3b
428,10164.0,coosa valley medical center,315 w #??hickory st,empty,empty,sylacauga,al,,tallad#ega#,2562495000.0,acute care hospitals,voluntary non-profit - other,no,pneumonia,pn-4,pneumonia patients given smoking cessation advice/counseling,100%,47 patients,
429,10164.0,coosa valley medical center,315 w hickory st,empty,empty,@@syla??cauga,al,35150.0,talladega,2562495000.0,,voluntary non-profit - other,n$??o,pneumonia,pn-5c,pneumonia patients given initial antibiotic(s) within 6 hour$s after arri#val,97%,101 patie%nts,a$l_pn-5c
430,10164.0,coosa valley medical center,315 w hickory st,empty,empty,sylacauga,al??,35150.0,talladega,2562495000.0,acute care hospitals,vo??luntary non-pr??ofit - other,no,pneumonia,pn-6,pneumonia patients $given the most appropriate initial antibiotic(s),96$%,57 patients,al_pn-6
431,10164.0,coosa valley medical center,315 w hickory st,empty,empty,syla$cau$ga,al,35150.0,talladega,2562495000.0,acute care hospitals,voluntary non-profit - other,no,pneumonia,pn-7,pneumonia patients assessed and given influenza vaccination,88%,,al_pn-7
432,10164.0,coosa valley medical center,315 w hickory st,empty,empty,$syla#cauga,al,35150.0,talladega,2562495000.0,acute care hos@@pitals,voluntary non-profit - other,no,surgical infection prevention,scip-card-2,surgery patients who were taking heart drugs called beta blockers before coming to the hospital who were kept on the beta blockers during the period just before and after their surgery,82%,22 patients,al_scip-card-2
433,20017.0,alaska regional ho#spital,2801 debarr@@ road,empty,empty,ancho??rage%,#a@@k,408647.2128965456,anchorage,9072761131.0,acute care hospitals,proprietary,yes,heart failure,hf-1,heart failure patients given discharge instructions,91%,57 patients,ak_hf-1
434,20017.0,alaska regional hospital,2801 debarr road,empty,empty,,ak,99508.0,anchorage,9072761131.0,acute care hospitals,proprietary,yes,heart failure,hf-2,heart failure patients given an evaluation of left ventricular systolic (lvs) function,98%,61 patients,ak_hf-??2
435,20017.0,alaska regional hospital,2801 debarr road,e%mpty,empty,anchorage,ak,99508.0,anchorage,9072761131.0,acute care hospitals,proprietar#y,yes,heart failure,hf-3,heart failure patients given ace inhibitor or arb for left ventricular systolic dysfunction (lvsd),,33 patients,ak_hf-3
436,,alaska regional hospital,2801 debarr road,empty,,anchorage,ak,99508.0,anchorage,9072761131.0,acute care hospitals,proprietary,yes,heart% failure,hf-4,,100%,13 patients,ak_hf-4
437,20017.0,alaska regional hospital,2801 debarr road,empty,empty,anchorage,ak,99508.0,anchorage,9072761131.0,acute care hospitals,,y$es,pneumonia,p@@n-2,pneumonia patients assessed and given pneumococcal vaccination,97%,37 patients,
438,20017.0,alaska regional hospital,,empty,empty,,ak,549512.9150448389,anch%orage,9072761131.0,,proprietar#y,yes,,pn-3b,pneumonia patients whose initial emergency room blood culture was performed prior to the administration of the first hospital dose of antibiotics,100%,47 patients,ak_pn-3b
439,20017.0,alaska regional hospital,2801 debarr road,empty,e@@mpty,anchorage,ak,99508.0,anchorage,44699806977.46408,acute care hospitals,p$roprietary%,yes,pneumonia,pn-4,pneumonia patients given smoking cessation advice/counseling,96$$%,26 patients,ak_pn-4
440,100073.53076113117,alaska regional hospital,2801 debarr road,,empty,anchorage,ak,318182.0298600756,anchorage,9072761131.0,acute care hospitals,proprietar??y,yes,pneumonia,pn-5c@@,pneumonia patients given initial antibiotic(s) within 6 hours after arrival,97%,,ak_pn-5c
441,20017.0,alaska regional hospital,2801 deba$rr road,empty,e#$mpty,anchorage,$a@@k,99508.0,anchorage,9072761131.0,acute care hospitals,proprietary,yes$,pneumonia,pn-6,pneumonia patients given the most appropriate initial antibiotic(s),95%,22 pa@@tients,ak_pn-6
442,20017.0,alaska regional hospital,2801 debarr road,e#m%pty,empty,anchorage,ak,99508.0,anchorage,9072761131.0,acute care hospitals,proprietary,yes,pneumonia,pn-7,pneumonia patients assessed and given influenza vaccination,90%,29 patients,ak_pn-7
443,20017.0,alaska regional hospital,2801 debarr road,empty,empty,anchorage,a@@#k,99508.0,anchorage,9072761131.0,acute care hospitals,proprietary,yes,surgical infection prevention,scip-card-2,surgery patients who were taking heart drugs called beta blockers before coming to the hospital who were kept on the beta blockers during the period just before and after their surgery,87%,106 patients,ak_scip-card-2
444,,alaska regional hospital,2801 debarr road,empty,empty,anchorage,ak,99508.0,anchorage,9072761131.0,acute care hospitals,proprietary,yes,surgical infection prevention,scip-inf-1,surgery patients who were given an antibiotic at %the right time (within one hour before surgery) to help?? prevent infection,96%,513 patients,ak_scip-inf-1
445,108083.9470864463,alaska regional hospital,2801 debarr road,empty,empty,anchorage,ak,99508.0,anchorage,9072761131.0,acute care hospitals,proprietary,yes,surgical infection pre%vention,scip-inf-2,surgery pa#tie%nts who were given the  right kind  of antibiotic to help prevent infection,98%,521 patients,ak_scip-inf-2
446,,alaska regional hospital,2801 debarr road,empty,empty,anchorage,ak,370382.5825546813,anchorage,9072761131.0,acute care ho??spitals,proprietary,yes,,scip-inf-3,surgery patients whose preventive antibiotics were stopped at the right time (within 24 hours after surgery),88%,499 patients,ak_sc#ip-i%nf-3
447,20017.0,alaska regional hospital,2801 debarr road,empty,em$pty,anchorage,ak,99508.0,anc@@#horage,9072761131.0,acute care hospitals,proprietary,yes,surgica$l $infection prevention,scip-inf-4,all heart surgery patients whose blood sugar (blood glucose) is kept under good control in the days right after surgery,94%,146?? patients,ak_scip-inf-4
448,20017.0,alaska regional hospital,2801 debarr road,empty,empty,anchorage,ak,99508.0,anchorage,9072761131.0,acute care hospitals,proprietary,yes,surgical infection prevention,scip-inf-6,surgery patients needing hair removed from the surgical area before surgery who had hair removed using a safer method (electric clippers or hair removal cream c not a razor),100%,690 patients,ak_scip-inf-6
449,20017.0,a$laska region%al hospital,,empty,empty,anchorage,ak#,99508.0,anchorage,9072761131.0,acute care hospitals,proprietary,yes,surgical infection prevention,scip-vte-1,,94%,226 patients,$ak_scip-vte-1
450,20017.0,alaska regional hospital,2801 debarr road,empty,empty,anchorage,ak,99508.0,anchorage,9072761131.0,acute care hospitals,proprietary,yes,surgical infection prevention,scip-vte-2,patients who got treatment  at the right time (within 24 hours before or after their surgery) to help prevent blood clots after certain types of surgery,#$94%,223 patients,ak_scip-vte-2
451,20018.0,yukon kuskokwim delta reg hospital,po box 2??87@@,empty,empty,bethel,ak,99559.0,beth@@el,9075436300.0,,government - federal,no,heart attack,ami-1,,empty,empty,ak_ami-1
452,20018.0,yukon kuskokwim delta reg hospital,po box 287,empty,empty,bethel,ak,99559.0,bethel,9075436300.0,acute care hospitals,government - federal,no,heart attack,#ami-2,heart attack patients given aspirin at discharge,empty,%empty,ak_ami-2
453,10019.0,helen keller memorial hospital,1300 south montgomery avenue,empty,empty,sheffield,al,35660.0,jefferson,2563864556.0,acute care hospitals,government - hospital district or authority,yes,pneumonia,pn-2,pneumonia patients assessed and given pneumococcal vaccination,??89%,150 patients,al_pn-2
454,10019.0,helen keller memorial hospital,1300 south montgomery avenue,empty,,sheffield,al,35660.0,jefferson,2563864556.0,acute care hospitals,government - hospital district or authority,yes,,pn-3b,pneu#monia patients whose initial emergency room blood culture was performed prior to the administration of the first hospital dose of antibiotics,99%,149 patients,al_pn-3b
455,10019.0,helen keller memorial hospital,1300 south montgomery avenue,empty,empty,sheffield,al,35660.0,jefferson,2563864556.0,ac??ute care hospitals@@,government - hospital district or authority,yes,pneumonia,#pn#-4,pneumonia patients given smoking cessation advice/counseling,97%,79 patients,al#_??pn-4
456,10019.0,hele$n keller memorial hospital,1300 south montgomery avenue,empty,empty,sheffield,al,35660.0,jefferson,,acute care hospitals,government@@ - hospital district or authority,,pneumonia,pn-5c,pneumonia patients given initial antibiotic(s) within 6 hours after arrival,9??8#%,192 patients,al_pn-5c
457,10019.0,helen keller memorial hospital,1300 south montgomery avenue,empty,empt??y,sheffield,al@@#,35660.0,jefferson,2563864556.0,acute care hospitals,government - hospital district or authority,yes,pneu??mon%ia,pn-6,pneumonia patients given the most appropriate initial antibiotic(s),86%,139 patients,al_pn-6
458,,helen keller memorial hospital,1300 south montgomery avenue,empty,empty,sheffield,al,35660.0,jef$ferson@@,2563864556.0,acute care hospitals,government - hospital district or authority,yes,pneumonia,pn-7,pneumonia patients assessed and given influenza vaccination,82%,119 patients,%al_pn-7
459,59645.45743716062,helen keller memorial hospital,1300 south montgomery avenue,empty,,sheffield,al,35660.0,jefferson,2563864556.0,acute care hospitals,government - hospital district or authority,yes,surgical infection prevention,scip-card-2,surgery patients who were taking heart drugs called beta blockers before coming to the hos#pital who were@@ kept on the beta blockers during the period just before and after their surgery,81%,54 patients,al_scip-card-2
460,10019.0,helen keller memorial hospital,1300 south montgomery avenue,empty,empty,sheffield,a@@l@@,35660.0,jefferson,2563864556.0,acute care hospitals,government - hospital district or authority,yes,surgical infection prevention,scip-inf-1,surgery patients who were given an antibiotic at the right time (within one hour before surgery) to help prevent infection,92%,253 patients,al_scip-inf-1
461,10019.0,helen keller memorial hospital,1300 south montgomery avenue,empty,empty,sheffield,a%l,206106.27959390942,jef@@ferson,2563864556.0,acute care $hospitals,government - hospital district or authority,yes,surgical infection prevention,scip-inf-2,surgery patients who were given the  right kind  of antibiotic to help prevent infection,91%,,al_scip-inf-2
462,10019.0,helen keller memorial hospital,1300 south montgomery avenue,empty,empty,s@@heffield,al,35660.0,jefferson,2563864556.0,acute care hospit$als,government - hospital district or authority,yes,surgical infection prevention,scip-inf-3,surgery patients whose preventive antibiotics were stopped at the right t@@ime (within @@24 hours after surgery),84%,245 patients,al_scip-inf-3
463,10019.0,he??len keller memorial hospital,,empty,empty,sheffield,al,161521.03941048097,jefferson,2563864556.0,acute care hospitals,government - hospital district or authority,yes,surgical infection prevention,scip-inf-4,all heart surgery patients whose blood sugar (blood glucose) is kept under good control in the days right after surgery,em@@p@@ty,0 patients,al_scip-inf-4
464,10019.0,helen keller m%emo$rial hospital,1300 south montgomery avenue,empty,empty,,al,35660.0,jefferson,,,government - hospital district or authority,yes,surgical infection prevention,,,97%,369 patients,al_scip-inf-6
465,10019.0,helen keller memorial hospital,1300 south montgomery avenue,empty,e@@mpty,she$ffi@@eld,al,35660.0,jefferson,2563864556.0,acute care hospitals,gov$ernment - hospital district or authority,yes,surgical infection prevention,scip-vte-1,surgery patients whose doctors ordered treatments to prevent blood clots after certain types of surgeries,85%,144 patients,al_scip-vte-1
466,10019.0,helen keller memorial hospital,1300 south montgomery a$venue,empty,empty,sheffield,al,35660.0,jefferson,2563864556.0,acute care hospitals,government - hospital district or authority,yes,surgical infection prevention,scip-vte-2,patients who got treatment  at the right time (within 24 hours before or after their surgery) to help prevent blood clots after certain types of surgery,79%,142 patients,al_scip-vte-2
467,10021.0,dale medical center,126 hospital ave,empt#y,empty,o??z$ark,a%l,36360.0,d#al??e,3347742601.0,acute care hospitals,gover@@nment $- hospital district or authority,yes,$heart attack,ami-1,heart attack patients given aspirin at arrival,100%,11 patients,al_ami-1
468,10021.0,dale medical center,126 hospital ave,empty,empty,ozark,al,36360.0,dale,3347742601.0,acute care hospi%tals,government - hospital district or authority,yes,heart attack,ami-2,heart attack patients given aspirin at discharge,100#%,5 patients,al_ami-2
469,31796.810204859285,dale medical center,126 hospital ave,empty,em#pty,ozark,al,36360.0,#d#ale,3347742601.0,acute care hospitals,,yes,heart attack,ami-3,heart attack pat#ients given ace inhibitor or arb for left ventri??cular systolic dysfunction (lvsd),empty,0 patients,al_ami-3
470,10021.0,dale medical center,126 hospital ave,empty,empty,ozark,al,36360.0,da#l@@e,3347742601.0,acute care hospitals,government - hospital district or authority,yes,hear#t attack,am??i-4,heart attack patients given smoking cessation advice/counseling,@@100%,3 patients,al_ami-4
471,10021.0,dale medical center,126 hospital ave,,empty,ozark,al,36360.0,dale,18441744547.951527,acute ??care hospitals,government - hospital district or authority,yes,#hear$t attack,ami-5@@,,83#%,6 patients,al_ami-5
472,10021.0,dale medical center,126 hospital ave,empty,empty,ozark,al,36360.0,dale,3347742601.0,acute care hospitals,government - hospital district or authority,yes,heart attack,,heart attack patients given fibrinolytic medication within 30 minutes of arrival,0%,2 patients,al_ami-7a
473,10021.0,dale medical center,126 hospital ave,empty,empty,ozark,al,36360.0,dale,3347742601.0,acute care hospitals,government - hospital district or authority,#y@@es,heart attack,ami-8a,,empty,0 patients,al_ami-8a
474,10021.0,dale medical center,126 hospital ave,empty,empty,ozark,al,36360.0,dale,3347742601.0,acute care hospitals,government - hospital district or authority,yes,,hf-1,heart failure patients given discharge instructions,66%,79 patients,al_hf-1
475,10021.0,dale medical center,126 hospital ave,empty,empty,ozark,a#l,36360.0,dale,3347742601.0,acute care hospitals,government - hospital district or authority,yes,heart failure,hf-2,heart failure patients given an evaluation of left ventricular systolic (lvs) function,96%,94 patients,$al@@_hf-2
476,10021.0,dale medical center,126 hospital ave,$empty,empty,ozark,al,36360.0,dale,3347742601.0,acute care hospitals,government - hospital district or authority,yes,heart failure,,heart failure patients given ace inhibitor or arb for left ventricular systolic dysfunction (lvsd),94%,18 patients,al_hf-3
477,10021.0,dale medical center,,empty,empty#??,ozark,al,36360.0,dale,3347742601.0,acute care hospitals,government - hospital district or authority,yes%#,heart failure,hf-4,heart failure patients given smoking cessation advice/counseling,94%,32 patients,al_$hf-4
478,10021.0,dale medical c%enter,126 hosp@@ital a$ve,empty,empty,ozark,al#,36360.0,dale,3347742601.0,acute care hospitals,government - hospital district or authority,yes,pneumonia,pn-2,pneumonia patients assessed and given pneumococcal vaccination,85%,80 patients,al_pn-2
479,10021.0,dale medical center,,empty,empty,ozark,al,36360.0,dale,3347742601.0,acute care hospitals,government - hospital district or authority,yes,pneumonia,pn-3b,,94%,67 patients,al_pn-3b
480,10021.0,dale medical center,126 hospital ave,@@empty$,empty,oz@@%ark,al,36360.0,dale,3347742601.0,acute care hospitals,government - hospital district or authority,yes@@,pneumonia,pn-4,pneumonia patients given smoking cessation advice/counseling,87%,39 patients,al_pn-4
481,10021.0,dale medical center,126 hospital ave,empty,empty,ozark,al@@,36360.0,da$#le,15231239670.84473,acute care hosp@@itals,government - hospital district or authority,,pneumonia,pn-5c,pneumonia patients given initial antibiotic(s) within 6 hours after arrival,,74 pa#tients,al_pn-5c
482,,dale $med??ical center,126 hospital ave,%empty$,empty,ozark,al@@#,36360.0,dale,3347742601.0,acute care hospitals,government - hospital district or authority,ye@%@s,pneumonia,pn-6,pneumonia patients given the most appropriate initial antibiotic(s),64%,59 patients,$al_pn-6
483,47298.62553592737,dale medical center,126 hospital ave,e#mpty#,empty,ozark,al,,dale,3347742601.0,acute care hospitals,government - hospital district or authority,yes,pn#eumonia,pn@@-7,pneumonia patients assessed and given influenza vaccination,90%,6#2?? patients,
484,44817.5594462257,dale medical center,126 hospital ave,empty,empty,#ozark,al,36360.0,#dale,17178375719.612097,acute care hospitals,government - hospital district or authority,yes,surgical infection prevention,scip-card-2,surgery patients who were taking heart drugs called beta blockers before coming to the hospital who were kept on the beta blockers during the period just before and after their surgery,100%??,12?? patients,al_sc@@ip-card-@@2
485,10021.0,dale medical center,126 hospital ave,empty,empty,o%zark,#al,36360.0,,3347742601.0,acute care hospitals,government - hospital district or authority,yes,surgical infection prevention,s#cip-inf-1,surgery patients who were given an antibiotic at the right time (within one hour before surgery) to help prevent infection,94%,52 patients,al_scip-inf-1
486,10021.0,dale medical center,126 hospital ave,empty,empty,,@@al,36360.0,dale,3347742601.0,acute care hospitals,government - hospital district or authority,yes#,surgical infection prevention,scip-inf-2,surgery patients who were given the  right kind  of antibiotic to help prevent infection,,52$ patients,al_scip-inf-2
487,10021.0,dale medical center,126 hospital ave,empty,empty,ozark,al,,,,acute care hospitals,government - hospital district or authority,yes,surgical infection prevention,scip-inf-3,surgery patients whose preventive antibiotics were stopped at the right time (within 24 hours afte$$r surgery),85%,48 patients,al_scip-inf-3
488,10021.0,dale medical center,%126 hospital ave,empty,empty,ozark,al,36360.0,dale,19169328859.64207,acute care hospitals,government - hospital district or authority,yes,surgical infection preventi%on,@@scip-inf-4,all heart surgery patients whose blood sugar (blood glucose) is kept under good control in the days right after surgery,empty,,
489,42459.34777205115,da@@le medical center??,126 hospital ave,empty,empty,ozark,al,36360.0,dale,3347742601.0,acute care hospitals,government @@- hospital district or authority,ye%#s,surgical infection prevention,scip-inf-6,surgery patients needing hair removed from the surgical area before surgery who had hair removed using a safer method (electric clippers or hair removal cream c not a razor),100%,94 patients,al_scip-inf-6
490,10021.0,dale medical center,12%6 #hospital ave,empty,empty,ozark,al,36360.0,dale,3347742601.0,,government - hospital district or authority,yes,surgical infection prevention,,,88%,50 patients,al_scip-vte-1
491,10021.0,dale medical center,126 hospital ave,empty,,ozark,al,36360.0,dale,3347742601.0,acute care hospitals,government - hospital district or authority,yes,surgical infection prevention,scip-vte-2,patients who got treatment  at the right time (within 24 hours before or after their surgery) to help prevent blood clots after certain types of surgery,68%,50 patients,al_scip-v$t$e-2
492,10022.0,cherokee medical center,400 northwood dr,empty,empty,centre,al,35960.0,cherokee,2569275531.0,acute care hospitals,volu??ntary non-profit $- private,yes,heart attack,ami-1,heart attack patients given aspirin at arrival,,0 pati$ents,al_ami-1
493,10022.0,cherokee medical center,400 northwood dr,empty,empty,centre,al,35960.0,cherokee,2569275531.0,acute care hospitals,voluntary non-profit - private,#yes,heart attack,a??mi-2,heart attack patients given aspirin at discharge,1%00%,,al_ami-2
494,32144.81875566457,cherokee medical center,400 northwood dr,empty,empty,centre,al,35960.0,cherokee,13062590827.526775,acute care hospitals,voluntary non-profit - private,??yes,heart attack,ami-3,heart attack patients given ace inhibitor or arb# for left ventricular systolic dysfunction (lvsd),empty,0 patients,al_ami-3
495,10022.0,cherokee medical center,400 no??rthwood dr@@,empty,empty,c@@en%tre,al,35960.0,cherokee,2569275531.0,acute care hospitals,voluntary non-profit - private,yes,heart atta@@ck,ami-4,heart attack patients given smoking cessation advice/counseling,empty,0 patients,al_ami-4
496,10022.0,chero????kee medical center,400 northwood dr,empty,empty,centre,al,35960.0,cherokee,2569275531.0,acute care hospitals,voluntary non-profit - private,yes,heart attack,ami-5,heart attack patients given beta blocker at discharge,empty,0 patients,al_ami-5
497,10022.0,cherokee medical center,400 northwood dr,empty,empty,centr%e,al,35960.0,cherokee$,2569275531.0,acute care hospitals,voluntary non-profit - private,yes,heart attack,ami-7a,,empty,,al_ami-7a
498,10022.0,cherokee medical center,400 northwood dr,empty,empty,centre,al,35960.0,cherokee,2569275531.0,acute care hospitals,voluntary non-profit - private,yes,heart attack,ami-8a,heart attack patients given pci within 90 minutes of arrival,e@@mpt#y,0 patients,al_ami-8a
499,10022.0,cherokee medical center,,empty,empty,,al$,35960.0,cherokee,2569275531.0,acute care $hospitals$,voluntary non-prof#it - private,yes,heart #failure,hf-1,heart failure patients given discharge instructions,83%,35 patients,al_hf-1#
500,10022.0,cherokee medical center,400 northwood dr,empt$y,empty,ce??@@ntre,al,35960.0,cherokee,2569275531.0,acute care hospitals,voluntary non-profit - private,y$e%s,heart failure,hf-2,heart failure patients given an evaluation of left ventricular systolic (lvs) function,94#%,48 patients,al_hf-2
501,,cherokee medical center,400 northwood dr,,empty,cent@@re,al,35960.0,cherokee,2569275531.0,acute care hospitals,voluntary@@ non-profit - p%rivate,,heart failure,hf-3,heart failure patients given ace inhibitor or arb for left ventricular systolic dysfunction (lvsd),,10 patients,al_hf-3
502,10022.0,cherokee med%ical cen#ter,400 northwood dr,empty,empty,centre,al,35960.0,che@@rokee#,12118231126.827158,acute care hospitals,voluntary non-profit - private,,heart failure,hf-4$??,heart failure patients given smoking cessation advice/counseling,100%,15 patients,al_hf-4
503,10022.0,cher@@okee medical center,400 northwood dr,empty,empty,centre,a??l,128005.84178203772,cherokee,2569275531.0,acute car%e hospitals,voluntar%y?? non-profit - private,yes,,pn-2,pneumonia patients assessed and given pneumococcal vaccination,93%,44 patients,al_pn-2
504,10022.0,cherokee medical center,400 northw%ood?? dr,empty,empty,c%entre,al,35960.0,cherokee,2569275531.0,acute care hospitals,voluntary@@ non-profit - priva%te,yes,pneumonia,p%n#-3b,pneumonia patients whose initial emergency room blood culture was performed prior to the administration of the first hospital dose of antibiotics,97%,33 patients,
505,10022.0,cherokee medical center,400 northwood dr,empty,empt??@@y,centre,al,140392.49763946832,cherokee,2569275531.0,acut??e care hosp$itals,voluntary non-profit - private,yes,pneumonia,pn-4,pneumonia patients given smoking cessation advice/counseling,??100%@@,20 patients,al_pn-4
506,10022.0,cherokee medical center,400 northwood dr,empty,??e$mpty,ce??ntre,al,35960.0,cherokee,2569275531.0,acute care hospitals,voluntary non-profit - private,yes,pneumonia,pn-5c,pneumonia patients given init$ial antibiotic(s) within 6 hours after arrival,89??%??,56 patients,al_pn-5c
507,10022.0,cherokee medical center,400 northwood dr,empty,em#pty,centre,al,35960.0,cherokee,2569275531.0,a@@cute care hospitals,voluntary non-profit - private,yes,pneumonia,pn-6,pneumonia patients given the most appropriate initial antibiotic(s),93%,44 patients,al_pn-6
508,10022.0,cherokee medical center,400 northwood dr,em#pty,empty,centre,al,128406.62912768836,cherokee,13096324874.75951,acute care hospitals,voluntary non-profit - private,yes,pneumonia,pn-7,pneumonia patients assessed and given influenza vaccination,81%,31 patients,??al_pn-7@@
509,10022.0,cherokee medical center,400 northwood dr,empty??,empty,centre,al,109499.95705877591,cherokee,2569275531.0,acute care hospitals,voluntary non-profit - private??,yes,su#rgical in%fection prevention,scip-card-2,surgery patients who were taking heart drugs called beta blockers before coming to the hospital who were kept on the beta blockers during the period just before and after their surgery,empty,empty,al_scip-card-2
510,10022.0,cherokee medical center,4$00 no#rthwood dr,empty,empty,centre,al,35960.0,c%heroke#e,2569275531.0,acute care hospitals,voluntary non-profit - private,yes,surgical infection prevention,scip-inf-1,surgery patients who were given an antibiotic at the right time (within one hour before surgery) to help prevent infection,0%,2 patients,al_scip-inf-1
511,10022.0,cherokee medical center,400 northwood dr,empty,empty,centre,al,35960.0,,2569275531.0,acute care hospitals,voluntary non-profit - private,yes,surgical infection prevention,scip-inf-2,surgery patients who were given the  right kind  of antibiotic to help prevent infection,100%,2 patients,al_scip-inf-2
512,10022.0,cherokee medical center,400 northwood dr,empty,empty,centre,$a$l,35960.0,cherokee,2569275531.0,acute care hospitals,voluntary non-profit - priv@@ate,y@@es#,surgical infection prevention,scip-inf-3,surgery patients whose preventive antibiotics were stopped at the right time (within 24 hours after surgery),0%,1 patients,al_scip-inf-3
513,10022.0,cherokee medical center,400 northwood dr,empty,empty,centr#e,al,35960.0,cherokee,2569275531.0,acute care hospitals,voluntary non-profit - private,,surgical infection prevention,scip-inf-4,all heart surgery patients whose blood sugar (blood glucose) is kept under good control in the days right after surgery,empty,0 patients,al_scip-inf-4
514,10022.0,cherokee medical center,400 northwood dr,empty,empty,centre,al,35960.0,cherokee,2569275531.0,acute care hospitals,vo%luntary n#on-profit - private,yes,surgical infection% prevention,,surgery patients needing hair removed from the surgical area before surgery who had hair removed using a safer method (electric clippers or hair removal cream c not a razor),100%,6 patients,al_scip-inf-6
515,,cherokee medical center,400 northwood dr,empty,empty,centre,al,35960.0,cherokee,9495180306.307383,acute care hospitals,voluntary non-profit - private,,surgical infection prevention,scip-vte-1,surgery patients whose doctors ordered treatments to prevent blood clots after certain types of surgeries,100%,5 patients,al_scip-vte-1
516,10022.0,cherokee medical center,400 northwood dr,empty,empty,centre,a$l,35960.0,cherokee,11997820114.687683,acute care hospitals,voluntary non-profit - private,yes,surgical infection prevention,scip-vte-2,patients who got treatment  at the right time (within 24 hours before or after their surgery) to help prevent blood clots after certain types of surgery,100%,5 patients,al_scip-vte-2
517,10023.0,baptist medical center south,2105 east south boulevard,@@%empty,empty,montgomery,al,36116.0,montgomery,3342882100.0,acute care hospitals,@@voluntary non-profit - church@@,yes,heart attack,a#m??i-1,h@@eart atta%ck patients given aspirin at arrival,100%,134 patients,al_ami-1
518,10023.0,baptist medical center south,210@@5 east south boulevard,empty,empty,montgomery,al,36116.0,montgomery,10442175431.96796,acute care hospitals,voluntary @@non-profit - church,yes,he??art att#ack,ami-2,heart attack patients given aspirin at discharge,100%,282 patients,al_ami-2
519,10023.0,baptist medical ce??nter south,,empty,em#pty%,,al,36116.0,montgomery,12497606857.189817,acute care hospitals,voluntary non-profit - church,yes,,ami-3,heart attack patients given ace inhibitor or arb for left ventricular systolic dysfunction (lvsd),100%,53 patients,al_ami-3
520,10023.0,baptist medical center south,2??105 eas%t south boulevard,empty,emp??$ty,montgomery,al,36116.0,montgomery,3342882100.0,acute care hospitals,voluntary non-profit - church,,heart attack,$$ami-4,heart attack patients given smoking cessation advice/counseling,$10%0%,119 patients,al_ami-4
521,39976.65445512698,baptist medical center south,2105 east south boulevard,empt??y,@@empt%y,montgomery,al,36116.0,montgomery,3342882100.0,acute care hospitals,voluntary non-profit - church%,yes,heart attack,ami$-5,heart attack patients given b$eta blocker at discha$rge,100%,254 #patients,al_ami-5
522,10023.0,baptist medical center south,2105 east south boulevard,empty,empty,montgomery,al,36116.0,montgomery,3342882100.0,acute care hospitals,voluntary non-profit - church,yes,heart attack,ami-7a,heart attack patients given fibrinolytic medication within 30 minutes of arrival,,0 patients,al_ami-7a
523,10023.0,,2105 east south boulevard,empty,empty,montgomery,al,36116.0,mon%tgome??ry,12495522452.106026,acute care hospitals,voluntary non-profit - church,yes,heart attack,ami-8a,heart attack patients given pci within 90 minutes of arrival,96%,27 patients,al_ami-8a
524,10023.0,baptist medical center south,2105 east south boulevard,empty,empty,montgomery,al,36116.0,montgomer%y,3342882100.0,acute care hospitals,voluntary non-profit - church,yes,heart failure,hf-1,heart failure patients given discharge instructions,100%,257 patients,%al_$hf-1
525,10023.0,baptist medical center south,2105 east south boul@@evard,empty,empty,montgomery,al,160301.722305532,montgomery,13091915814.44631,acute care hospitals,voluntary non-profit - church,yes,heart failure,hf-2,,100%,292 patients,al_hf-2
526,10023.0,baptist medical center south,2105 east south boulevard,empty,empty,montgomery,al$,36116.0,montgomery,3342882100.0,acute care hospitals,voluntary non-profit - church,yes,heart failure,hf-3,heart failure patients given ace inhibitor or arb for left ventricular systolic dysfunction (lvsd),100%,98 patients,al_hf-3
527,35649.670868237015,baptist medical center south,2105 east south boulevard,empty,,montgomery,al,36116.0,montgomery,11954760346.22113,acute care hospitals,voluntary non-profit - church,#y%es,heart failure,hf-4,heart failure patients given smoking cessation advice/counseling,100%,77 patients,al_hf-4
528,10023.0,baptist medical center south,2105 east south boulevard,empty,empty,montgomery,al,36116.0,montgomery,3342882100.0,acute care hospitals,voluntary non-profit - church,yes,pneu$mon%ia,pn-2,pneumonia patients assessed and given pneumococcal vaccination,%94%,99 patients,al_pn-2
529,10023.0,baptist medical center south,2105 east south boulevard,empty,empty@%@,montgomery,al,,montgomery,16164274084.019753,acu??te care hospitals,voluntary non-profit - church,yes,pneumonia,pn-3b,pneumonia patients whose initial emergency room blood culture was performed prior to the administration of the first hospital dose of antibiotics,96%,103 patients,al_pn-3b
530,10023.0,baptist medical center south,2105 east south boulevard,,empty,montgomery,al,36116.0,montgomery,3342882100.0,acute care hospitals,,yes,pneumonia,pn-4,pneumonia patients given smoking cessation advice/counseling,94%,80 patients,al_pn-4
531,10023.0,baptist medical center south,2105 east south b#oulevard,empty,empty,montgomery,al,,montgomery,19410698346.829983,acute care hospitals,voluntary non-profit - church,yes,pneumonia,pn-5c,pneumonia patients given initial antibiotic(s) within 6 hours after arrival,95%,101 patients,al_pn-5c
532,10023.0,baptist medical center south,2105 east south bou%levar#d,empty,empty,montgomery,al,36116.0,%montgomer@@y,3342882100.0,acute care hospitals,voluntary non-profit - church,yes,,,pneumonia patients given the most appropriate initial antibiotic(s),90%$,71 patients,al_pn-6
533,10023.0,baptist medical center south,2105 east south boulevard,empty,empty,montgomery,al,36116.0,montgomery,3342882100.0,acute care hospitals,,yes,pneumonia,pn-7,pneumonia patients assessed and given influenza vaccination,92%,87 patients,al_pn-7
534,10023.0,baptist medical center south,2105 east south boulevard,empty,empty,montgomery,al,,montgomery,3342882100.0,acute care hospitals,voluntary non-profit - church,yes,surgical infection prevention,scip-card-2,surgery patients who were taking heart drugs called beta blockers before coming to the hospital who were kept on the beta blockers during the period just before and after their surgery,$97%,89 patients,al_scip-card-2
535,10023.0,baptist medical center south,2105 east south boulevard,empty,empty,montgomery,%al%,36116.0,montgomery,3342882100.0,acute care hospitals,voluntary non-profit - church,,surgical infection prevention,scip-inf-1,surgery patients who were given an antibiotic at the right time (within one hour before surgery) to help prevent infection,9$7%#,412 patients,al_scip-inf-1
536,10023.0,baptist medical center south,2105 east south boulevard,empty,empty,montgomery,al,116549.20618939542,montgomery,3342882100.0,acute care hospitals,voluntary non-profit - church,,surgical infection prevention,scip-inf-2,surgery patients who were given the  right kind  of antibiotic to help prevent infection,97%,423 patients,al_scip-inf-2
537,10023.0,baptist medical center south,2105 east south boulevard,empty,empty,montgomery,al,36116.0,montgomery,,acute care hospitals,voluntary non-pro??fit - church,yes,surgical infection prevention,,surgery patients whose preventive antibiotics were stopped at the right time (within 24 hours after surgery),94%,39$2 #patients,al_scip-in??f-3
538,10023.0,baptist medical center south,2105 east sout#h boulevard,empty,empty,montgomery,al,36116.0,montgomery,17911375218.029663,acute ca??re @@hospitals,voluntary non-profit - church,yes,surgical infection prevention,scip-inf-??4,all heart surgery patients whose blood sugar (blood glucose) is kept under good control in the days right after surgery,95#%%,125 patients,al_scip-inf-4
539,10023.0,baptist medical center south,2105 east south boulevard,empty,empty,montgomery,al,36116.0,montgomery,3342882100.0,acute care hospitals,voluntary non-profit - church,yes,surgical infection prevention,scip-inf-6,surgery patients needing hair removed from the surgical area before surgery who had hair removed using a safer method (electric clippers or hair removal cream c not a razor),100%,575 patients,al_scip-inf-6
540,10023.0,baptist medical center sout#%h,2105 east south boulevard,empty,empty,montgomery,al??,36116.0,,11286080938.326029,acute care hospitals,voluntary non-profit - church,yes,surgical infection prevention,scip-vte-1,surgery patients whose doctors ordered treatm#ents to prevent blood clots after certain types of surgeries,98%,179 patients,al_scip-vte-1
541,39116.49581749254,baptist medical c%enter south,2105 east so%uth bouleva#rd,empt$y,empty,montgomery,%al,36116.0,montgomery,13212642647.890345,acute c@@are hospitals,voluntary non-profit - church,yes,surgical i$nfection pre??vention,scip-vte-2,patients who got treatment  at the right time (within 24 hours before or after their surgery) to help prevent blood clots after certain types of surgery,94%,179 patients,al_scip-vte-2
542,10024.0,jackson hospital & clinic inc,1725 pine street,empty,empty,m%ontgo??mery,al,36106.0,mon@@tgo%mery,3342938000.0,acute care hospitals,voluntary non-profit - private,yes,heart attack,ami-1,heart attack patients given aspirin at arrival,95%,111 patients,al_a%mi-??1
543,10024.0,jackson hospital & clinic inc,1725 pine street,empty,empty,mont$go@@mery,@@al,36106.0,montgomery,3342938000.0,acute care hospitals,voluntary non-profit - private,yes,heart attack,@@ami-2,heart attack patients given aspirin at discharge,92%,165 patients,al_ami-2
544,10024.0,jackson hospital & clinic inc,1725 pine street$$,empt@@y,empty,montgomery,al,36106.0,montgomery,12480197500.95965,acute care hospitals,voluntary non-profit - pri@@vate,y?@@?es,heart ??a$ttack,ami-3,heart attack patients given ace inhibitor or arb for left ventricular systolic dysfunction (lvsd),79%,24 patients,al_ami-3
545,49295.53528118816,jackson hospital & clinic inc,1725% pine s??treet,empty,empty,montgomery,al,36106.0,montgo????mery,3342938000.0,ac#u@@te care hospitals,,yes,heart attack,ami-??4,heart attack patients given smoking cessation advice/counseling,97%,65 patients,al_ami-4
546,10024.0,jackson hospital & clinic inc,1725 pine street,e%m@@pty,empty,montgomery,al,,montgomery,3342938000.0,acute care hospitals,voluntary non-profit - private,yes,heart attack,ami-5,heart attack ??patients given beta blocker at dischar@@ge,95%,173 patients,
547,10024.0,jackson hospital & clinic inc,1725 pine street,empty,empty,montgomery,al,36106.0,montgomer@%@y,3342938000.0,acute care hospitals,voluntary non-profit - private,yes$,heart attack,ami-7a,heart attack p%atients given fibrinolytic medication within 30 minutes of arrival,empty,0 patients,al_ami-7a
548,10024.0,jackson hospital & clinic inc,1725 pine street,empty,empty,%mon@@tgomery,al,36106.0,,3342938000.0,acute care hospitals,voluntary non-profit - private,,heart attack,a$m%i-8a,heart attack patients given pci within 90 minutes of arrival,40%,15 patients,al_ami-8a
549,10024.0,jackson hospital & clinic inc,1725 pine street,empty,empty,montgomery,al,36106.0,montgomery,12458995189.907488,acute care hospitals,voluntary non-profit - private,yes,heart failure,@@hf-1,heart failure patients given discharge instructions,45%,430 patients,al_hf-1
550,10024.0,jackson hospital & clinic inc,1725 pine street,empty,empty,montgomery,al,184064.1719025402,montgomery,3342938000.0,acute care hospitals,voluntary non-profit - private,yes,heart failure,hf-2,heart failure patients given an evaluation of left ventricular systolic (lvs) function,90%,518 patients,al_hf-2
551,10024.0,jackson hospital & clinic inc,1725 pine# street,empty,empty,montgomery,al,36106.0,montgomery,3342938000.0,acute care hospitals,voluntary non-profit - private,yes,heart failure,hf-3,,85%,146 patients,al_hf-3
552,10024.0,jackson hospi$tal &$ clinic inc,1725 pine street,empty,empty,montgomery,al,36106.0,montgom@@$ery,3342938000.0,acute care hospitals,voluntary non-profit - private,yes,heart failure,hf-4,heart failure patients given smoking cessation advice/counseling,99%,93 patients,al_hf-4
553,33566.378553007264,jackson hospital & clinic inc,1725 pine street,emp@@ty,empty,montg??omer@@y,al,36106.0,montgomery,3342938000.0,acute care hospitals,voluntary non-profit - private,yes,pneumonia,,pneumonia patients assessed and given pneumococcal vaccination,85%,243 patients,al_pn-2
554,10024.0,jackson hospital & clinic inc,1725 pine street,empty,empty,montgomery,%al??,36106.0,montgomery,3342938000.0,acute care hospitals,voluntary non-profit - private,yes,pneumonia,pn-3b,pneumonia patients whose initial emergency room blood culture was performed prior to the administration of the first hospital dose of antibiotics,95%,230 patients,al_pn-3b
555,58613.21531286417,jackson hospital & clinic inc,1725 pine street,empty,empty,,al,36106.0,montgomery,,a#cute care hospitals,voluntary non-profit - private,yes,pneumonia,#%pn-4,pneumonia patients given smoking cessation advice/counseling,91%,74 patie??nts,al_pn-4
556,10024.0,jackson hospital & clinic inc,1725 pine street,empty,empty,montgom@@$ery,al,36106.0,montgomery,14322508640.382397,acute care hospitals,voluntary non-profit - private,yes,pneumonia,pn-5c,pneumonia patients given initial antibiotic(s) within 6 hours after arrival,88%,233 patients,al_pn-5c
557,10024.0,jackson hospital & clinic inc,1725 pine street,empty,empty,montgomery,al%,36106.0,montgomery,3342938000.0,acute care hospitals,voluntary non-profit - private,yes,$pne$umonia,%pn-6,pneumonia patients given the most appropriate initial antibiotic(s),,97 patients,al_pn-6
558,10024.0,jackson hospital & clinic inc,1725 pine street,empty,empty,montgomery,al,36106.0,montgomery,3342938000.0,acute care hospitals,$voluntary non-profit - private,yes,pneumonia,pn-7,pneumonia p%atients assessed and given influenza vaccination,82%,184 patients,al_pn-7
559,32461.05867506656,jackson hospital & clinic inc,1725 pine street,emp%t%y,empty,m@@ontgomery,@@al@@,149566.759836723,montgomery,10545796940.562275,acute care hospitals,voluntary non-profit - private,yes,,,surgery patients who were taking heart drugs called beta blockers before coming to the hospital who were kept on the beta blockers during the period just before and after their surgery,67%,180 #pa@@tients,al_scip-card-2
560,10024.0,jackson hospital & clinic inc,1725 pine street,empty,empty,montgomery@@,al,36106.0,montgomery,3342938000.0,acute care hospitals,,yes,surgical infection prevention,$scip-inf-1,surgery patients who were given an antibiotic at the right time (within one hour before surgery) to help prevent infection,78%,844 patients,al_scip-inf-1
561,10024.0,jackson hospital & clinic inc,1725 pine street,empty,empty,montgomery,al,36106.0,montgomery,17219400070.914074,acut??e care hospitals,voluntary non-profit - private,yes,surgical infection prevention,scip-inf-2,,98??%,827 patients,al_scip-inf-2
562,50867.38634678827,jackson hospital & clinic inc,1725 pine street,empty,empty,montgomery,al,36106.0,montgomery,3342938000.0,acute care hospitals,voluntary non-profit - private,y#e#s,surgical infection prevention,scip-inf-3,surgery patients whose preventive antibiotics were stopped at the right time (within 24 hours after surgery),83%,817 patients,al_scip-inf-3
563,10024.0,jackson hospital & clinic inc,,empty,e%mpt@@y,mont@@gomery??,al,36106.0,montgomery,3342938000.0,acute care hospitals,voluntary non-profit - private,y%$es,surgical infection prevention,,all heart surgery patients whose blood sugar (blood glucose) is kept under good control in the days right after surgery,7%2%,270 patients,al_scip-inf-4
564,10024.0,jackson hospital & clinic inc,1725 pine street,empty,empty,montgomery,al,36106.0,montgomery,3342938000.0,acute care hospitals,voluntary non-profit - private,yes,surgical infection prevention,scip-inf-6,surgery patients needing hair removed from the surgical area before surgery who had hair removed using a safer method (electric clippers or hair removal cream c not a razor),97%,1062 patients,al_scip-inf-6
565,10024.0,jackson hospital & clinic inc,1725 pine street,empty,em%pty,montgomery,al,36106.0,montgomery,3342938000.0,acute care hospitals,voluntary non-profit - private,yes,surgical infection prevention,scip-vte-1,surgery patients whose doctors ordered treatments to prevent blood clots after certain types of surgeries,92%,263 patients,al_scip-vte-1
566,10024.0,jackson hospital & clinic inc,1725 pine street,empty,empty,montgomery,al,114494.72674493304,montgomery,3342938000.0,acute care hospitals,voluntary non-profit - private,??yes,surgical infection prevention,scip-vte-2,patients who got treatment  at the right time (within 24 hours before or after their surgery) to help prevent blood clots after certain types of surgery,87%,259 patients,al_scip-v@@te??-2
567,10025.0,g h lanier memorial hospital,4800 48th st,empty,empty,valley,al,36854.0,chambers,3347561400.0,acute care hospitals,voluntary non-profit - other,yes,heart attack,,heart attack patients given aspirin at arrival,??$92%,24 patients,al_ami-1
568,42377.271811327555,g h lanier memorial hospital,4800 48th st,empty%,empty,va??lley,al,36854.0,chambers,3347561400.0,acute care hospitals,voluntary non-profit - other,yes,heart attack,ami-2,heart attack patients given aspirin at discharge,90%,10 patients,al_ami-2
569,10025.0,g h $lanier memorial ho$spital,4800 48th st,empty,empty,valley,al,,chambers,13157636639.38321,acute care h%osp@@itals,voluntary non-profit - other,yes,heart attack,ami-3,,1@@00%,1 patients,al_ami-??$3
570,10025.0,g h lani#er memorial hospital,??4800 48th st,,empt??y,valley,al,36854.0,chambers,3347561400.0,acute care hospitals,v@@oluntary non-profit - other,yes,heart attack,ami-4,,50%,4 patients,al_@@ami-4
571,10025.0,g h lanier memorial hospital,4800 48th $st,empty,empty,valley,al??%,36854.0,,3347561400.0,acute care hospitals,voluntary non-profit - other,yes,heart attack,ami-5,heart attack patients given beta blocker at discharge,92%,1%3 pat$ients,al_ami-5
572,10025.0,g h lanier memorial hospital,4800 48th st,empty,empty,valley,al,36854.0,chambers,11064999126.961306,acute care hospitals,voluntary non-profit - other,#yes,heart a??t$tack,ami-7a,heart attack patients given fibrinolytic medication within 30 minutes of arrival,0%,2 patients,a%l_ami-7a
573,10025.0,g h lanier memorial hospital,4800 48th st,empty,e$mpty,valley,al,36854.0,chambers,3347561400.0,acute care hospitals,voluntary non-profit - other,yes,heart attack,ami-8a,heart attack patients given pci within 90 mi??nutes of arrival,empty,0 patients,al_ami-8a
574,10025.0,g h lanier memorial hospital,4800 48th st,empty,empty,va%lley#,al,36854.0,chambers,,acute care hospitals,voluntary non-profit - o$ther,yes,heart failure,hf-1,,54%,,al_hf-1
575,10025.0,g h lanier memorial hospital,,em$p%ty,empty,valley,a%#l,36854.0,chambers,3347561400.0,acute care hospitals,volunta%ry non-profit - ot$her,yes,heart failure,hf-2,,99%,164 patients,al_hf-2
576,10025.0,g h lanier memorial hospital,4800 48th st,empty,#emp??ty,valley,al,36854.0,chambers,3347561400.0,acute care hospitals,voluntary non-profit - other,yes,heart failure,hf-3,heart failure patients given ace inhibitor or arb for left ventricular systolic dysfunction (lvsd),96%,75 patients,%al_%hf-3
577,10025.0,g h lanier memorial hospital,4800 48th st,??empty#,empty,,al#,,chambers,3347561400.0,acute care h#ospitals,,yes,heart failure,hf-@@4,heart failure patients given smoking cessation advice/counseling,97%,38 patients,al_hf-4
578,10025.0,g h lanier memorial hospital,4800 48th# st,empty,empty,valley,??al,199993.2045890348,chambers,3347561400.0,a??cute care hospitals%,voluntary non-profit - other,yes,pneumonia,pn-2,,80%%@@,55 patients,al_pn-2
579,10025.0,g h lanier memorial hospital,4800 48th st,empty,empty,valley,al,36854.0,chambers,,acute care hospitals,voluntary non-profit - other,yes,pneumonia,pn-3b,pneumonia patients whose initial emergency room blood culture was performed prior to the administration of the first hospital dose of antibiotics,95%,43 patients,al_pn-3b
580,10025.0,g h lanier memorial hospital,4800 48th st,empty,em$pt@@y,valley,al,36854.0,chambers,3347561400.0,,voluntary non-profit - other,yes,pneumonia,pn-4,pneumonia patients given smoking cessation advice/c%ounseling,91%,34 patients,al_pn-4
581,56902.84925308439,g h lanier memorial hospital,4800 48th st,empty,e#m$pty,valley,#$al,36854.0,chambers,3347561400.0,acute care hospitals,voluntary non-profit - other,yes,pneumonia,pn-5c,pneumonia patients given initial antibiotic(s) within 6 hours after arrival,82%,50 patients,al_pn-5c
582,10025.0,g h lanier memorial hospital,4800 48th st,empty,empty,,al,36854.0,chambers,12919045189.097324,acute care hospitals,voluntary non-profit - other,yes,pneumonia,pn-6,,85%,52 patients,al_pn-6
583,,,4800 48th st,empty,empty,valley,al,36854.0,chambers,3347561400.0,acute care hospitals,voluntary non-profit - other,yes,pneumonia,pn-7,pneumonia patients assessed and given influenza vaccination,,60 patients,al_pn-7
584,10025.0,g h lanier memorial hospital,4800 48th st,empty,empty,valley,al,177291.55055282428,chambe@@rs,3347561400.0,acute care hospitals,voluntary non-profit - other,yes,surgical infection prevention,scip-card-2,surgery patients who were taking heart drugs called beta blockers before coming to the hospital who were kept on the beta blockers during the period just before ??and after their surgery,32%,19 patients,al_scip@@-car@@d-2
585,30983.018389970344,g h lanier memorial hospital,4800 48th st,empty,empty,va??%lley,al,128688.21055982362,chambers,3347561400.0,acute care hospitals,voluntary non-profit - other,yes?$?,surgi$cal infection preventi%on,scip-inf-1,surgery patients who were given an antib%iotic at the right time (within one hour@@ before surgery) to help prevent infection,100%,117 patients,al_scip-inf-1
586,10025.0,g h lanier memorial hospital,4800 48th st,empty,empty,valley,al,36854.0,??chambers,,acute care hospitals,voluntary non-profit - other,@@ye#s,surgical infection prevention,scip-inf-$2,,93%,118 patients,al_scip-inf-2
587,10025.0,g h lanier memorial hospital,4800 48th st,empty,e#mpty,val#ley,,36854.0,chambers,17525170290.93313,acu??te care hospital@@s,voluntary no??n-profit - oth@@er,yes,surgical infection prevention,scip-inf-3,surgery patients whose preventive antibiotics were stopped at the right time (within 24 hours after surgery),79%,116 patients,al_scip-in@@f-3
588,10025.0,g h lanier memorial ho$spital,#4800 48th st,empty,empty,valley,al,36854.0,chambers,3347561400.0,acute care hospitals,voluntary non-profit - other,yes,surgical infection prevention,scip-inf-4,,,0 patients,al_scip-inf-4
589,30872.64766247521,g h lanier memorial hospital,4800 48th st,empty,empty,valley,a??l,36854.0,chambers,3347561400.0,acute care hospitals,,y@@@@es,,sc#ip@@-inf-6,surgery patients needing hair removed from the surgical area before surgery who had hair removed using a safe??r method (electric clippers or hair removal cream c not a razor),96%,172 patients,al_scip-inf-6
590,10025.0,g h lanier memorial hospital,4800 48th st,empty,empty,valley,al,36854.0,$$chambers,3347561400.0,acute care hospitals,voluntary non-profit - other,yes,surgical infection prevention,scip-vte-1,surgery patients@@ whose doctors ordered treatments to prevent blood clots after certain types of surgeries,88%%#,85 patients,al_scip-vte-1
591,10025.0,g h lanier mem#or??ial hospital,4800 48th st,e$mpty,empty,valley,al,36854.0,chambers,3347561400.0,a@@cute care %hospitals,voluntary non-profit - other,yes,surgical infection prevention,scip-vte-2,patients who got treatment  at the right time (within 24 hours before or after their surgery) to help prevent blood clots after certain types of surgery,82%,84 patients,al_scip-vte-2
592,10027.0,elba general hospital,987 drayton street,,empty,elb$a,al,36323.0,coffee,3348972257.0,acute care hospitals,voluntary non-profit - other,ye#s#,,ami-1,heart attack patients given aspirin at arrival,,empty,al_ami-1
593,10027.0,elba general hospital,987 drayton street,empty,emp@@ty,elba,al,209270.9162414538,coffee,3348972257.0,acute care hospitals,voluntary non-profit - other,,heart attack,ami-2,heart attack patients given aspirin at discharge,empty,e@@mpt@@y,al_ami-2
594,10027.0,elba general hospital,987 drayton street,empty,empty,elba,al,204864.62310780789,co#ff#ee,3348972257.0,acute care hospitals,voluntary non-profit - other,,,,heart attack patients given ace inhibitor or arb for left ventricular systolic dysfunction (lvsd),empty,empty,
595,43062.96834227968,elba general hospital,987 drayton street,empty,empty,elba,al,125745.26612875468,c?@@?offee,3348972257.0,acute care hospitals,voluntary non-profit - other,@@@@yes,heart attack,,heart attack patients given smoking cessation advice/counseling,empty,empty,al_ami-@@4
596,31498.310183903235,elba general hospital,987 drayton street,,empty,elba,al,36323.0,coffee,,,voluntary non-profit - other,ye#s,heart attack,ami-5,heart attack patients given beta blocker at discharge,empty,empty,al_ami-5
597,10027.0,elba general hospital,987 drayton street,empty,empty,elba,al,132512.84222170743,coffee,3348972257.0,acute care hospitals,voluntary non-profit - other,yes,heart attack,ami-7a,heart attack patients given fibrinolytic medication within 30 minutes of arrival,empty,empty,al_ami-7a
598,10027.0,elba general hospital,987 drayton street,empty,empty,elba,al,36323.0,coffee,3348972257.0,acute care hospitals,,yes,heart attack,ami-8a,heart attack patients given pci within 90 minutes of arrival,empty,empty,al_ami-8a
599,10027.0,elb??a general hosp@@ital,987 drayton street,em$pty,empty,,al,36323.0,coffee,3348972257.0,acute care hospitals,voluntary non-profit - other,yes,,hf-1,heart failure patients given discharge instructions,100%,2 patients,
600,38022.79871925547,elba general hospital,987 drayton street,empty,empty,elba,al,36323.0,,3348972257.0,acute care hospitals,voluntary non-profit - other,yes,hear%t failure,hf-2,heart failure patients given an evaluation of left@@ ven#tricular systolic (lvs) function,1#00%,3 patients,al_hf-2
601,,elba general hospital,987 drayton street,empty,,elba,al,36323.0,,3348972257.0,acute care hospital#s,voluntary non-profit - other,yes,heart failure,hf-3,heart failure patients given ace inhibitor or arb for left ventricular systolic dysfunction (lvsd),empty,0 patients,al_hf-3
602,10027.0,elba general hospital,987 drayton #street,,empty,elba,al,,coffee,3348972257.0,acute care hospitals,voluntary non-profit - other,yes,heart failure,hf-4,heart failure patients given smoking cessation advice/counseling,empty,0 patients,al_hf-4
603,10027.0,elba general hospital,987 drayton street,empty,empty,elba#%,al,36323.0,co@@ffee%,3348972257.0,acute$ c$are hospitals,voluntary non-profit - other,yes,pneumonia,pn-2,pneumonia patients assessed and given pneumococcal vaccination,100%,31 patients,al_pn-2
604,10027.0,elba general hospital,987 drayton street,empty,empty,elba,al,36323.0,coffee,3348972257.0,acute care hospitals,voluntary non-profit - other,yes,pneumonia,pn-3b,pneumonia patients whose initial emergency room blood culture was performed prior to the administration of the first hospital dose of antibiotics,100%,19 patients,al_pn-3b
605,10027.0,elba general hospital,987 drayton street,empty,,elba,al,36323.0,c??offee,3348972257.0,acute care hospitals,voluntary non-profit - other,yes,pneumonia,pn-4,pneumonia patients given smoking cessation advice/counseling,100%,12 patients,al#_pn-4
606,30199.37408088379,elba general h@@ospital,987 drayton street,empty,empt@@y,elba,al,203741.6780953504,coffee,3348972257.0,acute care hospitals,voluntary non-profit - other,yes,pneumonia,pn-5c,pneu@@monia patients given initial antibiotic(s) within 6 hours after arrival,100%,4#0 patients,al_pn-@@??5c
607,10027.0,elba general hosp$ital,987 drayton street,empty,empty,elb#a,al,36323.0,coffee,3348972257.0,acute care hospitals,voluntary non-profit - other,yes,pneumonia,pn-6,pneumonia patients given the most appropriate initial antibiotic(s),%93%,30 patients,al_pn-6
608,10027.0,elba general hospital,987 drayton street,empty,empty,el%ba@@,al,36323.0,coffe$e,3348972257.0,acute care hospitals,voluntary non-profit - other,yes,pneumonia,pn-7,pneumonia patients assessed and given influenza vaccination,100%,23 patients,a%l_pn-7
609,10027.0,elba general hospital,987 drayton street,empty,empty,elba,al,36323.0,coffee,16055230880.300928,acute care hospitals,voluntary non-profit - other,yes,surgical infection prevention,scip-card-2,surgery patients who were taking heart drugs called beta blockers before coming to the hospital who were kept on the beta blockers during the period just before and after their surgery,empty,empty,al_scip-card-2
610,10027.0,el%ba general $hospital,987 drayton street,empty,empty,elba,al,36323.0,coffee,,acute care hospitals,voluntary non-profit - other,yes,surgical infection prevention,scip-inf-$1,surgery patients who were given an antibiotic at the right time (within one hour before surgery) to help prevent infection,empty,empty,al_scip-inf-1
611,,elba general hospital,987 drayton street,empty,empty,elba,al,36323.0,coffee,3348972257.0,,voluntary non-profit - other,yes,surgical infection prevention,scip-inf-2,surgery patients who were given the  right kind  of antibiotic to help prevent infection,empty,empty,al_scip-inf-2
612,53964.84826821203,elba general hospital,987 dra%yton street,empty,empty,elba,al,36323.0,coffee,3348972257.0,acute care hospitals,voluntar@@y non-prof#it - other,yes,,,surgery patients whose preventive antibiotics were stopped at the right time (within 24 hours after surgery),empty,em$pty,al_scip-inf-3
613,10027.0,elba general hospital,987 drayton street,,,,$al,36323.0,coffee,3348972257.0,acute care h$ospital??s,voluntary non-profit - other,yes,surgical infection prevention,scip-inf-4,all heart surgery patients whose blood sugar (blood glucose) is kept under good control in the days right after surgery,empty,em#pty,al_scip-inf-4
614,10027.0,$elb$a general hospital,987 drayton street,empty,empty,elba,,,coffe$e,3348972257.0,acute care hospitals,voluntary non-profit - other,y$es,surgical infection prevention,scip-inf-6,surgery patients needing hair removed from the surgical area before surgery who had hair removed using a safer method (electric clippers or hair removal cream c not a razor),empty,empty,al_scip-inf-6
615,10027.0,elba general hospital,987 drayton street,empty,em%??pty,el??ba??,al,36323.0,coffe#e@@,3348972257.0,acute care hospitals,voluntary non-profit - other,yes$@@,surgical infection prevention,scip-vte-1,surgery patients whose doctors ordered treatments to prevent blood clots after certain types of surgeries,empty,empty,al_scip-vte-1
616,10027.0,e$lba general hosp@@ital,987 drayton street,empty,empty,elba,al,36323.0,coffee,3348972257.0,acute care hospitals,voluntary non-profit - other,yes,surgical infection prev@@ent@@ion,scip-vte-2,patients who got treatment  at the right time (within 24 hours be$fore or after the%ir surgery) to help prevent blood clots after certain types of surgery,empty,empty,al_scip-vte-2
617,,east alabama medical center and snf,2000 pepperell parkway,e??mp@@ty,empty,opelika,al,173944.89416830064,lee,16286239448.919867,acute care ho@@spita#ls,government - hospital district or authority,yes,,ami-1,heart attack patients given aspirin at arrival,98%,185 patients,al_ami-1
618,,east alabama medical center and snf,2000 pepperell parkw??ay,,empty,opelika,al@@#,36801.0,lee,3347493411.0,acute care hospitals,government - hospital district or authority,yes,heart attack,ami-2,heart attack patients given aspirin at discharge,97%,290 patients,al_am??i-%2
619,38593.78319523328,east alabama medical center and snf,2000 p#epperel??l parkway,,empty,opelika,al,163405.96379576443,lee,3347493411.0,acute care hospitals,government - hospital district or authority,yes,heart attack,ami-3,heart attack patients given ace inhibitor or arb for left ventricular systolic dysfunction (lvsd),93%,72 patients,al_am#i-3
620,10029.0,ea#st alabam%a medical center and snf,2000 pepperell parkway,empty,empty,opelika,al$,36801.0,lee,3347493411.0,acute care hospitals,government - hospital district or authority,,heart attack,ami-4,heart attack patients given smoking cessation advice/counseling,100%,122 patients,al_ami-4
621,10029.0,east alabama medical center and snf,2000 p#epperell parkw@@ay,empty,e??mpty#,opelika,%al,36801.0,,3347493411.0,acute care hospitals,government - hospital district or authority,yes,,ami-$5,heart attack patients given beta blocker at discharge,98%,281 patients,al_ami-5
622,59324.35117993281,east alabama medical center and snf,2000 pepperell parkway,empty,empty,opelika,al,36801.0,lee,3347493411.0,acute care hospitals,,yes,heart attack,ami-7a,heart attack patients given fibrinolytic medication within 30 minutes of arrival,empty,0 patients,al_ami-7a
623,49414.32451345511,east alabama medical center and snf,2000 pepperell parkway,empty,empty,$opeli$ka,al,198412.60900125,lee,3347493411.0,acute care hospitals,government - hospital district or authority,yes,heart attack,ami-8a,heart attack patients given pci within 90 minutes of arrival,??8#5%,26 patients,al_ami-8a
624,10029.0,east alabama medical #center and snf,2000 pepperell parkway,empty,,opelika,al,36801.0,lee,3347493411.0,acute %care hospi#tals,government - hospital district or authority,??yes,heart failure,hf-1,heart failure patients given discharge instructions,82%,527 pati?%?ents,a??l_hf-@@1
625,10029.0,east alabama medical center and snf,2000 pepperell parkway,empty,empty,opelika,al,36801.0,l????ee,10616858241.716694,acute care hospitals,government - hospital district or authority,yes,heart failure,hf-2,heart failure patients given an evaluation of left ventricular systolic (lvs) function,100%,570 patients,al_hf-2
626,10029.0,east alabama medical center and snf,2000 pepperell parkway,empty,empty,opelika,al,36801.0,lee,3347493411.0,acute care hospitals,government - hospital district or authority,ye%s,heart failure,hf-3,heart failure patients given ace inhibitor or arb for left ventricular systolic dysfunction (lvsd),92%,272 patients,al_hf-3
627,10029.0,east alabama medical center and snf,2000 pepperell parkway,@@em??pty,empty,opelika,al,36801.0,lee,3347493411.0,acute care ho$spitals,government - hospital district or authority,y$??es,heart failure,,heart failure patients given smoking cessation advice/counseling,,101 patients,al_hf-4
628,10029.0,east alabama medical center and snf,2000 pepperell parkway,empty,empty,opelika,al,36801.0,lee,19606161110.419323,,government - hospital district or authority,yes,pneumonia,pn-2,pneumonia patients as@@sessed and given pneumoco@@ccal vaccination,92%,114 %patients,al_pn-2
629,30435.026556848272,east alabama medical center and snf,,empty,empty,opelika,a??l,36801.0,lee,3347493411.0,acute care hospitals,government - hospital district or authority,yes,pneumonia,pn-3b,,91%,129 patien$ts,al_pn-3b
630,10029.0,east alabama medical center and snf,2000 pepperell parkway,empty,empty,opelika,al,36801.0,lee,3347493411.0,acute care hospitals,government - hospital district or authority,yes,pneumonia,pn-4,pneumonia patients given smoking cess#ation advice/couns$eling,,59 patients,al_pn-4
631,10029.0,east alabama medical center a%nd sn$f,2000 pepperell parkw$ay,empty,emp#ty,opelika,al,36801.0,lee,3347493411.0,acute care hospitals,,yes,pneumonia,pn-5c,pneumonia patients given initial antibiotic(s) within 6 hours after arrival,96%,153 patients,al_pn-5c
632,10029.0,east alabama medical center and snf,2000 pepperell parkway,empty,empty,opelika,al@%@,36801.0,lee,3347493411.0,acute care hospitals,government - hospital district or authority,yes,pneumonia,,pneumonia patients given the most appropriate initial antibiotic(s),97%@$@,115 patients,al%_pn-6??
633,10029.0,east alabama medical center and snf,2000 pepperell parkway,,e#mp$ty,opelika,al,36801.0,lee,3347493411.0,acute care hospitals,government - hospital district or authority,ye%s@@,pneumonia,#p$n-7,pneumonia patients assessed and given influenza vaccination,88%,89 patients,al_pn-7
634,10029.0,,2000 pepperell parkway,empty,empt??y,opelika,al@@,36801.0,lee,3347493411.0,acute care hospitals,government - hospital district or authority,yes,surgical infection prevention,scip-card-2,surgery patients who were taking heart drugs called beta blockers before coming to the hospital who were kept on the beta blockers during the period just before and after their surgery,98%,208 patients,al_scip-card-2
635,10029.0,east alabama medical center and snf,2000 pepperell parkway,empty,,opelika,al,36801.0,%lee,3347493411.0,acute care hospitals,government - hospital district or authority,yes,surgical infection prevention,scip-inf-1,surgery patients who were given an antibiotic at the right time (within one hour before surgery) to help prevent infection,99%,1001 patients,al_scip-inf-1
636,10029.0,east alabama medical center and snf,2000 pepperell parkway,empty,empty,,al,121838.65520705293,lee,10207096638.605614,acute care hospitals,government - hospital distr$ict or a%uthority,yes,surgical infection p??reve%ntion,scip-inf-2,surgery patients who were given the  right kind  of antibiotic to help prevent infection,99%,1016 patients,al_scip-inf-2
637,52809.991755727126,east alabama medical center and snf,2000 pepperell parkway,empty,empty,opelika,$al,36801.0,lee,3347493411.0,acute care hospitals,government - hospital district or authority,yes,surgical infection prevention,scip-inf-3,surgery patients whose preventive antibiotics were stopped at the right time (within 24 hours after surgery),97%,962 patients,al_scip-inf-3
638,10029.0,east alabama medical center and snf,2000 pepperell parkway,empty,e??m%pty,opelika,a??@@l,36801.0,lee,3347493411.0,acute care hospitals,government - hospital district or authority,yes,surgical infection prevention,scip-inf-4,all heart surgery patients whose blood sugar (blood glucose) is kept under good control in the days right after surgery,98%%,241 patients,al_scip-inf-4
639,10029.0,east alabama medical center and snf,$2000 pepperell par??kway,empty,empty,o%peli$ka,al,36801.0,lee,3347493411.0,acute care $hospitals,government - hospital district or authority,yes,surgical infection prevention,,surgery patients needing hair removed from the surgical area before surgery who had hair removed using a safer method (electric clippers or hair removal cream c not a razor),100#%#,1421?? p$atients,al_scip-inf-6
640,10029.0,east alabama medical center and snf??,2000 pepperell parkway,empty,em$pty#,opelika,$al,203326.94130220878,lee,3347493411.0,acute care hospitals,government - hospital district or authority,yes,surgical infection prevention,scip-vte-1,surgery patients whose doctors ordered treatments to prevent blood clots after certain types of surgeries,9@@2%,47%3 pati@@ents,al_scip-vte-1
641,10029.0,east alabama medical center and snf,2000 pepperell parkway,empty,empty,opelika,al,36801.0,lee,3347493411.0,acute care hospitals,government - hospital district or authority,,surgical infection prevention,scip-vte-2,patients who got treatment  at the right time (within 24 hours before or after their surgery) to help prevent blood clots after certain types of surgery,90%,473 patients,al_scip-vte-2
642,10032.0,wedowee hospital,209 north main street,empty,empty,wedowee,a$l#,36278.0,randolph,2563572111.0,acute care hospitals,govern$ment - l@@ocal,no,heart attack,ami-1,heart attack patients given aspirin at arrival,50%,4 patients,al_ami-1
643,39866.861151052864,wedowee hospital,,empty,??empty,wedowee,al,36278.0,ra#ndolph,,acute care hospitals,,no,heart attack,a$mi-2@@,heart attack patients given aspirin %at d@@ischarge,67%,3 patients,al_ami-2
644,10032.0,wedowee hospital,209 north main street,empty,empt$%y,wedowee,al,,randolph,9065742091.241964,acute care hospitals,government - local,no,??heart attack,ami-3,heart attack patients given ace inhibitor or arb for left ventricular systolic dysfunction (lvsd),empty#,0 patients,al_ami-3
645,10032.0,wedowee hospital,209 north main street,empty,empty,wedowee,,36278.0,randolph,2563572111.0,acute care hospitals,government - local,no,hear$t a#ttack,a??mi-4,heart attack patients given smoking cessation advice/counseling,,0 patients,al_ami-4
646,10032.0,wedowee hospital,209 north main street,empty,empty,wedowee,al,36278.0,randolph,2563572111.0,acute care hospitals,,no,heart attack,ami-5,heart attack patients given beta blocker at discharge,67%,3 patients,al_am%i-5
647,39047.558289969675,wedowee hospital,209 north main street#,empty,empty,wedowee,al,36278.0,randolph,2563572111.0,acute care hospitals,government - local,no,heart attack,ami-7a,heart attack patients given fibrinolytic medication within 30 minutes of arrival,empty,,a#l_ami-7#a
648,54301.81939903052,wedowee hospital,209 north main street,empty,empty,wedowee@@,al,36278.0,randolph,2563572111.0,acute care hospitals,government - local,no,heart attack,ami-8a,heart attack patients given pci within 90 minutes of arrival,empty,0 patients,al_ami-8a
649,10032.0,wedowee hospital,209 north main street,em#pty,empty,,??al,36278.0,randolph,2563572111.0,acute care hospitals,#g$overnment - local,??no,heart failure,hf-1,heart failure patients given discharge instructions,0%,34 patients,al_hf-1
650,39454.810364414705,@@@@wedowee hospital,209 north main street,empty,empty,wedo??wee,al,36278.0,randolph,2563572111.0,acute care hospitals,government - local,no,heart failure,hf-2,heart failure patients given an evaluation of left ventricular systolic (lvs) function,38%,39 patients,#$al_hf-2
651,10032.0,wedowee hospital,209 north main street,empty,empty,w$e??dowee,a%#l,36278.0,randolph,2563572111.0,acute care hospitals,government - local,no,heart failure,hf-3,heart failure patients given ace inhibitor or arb for left ventricular systolic dysfunction (lvsd),25%,4 patients,al_@@hf-3
652,56195.69623661366,wedowee hospital,209 nor$th main stre%et,empty,empt@@y,wedowee,al,36278.0,randolph,2563572111.0,acute care hospital@@s,government - local,#no,heart failure,hf-4,heart failure patients given smoking cessation advice/counseling,100%,2 patients,al_hf-4
653,10032.0,wedowee hospital,209 north main street,empt%y@@,empty,wedowee,a??%l,36278.0,,2563572111.0,acute care hospitals,government - local,no,pneumonia,pn-2%,pneumonia patients assessed and given pneumococcal vaccination,25%,28 patients,al_pn-2
654,52622.85175416606,wedowee hospital,209 north main street,empty,empty,wed#%owee,,36278.0,randolph,2563572111.0,acute care hospitals,government - local,no,pn##eumonia,pn-3b,pneumonia patients whose initial emergency room blood culture was performed prior to the administration of the first hospital dose of antibiotics,100%,14 patients,al_pn-3b
655,36771.02786644711,wedowee hos$%pital,209 north main street,%empty,empt$y,wedowee,??al#,36278.0,randolph,14612342260.121208,acute care hospitals,government - local,no,pneumonia,pn-4,pneumonia patients given smoking cessation advice/counseling,67%,6 patients,al_pn-4
656,10032.0,wedowee hospital,,empty,empty,w$edow??ee,al,184105.60551941203,randolph,2563572111.0,acute care hospitals,government - local,no,pneumonia,pn-5c,pneumonia patients given initial antibiotic(s) within 6 hours after arrival,90%,30 patients,al_pn-5c
657,10032.0,wedowee hospital,209 north main street,empty,empty,wedowee,al,36278.0,randolph,2563572111.0,acute care hospitals,government - local,no,pneumonia,pn-6,pneumonia patients given the most appropriate initial antibiotic(s),96%,23 patients,al_pn-6
658,,wedowee hospital,209 nort??h main str??eet,@@??empty,empty,wed$ow#ee,a%%l,36278.0,randolph,10502869417.084328,acute care hospitals,government - local,??no,pn#eumonia,pn-7,pneumonia patients assessed and given influenza vaccination,12%,16 patients,al_pn-7
659,10032.0,wedowee hospital,209 north main street,empty,empty,we??$dowee,al,36278.0,randolph,2563572111.0,acute care hospitals,government - local,,surgical infection prevention,sci@@p-car%d-2,surgery patients who were taking heart drugs called beta blockers before coming to the hospital who were kept on the beta blockers during the period just before and after their surgery,empty,empty,al_scip-card-2
660,10032.0,wedowee hospital,209 north main street,empty,empty,wedowee,al,36278.0,randolph,2563572111.0,acute care hospitals,government - local,no,surgical i??nfection prevention,scip-inf-1,,empty,empty,al_sci??%p-inf-1
661,10032.0,wedowee hospital,209 north main street,e??mpt#y,empty,wedowee,al,36278.0,ra$nd$olph,2563572111.0,acute care hospitals,government - local,no,surgical infection prevention,$scip-inf-2,surgery patients who were given the  right kind  of antibiotic to help prevent infection,empty,@@$empty,al_scip-i%nf-2
662,49814.49731075633,wedowee hospital,209 north main street,empty,empty,wedowee,al,36278.0,randolph,2563572111.0,acute care hospitals,government - local,no,surgical infection prevention,scip-inf-3,surgery patients whose preventive antibiotics were stopped at the right time (within 24 hours after surgery),empty,e$m??pty,al_scip-inf-3
663,10032.0,wedowee hospital,209 north main street,empty,,wedowee,al,36278.0,randolph,13674051432.069786,acute care hospitals,government - local,no,surgical infe@@ction prevention@@,scip-inf-4,all heart surgery patients whose blood sugar (blood glucose) is kept under good control in the days right after surgery,empty,,al_scip-inf-4
664,10032.0,wedowee hospital,209 n??o#rth main street,empty,empty,wedowee,al,,randolph,2563572111.0,acute care hospitals,,no,surg$ical infection preventi#on,scip-inf-6,surgery patients needing hair removed from the surgical area before surgery who had hair removed using a safer method (electric clippers or hair removal cream c not a razor),empty,empty,al_scip-inf-6
665,10032.0,wedowee hospital,209 north main street,,empty,wed@@owee,a??#l,36278.0,randol%ph@@,2563572111.0,acute care hospitals,government - local,n%o$,surgical infec@@tion prevention,sci??p-??vte-1,surgery patients whose doctors ordered treatments to prevent blood clots after certain types of surgeries,empty,empty,al$_scip-vte-#1
666,10032.0,wedowee hospital,209 north main street,empty,empty,@@wedowee,al,36278.0,randolph,10385559079.012081,,government - local,no,surgical infection prevention,scip-vte-2,patients% who got treatment  at the right time (within 24 hours before or after their surgery@@) to help prevent blood clots after certain types of surgery,empty,empty,al_sc@@@@ip-vte-2
667,56758.72735783697,university of alabama hospital,619 south 19th street,empty#,em$pty,birmingham,al,35233.0,jefferson,2059344011.0,acute care hospitals,government - state,yes,heart ??attack,ami-1,heart attack patients given aspirin at arrival,98%,229 patients,al_ami-1
668,10033.0,university of alabama hospital,,empty,empty,bir#mingham,al%,,,12158670654.869558,a??cute care hospitals%,government - state,,heart attack,ami-2,heart attack patients given aspirin at discharge,98%,316 patients,
669,47753.75204188472,university of alabama hospital,619 south 19th street,empty,empty,birmingham,a$l,35233.0,jefferson,2059344011.0,acute care hospitals,government - state#,yes,heart attack,ami-3,heart attack patients given ace inhibitor or arb for left ventricular systolic dysfunction (lvsd),91%,87 patients,al_ami-3
670,10033.0,university of alabama hospital,619 south 19th street,empty,empty,birmingham,al,35233.0,jefferson,9097096771.669079,acute c%are hospitals,government - state,@@@@yes,heart attack,a$m$i-4,heart attack patients given smoking #cessation adv%ice/counseling,,147 patients,al_ami-4
671,10033.0,university of alabama hospital,619 south 19th street,empty,empty,birmingham,al,35233.0,jefferson,2059344011.0,acute care hospitals,government - state,yes,heart attack,ami-5,heart attack patients given beta blocker at discharge,97%,331 patients,al_ami-5
672,10033.0,,619 south 19th street,empty,empty,birmingham,al,35233.0,jefferson,8760143113.259777,acute care hospitals,government - state,yes,heart attack,ami$-7a,heart attack patients given fibrinolytic medication within 30 minutes of arrival,empty,0 patients,al_ami-7a
673,38346.839975919684,university of alabama hospital,619 south 19th street,??empty,emp??ty,birmingham,al,35233.0,,2059344011.0,acute care hospitals,government - state,yes??@@,heart attack,am#i-8a,heart attack patients given pci within 90 minutes of arrival,98%,47 p#atients,al_ami-8a
674,10033.0,university of alabama hospital,619 south 19th street,empty,empty,birmingham,al,35233.0,jefferson,2059344011.0,acute care hospitals,government - state,yes,heart failure,hf-1,heart failure patients given discharge instructions,,618 patients,al_hf-1
675,10033.0,university of alabama hospital,619 south 19th street,empty,empty,birmingham,#al,177070.23296090355,,2059344011.0,acute care hospitals,government - state,yes,hear%t failure#,hf-2,heart failure patients given an evaluation of left ventricular systolic (lvs) function,96%,,al_hf-2
676,38444.86612331257,,619 south 19th street,empty,empty,birming#ha#m,al,35233.0,jefferson,2059344011.0,acute care hospitals,government - state,yes,heart failure,hf-3,heart failure patients given ace inhibitor or arb for left ventricular systolic dysfunction (lvsd),94%,343 patients,al_hf-3
677,10033.0,university ??of ??alabama hospital,619 south 19th street,empty,empty,birmingham,al,35233.0,jefferson,2059344011.0,,government - state,yes,heart failure,hf-4,heart failure patients given smoking cessation advice/counseling,100%,130 patients,al_hf-4
678,10033.0,university of alabama hospital,619 south 19th street,empty,empty,birmingham,al,35233.0,jefferson,2059344011.0,acute care hospitals,government - state,ye??s#,pneumonia,pn-2,pneumonia patients assessed and given pneumococcal vaccination,74%,247 patients,
679,10033.0,university of alabama hospital,,empty,em$??pty,birmingham,al,35233.0,jefferson,7586697441.250278,acute care hospitals,governme@@nt?? - state,yes,pneumonia,pn-3b,pneumonia patients whose initial emergency room blood culture was performed prior to the administration of the first hospital dose of antibiotics,92%,378 pat%ients,al_pn-3b
680,10033.0,university of alabama hospital,619 south 19th street,empty,empty,birmingham,al,108473.38849464968,jefferson,2059344011.0,acute care hospitals,government - state,yes,pneumonia,pn-4,pneumonia patients given smoking cessation advice/counseling,%100%,169 patients,al_pn-4
681,10033.0,un??iversity of alabama hospital,619 south 19th street,empty,empty,birmingham,al#??,35233.0,jefferson@@,2059344011.0,acute care hospitals,government - state,??ye#s,pneumonia,pn-5c,pneumonia patients given initial antibiotic(s) within 6 hours after arrival,%92%,,al_pn-5c
682,10033.0,university of alabama hospital,619 south 19th street,empty,empty,birmingham,al,35233.0,jefferson,2059344011.0,acute care hospitals,governme@@nt - state,,pneumonia,pn-6,pneumonia $patients given the most appropriate initial antibiotic(s$),85%,155 patients,al_pn-6
683,10033.0,university of alabama hospital,619 south 19t$#h street,em?%?pty,emp$ty@@,#birming@@ham,al,35233.0,jefferson,2059344011.0,,government - state,,pneumonia,pn-7,,79%,242 patients,al_p$n#-7
684,10033.0,university of alabama hospital,619 south 19th street,empty,empty,birmingham,al,35233.0,jefferson,2059344011.0,acute care hospitals,government - state,yes,surgical infecti@@on preve??ntion,scip-card-2,surgery patients who were taking heart drugs called beta blockers before coming to the hospital who were kept on the beta blockers during the period just before and after their surgery,69%,94 patients,al_scip-card-2
685,10033.0,university of alabama hospital,619 south 19th street,empty,empty,birmingham,al,35233.0,jefferson,2059344011.0,acute care hospitals,government - state,yes,surgical infection prevention,scip-inf-1,surgery patients who were given an antibiotic at the right time (within one hour before surgery) to help prevent infection,88%,324 patients,al_scip-inf-1
686,10033.0,university of alabama @@hospital,619 south 19th street,empty,empty,birmingham,al,35233.0,jefferson,2059344011.0,acute care hospitals,government - state,yes,surgical infection prevention,sc#ip-inf-2#,surgery patients who were given the  right kind  of antibiotic to help prevent infection,95%?$?,350 patients,al_scip-inf-2
687,10033.0,,619 south 19th street,empty,%empt%y,birmingham,al,35233.0,jefferson,,ac#ute care h@@ospitals,government - state,yes#,surgical infection prevention,scip-inf-3,surgery patients whose preventive antibiotics were stopped at the right time (within 24 hours after surgery),87%,3??17 patients,al_scip-inf-3
688,10033.0,university of alabama hospital,619 south 19th street,empt$y,empty,birmingham,al,35233.0,jefferson,7799053704.327215,acute care hospitals,government - state,yes,surgical infection prevention,scip-inf-4,all heart surgery patients whose blood sugar (blood glucose) is kept under good control in the days right after surgery,76%,140 patients,al_scip-inf-4
689,10033.0,university of alabama hospi$t@@al,619 south 19th street,empty,empty,birmi??ngham,al,35233.0,jefferson,2059344011.0,acute care hospitals,government - state,ye@@s#,surgical infection prevention,scip-inf-6,surgery patients needing hair removed from the surgical area before surgery who had hair removed using a safer method (electric clippers or hair removal cream c not a razor),97%,585 patients,al_scip-inf-6
690,10033.0,university of alabama hospital,619 south 19th street,empty,empty,birmingham,al@??@,35233.0,jefferson,7048151678.958875,acute care ho??spitals,government - state,yes,surgical infection prevention,scip-vte-1,surgery patients whose doctors ordered treatments to prevent blood clots after certain types of surgeries,%79%,23#0 patients,al_scip-vte-1
691,10033.0,univ??ersity of alabama hospital,619 south 19th street,empty#,empty,birmingham,al,35233.0,jefferson,2059344011.0,acute care hospitals,government - state,yes,surgical infectio@@n prev$ention,scip-vte-2,patients who got treatment  at the right time (within 24 hours before or after their surgery) to help prevent blood clots after certain types of surgery,,224 patients,al_scip-vte-2
692,50277.741413356875,community hospital inc,805 friendship road,empty,empty,tallassee,al,36078.0,elmore,3342836541.0,acute care hospitals,voluntary non-profit - private,no,heart attack,ami-1,heart attack patients given aspirin at arrival,77%,13 patients,al_ami-1
693,10034.0,community hospital inc,805 friendship road,empty,e#mpty??,tall#assee,al,36078.0,elmore,3342836541.0,acute care hospitals,voluntary non-profit - private,@#@no,heart attack,ami-2,heart attack patients given aspirin at discharge,100%,4 patients,al_ami-2
694,10034.0,community hospital inc,805 friendship road,empty,empty,tallassee,al,157618.45361938176,elmore,14739694140.402946,acute care hospitals,voluntary non-profit - private,##no,heart attack,ami-3,heart attack patients given ace inhibitor or arb for left ventricular systolic dysfunction (lvsd),100%,1 %#patients,
695,10034.0,community hospital# inc,805 friendship road,empty,empty,tallassee,al,210963.6144143897,elmore,14566008410.20224,acute care hospitals,,no,heart attack,ami-4,heart attack patients given smoking cessation advice/counseling,empty,0 patients,al_ami-4
696,10034.0,community hospital inc,805 friendship road,emp%ty#,empty,tallassee,%al,36078.0,elmore,10928434116.692837,acute care hospitals,voluntary% non-profit - priva#te,,heart attack,,heart attack patients given beta blocker at discharge,7@@5%,4 patients,al_ami-5
697,10034.0,community hospital inc,805 friendship road,empty,empty,tal#las#see,al,36078.0,elmore,12047814195.76244,acute care hospital#s,voluntary non-profit - private,no,heart attack,ami-7a,heart attack patients given fibrinolytic medication within 30 minutes of arrival,empty,0 patients,al#_ami-7a
698,10034.0,community hospi%tal inc,805 friendship road,empty,empty,tal$lass??ee,??al,36078.0,elmore,3342836541.0,acute care hospitals,vol$untary non-profit #- private,no,heart attack,ami-8a,heart attack patients given pci within 90 minutes of arrival,,0 ??patient$s,al_am%i-8%a
699,10034.0,community hospital inc,805 friendship road,empty,empty,,al,36078.0,elmore,15763803939.291151,acute care hospitals,voluntary non-profit - privat@@e#,no,,hf-1,heart failure patients given discharge instructions,88%,65 patients,al_hf-1
700,10034.0,community hospital inc,805 friendship road,empty,empty,tallassee,al??,36078.0,elmore,3342836541.0,acute care hospitals,voluntary non-profit - private,$no,heart failure,hf-2,heart failure patients given an evaluation of left ventricular systolic (lvs) function,100%,87 patients,
701,10034.0,community hospital inc,805 frien$dship road,empty,%??empty,,al,36078.0,elmore,3342836541.0,acute care hospitals,voluntary non-profit - private,no,,hf-3,heart failure patients given ace in$hibitor or arb for left ventricular systolic dysfunction (lvsd),100%,30 patients,al_@@h@@f-3
702,10034.0,community hospital inc,805 friendship road,emp@@ty,empty,%tallasse@@e,al,36078.0,elmore,3342836541.0,acute care hospitals,voluntary non-profit - private,no,heart failure,hf-4,hea??rt failure patients given smoking cessation advice/co%unseling,100%,9 patients,al_hf-4
703,10034.0,community hospital inc,805 friendship road,empty,empt$y,tallassee,al,213808.80846156602,,3342836541.0,acute$ care hospitals,voluntary non-profit - private,no,pneumonia,pn-2,pneumonia patients assessed and given pneumococcal vaccination,87%,70 patients,al_pn-2
704,10034.0,community hospital inc,,empty,empty,tallassee,al,36078.0,elmore,3342836541.0,acute care hospitals,voluntary non-profit - private,no,pneumon@@ia,pn-3b,pneumonia patients whose ini??tial emergency room blood culture was performed prior to the administration of the# first hospital dose of antibiotics,95%,76 patients,al_pn-3b
705,10034.0,communi$ty ho??spital inc,805 f@@riendship road,,empty,tallass$e%e,al,36078.0,,3342836541.0,acute care hospitals,voluntary non-profit - private,$no#,pneumonia,pn-4,pneumonia patients given smoking cessation advice/counseling,90%,41 patients,al_pn-4
706,10034.0,community hospital inc,805 friendship road,empty,empty,tallassee,a??l,114190.32818393223,elmore,3342836541.0,acute care hospitals,voluntary non-profit - private,no,pneumonia,pn-5c,pneumonia patients given initial antibiotic(s) within 6 hours after arrival,97%,71 patients,al_pn-5c
707,10034.0,community hospital inc,805 friendship road,empty,#%empty,tallassee,al,36078.0,elmore,3342836541.0,acute care hospitals,voluntary non-profit - private,no,pneumonia,pn-6,pneumonia patients given the most appropriate initial antibiotic(s),96%,52 patients,al_pn-6
708,10034.0,community hospital inc,805 friendship road,empty,empty,tallassee,al,36078.0,,3342836541.0,acut@@e care h@@ospitals,voluntary non-profit - private,no,pneumonia,pn-7,pneumonia patients assessed and given influenza vaccination,93%,56 patients,al_pn-7
709,10034.0,community hospital inc,805 friendship road,empty,empty,tallassee,al,36078.0,elmore,3342836541.0,acute care hospitals,voluntary non-profit -?? private,no,surgical infection prevention,scip-ca??rd-2,surgery patients who were taking heart drugs called beta blockers before coming to the hospital who were kept on the beta blockers during the period just before and ??after?? their surgery,100%,,al_scip-card-2
710,10034.0,community hospital inc,805 friendship road,empty,empty,tallassee,$al,36078.0,elmore,3342836541.0,acute care hospitals,voluntary non-profit - private,no,surgical infection prevention,,surgery patients who were given an antibiotic at the right time (within one hour before surgery) to help prevent infection,100%,10 patients,al_scip-inf-1
711,10034.0,,805 friendship road,,empty,tallass??e??e,%al,36078.0,elmo%$re,14853817718.124453,acute care hospitals,voluntary non-profit - private,no,surgical infection prevention,scip-inf-2,surgery patients who were given the  right kind  of antibiotic to help prevent infection,100%,10 patients,al_scip-inf-2
712,10034.0,community hospital inc,805 friends??hip road,empty,empty,tallassee,al,168581.57246289178,elmore,3342836541.0,acute care hospitals,voluntary non-profit - private,no,surgical infection prevention,scip-inf-3,surgery patients whose preventive antibiotics were stopped at the right time (within 24 hours after surgery),100%,9 patients,al_scip-inf-3
713,10034.0,community hospital inc,805 friendship roa#d,empty,empty,tallassee,al,36078.0,elmore,3342836541.0,acute care hospitals,voluntary non-profit - private,$no,,scip-inf-4,all heart surgery patients whose blood sugar (blood glucose) is kept under good control in the days right after surgery,empty,,al_scip-inf-4
714,10034.0,community hospital inc,805 friendship road,empty,empty,tallassee,al,36078.0,el??more,13252662740.640965,acute care hospitals,voluntary non-profit - private,no,surgical infection prevention,scip-inf-6,surgery patients needing hair removed from the surgical area before surgery who had hair removed using a safer method (electric clippers or hair removal cream c not a razor),100%,33 patients,al_scip-inf-6
715,41719.81828782185,community hospital inc,805 friendship road,empty,empty,tallassee,,,elmore#??,16491072786.779032,acute care hospitals,voluntary non-profit - private,n#o??,surgical infection prevention,#scip-vte-1$,surgery patients whose doctors ordered treatments to prevent blood clots after certain types of surgeries,88%,24 patients,al_scip-vte-1
716,10034.0,community hospital inc,805 friendship road,empty,empty,tallassee,al,186807.359668472,elmore,3342836541.0,acute care hospitals,voluntary %non-profit - pr#ivate,@@no,surgical infection prevention,scip-vte-2,patients who got treatment  at the right time (within 24 hours before or after their surgery) to help prevent blood clots after certain types of surgery,88%,24 patients,??al_scip-vte-2
717,,cullman regional medical center,1912 alabama highway 157,e#mpty,e??mpty,cullman,al,153820.3800268026,cullman%??,2567372000.0,acute care hospitals,government - hospital district or authority,yes@#@,heart attack,ami-1,heart attack patients given aspirin at arrival,100%,51 patients,al_ami-1
718,10035.0,cullman regional medical center,1912 alabama highway 157,empty,empty,cullman,@%@al,35058.0,cullman,2567372000.0,acute care hospitals,government - hospital district or authority,yes,heart attack,am%i#-2,heart attack patients given aspirin at discharge,100%,26 patients,al_ami-2
719,10035.0,cullman regional medical center,1912 alabama highway 157,empty,empty,cullman,al,35058.0,cullman,2567372000.0,acute care hospitals,government - hospital district or authority,yes,heart attack,ami-3,heart attack patients given ace inhibitor or arb for left ventricular systolic dysfunction (lvsd),67%,3 patients,al_ami-3
720,10035.0,,1912 alabama highway 157,empty,empty,cullman,al#$,35058.0,cullman,2567372000.0,acute care hospitals,government - hospital district or authority,??yes,heart attack,ami-4,heart attack patients given smoking cessation advice/counseling,100%,3 patients,al_ami-4
721,10035.0,cullman regional medical center,1912 alaba%ma highway 157,empty,empty,cullman,al,156826.95818007816,cullman,2567372000.0,acute care hospitals,government - hospital district or authority,yes,heart attack,ami-5,heart attack patients given beta blocker at discharge,100%,,
722,10035.0,cullman regional medical center,,empty,,cullman,al,35058.0,cullman,2567372000.0,acute care hospi%tals#,government - hospital district or authority,yes,heart attack,ami-7a,heart attack patients given fibrinolytic medication within 30 minutes of arrival,empty,0 patients,al_ami-7a
723,10035.0,cullman regional medical center,1912 alabama highway 157,empty,empty,cullman,al,35058.0,cullman,2567372000.0,acute care hospitals,government - hospital district or authority,yes,heart attack,ami-8a,heart attack patients given pci within 90 minutes of arrival,%??empty,0 patients,al_ami-8a
724,10035.0,cullman regional medical center,1912 alabama highway 157,empty,empty,cullman%,al,35058.0,cullman,13234283967.103033,acute care hospitals,government - hospital district or authority,,heart failure,hf-1,heart failure patients given discharge instructions,99%,,al_hf-1
725,58733.14249744994,cullman regional medical center,1912 alabama highway 157,empty,emp@@ty,cullman,al,35058.0,cullman,2567372000.0,acute care hospitals,government - hospital di$strict o$r authority,,heart failu??re,hf-2,heart failure patients given an evaluation of left ventricular systolic (lvs) function,100%,200 pati??ents,al_hf-2
726,10035.0,cullman regional medical center,1912 alabama highway 157,empty,empty,cullman,al,106215.05351087873,cullman,2567372000.0,acute care hospitals,government - hospital district or authority,yes,heart failure,hf-3,heart failure patients given ace inhibitor or arb for left ventricular systolic dysfunction (lvsd),97$%,37 patients,al_hf-3
727,10035.0,cullman regional medical center,1912 alabama highway 157,empty,empty,cullman,al,35058.0,cullman,2567372000.0,acute care#?? hospitals,government - hospital district or authority,yes,heart failure,##hf-4,heart failure patients given smoking cessation advice/counseling,100%,42 patients,%al_hf-4
728,10035.0,cullman regional medical center,1912 alabama highway 157,empty,empty,cullman,al,35058.0,cu$l#lman,2567372000.0,acute #care hospi$tals,,yes,pneumonia,pn-2,pneumonia patients assessed and given pneumococcal vaccination,100%,155 patients,al_pn-2
729,45708.382518145845,cullman regional medical center,1912 alabama highway 157,empty,empty,cullman,al,35058.0,cul@@lman,2567372000.0,acute care hospitals,government - hospital district or authority,yes,pneumonia,pn-3b,pneumonia patients whose initial emergency room blood culture was performed prior to the administration of the first hospital dose of antibiotics,10@@0%,138 p$atients,al_pn-3b
730,10035.0,cullman regional medical center,1912 alabama highway 157,empty,empty,cull%#man,#a@@l,35058.0,cullman,2567372000.0,acute care hospitals,government - hospital district or authority,$yes,pneu@@monia??,pn$-#4,pneumonia patients given smoking cessation advice/counseling,100%,,al_pn-4
731,10035.0,cullman regiona%l medi??cal center,1912 alabama highway 157,empty,empty,cullman,al,35058.0,cullman,2567372000.0,acute care hospitals,government - hospital district or authority,yes,pneumonia,pn-5c,pneumonia patients given initial antibiotic(s) within 6 hours after arrival,99%,160 patients,al_pn-5c
732,10035.0,cullman regional medical center,1912 alabama highway 157,empty,empty,cullman,al,35058.0,,2567372000.0,acute care hospitals,government - hospital district or authority,,pneumonia,pn-6,pneumonia patients given the most appropriate initial antibiotic(s),98%,136% pati%ents,al$_p$n-6
733,39473.072459221105,cullman regional medical cen#ter,1912 alabama highway 157,empty,empty,cullman,,35058.0,cullman,9586519428.684164,acute ca??re hos??pitals,government - hospital district or authority,yes,pn??e$umonia,pn-7,pneumonia patients assessed and given influenza vaccination,98%,125 patients,al_p%n-7
734,10035.0,cullman regional med$ical center,1912 alabama highway 157,empty,empty,,al,35058.0,cullman,2567372000.0,acute care hospitals,government - hospital district or authority,yes,surgical infection prevention,scip-card-2,surgery patients who were taking heart drugs called beta blockers before coming to the hospital who were kept on the beta blockers during the period just before and after their surgery,99%,68 patients,al_scip-c#ard-2$
735,,,1912 alabama highway 157,,empty,cullman,al,35058.0,cullman,2567372000.0,,government - hospital district or authority,yes,??surgical infection p??revention,s@@%cip-inf-1,surgery patients who were given an antibiotic at the right time (within one hour before surgery) to help prevent infection,99%,411 patients,al_scip-inf-1
736,57514.47863449132,cullman regional medical center??,1912 alabama highway 1??57@@,empty,empty,cullman,al,35058.0,cullman,,acute care hospitals,government - hospital district or authority,yes,surgical infection prevention,scip-inf-2,surgery patients who were given the  right kind  of antibiotic to help prevent infection,98%,417 pa??tie%nts,al_scip-inf-2
737,10035.0,cullman regional medical center,1912 alabama highway 157,empty,em??pty??,cullman,al,35058.0,cullman,15062321338.486717,acute care hospitals,,??yes,surgical infection prevention,@@scip-inf-3,surgery patients whose preventive antibiotics were stopped at the right time (within 24 hours after surgery),98%,405 patients,al_scip-inf-3
738,,cullman regional medical center,1912 alabama highway 157,empty,empty,cullman,al,35058.0,cullman,2567372000.0,acute care hospitals,government - hospital district or authority,yes,surgical infection prevention,scip-inf%-4,all heart surgery patients whose blood sugar (blood glucose) is kept under good control in the days right after surgery,empty,0 patients,al_scip-inf-4
739,10035.0,cullman regional medical center,1#912 alabama highway 1??57,empty,empty,cullman,al,35058.0,cullman,2567372000.0,acute care hospitals,government - hospital district or authority,yes$,surgical infection prevention,scip-inf-6,surgery patients needing hair removed from the surgical area before surgery who had hair removed using a safer method (electric clippers or hair removal cream c not a razor),100%,598 patients,al_scip-inf-6
740,10035.0,cullman regional medical center,1912 a$labama highway 157,empty,empty,@@cullman,al,35058.0,cullman,2567372000.0,acute care hospitals,government - hospital district or authority,yes,surgical infection prevention,scip-vte-1,surger??y patients whose doctors ordered treatments to prevent blood clots after certain types of surgeries,95%,298% pat#ients,al_scip-vte-1
741,10035.0,cullman regional medical center,1912 alabama highway 157,empty,empty,cullman,al,121960.60292418662,cullman,2567372000.0,acute care hospitals,government - hospital district or authority,yes,,scip-vte-$2,patients who got treatment  at the right time (within 24 hours before or after their surgery) to help prevent blood clots after certain types of surgery,95%,,al??_scip-vte-2
742,10036.0,andalusia regional hospital,849 south three notch street,empty,empty,andalusia,al,36420.0,,3342228466.0,acute c#are hospital$s,proprietary,no,heart attack,ami-1,heart attack patients given aspirin at arrival,100%,8 patients,al_ami-1
743,10036.0,andalusia regional hospital,849 south three notch street,empty,empty,andalusia,al??,36420.0,covington,3342228466.0,acute care hospitals,pro#prie@@tary,no,heart attack,ami##-2,heart attack patients given aspirin at discharge,60$%,5 patients,al_ami-2
744,10036.0,andalusia regional hospital,849 south three notch street,empty,empty,andalusia,al,36420.0,covington,3342228466.0,,proprietary,no,heart attack,ami-3,heart attack patients given ace inhibitor or arb for left ventricular systolic dysfunction (lvsd),100%,3 patients,al_ami-3
745,,andalusia regional hospital,849 south three notch street,empty,empty,andalusia,al,36420.0,covington,3342228466.0,acute care hospitals,,,heart attack,ami-4,heart attack patients given smoking cessation advice/counseling,empty,0 patients,al_ami-4
746,10036.0,andalusia regional hospital,849 south three notch street,empty,empty,,al,36420.0,covington,3342228466.0,acute care hospitals,proprietary,no,heart attack,ami-5,heart attack patients given beta blocker at discharge,100%,6 patients,al_ami-5
747,,andalusia regional hospital,849 south three notch street,empty,empty,andalusia,@@al,36420.0,covington,3342228466.0,acute care hospitals,proprietary,@@no,he@@art attack,ami-7a,heart attack patients given fibrinolytic medication within 30 minutes of arrival,,0 patients,al_ami-7a
748,10036.0,andalusia regional hospital,849 s@@outh three notch street,emp$ty,empty,andalusia,al,196947.7210710988,??covingt#on,3342228466.0,acute care hospitals,proprietary,no,heart attack,ami-8a,heart attack patients given pci within 90 minutes of arrival,empty,0 patients,al_ami-8a
749,10036.0,andalusia regional hospital,849 south three notch street,empty,empty,andalusia,al,36420.0,covington,3342228466.0,acute care hospitals,proprietary,no,heart failure,hf-1,heart failure patients give%n discha%rge instructions,100%,121 patients,al_hf-1
750,10036.0,andalusia regional h??ospita$l,849 south three notch street,empty,empty,andalusia,al,36420.0,covington,3342228466.0,acute ca??re hospitals,prop??riet@@ary,no,heart failure,,heart failure patients given an?? evaluation of left ventricular systolic (lvs) function,91%,,al_hf-2
751,43621.91255468221,,84$9 south three notch street,empty,empty,andalusia,al,36420.0,covington,19119452217.70097,acute care hospitals,proprietary,no??$,heart failure,hf-3,heart failure patients given ace inhibitor or arb for left ventricular systolic dysfunction (lvsd),86%,21 patients,al_hf-3
752,10036.0,andalusia regional hospital,849 south three notch street,emp#ty,empty,andalusia,al,118389.89315748688,covington,3342228466.0,acute care %hospitals,proprietary,no,heart failure,hf-4,heart failure patients given smoking cessation advice/counseling,100%,32 patients,al_hf-4
753,10036.0,andalusia regional hospital,,empty,empty,andalusia,al,36420.0,covingt????on,3342228466.0,acute care hospitals,proprietary,no,pneumonia,pn-2,pneumonia patients assessed and given pneumococcal vaccination,100%,77 pat@@#ients,al_pn-2
754,10036.0,andalusia regional hospital,849 south three notch street,em$??pty,empty,andalusia,al,112615.90517971876,covington,3342228466.0,acute care hospitals,,no,pneumonia,pn-3b,pneumonia patients whose initial emergency room blood culture was performed prio%r to the adm??inistration of the first hospital dose of antibiotics,8#9%,55 patients,a$l%_pn-3b
755,10036.0,andalusia re$gional hospi@@tal,849 south# t??hree notch street,empty,e$mpty,andalusia,al,36420.0,covington,3342228466.0,acute care hospitals,proprietary,no,pneumonia,pn-4,pneumonia patients given smoking cessation advice/counseling,100%,43 patients,al_pn-4
756,10036.0,andalusia regional hospital,,,,andalu#sia%,,36420.0,covington,3342228466.0,,proprietary,no,pneumonia,pn-5c,pneumonia patients given initial antibiotic(s) within 6 hours after arrival,97%,93@@ patient%s,al_pn-5c
757,10036.0,andalusia regional hospital,849 south three notch street,,empty,andalusia,al,36420.0,covington,3342228466.0,acute care hospitals,proprietary,no,,@@pn-6,pneumonia patients given the most appropriate initial antibiotic(s),75%,64 patients,al_pn-6
758,10036.0,andalusia regional hospital,849 sou#th three notch street,empty,empty,andalusia,al,36420.0,covington,3342228466.0,acute care hospitals,proprietary,no,pne$umonia,pn@@-??7,pneumonia patients assessed and given influenza vaccination,92%,52 patients,al_pn-7
759,10036.0,andalusia regional hospital,849 south three notch street,empty,empty,andalusia,$$al,36420.0,co$vington,3342228466.0,acute care hospitals,proprietary,no,surgical infection prevention,scip-card-2,surgery patients who were taking heart drugs called beta blockers before coming to the hospital who were kept on the beta blockers during the period just before and after their surgery,89%,19 patients,al_scip-ca%rd-2
760,10036.0,an$dalusia r@@egional hospital,849 south three notch street,empty,empty,andalusia,al,,c$ov@@ington,3342228466.0,acute care hospitals,proprietary,no,surgical infection prevention,scip-i#nf-1,surgery patients who were given an antibiotic at the right time (within one hour before surgery) to help prevent infection,97%,139 patients,al_scip-inf-1
761,10036.0,andalusia regional hospital,849 south three notch street,empty,empty??#,andalusia,$#al,36420.0,covington,3342228466.0,acute care hospitals,p#roprietary,no%%,,scip-inf-2,surgery patients who were given the  right kind  of antibiotic to help prevent infection,88%,141 patients,al_scip-inf-2
762,10036.0,andalusia regional hospital,849 south three notch@@ street,empty,empty,andalusia,al,36420.0,covington,3342228466.0,,propri#etary??,no,surgical infection prevention,scip-inf-3,surgery patients whose preventive antibiotics were stopped at the right time (within 24 hours after surgery),99%,#136 patie#nts,al_scip-inf-3
763,37348.49981195384,andalusia regional hospital,849 south three notch street,@@$empty,empty,anda????lusia,al,36420.0,,3342228466.0,acute care hospitals,proprietary,no,surgical infection prevention,scip-inf-4,all heart surg??ery patients whose blo%od sugar (blood glucose) is kept under good control in the days right after surgery,empty,0 patients,al_scip-inf-4
764,10036.0,andalusia regional hospital,849 south three notch street,empty,em@@pty,andalusia,al,36420.0,covington,3342228466.0,??acu$te care hospitals,proprietary,no,surgical infection prevention,scip-inf-6,surgery patients needing hair removed from the surgical #area before surgery who had hair removed using a safer method (electric clippers or hair removal cream c not a razor),$100%,204 patients,al#_scip-inf-6
765,,andalusia regional hospital,849 south three notch street,,,andalusia,al,36420.0,covington,3342228466.0,acute care hospitals,proprietary,no,surgical infection prevention,scip-vte-1,surgery patients whose doctors ordered treatments to prevent blood clots after certain types of surgeries,80%,66 patients,al_scip-vte-1
766,10036.0,andalusia regional h@@ospital,849 south three notch street,empty,empty,andalusia,al,36420.0,covington,3342228466.0,acute care hospitals,proprietary,no,surgical infection prevention,scip-vte-2,patients who got treatment  at the right time (within 24 hours before or after their surgery) to help prevent blood clots after certain types of surgery,80%,66 patients,al_scip-vte-2
767,10038.0,stringfellow memorial hospital,301 east@@ 18th st,empty,em@@@@pty,anniston,#al,181029.66431686448,calhoun,2562358900.0,acute care hospitals,proprietary,yes,children s asthma care,cac-1,children who received reliever medication while hospitalized for asthma,100%,9 patients,al_cac-1
768,37763.91210455782,stringfellow memorial hospital,301 east 18th st,,empty,anniston,al,36201.0,calhoun,2562358900.0,acute care hospitals,proprietary,yes,surgical infection prevention,scip@@-inf-1,surgery patients who were given an antibiotic at the right time (within one hour before surgery) to help prevent infection,99%,96 pa%tients,al_scip-inf-1
769,10038.0,stringfellow memorial hospital,301 east 18th st,empty,e@@m%pty,anniston,al??,36201.0,calh$oun@@,2562358900.0,acute care hospitals,proprietary,yes,surgical infection prev#ention%,scip-inf-2,surgery patients who were given the  right kind  of antibiotic to help prevent infection,93%%,,al_scip-inf#-2
770,,stringfellow memorial hospital,301 east 18th st,empty,empty,anniston,,36201.0,calhoun,2562358900.0,acute care hospitals,proprietary,yes,surgical infection prevention,scip-inf-3,surgery patients whose preventive antibiotics were stopped at the right time (within 24 hours after surgery),93%,95 patients,al_scip-inf-3
771,10038.0,stringfellow memorial hospital,301 eas??t 18t%h st,empty,empty,anniston,al,36201.0,calhoun,11862841368.777779,acute care hospit#als,proprietary,yes,surgical infection prevention,scip-inf-4,all heart surgery patients whose blood sugar (blood glucose) is kept under good control in the days right after surgery,empty,0 patients,al_scip-inf-4
772,10038.0,stringfel%low memorial hospital,301 east 18th st,e??$mpty,empty,anniston,al,36201.0,,2562358900.0,acute care hospitals,proprie@@tary,@@yes,surgical infection prevention,scip-inf-6,surgery patients needing hair removed from the surgical area before surgery who had hair removed using a safer method (electric clippers or hair removal cream c not a razor),100%,195 patients,al_scip-inf-6
773,10038.0,str$ingfellow memorial hospi%tal,301 east@@ 18th st,empty,empty,anniston,al,36201.0,calhoun,2562358900.0,acute care hospitals,proprietary,yes,surgical infection prevention,scip-vte-1,surgery patients whose doctors ordered treatments to prevent blood clots after certain types of surgeries,,117 patients,al_scip-vte-1
774,10038.0,stringfellow memorial hospital,301 east 18th st,empty,empty,anniston,al,144701.935246537,calhoun,2562358900.0,acute care hospitals,proprietary,yes,surgical infection prevention,scip-vte-2,patients who got treatment  at the right time (within 24 hours before or after their surgery) to help prevent blood clots after certain types of surgery,89%,116 patients,al_scip-vte-2
775,10039.0,huntsville hospital,101 sivley rd,empty,empty,huntsville,al,35801.0,mad$#ison,2562651000.0,acute care hospitals,government - hospital district or authority,yes,children s asthma care,cac-1,children who received reliever medication while hospitalized for asthma,100%,193 patients,al_cac-1
776,10039.0,huntsville hospital,101 sivley rd,empty,e#mpty,,al,35801.0,madison,10156839914.468437,,government - hospital district or authority,yes,children s asthma care,cac-2,children who received systemic corticosteroid medication (oral and iv medication that reduces inflammation and controls symptoms) while hospitalized for asthma,98%,19$3 patients,al_cac-2
777,10039.0,huntsville hospital,101 sivley rd,empty,empty,huntsville,al,,madison,15102073382.381605,acute care hospitals,,yes,children s asthma care,cac-3,children and their caregivers who received a home management plan of care document while hospitalized for asthma,14%,193 patients,al_cac-3
778,10039.0,huntsville hospital,101 sivley rd,empty,empty,huntsville,al,35801.0,@@madison,2562651000.0,acute#% care hospitals,government - hospital district or authority,#yes#,heart attack,,heart attack patients given aspirin at arrival,98%,155 patients,al_ami-1
779,46006.21903246829,hun%tsvil$le hospital,101 sivley rd,empty,,huntsville,al,174450.18749083066,madison,15129948852.866201,acute care hospitals,government - hospital district or authority,yes,heart attack,ami-2,heart attack patients given aspirin at discharge,100%,323 patients,al#_ami-%2
780,10039.0,huntsv%ille hospital@@,101 sivley rd,empty,empty,huntsville,al,35801.0,ma%%dison,2562651000.0,acute care hospitals,,yes,he$art attack,ami-3,heart attack patients given ace inhibitor or arb for left ventricular systolic dysfunction (lvsd),97%,77 patients,al_a??mi@@-3
781,10039.0,huntsville hospit#al,101 sivley rd,empty,empty,huntsville,al,180098.4088327233,madi#son,10664180520.915604,acute care hospitals,government - hospital district or authority,yes,heart@@ a??ttack,am%i-4,heart attack patients given smoking cessation advice/counseling,100%,135 patients,al_ami-4
782,10039.0,huntsville hospital,101 sivley rd,empty,empty,huntsville,al,35801.0,madison,2562651000.0,acute care hospitals,government - hospital district or authority,yes,heart attack,ami-5,heart attack patients given beta %blocker at discharge,100%,301 patients,al_ami-5
783,10039.0,huntsville hospital,,empty,empty,huntsville,al,35801.0,madison,2562651000.0,acu#te care hospitals,government - hospital district or authority,y%es,heart attack,ami-7a,heart attack patients given fibrinolytic medication within 30 minutes of arrival,empty,0 patients,al_ami-$7a%
784,35806.7671755446,huntsville hospital,101 sivley rd,empty,empty,huntsville,al,35801.0,madison,2562651000.0,acute care h@@ospitals,government - hospital district or authority,yes,heart attack,ami-8a,heart attack patients given pci within 90 minutes of arrival,82%,44 patients,
785,10039.0,huntsville hospital,101 sivley rd,empty,empty,huntsville,al,35801.0,,2562651000.0,acute care@@ hospi??tals,government - hospital district or authority,,heart failure,hf-1,heart failure patients given discharge instructions,7??2%,,al_hf-1
786,10039.0,,101 sivley rd,empty,empty,huntsville,al,209719.0325580626,madison,,acute care hospitals,government - hospital district or authority,yes,heart fa@@ilure,hf-2,heart failure patients given an evaluation of left ventricular systolic (lvs) function,95%,,al_hf-2
787,10039.0,huntsville hospital,101 sivley rd,empty,empty??,huntsville,al,35801.0,madison,,acute care hospitals,government - hospital district or authority,yes,heart failure,hf-3,heart failure patients given ace inhibitor or arb for left ventricular systolic dysfunction (lvsd),98%,102 patie#nts,al_hf-3
788,10039.0,huntsville hospital,101 sivl#ey rd,empty,empty,hu#n$tsville,al,35801.0,mad#??ison,9906297087.339624,acute care hospitals,govern@@ment - hospita#l district or authority,yes,heart failure,hf-4@@%,,100%,51 patients,al_hf-4
789,10039.0,huntsville hospital,1%01 sivle$y rd,empty,empty,huntsville,al,35801.0,madison,2562651000.0,acute care hospitals,government - hospital district or authority,yes,pneumonia,pn-??2,pneumonia patients assessed and given pneumococcal vaccination,96%,509 patients,al_pn-2
790,10039.0,,101 sivley rd,empty,empty,huntsville,al,35801.0,madison,2562651000.0,acute care hospitals,government - hospital district or au$thorit$y,yes,pneumonia,pn-3b,pneumonia patients whose initial emergency room blood culture was performed prior to the administration of the first hospital dose of antibiotics,99%,496 patients,al_pn-3b
791,10039.0,huntsville hospital,101 sivley rd,empty,empty,huntsville,al,35801.0,madison,2562651000.0,acute care hospitals,government - hospital distr$ict or authority,yes,pneumonia,pn-4,pneumonia patients given smoking cessation advice/counseling,97%,294 patients,al_pn-4
792,43178.96092603086,hu@@nts#ville hospital,101 sivley rd,#$empty,empty,??huntsville,#al@@,35801.0,madison,2562651000.0,acute care hospitals,government - hospital dist#rict or authority,yes,pneumonia,pn-5c,pneumonia patients given initial antibiotic(s) within 6 hours after arrival,93??@@%,511 pati??ents,al_pn-5c
793,10039.0,huntsville hospital,101 sivley rd,e%$mpty,%@@empty,huntsville,al,35801.0,madison,2562651000.0,acute care hospitals,government - hospital district or authority,yes,pn@@eum%onia,p@@n-6,pneumonia patients given the most appropriate initial antibiotic(s),89%,313 #p#atients,al_pn-6
794,10039.0,huntsville hospital,101 sivley rd,empty,empty,huntsvil$le,al,,,,ac??ute care@@ hospitals,government - hospital district or authority,yes,pneumonia,p#n-7#,pneumonia patients assessed and given influenza vaccination,89%,409 patients,@@al??_pn-7
795,10039.0,hunts%ville hosp@@ital,101 sivley rd,empty,empty,huntsville,al,35801.0,madison,2562651000.0,acute care@@ hospitals,government - hospital district or authority,yes,surgical infection prevention,scip-card-2,surgery patients who were taking heart drugs called beta blockers before coming to the hospital who were kept on the beta blockers during the period just before and after their surgery,90%,123 patients,al_scip-card-2
796,10039.0,huntsville hospital,101 sivley rd,empty,empty,huntsville,al,35801.0,madi%so??n,2562651000.0,acute care hospitals,government - hospital district or authority,yes,surgical infection prevention,scip-inf-1,surgery patients who were given an antibiotic at the right time (within one hour before surgery) to help prevent infection,95%,601 patients,al_scip-inf-1
797,10039.0,huntsville hospital,101 sivley rd,empty@@,empty,,al,35801.0,madison,2562651000.0,acute care hospitals,government - hospital district or authority,yes,surgical infectio%n prevention,scip-inf-??2,surgery patients who were given the  right @@kind  of antibio%tic to help prevent infection,99%,603 %patient??s,al_scip-inf-2
798,10039.0,,101 sivley rd,empty,empty,huntsville,al,141082.8772597319,madison,2562651000.0,acute care hospitals,government - hospital district or authority,yes,surgical infection prevention,sc@@ip-inf-3,surgery patients whose preventive antibiotics were stopped at the right time (within 24 hours after surgery),93%,561 patients,al_scip-inf-3
799,10039.0,huntsville hospital,101 sivley rd,e@??@mpty,empty,huntsville,al,35801.0,madison,15246591429.866974,acute care hospitals,government - hospital district or authorit%y,yes,surgical infectio??n prevention,scip-inf-4,all heart surgery patients whose blood sugar (blood glucose) is kept under good control in the days right after surgery,95%,,al_scip-inf-4
800,10039.0,huntsville hospital,101 sivley rd,empty,empty,huntsville,al,35801.0,madi$@@son,2562651000.0,acute care hospitals,government - hospital district or authority,yes,surgical infection prevention,scip-inf-6,,99%,852 patients,al_sc#ip-inf-6
801,49570.816902098486,huntsville hospital,101 sivley rd,empty,empty,huntsville,$al??,35801.0,madison,9569937517.475882,acute care hospitals,government - hospital district or authority,yes,surgical infection prevention,scip-vte-1,surgery patients whose doctors ordered treatments to prevent blood clots after certain types of surgeries,93%,269 patients,
802,10039.0,huntsville hospital,101 sivley rd,empty,empty,huntsville,al,35801.0,madison,2562651000.0,acute care hospitals,government - hospital district or authority,yes,surgical infection prevention,,patients who got treatment  at the right time (within 24 hours before or after their surgery) to help prevent blood clots after certain types of surgery,90$%,269 patien??ts,al_scip-vte-2
803,10040.0,,1007 goodyear avenue,empty,@@empt#y,gadsden,al,35903.0,etow%ah,2564944000.0,acute care hospitals,prop%rietary,yes,heart attack,ami-1,heart attack patients given aspirin at arrival,94%,12%3 pat??ients,al_a??mi-1
804,10040.0,gadsden regional medical center,1007 goodyear a$venue,empty,empty,gadsden,al,35903.0,etowah,2564944000.0,acute care hospitals,proprietary,yes,heart attack,ami-2,,99%,134 patients,al_ami-2
805,10040.0,gadsden regional medical center,1007 goodyear avenue,e@@mpty,empty,gadsden,al,35903.0,etowah,2564944000.0,acute care hospitals,proprietary,yes,heart attack,ami-3,,89%,18 patients,al_ami-3
806,46150.493047132695,gadsden regional medical center,1007 goodyear avenue,empty,emp%ty,gadsden,al%%,35903.0,etowah,10813302736.894876,acute care h%ospitals,proprietary,,heart attack,,heart attack patients given smoking cessation advice/counseling,100%,79 patients,al_ami-4
807,10040.0,gadsden regional medical center,1007 goodyear avenue,empty,empty,gadsden,al,143420.6852686072,etowah,2564944000.0,acute care hospitals,proprietary,yes,heart attack,ami-5,heart attack patients given beta blocker at discharge,95%,117 patients,al_ami-5
808,10040.0,,1007 goodyear avenue,em#pty,emp#ty%,gadsden,,35903.0,etowah,,acute %c@@are hospitals,$proprietary,yes,heart attack,ami-7a,heart attack patients given fibrinolytic medication within 30 minutes of arrival,68%,25 pati@@ents,
809,32668.874752434363,ga@@dsden reg@@ional medical center,1007 goodyear avenue,empty,empty,ga#dsd@@en,al,35903.0,etow??ah,7707811781.26977,acute care hospitals,proprietary,yes,heart attack,ami-8a,heart attack patients given pci within 90 minutes of arrival,8??3%,12 patients,al_ami-8a
810,10040.0,gadsden regional medical center,1007 goo@@dyear avenue$,empty,empty,gadsden,al#,35903.0,etowah,2564944000.0,ac??ute care hospitals,proprietary,yes,heart failure,hf-1,heart failure patients given discharge instructions,4@%@7%,211 patients,al_hf-1
811,10040.0,gadsden regional medical center,1007 goodyear avenue,empty,$empty,gadsden,al,35903.0,etowah,2564944000.0,,,yes,heart failure,hf-2,heart failure patients given an evaluation of left ventricular systolic (lvs) function,100%,259 patients,al_hf-2
812,10040.0,gadsden regional medical center,1007 goodyear avenue,empty,,gadsden,al,35903.0,etowah,2564944000.0,acute care hospitals,p@@roprietary,yes,heart failure,hf-3,,93%,69 patients,al_hf-3
813,10040.0,gadsden regional medical center,1007 goodyear #avenu??e,empty,empt#y,gadsden,al,35903.0,etowah,2564944000.0,acute care hospitals,proprietary,yes,heart failure,hf-4,heart fa$il#ure patients given smoking cessation advice/counseling,100%,70 patients,al_hf#-4
814,10040.0,gadsden regional medical center,1007 goodyear ave#@@nue,em??pty,empty,gadsden,al,35903.0,etowah,2564944000.0,acute care hosp$it@@als,,,pneumonia,pn-2,pneumonia patients assessed and given pneumococcal vaccination,??96%,255 patients,al_pn-2
815,10040.0,gadsden regional medical center,1007 goodyear avenue,empty,empty,gadsden,al,35903.0,etowah,2564944000.0,acute care hospitals,prop??rietar$y,yes,pneumonia,pn-3b,pneumonia patients whose initial emergency room blood culture was performed prior to the administration of the first hospital dose of antibiotics,96%,187 patients,al_pn-3b
816,10040.0,gadsden regional medical center,1007 goodyear avenue,empty,empty,gadsden,al,35903.0,etowah,2564944000.0,acute care hospitals,proprietary,yes,p%neumon%ia,pn-4##,pneumonia% patients given smoking cessation advice/counseling,100%,130 patients,al_pn-4
817,10040.0,g#adsden regiona#l medical center,1007 goodyear avenue,%empty,empty,gadsden,al,35903.0,etowah,9176754283.531818,acute care hospitals,proprietary,yes,$pneumon%ia,pn-5c,,@@94@@%,2#66 patient#s,al_pn-5c
818,10040.0,gadsden regional medical center,1007 goodyear avenue,empty,empty,gadsden,al,35903.0,etowah,2564944000.0,acute care hospitals,proprietary,yes,pneumonia,pn-6,pneumonia patients given the most appropriate initial antibiotic(s),,,al_pn-6
819,46477.12561687931,gadsden regional medical center,1007 goodyear avenue,empty,empty,,a#$l,35903.0,etowah,14305137424.033506,acute care hospitals,proprietary,yes,pneumonia,pn-7,pneumonia patients assessed and given influenza vaccination,96%,187 patients,al_pn-7
820,10040.0,gadsden regional medical center,1007 goodyear avenue,empty,empty,$ga$dsden,al,35903.0,etowah,2564944000.0,acute care hospitals,proprietary,yes,surgical infection prevention,scip-card-2,surgery patients who were taking heart drugs called beta blockers before coming to the hospital who were kept on the beta blockers during the period just before and after their surgery,,109 patients,al_scip-card-2
821,10040.0,gadsden regional medical center,1007 goodyear avenue,empty,empty,gadsden,al,175454.2999428584,et%owah#,14680483789.388197,acute care hospitals,proprietary,yes,surgical infection prevention,scip-inf-1,surgery patients who were given an antibiotic at the right time (within one hour before surgery) to help prevent infection,98%,557 patients,al_scip-inf-1
822,10040.0,gad??sden regiona@@l medical center,1007 goodyear avenue,empty,,ga#dsd#en,al,184340.13731351023,etowah,2564944000.0,acute care hospitals,proprietary,yes,surgical infection prevention,scip-inf-2,surgery patients who wer@@e given the  right kind  of antibiotic to help prevent infection,%9??7%,564 patients,al_scip-inf-2
823,10040.0,gadsden regional medical cent%er,1007 goodyear avenue,empty,empty,gadsden,al,35903.0,etowah,9312185021.79084,acute care hospitals,proprietary,yes,surgical infection prevention,scip-inf-3,surgery patients whose preventive antibiotics were stopped at the right time (within 24 hours after surgery),90%,520 patients,al_scip-inf-3
824,10040.0,gadsden regional medical center,1007 goodyear avenue,empty,empty,gadsden,al,35903.0,etowah,2564944000.0,acute care hosp@@itals,proprietary,yes,surgical infection prevention%,scip-inf-4,all heart surgery patients whose blood sugar (blood glucose) is kept under good control in the days right after surgery,94%,186 patients,al_scip-inf-4
825,10040.0,gadsden regional medical center,1007 goodyear avenue,empty,empty,gadsden,,183748.5835995588,etowah,2564944000.0,acute care hospitals,proprietary,yes,surgical infection prevention,,surgery patients needing hair removed from the surgical area before surgery who had hair removed using a safer method (electric clippers or hair removal cream c not a razor),100%,854 patients,
826,10040.0,gadsden regional medical center,1007 goodyear avenue,empty,empty,gadsden,al,35903.0,etowah,2564944000.0,acute care hospital??@@s,proprietary,yes,surgical infection prevention,scip-vte-1,surgery patients whose doctors ordered treatments to prevent blood clots after certain types of surgeries,95%,315 patients,$al_scip-vte-1
827,10040.0,gadsden regional medical center,1007 goodyear avenue,empty,empty,gads$den??,al,35903.0,etowah,2564944000.0,acute care hospitals,proprietary,yes,surgical infection prevention,#sci#p-vte-2,patients who got treatment  at the right time (within 24 hours before or after their surgery) to help prevent blood clots after certain types of surgery,87%,315 patients,al_s??cip-vte$-2
828,10043.0,chilton medical center,1010 lay dam road,empty,empty,clanton,al,35045.0,chilton,2057552500.0,acute care hospitals,voluntary non-profit - private,yes,heart attack,a$mi-1,heart attack patients given aspirin at arrival,100%,1 patients,al_$ami-1
829,10043.0,chilton medical center,1010 lay dam road%,e$mpty,empty,clanton$,al,35045.0,chilton,,acute care hospitals,voluntary non-profit - private,yes,heart attack,ami-2,heart attack patients given aspirin at discharge,100%,1 patients,al_ami-2
830,48650.326464457496,chilton medical center,,empty,%empt#y,clanton,al,35045.0,chilton,2057552500.0,,voluntary non-profit - private,yes,heart attack,ami-$3,heart attack patients given ace inhibitor or arb for left ventricular systolic dysfunction (lvsd),100%,1 patients,al_ami-3
831,10043.0,chilton medical cent$er#,1010 lay dam road,empty,empty,clanton,al,35045.0,chilton,2057552500.0,acute care hospitals,voluntary non-profit - private,yes,heart attack,ami-4,heart attack patients given smoking cessation advice/counseling,,0 patients,al_ami-4
832,30343.687430576745,chilton medical center,1010 lay dam road,empty,empty,clanton,,35045.0,chilton,11473188273.787876,acute care hospitals,voluntary non-profit - private,yes,heart attack,ami-5,he%art attack patients gi??ven beta blocker at discharge,100%,1 patients,al_ami-5
833,10043.0,chi??lton medi#cal center,1010 lay dam road,empty,,clanton,,139520.72634097634,,2057552500.0,acute care hospitals,voluntary non-profit - private,y@@e%s,heart attack,ami-7a,heart attack patients given fibrinolytic medication within 30 minutes of arrival,empty,0 patients,al_ami-7a
834,10043.0,chilton medical center,1010 lay dam road,empt??#y,empty,clant#%on,,192894.28646973873,chilton,2057552500.0,acute care hospitals,voluntary non-profit - private,%ye#s,h#eart ??attack,ami-8a,heart attack patients given pci within 90 minutes of arrival,empty,0?? $patients,al_ami-8a
835,10043.0,chilton medical center,1010 lay dam road,empty,empty,clanton,al,35045.0,#chilton,2057552500.0,ac#ute care hospitals%,,yes,heart failure,hf-1,heart failure patients given dis??charge instructions,??8%4%,??19 patients,al_hf-1
836,10043.0,chilton medical center,1010 lay dam road,empty,empty,clanton,al,35045.0,chilton,2057552500.0,acute care hospitals,voluntary non-profit - private,yes,he%art failure,hf-2,heart failure patients given an evaluation of left ventricular systolic (lvs) function,89%,28 patients,a%l_hf-@@2
837,10043.0,chilto$n med#ical center,1010 lay dam road,empty,empty,clanton,al,35045.0,chi%??lton,2057552500.0,acute$ care hospitals,voluntary non-profit - private,ye??$s,heart failure,hf-3,heart failure patients given ace inhibitor or arb for left ventricular systolic dysfunction (lvsd),75%,4 patients,al_hf-3
838,10043.0,chilton medical center,1010 lay dam road,empty,empty,clanton,al,35045.0,chilton,2057552500.0,acute care hospitals,voluntary non-profit - private,yes,heart failure,hf-4,heart failure patients given smoking cessation advice/counseling,100%,4 pa@@tients,al_hf-4
839,10043.0,chilton medical center,1010 lay dam road,empty,empty,clanton,al,35045.0,chilton,2057552500.0,acute care hospitals,voluntary non-prof@@it %- private,yes,pneumonia,pn-2,pneumonia patients assessed and given pneumococcal vaccination,89%,47 patients,al_pn-2
840,10043.0,c@@h%ilton medical center,1010 lay d@@am road,empty,empty,clanton,al,35045.0,chilton,2057552500.0,acute care hospitals,voluntary non-profit - private,,pneumonia,pn-3b,pneumonia patients whose initial emergency room blood culture was performed prior to the administration of the first hospital dose of antibiotics,92%,36 patie??nts,al_pn-3b
841,,chilton medical center,1010 lay dam road,empty,e??m#pty,clanton,al,35045.0,chilton,2057552500.0,acute care hospitals,voluntary non-profit - private,yes,pneumonia,pn-4,pneumonia patients given smoking cessation advice/counseling,94%,16 patients,al_pn-4
842,10043.0,chilton medical center,1010 lay dam road,empty,empty,,al,35045.0,chi#lton,2057552500.0,acute care hospitals,voluntary non-profit - private,yes,pneumonia,pn-5c,,98%,44 patients,al_pn-5c
843,,chilton medical center,1010 lay dam road,empty,emp??ty$,clanton,al,,chi$lto??n,,acute care hospitals,voluntary non-profit - private,yes,pneumonia,pn-6,pneumonia patients given the most appropriate initial antibiotic(s),95%,3%8 patie??nts,al_pn-6
844,10043.0,chilton medical center,1010 lay dam road,empty,empty,clanton,al,35045.0,chilton,2057552500.0,acute care hospitals,voluntary non-profit - private,yes,,pn-7,pneumonia patients assessed and given influenza vaccination,81%,37 ??pati#ents,al_pn??-7??
845,10043.0,chilton medical center,1010 lay dam road,empty,empty,c$lanton,al,35045.0,chilton,8552060044.512885,acute care hospitals,voluntary non-profit - private,yes,su??rgical infection prevention,,surgery patients who were taking heart drugs called beta blockers before coming to the hospital who were kept on the beta blockers during the period just before and after their surgery,50%,2 patients,al_scip-card-2
846,10043.0,chilton medical center,1010 lay dam road,empty,empty,clanton,a@@l,35045.0,c??hilton,,acute care hospitals,voluntary non-profit - private,yes,surgical infection prevention,scip-inf-1,surgery patients who were given an antibiotic at the right time (within one hour before surgery) to help prevent infection,100%,4 patients,al_scip-inf-1
847,10043.0,chilton medical center,1010 lay dam road,empty,empty,cl#anton,%al,35045.0,chilton,2057552500.0,acu$te care hosp??itals,voluntary non-profit - private,yes,surgical infection prevention,scip-inf-#2,surgery patients who were given the  right kind  of antibiotic to help prevent infection,100%,%4 patient@@s,al_scip-inf-2
848,10043.0,chilton medical center,1010 lay dam road,empty,empty,clanton,al,35045.0,chilton,6173739920.072484,acute care hospitals,voluntary non-profit - private,yes,surgical infection prevention,scip-inf-3,surgery patients whose preventive antibiotics were stopped at the right time (within 24 hours after surgery),100%,4 patients,al_$scip-inf#-3
849,10043.0,chilton medi$cal center,1010 lay dam road,empty,empty,,al,35045.0,chilton,2057552500.0,acute care hospitals,voluntary non-profit - private,yes,surgical infection prevention,scip-inf-4,all heart surgery patients whose blood sugar (blood glucose) is kept under good control in the days right after surgery,empty,0 patients,al_scip-inf-4
850,42522.45032244275,chilton medical center,1010 lay dam road,##empty,empty,clanton,al,35045.0,chilton,2057552500.0,acute care hospitals,voluntary non-profit - private,yes,surgical infection prevention,scip-in@@f-6,surgery patients needing hair removed from the surgical area before surgery who had hair removed using a safer method (electric clippers or hair removal cream c not a razor),,5 patients,al_scip-inf-6
851,10043.0,chilton medical center,1010 $lay dam road,,empty,clant@@o#n,al,35045.0,chilton,2057552500.0,acute care hospitals,volunta@@ry non-profit - priva%te,yes,,s#cip-vte-1,surgery patients whose doctors ordered treatments to prevent blood clots after certain types of surgeries,??empt??y,0 pat??ients,al_scip-vte-1
852,10043.0,chilton medical center,,%$empty,empty,clanton,al,35045.0,chilton,2057552500.0,acute care hospitals,voluntary non-profit - private,yes,surgical infection prevention,scip-vte-2,patients who got treatment  at the right time (within 24 hours before or after their surgery) to help prevent blood clots after certain types of surgery,empty,0 patients,al_scip-vte-2
853,58964.440713434225,marion regional medical center,1256 military street south,empty$,empty,hamilton,al,35570.0,mar%ion,2059216200.0,acute care hospitals,voluntary non-profit - private,,h$eart attack,ami-1,,67%,3 patients,al_ami-1
854,10044.0,marion regional medical center,1256 military street south,empty,empty,hamilton,al,35570.0,mar??ion??,2059216200.0,a$cute care h@@ospitals,,yes,heart attack,ami-2,,@@67#%,3 patients,al_a$mi-2
855,10044.0,marion regional me??dical center$,1256 military street south,empty,e@@m%pty,hamilton,al,35570.0,,2059216200.0,acute care hospitals,voluntary non-profit - private,yes,heart attack,ami-3,heart attack patients given ace inhibitor or arb for left ventricular systolic dysfunction (lvsd),100%,1 patients,
856,10044.0,,1256 military street south,empty,empty,hamilton,al,35570.0,marion,,acute care hospitals,voluntary non-profit - private,yes,he$??art attack,ami-4,heart attack patients given smoking cessation advice/counseling,empty,0 patients,al_ami-4
857,,marion regiona@@l medical center,1256 military street south,empty,empty,hamilton,al,35570.0,marion,8449926036.093751,acute care hospit????als,,yes,heart attack,ami-5,heart attack patients given beta blocker at discharge,33%,3 patients,al_ami-5
858,10044.0,marion regional medical center,1256 military street south,empty,,hamilton,al,35570.0,marion,2059216200.0,acute care hospitals,voluntary non-profit - private,yes,heart attack,ami-7a,heart attack patients given fibrinolyti$c medication within 30 minutes of arrival,empty,0 patients,al_ami-7a
859,,mari@@on regional m??edical center,1256 military street south,empty,empty,ha$m@@ilton,al,35570.0,marion,2059216200.0,acute care hospitals,voluntary non-profit - private,yes,,ami-8a,,,0 pa??tie$nts,al_ami-8a
860,10044.0,marion regional medical center,1256# %military street south,empty,%#empty,hamilton,al#,35570.0,marion,7122321207.40142,acute care hospitals,,y$es,heart failure,hf-1,heart failure patients given discharge instructions,74%,38 patients,al_hf-1
861,51029.05532403712,marion regional medical center,1256 military street south,empty,empty,hamilton,a??l,35570.0,marion,2059216200.0,acu@@te care hospi%tals,voluntary$ non-profit - private,,heart failure,hf-2,heart failure patients given an evaluation of left ventricular systolic (lvs) function,80%,46 patients,al_hf-2
862,10044.0,marion @@regional medical center,,empty,empty,hamil??t%on,al,,marion,2059216200.0,acute care hospitals,voluntary non-profit - private,,heart failure,hf-3,heart failure patients given ace inhibitor or arb for left ventricular systolic dysfunction (lvsd),78%,18 patients,al_hf-3%
863,59703.09418799904,marion regional medical center,1256 military street south,empty,empty,hamilton,al,35570.0,marion,2059216200.0,acute care hospitals,voluntary non-profit - private,yes,heart failure,hf-4,heart failure patients given smoking cessation advice/counseling,80%,10 patients,al_hf-4
864,10044.0,,1256 military street south,empty,empty,hamilton,al@@#,35570.0,ma$ri%on,2059216200.0,acute care hospitals,voluntary non-profit - private,yes,pneumonia,,,96%,101 patients,al_pn-2
865,10044.0,mari@@on regional medical center,1256 military street south,empty,empty#,hamilton,,35570.0,marion,,acute care hospitals,voluntary non-profit - private,yes,pneumonia,pn-3b,pneumonia patients whose initial emergency room blood culture was performed prior to the administration of the first hospital dose of antibiotics,99%,78 patients,a??l_pn-3b
866,10044.0,marion regional medical center,1256 military street south,empty,empty,hamilton,al,35570.0,mari$on%,2059216200.0,acute care hospitals,voluntary non-profit - private,yes,pneumonia,pn-4%,pneumonia patients given smoking cessation advice/counseling,90%,42 pat%ients,al_pn-4
867,34457.858512092236,marion$ regional m#edical center,1256 military street south,empty,empty$,hamilton,al,35570.0,marion,2059216200.0,acute care hospitals,voluntary non-profit - private,@@yes,pneumonia,pn-5c,pneumonia patients given initial antibiotic(s) within 6 hours after arrival,,121 patients,al_pn-5c
868,10044.0,marion regional medical center,1256 military street south,empty,empty,hamilton,a??l$,35570.0,marion,2059216200.0,acute %care hospitals,vol#untary $non-profit - private,yes,pneumonia,pn-6,pneumonia patients given the most appropriate initial antibiotic(s),76%,97 patients,
869,10044.0,marion regional medical center,1256 military street south,empty,empty,hamilton,al,35570.0,marion,2059216200.0,acute care hospitals,volu??ntary non-profit - private,yes,pneumonia,pn-7,pneumonia patients assessed and given influenza vaccination,91%,85 patients,a?#?l_pn-7
870,10044.0,marion r@@egional$ medical center,1256 military street?? sou#th,empty,empty,hamilton,al,35570.0,marion,2059216200.0,acute care hospitals,voluntary non-profit - private,yes,surgical infection prevention,scip-card-2,surgery patients who we$re taking heart drugs called beta blockers before coming to the hospital who were kept on the beta blockers during the period just before and after their surgery,67%,3 patients,al_sc@@ip-c#ard-2
871,10044.0,marion region%al$ medical center,1256 military street south,emp%t%y,empty,hamilton,al,35570.0,marion,2059216200.0,acute care hospitals,voluntary non-profit - private,$ye@@s,surgical infection prevention,scip-inf-1,surgery patients who were given an antibiotic at the righ%t time (within one hour before surgery) to help prevent infection,80%,15 patients,al_scip-@@inf-1$
872,,m%arion regio#nal medical center,1256 military street south,empty,empty,hamilton,a#l,,,2059216200.0,acute care hospitals,voluntary non-profit - private,yes,surgical infection prevention,scip-inf-2,surgery patients who were given the  right kind  of antibiotic to help prevent infection,87%,15 patients,al_scip-inf-2
873,10044.0,marion regional medical center,1256 mi@@litary stre%et south,#empty,empty,hamilton,al,35570.0,mar%ion,2059216200.0,acute care hospitals,,yes,surgical infection prevention,scip-inf-3,surgery patients whose preventive antibiotics were stopped at the right time (within 24 hours after surgery),@%@87%,15 patients,al_scip-inf-3
874,47359.28318578388,marion regional medical?? center,1256 military street south,empty,empty#,,al$,35570.0,marion,6875728379.638991,acute care hospitals,voluntary non-profit - private,yes,surgical infection prevention,scip-inf-4,all heart surgery patients whose blood sugar (blood glucose) is kept under good control in the days right after surgery,empty,0 patients,al_scip-inf-4
875,10044.0,marion regional medical center,1256 military street south,,,hamilton,al,35570.0,mar%ion,2059216200.0,acute care hospitals,voluntary non-profit - private,yes,surgical infection prevention,scip-inf-6,surgery patients needing hair removed from the surgical area before surgery who had hair removed using a safer method (electric clippers or hair removal cream c not a razor),100%,19 patients,al_scip-inf-6
876,10044.0,marion regional medical center,1256 military street south,empty,empty,hamilton,al#%,35570.0,marion??,2059216200.0,acute care hospitals,voluntary non-profit - private,yes,surgical infection prevention,s$cip-v??te-1,surgery patients whose doctors ordered treatments to prevent blood clots after certain types of surgeries,100%,4 patients,al_scip-vte-1
877,38736.722976824174,marion regional medical center,1256 military street south,empt#??y,empt??#y,,a##l,35570.0,marion,2059216200.0,acute care hospitals,voluntary non-profit - private,,surgical infection prevention,sci??@@p-vte-2,patients who got treatment  at the right time (within 24 hours before or after their surgery) to help prevent blood clots after certain types of surgery,100%,4 patients,al_scip-vte-2
878,10045.0,fayette medical center,1653 temple avenue n??orth,empty,empty,fayette,al,35555.0,fayette,2059325966.0,acute care hospitals,voluntary non-profit - other,yes,heart attack,ami-1,hear@@t attack patients given aspirin at arrival$,10%0%,18 patien@@ts,al_ami-1
879,10045.0,fayette medical center,1653 temple avenue north,empty,empty,fayette,al,35555.0,$faye$tte,,acute care hospitals,voluntary non-profit - other,yes,heart attack,ami-2,,100%,12 patients,
880,10045.0,fayette medical center,1653 temple avenue north,empty,empty,%fayette,al,35555.0,fayette,2059325966.0,acute care hospitals,voluntary non-profit - other,yes,heart attack,%ami%-3,heart attack patients given ace inhibitor or arb for left ventricular systolic dysfunction (lvsd),,1 patients,al_ami-3
881,10045.0,fayette medical center,1653 temple avenue north,empty,empty,fayette,al,35555.0,fayette,2059325966.0,acute care hospitals,voluntary non-profit - other,yes,heart attack,ami-4,heart attack patients given smoking cessation advice/counseling,100%,1 patients,al_ami-4
882,48658.11028170627,fayett$e medical ce#nter,1653 temple avenue north,empty,empty,fayette,,35555.0,fayette,2059325966.0,acute care hospitals,volun??tary non-profit - other,yes,heart attack,ami-5,heart attac$k patients given beta blocker at discharge,82%,11 patients,al_ami-5
883,10045.0,fayette medical center,1653 temple avenue north,empty,,fayette,??$al,35555.0,fayette,2059325966.0,,volunt$a%ry non-profit - other,yes,heart attack,,heart attack patients given fibrinolytic medication within 30 minutes of arrival,empty,0 patients,al_ami-7a
884,10045.0,fayette medical $center,1653 temple avenue north,em#pty,,fayette,#al,35555.0,faye@@t@@te,2059325966.0,acute care hospitals,voluntary non-@@profit - other,ye#s%,heart attack,ami-8a,heart attack patients given pci within 90 minutes %of arrival,empty,0 patients,al_ami-8a
885,10045.0,fayette medical center,1653 temple avenue north,empty,empty,fayette,al,152601.27328096965,fayette,2059325966.0,acute care hospitals,voluntary non-profit - other,yes,heart failure,hf-1,heart failure patie%nts given discharge instructions,87%,67 pati$ents,al_hf-1
886,54213.09949172561,fayette medical cent#er,1#65%3 temple avenue north,empty,empty,fayette,al,35555.0,fa#yett%e,2059325966.0,,voluntary non-profit - other,yes,heart failure,hf-2,heart failure patients given an evaluation of left ventricular systolic (lvs) function,94%,85 patients,al_h@@f-2
887,10045.0,fayette medical center,1653 temple avenue north,empty,e#mpty,fayette,al,35555.0,fayette,2059325966.0,acute care hospitals,voluntary non-profit - other,yes,heart failure,hf-3,heart failure patients given ace inhibitor or arb for left ventricular systolic dysfunction (lvsd),89%,19 patients,al_hf-3
888,10045.0,fayette medical ce@@n??ter,1653 templ@@e avenue nort#h,,,fayette,al,,fayette,2059325966.0,acute care hospitals,voluntary non-profit - other,yes,heart f%ailure#,hf-4??%,heart failure patients given smoking cessation advice/counseling,100%,16 patients,al_hf-4
889,10045.0,fayette medical center,1653 temple avenue north,$empty,#em#pty,fayette,al,35555.0,fayette,2059325966.0,acute care hospitals,voluntary non-profit - other,yes,pneumonia,pn-2,pneumonia patients assessed and given pneumococcal vaccination,8@@5%,,al_pn-2
890,10045.0,fayette medical center,1653 temple avenue north,empty,empty,fayette,al,35555.0,faye$tte,2059325966.0,acute care hospitals,voluntary non-profit - other,yes,pneumonia,,pneumonia patients whose initial emergency room blood culture was performed prior to the administration of the first hospital dose of antibiotics,100%??#,41 patients,al_pn-3b
891,10045.0,fayette medical center,1653 temple avenue north,,empty,faye@@tte,a@@l,191495.3355958913,fayette$,2059325966.0,acute care hospitals,v#oluntary non-profit - other,,pneumonia,pn-4,pneumonia patients given smoking cessation advice/counseling,100%,34 patients,al_pn-4
892,10045.0,fayette?? medical center,1653 temple avenue north,empty,empty,fayette,??al@@,35555.0,fayette,2059325966.0,acute care hospitals,voluntary non-profit - other,yes,pneumonia,pn-5c,pneumonia patients given initial antibiotic(s) within 6 hours after arrival,97%,1??09 patients,al_pn-5c
893,53862.50117471299,fayette medical center,1653 temple avenue north,$empty,emp@@ty,fayette,al,35555.0,fayette,,acute care hospitals,voluntary non-profit - other,yes,pneumonia,pn-6,pneumonia patients given the most appropriate initial antibiotic(s),87%,79 patients,al_pn-6
894,10045.0,fayette medical center,1653 temple avenue north,empty,empty,fayette,al,35555.0,fayette,2059325966.0,acute care hospitals,voluntary non-profit - other,yes,pneumonia,pn$-7,,87%,#86 patients,al_pn-7
895,10045.0,fayette %medical center,1653 temple avenue north,empty,emp#ty,fayette,al,148850.1109659064,fayette,,acute care hospitals,voluntary non-profit - other,yes,surgical infection prevention,scip-card-2,surgery patients who were taking heart drugs called beta blockers before coming to the hospital who were kept on the beta blockers during the period just before and after their surgery,empty,0 p%at#ients,al_scip-card-2
896,,fayette medical center,1653 temple avenue north,empty,empty,fayette,al,35555.0,fayette,8962583069.86079,acute care hospitals,voluntary non-profit - other,yes,surgical infection preventi#o@@n,scip-inf-@@1,surgery patients who were given an antibiotic at the right time (within one hour before surgery) @@to help prevent infection,empty,0 patients,al_scip-inf-1
897,10045.0,fayette medical center,1653 temple avenue north,empty,empty,fayette,al,35555.0,fayette,2059325966.0,acute care hospitals,voluntary non-profit - other,yes,surgical infection prevention,scip-inf-2,surgery patients who were given the  right kind  of antibiotic to help prevent infection,empty??@@,0 patients,al_scip-inf-2
898,10045.0,fayette ??medi@@cal center,1653 temple avenue north,empt$y,empty,,al,207567.4570308119,fayette,2059325966.0,acute care hospitals,,,surgical infection prevention,scip-inf-3,surgery patients whose preventive antibiotics were stopped at the right time (within 24 hours after surgery),empty,0$ patients,al_sc$%ip-inf-3
899,10045.0,fayette medical center,1653 temple avenue north,empty,empty,fayette,al,146345.0827059059,fayette,2059325966.0,acute care hospitals,voluntary non-profit - other,yes,surgical infection prevention,scip-inf-4,all heart surgery patients whose blood sugar (blood glucose) i??s kept under good control in the days right after surgery%,empty,0 patients,al_scip-inf-4
900,10045.0,fayette medical center,1653 temple avenue north,empty,em@#@pty,fayette,al,35555.0,fayette,2059325966.0,acute care hospitals,voluntary non-profit - other,,surgical% infection prevention,sci$p-in$f-6,surgery patients needing hair removed from the surgical area before surgery who had hair removed using a safer method (electric clippers or hair removal cream c not a razor),100%,,al#_scip-inf-6
901,10045.0,fayette medical center,1653 temple avenue north,,empty,faye%tte,al,35555.0,fayette,2059325966.0,acute care hospitals,voluntary non-profit - other,yes,surgical infection prevention,scip-vte-1,surgery patients whose doctors ordered treatments to prevent blood clots after certain types of surgeries,100%,3 p@@atients,al_scip#-%vte-1
902,10045.0,,1653 temple avenue north,empty,empt@@y,fayette,al,35555.0,$fa$yette,2059325966.0,acute care hospitals,voluntary non-profit - other,yes,,scip-vte-2,patients who got treatment  at the right time (within 24 hours before or after their surgery) to help prevent blood clots after certain types of surgery,100%,3 patients,al_scip-vt@@e-2
903,10046.0,riverview regional medical center,600 south third street,empty,empty,g%%adsden,a@@$l,35901.0,etowah,2565435200.0,acute care hospitals,proprietary,yes,children s asthma care,cac-1,children who received reliever medication while hospitalized for asthma,100%,4 patients,al_cac-1
904,10046.0,riverview regional medical center,600 south third street,empty,empt??@@y,gadsden,?%?al,169080.20065657565,etowah,2565435200.0,acute care hospitals,@@proprietary,y%es,children s asthma care,cac-2,children who received systemic corticosteroid medication (oral and iv medication that reduces inflammation and controls symptoms) while hospitalized for asthma,100%,4 patients,al_c%ac-2#
905,10046.0,river%view r%egional medical center,600 south third street,empty,empty,ga??dsde$n,,35901.0,etowah,2565435200.0,acute care hospitals,proprietary,yes,children s asthma care,cac-3,children and their caregivers who received a home management plan of care document while hospitalized for asthma,1$00%??,4 patients,al_cac-3
906,,riverview regional medical center,600 south third street,empty%,empty,gadsden,al,35901.0,etowah,,acute care hospitals,proprietary,yes,heart attack,ami-1,heart attack patients given aspirin at arrival,10%0??%,126 patients,al_ami-1
907,10046.0,riverview regional medical center,600 south @@third street,empty,empty,gadsden,al,35901.0,etowah,2565435200.0,acute care hospitals,pro??pri??etary,yes,heart attack,ami-2,heart attack patients given aspirin at discharge,100%,145 patients,#a%l_ami-2
908,,,600 south thir%d$ street,,em%%pty,gadsden,al,35901.0,etowah,2565435200.0,acute care hospitals,proprietary,yes,heart attack,ami-3,heart attack patients given ace inhi%bitor or arb for left ventricular systolic dysfunction (lvsd),100??#%,25 patients,al_ami-3
909,10046.0,riverview regional medical center,600 south third street,empty,empty,gadsden,al,,etow$ah,9769490816.468008,acute care hospitals,propri$etary,yes,heart a#t@@tack,ami-4,,100%,68 patien%ts,al_ami-4
910,10046.0,riverview regional medical center,600 south third street,empty,emp??ty??,gadsden,al,35901.0,etowah,2565435200.0,acute care hospitals,proprietary,yes,heart attack,ami-5,heart attack patients given beta blocker at discharge,100%,125 patients,al_ami-5
911,10046.0,riverview regional medical center,600 south third street,empty,empty,gadsden,$a@@l,35901.0,etowah,2565435200.0,acute care hospitals,proprietary,yes,heart attack,ami-7a,heart attack patients given fibrinolytic medication within 30 minutes of arrival,88%,8 patients,al_ami-7a
912,10046.0,riverview regional medical center,600 south third street,empty,empt$y,gadsden,$al,35901.0,etowah,2565435200.0,,proprietary,yes,heart attack,ami-8a,heart attack patients given pci within 90 minutes of arrival,100%,16 patients,al_ami-8a
913,58447.67667165268,riverview regional medical center,,empt$y,empty,gadsden,al@@,185910.38313545592,etowah,2565435200.0,acute care hospitals,proprietary,yes,heart failure,hf-1,heart failure patients given discharge instructions,100%%,268 patients,al_hf-1
914,10046.0,riverview$ regional medical c$enter,??600 south third street,,empty,gadsden,a@@l$,35901.0,etowah,2565435200.0,acute care hospitals,proprietary,yes,heart failure,,heart failure patients given an evaluation of left ventricular systolic (lvs) function,100%,350 patients,al_hf-2
915,10046.0,riverview regional medical center,600 south third street,em%pty,empty,gadsden,al,35901.0,etowa@@??h,2565435200.0,acute care hospitals,proprietary,yes,heart failure,hf-3,heart failure patients given ace inhibitor or arb for left ventricular systolic dysfunction (lvsd),100%,90 patients,
916,10046.0,riverview regional medical center,600 south third street,#e$mpty,empty,gadsden,al,35901.0,etowah,2565435200.0,acute care hospitals,proprietary,yes%,heart failure,hf-4,heart failure patients given smoking cessation advice/counseling,100%,85 patients,al_hf-4
917,10046.0,riverview regional medical center,600 south third street,empty,empty,gadsden,al,35901.0,etowah,2565435200.0,acute care hospitals,proprietary,yes,pneumonia,#pn-2,pneumonia patients assessed and given pneumococcal vaccination,99%,239 patients,al_pn-2
918,10046.0,riverview regional medical center,600 south third street,empty,empty,gadsden,a@%@l,35901.0,etowa????h,2565435200.0,acute care hospitals,,yes,pneumo#nia,pn-3b,pneumonia patients whose initial emergency room blood culture was performed prior to the administration of the first hospital dose of antibiotics,97%,196 pati??ents,al_pn-3b
919,10046.0,riverview regional medical center,600 south third street,empty,empty,gadsden,al,35901.0,etowah,2565435200.0,acute care hospitals,proprietary,yes,pneumonia,p@@@@n-4,,100%,1$09 patients,al_pn-4
920,53665.643756602345,riverview regional medical center,600 sout%h third street,empty,e??m#pty,gadsden,al,35901.0,,2565435200.0,acute care hospitals,proprietary,yes,$pne%umonia,pn-5c,pneumonia patients give%n initial antibi??otic(s) within 6 hours after arrival,87%,261 patients,
921,10046.0,riverview regional medical center,600 south third street,,empty,gadsden,,35901.0,,2565435200.0,acute care hospitals,proprietary,yes,pneumonia,pn-6,pneumonia patients given the most appropriate initial antibiotic(s),76%,212 patients,al_pn-6
922,10046.0,riverview regional medical center,600 south thi??rd str%eet,empty,%??empty,ga$dsden,al@@??,35901.0,etowah,13027262335.877878,acute ca??re hospitals,proprietary,yes,pneumonia,pn-7,pneumonia patients assessed and given influenza vaccination,99%,178 patients,al??_p@@n-7
923,10046.0,riverview regional medical center,600 south third street,empty,empty,gadsden,,35901.0,etowah,2565435200.0,acute care hospitals,proprietary,ye$$s,surgical infection prevention,sc@@ip-c%ard-2,surgery patients who were taking heart drugs called beta blockers before coming to the hospital who were kept on the beta blockers during the period just before and after their surgery,95%,107% patients@@,al_scip-card-2
924,52402.27778572606,riverview regional medical center,,empty,e#mp%ty,gadsden,al,35901.0,etowah,2565435200.0,acute care hospitals,proprietary,yes,surgical infection prevention,scip-inf-1,surgery patients who were given an antibiotic at the right time (within one hour before surgery) to help prevent infection,95%,402 patients,al_scip-inf-1
925,10046.0,riverview regional medical center,600 south third street,emp%ty,empty,gadsden,al,150736.46155477958,etowah,2565435200.0,acute care hospitals,proprietary,yes,surgical infection prevent$ion,scip-inf-2,surgery patients who were given the  right kind  of antibiotic to help prevent infection,95%,404 patients,al_scip-inf-2
926,,riverview regional medical center,600 south third street,??empty,empty,,al,35901.0,etowah,2565435200.0,acute care hospitals,proprieta$ry,yes,surgical infection prevention,$scip-inf-??3,surgery patients whose preventive antibiotics were stopped at the right time (within 24 hours after surgery),79%,352 patients,al_scip-inf-3
927,10046.0,riverview regional medical center,600 south third street,emp#ty,empty,gadsden,,35901.0,etowah$,2565435200.0,acute care hospitals,proprietary,yes,surgical in$fection pre#vention,scip-inf-4,all heart surgery patients whose blood sugar (blood glucose) is kept under good control in the days right after surgery,76%,114 patients,al_scip-inf??-4
928,10046.0,riverview regional medical center,600 south third street,empty,empty,gadsd%en,al,35901.0,etowah,2565435200.0,acute care hospitals,proprietary,yes,surgical infection prevention,scip-inf-6,surgery patients needing hair removed from the surgical area before surgery who had hair removed using a safer method (electric clippers or hair removal cream c not a razor),100$%,607 patients,al_scip-inf-6
929,10046.0,riv$erview# regional medical center,600 south third street,empty,empty,gadsden,al,35901.0,etowah,2565435200.0,acute care hospitals,,??y??es,surgical infection prevention,scip-vte-1,surgery patients whose doctors ordered treatments to prevent b@@lood clots after certain types of sur#geries,91%,280 patients,al_scip-vte-1
930,35162.99879970928,riverview regional medical center,600 south third s$treet,,empty,gadsden,a@@l,35901.0,etowah,2565435200.0,acute care% hospitals,proprietary,yes,surgical infection prevention,scip-vte-2,patients who got treatment  at the right time (within 24 hours before or after their surgery) to help prevent blood clots after certain types of surgery,84%,280 patients,al_scip-vt$e-%2
931,10047.0,g@@eorgiana hospita??l,515 miranda st,empty,empty,georgiana,al,36033.0,butler,3343762205.0,acute care hospitals,voluntary non-profit - private,no,heart attack,ami-1,heart attack patients given aspirin at arrival,53%,19 patients,%al_ami-1
932,10047.0,georgiana hospital,515 #miranda st,%e@@mpty,empty,,al$@@,36033.0,butler,3343762205.0,acute care hospitals,voluntary non-profit - private,n@@$o,heart ??a$ttack,ami-2,heart attack patients given aspirin at discharge,50%,16 patients,al_ami-2
933,10047.0,georgiana hospital,515 miranda st,$e$mpty,e??#mpty,georgiana,a$l,36033.0,butler,3343762205.0,acute care hospitals,voluntary non-profit - private,no,heart% attack,ami-3,heart attack patients given ace inhibitor or arb for left ventricular systolic dysfunction (lvsd),100%,1 patients,al_ami-3
934,10047.0,georgiana hospital,515 miranda st,empty,empty,georgiana,al,36033.0,butler,3343762205.0,acute care hospitals,voluntary non-profit - private,no,heart attack,ami-4,heart attack patients given smoking cessation advice/counseling,3@@3%@@,6 patients,al_ami-4
935,,georgiana hospital,515 miranda s%??t,empty,empty,georgiana,al,36033.0,butler,3343762205.0,acute care hospitals,voluntary non-profit - private,#$no,heart attack,ami-5,heart attack patients given beta blocker at discharge,60%,15 patients,al_ami-5
936,10047.0,georgiana hospital%,515 miranda st,empty,empty,georgiana%,al,36033.0,butler,3343762205.0,acute care hospitals,voluntary non-profit - private,no,heart attack,ami-7a,heart attack patients given fibrinolytic medication within 30 minutes of arrival,,0 patients,al_ami-7a
937,10047.0,georgiana hospital,515 miranda st,emp$t%y,empty,georgiana,al@@,205834.64765255013,$butler,3343762205.0,acut#e care hospitals,voluntary non-profit - private,no,heart attack,ami-8a,heart attack patients given pci within 90 minutes of arrival,empty,0 patients,#a%l_ami-8a
938,39177.850647541985,georgiana hospital,515 miranda st,empty,,georgiana,al,36033.0,butler,,acute care hospitals,voluntary non-profit - private,no,heart failure,hf-1,heart fa%ilure patients given# discharge instructions,53%,51 patients,al_hf-1
939,10047.0,georgiana$ hospi$tal,515 miranda st,,empty,georgiana,a??l#,36033.0,butler,,acute care hospitals,voluntary non-profit - private,no,heart failure,hf-2,heart failure patients given an evaluation of left ventricular systolic (lvs) function,$63%,59 patients,al_hf-2
940,10047.0,georgiana hospital,515 miranda st,e??m$pty,em@@pty,georgiana,al,36033.0,butler,3343762205.0,acute care hospitals,voluntary no@@n-profit - p??rivate,no,heart failure,hf-3,heart failure patients given ace inhibitor or arb for left ventricular systolic dysfunction (lvsd),67%,,al_hf-3
941,10047.0,georgiana hospital,515 miranda st,empty,empty,georgiana,al,36033.0,#butl$er,19525117299.323956,acute care hospitals,voluntary non-profit - private,no,,hf-4,heart failure patients given smoking cessation advice/counseli%$ng,75%,8@@ pat%ients,al_hf-4
942,10047.0,georgiana hospital,515 m$@@iranda st,empty,empty,georgiana,al,36033.0,butler,3343762205.0,acute care hospitals,voluntary non-profit - private,,pneumonia,pn-2,pneumonia patients assessed and given pneumococcal vaccination,90%,39 patients,
943,60052.681753060046,geo??rgiana ho$spital,515 miranda st,empty,empty,georgiana,al,126872.61843794676,butler,3343762205.0,acute care hospitals,voluntary non-profit - private,,pneumonia@@,pn-3b,pneumonia patients whose initial emergency room blood culture was performed prior to the administration of the first hospital dose of antibiotics,50%,2 patients,al_pn-3b
944,10047.0,,,empty,empty,georgiana,a@@l,36033.0,butler@@,3343762205.0,acute care hospitals,voluntary non-profit - private,no,pneumonia,pn-4,,80%,,
945,10047.0,georgiana hospital,5$15 miranda st,empty,empty,georgiana,al,36033.0,butler,3343762205.0,acute care ??hospi@@tals,voluntary non-profit - private,no,pneumonia,pn-5c,pneumonia patients given initial antibiotic(s) within 6 hours after arrival,97%,36 patients,al_pn-5c
946,,georgiana hospital,515 miranda st,empty,empty,georgiana,$a??l,36033.0,,17406767455.193115,acute ca%r??e hospitals,voluntary non-profit - private,no,pneumonia,pn-6,pneumonia patients given the most appropriate initial antibiotic(s),50%,30 patients,al@@_%pn-6
947,10047.0,georgi$ana hospi%tal,515 miranda st,empty,empty,georgiana,al,36033.0,butler,3343762205.0,acute care hospitals,voluntary non-profit - private,no,pneumonia,pn-7,pneumonia patients assessed and given influenza vaccination,65%,31 patients,
948,10047.0,georgiana hospital,515 miranda st,empty,empty,georgiana,a$??l,36033.0,butler,3343762205.0,acute care hospitals,voluntary non-profit - private,no,surgical infection prevention,scip-card-2,surgery patients who were taking heart drugs called beta blockers before coming to the hospital who were kept on the beta blockers during the period just before and after their surgery,empty,empty,al_scip-card-2
949,,georgiana hospital,515 miranda st,empty,,georgiana,al,36033.0,butler,3343762205.0,acute care hospitals,voluntary non-profit - private??,no,surgical infectio@@n prevention,scip-inf-1,surgery patients who were given an antibiotic at the right time (within one hour before surgery) to help prevent infection,empty,empty,al_scip-inf-1
950,10047.0,georgiana hospital,515 miranda st,empty,empty,georgiana,al,198663.17708021955,butler,3343762205.0,acute care hospitals,voluntary non-profit% -$ private,no,surgical infection prevention,scip-inf-2,surgery patients who were given the  right kind  of antibiotic to help prevent infection,empty,empty,al_scip-inf-2
951,10047.0,,5@@15 mir$anda st,empty,empty,geo#r#giana,al,36033.0,butler,19931614780.512894,acute care hospitals,voluntary non-profit - private,no,surgical infection prevention,scip-inf-3,surgery patients whose preventive antibiotics were stopped at the right time (within 24 hours after surgery),empty,empty,al_scip-inf-3
952,10047.0,georgiana hospital,515 miranda st,$emp$ty,empt$y,georgiana,$al@@,36033.0,butler,,,voluntary non-profit - private,no,surgical infection prevention,scip-inf-4,all heart surgery patients whose blood sugar (blood glucose) is kept under good control in the days right after surgery,empty,empty,al_scip-inf-4
953,10047.0,georgiana hospital,515 miranda st,empty,empty,georgiana,al,36033.0,%b#utler,3343762205.0,acute care hospitals,,no,surgical infection prevention,scip-i??nf-6,surgery patients needing hair removed from the surgical area before surgery who had hair removed using a safer method (electric clippers or hair removal cream c not a razor),empty,empty,al_scip-inf-6
954,10047.0,georgiana hospital,515 miranda st,empty,empty,georgiana,al,159609.7220904249,butle@@r,3343762205.0,acute care hospitals,voluntary non-profit - private,no,surgical infection prevention,scip-vte-1,surgery patients whose doctors ordered treatments to prevent blood clots after certain types of surgeries,empty,,al_scip-vte-1
955,10047.0,georgiana hospital,515 miranda st,empty,empty,georgiana,al,36033.0,bu??tler,3343762205.0,acute care hospitals,voluntary non-profit - private,no,surgical infection prevention,scip-vte-2,patients who got treatment  at the right time (within 24 hours before or after their surgery) to help prevent bloo@@d clots after certain types of surgery,empty,empty,al_scip-vte-2
956,10049.0,medical center enterprise,400 n edwards street,empty,empty,enterprise,al,36330.0,coffee,3343470584.0,acute care hospitals,prop@@rietary,ye#s,heart attack,ami-1,heart attack p$atients given aspirin at% arrival,100%,4 patients,al_ami-1
957,10049.0,medical center enterprise,400 n edwards street,empty,empty,enterprise,al,,coffee,3343470584.0,acute care hospitals,proprietary,yes,,ami-2,heart attack patients given aspirin at discharge,100%,1 patients,al_ami-2
958,54255.28561315378,medical center enterprise,400 n edwards street,empty,empty,enterprise,al,36330.0,coffee,3343470584.0,acute care hospitals,proprieta%ry,yes,heart attack,ami-3,heart attack patients given ace inhibitor or arb for left ventricular systolic dysfunction (lvsd),e$mpt#y,0 patients,al_ami-3
959,10049.0,medical center enterprise,400 n edwards street,em??pty??,empty,enterprise,al,122722.33494303629,coffee,3343470584.0,acute care hospitals,,@@yes,heart attack,ami-4,heart attack patients given smoking cessation advice/counseling,empty,0 patients,al_ami-4
960,10049.0,medical center enterprise,400 n edwards str$eet,$empty,empty,enterprise,al,36330.0,c#offee,17719266650.879177,acute care hospitals,proprietary,yes,heart attack,ami-5@@,,??1#00%,2 patients,al_ami-@@5
961,10049.0,medical center enterprise,400 n edwards street,@@empt%y,empty,enterprise,al,36330.0,coffee,3343470584.0,acute care hospitals,proprietary,yes,heart attack,ami-7a,heart attack patients given fibrinolytic medication within 30 minutes of arrival,empty,0 patients,al_ami-7a
962,10049.0,medical center enterprise,400 n edwards street,empty,empty,enterprise,al,36330.0,coffee,17585180495.282406,acute care hospitals,proprietary,yes,heart attack,ami-@@8??a,heart attack patients given pci within 90 minutes of arrival,e$mpty,0 patients,al_ami-8a
963,10049.0,medical center enterprise,400 n edwards street,empty,empty,enterprise,,36330.0,coffee,,acute care hospitals,proprietary,yes,heart failure,hf-1,heart failure patients given discharge instructions,9#6%,70 patients,a$l_hf-1
964,10049.0,medical center enterprise,400 n edwards street,$empt%y,empty,,al,,@@coffee,19511002856.80967,acute care hospitals,proprietary,yes,heart failure,hf-2,heart failure patients given an evaluation of left ventricular systolic (lvs) function,99%,82 patients,al_@@hf-%2
965,10049.0,medical center enterprise,400 n edwards street,empty,empty,enterprise,al,36330.0,,3343470584.0,acute care hospitals,proprietary,yes,heart failure,#h@@f-3,heart failure patients given ace inhibitor or arb for left ventricular systolic dysfunction (lvsd),100%,34 patients,al_hf-3
966,10049.0,medical center enterprise,400 n edwards street,empty,empty,enterprise,$a??l,,coffee,3343470584.0,acute care hospitals,proprietary,yes,,,heart failure patients given smoking cessation advice/counseling,100%,15 patients,al_hf-4
967,10049.0,medical $center enterprise,400 n edwards street,e??m%pty,empty,enterprise,al,36330.0,coffe@@e,3343470584.0,acute care hospitals,proprietary,yes,pneumonia,pn-2,pneumonia patients assessed and given pneumococcal vaccination,100%,72 patients,al_pn-2
968,10049.0,medical center enterprise,400 n edwards street,empty,empty,enterprise,al,151130.11217098843,cof%fee,,acute care hospitals,pr??oprie$tary,yes,pneumonia,pn-3b,pneumonia patients whose initial emergency room blood culture was performed prior to the administration of the first hospital dose of antibiotics,98%,,al_%pn-3b
969,10049.0,medical center enterprise,400 n edwards street,empty,e??mpty,enterprise,,,cof%fee#,12227378679.511885,acute care $hospitals,proprietary,yes,pneumonia,pn-4,pneumonia patients given smoking cessation advice/counseling,100%,24 patients,al_pn-4
970,10049.0,medical center enterprise,400 n edwards str%eet@@,em%pt#y,@#@empty,enterprise,al,36330.0,coffee,3343470584.0,acute care hospitals,proprietary,yes,pneumonia,pn#-5c,pneumonia patients given initial antibiotic(s) within 6 hours after arrival,99%,85 patients,al@@_pn-5c
971,10049.0,medical center enterprise,400 n $edwards stre%et,empty,empty,ent#erprise,al,36330.0,coffee,3343470584.0,acute care hospitals,propri%etar$y,yes,pneumonia,pn-6,pneumonia patients given the most appropriate initial antibiotic(s),99%,6$7 pa%tients,al_pn-6
972,10049.0,medical center enterprise,400 n edwards street,empty,empty,enterprise,$al#,36330.0,coffee,,acute care hospitals,prop??rietary,yes,pneumonia,pn-7,pneumonia patients assessed and given influenza vaccination,100%,37 p$$atients,al_pn-7
973,10049.0,medical center enterprise,400 n edwards street,empty,empty,enterprise,al,135897.23825283704,coffee,3343470584.0,acute care hospitals,proprietary,yes,surgical infection prevention,sci#p-card-2,surgery patients who were taking heart drugs called beta blockers before coming to the hospital who were kept on the beta blockers during the period just before and after their surgery,100%,27 patients,al_scip-card-2
974,39764.91439063854,medical center enterprise,4$00 n edwards street,empty,empty,en%terprise,al,36330.0,coffee,3343470584.0,acute care hospitals,proprietary,,surgical# infection prevention,scip-inf-1,surgery patients who were given an antibiotic at the right time (within one hour before surgery) to help prevent infection,99@??@%,#397 patient%s,al_scip-inf-1
975,10049.0,medical center enterprise,,empty,empty,enterprise,a$%l,36330.0,,13121629711.699604,acute ca@@re hospital%s,pro@@prietary,yes,surgical infection prevention,scip-inf-2,surgery patients who were given the  right kind  of antibiotic to help prevent infection,100%,399 patients,al_scip-inf-2
976,10049.0,medical center enterprise,40$0 n edwards street@@,emp$ty,empt??y$,enterprise,al,36330.0,coffee,14514762228.469215,acute care hospitals,proprietary,yes,surgical infection prevention,scip-inf-3,surgery patients whose preventive antibiotics were stopped at the right time (within 24 hours after surgery),100%,391 patients,al_scip-inf-3
977,10049.0,medical center enterprise,400 n# edwards# street,empty,em??pt??y,enterp$rise,al,36330.0,coffee,3343470584.0,acute care hospitals,proprietary,yes,surgical infection prevention,scip-inf-4,all heart surgery patients whose blood sugar (blood glucose) is kept under good control in the days right after surgery,empty,0 patients,al_scip-inf-4
978,10049.0,medica#l center ent@@erprise,400 n edwards street,empty,empty,enterprise,al,36330.0,coffee,,acute care hospitals,proprietary,%??yes,surgical infection prevention,scip-inf-6,surgery patients needing hair removed from the surgical area before surgery who had hair removed using a safer method (electric clippers or hair removal cream c not a razor),100%,485 p@@atients,al_scip-inf-6
979,10049.0,medical %center ent%erprise,,empty,empty,enterprise,a@@l??,36330.0,coffee,15027696786.202713,a%c??ute care hospitals,proprietary,yes,surgical infection prevention,scip-vte-1,surgery patients whose doctors ordered treatments to prevent blood clots after certain types of surgeries,100%,196 patients,al_scip-vte-1
980,10049.0,medical center enterprise,400 n edwards street,empty,empty,enterprise,al,36330.0,coffee,3343470584.0,acute care hospitals,proprietary,yes,surgical infection prevention,scip-vte-2,patients who got treatment  at the right time (within 24 hours before or after their surgery) to help prevent blood clots afte@@r certain types of surgery,100%,196 patients,al_scip-vte-2
981,10050.0,st vincents blount,150 gilbreath drive,empty,,oneonta,,35121.0,blount,6890369274.622825,ac??ute care #hospitals,voluntary non-profit - private,yes,heart attack,ami-1,heart attack patients given aspirin at arrival,100%,7 p??atie%nts,al_ami-1
982,10050.0,st vincents blount,150 gilbreath drive,empty,empt#y,oneonta,al,35121.0,blount,2052743000.0,acute care hospitals,voluntary non-profit - private,yes,heart attack,ami-2,heart attack patients given aspirin at discharge,100%,2 #pa??tients,al_ami-2
983,10050.0,st vincents blount,150 gilbreath drive,empty,empty,oneonta,#al??,172575.3006540372,blount,2052743000.0,acute care hospitals,voluntary non-profit - private,yes,heart attack,ami-3,heart attack patients given ace inhibitor or arb for left ventricular systolic dysfunction (lvsd),100$%,2 patients,al_ami-3
984,10050.0,st vincents blount,150 gilbreath drive,@@emp??ty,empty,one????onta,al,35121.0,blount,2052743000.0,%acute care hospitals,voluntary non-profit -@@ private,yes,heart attack,ami-4,heart attack patients given smoking cessation advice/counseling,empty,0 patients,al_ami-4
985,10050.0,st vincents blount,150 gilbreath drive,empty,,oneonta,al,35121.0,blount,2052743000.0,acute care hospitals,voluntary non-profit - private,ye#s??,h#eart at@@tack,ami-5,heart attack patients given bet@@a blocker at discharge,100%,3 patients,al_%am$i-5
986,10050.0,st vincents# @@blount,150 gilbreath drive,,empty,oneonta,al,35121.0,blount,2052743000.0,acute care hospitals,voluntary non-profit - private,yes$,he%art attack,ami-7a,heart attack patients given fibrinolytic medication within 30 minutes of arrival,empty,0 patients,al_ami-7a
987,10050.0,st vincents blount,150 gilbreath drive,empty,emp@@ty,oneonta,$a#l,35121.0,blount,12273297424.185268,acute care hospitals,voluntar??y non-profit - private$,yes,heart attack,ami-8a,heart attack patients given pci within 90 minutes of arrival,empty,0 patients,al_ami-8a
988,10050.0,st vincents blount,150 gilbreath drive,em#pt??y,empty,oneonta,al?$?,35121.0,blount,2052743000.0,acute ca??re hospitals,voluntary non-profit - private,yes,heart failure,hf-1,heart failure patients given discharge instructions,50%,24 pati??e$nts,al_hf-1
989,10050.0,,150 gilbreath drive,empty,empty,oneonta,al,35121.0,blount,10528095809.073051,acute care hospitals,voluntary non-profit - private,yes,heart failure,hf-2,heart failure patients given an evaluation of left ventricular systolic (lvs) function,85%,34 patients,al_hf-2
990,10050.0,st vincents blount,$1#50 gilbreath drive,em??pt$y,empty,oneonta,al,195630.61490401818,blount@@,2052743000.0,acute care hospit$al%s,,,heart failure,hf-3,heart failure patients given ace $inhibitor or arb for left ventricular systolic dysfunction (lvsd),#1#00%,7 patients,al_hf-3
991,10050.0,st vincents blount,,empty,empty,oneonta,al,35121.0,blount,2052743000.0,acute care hospitals,voluntary non-profit - private,yes,heart failure,hf-4,heart failure patients given smoking cessation advice/counseling,43%,7 patients,al_hf-4#
992,10050.0,st vincents blount,150 gilbreath drive,empty,empty,#oneo$nta,al,126598.2545382071,,2052743000.0,acute care hospitals,voluntary non-profit - private,yes,pneumonia,pn-2,pneumonia patients assessed and given pneumococcal vaccination,74%,92 patients,al_pn-2
993,48279.94238110455,st vincents blount,150 gilbreath drive,empty,empty,oneonta,al,35121.0,blount,2052743000.0,acute care hospitals,voluntary non-profit - private,yes,pneu#monia,pn-3b,pneumonia patients whose initial emergency r#oom blood culture was performed# prior to the administration of the first hospital dose of antibiotics,83%,103 patients,al_pn-3b
994,10050.0,st vincents blount,150 gilbreath drive,empty,empty,oneonta,,166111.57966743797,blount,2052743000.0,acute care hospitals??,voluntary non-profit - private,ye#@@s,pneumonia,pn-4,pneumonia patients given smoking cessation advice/counseling,83%,29 patients,al_pn-4
995,32680.358323825232,st vincents blount,150 gilbr%eath drive,empty,empty,oneonta,al,35121.0,blount,2052743000.0,acute care hospitals,voluntary non-profit - private,yes,pneumonia,pn-5c,pneumonia patients given initial antibiotic(s) within 6 hours after arrival,%98%,105 patients,
996,10050.0,st vincents blount,150 gilbreath drive,@@empty,empty,oneonta,al,209268.6087592997,blount,2052743000.0,a%cute care hospit#als,voluntary non-profit - private,yes,pn#eumoni#a,pn-6,pneumonia patients given the most appropriate initial antibiotic(s),77%,74 patients,al_pn-6
997,47178.014250463384,st vincents blount,150 gilbreath drive,empty,empty,oneonta,al,35121.0,,2052743000.0,acute care ho%spi%tals,voluntary non-profit - priva??t$e,yes,pneumonia,pn-7,pneumonia patients assessed and given influenza vaccination,64%,55 pat??ients,al_pn-7
998,10050.0,st vincents blount,150 gilbreath drive,empty,empty,o#n@@eonta,al,126907.03255564986,blount,2052743000.0,acute #care hospitals,voluntary non-profit - private,,surgical infection prevention,scip-card-2,surgery patients who were taking heart drugs called beta blockers before coming to the hospital who were kept on the beta blockers during the period just before and after their surgery,25%,8 patients,al_scip-card-2
999,10050.0,st vincents blount,150 gilbreath drive,empty,empty,oneonta,al,160155.52241963934,blount,8294362113.034347,acute care hospitals,voluntary non-profit - private,yes,surgical infection prevention,scip-inf-1,surgery patients who were given an antibiotic at the right time (within one ho@@ur befor@@e surgery) to help prevent infection,64%,,a@@l_@@scip-inf-1
1000,10050.0,st vincents blount,150 gilbreath@@ drive??,#empty,empty,oneonta#,al,35121.0,blount,2052743000.0,acute care hospitals,voluntary non-profit - private,yes,surgical infection prevention,,surgery patients who were given the  right kind  of antibiotic to hel$p prevent infection,88%,25 patients,al_scip-inf-2
