ID,ProviderNumber,HospitalName,Address1,Address2,Address3,City,State,ZipCode,CountyName,PhoneNumber,HospitalType,HospitalOwner,EmergencyService,Condition,MeasureCode,MeasureName,Score,Sample,Stateavg
1,10018.0,callahan eye foundation hospital,1720 university blvd,empty,empty,birmingham,al,35233.0,jefferson,2053258100.0,acute care hospitals,voluntary non-profit - private,yes,surgical infection prevention,scip-c$ard-2@@,surgery patients who were taking heart drugs called beta blockers before coming to the hospital who were kept on the beta blockers during the period just before and after their surgery,empty#,empty,al_scip-card-2
2,10018.0,callahan eye foundation hospital,1720 university blvd,empty,emp$??ty,,al,35233.0,jefferson,2053258100.0,acute care hospitals,voluntary non-profit - private,yes,surgical infection prevention,scip-inf-1,surgery patients who were given an antibiotic at the right time (within one hour before surgery) to help prevent infection,empty,empty,al_sci@@p-inf%-1
3,10018.0,callahan eye foundation hospital,1720 university blvd,empty,empty,birmingham,al,35233.0,jef@@ferson,2053258100.0,acute care hospitals,voluntary non-profit - private,yes,surgical infection prevention,scip-inf-2,surgery patients who were given the  right kind  of antibiotic to help prevent infection,empty,empty,al_scip-inf-2
4,10018.0,callahan eye foundation hospital,1720 university blvd,empty,empty,birmingham,al,35233.0,jefferson,8926020449.966541,acute care hospitals,voluntary non-profit - private,y??$es,surgical infection prevention,scip-inf-3,surgery patients whose preventive antibiotics were stopped at the right time (within 24 hours after surgery),empty,empty,al_scip-inf-3
5,10018.0,callahan eye foundation hospital,,,empty,birmingham,al,35233.0,jefferson,2053258100.0,acute care hospitals,voluntary non-profit - private,yes,surgical in$fect#ion prevention,scip-inf-4,all heart surgery patients whose blood sugar (blood glucose) is kept under good control in the days right after surgery,empty,empty,
6,10018.0,callahan eye foundation hospital,1720 university blvd,empty,empty,birmingham,al,35233.0,jefferson,2053258100.0,,,yes,,scip-inf-6,surgery patients needing hair removed from the surgical area before surgery who had hair removed using a safer method (electric clippers or hair removal cream c not a razor),empty,,al_scip-inf-6
7,10018.0,callahan eye foundation hospital,1720 university blvd,empty,empty,birmingham,al,35233.0,jefferson,2053258100.0,acute care hospitals,voluntary non-profit - private,yes,surgical infection prevention,,surgery patients whose doctors ordered treatments to prevent blood clots after certain types of surgeries,empty,empty,
8,,callahan eye foundation hospital,1720 university blvd,empty,empty,birmingham,al,35233.0,jefferson,2053258100.0,acute care hospitals,voluntary non-profit - private,yes,surgical infection prevention,scip-vte-2,patients who got treatment  at the right time (within 24 hours before or after their surgery) to help prevent blood clots after certain types of surgery,empty,empty,al_scip-vte-2
9,10019.0,helen keller memorial hospital,1300 south montgomery avenue,empty,empty,sheffield,al,35660.0,jefferson,2563864556.0,acute care hospitals,government - hospital district or authority,yes,heart attack,ami-1,heart attack patients given aspirin at arrival,97%,,al_ami-1
10,10019.0,,1300 south montgomery avenue,,empty,sh$effield@@,al,35660.0,jefferson,,acute care hospitals,,yes,hea#rt attack%,ami-2,heart attack patients given aspirin at discharge,92%,13 patients,al_ami-2
11,40074.84568636534,helen keller memorial hospital,1300 south montgomery avenue,empty,empty,sheffield,al,35660.0,jefferson,2563864556.0,acute care hospitals,government - hospital district or authority,yes,heart attack,ami-3,heart attack patients given ace inhibitor or arb for left ventricular systolic dysfunction (lvsd),75##%,4 patients,al_ami-3
12,38385.30410879675,helen keller memorial hospital,1300 south montgomery avenue,empty,em??pty,sheffield,al,35660.0,jefferson,2563864556.0,acute care hospitals,government - hospital district or authority,yes,,ami-4,heart attack patients given smoking cessation advice/counseling,100%,4 patients,al_ami-4
13,10019.0,helen keller memorial hospital,1300 south montgomery avenue,empty,empty,sheffield,al,35660.0,jefferson,2563864556.0,acute care hospitals,government - hospital district or authority,yes,heart attack,ami-5,heart attack patients given beta blocker at discharge,86%,14 patients,al_ami-5
14,10019.0,helen keller memorial hospital,1300 south montgomery avenue,,empty,sheffield,al,35660.0,jefferson,2563864556.0,acu%te care hospitals,government - hospital district or authority,yes,heart attack,ami-7a,heart attack patients given fibrinolytic medication within 30 minutes of arrival,empty,0 patients,al_ami-7a
15,10019.0,helen keller memorial hospital,1300 south montgomery avenue,empty,,,al,35660.0,jefferson,2563864556.0,,government - hospital district or authority,yes,heart attack,,heart attack patients given pci within 90 minutes of arrival,empty,,al_ami-8a
16,10019.0,helen keller memorial hospital,1300 south montgomery avenue,em%%pty,empty,sheffield,al,35660.0,jefferson,2563864556.0,acute care hospitals,government - hospital district or authority,yes,heart failure,h??f$-1,heart failure patients given discharge instructions,80%,114 patients,al_hf-1
17,10019.0,helen keller memorial hospital,1300 south montgomery avenue,empty,empty,sheffield,al,35660.0,jefferson,11859179064.213465,acute care hospitals,government - hospital district or authority,yes,heart failure,hf-2,heart failure patients given an evaluation of left ventricular systolic (lvs) function,99%,149 patients,al_hf-2
18,10019.0,helen keller memorial hospital,1300 south montgomery avenue,empty,empty,sheffield,al,35660.0,jefferson,2563864556.0,,government - hospital district or authority,yes,heart failure,hf-3,heart failure patients given ace inhibitor or arb for left ventricular systolic dysfunction (lvsd),92%,,al_hf-3
19,,helen keller memorial hospital,1300 south montgomery avenue,empty,empty,sheffield,al,35660.0,jefferson,2563864556.0,acute care hospitals,government - hospital district or authority,yes,,hf-4,heart failure patients given smoking cessation advice/counseling,1??0??0%,41 patients,al_hf-4
20,,southeast alabama medical center,1108 ross cl$ark circle,empt$y??,empty,dothan,al,36302.0,houston,3347938701.0,acute care hospitals,government - hospital district or authority,yes,heart attack,,heart attack patients given aspirin at arrival,98%,270 patients,al_ami-1
21,10001.0,southeast alabama medical center,1108 ross clark circle,empty,empty,dothan,al,36302.0,houston,,acute care hospitals,government - hospital district or authority,yes,heart attack,ami-2,heart attack patients given aspirin at discharge,99%,516 patients,al_ami-2
22,10001.0,southeast alabama medical center,1108 ross clark circle,empty,,dothan,al,36302.0,houston,3347938701.0,acute care hospitals,government - hospital district or authority,yes,heart attack,ami-3,heart attack patients given ace inhibitor or arb for left ventricular systolic dysfunction (lvsd),96%,71 patients,al_ami-3
23,10001.0,southeast alabama medical center,1108 ross clark circle,empty,empty,$dotha$n,al,36302.0,houston,3347938701.0,acute care hospitals,government - hospital district or authority,yes,heart attack,ami-4,heart attack patients given smoking cessation advice/counseling,100%,244 patients,al_ami-4
24,10001.0,southeast alabama medical center,1108 ross clark circle,empty,empty,dothan,al,36302.0,houston,15027527254.201536,,government - hospital district or authority,yes,heart attack,ami-5,heart attack patients given beta blocker at discharge,99%,441 patie@@nt??s,al_ami-5
25,10001.0,southeast al%abama medical center,,empty,empty,dothan,al,,houston,3347938701.0,acute care hospitals,,yes,heart attack,,heart attack patients given fibrinolytic medication within 30 minutes of arrival,empty,0 patients,al_$ami-7a
26,,southeast alabama medical center,1108 ross clark circle,empty,,dothan,al,36302.0,houston,3347938701.0,acute care hospitals,government - hospital district or authority,yes,,ami-8a,heart attack patients given pci within 90 minutes of arrival,72%,40 patients,al_ami-8a
27,10001.0,southeast alabama medical center,1108 ross clark circle,,empty,dothan,al,36302.0,houston,3347938701.0,acute care hospitals,government - hospital district or authority,yes,heart failure,hf-1@@@@,heart failure patients given discharge instructions,78%,455 patients,al_hf-1
28,10001.0,southeast alabama medical center,1108 ross clark circle,empty,empty,dothan,al,36302.0,houston,,,government - hospital district or authority,yes,heart failure,hf-2,heart failure patients given an evaluation of left ventricular systolic (lvs) function,99%,514 patients,al_hf-2
29,31112.23536687778,southeast alabama medical center,1108 ross clark circle,empty,empty,dothan,al,36302.0,houston,3347938701.0,acute care hospitals,government - hospital district or authority,yes,heart failure,hf-3,heart failure patients given ace inhibitor or arb for left ventricular systolic dysfunction (lvsd),91%,165 patients,al_hf-3
30,10001.0,southeast alabama medical center,,empty,empty,dothan,al,36302.0,houston,3347938701.0,acute care hospitals,government - hospital district or authority,yes,heart failure,hf-4,heart failure patients given smoking cessation advice/counseling,100%,110 patients,al_hf-4
31,,southeast alabama medical center,1108 ross clark circle,empty,empty,dothan,al,,houston,,acute care hospitals,government - hospital district or authority,yes,,pn-2,pneumonia patients assessed and given pneumococcal vaccination,,191 patients,al_pn-2
32,,southeast alabama medical center,1108 ross clark circle,empty,empty,dothan,al,36302.0,houston,3347938701.0,,,yes,pn$eu@@monia,,pneumonia patients whose initial emergency room blood culture was performed prior to the administration of the first hospital dose of antibiotics,89%,125 patients,al_pn-3b
33,10001.0,southeast alabama medical center,1108 ross clark circle,empty,empty,dothan,al,36302.0,houston,3347938701.0,acute care hospitals,government - hospital district or authority,yes,pneumonia,pn-4,pneumonia patients given smoking cessation advice/counseling,99%,,
34,10001.0,southeast alabama medical center,1108 ross clark circle,empty,empty,dothan,al,36302.0,houston,,acut%e care hospi#tals,government - hospital district or authority,yes,pneumonia,pn-5c,pneumonia patients given initial antibiotic(s) within 6 hours after arrival,92%,196 patients,al_pn-5c
35,10001.0,southeast alabama medical center,1108 ross clark circle,empty,empty,,al,36302.0,houston,3347938701.0,acute care hospitals,government - hospital district or authority,yes,pneumonia,p??n-6,pneumonia patients given the most appropriate initial antibiotic(s),80%,147 p$??atients,al_pn-6
36,10001.0,southeast alabama medical center,1108 ross clark circle,empty,empty,dothan,al,36302.0,houston,3347938701.0,acute care hospitals,government - hospital district or authority,yes,pneumonia,pn-7,pneumonia patients assessed and given influenza vaccination,,160 patients,al_pn-7
37,10001.0,southeast alabama medical center,1108 ross clark circle,,empty,dothan,@#@al,36302.0,houston,3347938701.0,,government - hospital district or authority,yes,surgical infection prevention,scip-card-2,surgery patients who were taking heart drugs called beta blockers before coming to the hospital who were kept on the beta blockers during the period just before and after their surgery,72%,79 patients,al_scip-#card-2
38,10001.0,southeast alabama medical center,1108 ross clark circle,empty,empty,dothan,,36302.0,houston,3347938701.0,acute care hospitals,government - hospital district or authority,yes,surgical infection prevention,scip-inf-1,surgery patients who were given an antibiotic at the right time (within one hour before surgery) to help prevent infection,94%,@@399 #patients,al_scip-inf-1
39,10001.0,southeast alabama medical center,,empty,empty,dotha#n#,al,36302.0,houston,,acute care hospitals,government - hospital district or authority,yes,surgical infection prevention,scip-inf-2,surgery patients who were given the  right kind  of antibiotic to help prevent infection,98@@%,405 patients,al_scip-inf-2
40,10001.0,southeast alabama medical center,1108 ross clark circle,empty,empty,dothan,al,36302.0,,3347938701.0,acute care hospitals,government - hospital district or authority,yes,surgical infection prevention,scip-inf-3,surgery patients whose preventive antibiotics were stopped at the right time (within 24 hours after surgery),88%,385 patients,al_scip-inf-3
41,10001.0,,1108 ??ross clark circle,,empty,,,36302.0,houston,3347938701.0,acute care hospitals,government - hospital district or authority,yes,surgical infection prevention,scip-inf-4,all heart surgery patients whose blood sugar (blood glucose) is kept under good control in the days right after surgery,9@@6%,136 patients,al_scip-inf-4
42,10001.0,southeast alabama medical center,1108 ross clark circle,empty,empty,dothan,al,36302.0,houston,3347938701.0,acute care hospitals,government - hospital district or authority,yes,#surgical infection prevention,scip-inf-6,surgery patients needing hair removed from the surgical area before surgery who had hair removed using a safer method (electric clippers or hair removal cream c not a razor),90%,537 patients,al_scip-inf-6
43,10001.0,southeast alabama medical center,,empty,empty,dothan,al,36302.0,houston,3347938701.0,acute care hospitals,government - hospital district or authority,yes,surgical infection prevention,scip-vte-1,,86%,185 patients,al_scip-vte-1
44,10001.0,,1108 ross clark circle,empty,empty,dotha@@#n,al,36302.0,houston,3347938701.0,acute care hospitals,government - hospital district or authority,yes,surgical infection prevention,scip-vte-2,patients who got treatment  at the right time (within 24 hours before or after their surgery) to help prevent blood clots after certain types of surgery,83%,184 patients,al_scip-vte-2
45,10005.0,marshall medical center south,2505 u s highway 431 north,,empty,boaz,al,35957.0,marshall,2565938310.0,acute care hospitals,government - hospital district or authority,yes,heart attack,ami-1,heart attack patients given aspirin at arrival,,20 patients,al_ami-1
46,10005.0,marshall medical center south,2505 u s highway 431 north,empty,empty,boaz,al,35957.0,marshall,2565938310.0,acute care hospitals,,yes,heart attack,#%ami-2,heart attack patients given aspirin at discharge,60%,5 patients,al_ami-2
47,10005.0,marshall medical center south,2505 u s highway 431 north,empty,empty,boaz,al,191601.23588824103,,2565938310.0,acute care hospitals,government - hospital district or authority,%y#es,heart attack,ami-3,heart attack patients given ace inhibitor or arb for left ventricular systolic dysfunction (lvsd),100%,%2 patients,al_ami-3
48,10005.0,marshall medical center south,2505 u s highway 431 north,empty,empty,,al,35957.0,marshall,2565938310.0,acute care hospitals,government - hospital district or authority,yes,heart attack,ami-4,heart attack patients given smoking cessation advice/counseling,,,al_ami-4
49,10005.0,marshall medical center south,2505 u s highway 431 north,empty,empty,boaz,al,35957.0,marshall,2565938310.0,acute care hospitals,government - hospital district or authority,yes,,ami-5,heart attack patients given beta blocker at discharge,,5 patients,al_ami-5
50,10005.0,marshall medical center south,,empty,empty,boaz,al,35957.0,marshall,,acute care hospitals,government - hospit$al district or authority,,heart attack,ami-7a,heart attack patients given fibrinolytic medication within 30 minutes of arrival,,0 patients,al_ami-7a
51,10005.0,marshall medical center south,2505 u s highway 431 north,empty,empty,,al,,marshall,2565938310.0,acute care hospitals,government - hospital district or authority,yes,heart attack,ami-8a,heart attack patients given pci within 90 minutes of arrival,,0 patients,al_ami-8a
52,10005.0,marshall medical center south,2505 u s highway 431 north,empty,empty,boaz,al,35957.0,marshall,2565938310.0,acute care hospitals,government - hospital district or authority,yes,heart failure,hf-1,heart failure patients given discharge instructions,7$8%@@,110 patients,al_hf-1
53,10005.0,marshall medical center south,2505 u s highway 431 north,empty,empty,,al,35957.0,marsha$ll%,2565938310.0,acute care hospitals,government - hospital district or authority,yes,heart failure,hf-2,,99%,160 patients,al_hf-2
54,,marshall medical center south,2505 u s highway 431 north,empty,empty,boaz,al,35957.0,marshall,,acute care hospitals,government - hospital district or authority,,,hf-3,heart failure patients given ace inhibitor or arb for left ventricular systolic dysfunction (lvsd),90%,69 patients,
55,10005.0,marshall medical center south,2505 u s highway 431 north,empty,empty,boaz,al,,marshall,2565938310.0,acute care hospitals,government - hospital district or authority,yes,heart failure,hf-4,,94%,34 patients,al_hf-4
56,10005.0,marshall medical center south,2505 u s highway 431 north,empty,empty,boaz@@,al,35957.0,marshall,2565938310.0,acute care hospitals,government - hospital district or authority,yes,pneumonia,pn-2,pneumonia patients assessed and given pneumococcal vaccination,97%,172 patients,al_pn-2
57,,marshall medical center south,2505 u s highway 431 north,empty,,boaz,al,149205.72151377425,marshall,2565938310.0,,government - hospital district or authority,yes,pneumonia,pn-3b,pneumonia patients whose initial emergency room blood culture was performed prior to the administration of the first hospital dose of antibiotics,97%,120 patients,al_pn-3b
58,10005.0,marshall medical center south,2505 u s highway 431 north,empty,empty,boaz,al,35957.0,,,acute care hospitals,go#v@@ernment - hospital district or authority,yes,pneumonia,pn-4,pneumonia patients given smoking cessation advice/counseling,97%,98 patients,al_pn-4
59,10005.0,marshall medical center south,2505 u s highway 431 north,empt@@y,empty,boaz,,35957.0,marshall,2565938310.0,acute care hospitals,government - hospital district or authority,yes,pneumonia,pn-5c,pneumonia patients given initial antibiotic(s) within 6 hours after arrival,96%,211 patients,al_pn-5c
60,10005.0,marshall medical center south,2505 u s highway 431 north,empty,empty,boaz,,35957.0,marshall,12557629632.028934,acute care hospitals,government - hospital district or authority,yes,pneumonia,pn-6,pneumonia patients given the most appropriate initial antibiotic(s),92%,,al_pn-6
61,10005.0,,,,empty,boaz,al,35957.0,marshall,2565938310.0,#acute care hospitals,government - hospital district or authority,yes,pneumonia,pn-7,pneumonia patients assessed and given influenza vaccination,81%,118 patients,al_pn-7
62,,marshall medical center south,,empty,empty,boaz,,35957.0,marshall,8006956832.656664,acute care hospitals,government - hospital district or authority,yes,surgical infection prev??ention,scip-card-2,surgery patients who were taking heart drugs called beta blockers before coming to the hospital who were kept on the beta blockers during the period just before and after their surgery,36%,14 patients,
63,10005.0,marshall medical center south,2505 u s highway 431 north,empty,empty,boaz,al,175962.59238975338,marshall,2565938310.0,acute care hospitals,government - hospital district or authority,yes,surgical infection prevention,scip-inf-1,surgery patients who were given an antibiotic at the right time (within one hour before surgery) to help prevent infection,96%,168 patients,al_scip-inf-1
64,42027.997835062735,marshall medical center south,2505 u s highway 431 north,empty,empty,boa@@z,al,,marshall,2565938310.0,acute care hospitals,government - hospital district or authority,yes,surgical infection@@ prevention,scip-inf-2,surgery patients who were given the  right kind  of antibiotic to help prevent infection,93%,,al_scip-inf-2
65,10005.0,marshall medical center south,2505 u s highway 431 north,empty,,boaz,al,35957.0,marshall,2565938310.0,acute care hospitals,government - hospital district or authority,yes,surgical infection prevention,scip-inf-3,surgery patients whose preventive antibiotics were stopped at the right time (within 24 hours after surgery),95%,158 patients,al_scip-inf-3
66,10005.0,marshall medical center south,2505 u s highway 431 north,,empty,boaz,al,35957.0,,2565938310.0,acute care hospitals,government - hospital district or authority,yes,surgical infection prevention,scip-inf-4,all heart surgery patients whose blood sugar (blood glucose) is kept under good control in the days right after surgery,empty,0 patients,al_scip-inf-4
67,10005.0,,2505 u s highway 431 north,empty,empty,boaz,al,172843.72188220048,marshall,2565938310.0,acute care hospitals,,yes,surgical infection prevention,scip-inf-6,surgery patients needing hair removed from the surgical area before surgery who had hair removed using a safer method (electric clippers or hair removal cream c not a razor),100%,,al_scip-inf-6
68,10005.0,marshall medical center south,2505 u s highway 431 north,empty,empty,boaz,al,35957.0,marshall,,acute care hospitals,government - hospital district or authority,yes,surgical infection prevention,scip-vte-1,surgery patients whose doctors ordered treatments to prevent blood clots after certain types of surgeries,78%,76 patients,al_scip-vte-1
69,10005.0,marshall medical center south,2505 u s highway 431 north,empty,empty,boaz,al,35957.0,marshall,2565938310.0,acute care hospitals,,yes,surgical infection prevention,scip-vte-2,patients who got treatment  at the right time (within 24 hours before or after their surgery) to help prevent blood clots after certain types of surgery,,76 patients,al_scip-vte-2
70,10006.0,eliza coffee memorial hospital,205 marengo street,,empty,,,,lauderdale,2567688400.0,acute care hospitals,voluntary non-profit - other,yes,hea#rt attack,ami-1,heart attack patients given aspirin at arrival,97%,159 patients,al_ami-1
71,10006.0,eliza coffee memorial hospital,205 marengo street,empty,empty,florence,al,35631.0,lauderdale,2567688400.0,acute care hospitals,volunt#ary non-profit - other,,heart attack,a@@mi-2%,heart attack patients given aspirin at discharge,96%,247 p#ati#ents,al_ami-2
72,10006.0,eliza coffee memorial hospital,,empty#,empty,florence,,35631.0,lauderdale,2567688400.0,acute care hospitals,voluntary non-profit - other,yes,hear$t at#tack,ami-3,heart attack patients given ace inhibitor or arb for left ventricular systolic dysfunction (lvsd),93%,43 patients,al_ami-3
73,10006.0,eliza coffee memorial hospital,,empty,empty,florence,,35631.0,lauderdale,2567688400.0,acute care hospitals,voluntary non-profit - other,yes,heart attack,ami-4,heart attack patients given smoking cessation advice/counseling,100%,103 patients,
74,,eliza coffee memorial hospital,,empty,em??pty,,al,35631.0,lauderdale,2567688400.0,,voluntary non-profit - other,yes,heart attack,ami-5,heart attack patients given beta blocker at discharge,96%,227 patients,al_ami-5
75,10006.0,eliza coffee memorial hospital,205 marengo street,empty,empty,florence,al,35631.0,lauderdale,2567688400.0,acute care hospitals,voluntary non-profit - other,yes,heart attack,ami-7a,heart attack patients given fibrinolytic medication within 30 minutes of arrival,empty,0 patients,al_ami-7a
76,10006.0,eliza coffee memorial hospital,205 marengo street,empty,,f%lorence??,al,35631.0,lauderdale,2567688400.0,acute care hospitals,voluntary non-profit - other,yes,heart attack,ami-8a,,98%,61 patients,al_ami-8a
77,10006.0,eliza coffee memorial hospital,205 marengo street,empty,empty,florenc%e,,35631.0,lauderdale,,acute care hospitals,voluntary non-profit - other,yes,heart failure,hf-1,heart failure patients given discharge instructions,,217 patients,al_hf-1
78,,eliza coffee memorial hospital,205 marengo street,empty,,,al,,lauderdale,2567688400.0,acute ca??re hospitals,voluntary non-profit - other,yes,heart failure,hf-2,heart failure patients given an evaluation of left ventricular systolic (lvs) function,97%,259 patients,al_hf-2
79,52149.01048709142,e@@liza coffee memorial hospital,205 marengo street,empty,empty,,al,35631.0,lauderdale,,acute care hospitals,voluntary non-profit - other,yes,,hf-3,heart failure patients given ace inhibitor or arb for left ventricular systolic dysfunction (lvsd),82%,84 patients,al_hf-3
80,10006.0,eliza coffee memorial hospital,205 marengo street,empty,empty,florence,al,35631.0,lauderdale,2567688400.0,acute care hospitals,voluntary non-profit - other,yes,heart failure,hf-4,heart failure patients given smoking cessation advice/counseling,100%,53 patients,
81,,eliza coffee memorial hospital,205 marengo street,empty,empty,florence,al,35631.0,lauderdale,2567688400.0,acut??e care hospita@@ls,,yes,pneumonia,pn-2,pneumonia patients assessed and given pneumococcal vaccination,90%,174 patients,al_pn-2
82,10006.0,eliza coffee memorial hospital,205 marengo street,empty,empty,florence,al,35631.0,lauderdale,2567688400.0,acute care hospitals,voluntary non-profit - other,yes,pneumonia,pn-3b,pneumonia patients whose initial emergency room blood culture was performed prior to the administration of the first hospital dose of antibiotics,95%,137 patients,al_pn-3b
83,10006.0,eliza coffee memorial hospital,205 marengo street,empty,empty,f@@lorence,al,35631.0,lauderdale,2567688400.0,acute care hospitals,voluntary non-profit - other,yes,,pn%-#4,pneumonia patients given smoking cessation advice/counseling,1$@@00%,65 patients,al#_pn-4%
84,10006.0,eliza coffee memorial hospital,205 marengo street,empty,empty,florence,,,lauderdale,2567688400.0,acute care hospitals,voluntary non-profit - other,yes,pneumonia,pn-5c,pneumonia patients given initial antibiotic(s) within 6 hours after arrival,96%,200 patients,al_pn-5c
85,10006.0,eliza coffee memorial hospital,205 marengo street,emp?@@?ty,empty,,al,35631.0,lauderdale,2567688400.0,acute care hospitals,voluntary non-profit - other,,pneumonia,pn-6,pneumonia patients given the most appropriate initial antibiotic(s),91%,138 patients,al_pn-6
86,10006.0,,205 marengo street,empty,empty,florence,al,35631.0,lauderdale,2567688400.0,acute care hospitals,voluntary non-profit - other,yes,pneumonia,pn-7,pneumonia patients assessed and given influenza vaccination,,85 patients,al_p#n-7
87,10006.0,eliza coffee memorial hospital,205 marengo street,empty,empty,florence,,35631.0,lauderdale,2567688400.0,acute care hospitals,voluntary non-profit - other,yes,,scip-card-2,surgery patients who were taking heart drugs called beta blockers before coming to the hospital who were kept on the beta blockers during the period just before and after their surgery,96%,107 patients,al_scip-card-2
88,10006.0,eliza coffee memorial hospital,205 marengo street,empty,empty,florence,al,35631.0,lauderdale,2567688400.0,acute care hospitals,voluntary non-profit - other,yes,surgical infection prevention,scip-inf-1,sur??gery patients who were given an antibiotic at the right time (within one hour b%efore surgery) to help prevent infection,99%,457 patients,al_scip-inf-1
89,10006.0,eliza coffee memorial hospital,205 marengo street,empty,empty,florence,al,35631.0,lauderdale,2567688400.0,acute care hospitals,voluntary non-profit - other,yes,surgical infection prevention,scip-inf-2,surgery patients who were given the  right kind  of antibiotic to help prevent infection,99%,462 patients,
90,10006.0,,205 marengo street,,empty,,al??,35631.0,lauderdale,,acute care hospitals,voluntary non-profit - other,yes,#surgical infection prevention,scip-inf-3,surgery patients whose preventive antibiotics were stopped at the right time (within 24 hours after surgery),94%,439 patients,al_scip-inf-3
91,10006.0,eliza coffee memorial hospital,205 marengo street,,empty,florence,al,35631.0,la@@uderdal$e,2567688400.0,acute care hospitals,voluntary non-profit - other,yes,surgical infection prev%ention,scip-inf-4,all heart surgery patients whose blood sugar (blood glucose) is kept under good control in the days right after surgery,89%,130 patients,al_scip-inf-4
92,10006.0,e??liza coffee memorial hospital,205 marengo street,empty,empty,florence,al,35631.0,lauderdale,2567688400.0,acute care hospitals,voluntary non-profit - other,yes,surgical infection prevention,,surger#y patients needing hair removed from the surgical area before surgery who had hair removed using a safer method (electric clippers or hair removal cream c not a razor),100%,619 patients,al_scip-inf-6
93,10006.0,eliza coffee memorial hospital,205 marengo street,empty,empty,florence,al,35631.0,lauderdale,2567688400.0,ac??ute care hospitals,voluntary non-profit - other,yes,surgical infection prevention,scip-vte-1,surgery patients whose doctors ordered treatments to prevent blood clots after certain types of surgeries,95%,242 patients,al_scip-vte-1
94,33369.15628989611,eliza coffee memorial hospital,205 marengo street,empty,empty,florence,$$al,35631.0,lauderdale,2567688400.0,acute care hospitals,voluntary non-profit - other,yes,surgical infection prevention,scip-vte-2,patients who got treatment  at the right time (within 24 hours before or after their surgery) to help prevent blood clots after certain types of surgery,92%,242 patients,
95,,mizell memorial hospital,,empty,empty,,al,36467.0,covington,3344933541.0,acute care hospitals,voluntary non-profit @@- p$rivate,no,heart attack,,heart attack patients given aspirin at arrival,60%,5 patients,al_ami-1
96,10007.0,mizell memorial hospital,702 n @@main st,empty,empty,opp,al,36467.0,covington,3344933541.0,acute care hospitals,voluntary non-profit - private,,heart attack,ami-2,heart attack patients given aspirin at discharge,50%,2 patients,al_ami-2
97,10007.0,mi%zell memorial hospital%,702 n main st,empty,empty,opp,al,36467.0,,19585102947.1112,acute care hospitals,voluntary non-profit - private,no,heart attack,ami-3,heart attack patients given ace inhibitor or arb for left ventricular systolic dysfunction (lvsd),empty,0 patients,
98,10007.0,mizell memorial hospital,702 n main st,e#mp%ty,,,,36467.0,covington,3344933541.0,,,no,heart attack,ami-4,heart attack patients given smoking cessation advice/counseling,empty,0 patients,
99,10007.0,mizell memorial hospital,702 n main st,empty,empty,opp,al,36467.0,covington,3344933541.0,acute care hospitals,voluntary non-profit - private,no,heart attack,ami-5,heart attack patients given beta blocker at discharge,100%,2 patients,al_ami-5
100,10007.0,mizell memorial hospital,,empty,empty,,al,36467.0,,3344933541.0,acute care hospitals,voluntary non-profit - private,no??,$hear$t attack,ami-7a,heart attack patients given fibrinolytic medication within 30 minutes of arrival,empty,0 patients,al_ami-7a
101,10007.0,mizell memorial hospital,702 n main st,empty,empty,opp,al,36467.0,covington,3344933541.0,acute care hospitals,voluntary non-profit - private,no,heart attack,ami-8a,,,0 patients,al_ami-8a
102,10007.0,mizell memorial hospital,702 n main st,empty,empty#,opp,al,36467.0,covington,3344933541.0,acute care hospitals,voluntary non-pro#fit - private,no,heart failure,hf-1,heart failure patients given discharge instructions,98%,59 patients,al_hf-1
103,10007.0,mizell memorial hospital,702 n main s$t,,empty,opp,al,36467.0,covington,3344933541.0,acute care hospitals,,no,heart failure,hf-2,heart failure patients given an evaluation of left ventricular systolic (lvs) function,,76 patients,al_hf-2
104,10007.0,,702 n main st,empty,empty,opp,,36467.0,covington,3344933541.0,acute care hospitals,voluntary non-profit - private,no,hear??t fa#ilure,hf-3,heart failure patients given ace inhibitor or arb for left ventricular systolic dysfunction (lvsd),64%%@@,14 patients,al_hf-3
105,10007.0,mizell memorial hospital,702 n main st,empty,empty,opp,al,36467.0,covington,3344933541.0,acute care hos@@pitals@@,voluntary non-profit - private,no,heart failure,hf-4,heart failure patients given smoking cessation advice/counseling,,8 patients,al_hf-4
106,10007.0,mizell memorial hospital,702 n main st,empty,empty,opp,al,36467.0,covington,3344933541.0,acute care hospitals,voluntary non-profit - private,no,pneumonia,pn-2,pneumonia patients assessed and given pneumococcal vaccination,87%$,85 patients,al_pn-2
107,10007.0,mizell memorial ho$%spital,702 n main st,empty,empty,opp,al,,covington,,acute care hospitals,voluntary non-profit - ??private,n$o,pneumonia,pn-3b,,78%,64 patients,al_pn-3b
108,10007.0,mizell memorial hospital,702 n main st,empty,empty,opp,al,36467.0,covington,3344933541.0,acute care hospitals,voluntary non-profit - private,no,pneumonia,pn-4,pneumonia patients given smoking cessation advice/counseling,100%,28 patients,al_pn-4
109,10007.0,mizell memorial hospital,702 n main st,empty,empty,opp,al,36467.0,covington,3344933541.0,acute care hospitals,voluntary non-profit - private,no,pneumonia,,pneumonia patients given initial antibiotic(s) within 6 hours after arrival,95%,87 patients,al_@@??pn-5c
110,10007.0,mizell memorial hospital,,empty,empty,opp,al,36467.0,covington,3344933541.0,acute care hospitals,voluntary non#-profit - privat#e,n??@@o,pneumonia,pn-6,pneumonia patients given the most appropriate initial antibiotic(s),88%,57 patients,al_pn-6
111,10007.0,,702 n main st,empty,empty,opp,al,36467.0,covington,3344933541.0,acute care hospitals,voluntary non-profit - private,no,pneumonia,pn-7,pneumonia patients assessed and given influenza vaccination,90%,63 patients,al_pn-7
112,31006.421977477366,mizell memorial hospital,702 n main st,empty,,opp,al,36467.0,covington,3344933541.0,acute care hospitals,voluntary non-profit - private,no,surgical infection prevention,scip-card-2,,91%,11 patients,al_scip-card-2
113,,,702 n main st,,empty,opp,al,36467.0,covi@@ngton%,,acute care hospitals,voluntary non-profit - private,no,su#rgical infection prevent@@ion,scip-inf-1,surgery patients who were given an antibiotic at the right time (within one hour before surgery) to help prevent infection,88%,101 patients,a$l_scip-i$nf-1
114,10007.0,mizell memorial hospital,702 n main st,empty,?%?empty,opp,al,36467.0,covington,3344933541.0,acute care hospitals,voluntary non-profit - private,no,surgical infection prevention,,,91%,101 patients,al_scip-inf-2
115,10007.0,,,,empty,opp,al,36467.0,covington,16433023163.628199,acute care hospitals,voluntary non-profit - private,no,,scip-inf-3,surgery patients whose preventive antibiotics were stopped at the right time (within 24 hours after surgery),93%,100 patients,al_scip-inf-3
116,10007.0,mizell memorial hospital,702 n main st,empty,empty,opp,,,covington,3344933541.0,acute care hospitals,voluntary non-profit - private,no,surgical infection prevention,scip-inf-4,all heart surgery patients whose blood sugar (blood g%lucose) is kept ??under good control in the days right after surgery,empty,0 patients,al_scip-inf-4
117,10007.0,mizell memorial hospital,702 n main st,empty,,opp,al,36467.0,covington,3344933541.0,acute care hospitals,voluntary non-profit - private,no,surgical infection prevention,scip-inf-6,surgery patients needing hair removed from the surgical area before surgery who had hair removed using a safer method (electric clippers or hair removal cream c not a razor),100%,,al_scip-inf-6
118,10007.0,mizell memorial hospital,702 n main st,empty,empty,opp,al,36467.0,covington,12665085203.85025,acute care hospitals,voluntary non-profit - private,no,surgical infection prevention,scip-vte-1,surgery patients whose doctors ordered treatments to prevent blood clots after certain types of surgeries,87%,77 patients,al_$sci??p-vte-1
119,10007.0,mizell memorial hospital,702 n main st,empty,empty,opp,al,,covington,,acute care hospitals,voluntary non-profit - private,no,surgical infection prevention,scip-vte-2,patients who got treatment  at the right time (within 24 hours before or after their surgery) to help prevent blood clots after certain types of surgery,88%,76 patients,al_scip-vte-2
120,36020.25863198097,crenshaw community hospital,101 hospital circle,empty,empty,luverne,al,36049.0,crenshaw,16516873561.589602,acute care hospitals,government - federal,yes,heart attack,ami-1,heart attack patients given aspirin at arrival,,1 patients,al_ami-1
121,10008.0,crenshaw community hospital,101 hospital circle,empty,,luverne,,36049.0,crenshaw,3343353374.0,acute care hospi??tals,government - federal,yes,heart attack,ami-2,heart attack patients given aspirin at discharge,100%,1 patients,al_ami-2
122,,crenshaw community hospital,101 hospital circle,empty,empty,luverne,al,36049.0,crenshaw,16128534952.951283,acute care hospitals,government - federal,yes,heart attack,ami-3,heart attack patients given ace inhibitor or arb for left ventricular systolic dysfunction (lvsd),,0 patients,
123,10008.0,crenshaw community hospital,101 hospital circle,emp??#ty,empty,luverne,,36049.0,crenshaw,3343353374.0,acute care hospitals,government - federal,yes,heart attack,ami-4,heart attack patients given smoking cessation advice/counseling,empty,0 patients,al_ami-4
124,10008.0,crenshaw community hospital,101 hosp@@ital #circle,empty,empty,luverne,al,36049.0,crenshaw,3343353374.0,acute care hospitals,government - federal,yes,heart attack,ami-5,heart attack patients given beta blocker at discharge,0%,1 patients,al_ami-5
125,10008.0,,101 hospital circle,,empty,luverne,al,36049.0,crenshaw,3343353374.0,acute care hospitals,government - federal,yes,heart attack,a%mi-7a,,empty,0 patients,al_ami-7a
126,10008.0,crenshaw community hospital,101 hospital circle,empty,empty,lu$verne,al,36049.0,crenshaw,,acute care hospitals,,yes,heart attack,ami-8@@a,heart attack patients given pci within 90 minutes of arrival,empty,0 patients,al_ami-8a
127,10008.0,crenshaw community hospital,101 hospital circle,empty,empty,luverne,al,,,3343353374.0,acute care hospitals,,,heart failure,hf-1,heart failure patients given discharge instructions,4%,26 patients,al_hf-1
128,10008.0,crenshaw community hospital,101 hospital circle,empty,empty,luverne,al,36049.0,crenshaw,3343353374.0,,government - federal,yes,heart failure,hf-2,heart failure patients given an evaluation of left ventricular systolic (lvs) function,72%,39 patients,al_hf-2
129,10008.0,crenshaw community hospital,101 hospital circle,empty,empty,luverne,al,36049.0,crenshaw,3343353374.0,acute care hospitals,government - federal,yes,heart failure,hf-3,heart failure patients given ace inhibitor or arb for left ventricular systolic dysfunction (lvsd),75%,8 patients,al_hf-3
130,10008.0,crenshaw community hospital,101 hospital circle,,empty,luverne,al,36049.0,crenshaw,3343353374.0,acute care hospitals,,yes,heart failure,hf-4,heart failure patients given smoking cessation advice/counseling,,5 patients,
131,10008.0,crenshaw community hospital,101 hospital circle,empty,,,a??l,36049.0,,3343353374.0,acute care hospitals,go@@vernment - federal@@,,pneumonia,pn-2,pneumonia patients assessed and given pneumococcal vaccination,25%,,al_pn-2
132,10008.0,crenshaw community hospital,101 hospital circle,empty,empty,luverne,al,36049.0,crenshaw,3343353374.0,acute care hospitals,,yes,pneumonia,,pneumonia patients whose initial emergency room blood culture was performed prior to the administration of the first hospital dose of antibiotics,93%,15 patients,al_pn#-3b
133,10008.0,crenshaw community hospital,101 hospital circle,empty,empty,luverne,al,36049.0,,3343353374.0,acute care hospitals,government - federal,yes,pneumonia,pn-4,pneumonia patients given smoking cessation advice/counseling,33%,9 patients,al_pn-4
134,10008.0,crenshaw community hospital,101 hospital circle,empty,empty,luverne,al,36049.0,crenshaw,3343353374.0,acute care hospitals,,yes,pneumonia,pn-5c,pneumonia patients given initial antibiotic(s) within 6 hours after arrival,95%,21 patients,#al_pn-5c
135,56806.89628961968,crenshaw community hospital,,empty,empty,luverne,,36049.0,crenshaw,3343353374.0,acute care hospitals,government - federal,yes,,pn-6,pneumonia patients given the most appropriate initial antibiotic(s),62%,21 patients,al_pn-6
136,10008.0,crenshaw community hospital,101 hospital circle,empty,empty,luverne,al,36049.0,crenshaw,3343353374.0,,government - federal,yes,pneumonia,pn-7,pneumonia patients assessed and given influenza vaccination,47%,15 patients,al_pn-7
137,10008.0,crenshaw community hospital,101 hospital circle,empty,empty,luverne,al,36049.0,crensha$w,3343353374.0,acute care hospitals,government - federal,yes,surgical infection prevention,scip-card-2,surgery patients who were taking heart drugs called beta blockers before coming to the hospital who were kept on the beta blockers during the period just before and after their surgery,100%,1 patients,
138,10008.0,,101 hospital circle,empty,empty,luverne,al,36049.0,crenshaw,18412037208.12386,acute care hospitals,government - federal,yes,,,surgery patients who were given an antibiotic at the right time (within one hour before surgery) to help prevent infection,100%,2 patients,al_scip-inf-1
139,10008.0,crenshaw community hospital,101 hospital circle,empty,empty,luverne,al,36049.0,crenshaw,18487124984.872135,acute care hospitals,government - federal,yes,surgical infection prevention,scip-inf-2,surgery patients who were given the  right kind  of antibiotic to help prevent infection,100%,2 patients,al_scip-inf-2
140,10008.0,crenshaw community hospital,101 hospital circle,empty,e$mpty,luverne,al,36049.0,crenshaw,3343353374.0,acute care hospitals,government - federal,yes,surgical infection prevention,sci??p-$inf-3,surgery patients whose preventive antibiotics were stopped at the right time (within 24 hours after surgery),100%,2 patients,al_scip-inf-3
141,,crenshaw community hospital,101 hospital circle,empty,empty,,al,36049.0,crenshaw,3343353374.0,acute care hospitals,government - federal,,surgical infection prevention,scip-inf-4,all heart surgery patients whose blood sugar (blood glucose) is kept under good control in the days right after surgery,empty,0 patients,al_scip-inf-4
142,10008.0,crenshaw community hospital,101 hospital circle,empty,empty,luverne,al,36049.0,crenshaw,3343353374.0,acute care hospitals,gov#ern@@ment - federal,yes,,scip-inf-6,surgery patients needing hair removed from the surgical area before surgery who had hair removed using a safer method (electric clippers or hair removal cream c not a razor),100%,,al_scip-inf-6
143,10008.0,crenshaw community hospital,101 hospital circle,,empty,luverne,al,36049.0,crenshaw,3343353374.0,acute care hospitals,government - federal,yes,surgical infection prevention,scip-vte-1,surgery patients whose doctors ordered treatments to prevent blood clots after certain types of surgeries,100%,4 patients,al_scip-vte-1
144,10008.0,crenshaw community hospital,101 hospital circle,,empty,,,36049.0,crenshaw,3343353374.0,acute care hospitals,,yes,,scip-vte-2,patients who got treatment  at the right time (within 24 hours before or after their surgery) to help prevent blood clots after certain types of surgery,100#%,4 patients,al_scip-vte-2
145,10009.0,,201 pine street northwest,empty,empty,hartselle,al,35640.0,morgan,2567736511.0,acute care hospitals,proprietary,yes,heart attack,ami-1,heart attack patients given aspirin at arrival,100%,6 patients,al_ami-1
146,10009.0,hartselle medical center,201 pine street northwest,empty,empty,hartselle,al,35640.0,,2567736511.0,acute care hospitals,proprietary,yes,heart attack,ami-2,heart attack patients given aspirin at discharge,100%,,al_ami-2
147,10009.0,hartselle medical center,201 pine street northwest,empty,empty,h$a$rtselle,al,35640.0,morgan,2567736511.0,acute care hospitals,proprietary,yes,heart attack,ami-3,heart attack patients given ace inhibitor or arb for left ventricular systolic dysfunction (lvsd),100%,1 patients,al_ami-3
148,10009.0,,201 pine street northwest,empty,empty,hartselle,al,35640.0,morgan,2567736511.0,acute care hospitals,proprietary,yes,heart attack,ami-4,heart attack patients given smoking cessation advice/counseling,100%,2 patients,al_ami-4
149,10009.0,hartselle medical center,201 pine street northwest,empty,empty,hartselle,al,35640.0,morgan,2567736511.0,acute care hospitals,proprietary,yes,heart attack,ami-5,heart attack patients given beta blocker at discharge,100%,3 patients,al_ami-5
150,10009.0,hartselle medical center,201 pine street northwest,empty,,hartselle,,35640.0,morgan,2567736511.0,acute care hospitals,proprietary,,heart attack,ami-7a,heart attack patients given fibrinolytic medication within 30 minutes of arrival,empty,0 patients,al_ami-7a
151,10009.0,hartselle medical center,201 pine street northwest,empty,empty,hartselle,,35640.0,morgan,2567736511.0,acute care hospitals,proprietary,yes,heart attack,ami-8a,heart attack patients given pci within 90 minutes of arrival,empty,0 patients,al_ami-8a
152,10009.0,hartselle medical center,,empty,empty,hartselle,al,35640.0,morgan,,acute care hospitals,proprietary,yes,heart failure,hf-1,heart failure patients given discharge instructions,97%,,al_hf-1
153,10009.0,hartselle medical center,201 pine street northwest,,empty,hartselle,al,35640.0,morgan,2567736511.0,acute care hospitals,%propriet@@ary,yes,heart failure,hf-2,heart failure patients given an evaluation of left ventricular systolic (lvs) function,98%,42 patients,al_?$?hf-2
154,10009.0,hartselle medical center,201 pine street northwest,,empty,hartselle,al,156446.52508758256,morgan,2567736511.0,acute care hospitals,proprietary,yes,heart failure,@@h%f-3,,100%,10 patients,al_hf-3
155,10009.0,,,,,hartselle,al,35640.0,morgan,2567736511.0,acute care hospitals,proprietary,yes,heart failure,hf-4,heart failure patients given smoking cessation advice/counseling,100%,12 patients,al_hf-4
156,10009.0,hartselle medical center,201 pine street northwest,empty,empty,hartselle,al,35640.0,morgan,2567736511.0,acute care hospitals,proprieta%ry,yes,pneumonia,pn-2,pneumonia patients assessed and given pneumococcal vaccination,98%,44 patients,al_pn-@@%2
157,10009.0,hartselle m$edical center,,empty,,hartselle,al,35640.0,morgan,2567736511.0,acute care hospitals,proprietary,yes,,p$n-3#b,pneumonia patients whose initial em??ergency room blood culture was performed prior to the administration of the first hospital dose of ??antibiotics,100%,30 patients,
158,10009.0,hartselle medical center,201 pine street northwest,empty,empty,hartselle,al,35640.0,morgan,2567736511.0,,proprietary,yes,pne$umonia,pn-4,pneumonia patients given smoking cessation advice/counseling,100%,25 patients,al_pn-4
159,10009.0,hartselle medical center,201 pine street northwest,empty,empty,hartselle,a%l%,35640.0,morgan,2567736511.0,acute care hospitals,proprietary,yes,,pn-5c,pneumonia patients given initial antibiotic(s) within 6 hours after arrival,98%,51 patients,al_pn-5c
160,10009.0,hartselle medical center,201 pine street northwest,empty,empty,hartselle,al,35640.0,morgan,2567736511.0,,proprietary,,,,pneumonia patients given the most appropriate initial antibiotic(s),100%,45 patients,
161,10009.0,hartselle medical center,,,empty,hartselle,al,35640.0,morgan,,acute care hospitals,,yes,,pn-7,pneumonia patients assessed and given influenza vaccination,97%,30 patients,al_pn-7
162,10009.0,hartselle medical center,201 pine street northwest,empty,empty,hartselle,al,35640.0,morgan,2567736511.0,,proprietary,yes,surgical infection prevention,scip-card-2,,67%,3 patients,al_scip-card-2
163,,hartselle medical center,201 pine street northwest,empty,#emp%ty,hartselle,al,35640.0,morgan,2567736511.0,acute care hospitals,proprietary,yes,surgical infection prevention,scip-inf-1,surgery patients who were given an antibiotic at the right time (within one hour before surgery) to help prevent infection,100%,6 patients,al_scip-inf-1
164,10009.0,hartselle medical center,201 pine street northwest,empty,empty,hartselle,al,35640.0,morgan,2567736511.0,acute care hospitals,proprietary,,surgical infection prevention,scip-inf-2,surgery patients who were given the  right kind  of antibiotic to help prevent infection,57%,7 patients,
165,,hartselle medical center,201 pine street northwest,empty,empty,hartselle,al,,morgan,,acute care hospitals,proprietary,yes,surgical infection prevention,,surgery patients whose preventive antibiotics were stopped at the right time (within 24 hours after surgery),80%,5 patients,al_scip-inf-3
166,10009.0,hartselle medical center,201 pine street northwest,empty,empty,hartselle,al,35640.0,morgan,,acute care hospitals,proprietary,yes,surgical infection prevention,scip-inf-4,all heart surgery patients whose blood sugar (blood glucose) is kept under good control in the days right after surgery,empty,0 patients,al_scip-inf-4
167,10009.0,hartselle medical center,201 pine street northwest,empty,,hartselle,al,35640.0,morgan,2567736511.0,acute care hospitals,proprietary,yes,surgical infection prevention,scip-inf-6,,100%,11 patients,al_scip-inf-6
168,,hartselle medical center,201 pine street northwest,empty,empty,hartselle,al,108433.85818178243,morgan,2567736511.0,acute care hospitals,,%yes??,surgical infection prevention,scip-vte-1,surgery patients whose doctors ordered treatments to prevent blood clots after certain types of surgeries,78%,9 patients,
169,10009.0,hartselle medical center,201 pine street northwest,empty,empty,hartselle,al,35640.0,morg??an,2567736511.0,acute care hospitals,proprietary,yes,surgical infection prevention,,patie%nts who got treatment  at the right time (within 24 hours before or after their surgery) to help prevent bl#ood clots after certain types of surgery,78%,9 patients,al_scip-vte-2
170,,marshall medical center north,,,empty,guntersville,al,35976.0,#marshall,,acute care hospitals,government - hospital district or authority,yes,heart attack,ami-1,heart attack patients given aspirin at arrival,100%,8 patients,al_ami-1
171,10010.0,marshall medical center north,8000 alabama highway 69,empty,empty??,guntersville,al,123458.30874631749,marshall,2565718000.0,acute care hospitals,government - hospital district or authority,yes,heart attack,ami-2,,100%,6 patients,
172,10010.0,marshall medical center north,8000 alabama highway 69,empty,empty,guntersville,al,35976.0,marshall,2565718000.0,,,yes,heart attack,,heart attack patients given ace inhibitor or arb for left ventricular systolic dysfunction (lvsd),50%,2 patients,al_ami-3
173,10010.0,marshall medical center north,8000 alabama highway 69,empty,empty,guntersville,al,35976.0,marshall,2565718000.0,acute care hospitals,government - hospital district or authority,,,ami-4,heart attack patients given smoking cessation advice/counseling,100%,2 patients,al_ami-4
174,10010.0,marshall medical center north,8000 alabama highway 69,empty,empty,guntersville,al,35976.0,ma#r$shall,,acute care hospitals,government - hospital district or authority,,heart attack,,heart attack patients given beta blocker at discharge,83%,6 patients,al_ami-5
175,10010.0,marshall medical center north,8000 alabama highway 69,empty,empty,guntersville,al,35976.0,marshall,2565718000.0,acute care hospitals,government - hospital district or authority,yes,heart attack,ami-7a,heart attack patients given fibrinolytic medication within 30 minutes of arrival,empty,0 patients,
176,10010.0,marshall medical center north,8000 alabama highway 69,empty,empty,,al,35976.0,marshall,12404138437.986574,acut??e care hospitals,,ye$s,heart attack,ami-8a,heart attack patients given pci within 90 minutes of arrival,empty,0 patients,al_ami-8a
177,10010.0,marshall medical center north,8000 alabama highway 69,empty,empty,guntersville,al,,marshall,2565718000.0,acute care hospitals,government - hospital district or authority,yes,heart failure,h#f-1,heart failure patients given discharge instructions,93%,55 patients,al_hf-1
178,10010.0,marshall medical center north,8000 alabama highway 69,empty,empty,guntersville,??al,35976.0,marshall,2565718000.0,acute care hospitals,government - hospital district or authority,yes,heart failure,hf-2,heart failure patients given an evaluation of left ventricular systolic (lvs) function,84%,80 patients,al_hf-2
179,10010.0,marshall medical center north,,empty,,guntersville,al,35976.0,marshall,2565718000.0,acute care hospitals,government - hospital district or authority,yes,heart failure,hf-3,heart failure patients given ace inhibitor or arb for left ventricular systolic dysfunction (lvsd),78%,27 patients,al_hf-3
180,10010.0,marshall medical center north,8000 alabama highway 69,empty,,guntersville,al,35976.0,marshall,2565718000.0,acute care hospitals,government - hospital district or authority,yes,heart failure,hf-4,heart failure patients given smoking cessation advice/counseling,100%,10 patients,al_hf-4
181,,marshall medical center north,8000 alabama highway 69,empty,empty,guntersville,al,35976.0,marshall,2565718000.0,acute care hospitals,government - hospital district or authority,yes,pneumonia,,pneumonia patients assessed and given pneumococcal vaccination,87@@%%,128 patients,al_pn-2
182,,marshall medical center north,8000 alabama highway 69,e??m%pty,empty,guntersville,al,35976.0,marshall,2565718000.0,,government - hospital district or authority,yes,pneumonia,,pneumonia patients whose initial emergency room blood culture was performed prior to the administration of the first hospital dose of antibiotics,94%,115 patients,al_pn-3??b%
183,,,8000 alabama highway 69,empty,empty,guntersville,al,35976.0,marshall,2565718000.0,,government - hospital district or authority,yes,pneumo#nia$,pn-4,pneumonia patients given smoking cessation advice/counseling,94%,65 patients,al_pn-4
184,10010.0,marshall medical center north,8000 alabama highway 69,empty,empty,guntersv$%ille,al,35976.0,marshall,2565718000.0,acute care hospitals,government - hospital district or authority,yes,pneumonia,pn-5c,pneumonia patients given initial antibiotic(s) within 6 hours after arrival,97%,,al_pn-5c
185,10010.0,marshall medical center north,8000 alabama highway 69,,empty,guntersville,al,,marshall,,acute care hospitals,,yes,pneumonia,pn-6,pneumonia patients given the most appropriate initial antibiotic(s),93%,133 patients,
186,,marshall medical center north,8000 alabama highway 69,empty,empty,guntersville,al,,marshall,2565718000.0,,gove#rnment - hospital district or authority,yes,pneumonia,,pneumonia patients assessed and given influenza vaccination,90%,101 patients,al_pn-7
187,10010.0,marshall medical center north,8000 alabama highway 69,empty,em%pty,guntersville,al,35976.0,marshall,2565718000.0,acute care hospitals,government - hospital district or authority,yes,s@@urgical infection preve%ntion,scip-card-2,surgery patients who were taking heart drugs called beta blockers before coming to the hospital who were kept on the beta blockers during the period just before and after their surgery,86%,14 patients,al_scip-card-2
188,10010.0,marshall medical center north,8000 alabama highway 69,empty,empty,guntersville,al,35976.0,marshall,2565718000.0,acute care hospitals,government - hospital district or authority,yes,surgical infection prevention,scip-inf-1,surgery patients who were given an antibiotic at the right time (within one hour before surgery) to help prevent infection,95%,66 patients,al_scip-inf-1
189,10010.0,marshall medical center north,,empty,empty,guntersville,al,35976.0,marshall,,acute care hospitals,government - hospital district or authority,yes,surgical infection prevention,scip-inf-2,surgery patients who were given the  right kind  of antibiotic to help prevent infection,91%,64 patients,al_scip-inf-2
190,,,8000 alabama highway 69,empty,empty,guntersville,al,35976.0,marshall,2565718000.0,acute care hospitals,government - hospital district or authority,yes,,scip-inf-3,,100%,63 patients,
191,30675.75192914318,marshall medical center north,8@@000 alabama% highway 69,empty,empty,guntersville,al,35976.0,marshall,2565718000.0,acute care hospitals,government - hospital district or authority,yes,surgical infection prevention,scip-inf-4,all heart surgery patients whose blood sugar (blood glucose) is kept under good control in the days right after surgery,empty,0 patients,al_scip-inf-4
192,10010.0,marshall medical center north,8000 alabama highway 69,empty,empty,guntersville,al,35976.0,marshall,2565718000.0,acute care hospitals,,yes,surgical infection prevention,scip-inf-6,surgery patients needing hair removed from the surgical area before surgery who had hair removed using a safer method (electric clippers or hair removal cream c not a razor),100%,155 patients,al_scip-inf-6
193,10010.0,marshall medical center north,8000 alabama highway 69,empty,empty,,al,35976.0,marshall,2565718000.0,acute care hospitals,government - hospital district or authority,,surgical infection prevention,scip-vte-1,surgery patients whose doctors ordered treatments to prevent blood clots after certain types of surgeries,86%,56 patients,al_scip-vte-1
194,10010.0,marshall medical center north,,empty,empty,guntersville,al,,marshall,2565718000.0,acute care hospitals,government - hospital district or authority,yes,surgical infection prevention,scip-vte-2,patients who got treatment  at the right time (within 24 hours before or after their surgery) to help prevent blood clots after certain types of surgery,84%,,al_scip-vte-2
195,10011.0,st vincents east,50 medical park east drive,empty,empty,birmingham,al,35235.0,,2058383122.0,acute care hospitals,voluntary non-profit - private,yes,heart attack,ami-1,heart attack patients given aspirin at arrival,99%,240 patients,al_ami-1
196,10011.0,st vincents east,,empty,empty,birmingham,al,35235.0,jefferson,2058383122.0,acute care hospitals,voluntary non-profit - private,yes,heart attack,ami-2,heart attack patients given aspirin at discharge,96%,295 patients,al_ami-2
197,,st vincents east,,,empty,birmingham,al,35235.0,jefferson,,acute care hospitals,voluntary non-profit - private,yes,heart attack,ami-3,heart attack patients given ace inhibitor or arb for left ventricular systolic dysfunction (lvsd),91%,70 patients,al_ami-3
198,10011.0,st vincents east,50 medical park east drive,empty,empty,birmingham,al,,jefferson,2058383122.0,acute care hospitals,voluntary non-profit - private,yes,heart attack,,heart attack patients given smoking cessation advice/counseling,,131 patients,al_ami-4
199,10011.0,st vincents east,50 medical park east drive,empty,empty,birmingham,$a$l,,jefferson,2058383122.0,acute care hospitals,volun$tary non-profit - private,yes,heart attack,,heart attack patients given beta blocker at discharge,9@@9%$,288 patients,al_#ami-5
200,57320.74250658889,st vincents east,50 medical park east drive,empty,empty,birmingham,al,35235.0,jefferson,2058383122.0,acute care hospitals,voluntary non-profit - private,yes,heart attack,ami-7a,heart attack patients given fibrinolytic medication within 30 minutes of arrival,empty,0 patients,al_ami-7a
201,10011.0,,50 medical park east drive,empty,empty,birmingham,al,35235.0,jefferson,2058383122.0,acute care hospitals,voluntary non-profit - private,ye$s,heart attack,ami-8a,heart attack patients given pci within 90 minutes of arrival,85%,48 patients,
202,10011.0,st vincents east,50 medical park east drive,,empty,birmingham,al,35235.0,jefferson,2058383122.0,ac??ute care hospitals,voluntary non-profit - private,yes,heart failure,hf-1,heart failure patients given discharge instructions,94%,31%6 pat#ients,al_hf-1
203,10011.0,st vincents east,50 medical park east drive,empty,empty,,al,35235.0,jefferson,2058383122.0,acute car$e hospitals,,y$es,heart failure,hf-2,heart failure patients given an evaluation of left ventricular systolic (lvs) function,98%,372 patients,al_hf-2
204,10011.0,st vincents east,50 medical park east drive,empty,empty,birmingham,,,jefferson,2058383122.0,acute care hospitals,voluntary non-profit - private,yes,heart failure,hf-3,heart failure patients given ace inhibitor or arb for left ventricular systolic dysfunction (lvsd),,130 patients,al_hf-3
205,10011.0,st vincents east,50 medical park east drive,empty,empty,birmingham,al,35235.0,jefferson,2058383122.0,acute care hospitals,,,heart failure,hf-4,,100%,,al_hf-4
206,,st vincents east,50 medical park east drive,empty,empty,birmingham,al,35235.0,jefferson,2058383122.0,acute care hospitals,voluntary non-profit - private,yes,pneumon@@ia%,pn-2,pneumonia patients assessed and given pneumococcal vaccination,87%,125 patients,al_pn-2
207,10011.0,st vincents east,50 medical park east drive,empty,empty##,birmingham,al,,jefferson,2058383122.0,acute care hospitals,voluntary non-profit - private,yes,pneumonia,pn-3b,pneumonia patients whose initial emergency room blood culture was performed prior to the administration of the first hospital dose of antibiotics,96%,131 patients,al_pn-3b
208,10011.0,st vincents east,50 medical park east drive,,e@@m??pty,birmingham,al,,jefferson,2058383122.0,acute care hospitals,voluntary non-profit - private,,pneumonia,pn-$4#,pneumonia patients given smoking cessation advice/counseling,100%,69 patients,al_pn-4
209,10011.0,st vincents east,50 medical park east drive,empty,empty,birmingham,al,35235.0,jefferson,2058383122.0,acute care hospitals,,yes$,pneumonia,pn-5c,pneumonia patients given initial antibiotic(s) within 6 hours after arrival,95%,135 patients,al_pn-5c
210,10011.0,st vincents east,50 medical park east drive,empty,empty,,al,35235.0,jefferson,2058383122.0,acute care hospitals,voluntary non-profit - private,yes,pneumonia,pn-6,pneumonia patients given the most appropriate initial antibiotic(s),91%,112 patients,al_pn-6
211,10011.0,st vincents east,50 medical park east drive,empty,empty,birmingham,al,35235.0,jefferson,,acute care hospitals,voluntary non-profit - private,yes,pneumonia,pn-7,pneumonia patients assessed and given influenza vaccination,85%,89 patients,al_pn-7
212,,st vincents east,50 medical park east drive,empty,empty,birmingham,al,35235.0,jefferson,2058383122.0,acute care hospitals,voluntary non-profit - private,yes,surgical infection prevention,scip-card-2,surgery patients who were taking heart drugs called beta blockers before coming to the hospital who were kept on the beta blockers during the period just before and after their surgery,83%,125 patients,al_scip-card-2
213,10011.0,,50 medical park east drive,,empty,birmingham,al,35235.0,jefferson,2058383122.0,acute care hospitals,voluntary non-profit -$ priv??ate,yes,surgi@@ca$l infection prevention,scip-inf-1,surgery patients who were given an antibiotic at the right time (within one hour before surgery) to help prevent infection,,461 patients,al_scip-inf-1
214,10011.0,st vincents east,50 medical park east drive,empty,empty,birmingham,al,,jefferson,2058383122.0,acute care hospitals,voluntary non-profit - private,yes,surgical infection prevention,scip-inf-2,surgery patients who were given the  right kind  of antibiotic to help prevent infection,98%,,al_scip-inf-2
215,10011.0,,50 medical park east drive,empty,empty,birmingham,al,35235.0,jefferson,8847216278.643436,acute care hospitals,voluntary non-profit - private,yes,surgical infection prevention,scip-inf-3,surgery patients whose preventive antibiotics were stopped at the right time (within 24 hours after surgery),81%,442 patients,al_scip-inf-3
216,,st vincents east,50 medical park east drive,empty,empty,birmingham,al,35235.0,jefferson,2058383122.0,acute care hospitals,voluntary non-profit - private,yes,surgical infection prevention,scip-inf-4,all heart surgery patients whose blood sugar (blood glucose) is kept under good control in the days right after surgery,60%,127 patients,al_scip-inf-4
217,10011.0,st vincents east,50 medical park east drive,empty,empty,,al,35235.0,jefferson,2058383122.0,acute care hospitals,voluntary non-profit - private,yes,surgical infection prevention,scip-inf-6,surgery patients needing hair removed from the surgical area before surgery who had hair removed using a safer method (electric clippers or hair removal cream c not a razor),100%,601 patients,al_scip-inf-6
218,46775.88127830374,st vincents east,50 medical park east drive,empty,empty,birmingham,al,35235.0,jefferson,2058383122.0,acute care hospitals,voluntary non-profit - private,yes,surgical infection prevention,scip-vte-1,surgery patients whose doctors ordered treatments to prevent blood clots after certain types of surgeries,89%,229 patients,al_scip-vte-1
219,10011.0,st vince@@nts east,,empty,empt#y@@,birmingham,al,35235.0,jefferson,2058383122.0,acute care hospitals,voluntary non@@-profit - private,yes,surgical infection prevention,scip-vte-2,patients who got treatment  at the right time (within 24 hours before or after their surgery) to help prevent blood clots after certain types of surgery,83%,224 patients,al_scip-vte-2
220,10012.0,dekalb regional medical center,200 med center drive,empty,empty,fort payne,al,35968.0,de kalb,2568453150.0,acute care hospitals,voluntary non-profit - church,yes,,,heart attack patients given aspirin at arrival,100%,46 patients,
221,10012.0,dekalb regional medical center,200 med center drive,empty,empty,,al,35968.0,de kalb,9917137789.353626,acute care hospitals,voluntary non-profit - church,yes,heart attack,ami-2,heart attack patients given aspirin at discharge,,39 patients,
222,,dekalb regional medical center,200 med center drive,empty,empty,fort payne,al,35968.0,de kalb,2568453150.0,acute care hospitals,voluntary non-profit - church,yes,heart attack,am??i-#3,heart attack patients given ace inhibitor or arb for left ventricular systolic dysfunction (lvsd),91%,11 patients,
223,10012.0,dekalb regional medical center,200 med center drive,empty,empty,fort payne,al@@,35968.0,de kalb,2568453150.0,,,yes,heart attack,ami-4,,100%,14 patients,al_ami-4
224,10012.0,dekalb regional medical center,200 med center drive,,empty,fort payne,al,35968.0,de kalb,2568453150.0,acute care hospitals,voluntary non-profit - church,yes,heart attack,ami-5,heart attack patients given beta blocker at discharge,95%,41 patients,al_ami-5
225,10012.0,dekalb regional medical c%en$ter,200 med center drive,,empty,fort payne,,35968.0,de kalb,2568453150.0,acute care hospitals,voluntary non-profit - church,,heart attack,ami-7a,heart attack patients given fibrinolytic medication within 30 minutes of arrival,100%,1 patients,al_ami-7a
226,10012.0,dekalb regional medical center,200 med center drive,empty,empty,fort payne,??al#,35968.0,de kalb,2568453150.0,acute care hospitals,voluntary non-profit - church,yes,heart attack,ami-8a,heart attack patients given pci within 90 minutes of arrival,40%,5 patients,al_ami-8a
227,10012.0,dekalb regional medical center,200 med center drive,empty,empty,,al,,de kalb,2568453150.0,acute care hospitals,voluntary non-profit - church,yes,heart failure,hf-1,heart failure patients given discharge instructions,89%,,al_hf-1
228,10012.0,dekalb regional medical center,200 med center drive,empty,empty,fort payne,al,35968.0,de kalb,2568453150.0,acute care hospitals,voluntary non-profit - church,yes,heart failure,hf-2,heart failure patients given an evaluation of left ventricular systolic (lvs) function,,94 patients,al_hf-2
229,10012.0,dekalb regional medical center,200 med center drive,empty,empty,fort payne,al,35968.0,,2568453150.0,acute care hospitals,voluntary non-profit - church,yes,heart failure,hf-3,heart failure patients given ace inhibitor or arb for left ventricular systolic dysfunction (lvsd),94%,36 patients,al_hf-3
230,10012.0,,200 med center drive,empty,empty,fort payne,al,188210.1327933115,de k@@alb,2568453150.0,,voluntary non-profit - church,yes,heart failure,,,100%,15 patients,
231,10012.0,dekalb regional medical center,200 med center drive,empty,empty,fort payne,al,35968.0,de kalb,2568453150.0,acute care hospitals,voluntary non-profit - church,yes,pneumonia,pn-2,,97%,69 patients,al_pn-2
232,,dekalb regional medical center,200 med center drive,empty,empty,fort payne,al,35968.0,de kalb,2568453150.0,acute care hospitals,voluntary non-profit - church,yes,pneumonia,pn-3b,pneumonia patients whose initial emergency room blood culture was performed prior to the administration of the first hospital dose of antibiotics,93%,,
233,10012.0,dekalb regional medical center,200 med center drive,,empty,fort payne,,35968.0,de kalb,2568453150.0,acute care hospitals,voluntary non-profit - church,yes,pneumonia,pn-4,pneumonia patients given smoking cessation advice/counseling,100%,37 patients,al_pn-4
234,10012.0,dekalb regional medical center,200 med center drive,empty,,fort payne,al,,,,acute care hospitals,voluntary non-profit - church,yes,pneumonia,pn-5c,pneumonia patients given initial antibiotic(s) within 6 hours after arrival,99%,88 patients,al_pn-5c
235,10012.0,dekalb regional medical center,200 med center drive,empty,empty,fort payne,al,35968.0,de kalb,2568453150.0,acute care hospitals,voluntary non-profit - church,yes,pneumonia,pn-6,pneumonia patients given the most appropriate initial antibiotic(s),88%,,al_pn-6
236,10012.0,dekalb regional medical center,,empty,empty,fort payne,al,35968.0,de kalb,2568453150.0,acute care hospitals,voluntary non-profit - church,yes,pneumonia,pn-7,pneumonia patients assessed and given influenza vaccination,98%,56 patients,al_pn-7
237,10012.0,dekalb regional medical center,200 med center drive,,empty,fort payne,al,35968.0,de kalb,2568453150.0,acute care hospitals,voluntary non-profit - church,yes,surgical infection prevention,scip-card-2,,100%,16 patients,al_scip-card-2
238,10012.0,dekalb regional medical center,,empty,empty,fort payne,,35968.0,,2568453150.0,acute care hospitals,voluntary non-profit - church,,surgical infection prevention,scip-inf-1,surgery patients who were given an antibiotic at the right time (within one hour before surgery) to help prevent infection,97%,139 patients,al_scip-inf-1
239,10012.0,dekalb regional medical center,200 med center drive,empty,,fort payne,al,35968.0,de kalb,2568453150.0,,voluntary non-profit - church,yes,,,surgery patients who were given the  right kind  of antibiotic to help prevent infection,,147 patients,al_scip-inf-2
240,10012.0,dekalb regional medical center,200 med center drive,empty,empty,fort payne,al,35968.0,de kalb,2568453150.0,acute care hospitals,,,surgical infection prevention,scip-inf-3,surgery patients whose preventive antibiotics were stopped at the right time (within 24 hours after surgery),98%$,,al_scip-inf-3
241,10012.0,dekalb reg$ional me??dical center,200 med center drive,empty,,fort payne,al,35968.0,de kalb,2568453150.0,acute care hospitals,voluntary non-profit - church,yes,surgical infection prevention,scip-inf-4,all heart surgery patients whose blood sugar (blood glucose) is kept under good control in the days right after surgery,empty,0 patients,al_scip-inf-4
242,35164.70451393145,dekalb regional medical center,200 med center drive,empty,empty,fort payne,al,35968.0,de kalb,,,voluntary non-profit - church,,surgical infection prevention,scip-inf-6,surgery patients needing hair removed from the surgical area before surgery who had hair removed using a safer method (electric clippers or hair removal cream c not a razor),100%,179 patients,al_scip-inf-6
243,,dekalb regional medical center,200 med center drive,empty,empty,fort payne,,35968.0,de kalb,11537249065.279848,,,yes,surgical infection prevention,scip-vte-1,surgery patients whose doctors ordered treatments to prevent blood clots after certain types of surgeries,97%,,al_scip-vte-1
244,10012.0,dekalb regional medical center,200 med c%$enter drive,e$@@mpty,,fort payne,al,35968.0,de kalb,2568453150.0,,voluntary non-profit - church,yes,surgical infection prevention,scip-vte-2,patients who got treatment  at the right time (within 24 hours before or after their surgery) to help prevent blood clots after certain types of surgery,,,al_scip-vte-2
245,10015.0,southwest alabama medical center,,empty,empty,thomasville,al,36784.0,clarke,3346366221.0,acute care hospitals,government - federal,yes,heart attack,ami-1,heart attack patients given aspirin at arrival,empty,0 patients,al_ami-1
246,10015.0,southwest alabama medical center,33700 highway 43,empty,empty,thomasville,,36784.0,clarke,,acute care hospitals,government - federal,ye??s#,heart attack,ami-2,he$art attack %patients given aspirin at discharge,,0 patient%s,al_ami-2
247,10015.0,,,,empty,thomasville,al,36784.0,clark$e#,3346366221.0,acute care hospitals,government - federal,yes,heart attack,ami-3,,empty,0 patients,al_ami-3
248,10015.0,southwest alabama medical center,33700 highway 43,empty,,thomasville,al,36784.0,clarke,3346366221.0,acute care hospitals,government - federal,yes,heart attack,,heart attack patients given smoking cessation advice/counseling,empty,,a#l%_ami-4
249,10015.0,southwest alabama medical center,33700 highway 43,empty,empty,thomasville,al,36784.0,clarke,,acute care hospitals,government - federal,yes,,ami-5,heart attack patients given beta blocker at discharge,empty,0 patients,al_ami-5
250,10015.0,southwest alabama medical center,33700 highway 43,empty,,thomasville,al??,36784.0,clarke,3346366221.0,acute care hospitals,government - federal,yes,,ami-7a,heart attack patients given fibrinolytic medication within 30 minutes of arrival,empty,0 p??atient#s,al_ami-7a
251,10015.0,southwest alabama medical center,33700 highway 43,empty,empty,thomasville,al,36784.0,clarke,3346366221.0,acute care hospitals,government - federal,yes,heart attack,ami-8a,heart attack patients given pci within 90 minutes of arrival,empty,0 patients,al_ami-8a
252,10015.0,southwest alabama medical center,33700 highway 43,empty,empty%,thomasville,al,36784.0,clarke,,acute care hospitals,government - federal,yes,heart failure,hf-1,heart failure patients given discharge instructions,100%??%,79 patients,al_hf-1
253,10015.0,southwest alabama medical center,33700 highway 43,empty,empty,thomasville,al,,clarke,3346366221.0,,government - federal,yes,heart failure,hf-2,heart failure patients given an evaluation of left ventricular systolic (lvs) function,89%,91 patients,al_hf-%2
254,10015.0,southwest alabama medical center,33700 highway 43,,empty,thomasville,al,,clarke,16523707573.002373,acute care hospitals,,yes,heart failure,,heart failure patients given ace inhibitor or arb for left ventricular systolic dysfunction (lvsd),88%,25 patients,
255,10015.0,southwest alabama medical center,33700 highway 43,empty,empty,thomasville,al,36784.0,clarke,3346366221.0,acute care hospitals,,yes,hea%rt failure,,heart failure patients given smoking cessation advice/counseling,88%,17 patients,al_hf-4
256,10015.0,southwest alabama medical center,33700 highway 43,empty,empty@@,thomasville,al,,clarke,3346366221.0,,government - federal,yes,,pn-2,pneumonia patients assessed and given pneumococcal vaccination,92%,25 patients,al_pn-2
257,10015.0,southwest alabama medical center,33700 highway 43,empty,empty,thomasville,al,36784.0,clarke,3346366221.0,acute care hospitals,governm#ent - federal,yes,pneumonia,pn-3b,pneumonia patients whose initial emergency room blood culture was performed prior to the administration of the first hospital dose of antibiotics,96%,24 patients,al_pn-3b
258,,southwest alabama medical center,33700 highway 43,empty,empty,thomasville,al,36784.0,clarke,3346366221.0,acute care hospitals,government - federal,yes,pneumonia,pn-4,pneumonia patients given smoking cessation advice/counseling,100%,,al_pn-4
259,10015.0,southwest alabama medical center,33700 highway 43,empty,empty,thomasville,al,36784.0,clarke,14212401104.673405,acute care hospitals,government - federal,yes,pneumonia,,pneumonia patients given initial antibiotic(s) within 6 hours after arrival,,24 patients,al_pn-5c
260,10015.0,southwest alabama medical center,33700 highway 43,empty,empty,thomasville,a#l,,clarke,3346366221.0,acute care hospitals,government - federal,yes,pneumonia,pn@@-6,pneumonia patients given the most appropriate initial antibiotic(s),100%,26 patients,al_pn-6
261,10015.0,southwest alabama medical center,3@@3700 highway 43,empty,empty,thomasville,al,36784.0,,3346366221.0,acute ca$re hospit%als,government - federal,yes,pneumonia,pn-7,pneumonia patients assessed and given influenza vaccination,92%,24 patients,al_pn-7
262,10015.0,southwest alabama medical center,33700 highway 43,,empty,thomasville,al,191331.0099684375,clarke,3346366221.0,acute care hospitals,,yes,surgical infection prevention,scip-card-2,surgery patients who were taking heart drugs called beta blockers before coming to the hospital who were kept on the beta blockers during the period just before and after their surgery,empty,,al_scip-card-2
263,10015.0,southwest alabama medical center,33700 highway 43,empty,empty,thomasville,,36784.0,clarke,3346366221.0,acute care hospitals,,yes,surgical infection prevention,scip-inf-1,,86%@@,14 patients,al_scip-inf-1
264,10015.0,southwest alabama medical center,33700 highway 43,empty,e??mpty,thomasville,al,,clarke,3346366221.0,acute care hospitals,government - federal,,surgical infection prevention,scip-inf-2,surgery patients who were given the  right kind  of antibiotic to help prevent infection,93%,14 patients,al_scip-inf-2
265,10015.0,,33700 highway 43,empty,empty,thomasville,al,36784.0,clarke,3346366221.0,acute care hospitals,government - federal,yes,surgical infection prevention,scip-inf-3,surgery patients whose preventive antibiotics were stopped at the right time (within 24 hours after surgery),86%,14 patients,al_scip-inf-3
266,,southwest alabama medical center,33700 highway 43,empty,empty,thomasville,al,,clarke,3346366221.0,acute care hospitals,,yes,surgical infection prevention,scip-inf-4,,empty,0 patient#s,al_scip-inf-4
267,10015.0,southwest alabama medical center,33700 highway 43,empty,empty,,al,,clarke,,,government - federal,,,scip-inf-6,surgery patients needing hair removed from the surgical area before surgery who had hair removed using a safer method (electric clippers or hair removal cream c not a razor),100%,15 patient$s,al_scip-inf-6
268,10015.0,southwest alabama medical center,33700 highway 43,$empty,empty,thomasville,al,36784.0,clarke,3346366221.0,acute care hospitals,,yes,,scip-vte-1,surgery patients whose doctors ordered treatments to prevent blood clots after certain types of surgeries,90%,10 patients,al_scip-vte-1
269,10015.0,southwest alabama medical center,33700 highway 43,,empty,thomasville,al,36784.0,clarke,3346366221.0,acute care hospitals,government - federal,#ye$s,surgical infection prevention,scip-vte-2,patients who got treatment  at the right time (within 24 hours before or after their surgery) to help prevent blood clots after certain types of surgery,90%,10 patients,
270,10016.0,shelby baptist medical center,1000 first street north,empty,empty,alabaster,al,35007.0,shelby,2056208100.0,acute care hospitals,voluntary non-profit - church,,heart attack,ami-1,heart attack patients given aspirin at arrival,99%,179 patients,al_ami-1
271,10016.0,shelby baptist medical center,1000 first street north,empty,empty,alabaster,al,35007.0,shelby,8589057748.771709,acute care hospitals,voluntary non-profit - church,yes,heart attack,ami-2,heart attack patients given aspirin at discharge,97%,208 patients,al_ami-2
272,10016.0,shelby baptist medical center,,empty,empty,alabaster,al,35007.0,shelby,2056208100.0,,voluntary non-profit - church,yes,heart attack,a%mi-%3,heart attack patients given ace inhibitor or arb for left ventricular systolic dysfunction (lvsd),100%,,al_ami-3
273,10016.0,shelby baptist medical center,1000 first street north,,empty,alabaster,al,35007.0,shelby,2056208100.0,acute care hospitals,voluntary non-profit - church,yes,heart attack,ami-4,heart attack patients given smoking cessation advice/counseling,100%,98 patients,al_ami-4
274,,shelby baptist ??medical center,1000 first street north,,empty,alabaster,,35007.0,shelby,2056208100.0,acute care hospitals,voluntary non-profit - church,yes,,ami-5,heart attack patients given beta blocker at discharge,97@@%$,,
275,51271.6207389052,shelby baptist medical center,1000 first street north,empty,empty,alabaster,al,35007.0,shelby,,,voluntary non-profit - church,yes,heart attack??#,ami-7a,heart attack patients given fibrinolytic medication within 30 minutes of arrival,empty,0 patients,al_ami-7a
276,10016.0,shelby baptist medical center,1000 first street north,empty,empty,alabaster,al,35007.0,shelby,2056208100.0,acute care hospitals,voluntary non-profit - church,,heart attack,ami-8a,,,36 patients,al_ami-8a
277,10016.0,,1000 first street north,empty,empty,alabaster,al,35007.0,shelby,2056208100.0,acute care hospitals,voluntary non-profit - church,yes,heart failure,hf-1,heart failure patients given discharge instructions,86%,210 patients,al_hf-1
278,10016.0,shelby baptist medical c??enter,1000 first street north,empty,empty,alabaster,#al,,,2056208100.0,acute care hospitals,voluntary non-profit - church,yes,heart failure,hf-2,heart failure patients given an evaluation of left ventricular systolic (lvs) function,100%,246 patients,al_hf-2
279,10016.0,shelby baptist medical center,,empty,empty,alabaster,al,35007.0,she$%lby,2056208100.0,acute care hospitals,voluntary non-profit - church,yes,heart failure,hf-3,heart failure patients given ace inhibitor or arb for left ventricular systolic dysfunction (lvsd),97%,,al_hf-3
280,10016.0,shelby baptist medical center,1000 first street north,empty,empty,alabaster,al,35007.0,shelby,,acute care hospitals,voluntary non-profit - church,yes,heart failure,hf-4,heart failure patients given smoking cessation advice/counseling,100#%,48 patients,
281,37913.37577026441,shelby baptist medical center,1000 first street north,empty,,alabaster,al,35007.0,shelby,2056208100.0,acute care hospitals,voluntary non-profit - church,yes,pneumonia,pn-@@2$,pneumonia patients assessed and given pneumococcal vaccination,97%,235 patients,al_pn-2
282,10016.0,shelby baptist medical center,1000 first street north,empty,,,al,35007.0,shelby,11202826789.193092,acute care hospitals,voluntary non-profit - church,yes,pneumonia,pn-3b,pneumonia patients whose initial emergency room blood culture was performed prior to the administration of the first hospital dose of antibiotics,100%,110 patients,al_pn-3b
283,10016.0,,1000 first street north,empty,empty,alabaster,al,35007.0,shelby,2056208100.0,acute care hospitals,voluntary non-profit - church,yes,pneumonia,p??n-@@4,,100%,,al_pn-4
284,10016.0,shelby baptist medical center,1000 first street north,,empty,alabaster,al,,,2056208100.0,acute care hospitals,voluntary non-profit - church,yes,pneumonia,pn-5c,pneumonia patients given initial antibio$tic(s) within 6 hours after arrival??,96%,239 patients,al_pn-5c
285,10016.0,shelby baptist medical center,1000 first street north,,empty,,al,35007.0,shelby,2056208100.0,acute care hospitals,,yes,pneumonia,pn-6,pneumonia patients given the most appropriate initial antibiotic(s),93%,116 patients,al_pn-6
286,10016.0,shelby baptist medical center,1000 first street north,empty,empty,alab%??aster,al,35007.0,s#helby%,2056208100.0,acute care hospitals,voluntary non-profit - church,,pneumonia,pn-7,pneumonia patients assessed and given influenza vaccination,92%,199 patients,al_pn-7
287,39007.13551154405,shelby baptist medical center,1000 first street north,empty,empty,alabaster,al,35007.0,shelby,2056208100.0,acute care hospitals,vol$untary n??on-profit - church,yes,surgical infection prevention,scip-car#d-2,surgery patients who were taking heart drugs called beta blockers before coming to the hospital who were kept on the beta blockers during the period just before and after their surgery,89%,96 patients,al_scip-card-2
288,10016.0,shelby baptist medical center,1000 first street north,,empty,alabaster,al,35007.0,shelby,2056208100.0,acute care hospitals,voluntary non-profit - church,yes,surgical infection prevention,scip-inf-1,surgery patients who were given an antibiotic at the right time (within one hour before surgery) to help prevent infection,98%??,368 patients,
289,10016.0,shelby baptist medical center,,empty,empty,alabaster,al,35007.0,shelby,2056208100.0,acute care hospitals,voluntary non-profit - church,yes,surgical infection prevention,scip-inf-2,surgery patients who were given the  right kind  of antibiotic to help prevent infection,99%,370 patients,al_scip-inf-2
290,10016.0,shelby baptist medical center,1000 first street north,empty,empty,alabas%ter,al,35007.0,shelby,2056208100.0,acute care hospitals,voluntary non-profit - church,yes,,scip-inf-3,surgery patients whose preventive antibiotics were stopped at the right time (within 24 hours after surgery),91%,331 patients,al_scip-inf-3
291,10016.0,shelby baptist medical center,,empty,empty,alabaster,al,35007.0,shelby,2056208100.0,acute care hospitals,voluntary non-profit - church,yes,surgical infection prevention,scip-inf-4,all heart surgery patients whose blood sugar (blood glucose) is kept under good control in the days right after surgery,93%@@,116 patients,al_scip-inf-4
292,10016.0,shelby baptist medical center,1000 first street north,empty,empty,alabaster,al,35007.0,shelby,2056208100.0,acute care hospitals,voluntary non-profit - church,yes,surgical infection prevention,scip-inf-6,surgery patients needing hair removed from the surgical area before surgery who had hair removed using a safer method (electric clippers or hair removal cream c not a razor),,588 patients,al_scip-inf-6
293,32187.693499371868,shelby baptist medical center,1000 first street north,empty,empty,ala@@b$aster,al,35007.0,shelby,2056208100.0,acute care hospitals,voluntary non-profit - church,yes,surgical infection prevention,scip-vte-1,surgery patients whose doctors ordered treatments to prevent blood clots after certain types of surgeries,97%,226 patients,al_scip-vte-1
294,10016.0,shelby baptist medical center,1000 first street north,empty,empty,alabaster,,,,2056208100.0,acute care hospitals,,yes,surgical infection prevention,scip-vte-2,patients who got treatment  at the right time (within 24 hours before or after their surgery) to help prevent blood clots after certain types of surgery,94%,225 pat$%ients,al_scip-vte-2
295,10018.0,callahan eye foundation hospital,1720 university blvd,empty,,birmingham,,35233.0,jefferson,2053258100.0,acute care hospitals,voluntary non-profit - private,,heart attack,ami-1,heart attack patients given aspirin at arrival,empty,,al_ami-1
296,10018.0,callahan eye foundation hospital,1720 university blvd,empty,empty,birmingham,al,35233.0,jefferson,2053258100.0,acute care hospitals,voluntary non-profit - private,yes,heart #a$ttack,%ami-2$,heart attack patients given aspirin at discharge,empty,empty,al_ami-2
297,10018.0,callahan eye foundation hospital,1720 university blvd,empty,empty,birmingham,al,35233.0,jefferson,2053258100.0,acute care hospitals,voluntary non-profit - private,yes,,ami-3,heart attack patients given ace inhibitor or arb for left ventricular systolic dysfunction (lvsd),empty,?$?empty,al_ami-3
298,,callahan eye foundation hospital,1720 university blvd,empty,e%#mpty,birmingham,al,35233.0,jefferson,,acute care hospitals,voluntary non-profit - private,yes,heart attack,ami-4,heart attack patients given smoking cessation advice/counseling,empty,empty$,al_ami-4
299,10018.0,callahan eye foundation h%ospital,1720 university blvd,empty,empty,birmingham,al%,,jefferson,2053258100.0,acute care hosp??itals,voluntary@@ non-profit - private,yes,heart attack,ami-5,heart attack patients given beta blocker at discharge,emp??ty,,al_ami-5
300,10018.0,callahan eye foundation hospital,1720 university blvd,empty,empty,birmingham,al,35233.0,jefferson,,acute care hospitals,voluntary non-profit - private,yes,heart attack,ami-7a,heart attack patients given fib$rinolytic medication within 3%0 minutes of arrival,empty,empty,al_ami-7a
301,,callahan eye foundation hospital,1720 university blvd,empty,,birmingham,al#,35233.0,jefferson,2053258100.0,acute care hospitals,voluntary non-profit - private,yes,heart attack,ami-8a,,empty,empty,al_ami-8a
302,48272.7699685774,callahan eye foundation hospital,1720 university blvd,empty,empty,birmingham,al,35233.0,jefferson,2053258100.0,acute care hospitals,voluntary non-profit - private,yes,heart failure,,heart failure patients given discharge instructions,empty,empty,
303,10018.0,callahan eye foundation hospital,1720 university blvd,empty,em%%pty,birmingham,al,,jefferson,2053258100.0,acute care hospitals,voluntary non-profit - private,yes,heart failure,hf-2,,empty,empty,al_hf-2
304,,,1720 university blvd,,empty,birmingham,al,35233.0,jefferson,2053258100.0,acute care hospitals,voluntary non-profit - private,yes,heart failure,hf-3,heart failure patients given ace inhibitor or arb for left ventricular systolic dysfunction (lvsd),,,al_hf-3
305,10018.0,,1720 university blvd,empty,empty,birmingham,al,,jefferson,10589429184.951242,acute care hospitals,voluntary non-profit - private,ye$s,,hf-4,heart failure patients given smoking cessation advice/counseling,,empty,al_hf-@@4
306,10018.0,callahan eye foundation hospital,1720 university blvd,empty,empty,birmingham,al,35233.0,jefferson,2053258100.0,acute care hospitals,voluntary non-profit - private,yes,pneumonia,pn-2,pneumonia patients assessed and given pneumococcal vaccination,empty,empty,al_pn-2
307,10018.0,callahan eye foundation hospital,1720 university blvd,empty,empty,birmingham,,35233.0,jefferson,2053258100.0,acute care hospitals,voluntary non-profit - private,yes,pneumonia,pn-3b,pneumonia patients whose initial emergency room blood culture was performed prior to the administration of the first hospital dose of antibiotics,empty,empty,al_pn-3b
308,10018.0,callahan eye foundation hospital,1720 university blvd,em#pty,,,al,190807.06027862444,jefferson,2053258100.0,acute care hospitals,voluntary non-profit - private,yes,pneumonia,,pneumonia patients given smoking cessation advice/counseling,empty,e@@mp??ty,al_pn-4
309,10018.0,callahan eye foundation hospital,1720 university blvd,??empt%y,%empt@@y,birmingham,,35233.0,,,acute care hospitals,voluntary non-profit - private,yes,pneumonia,pn-5c,pneumonia patients given initial antibiotic(s) within 6 hours after arrival,empty,empty,al_pn-5c
310,10018.0,callahan eye foundation hospital,1720 university blvd,empty,empty,birmingham,al,35233.0,jefferson,2053258100.0,acute care hospitals,voluntary non-profit - private,$yes,pneumonia,,pneumonia patients given the most appropriate initial antibiotic(s),empty,empty,al_pn-6
311,10018.0,callahan eye foundation hospital,1720 university blvd,empty,empty,birmingham,a%l,35233.0,$jefferson,2053258100.0,acute care hospitals,,,pneumonia,pn-7,pneumonia patients assessed and given influenza vaccination,empty,empty,al_pn-7
312,10038.0,stringfellow memorial hospital,301 east 18th st,empty,empty,anniston,a#l$,36201.0,calhoun,2562358900.0,,proprietary,$yes,children s asthma care,cac-2,children who received systemic corticosteroid medication (oral and iv medication that reduces inflammation and controls symptoms) while hospitalized for asthma,100%,9 patients,al_cac-2
313,10038.0,,301 east 18th st,empty,empty,anniston,al,36201.0,,,,proprietary,yes,children s asthma care,cac-3,children and their caregivers who received a home management plan of care document while hospitalized for asthma,33%,9 patients,al_cac-3
314,10038.0,stringfellow memorial hospital,,empty,empty,anniston,al,36201.0,calhoun,2562358900.0,acute care hospitals,proprietary,yes,heart attack,,heart attack patients given aspirin at arrival,,81 patients,
315,10038.0,str$ingfellow ??memorial hospital,301 east 18th st,empty,empty,anniston,al,36201.0,calhoun,,acu??te care hospitals#,proprietary,yes,heart attack,ami-2,heart attack patients given aspirin at discharge,96%,73 patients,al_ami-2
316,10038.0,stringfellow memorial hospital,301 east 18th st,empty,empty,anniston,al,36201.0,calhoun,2562358900.0,acute care hospitals,,yes,,ami-3,heart attack patients given ace inhibitor or arb for left ventricular systolic dysfunction (lvsd),93%,14 patients,al_ami-3
317,10038.0,stringfellow memorial hospital,301 east 18th st,empty,empty,anniston,al,36201.0,calhoun,2562358900.0,acute care hospitals,proprietary,yes,heart attack,ami-4,heart attack patients given smoking cessation advice/counsel%ing,100%,29 patients,
318,10038.0,stringfellow memorial hospital,301 east 18th st,empty,,anniston,,36201.0,calhoun,2562358900.0,acute care hospitals,proprietary,yes,heart attack,ami-5,heart attack patients given beta blocker at discharge,,67 patients,al_ami-5
319,10038.0,stringfellow memorial hospital,301 east 18th st,empty,,anniston,al,36201.0,calhoun,2562358900.0,acute care hospitals,proprietary,yes,hea??#rt attack,%am@@i-7a,heart attack patients given fibrinolytic medication within 30 minutes of arrival,0%,1 patients,
320,10038.0,,301 east 18th st,empty,empty,anniston,al,36201.0,calhoun,2562358900.0,acute care hospitals,proprietary,yes,heart attack,ami-8a,heart attack patients given pci within 90 minutes of arrival,87%,15 patients,al_ami-8a
321,10038.0,stringfellow memorial hospital,301 east 18th st,#empty,empty,anniston,al,36201.0,calhoun,2562358900.0,acute care hospitals,proprietary,yes,heart failure,,heart failure patients given discharge instructions,87%,142 patients,al_hf-1
322,10038.0,stringfellow memorial hospital,301 east 18th st,empty,empty,anniston,al,36201.0,calhoun,2562358900.0,acute care hospitals,proprietary,yes,heart failure,hf-2,heart failure patients given an evaluation of left ventricular systolic (lvs) function,100%,,
323,10038.0,stringfellow memorial hospital,301 east 18th st,empty,empty,anniston,al,36201.0,calhoun,2562358900.0,acute care hospitals,proprietary,yes,heart failure,hf-3,heart failure patients given ace inhibitor or arb for left ventricular systolic dysfunction (lvsd),,49 patients,
324,10038.0,#stringfellow memorial hospital,301 east 18th st,empty,,anniston,al,36201.0,calhoun,2562358900.0,acute care hospitals,,yes,heart failure,hf-4,heart failure patients given smoking cessation advice/counseling,100%,41 patients,al_hf-4
325,10038.0,stringfellow memorial hospital,301 east 18th st,empty,empty,anniston,al,36201.0,calhoun,2562358900.0,acute care hospitals,proprietary,,pneumonia,pn-??2,pneumonia patients assessed and given pneumococcal vaccination,97%,110 patients,al_pn-2
326,,stringfellow memorial hospital,301 east 18th st,empty,empty,anniston,al,36201.0,calhoun,2562358900.0,acute care hospitals,proprietary,yes,pneumonia,pn-3b,pneumonia patients whose initial emergency room blood culture was performed prior to the administration of the first hospital dose of antibiotics,100%,102 patients,al_pn-3b
327,10038.0,stringfellow memorial hospital,301 east 18th st,empty,empty,anniston,al,36201.0,,2562358900.0,acute care hospitals,proprietary,yes,pneumonia,pn-4,,100%,83 patients,al_pn-4
328,10038.0,stringfellow memorial hospital,301 east 18th st,empty,empty,anniston,al,36201.0,calhoun,2562358900.0,acute care hospitals,proprietary,yes,pneumonia,pn-5c,pneumonia patients given initial antibiotic(s) within 6 hours after arrival,97%,145 patients,al_pn-5c
329,,stringfellow memorial hospital,,empty,empty,anniston,al,36201.0,calhoun,2562358900.0,acute care hospitals,propr#ietary,,pneumonia,pn-6,pneumonia patients given the most appropriate initial antibiotic(s),,99 patients,al_pn-6
330,10038.0,,301 east 18t$h st%,empty,emp$ty,anniston,al,36201.0,calhoun,2562358900.0,acute care hospitals,proprietary,yes,pneumonia,pn-7,pneumonia patients assessed and given influenza vaccination,91%,87 patients,al_pn-7
331,10038.0,stringfellow memorial hospital,301 east 18th st,empty,empty,anniston,al,,calhoun,2562358900.0,acute care hospitals,proprietary,yes,surgical infection prevention,scip-card-2,surgery patients who were taking heart drugs called beta blockers before coming to the hospital who were kept on the beta blockers during the period just before and after their surgery,83%,,al_scip-card-2
332,10055.0,f%lowers hospital#,4370 west main street,empty,empty,dothan,al,36305.0,houston,3347935000.0,,proprietary,yes,heart failure,hf-2#,heart failure patients give#n an evaluation of left ventricular systolic (lvs) function,100%,342 patients,
333,,flowers hospital,4370 west main street,empty,empty,,al$??,36305.0,ho#uston??,3347935000.0,acute care hospitals,proprietary,yes,heart failure,hf-3,heart failure patients given ace inhibitor or arb for left ventricular systolic dysfunction (lvsd),10@@0%,94 patients,al_hf-3
334,10055.0,flowers hospital,4370 west main street,empty,empty,dothan,al,36305.0,houston,3347935000.0,acute care hospitals,proprietary,yes,heart failure,hf-4,heart failure patients given smoking cessation advice/counseling,100%,62 patients,al_hf-4
335,10055.0,flowers hospital,4370 west main street,empty,empty,dothan,al,36305.0,houston,3347935000.0,,proprietary,yes,,pn-2,pneumonia patients assessed and given pneumococcal vaccination,100%,166 patients,al_pn-2
336,10055.0,flowers hospital,4370 west ??main?? street,empty,empt%y,dothan,al,36305.0,houston,3347935000.0,acute care hospitals,proprietary,yes,pneumo??nia$,pn-3b,pneumonia patients whose initial emergency room blood culture was performed prior to the administration of the first hospital dose of antibiotics,100%,,al_pn-3b
337,10055.0,flowers hospital,,empty,,dothan,al,36305.0,houston,17574633681.63248,acute care hospitals,proprietary,yes,pneumonia,pn-4,,100%,77 patients,
338,,flowers hospital,4370 west main street,empty,empty,dothan,al,36305.0,houston,3347935000.0,acute care hospitals,proprietary,yes,,pn-5c,pneumonia patients given initial antibiotic(s) within 6 hours after arrival,99%,146 patients,al_pn-5c
339,10055.0,flowers hospital,4370 west main street,empty,,dothan,a@@@@l,36305.0,houston,3347935000.0,acute care hospitals,proprietary,yes,pn#eum@@onia,pn-6,pneumonia patients given the most appropriate initial antibiotic(s),99%,112 patients,al_pn-6
340,10055.0,flowers hospital,4370 west main street,,empty,dothan,al,,houston,3347935000.0,acute care hospitals,proprietary,yes,$pneumonia,pn-7,pneumonia patients assessed and given influenza vaccination,99%,128 patients,al_pn-7
341,55328.59466462403,flowers hospital,4370 west main street,empty,empty,dothan,al,36305.0,,3347935000.0,acute care hospitals,proprietary,yes,surgical infection preve%n??tion,scip-card-2,surgery patients who were taking heart drugs called beta blockers before coming to the hospital who were kept on the beta blockers during the period just before and after their surgery,100%,147 patients,al_scip-card-2
342,,flowers hospital,4370 west main street,empty,empty,,al,36305.0,houston,3347935000.0,acute care hospitals,proprietary,yes,surgical infection prevention,scip-inf-1,surgery patients who were given an antibiotic at the right time (within one hour before surgery) to help prevent infection,100%,9??50 patie#nts,al_scip????-inf-1
343,10055.0,flowers hospital,4370 west main street,empty,empty,,al,36305.0,houston,3347935000.0,acute care hospitals,proprietary,yes,surgical infection prevention,scip-inf-2,surgery patients who were given the  right kind  of antibiotic to help prevent infection,100%,957 patients,al_scip-inf-2
344,10055.0,flowers hospital,4370 west main street,empty,empty,dothan,al,36305.0,houston,3347935000.0,,proprietary,yes,surgical infection prevention,scip-inf-3,surgery patients whose preventive antibiotics were stopped at the right time (within 24 hours after surgery),99%,882 patients,al_scip-inf-3
345,10055.0,flowers hospital,4370 west main street,empty,empty,dothan,al,36305.0,houston,3347935000.0,acute care hospitals,proprietary,yes,,scip-inf-4,all heart surgery patients whose blood sugar (blood glucose) is kept under good control in the days right after surgery,,165 patients,al_scip-inf-4
346,10055.0,flowers hospital,4370 west main street,empty,empty,dothan,,36305.0,houston,10432208411.435171,acute care hospitals,proprietary,yes,surgical infection prevention,scip-inf-6,surgery patients needing hair removed from the surgical area before surgery who had hair removed using a safer method (electric clippers or hair removal cream c not a razor),100%,1295 patients,al_scip-inf-6
347,10055.0,flowers hospital,4370 west main street,empty,%empty,dothan,al,36305.0,,3347935000.0,,proprietary,yes,surgical infection prevention,scip-vte-1,surgery patients whose doctors ordered treatments to prevent blood clots after certain types of surgeries,100%,497 patients,al_scip-vte-1
348,10055.0,flowers hospital,4370 west main street,empty,empty,dothan,al,36305.0,houston,3347935000.0,acute car%e hospitals,proprietary,yes,surgical infection prevention,scip-vte-2,patients who got treatment  at the right time (within 24 hours before or after their surgery) to help prevent blood clots after certain types of surgery,100%,497 patients,al_scip-vte-2
349,10056.0,st vincents hospital,810 st vincents drive,empty,empty,birmingham,al,35205.0,,2059397000.0,acute care hospitals,voluntary non-profit - other,yes,heart attack,ami-1,heart attack patients given aspirin at arrival,97%,239 patients,al_ami-1
350,10056.0,st vincents hospital,810 st$ vincents drive,empty,,birmingham,al,35205.0,jefferson,2059397000.0,acute care hospitals,voluntary non-profit - other,yes,heart attack,ami-2,heart attack patients giv$en aspirin at discharge,98%,260 pat@@ients,al_ami-2
351,10056.0,,810 st vincents drive,empty,empty,birmingham,,35205.0,,2059397000.0,acute care hospitals,,yes,heart attack,ami-3,heart attack patients given ace inhibitor or arb for left ventricular systolic dysfunction (lvsd),,41 patients,al_ami-3
352,10056.0,st vincents hospital,810 st vincents drive,empty,empty,b??irmingham%,al,35205.0,jefferson,2059397000.0,acute care hospitals,voluntary non-profit - other,yes,,ami-4,heart attack patients given smoking cessation advice/counseling,100%,63 patients,al_ami-4
353,10056.0,st vi@@$ncents hospital,810 st vincents drive,empty,empty,birmingham,%%al,,,2059397000.0,acute care hospitals,voluntary non-profit - other,yes,heart attack,ami-5,heart attack patients given beta blocker at discharge,96%,242 patients,
354,10085.0,decatur general hospital,1201 7th street se,empty,empty,,al,35609.0,morgan,2563412000.0,acute care hospitals,government - hospital district or authority,y$%es,surgical infection pr??@@evention,scip-vte-2,patients who got tre$atment  at the right time (within 24 hours before or after their surgery) to help prevent blood clots after certain types of ??surgery,87%,205 patients,al_scip-vte-2
355,10086.0,northwest medical center,,empty,empty,winfield,al,35594.0,marion,,acute care hospitals,,,heart attack,ami-1,heart attack patients given aspirin at arrival,100%,10 patients,al_ami-1
356,10086.0,northwest medical center,153#0 u s highw%ay 43,empty,empty,win@@field,al,35594.0,marion,2054877736.0,acute care hospitals,proprietary,yes,heart attack,ami-2,heart attack patients given aspirin at discharge,100%,7 patients,al_ami-2
357,10086.0,northwest medical center,1530 u s highway 43,empty,empty,winfield,al,35594.0,marion,2054877736.0,acute care hos??pitals,proprietary,yes,heart attack,ami-3,heart attack patients given ace inhibitor or arb for left ventricular systolic dysfunction (lvsd),100%,2 patients,al??_a#mi-3
358,10086.0,northwest medical center,1530 u s highway 43,empty,empty,winfield,al,35594.0,marion,2054877736.0,acute care hospitals,,yes,heart attack,ami-4,heart attack patients given smoking cessation advice/counseling,100%,1 patients,al_ami-4
359,10086.0,northwest medical center,1530 u s highway 43,,empty,winfield,al#,35594.0,marion,2054877736.0,acute care hospitals,pro#pr@@ietary,yes,heart attack,ami-5,heart attack patients given beta blocker at discharge,100%,8 patients,al_ami-5
360,10086.0,,1530 u s highway 43,empty,empty,winfield,al,35594.0,marion,2054877736.0,acute care hospitals,proprietary,yes,heart attack,ami-7a,heart attack patients given fibrinolytic medication within 30 minutes of arrival,0%,1 patients,al_ami-7a
361,10086.0,northwest medical center,1530 u s highway 43,,empty,winfield,al,35594.0,marion,2054877736.0,acute care hospitals,proprietary,yes,heart attack,ami-8a,heart attack patients given pci within 90 minutes of arrival,empty,0 patients,
362,,northwest medical center,1530 u s highway 43,empty,empty,winfield,al,35594.0,marion,,,proprietary,yes,heart failure,hf-1,heart failure patients given discharge instructions,90%,48@@ %patients,al_hf-1
363,10086.0,northwest medical center,1530 u s highway 43,empty,,winfield,al,35594.0,marion,2054877736.0,,proprietary,yes,heart failure,hf-2,heart failure patients given an evaluation of left ventricular systolic (lvs) function,100%,59 patients,al_hf#%-2
364,10086.0,northwest medical center,1530 u s highway 43,empty,empty,winfield,al,35594.0,marion,2054877736.0,acute care hospitals,proprietary,yes,heart failure,hf-3,heart failure patients given ace inhibitor or arb for left ventricular systolic dysfunction (lvsd),85%,13 patients,al_hf-3
365,10086.0,northwest medical center,1530 u s highway 43,empty,empty,winfield,?#?al,35594.0,marion,2054877736.0,,proprietary,,heart failure,hf-4,heart failure patients given smoking cessation advice/counseling,100%,14 patients,al_hf-4
366,10086.0,northwest medical center,,empty,empty,winfield,a#l,35594.0,marion,2054877736.0,acute care hospitals,proprietary,yes,pneumonia,pn-2,pneumonia patients assessed and given pneumococcal vaccination,91%,66 patients,al_pn-2
367,10086.0,northwest medical center,1530 u s highway 43,emp??ty??,empty,winfield,al,35594.0,marion,2054877736.0,,proprietary,yes,pneumonia,pn-3b,pneumonia patients whose initial emergency room blood culture was performed prior to the administration of the first hospital dose of antibiotics,98%,59 patients,al_pn-3b
368,10086.0,northwest medical center,1530 u s highway 43,empty,empty,winfield,,35594.0,marion,2054877736.0,acute care hospitals,proprietary,yes,pneumonia,pn-4,,98%,40 patients,al_pn-4
369,10086.0,,1530 u s ??highway @@43,empty,em@@p#ty,winfield,al,,marion,2054877736.0,,proprietary,yes,pneumonia,pn-5c,pneumonia patients given initial antibiotic(s) within 6 hours after arrival,100%,85 patients,al_pn-5c
370,,northwest medical center,1530 u s highway 43,empty,empty,winfield,,191713.776364511,marion,2054877736.0,,proprietary,yes,pneumonia,p??n-6,pneumonia patients% g$iven the most appropriate initial antibiotic(s),100%,62 patients,al_pn-6
371,10086.0,,,empty,empty,winfield,al,35594.0,marion,2054877736.0,acute care hospitals,proprietary,yes,pneumonia,pn-7,pneumonia patients assessed and given influenza vaccination,82%,45 patients,al_pn-7
372,10086.0,northwest medical center,,empty,empty,winf%%ield,al,35594.0,marion,2054877736.0,acute care hospitals,proprietary,yes,surgical infection prevention,scip-card-2,surgery patients who were taking heart drugs called beta blockers before coming to the hospital who were kept on the beta blockers during the period just before and after their surgery,,,al_scip-card-2
373,10086.0,northwest medical center,1530 u s highway 43,empty,empty,winfield,al,35594.0,marion,2054877736.0,acute care hospitals,proprietary,yes,surgical infection prevention,scip-inf-1,surgery patients who were given an antibiotic at the right time (within one hour before surgery) to help prevent infection,98%,102 pa@@tien??ts,
374,10086.0,northwest medical center,1530 u s highway 43,empty,empty,winfield,al,35594.0,marion,2054877736.0,acute care hospitals,proprietary,yes,surgical infection prevention,scip-inf-2,surgery patients who were given the  right kind  of antibiotic to help prevent infection,99%,103 patients,al_scip-inf-2
375,10086.0,northwest medical center,1530 u s highway 43,,empty,winfield,al,35594.0,marion,2054877736.0,,proprietary,yes,surgical infection prevention,scip-inf-3,surgery patients whose preventive antibiotics were stopped at the right time (within 24 hours after surgery),94%,98 patients,
376,10086.0,northwest% medical @@center,1530 u s highway 43,empty,empty,winf@@ield,al,35594.0,marion,2054877736.0,acute care hospitals,proprietary,yes,surgical infection prevention,scip-inf-4,,empty,0 patients,al_scip-inf-4
377,48045.72138666189,,1530 u s highway 43,empty,empty,winfie??ld,al,35594.0,marion,2054877736.0,acute care hospitals,proprietary,yes,surgical infection prevention,scip-inf-6,surgery patients needing hair removed from the surgical area before surgery who had hair removed using a safer method (electric clippers or hair removal cream c not a razor),100%,,al_scip-inf-6
378,10086.0,northwest medical center,1530 u s highway 43,empty,empty,winfield,al,35594.0,marion,2054877736.0,acute care hospitals,proprietary,yes,surgical infection prevention,scip-vte-1,surgery patients whose doctors ordered treatments to prevent blood clots after certain types of surgeries,95%,58 patients,
379,10086.0,,1530 u s highway 43,empty,empty,winfield,al,,marion,2054877736.0,acute care hospitals,,yes,surgical infe@@ction prevention,,pat$ients who got treatment  at the right time (within 24 hours before or after their surgery) to help prevent bl%ood clots after certain types of surgery,95%,58 patients,al_scip-vte-2
380,10087.0,univ of south alabama medical center,2451 fillingim street,empty,empty,mobile,al,36617.0,mobile,2514717110.0,acute care hospitals,government - state,yes,heart attack,ami-1,heart attack patients given aspirin at arrival,99%,86 patients,al_ami-1
381,10087.0,univ of south alabama medical center,2451 fillingim street,,empty,mobile,al,36617.0,mobile,2514717110.0,acute care hospitals,government - state,yes,heart attack,ami-2,heart attack patients given aspirin at discharge,97%,91 patients,al_ami-2
382,,univ of south alabama medical center,2451 fillingim street,e%mp@@ty,empty,mobile,al,36617.0,mobile,2514717110.0,acute care hospitals,government - state,yes,heart attack,ami-3,heart attack patients given ace inhibitor or arb for left ventricular systolic #dysfunction?? (lvsd),100%,22 patients,al_ami-3
383,10087.0,univ of south alabama medical center,2451 fillingim street,empty,empty,mobile,al??,173293.5035996881,mobile,2514717110.0,acute care hospitals,government - state,yes,heart attack,,heart attack patients given smoking cessation advice/counseling,,,al_ami-4
384,10087.0,univ o%f south alabama medical cen$ter,2451 fillingim street,empty,empty,mobile,al,36617.0,mobile,2514717110.0,acute care hospitals,,yes,heart @@atta$ck,ami-5,heart attack patients given beta blocker at discharge,,,al_ami-5
385,10087.0,univ of south alabama medical center,2451 fillingim street,empty,empty,,al,36617.0,mobile,2514717110.0,,government - state,yes,heart attack,ami-7a,heart attack patients given fibrinolytic medication within 30 minutes of arrival,empty,0 patients,al_ami-7a
386,10087.0,univ of south alabama medical center,2451 fillingim street,empty,,mobile,al,,mobile,2514717110.0,acute care hospitals,government - state,yes,heart attack,ami-8a,heart attack patients given pci within 90 minutes of arrival,50%,16 patients,al_ami-8a
387,10087.0,,,empty,empty,mobile,al,190340.8080738806,mobile,2514717110.0,acute care hospitals,government - state,yes,heart failure,hf-1,heart failure% patients given discha#rge instructions,83%,146 patients,al_hf-1
388,,,2451 fillingim street,empty,empty,,al,36617.0,mobile,2514717110.0,acute care hospitals,,yes,heart failure,hf-2,heart failure patients given an evaluation of left ventricular systolic (lvs) function,98%,150 patients,al_hf-2
389,10087.0,univ of south alabama medical center,2451 fillingim street,empty,,mobile,al,36617.0,mobile,2514717110.0,acute care hospitals,government - state,yes,heart failure,,heart failure patients given ace inhibitor or arb for left ventricular systolic dysfunction (lvsd),96%,,al_hf-3
390,,univ of south alabama medical center,,empty,,,,36617.0,m@@obile,2514717110.0,acute care hospitals,government - state,yes,heart failure,hf-4,heart failure patients given smoking cessation advice/counseling,100%,45 patients,al_hf-4
391,10087.0,univ of south alabama medical center,2451 fill#ingi%m street,,empty,mobile,al,36617.0,mobile,2514717110.0,,government - state,yes,pneumonia,pn-2,pneumonia patients assessed and given pneumococcal vaccination,7%%1%,7 patients,al_pn-2
392,10087.0,univ of south alabama medical center,2451 fillingim street,empty,empty,mobile,al,36617.0,mobile,2514717110.0,acute care hospitals,government - state,yes,pneumonia,pn-3b,pneumonia patients whose initial emergency room blood culture was performed prior to the administration of the first hospital dose of antibiotics,89%,35 patients,al_pn-3b
393,10108.0,prattville baptist hospital,124 s memorial dr,empty,empty,prattville,al,36067.0,autauga,3343614267.0,acute care hospitals,,yes,heart attack,ami-2,heart attack patients given aspirin at discharge,,,
394,10108.0,prattville baptist hospital,124 s memorial dr,empty,empty,prattville,al,36067.0,autauga,3343614267.0,acute care hospitals,voluntary non-profit - private,yes,,ami-3,heart attack patients given ace inhibitor or arb for left ventricular systolic dysfunction (lvsd),67%,3 patients,al_ami-3
395,10108.0,prattville baptist hospital,124# s memorial dr,empty,empty,,,36067.0,autauga,3343614267.0,acute care h$ospitals,voluntary non-profit - private,yes,heart attack,ami-4,heart attack patients given smoking cessation advice/counseling,empty,0 patients,al_ami-4
396,10108.0,prattville baptist hospital,124 s memorial dr,empty,empty,prattville,??al,36067.0,autauga,3343614267.0,acute care hospitals,voluntary non-profit - private,yes,heart attack,ami-5,heart attack patients given beta blocker at discharge,100%,5 p??atien$ts,al_ami-5
397,10108.0,,124 s memorial dr,empty,empty,prattville,al,,autauga,13629084031.498194,acute care?? hospitals,voluntary non-profit - private,yes,heart attack,ami-7a,heart attack patients given fibrinolytic medication within 30 minutes of arrival,empty,0 patients,al_ami-7a
398,10108.0,prattville baptist hospital,,empty,empty,,al,36067.0,autauga,3343614267.0,acute care hospitals,voluntary non-profit - private,,heart attack,ami-8a,heart attack patients given pci within 90 minutes of arrival,empty,0 patients,al_ami-8a
399,10108.0,prattville baptist hospital,124 s memorial dr,empty,e$mpt%y,prattville,,36067.0,autauga,3343614267.0,acute care hospitals,voluntary non-profit - private,yes,heart failure,hf-1,heart failure patien@@ts given discharg??e instructions,96%,75 patients,
400,10108.0,prattville baptist hospital,124 s memorial dr,empty,em%pty,prattville,al,36067.0,autauga,,acute care hospitals,voluntary non-profit - private,yes,heart failure,hf-2,heart failure patients given an evaluation of left ventricular systolic (lvs) function,94%,93 patients,al_hf-2
401,10108.0,prattville baptist hospital,124 s memorial dr,empty,empty,prattville,al,36067.0,autauga,12586113714.40551,acute care hospitals,,yes,heart failure,hf-3,heart failure patients given ace inhibitor or arb for left ventricular systolic dysfunction (lvsd),,18 patients,al_hf-3
402,10108.0,prattville baptist hospital,124 s memorial dr,empty,empty,prat%tville,,,autauga,3343614267.0,acute care hospitals,voluntary non-profit - private,yes,heart fail%ur??e,hf-4,heart failure patients given smoking cessation advice/counseling,96%,27 patients,al_hf-4
403,10108.0,prattville baptist hospital,124 s memorial dr,empty,empty,prattville,al,36067.0,autauga,3343614267.0,acute care hospitals,voluntary non-profit - private,yes,pneumonia,pn#$-2,pneumonia patients assessed and given pneumococcal vaccination,94%,116 patients??,al_pn-2
404,,prattville baptist hospital,124 s memorial dr,empty,empty,prattville,al,36067.0,autauga,3343614267.0,a??cute car#e hospitals,voluntary non-profit - private,yes,pneumonia,pn-3b,pneumonia patients whose initial emergency room blood culture was performed prior to the administration of the first hospital dose of antibiotics,95%,138 patients,al_pn-3b
405,10108.0,,124 s memorial dr,,empty,prattville,??al,,autauga,3343614267.0,acute care hospitals,voluntary non-profit - private,yes,pneumonia,pn-4,pneumonia patients given smoking cessation advice/counseling,100%,67 patients,al_pn-4
406,35269.39601479061,prattville baptist hospital,124 s memorial dr,empty,empty,,al,36067.0,autauga,3343614267.0,acute care hospit%@@als,,yes,pneumonia,pn-5c,pneumonia patients given initial antibiotic(s) within 6 hours after arrival,94??#%,131 patients,al_pn-5c
407,10108.0,prattville baptist hospital,124 s memorial dr,empty,em??pty,prattville,al,198297.85387683925,autauga,3343614267.0,,voluntary non-profit - private,yes,pneumonia,pn-6,,92%,93 patients,al_pn-6
408,10108.0,prattville baptist hospital,124 s memorial dr,empty,empty,prattville,al,36067.0,autauga,3343614267.0,acute care hospitals,voluntary non-profit - private,yes,pneumonia,p%n-7,pneumonia patients assessed and given influenza vaccination,99%,89 patients,al_pn-7
409,10108.0,prattville baptist hospital,124 s memorial dr,,empty,prattville,al,36067.0,autauga,3343614267.0,acute care hospitals,voluntary non-profit - private,yes,surgical infection prevention,,surgery patients who were taking heart drugs called beta blockers before coming to the hospital who were kept on the beta blockers during the period just before and after their surgery,100%,1 patients,al_scip-card-2
410,10108.0,prattville baptist hospital,124 s memorial dr,empty,empty,,al,36067.0,autauga,3343614267.0,acute care hospitals,voluntary non-profit - private,yes,,scip-inf-1,surgery patients who were given an antibiotic at the right time (within one hour before surgery) to help prevent infection,90%,,al_scip-inf-1
411,10108.0,prattville baptist hospital,124 s memorial dr,,empty,prattville,a#$l,36067.0,autauga,16233784446.230434,acute care hospitals,voluntary non-profit - private,yes,surgical infection prevention,scip-inf-2,surgery patients who were given the  right kind  of antibiotic to help prevent infection,90%,10 patients,al_scip-inf-2
412,10108.0,,124 s memorial dr,empty,,prattville,al,36067.0,aut??aug%a,3343614267.0,acute care hospitals,voluntary non-profit - private,yes,,scip-inf-3,surgery patients whose preventive antibiotics were stopped at the right time (within 24 hours after surgery),100%,10 patients,al_scip-inf-3
413,10158.0,russellville hospital,,empty,empty,russell??vil#le,al,35653.0,,2563321611.0,acute care hospitals,p$roprietary,yes,surgical infection prevention,scip-vte-1,surgery patients whose doctors ordered treatments to prevent blood clots after certain types of surgeries,100%,125 patients,al_scip-vte-1
414,10158.0,russellville hospital,15155 hig$#hway 43,empty,empty,ru??ssellvil%le,al,,franklin,10202330807.480974,acute care hospitals,,yes,surgical infection prevention,scip-vte-2,patients who got treatment  at the right time (within 24 hours before or after their surgery) to help prevent blood clots after certain types of surgery,98%,125 patients,al_scip-vte-2
415,10164.0,coosa valley medical center,315 w hickory st,empty,empty,,al,35150.0,talladega,2562495000.0,acute care hospitals,voluntary non-profit - other,no,heart attack,ami-1,heart attack patients given aspirin at arrival,90%,10 patients,al_ami-1
416,10164.0,coosa valley medical center,315 w hickory st,,,,al,35150.0,talladega,2562495000.0,acute care hospitals,voluntary non-profit - other,no,heart attack,ami-2,heart attack patients given aspirin at discharge,100%,3 patients,al_ami-2
417,,coosa valley medical center,315 w hickory st,empty,empty,sylacauga,al,35150.0,talladega,2562495000.0,acute care hospitals,voluntary non-profit - other,no,heart attack,ami-3,heart attack patients given ace inhibitor or arb for left ventricular systolic dysfunction (lvsd),100%,1 patients,al_ami-3
418,10164.0,,315 w hickory st,$empty,empty,sylacauga,al,,talladega,2562495000.0,acute care hospitals,voluntary non-profit - other,no,heart attack,ami-4,heart attack patients given smoking cessation advice/counseling,empty,0 patients,
419,10164.0,coosa valley medical center,,empty,empty,,al,120891.69836017175,talladega,2562495000.0,acute care hospitals,voluntary non-profit - other,no,heart attack,ami-5,heart attack patients given beta blocker at discharge,,4 patients,al_ami-5
420,10164.0,coosa valley medical center,315 w hickory st,empty,,sylacauga,al,35150.0,talladega,2562495000.0,acute care hospitals,voluntary non-profit - other,no,heart attack,ami-7a,heart attack patients given fibrinolytic medication within 30 minutes of arrival,empty,0 patients,al_ami$-7a
421,10164.0,coosa valley medical center,315 w hickory st,empty,empty,sylacauga,al,35150.0,ta??lladega,2562495000.0,acute care hospitals,voluntary non-profit - other,no,,ami-8a,heart attack patients given pci within 90 minutes of arrival,empty,0 patients,al_ami-8a
422,,coosa valley medical center,315 w hickory st,empty,empty,sylacauga,,35150.0,talladega,2562495000.0,,voluntary non-profit - other,no,heart failure,hf-1,heart failure patients given discharge instructions,77%,78 patients,al_hf-1
423,10164.0,coosa valley medical center,315 w hickory st,empty,empty,sylacauga,al,35150.0,,2562495000.0,acute care hospitals,voluntary non-profit - other,no,heart failure,hf-2,heart failure patients given an evaluation of left ventricular systolic (lvs) function,99%,105 patients,al_hf-2
424,10164.0,coosa valley medical center,315 w hickory st,empty#,,sylacauga,,35150.0,talladega,2562495000.0,acute care hospitals,volunta@@r@@y non-profit - other,no,heart failure,hf-3,heart failure patients given ace inhibitor or arb for left ventricular systolic dysfunction (lvsd),85%,46 patients,
425,10164.0,coosa valley medical center,315 w hickory st,empty,empty,sylacauga,al,35150.0,,2562495000.0,acute care hospitals,voluntary non-profit - other,no,heart failure,hf-4,heart failure patients given smoking cessation advice/counseling,100%,12 patients,al_hf-4
426,10164.0,coosa valley medical center,315 w hickory st,empty,empty,sylacauga,al,35150.0,talladega,2562495000.0,,voluntary non-profit - other,no,pneumonia,pn-2,,93%,69 patients,al_pn-2
427,10164.0,coosa valley medical center,315 w hickory st,empty,empty,sylacauga,,,talladega,2562495000.0,acute care hospitals,voluntary non-profit - other,no,pneumonia,pn-3b,pneumonia patients whose initial emergency room blood culture was performed prior to the administration of the first hospital dose of antibiotics,97%,95 patients,al_pn-3b
428,10164.0,coosa valley medical center,315 w hickory st,empty,empty,,,35150.0,talladega,2562495000.0,acute care hospitals,,no,pneumonia,pn-4,pneumonia patients given smoking cessation advice/counseling,100%,47 patients,al_p@@$n-4
429,10164.0,coosa valley medical center,,empty,empty,sylacauga,al,35150.0,talladega,2562495000.0,acute care hospitals,,no,pneumonia,,pneumonia patients given initial antibiotic(s) within 6 hours after arrival,97%,101 patients,al_pn-5c??
430,10164.0,coosa valley medical center,315 w hickory st,empty,,sylacauga,al,35150.0,talladega,2562495000.0,acute care hospitals,voluntary non-profit - other,no,pneumonia,pn-6,pneumonia patients given the most appropriate initial antibiotic(s),96%,57 patients,al_pn-6
431,10164.0,coosa valley medical center,315 w hickory st,empty,empty,sylacauga,al#,35150.0,talla??dega,2562495000.0,acute care hospitals,voluntary non-profit - other,no,pneumonia,pn-7,pneumonia patients assessed and given influenza vaccination,88%,51 patients,
432,10164.0,coosa valley medical center,315 w hickory st,empty,empty,,al,35150.0,talladega,2562495000.0,acute care hospitals,voluntary non-profit - other,no#,surgical infection prevention,scip-card-2,surgery patients who were taking heart drugs called beta blockers before coming to the hospital who were kept on the beta blockers during the period just before and after their surgery,82%,22 patients,al_scip-card-2
433,20017.0,alaska regional hospital,2801 debarr road,empty,,anchorage,ak,99508.0,anchorage,9072761131.0,acute care hospitals,proprietary,yes,heart failure,hf-1,heart failure patients given discharge instructions,91%,57 patients,ak_hf-1
434,20017.0,alaska regional hospital,2801 debarr road,empty,empty,anchorage,ak,99508.0,anchorage,9072761131.0,acute care hospitals,proprietary,yes,he%art failure,hf-2,heart failure patients given an evaluation of left ventricular systolic (lvs) function,98%,61 patients,ak_hf-2
435,20017.0,alaska regional hospital,,empty,empty,anchor??#age,ak,99508.0,anchorage,9072761131.0,acute care hospitals,proprietary,yes,heart failure,hf-3,heart failure patients given ace inhibitor or arb for left ventricular systolic dysfunction (lvsd),100%,33 patients,ak_hf-3
436,20017.0,alaska@@ re$gional hospital,2801 debarr road,empty,empty,anchorage,ak,99508.0,anchorag%??e,9072761131.0,acute care hospitals,proprietary,yes,heart failure,hf-4,heart failure patients given smoking cessation advice/counseling,100%,1$3 pa??tients,ak_hf-4
437,20017.0,alaska regional hospital,2801 debarr road,empty,empty,anchorage,ak,99508.0,anchorage,,acute care hospitals,proprietary,yes,pneumonia,pn-2,,,37 patients,ak_pn-2
438,20017.0,alaska regional hospital,2801 debarr road,,,anchorage,ak,,,9072761131.0,acute care hospitals,proprietary,yes,pneumonia,pn-3b,pneumonia patients whose initial emergency room blood culture was performed prior to the administration of the first hospital dose of antibiotics,100%,47 patients,ak_pn-3b
439,20017.0,alaska regional hospital,2801 debarr road,emp@@??ty,empty,anchorage,ak,,anchorage,9072761131.0,acute care hospitals,proprietary,,pneumonia,pn-4,pneumonia patients given smoking cessation advice/counseling,96%,26 patients,ak_pn-4
440,20017.0,alaska regional hospital,2801 debarr road,empty,empty,anchorage,ak,99508.0,anchorage,9072761131.0,acute care hospitals,proprietary,yes,pneumonia,pn-5c,pneumonia patients given initial antibiotic(s) within 6 hours after arrival,97%,39 patients,ak_pn-5c
441,20017.0,alaska regional hospital,2801 debarr road,empty,empty,anchorage,ak,99508.0,anchorage,9072761131.0,acute care hospitals,proprietary,yes,pneumonia,pn-6,pneumonia patients given the most appropriate initial antibiotic(s),95%,22 patients,ak_pn-6
442,20017.0,alaska regional hospital,2801 debarr road,empty,empty,,ak,99508.0,anchorage,9072761131.0,acute care hospitals,proprietary,y#es,pneumonia,pn-7,pneumonia patients assessed and given influenza vaccination,90%,29 patients,ak_pn-7
443,20017.0,alaska regional hospital,2801 debarr road,empty,empty,anchorage,ak,99508.0,anchorage,9072761131.0,acute care hospitals,proprietary,,surgical infection prevention,scip-card-2,surgery patients who were taking heart drugs called beta blockers before coming to the hospital who were kept on the beta blockers during the period just before and after their surgery,87%,106 patients,ak_scip-card-2
444,20017.0,alaska regional hospital,2801 debarr road,empty,empty,anchorage,ak,99508.0,anchorage,9072761131.0,acute care hospitals,proprietary,,surgical infection prevention,scip-inf-1,surgery patients who were given an antibioti%c at the right time (within one hou$r before surgery) to help prevent infection,96%,,ak_scip-inf-1
445,20017.0,alaska regional hospital,,empt@@y,empty,,ak,99508.0,anchorage,9072761131.0,acute care hospitals,proprietary,yes,surgical infection prevention,,surgery patients who were given the  right kind  of antibiotic to help prevent infection,9??8#%,521 patients,ak_scip-inf-2
446,20017.0,alaska regional hospital,2801 debarr road,empty,empty,anc#h%orage,ak,99508.0,anchorage,9072761131.0,acute care hospitals,proprietary,yes,surgical infection prevention,scip-inf-3,surgery patients whose preventive antibiotics were stopped at the right time (within 24 hours after surgery),88%,499 patients,ak_scip-inf-3
447,20017.0,alaska regional hospital,2801 debarr road,empty,empty,anchorage,ak,,anchorage,9072761131.0,acute care hospitals,proprietary,yes,,scip-inf-4,all heart surgery patients whose blood sugar (blood glucose) is kept under good control in the days right after surgery,94%,146 patients,ak_scip%-inf-4
448,20017.0,alaska regional hospital,2801 debarr road,empty,,,ak,99508.0,anc#horage,9072761131.0,acute care hospitals,proprietary,,surgical infection prevention,scip-inf-6,surgery patients needing hair removed from the surgical area before surgery who had hair removed using a safer method (electric clippers or hair removal cream c not a razor),100%,690 patients,ak_scip-inf-6
449,20017.0,alaska regional hospital,2801 debarr road,,empty,@@anchora#ge,ak,99508.0,anchorage,9072761131.0,acute care hospitals,,yes,surgical infection prevention,,surgery patients whose doctors ordered treatments to prevent blood clots after certain types of surgeries,94%,226 patients,ak_scip-vte-1
450,20017.0,alaska regional hospital,2801 debarr road,empty,empty,anchorage,ak,99508.0,anchorage,9072761131.0,acute care hospitals,%proprietary,yes,,,patients who got treatment  at the right time (within 24 hours before or after their surgery) to help prevent blood clots after certain types of surgery,94%,,ak_scip-$vte-@@2
451,20018.0,yukon$ kus$kokwim delta reg hospital,po box 287,empty,empty,bethel,ak,99559.0,bethel,9075436300.0,,government - federal,no,heart attack,,heart attack patients given aspirin at arrival,empty,empty,ak_ami-1
452,20018.0,yukon kuskokwim del@@t%a reg hospital,@@po box 287,empty,empty,,ak,99559.0,bethel,9075436300.0,acute care hospitals,government - federal,,heart attack,ami-2,heart attack patients given aspirin at discharge,empty,empty,ak_ami-2
453,10019.0,helen keller memorial hospital,1300 south montgomery avenue,empty,empty,sheffield,al,35660.0,jefferson,2563864556.0,acute care hospitals,%government - hospita%l district or authority,yes,pneumonia,,,89%,150 patients,al_pn-2
454,,helen keller memorial hospital,1300 south montgomery avenue,empty,empty,sheffield,al,35660.0,jefferson,2563864556.0,acute care hospitals,government - hospital district or authority,yes,pneumonia,pn-3b,pneumonia patients whose initial emergency room blood culture was performed prior to the administration of the first hospital dose of antibiotics,99%,149 patients,al_pn-3b
455,10019.0,helen keller memorial hospital,1300 south montgomery avenue,em$pty@@,empty#,sheffield,al,35660.0,jefferson,2563864556.0,acute care hospitals,government - hospital district or authority,yes,pneumonia,pn-4,pneumonia patients given smoking cessation advice/counseling,,79 patients,
456,,helen keller memorial hospital,1300 south montgomery avenue,empty,empty,sheffield,al,35660.0,jefferson,2563864556.0,acute care hospitals,,,pneumonia,pn-5c,pneumonia patients given initial antibiotic(s) within 6 hours after arrival,98%,192 patients,al_pn-5c
457,10019.0,helen keller memorial hospital,1300 south montgomery avenue,empty,,sheffield,al,35660.0,jefferson,2563864556.0,acute care hospitals,government - hospital district or authority,yes,pneumonia,pn-6,pneumonia patients given the most appropriate initial antibiotic(s),86%,139 patients,al_pn-6
458,,helen keller memorial hospital,1300 south montgomery avenue,,empty,sheffield,al,35660.0,jefferson,2563864556.0,acute care hospitals,,yes,pneumonia,pn-7,pneumonia patients assessed and given influenza vaccination,,119 patients,al_pn-7
459,,helen keller memorial hospital,1300 south montgomery avenue,empty,empty,,al,35660.0,jefferson,2563864556.0,acute care hospitals,government - hospital district or authority,yes,surgical infection prevention,scip-card-2,surgery patients who were taking heart drugs called beta blockers before coming to the hospital who were kept on the beta blockers during the period just before and after their surgery,81@%@%,54 patients,al_scip-card-2
460,10019.0,helen keller memorial hospital,1300 south montgomery avenue,empty,,sheffield,al,174531.08146848882,jefferson,13748107609.224487,acute care hospitals,government - hospital district or authority,yes,surgical infection prevention,scip-inf-1,surgery patients who were given an antibiotic at the right time (within one hour before surgery) to help prevent infection,,253 patients,al_scip-inf-1
461,10019.0,helen k%eller memorial h$ospital,1300 south montgomery avenue,empty,empty,sheffield,al,35660.0,jefferson,2563864556.0,acute care hospitals,,yes,,scip-inf-2,surgery patients who were given the  right kind  of antibiotic to help prevent infection,91%,255 patients,al_scip-inf-2
462,10019.0,helen keller memorial hospital,1300 south m??ont%gomery avenue,empty,empty,sheffield,al,35660.0,jefferson,2563864556.0,,,yes,surgical infection prevention,scip-inf-3,surgery patients whose preventive antibiotics were stopped at the right time (within 24 hours after surgery),84%,,al_scip-inf-3
463,,helen keller memorial hospital,1300 south montgomery avenue,empty,em????pty,sheffield,al,35660.0,jefferson,2563864556.0,acute care hospitals,government - hospital district or authority,yes,surgical infection prevention,s??cip-i$nf-4,all heart surgery patients whose blood sugar (blood glucose) is kept under good control in the days right after surgery,empty,0 patients,al_scip-inf-4
464,10019.0,,1300 south montgomery avenue,empty,empty,sheffield,al,35660.0,jeffe#rs$on,2563864556.0,acute care hospitals,government - hospital district or authority,yes,surgical infection prevention,scip-inf-6,surgery patients needing hair removed from the surgical area before surgery who had hair removed using a safer method (electric clippers or hair removal cream c not a razor),97%,369 patients,al_scip-inf-6
465,10019.0,,,empty,empty,sheffield,al,35660.0,jefferson,2563864556.0,acute care hospitals,government - hospital district or authority,yes,surgical infection prevention,$sci%p-vte-1,surgery patients whose doctors ordered treatments to prevent blood clots after certain types of surgeries,85%,144 patients,al_scip-vte-1
466,10019.0,helen keller memorial hospital,,empty,empty,sheffield,al,35660.0,jefferson%,2563864556.0,acute care hospitals,government - hospital district or authority,yes,surgical infection prevention,scip-vte-2,patients who got treatment  at the right time (within 24 hours before or after their surgery) to help prevent blood clots after certain types of surgery,79%,142 patients,al_scip-vte-2
467,10021.0,dale medical center,126 hospital ave,empty,empty,ozark,al,36360.0,dale,3347742601.0,acute care hospitals,government - hospital district or authority,yes,heart attack,ami-1,heart attack patients given aspirin at arrival,100%,,al_ami-1
468,10021.0,dal#e% medical center,126 hospital ave,,empty,ozark,al,36360.0,dale,3347742601.0,acute care hospitals,government - hospital district or authority,yes,heart attack,ami-2,heart attack patients given aspirin at discharge,100%,5 patients,al_ami-2
469,10021.0,dale medical center,126 hospital ave,empty,empty,ozark,,36360.0,dale,3347742601.0,acute care hospitals,government - hospital district or authority,yes,heart attack,ami-3,heart a%ttack patients given ace inhibitor or arb for left ventricular systolic dysfunction (lvsd),empty,0 patients,al_ami-3
470,10021.0,,126 hospital ave,empty,empty,ozark,al,36360.0,dale,3347742601.0,acute care hospita$ls,government - hospital district or authority,yes,heart attack,a??mi-4,heart attack patients given smoking cessation advice/counseling,100%,3 patients,al_ami-4
471,10021.0,dale medical center,126 hospital ave,empty,empty,ozark,al,36360.0,dale,3347742601.0,acute care hospitals,,,heart attack,ami-5,heart attack patients given beta blocker at discharge,,6 patients,al_ami-5
472,10021.0,dale medical center,126 hospital ave,empty,empty,ozark,al,36360.0,dale,3347742601.0,acute care hospitals,government - hospital district or authority,yes,heart attack,ami-7a,heart attack patients given fibrinolytic medication within 30 minutes of arrival,0%,2 patients,al_ami-7a
473,10021.0,dale medical center,126 hospital ave,empty,empty,ozark,al,36360.0,,3347742601.0,acute care hospitals,government - hospital district or authority,,heart attack,ami-8a,heart attack patients given pci within 90 minutes of arrival,empty,0 patients,al_ami-8a
474,,dale medical center,126 hospital ave,empty,empty,,,36360.0,dale,3347742601.0,acute care hospitals,government - hospital district or authority,yes,heart failure,hf-1,heart failure patients given discharge instructions,66%,79 patients,al_hf-1
475,10021.0,dale medical center,126 hospital ave,empty,empty,ozark,al,36360.0,dale,3347742601.0,acute care hospitals,government - hospital district or authority,yes,,hf-2,heart failure patients given an evaluation of le@@ft ventricular systolic (lvs) function,96%,94 patients,al_hf-2
476,10021.0,dale medical center,126 hospital ave,empty,empty,ozark,al,36360.0,dale,3347742601.0,acute care hospitals,,yes,heart failure,hf-3,heart failure patients given ace inhibitor or arb for left ventricular systolic dysfunction (lvsd),94%,18 patients,al_hf-3
477,10021.0,dale medical center,126 hospital ave,empty,empty,ozark,al,36360.0,dale,3347742601.0,acute care hospitals,government - hospital district or authority,#yes@@,heart failure,hf-4,heart fai$lure patients given smoking ces%sation advice/counseling,94%,32 patients,
478,10021.0,dale medical center,126 hospital ave,empty,empty,ozark,al,36360.0,dale,3347742601.0,acute care hospitals,government - hospital district or authority,,pneumonia,pn-2,pneumonia patients assessed and given pneumococcal vaccination,85%,80 patients,al_pn-2
479,10021.0,,126 hospital ave,empty,empty,ozark,al,36360.0,dale,3347742601.0,,government - hospital district or authority,yes,pneumonia,pn-3b,,94%@@??,67 patients,al_pn-3b
480,10021.0,,126 hospital ave,empty,empty,ozark,al,36360.0,dale,3347742601.0,acute care hospitals,government - hospital district or authority,yes,pneumonia,pn-4,pneumonia patients given smoking cessation advice/counseling,87%,,al_pn-4
481,10021.0,dale medical center,126 hospital ave,empty,,ozark,al,36360.0,dale,3347742601.0,acute ??c%are hospitals,government - hospital district or authority,yes,pneumonia,pn-5c,pneumonia patients given initial antibiotic(s) within 6 hours after arrival,95%,74 patients,al_pn-5c
482,10021.0,dale medical center,126 hospital ave,empty,,ozark,al%,36360.0,dale,3347742601.0,acute care hospitals,government - hospital district or authority,yes,pneumonia,pn-6,,64%,59 patients,al_pn-6
483,10021.0,dale medical center,126 hospital ave,empty,empty,ozark,al,36360.0,dale,3347742601.0,acute care hospitals,government - hospital district or authority,yes,pneumonia,,pneumonia patients assessed and given influenza vaccination,90%,62 patients,al_pn-7
484,,dale medical center,126 hospital ave,empty,empty,ozark#,al,36360.0,dale,12459193290.532017,acute care hospitals,government - hospital district or authority,yes,,,surgery patients who were taking heart drugs called beta blockers before coming to the hospital who were kept on the beta blockers during the period just before and after their surgery,100%,,al_scip-card-2
485,10021.0,dale medical center,,empty,empty,ozark,al,36360.0,dale,3347742601.0,,government - hospital district or authority,yes,,scip-inf-1,surgery patients who were given an antibiotic at the right time (within one hour before surgery) to help prevent infection,94%,52 patients,al_scip-inf-1
486,,dale medical center,126 hospital ave,empty,,ozark,al,,dale,3347742601.0,acute care hospitals,government - hospital district or authority,yes,surgical infection prevention,scip-inf-2,surgery patients who were given the  right kind  of antibiotic to help prevent infection,96%,,al_scip-inf-2
487,10021.0,,126 hospital ave,empty,empty,ozark,al,,dale,15657824159.968552,acute care hospitals,government - hospital district or authority,yes,surgical infection prevention,scip-inf-3,,85%,48 patients,al_scip-inf-3
488,10021.0,dale medical center,126 hospital?? ave,,empt##y,ozark,,36360.0,dale,3347742601.0,acute care hospitals,government - hospital district or authority,yes,surgical infection prevention,scip-inf-4,all heart surgery patients whose blood sugar (blood glucose) is kept under good control in the days right after surgery,empty,0 patients,al_scip-inf-4
489,10021.0,dale medical center,,empty,empty,ozark,al,36360.0,dale,3347742601.0,acute care hospitals,government - hospital district or authority,,surgical infection prevention,scip-inf-6,surgery patients needing hair removed from the surgical area before surgery who had hair removed using a safer method (electric clippers or hair removal cream c not a razor),100%,94?? patient??s,al_scip-inf-6
490,10021.0,dale medical center,126 hospital ave,empty,empty,ozark,al,36360.0,,3347742601.0,acute care ho%spitals??,government - hospital district or authority,??yes,surgical infection prevention,scip-vte-1,surgery patients whose doctors ordered treatments to prevent blood clots after certain types of surgeries,88%,50 patients,al_scip-vte-1
491,10021.0,dale $medical cent$er,126 hospital ave,empty,empty,ozark,al,36360.0,dale,3347742601.0,acute care hospitals,government - hospital district or authority,yes,,scip-vte-2,patients who got treatment  at the right time (within 24 hours before or after their surgery) to help prevent blood clots after certain types of surgery,68%,50 patients,al_scip-vt$e-2
492,32869.65049695583,cherokee medical center,400 northwood dr,empty,empty,,al,35960.0,,2569275531.0,acute care hospitals,voluntary non-profit - private,yes,heart attack,ami-1,,empty,0 pati#ents,al_ami-1
493,10022.0,cherokee medical center,400 northwood dr,empty,empty,,al#,35960.0,cherokee,2569275531.0,acute care hospitals,,yes,heart attack,ami#-2,heart attack patients given aspirin at discharge,100%,,al_ami-2
494,10022.0,,400 northwood dr,empty,empty,centre,,35960.0,,2569275531.0,acute care hospitals,voluntary non-profit - private,yes,heart attack,ami-3,heart attack patients given ace inhibitor or arb for left ventricular systolic dysfunction (lvsd),empty,0 patients,$al_ami-3
495,10022.0,cherokee medical center,400 northwood dr,empty,,centre,al,35960.0,cherokee,2569275531.0,acute care hospitals,voluntary non-profit - private,yes,heart attack,ami-4,heart attack patients given smoking cessation advice/counseling,,0 patients,al_ami-4
496,10022.0,cherokee medical center,400 northwood dr,empty,empty,centre,al,35960.0,cherokee,2569275531.0,acute care hospitals,,y??es,heart attack,ami-5,heart attack patients given beta b@@locker at discharge,empty,0 patients,al_ami-5
497,10022.0,cherokee medical center,400 northwood dr,empty,$empty,centre,al,35960.0,c%h$erokee,2569275531.0,acute care hospitals,voluntary non-profit - private,yes,heart attack,ami-7a,heart attack patients given fibrinolytic medication within 30 minutes of arrival,empty,0 patients,al_ami-7a
498,10022.0,cherokee medical center,400 northwood dr,empty,empty,centre,al,35960.0,cherokee,2569275531.0,acute care hospitals,voluntary non-pro$fit - private,yes@@,heart attack,ami-8a,heart attack patients given pci within 90 minutes of arrival,empty,0 patients,al_ami-8a
499,10022.0,cherokee medical center,400 northwood dr,empty,empty,centre,al,35960.0,cherokee,2569275531.0,,voluntar#y non-profit - private,yes,heart failure,hf-1,heart failure patients given discharge instructions,83%,35 patients,al_hf-1
500,10022.0,cherokee medical center,400 northwood dr,empty,empty,centre,al,35960.0,cherokee,2569275531.0,acute care hospitals,,yes,heart failure,hf-2,heart failure patients given an evaluation of left ventricular systolic (lvs) function,94%,48 patients,al_hf-2
501,10022.0,cherokee medical center,400 northwood dr,empty,empty,centre,al,35960.0,cherokee,13508073598.283588,,voluntary non-profit - private,yes,heart failure,hf-3,heart failure patients given ace inhibitor or arb for left ventricular systolic dysfunction (lvsd),90%,10 patients,al_hf-3
502,10022.0,cherokee medical center,400 northwood dr,empty,,centre,al,35960.0,c??herokee,2569275531.0,acute care hospitals,voluntary non-profit - private,yes,heart failure,hf-4,heart failure patients given smoking cessation advice/counseling,,15 patients,al_hf-4
503,,cherokee medical center,400 northwood dr,empty,empty,centre,al,35960.0,cherokee,2569275531.0,,voluntary non-profit - private,yes,pneumonia,pn-2,pneumonia patients assessed and given pneumococcal vaccination,93%,44 patients,al_pn-2
504,49143.11589030302,cherokee medical center,400 northwood dr,empty,empty,centre,al,35960.0,cherokee,2569275531.0,acute care hospit??als,voluntary non-profit - private,yes,pneumonia,pn-3b,pneumonia patients whose initial emergency room blood culture was performed prior to the administration of the first hospital dose of antibiotics,97%,33 patients,al_pn$-3b
505,50464.69708883797,cherokee medical center,,empty,empty,centre,al,35960.0,cherokee,2569275531.0,acute care hospitals,voluntary non-profit - private,yes,pneumonia,pn-4,pneumonia patients given smoking cessation advice/counseling,100%,20 patients,al_pn-4
506,10022.0,,400 northwood %d$r,,empty,,al,35960.0,cherokee,2569275531.0,acute care hospitals,voluntary non-profit - private,y%#es,pneumonia,pn-5c,pneumonia patients given initial antibiotic(s) within 6 hours after arrival,89%,,al_pn-5c
507,10022.0,cherokee medical center,400 northwood dr,empty,empty,centre,,35960.0,cherokee,2569275531.0,acute care hospitals,voluntary non-profit - private,yes,pneumonia,pn-6,pneumonia patients given the most appropriate initial antibiotic(s),93%,44 patients,al_pn-6
508,10022.0,,400 northwood dr,empty,empty,centre,al,,cherokee,,acute care hospitals,voluntary non-profit - private,yes,,pn-7,pneumonia patients assessed and given influenza vaccination,81%,,al_pn-7
509,10022.0,cherokee medical center,400 northwood dr,empty,empty,,al,,cherokee,2569275531.0,,voluntary non-profit - private,yes,surgi$cal in#fection prevention,scip-card-2,surgery patients who were taking heart drugs called beta blockers before coming to the hospital who were kept on the beta blockers during the period just before and after their surgery,empty,empty,al_scip-card-2
510,10022.0,cherokee medical center,400 northwood dr,empty,empty,centre,al,35960.0,cherokee,2569275531.0,acute care hospitals,voluntary non-profit - private,yes,surgical infection prevention,scip-inf-1,surgery patients who were given an antibiotic at the right time (within one hour before surgery) to help prevent infection,0%,2 patients,%al_scip-inf-1
511,10022.0,cherokee medical center,400 northwood dr,empty,empty,centre,,35960.0,cherokee,2569275531.0,acute care hospitals,voluntary non-profit - private,,surgical infection prevention,,surgery patients who were given the  right kind  of antibiotic to help prevent infection,100%??,2 patients,al_scip-inf-2
512,10022.0,cherokee medical center,400 northwood dr,,empty,,al,,cherok??ee,2569275531.0,acute care hospitals,voluntary non-profit - private,yes,surgical infection prevention,scip-inf-3,surgery patients whose preventive antibiotics were stopped at the right time (within 24 hours after surgery),0%,1 patients,al_scip-inf-3
513,10022.0,cherokee medical center,400 northwood dr,empty,empty,centre,,35960.0,,2569275531.0,acute care hospitals,voluntary non-profit - private,,surgical infection prevention,scip-inf-4,all heart surgery patients whose blood sugar (blood glucose) is kept under good control in the days right after surgery,empty,0 patients,al_scip-inf-4
514,10022.0,cherokee medical center,400 northwood dr,empty,empty,centre,al,,cherokee,,acute care hospitals,voluntary non-profit - private,yes,surgical infection prevention,scip-inf-6,surgery patients needing hair removed from the surgical area before surgery who had hair removed using a safer method (electric clippers or hair removal cream c not a razor),100%,6 patients,al_scip-inf-6
515,10022.0,cherokee medical center,400 northwood dr,empty,empty,centre,al,35960.0,cherokee,2569275531.0,acute care hospitals,,yes,surgical infection prevention,scip-vte-1,surgery patients whose doctors ordered treatments to prevent blood clots after certain types of surgeries,100%,5 patients,al_scip-vte-1
516,10022.0,cherokee medical center,400 northwood dr,empty,empty,centre,al,35960.0,cherokee,2569275531.0,acute care hospitals,voluntary non-profit - private,yes,surgical infection prevention,scip-vte-2,patients who got treatment  at the right time (within 24 hours before or after their surgery) to help prevent blood clots after certain types of surgery,100%,5 patients,al_scip-vte-2
517,10023.0,baptist medical center south,2105 east south boulevard,,empty,montgomery,al,36116.0,montgomery,3342882100.0,acute care hospitals,voluntary non-profit - church,yes,heart attack,ami-1,,100%,134 patients,al_ami-1
518,10023.0,baptist medical center south,,empty,empty,,al,36116.0,montgomery,3342882100.0,acute care hospitals,voluntary non-profit - church,yes,heart attack,ami-2,heart attack patients given aspirin at discharge,100%,,al_ami-2
519,10023.0,baptist medical center south,2105 east south boulevard,empty,empty,montgomery,,36116.0,montgomery,3342882100.0,acute care hospitals,,yes,heart attack,ami-3#%,heart attack patients given ace inhibitor or arb for left ventricular systolic dysfunction (lvsd),100%,53 patients,al_ami-3
520,10023.0,baptist medical center south,,empty,empty,montgomery,al,,montgomery,3342882100.0,,voluntary non-profit - church,yes,heart attack,ami-4,heart attack patients given smoking cessation advice/counseling,100%,119 patients,al_ami-4
521,10023.0,baptist medical center so@@@@uth,2105 east south boulevard,empty,empty,montgomery,,36116.0,montgomery,3342882100.0,acute care hospitals,voluntary non-profit - church,,heart attack,ami%-5,heart attack patients given beta blocker at discharge,,254 patients,al_ami-5
522,10023.0,baptist medical center south,2105 east south boulevard,empty,empty,montgomery,al,36116.0,montgomery,3342882100.0,acute care hospitals,voluntary non-profit - church,yes,heart attack,ami-7a,heart attack patients given fibrinolytic medication within 30 minutes of arrival,empty,0 patients,al_ami-7a
523,10023.0,,,empty,empty,montgomery,,36116.0,montgomery,3342882100.0,acute care hospitals,voluntary non-profit - church,yes,heart attack,ami-8a,heart attack patients given pci within 90 minutes of arrival,96%,27 patients,al_ami-8a
524,10023.0,baptist medical center south,2105 east south boulevard,,empty,montgomery,a??@@l,36116.0,,10480077717.432562,acute care hospitals,voluntary non-profit - c$hurch,yes,heart failure,hf-1,heart failure patients given discharge instructions,100%,257 patients,al_hf-1
525,10023.0,baptist medical center south,,empty,empty,montgomery,,,montgomery,3342882100.0,,voluntary non-profit - church,yes,heart failure,hf-2,heart failure patients given an evaluation of left ventricular systolic (lvs) function,100%,292 patients,al_hf-2
526,10023.0,,2105 east south boulevard,,empty,montgomery,,36116.0,montgomery,3342882100.0,acute care hospitals,voluntary non-profit - church,yes,heart failure,hf-3,heart failure patients given ace inhibitor or arb for left ventricular systolic dysfunction (lvsd),100%,98 patients,al_hf-3
527,10023.0,baptist medical center south,2105 east south boulevard,empty,empty,,al,36116.0,montgomery,3342882100.0,acute care hospitals,voluntary non-profit - church,yes,heart failure,hf-4,heart failure patients given smoking cessation advice/counseling,100%,,al_hf-4
528,10023.0,baptist medical center south,2105 east south boulevard,empty,empty,montgomery,al,36116.0,montgomery,3342882100.0,,voluntary non-profit - church,yes,pneumonia,pn-2,pneumonia patients assessed and given pneumococcal vaccination,94%,99 patients,al_pn-2
529,10023.0,baptist medical center south,2105 east south boulevard,empty,empty,montgomery,@%@al,36116.0,montgomery,3342882100.0,acute care hospitals,voluntary non-profit - church,,pneumonia,pn-3b,pneumonia patients whose initial emergency room blood culture was performed prior to the administration of the first hospital dose of antibiotics,96%,103 patients,al_pn-3b
530,10023.0,baptist medical center south,2105 east south boulevard,empty,empty,montgomery,al,36116.0,montgomery,,acute care hospitals,voluntary non-profit - church,,pneumonia,pn-4,pneumonia patients given smoking cessation advice/counseling,94%,80 ??patie??nts,al_pn-4
531,38509.11190917717,baptist medical center south,2105 east south boulevard,empty,empty,montgomery,al,,montgomery,3342882100.0,acute care hospitals,voluntary non-profit - church,#%yes,pneumonia,pn-5c,pneumonia patients given initial antibiotic(s) within 6 hours after arrival,95$%,101 patients,al_pn-5c
532,10023.0,,2105 east south boulevard,empty,empty,montgomery,al,36116.0,montgomery,3342882100.0,acute care hospitals,,yes,pneumonia,pn-6,pneumonia patients given the most appropriate initial antibiotic(s),,71 patients,al_pn-6
533,10023.0,,2105 east south boulevard,empty,empty,montgomery,al,36116.0,montgomery,3342882100.0,acute care hospitals,voluntary non-prof@@it% - church,yes,pneumonia,pn-7,pneumonia patients assessed and given influenza vaccination,92%,87 patients,al_pn-7
534,10023.0,baptist medical center south,2105 east south boulevard,@@empty,e#%mpty,montgomery,al,36116.0,montgomery,,acute care hospitals,voluntary non-profit - church,yes,surgical in%fec??tion prevention,scip-card-2,surgery patients who were taking heart drugs called beta blockers before coming to the hospital who were kept on the beta blockers during the period just before and after their surgery,97%,89 patients,al_scip-card-2
535,10023.0,baptist medical center south,2105 east south boulevard,empty,empty,montgomery,al,36116.0,montgomery,3342882100.0,acute care hospitals,voluntary non-profit - church,yes,surgical infection prevention,scip-inf-1,surgery patients who were given an antibiotic at the right time (within one hour before surgery) to help prevent infection,97%,412 patients,al_scip-inf-1
536,10023.0,baptist medical center south,2105 east south boulevard,empty,empty,montgomery,al,,montgomery#$,3342882100.0,acute care hospitals,v@@oluntary non-profit - church,yes,surgical infection prevention,scip-inf-2,surgery patients who were given the  right kind  of antibiotic to help prevent infection,97%,423 patients,al_scip-inf-2
537,10023.0,baptist medical center south,2105 east south boulevard,empty,empty,montgomery,al,36116.0,montgomery,3342882100.0,acute care hospitals,voluntary non-profit - church,yes,surgical infection prevention,scip-inf-3,,94%,392 patients,
538,,baptist medical center south,2105 east south boulevard,empty,,,al,36116.0,montgomery,3342882100.0,acute care hospitals,voluntary non-profit - church,yes,surgical infection prevention,scip-inf-4,all heart surgery patients whose blood sugar (blood glucose) is kept under good control in the days right after surgery,95%,125 patients,al_scip-inf-4
539,10023.0,baptist medical center south,2105 east south boulevard,empty,empty,montgomery,al,36116.0,montgomery,3342882100.0,acute care hospitals,,yes,surgical infection prevention,scip-inf-6,surgery patients needing hair removed from the surgical area before surgery who had hair removed using a safer method (electric clippers or hair removal cream c not a razor),100%,575 patients,$al_scip-inf-6
540,10023.0,baptist medical center south,2105 east south boulevard,empty,empty,,al,36116.0,montgomery,3342882100.0,acute care hospitals,voluntary non-profit - church,,surgical infection prevention,scip-vte-$1??,surgery patients whose doctors ordered treatments to prevent blood clots after certain types of surgeries,98%,179 patients,al_scip-vte-1
541,10023.0,baptist medical center south,2105 east south boulevard,emp#@@ty,empty,montgomery,al,36116.0,montgomery,3342882100.0,,voluntary non-profit - church,yes,surgical infection prevention,scip-vte-2,patients who got treatment  at the right time (within 24 hours before or after their surgery) to help prevent blood clots after certain types of surgery,94%%,179 patients,al_scip-vte-2
542,10024.0,jac%kson hospital & clinic inc,1725 pine street,empty,empty,montgomery,,36106.0,montgome??ry,3342938000.0,acute care hospitals,voluntary non-profit - private,yes,,ami-1,heart attack patients given aspirin at arrival,95@@%,,al_ami-1
543,10024.0,jackson hospital & clinic inc,1725 pine street,empty,empty,montgomery,,36106.0,montgomery,3342938000.0,acute care hospitals,voluntary non-profit - private,yes,heart attack,ami-2,heart attack patients given aspirin at discharge,92%,165 patients,al_ami-2
544,38220.38799279603,jackson hospital & clinic inc,1725 ??pine street??,empty,empty,montgomery,al,36106.0,montgomery,3342938000.0,acute care hospitals,voluntary non-profit - private,yes,heart attack,ami-3,heart attack patients given ace inhibitor or arb for left ventricular systolic dysfunction (lvsd),79%,,al_ami-3
545,10024.0,jackson hospital & clinic inc,1725 pine street,empty,empty,montgomery,al,,montgomery,3342938000.0,acute care hospitals,voluntary non-profit - private,ye#s,heart attack,ami-4,heart attack patients given smoking cessation advice/counseling,97%,65 patients,al_ami-4
546,10024.0,jacks$on hos@@pital & clinic inc,1725 pine street,em$pty$,empty,montgomery,,36106.0,montgomery,3342938000.0,,voluntary non-profit - private,,,ami-5,heart attack patients given beta blocker at discharge,95%,,al_ami-5
547,,jackson hospital & clinic inc,1725 pine @%@street,empty,empty,montgomery,al,36106.0,,3342938000.0,acute care hospitals,voluntary non-profit - private,yes,,ami-7a,,empty,0 patients,
548,10024.0,jackson hospital & clinic inc,1725 pine street,,empty,montgomery,al,,montgomery,3342938000.0,,,yes,heart attack,ami-8a,heart attack patients given pci within 90 minutes of arrival,40%,15 patients??,al_ami-8a
549,10024.0,jackson hospital & clinic inc,1725 pine street,empty,empty,montgomery,al,36106.0,montgomery,3342938000.0,acute care hospitals,voluntary non-profit - private,yes,heart failure,hf-1,heart failure patients given discharge instructions,45%,,
550,10024.0,jackson hospital & clinic inc,1725 pine street,empty,empty,montgomery,,36106.0,montgomery,3342938000.0,acute care hospitals,voluntary non-profit - private,yes,heart failure,,heart failure patients given an evaluation of left ventricular systolic (lvs) function,90%,518 patients,al_hf-2
551,10024.0,jackson hospital & clinic inc,1725 pine street,empty,empty,,al,36106.0,montgomery,3342938000.0,acute care hospitals,,yes,heart failure,hf-3,heart failure patients given ace inhibitor or arb for left ventricular systolic dysfunction (lvsd),85%,146 patients,al_hf-3
552,48081.785430767966,jackson hospital & clinic inc,1725 pine street,empty,empty,montgomery,al,36106.0,montgomery,3342938000.0,acute care hospitals,voluntary non-profit - private,,heart failure,hf-4,heart failure patients given smoking cessation advice/counseling,99%,93 patients,al_hf-4
553,,,1725 pine street,empty,empty,montgomery,al,36106.0,montgomery,3342938000.0,acute care hospitals,voluntary non-profit - private,yes,pneumonia,pn-2,pneumonia patients assessed and given pneumococcal vaccination,85%,243 patients,al_pn-2
554,,jackson hospital & clinic inc,1725 pine street,empty,empty,montgomery,,36106.0,montgomery,3342938000.0,acute care hospitals,voluntary non-profit - private,yes,pneumon??%ia,pn-3b,pneumonia patients whose initial emergency room blood culture was performed prior to the administration of the first hospital dose of antibiotics,95%,230 patients,al_pn-3b
555,,,1725 pine street,empty,empty,montgomery,al??,36106.0,montgomery,3342938000.0,acute care hospitals,voluntary non-profit - private,,pneumonia,pn-4,,91%,74 patients,
556,10024.0,,1725 pine street,empty,empty,montgomery,al,152332.1394963298,montgomery,3342938000.0,acute care hospitals,voluntary non-profit - private,yes,pneumonia,pn-5c,pneumonia patients given initial antibiotic(s) within 6 hours after arrival,88%,233 patients,al_pn-5c
557,10024.0,jackson hospital & clinic inc,1725 pine street,empty,empty,montgomery,al,36106.0,montgomery,3342938000.0,acute care hospitals,voluntary non-profit - private,yes,pneumonia,pn-6,pneumonia patients given the most appropriate initial antibiotic(s),82%,97 patients,al_pn-6
558,10024.0,jackson hospital & clinic inc,1725 pine street,empty,empty,,al,36106.0,montgomery,3342938000.0,acute care hospitals,voluntary non-profit - private,yes,pneumonia,pn-7,pneumonia patients assessed and given influenza vaccination,%@@82%,184 patients,al_pn-7
559,,jackson hospital & clinic inc,1725 pine street,empty,empty,montgomery,al,36106.0,montgomery,3342938000.0,acute care hospitals,,@@yes,surgical infection prevention,scip-card-2,surgery patients who were taking heart drugs called beta blockers before coming to the hospital who were kept on the beta blockers during the period just before and after their surgery,67%,,al_scip-card-2
560,10024.0,jackson hospital & clinic inc,1725 pine street,empty,empty,montgomery,al,36106.0,montgomery,3342938000.0,acute care hospitals,voluntary non-profit - private,yes,surgical infection prevention,scip-inf-1,,78%,??844# patients,al_scip-inf-1
561,10024.0,jackson hospital & clinic inc,1725 pine street,empty,empty,montgomery,al,36106.0,montgomery,3342938000.0,acute care hospitals,voluntary non-profit - private,yes,surgical infection prevention,scip-inf-2,,98%,,al_scip-inf-2
562,,jackson hospital & clinic inc,,empty,empty,montgomery,al,198199.9343179287,montgomery,3342938000.0,acute care hospitals,voluntary non-profit - private,,surgical infection prevention,scip-inf-3,surgery patients whose preventive antibiotics were stopped at the right time (within 24 hours after surgery),83%,817 patients,al_scip-inf-3
563,10024.0,jackson hospital & clinic inc,,empty,empty,,al,36106.0,montg@@o%mery,3342938000.0,acute care hospitals,voluntary non-profit - private,yes,surgical infection prevention,scip-inf-4,all heart surgery patients whose blood sugar (blood glucose) is kept under good control in the days right after surgery,72%,270 patients,al_scip-inf-4
564,10024.0,jackson hospital & clinic inc,1725 pine street,empty,empty,montgomery,al,,mo%ntgomery,3342938000.0,acute care hospitals,voluntary non-profit - private,yes,,scip-inf-6,surgery patients needing hair removed from the surgical area before surgery who had hair removed using a safer method (electric clippers or hair removal cream c not a razor),97%,1062 patients,al_scip-inf-6
565,10024.0,jackson hospital & clinic inc,1725 pine street,empty,empty,montgomery,al,36106.0,montgomery,3342938000.0,acute care hospitals,voluntary non-profit - private,yes,surgical infection prevention,,surgery patients whose doctors ordered treatments to prevent blood clots after certain types of surgeries,92%,26$3 p??atients,al_scip-vte-1
566,10024.0,jackson hospital & clinic inc,1725 pine street,empty,empty,montgomery,al,36106.0,montgomery,3342938000.0,acute care hospitals,voluntary non-profit - private,??yes$,surgical infection prevention,scip-vte-2,patients who got treatment  at the right time (within 24 hours before or after their surgery) to help prevent blood clots after certain types of surgery,8%7%??,259 patients,al_scip-vte-2
567,10025.0,,4800 48th st,,empty,valley,al,36854.0,chambers,3347561400.0,acute care hospitals,voluntary non-profit - other,yes,heart attack,ami-1,heart attack patients given aspirin at arrival,92%,24 patients,al_ami-1
568,10025.0,g h lanier memorial hospital,4800 48th st,empty,empty,valley,al,36854.0,chambers,3347561400.0,,voluntary non-profit - other,yes,heart attack,ami-2,heart attack patients given aspirin at discharge,90%,10 patients,al_ami-2
569,10025.0,g h lanier memorial hospital,4800 48th st,empty,empty,valley,al,36854.0,??chambers$,3347561400.0,acute care hospitals,voluntary non-profit - other,yes,heart attack,ami-3,heart attack pa@@tients given ace inhibitor or arb for ??left ventricular systolic dysfunction (lvsd),100%,1 patients,al_ami-3
570,10025.0,,48%00 48th st,empty,empty,valley,al,,chambers,3347561400.0,acute care hospitals,voluntary non-profit - other,yes,heart attack,,,,4 patients,al_ami-4
571,10025.0,g h lanier memorial hospital,4800 48th st,empty,empty,vall$#ey,al,,chambers,3347561400.0,acute care hospitals,,yes,heart attack,ami-5,heart attack patients given beta blocker at discharge,92%,13 patients,al_ami-5
572,10025.0,g h lanier memorial hospital,4800 48th st,empty,empt@@$y,valley,al,36854.0,chambers,3347561400.0,,voluntary non-profit - other,yes,heart attack,ami-7a,heart attack patients given fibrinolytic medication within 30 minutes of arrival,0%,2 patients,al_ami-7a
573,10025.0,g h lanier memorial hospital,4800 48th st,empty,empty,valley,al,36854.0,chambers,3347561400.0,acute care hospitals,voluntary non-profit - other,yes,heart attack,ami-8a,heart attack patients given pci within 90 minutes of arrival,empty,0 patients,al_ami-8a
574,10025.0,,,empty,empty,valley,al,36854.0,cham@@be#rs,,acute care hospitals,voluntary non-profit - other,,heart failure,hf-1,heart failure patients given discharge instructions,54%,,al_hf-1
575,10025.0,g h lanier memorial hospital,4800 48th st,empty,empty,valley,#al%,36854.0,,,acute care hospitals,voluntary non-profit - other,??yes,heart failure,hf-2,heart failure patients given an evaluation of left ventricular systolic (lvs) function,99%,164 patients,al_hf-2
576,10025.0,g h lanier memorial hospital,4800 48th st,empty,empty,valley,#@@al,36854.0,chambers,3347561400.0,acute care hospitals,voluntary non-profit - other,yes,heart failure,h????f-3,heart failure patients given ace inhibitor or arb for left ventricular systolic dysfunction (lvsd),,75$ pa$tients,al_hf-3
577,10025.0,g h lanier memorial hospital,4800 48th st,empty,empty,valley,al@@,36854.0,chambers,3347561400.0,,,yes,heart failure,hf-4,heart failure patients given smoking cessation advice/counseling,,38 patients,al_hf-4
578,10025.0,g h lanier memorial hospital,4800 48th st,empty,empty,valley,al,36854.0,chambers,3347561400.0,acute care hospitals,voluntary non-profit - other,yes,pneumonia,pn-2,,80%%,55 patients,al_pn-2
579,10025.0,g h lanier memorial hospital,4800 48th st,empty,empty,valley,al,36854.0,chambers,3347561400.0,acute care hospitals,voluntary non-profit - other,yes,pneumonia,pn-3b,pneumonia patients whose initial emergency room blood culture was performed prior to the administration of the first hospital dose of antibiotics,95%,43 patients,al_pn-3b
580,10025.0,g h lanier memorial hospital,4800 48th st,empty,,$valley,,36854.0,chambers,3347561400.0,acute care hospitals,voluntary non-profit - other,yes,pneumonia,pn-4,pneumonia patients given smoking cessation advice/counseling,91%,34 patients,
581,10025.0,g h lanier memorial hospital,4800 48th st,empty,empty,valley,al,36854.0,chambers,3347561400.0,acute care hospitals,voluntary non-profit - other,??yes$,pneumonia,pn-5c,pneumonia patients given initial antibiotic(s) within 6 hours after arrival,82%,50 patients,al_pn-5c
582,10025.0,g h lanier memorial hospital,4800 48th st,empty,empty,,al,,chambers,3347561400.0,acute care hospitals,voluntary non-profit - other,,pneumonia,pn-6,pneumonia patients given the most appropriate initial antibiotic(s),85%,52 patients,al_pn-6
583,10025.0,g h lanier memorial hospital,4800 48th st,empty,empty,valley,al,,??chamb%ers,,,voluntary non-profit - other,yes,,pn-7,,75%,60 patients,al_pn-7
584,10025.0,g h lanier memorial hospital,4800 4??8th# st,empty,empty,valley,al,36854.0,chambers,3347561400.0,acute care hospitals,voluntary non-profit - other,yes,surgical infection prevention,sc??ip-card-2,surgery patients who were taking heart drugs called beta blockers before coming to the hospital who were kept on the beta blockers during the period just before and after their surgery,32%,19 patients,al_scip-card-2
585,10025.0,g h lanier memorial hospital,4800 48th st,empty,empty,,al,36854.0,chambers,3347561400.0,acute care hospitals,voluntary non-profit - other,yes,surgical infection prevention,scip-inf-1,surgery patients who were given an antibiotic at the right time (within one hour before surgery) to help prevent infection,100%,117 patients,al_scip-inf-1
586,,g h lanier memorial hospital,4800 48th st,empty,empty,val#ley,al,,chambers,3347561400.0,acute care hospitals,voluntary non-profit - other,yes,surgical infection prevention,scip-inf-2,surgery patients who were given the  right kind  of antibiotic to help prevent infection,93%,118 patients,al_scip-inf-2
587,,g h lanier memorial hospital,4800 48th st,,empty,valley,al,36854.0,chambers,,,voluntary non-profit - other,yes,surgical infection prevention,scip-inf-3,surgery patients whose preventive antibiotics were stopped at the right time (within 24 hours after surgery),79%,116 patients,al_scip-inf-3
588,10025.0,g h lanier memorial hospital,$4800 48th st,empty,empty,valley,al,36854.0,chambers,3347561400.0,acute care hospitals,voluntary non-profit - other,yes,surgical infection prevention,scip-inf-4,all heart surgery patients whose blood sugar (blood glucose) is kept under good control in the days right after surgery,empty,0 patients,al_scip-inf-4
589,10025.0,g h lanier memorial hospital,4800 48th st,empty,empty,va$l%ley,al,36854.0,chambers,3347561400.0,acute care hospitals,voluntary non-profit - other,yes,surgical i#nfection preven@@tion,scip-inf-6,surgery patients needing hair removed from the surgical area before surgery who had hair removed using a safer method (electric clippers or hair removal cream c not a razor),96%,172 patients,al_scip-inf-6
590,10025.0,g h lanier memorial hospital,4800 48t%h %st,empty,,valley,al,36854.0,cham@@bers,,acute care hospitals,voluntary non-profit - other,yes,,scip-vte-1,surgery patients whose doctors ordered treatments to prevent blood clots after certain types of surgeries,88%,85 patients,al_scip-vte-1
591,10025.0,g h lanier memorial hospital,4800 48th st,,,valley,al,36854.0,chambers,3347561400.0,acute care hospitals,voluntary non-profit - other,yes,,,patients who got treatment  at the right time (within 24 hours before or after their surgery) to help prevent blood clots after certain types of surgery,82%,84?? @@patients,al_scip-vte-2
592,10027.0,elba general hospital,987 drayton street,empty,empty,elba,al,36323.0,,3348972257.0,acute care hospitals,voluntary non-profit - other,yes,heart attack,ami-1,heart attack patients given aspirin at arrival,,,
593,10027.0,elba general hospital,987 drayton street,empty,empty,elba,al,36323.0,coffee,3348972257.0,acute care hospitals,,yes,heart attack,ami-2,heart attack patients given aspirin at discharge,,empty,al_ami-2
594,10027.0,elba general hospital,987 drayton street,empty,empty,,al,36323.0,coffee,3348972257.0,acute care hospitals,voluntary non-profit - other,,heart attack,ami-3,heart attack patients given ace inhibitor or arb for left ventricular systolic dysfunction (lvsd),empty,empty,al_ami-3
595,10027.0,elba general hospital,987 drayton street,empty,empty,elba,al,,coffee,3348972257.0,acute care hospitals,voluntary non-profit - other,yes,heart attack,ami-4,,empty,empty,al_ami-4
596,10027.0,elba general hospital,987 drayton street,empty,empty,elba,al,,coffee,3348972257.0,acute care hospitals,voluntary non-profit - other,yes,heart attack,ami-5,,empty,empty,al_ami-5
597,10027.0,elba general hospital,987 drayton street,empty,empty,,al,36323.0,coffee,3348972257.0,acute care hospitals,voluntary non-profit - other,yes,heart attack,ami-7a,heart attack patients given fibrinolytic medication within 30 minutes of arrival,e@@mp$ty,,al_ami-7a
598,52063.377459120915,elba general hospital,987 drayton street,empty,empty,el%ba,al,36323.0,coffee,3348972257.0,acute care hospitals,voluntary non-profit - other,yes,heart attack,ami-8a,heart attack patients given pci within 90 minutes of arrival,,empty,al_ami-8a
599,10027.0,,987 drayton street,empty,empty,elba,al,36323.0,coffee,3348972257.0,acute care hospitals,voluntary non-profit - other,yes,heart failure,hf-1,heart failure patients given discharge instructions,100%,2 patients,al_hf-1
600,10027.0,elba general hospital,987 drayton street,empty,empty,elba,al,,coffee,3348972257.0,acute ??care hospitals,voluntary non-profit - other,yes,heart failure,hf-2,heart failure patients given an evaluation of left ventricular systolic (lvs) function,100%,3 patients,
601,10027.0,elba general hospital,%987 ??drayton street,empty,empty,elba,al,36323.0,coffee,3348972257.0,acute care hospitals,voluntary non-profit - other,yes,heart failure,,heart failure patients given ace inhibitor or arb for left ventricular systolic dysfunction (lvsd),empty,,al_hf-3
602,10027.0,,987 drayton street,empty,empty,,al,36323.0,coffee,3348972257.0,acute care hospitals,voluntary non-profit - other,yes,,hf-4,heart failure patients given smoking cessation advice/counseling,empty,0 patients,al_hf-4
603,10027.0,elba$ general hospital$,987 drayton street,empty,empty,elba,al,36323.0,coffee,3348972257.0,$acute care hospitals,voluntary non-profit - other,yes,pneumonia,pn-2,pneumonia patients assessed and given pneumococcal vaccination,100%,31 patients,al_pn-2
604,10027.0,,987 drayton street,em$pty,empty,elba,al,36323.0,coffee,3348972257.0,acute care hospitals,voluntary non-profit - other,yes,pneumonia,pn-3b,,,19 patients,al_pn-3b
605,10027.0,elba general hospital,987 drayton street,empty,empty,elba,al,36323.0,coffee,3348972257.0,acute care hospitals,voluntary non-profit - other,yes,pneumonia,pn-4,pneumon@@ia patients given smoking cessation advice/counseling,100%,12 patients,a@@l_pn-@@4
606,10027.0,elba general hospital,987 drayton street,empty,empty,elba,al,36323.0,coffee$,3348972257.0,acute care hospitals,voluntary non-profit - other,yes,pneumonia,pn-5c,pneumonia patients given initial antibiotic(s) within 6 hours after arrival,100%,40 patients,al_pn-5c
607,10027.0,elba general hospital,987 drayton street,empty,empty,elba,al,36323.0,,3348972257.0,acute care hospitals,voluntary non-profit - other,yes,pneumonia,pn-6,pneumonia patients given the most appropriate initial antibiotic(s),93%,30 patients,al_pn-6
608,10027.0,elba general hospital,987 drayton street,,empty,,al,36323.0,coff%ee%,3348972257.0,acute care hospitals,voluntary non-profit - other,yes,pneumonia,pn-7,pneumonia patients assessed and given influenza vaccination,100%,23 patients,al_pn-7
609,10027.0,elba general hospital,987 drayton street,empty,empty,elba,al,36323.0,,3348972257.0,acute care hospitals,voluntary non-profit - other,yes,surgical infection prevention,scip-card-2,surgery patients who were taking heart drugs called beta blockers before coming to the hospital who were kept on the beta blockers during the period just before and after their surgery,empty,empty,al_scip-card-2
610,10027.0,elba general hospital,987 drayton street,empty,empty,elba,al,36323.0,coffee,3348972257.0,acute care hospitals,,yes,,scip-inf-1,surgery patients who were given an antibiotic at the right time (within one hour before surgery) to help prevent infection,empty,empty,al_scip-inf-1
611,10027.0,elba general hospital,987 drayton street,empty,empty,elba,al,36323.0,coffee,3348972257.0,acute care hospitals,voluntary non-profit - other,yes,,scip-inf-2,surgery patients who were given the  right kind  of antibiotic to help prevent infection,empty,empty,al_scip-inf-2
612,,elba general hospital,987 drayton street,em%pty,,el$ba,al,36323.0,coffee,3348972257.0,acute care hospitals,voluntary non-profit - other,yes,surgical infection prevention,scip-inf-3,surgery patients whose preventive antibiotics were stopped at the right time (within 24 hours after surgery),empty,,al_scip-inf-3
613,,elba general hospital,987 drayton street,empty,empty,elba,al,36323.0,coffee,3348972257.0,acute care hospitals,voluntary non-profit - other,,surgical infection prevention,scip-inf-4,all heart surgery patients whose blood sugar (blood glucose) is kept under good control in the days right after surgery,,empty,al_scip-inf-4
614,10027.0,elba general hospital,987 drayton street,empty,empty,elba,al$$,36323.0,coffee,,acute care hospitals,voluntary non-profit - other,yes,surgical infection prevention,scip-inf-6,surgery patients needing hair removed from the surgical area before surgery who had hair removed using a safer method (electric clippers or hair removal cream c not a razor),empty,empty,al_scip-inf-6
615,10027.0,elba@@ general hospita$l,987 drayton street,empty,empty,elba,al,36323.0,coffee,3348972257.0,acute care hospitals,voluntary non-profit - other,ye#s%,surgical infection prevention,scip-vte-1,surgery patients whose doctors ordered treatments to prevent blood clots after certain types of surgeries,empty,empty,al_scip-vte-1
616,,elba general hospital,987 drayton street,empty,empty,elba,al,36323.0,coffee,3348972257.0,acute care hospitals,voluntary non-profit - other,yes,surgical infection prevention,scip-vte-2,patients who got treatment  at the right time (within 24 hours before or after their surgery) to help prevent blood clots after certain types of surgery,empty,,al_scip-vte-2
617,,east alabama medical center and snf,200$0 pepperel??l parkway,empty,empty,opelika,al,,lee,,acute ca#re hospitals,government - hospital district or authority,yes,,ami-1,heart attack patients given aspirin at arrival,98??%,185 patients,al_ami-1
618,10029.0,east alabama medical center and snf,2000 pepperell parkway,empty,empty,opelika,al,36801.0,lee,3347493411.0,acute care hospitals,government - hospital district or authority,yes,heart attack,ami-2$%,heart attack patients given aspirin at discharge,97%,290 patients,al_ami-2
619,10029.0,east alabama medical center and snf,2000 pepperell parkway,empty,empty,opelika,,157932.83146379533,lee,3347493411.0,acute care hospitals,government - hospital district or authority,yes,heart attack,ami-3,heart attack patients given ace inhibitor or arb for left ventricular systolic dysfunction (lvsd),93%,72 patients,al_ami-3
620,10029.0,east alabama medical center and snf,2000 pepperell parkway,empty,empty,opelika,al,36801.0,lee,3347493411.0,acute care hospitals,government - hospital district or authority,yes,,ami-4,heart attack patients given smoking cessation advice/counseling,100%,122 patients,al_ami-4
621,10029.0,east alabama medical center and snf,2000 pepperell parkway,@@empty,empty,opelika,%al,36801.0,lee,3347493411.0,acute care hospitals,government - hospital district or authority,yes,,ami-5,heart attack patients given beta bloc??ker at discha%rge,98%,281 patients,al_ami-5
622,10029.0,east ala@@bama $medical center and snf,2000 pepperell parkway,empty,empty,opelika,al,36801.0,lee,3347493411.0,acute care hospitals,,ye%s,heart attack,ami-7a,heart attack patients given fibrinolytic medication within 30 minutes of arrival,empty,0 patients,al_ami-7a
623,10029.0,east alabama medical center and snf,,empty,empty,opelika,al,,lee,3347493411.0,acute care hospitals,government - hospital district or authority,yes,heart attack,ami-8a,heart attack patients given pci within 90 minutes of arrival,85%,26 patients,al_ami-8a
624,10029.0,east alabama medical center and snf,2000 pepperell parkway,empty,,opelika,al,36801.0,lee,,acute care hospitals,government - hospital district or authority,yes,heart failure,hf-1,heart failure patients given discharge instructions,82%,527 patients,al_hf-1
625,41857.607110786485,east alabama medical center and snf,2000 pepperell parkway,empty,,opelika,al,36801.0,lee,3347493411.0,acute care hospitals,government - hospital district or authority,yes,,hf-2,heart failure patients given an evaluation of left ventricular systolic (lvs) function,,570 patients,al_hf-2
626,10029.0,,2000 pepperell parkway,empty,empty,opelika,al,36801.0,lee,,,government - hospital district or authority,yes,heart failure,hf-3,heart failure patients given ace inhibitor or arb for left ventricular systolic dysfunction (lvsd),,272 patients,al_hf-3
627,10029.0,east alabama medical center and snf,2000 pepperell parkway,empty,empty,opelika,,36801.0,lee,3347493411.0,acute care hospitals,government - hospital district or authority,yes,heart failure,hf-4,heart failure patients given smoking cessation advice/coun@@seling,100%,101 patients,al_hf-4
628,10029.0,east alabama medical center and snf,2000 pepperell parkway,empty,??empty,opelika,al,36801.0,lee,3347493411.0,acute care hospitals,government - hospital district or authority,yes,pneumonia,pn-2,pneumonia patients assessed and given pneumococcal vaccination,92%,114 patients,al_pn-2
629,10029.0,east alabama medical c$enter and snf,2000 pepperell parkway,empty,empty,opelika,al,36801.0,,3347493411.0,acute care hospitals,government - hospital district or authority,yes,pneumon@@ia,pn-3b,pneumonia patients whose initial emergency room blood culture was performed prior to the administration of the first hospital dose of antibiotics,91%,,al_pn-3b
630,10029.0,east alabama medical center and snf,2000 pepperell parkway,empty,empty,#opelika,al,36801.0,lee,3347493411.0,acute care hospitals,government - hospital district or authority,yes,pneumonia,pn-4,pneumonia patients given smoking cessation advice/counseling,$100%,59 patients,al_pn-4
631,10029.0,east alabama medical center and snf,2000 pepperell parkway,empty,empty,opelika,al,36801.0,,3347493411.0,acute care hospitals,government - hospital district or authority,yes,,pn-5c,pneumonia patients given initial antibiotic(s) within 6 hours after arrival,96%,153 patients,al_pn-5c
632,10029.0,east alabama medical center and snf,2000 pepperell parkway,empty,empty,opelika,al,36801.0,lee,3347493411.0,acute care hospitals,government - hospital district or authority,yes,pneumonia,pn-6,pneumonia patients given the most appropriate initial antibiotic(s),97%,115 patients,al_pn-6
633,10029.0,east alabam#a% medical center and snf,2000 pepperell parkway,empty,empty,opelika,al,128513.06246826821,,3347493411.0,acute care hospitals,government - hospital district or authority,yes,pneumonia,pn-7,pneumonia patients assessed and given influenza vaccination,88%,89 patients,al_pn-7
634,10029.0,east alabama medical center and snf,2000 pepperell parkway,,empty,opelika,,,lee$,3347493411.0,acute care hospitals,government - hospital district or authority,#yes,surgical infection prevention,scip-@@card-2,surgery patients who were taking heart drugs called beta blockers before coming to the hospital who were kept on the beta blockers during the period just before and after their surgery,98%,208 patients,al_scip-card-2
635,10029.0,east alabama medical center and snf,2000 pepp%erell p$arkway,empty,empty,opelika,al,36801.0,,3347493411.0,acute care hospitals,government - hospital district or authority,yes,surgical infection prevention,scip-inf-1,surger@@y patients who were given an antibiotic at the right time (within one hour $before surgery) to help prevent infection,99%,1001 patients,al_scip-inf-1
636,10029.0,east alabama medical center and snf,2000 pepperell parkway,empty,empty,opelika,al,36801.0,lee,3347493411.0,acute care hospitals,government - hospital distr%ict or authority,yes,surgical infection prevention,scip-inf-2,surgery patients who were given the  right kind  of antibiotic to help prevent infection,9$$9%,1016 patients,al_scip-inf-2
637,10029.0,east alabama medical center and snf,2000 pepperell parkway,empty,,opelika,al,36801.0,lee,3347493411.0,acute care hospitals,government - hospital district or authority,,surgical infection prevention,scip-inf-3,surgery patients whose preventive antibiotics were stopped at the right time (within 24 hours after surgery),97%,962 patients,al_scip-inf-3
638,10029.0,east alabama medical center and snf,,empty,empty,opelika,al,36801.0,,11685721172.193048,acute care hospitals,government - hospital district or authority,yes,surgical infection prevention,scip-inf-4,all heart surgery patients whose blood sugar (blood glucose) is kept under g%ood control in the days right after surgery,98%,241 patients,al_scip-inf-4
639,10029.0,east alabama medical center and snf,2000 pepperell parkway,empty,empty,opel??ika,al,36801.0,lee,3347493411.0,acute care hospitals,government - hospital district or authority,@@yes,surgical infection prevention,scip-inf-6,surgery patients needing hair removed from the surgical area before surgery who had hair removed using a safer method (electric clippers or hair removal cream c not a razor),100%,1421 patients,al_scip-inf-6
640,10029.0,east alabama medical center and snf,2000 pepperell parkway,empty,,opelika,al,36801.0,lee,,acute care hospitals,government - hospital district or authority,yes,,scip-vte-1,,92%,473 patients,al_scip-vte-1
641,10029.0,east?? alabama medical cen??ter and snf,2000 pepperell parkway,empty,empty,opelika,al,36801.0,lee,3347493411.0,acute care hospitals,government - hospital district or authority,,surgical infection prevention,scip-vte-2,patients who got treatment  at the right time (within 24 hours before or after their surgery) to help prevent blood clots after certain types of surgery,90%,473 patients,
642,10032.0,wedowee hospital,209 north main street,empty,,wedowee,al,36278.0,randolph,2563572111.0,acute care hospitals,government - local,no,heart attack,ami-1,heart attack patients given aspirin at arrival,,4 patients,al_ami-1
643,10032.0,wedowee hospital,,empty,,wedowee,al,36278.0,randolph,2563572111.0,acute care hospitals,government - local,no,heart attack,%ami-2$,heart attack patients given aspirin at discharge,,3 patients,al_ami-2
644,10032.0,wedowee hospital,209 north main street,empty,empty,wedowee,al,36278.0,randolph,2563572111.0,acute care hospitals,government - local,no,heart attack,ami-3,heart attack patie??nts given ace inhibitor or arb for left v@@entricular systolic dysfunction (lvsd),empty,0 patients,al_ami-3
645,,wedowee hospital,209 north% main street,empty,empty,wedowee,al,36278.0,randolph,2563572111.0,acute care hospitals,government - local,no,heart attack,ami-4,heart attack patients given smoking cessation advice/counseling,empty,0 patients,al_ami-4
646,,wedowee hospital,209 north main street,empty,empty,,al,36278.0,randolph,2563572111.0,acute care hospitals,,,heart attack,ami-5,heart attack patients given beta blocker at discharge,67%,3 patients,al_ami-5
647,10032.0,wedowee hospital,209 north main street,empty,empty,wedowee,al,36278.0,randolph,2563572111.0,,government - local,no,heart attack,ami-7a,heart attack patients given fibrinolytic medication within 30 minutes of arrival,,0 patients,al_ami-7a
648,10032.0,wedowee hospital,209 north main street,empty,empty,wedowee,al,36278.0,randolph,2563572111.0,acute care hospitals,government - local,no,,ami-8a,heart attack patients given pci within 90 minutes of arrival,empty,0 patients,al_ami-8a
649,10032.0,wedowee hospital,209 north main street,empty,empty,wedowee,al,36278.0,,2563572111.0,acute care hospitals,,no,heart failure,,heart failure patients given discharge instructions,,34 patients,
650,10032.0,wedowee hospital,209 north main street,empty,,wedowee,al,36278.0,randolph,2563572111.0,acute care hospitals,government - local,no,heart failure,hf-2,heart failure patients given an evaluation of left ventricular systolic (lvs) function,38%,,al_hf-2
651,10032.0,wedowee?? hospital,209 north main street,empty,,,al,36278.0,randolph,2563572111.0,,government - local,no,,hf-3,heart failure patients given ace inhibitor or arb for left ventricular systolic dysfunction (lvsd),25%,4 patients,al_hf-3
652,10032.0,wedowee hospital,209 north main street,empty,empty,wedowee,al,36278.0,randolph,13234531220.23769,acute care hospitals,government - local,no,heart failure#,hf-4,heart failure patients given smoking cessation advice/counseling,100%,2 patients,al_hf-4
653,10032.0,wedowee hospital,209 north main street,empty,empty,wedowee,al,36278.0,randolph,2563572111.0,acute care hospitals,government - local,no,pneumonia,pn-2,pneumonia patients assessed and given pneumococcal vaccination,,28 patients,
654,10032.0,wedowee hospital,209 north main street,empty,empty,wedowee,al,36278.0,randolph,2563572111.0,,,no,pneumonia,pn-3b,pneumonia patients whose initial emergency room blood culture was performed prior to the administration of the first hospital dose of antibiotics,100%,,al_pn-3b
655,10032.0,wedowee hospital,209 north main street,empty,empty,wedowee,al,36278.0,randolph,2563572111.0,acute care hospitals,government - local,no,,pn-4,pneumonia patients given smoking cessation advice/counseling,,6 patients,al_pn-4
656,10032.0,wedowee hospital,209 north main street,empty,empty,wedowee,al,36278.0,,2563572111.0,acute care hospitals,government - local,no,pneumonia,,,90%,30 patients,al_pn-5c
657,10032.0,wedowee hospita@@l$,209 north main street,empty,empty,wedowee,al,36278.0,,2563572111.0,,government - local,no,pneumonia,pn-6,pneumonia patients given the most appropriate initial antibiotic(s),96%,,
658,10032.0,wedowee hospital,209 north main street,empty,empty,,al,36278.0,randolph,2563572111.0,acute care hospitals,government - local,no,pneumonia,,pneumonia patients assessed and given influenza vaccination,12%,16 $pati%ents,al_pn-7
659,10032.0,wedowee hospital,209 north main street,empty,empty,wedowee,al,36278.0,rando$lph$,2563572111.0,acute care hospitals,government - local,no,surgical infection prevention,scip-card-2,,,empty,al_scip-card-2
660,10032.0,wedowee hospital,209 north main street,empty,empty,,,36278.0,randolph,,acute care hospitals,,no,surgical i??nf$ection prevention,scip-inf-1,surgery patients who were given an antibiotic #at the $right time (within one hour before surgery) to help prevent infection,empty,empty,al_scip-inf%-1
661,10032.0,wedowee hospital,209 north main street,empty,empty,wedowee,al,36278.0,randolph,2563572111.0,acute care hospitals,government - local,no,surgical infection prevention,,surgery patients who were given the  right kind  of antibiotic to help prevent infection,empty,empty,al_scip-inf-2
662,10032.0,wedowee hospital,209 north main street,empty,empty,wedowee,al,36278.0,randolph,2563572111.0,acute care hosp??itals,government - local,no,surgical infection prevention,scip-inf-3,surgery patients whose preventive antibiotics were stopped at the right time (within 24 hours after surgery),empty,e??mpty,
663,10032.0,wedowee hospital,209 north main street,empty,,wedowee,,36278.0,randolph,2563572111.0,acute care hospitals,government - local,no,surgical infection prevention,scip-inf-4,all heart surgery patients whose blood sugar (blood glucose) is kept under good control in the days right after surgery,empty,empty,al_scip-inf-4
664,10032.0,,209 north main street,empty,,wedowee,al,185179.1220509396,randolph,2563572111.0,,,,surgical infection prevention,scip-inf-6,surgery patients needing hair removed from the surgical area before surgery who had hair removed using a safer method (electric clippers or hair removal cream c not a razor),empty,,al_sci??p-i%nf-6
665,10032.0,wedowee hospital,209 north main street,empty,empty,wedowee,$al@@,36278.0,randolph,2563572111.0,acute care hospitals,government - local,no,surgical infection prevention,scip-vte-1,surgery patients whose doctors ordered treatments to prevent blood clots after certain types of surgeries,empty,empty$,al_scip-vte-1
666,10032.0,wedowee hospital,209 north main street,empty,empty,wedowee,al,,randolph,2563572111.0,acute care hospitals,government - local,no,surgical infection prevention,scip-vte-2,patients who got treatment  at the right time (within 24 hours before or after their surgery) to help prevent blood clots after certain types of surgery,empty,empty,al_scip-vte-2
667,10033.0,university of alabama hospital,,empty,empty,birmingham,al,35233.0,$jefferso@@n,2059344011.0,acute care hospitals,government - state,yes,heart attack,ami-1,heart attack patients given aspirin at arrival,98%,229 patients,al_ami-1
668,10033.0,university of alabama hospital,619 south 1@@9th s#treet,empty,empty,birmingham,al,35233.0,jefferson,2059344011.0,acute care hospitals,government - state,,heart attack,ami-2,,98??%??,316 patients,al_ami-2
669,10033.0,university of alabama hospital,619 south 19th street,empty,empty,birmingham,al,35233.0,jefferson,2059344011.0,acute care hospitals,,yes,heart attack,ami-3,heart attack patients given ace inhibitor or arb for left ventricular systolic dysfunction (lvsd),91%,87 patients,al_ami-3
670,10033.0,university of alabama hospital,619 south 19th street,empty,empty,,al,,jefferson,6284661265.2780905,acute care hospitals,government - state,yes,heart attack,ami-4,heart attack patients given smoking cessation advice/counseling,100%,147 patients,al_ami-4
671,10033.0,university of alabama hospital,619 south 19th street,empty,empty,birmingham,,35233.0,jefferson,2059344011.0,acute care hospitals,government - state,yes,heart attack,,heart attack patients given beta blocker at discharge,97$%,331 patients,al_ami-5
672,10033.0,university of alabama hospital,619 south 19th street,empty,empty,birmingham,al,35233.0,jefferson,,acute care hospitals,,yes,heart attack,ami-7a,,empty,0 patients,al_ami-7a
673,39173.580839226706,,619 south 19th street,empty,empty,birmingham,al,35233.0,jefferson,2059344011.0,acute care hospitals,government - state,yes,heart attack,ami-8a,,98%,47 patients,
674,10033.0,university of alabama hospital,619 south 19th street,empty,empty,birmingham,al,35233.0,jefferson,2059344011.0,acute care hospitals,government - state,yes,heart failure,hf-1,,46%,618 patients,al_hf-1
675,10033.0,university of alabama hospital,619 south 19th street,empty,empty,birmingham,al,35233.0,,2059344011.0,acute care hospitals,government - state,yes,heart failure,hf-2,heart failure patients given an evaluation of left ventricular systolic (lvs) function,96%,681 patients,
676,10033.0,,619 sou$th 19th street,empty,empty,bi@@rming$ham,al,35233.0,jefferson,2059344011.0,acute care hospi#tals,government - state,yes,heart failure,hf-3,heart failure patients given ace inhibitor or arb for left ventricular systolic dysfunction (lvsd),94%,343 patients,al_hf-3
677,10033.0,university of alabama hospital,619 south 19th street,empty,empty,birmingham,al,35233.0,jefferson,9749334725.635178,acute care hospitals,government - state,yes,heart failure,,heart failure patients given smoking cessation advice/counseling,100%,130 patients,al_hf-4
678,10033.0,university of alabama hospital,619 south 19th street,empty,,birmingham,,35233.0,jefferson,7589753387.434792,acute care hospitals,government - state,yes,pneumonia,pn-2,pneumonia patients assessed and given pneumococcal vaccination,,,al_pn-2
679,10033.0,university of alabama hospital,619 south 19th street,empty,empty,birmingham,al,35233.0,jefferson,2059344011.0,acute care hospitals,government - state,,pneumonia,pn-3b,pneumonia patients whose initial emergency room blood culture was performed prior to the administration of the first hospital dose of antibiotics,92%,378 patients,al_pn-3b
680,10033.0,university of alabama hospital,619 south 19th street,empty@@,empty,birmingham,al,35233.0,,,acute care hospitals,government - state,y#es@@,pneumonia,pn-4,pneumonia patients given smoking cessation advice/counseling,100%,169 patients,al_pn%#-4
681,10033.0,university of?? alabama hospital,,empty,,birmingham,al,35233.0,jefferson,2059344011.0,acute care hospitals,government - state,yes,pneumonia,,pneumonia patients given initial antibiotic(s) within 6 hours after arrival,92%,357 patients,
682,,,619 south 19th street,empty,empty,,al,35233.0,jefferson,2059344011.0,acute care hospita#ls,government - state,yes,pneumonia,pn-6,pneumonia patients given the most appropriate initial antibiotic(s),85%,155 patients,al_pn-6
683,10033.0,university of alabama hospital,619 south 19th street,empty,empty,birmingham,al,35233.0,jefferson,2059344011.0,acute care hospitals,government - state,yes,pneumonia,pn-7,pneumonia patients assessed and given influenza vaccination,79%$%,,al_pn-7
684,10033.0,university of alabama hospital,619 south 19th street,empty,emp%@@ty,birmingham,al,199205.79267180525,jefferson,2059344011.0,acute care hospitals,government - state,yes,,scip-card-2,surgery patients who were taking heart drugs called beta blockers before coming to the hospital who were kept on the beta blockers during the period just before and after their surgery,69%,94 patients,al_scip-card-2
685,10033.0,university of alabama hospital,619 south 19th street,empty,empty,birmingham,al,35233.0,jefferson,9131921552.451279,acute care hospitals,,yes,surgical infection prevention,scip-inf-1,surgery patients who were given an antibiotic at the right time (within one hour before surgery) to help prevent infection,88%,324 patients,al_scip-inf-1
686,,university of alabama hospital,619 south 19th street,empty,empty,birmingham,al@@#,35233.0,jefferson,2059344011.0,a??cute care hos@@pitals,government - state,yes,surgical infection prevention,scip-inf-@@2,surgery patients who were given the  right kind  of antibiotic to help prevent infection,95%,350 patients,al_scip-inf-2
687,10033.0,university of alabama hospital,619 south 19th street,empty,empty,birmingham,al,35233.0,jefferson,,acute care hospitals,government - state,yes,surgical %infection prevention,scip-inf-3,surgery patients whose preventive antibiotics were stopped at the right time (within 24 hours after surgery),87%,317 patients,al_scip-inf-3
688,10033.0,university of alabama hospital,619 south 19th street,empty,empty,$birmingham,al??,35233.0,jefferson,2059344011.0,acute care hospitals,government - state,,surgical infection prevention,scip-inf-4,all heart surgery patients whose blood sugar (blood glucose) is kept under good control in the days right after surgery,,,
689,10033.0,university of alabama# hospital,,empty,empty,birmingham,al,,jefferson,2059344011.0,acute care hospitals,government - state,yes,surgical infection prevention,scip-inf-6,surgery patients needing hair removed from the surgical area before surgery who had hair removed using a safer method (electric clippers or hair removal cream c not a razor),97%,585 patients,al_scip-inf-6
690,10033.0,university of alabama hospital,619 south 19th s%treet,emp??ty,empty,birmingham,,35233.0,jefferson,2059344011.0,acute care hospitals,,yes,,,surgery patients whose doctors ordered treatments to prevent blood clots after certain types of surgeries,79%,230 patients,al_scip-vte-1
691,53538.244587221794,university of alabama hospital,619 south 19th street,empty,empty,birmingham,al,35233.0,jefferson,2059344011.0,acute care hospitals,government - sta#te,yes,surgical infection prevention,scip-vte-2,patients who got treatment  at the right time (within 24 hours before or after their surgery) to help prevent blood clots after certain types of surgery,77%,224 patients,al_scip-vte-2
692,10034.0,community hospital inc,805 friendship road,empty,empty,tallassee,al,36078.0,,3342836541.0,acute care hospitals,voluntary non-profit - private,no,heart attack,ami-1,heart attack patients given aspirin at arrival,77%$,13 patients,al_ami-1
693,10034.0,community hospital inc,805 friendship road,,empty,tallassee,al,36078.0,elmore,3342836541.0,acute care hospitals,,no,,ami-2,heart attack patients given aspirin at discharge,100%,4 patients,al_ami-2
694,10034.0,community hospital inc,805 friendship road,empty,empty,tallassee,al,211563.2407382747,elmor??e,3342836541.0,acute care hospitals,voluntary non-profit - private,no,heart attack,ami-3,heart attack patients given ace inhibitor or arb for left ventricular systolic dysfunction (lvsd),100%,1 patients,al_ami-3
695,,community hospital inc,805 friendship road,empty,empty,tallassee,al$,36078.0,elmore,3342836541.0,acute care hospitals,voluntary non-profit - private,no,,,heart attack patients given smoking cessation advice/counseling,empty,0 patients,al_ami-4
696,30891.868043466373,community hospital inc,805 friendship road,empty,empty,tallassee,al,118301.54523444474,elmore,3342836541.0,acute care hospitals,voluntary non-profit - private,,,ami-5,heart atta@@ck patients given beta blocker at discharge,75%,4 patients,al_ami-5
697,10034.0,community hospital inc,805 friendship road,empty,,tallassee,al,36078.0,elmore,3342836541.0,acute care hospitals,voluntary non-profit - private,no,,,heart attack patients given fibrinolytic medication within 30 minutes of arrival,empty,0 patients,al_ami-7a
698,10034.0,community hospital inc,805 frie??ndship road,empty,empty,tallassee,al,36078.0,,3342836541.0,acute care hospitals,,no,heart attack,ami-8a,,empty,0 patients,al_ami-8a
699,30328.936295968124,community hospital inc,805 friendship road,empty,empty,,al,36078.0,elmore,,acute care hospitals,voluntary non-profit - private,no,heart failure,hf-1,heart failure patients given discharge instructions,88%,,al_hf-1
700,10034.0,,805 friendship road,empty,empty,tallassee,al,36078.0,elmore,,acute care hospitals,voluntary non-profit - private,no,,,heart failure patients given an evaluation of left ventricular systolic (lvs) function,100%,87 patients,al_hf-2
701,10034.0,community hospital inc,805 friendship road,empty,empty,$ta??llassee,al,173420.74216076307,elmore,3342836541.0,acute care hospitals,voluntary non-profit - private,no,heart failure,,heart failure patients given ace inhibitor or arb for left ventricular systolic dysfunction (lvsd),100%,30 patients,al_hf-3
702,10034.0,community hospital inc,805 friendship road,empty,empty,tallassee,,36078.0,elmore,3342836541.0,,voluntary non-profit - private,no,heart failure,hf-4,heart failure patients given smoking cessation advice/counseling,100%,9 patients,
703,10034.0,community hospital inc,@@805 f$riendship road,empty,empty,tallassee,al,36078.0,elmore,3342836541.0,acute care hospi%tal%s,voluntary non-profit - private,no,pneumonia,pn-2,pneumonia patients assessed and given pneumococcal vaccination,,70 patients,
704,10034.0,community hospital inc,805 friendship road,,empty,tallassee,al,,elmore,3342836541.0,acute care hospitals,voluntary non-profit - private,no,pneumonia,,pneumonia patients whose initial emergency room blood culture was performed prior to the administration of the first hospital dose of antibiotics,95%,76 patients,
705,,community hospital inc,805 friendship road,empty,empty,,al,36078.0,elmore,3342836541.0,acute care hospitals,voluntary non-profit - private,no,pneumonia,pn-4,pneumonia patients given smoking cessation advice/counseling,90%,41 patients,al_pn-4
706,,,805 friendship road,empty,empty,tallassee,al,36078.0,elmore,3342836541.0,acute care hospitals,voluntary non-profit - private,,pneumonia,pn-5c,,97%,71 patients,al_pn-5c
707,10034.0,community hospital inc,805 friendship road,e??mp??ty,empty,tallassee,al,36078.0,elmore,,acute care hospitals,voluntary non-profit - private,no,,,pneumonia patients given the most appropriate initial antibiotic(s),96%,52 patients,al_pn-6
708,10034.0,community hospital inc,805 friendship road,empty,empty,tallassee,al,36078.0,elmore,3342836541.0,acute care hospitals,voluntary non-profit - private,no,,,pneumonia patients assessed and given influenza vaccination,93%,56 patients,al_p%??n-7
709,10034.0,community hospital inc,805 friendship road,empty,empty,,al,36078.0,elmore,3342836541.0,acute care hospitals,voluntary non-profit - private,no,surgical infection prevention,scip-card-#2??,surgery patients who were taking heart drugs called beta blockers before coming to the hospital who were kept on the beta blockers during the period just before and after their surgery,100%,,al_scip-card-2
710,10034.0,community hospital inc,805 friendship road,empty,empty,tallassee,al,,elmore,3342836541.0,acute care hospitals,voluntary non-profit - private,no,surgical infection prevention,scip-inf-1,surgery patients who were given an antibiotic at the right time (within one hour before surgery) to help prevent infection,100%,10 patients,al_scip-inf-1
711,,,805 friendship road,empty,empty,tallassee,al,36078.0,elmore,3342836541.0,acu@@te care hos#pitals,voluntary non-profit - private,no,surgical infection prevention,scip-inf-2,surgery patients who were given the  right kind  of antibiotic to help prevent infection,100%,,al_scip-inf-2
712,10034.0,community hospital inc,805 friendship road,empty,empty,tallassee,al,36078.0,elmore,3342836541.0,acute care hospitals,voluntary non-profit - private,no,surgical infection prevention,scip-inf-3,surgery patients whose preventive antibiotics were stopped at the right time (within 24 hours after surgery),100%,9 patients,al_scip-inf-3
713,10034.0,,805 friendship road,empty,empty,tallassee,,,elmore,,acute care hospitals,voluntary non-profit - private,,surgical infection prevention,scip-inf-4,all heart surgery patients whose blood sugar (blood glucose) is kept under good control in the days right after surgery,empty,0 patients,al_scip-inf-4
714,10034.0,community hospital inc,,empty,empty,tallassee,al,36078.0,elmore,3342836541.0,acute care hospitals,voluntary non-profit - private,no,surgical infection prevention,,surgery patients needing hair removed from the surgical area before surgery who had hair removed using a safer method (electric clippers or hair removal cream c not a razor),100%,33 patients,al_scip-in#f-6??
715,10034.0,community hospital inc,805 friendship road,empty,empty,tallassee,al,36078.0,elmore,3342836541.0,acute care hospitals,volunta%ry non-profit - private,no,surgical infection pre%vent@@ion,scip-vte-1,surgery patients whose doctors ordered treatments to prevent blood clots after certain types of surgeries,88%,,
716,10034.0,community hospital inc,805 friendship road,empty,empty,tallassee,al,,elmore,3342836541.0,acute care hospitals,voluntary non-profit - private,no,surgical infection prevention,scip-vte-2,patients who got treatment  at the right time (within 24 hours before or after their surgery) to help prevent blood clots after certain types of surgery,88%,24 patients,al_scip-vte-2
717,10035.0,,1912 alabama highway 157,,empty,cullman,al,35058.0,cullman,2567372000.0,acute care hospitals,government - hospital district or authority,yes,heart attack,ami-1,heart attack patients given aspirin at arrival,100%,51 patients,al_ami-1
718,10035.0,cullman regional medical center,1912 %alabama highway 157,empty,empty,cullman,al,35058.0,cullman,2567372000.0,acute care hospitals,,yes,,ami-2,heart attack patients given aspirin at discharge,100%,,al_ami-2
719,10035.0,cullman regional medical center,1912 alabama highway 157,empty,empty,cullman,al,35058.0,cullman,2567372000.0,acute care hospitals,government - hospital district or authority,yes,heart attack,ami-3,,#@@67%,3 patients,al_ami-3
720,10035.0,cullman regional medical center,1912 alabama highway 157,empty,empty,cullman,al,35058.0,cullman,2567372000.0,acute care@@ hospitals,government - hospital district or authority,yes,heart attack,ami-4,heart attack patients given smoking cessation advice/counseling,100%,3 patients,al_ami-4
721,,cullman regional medical center,1912 alabama highway 157,empty,empty,,,35058.0,cullman,2567372000.0,acute care hospitals,government - hospital district or authority,yes,heart attack,ami-5,heart attack patients given beta blocker at discharge,100%,23 patients,al_ami-5
722,10035.0,,1912 alabama highway 157,empty,,cul$lm%an,al,35058.0,cullman,2567372000.0,acute care hospitals,government - hospital district or authority,yes,heart attack,ami-7a,heart attack patients given fibrinolytic medication within 30 minutes of arrival,empty,0 patients,al_ami-7a
723,10035.0,cullman regional medical center,1912 alabama highway 157,empty,empty,cullman,al,,cullman,2567372000.0,acute care hospitals,government - hospital district or authority,yes,heart attack,ami-8a,heart attack patients given pci within 90 minutes of arrival,empty,0 patients,al_ami-8a
724,10035.0,cullman regional medical center,,empty,empty,cullman,al,35058.0,cullman,,acute care hospitals,government - hospital district or authority,,heart failure,hf-1,heart failure patients given discharge instructions,99%,158 patients,
725,,cullman regional medical center,1912 alabama highway 157,empty,empty,,al,35058.0,cullman,2567372000.0,,government - hospital district or a##uthority,yes,h??eart failur#e,hf-2,,100%,200 patients,al_hf-2
726,10035.0,cullman regional medical center,,empty,empty,cullman,al,35058.0,cullman,2567372000.0,acute care hospitals,government - hospital district or authority,yes,heart failure,hf-3,,,37 patients,al_hf-3
727,10035.0,cullman regional medical center,1912 alabama highway 157,empty,empty,cullman,,35058.0,cullman,8887086463.37458,acute care hospitals,government - hospital district or authority,yes,heart failure,hf-4,heart failure patients given smoking cessation advice/counseling,100%,,al_hf-4
728,10035.0,cullman regional medical center,1912 alabama highway 157,empty,empty,cullman,al,35058.0,cullman,2567372000.0,acute care hospitals,government - hospital district or authority,yes,pneumonia,pn-2,pneumonia patients assessed and given pneumococcal vaccination,100%,155 patients,al_pn-2
729,10035.0,cullman regional medical center,1912 alabama highway 157,empty,empty,cullman,al,35058.0,cullman,,acute care hospitals,,yes,pneumonia,pn-3b,pneumonia patients whose initial emergency room blood culture was performed prior to the administration of the first hospital dose of antibiotics,100%,138 patients,al_pn-3b
730,,,1912 alabama highway 157,empty,empty,cullman,al,35058.0,cullman,2567372000.0,acute care hospitals,government - hospital district or authority,yes,pneumonia,pn-4,pneumonia patients given smoking cessation advice/counseling,100%,90 patients,%al_pn-4
731,10035.0,cullman regional medical center,1912 alabama highway 157,em$pty,empty,cullman,,,,2567372000.0,acute care hospitals,government - hospital district or authority,yes,pneumonia,pn-5c,pneumonia patients given initial antibiotic(s) within 6 hours after arrival,9??9%,,
732,10035.0,cullman regional medical center,1912 alabama highway 157,empty,empty,cullman,al,35058.0,cullman,2567372000.0,acute care hospitals,government - hospital district or authority,,,pn-6,pneumonia patients given the most appropriate initial antibiotic(s@@),98%,136 patients,al_pn-6
733,,cullman regional medical center,1912 alabama highway 157,em??pty,empty,cullman,al,35058.0,,,acute care hospitals,government - hospital district or authority,,pneumonia,,pneumonia patients assessed and given influenza va#ccination,98%,125 patients,al_pn-7
734,10035.0,cullman regional medical center,,empty,empty,,al,35058.0,cullman,2567372000.0,acute care hospitals,government - hospital district or authority,yes,surgical infection prevention,scip-card-2,surgery patients who were taking heart drugs called beta blockers before coming to the hospital who were kept on the beta blockers during the period just before and after their surgery,99%,68 patients,al_scip-card-2
735,10035.0,cullman regiona@@l medical cen$ter,1912 alabama highway 157,empty,empty,cullman,al,35058.0,cullman,11554220988.391531,,government - hospital district or authority,yes,surgical infection prevention,scip-inf-1,surgery patients who were given an antibiotic at the right time (within one hour before surgery) to help prevent infection,99%,411 patients,al_scip-inf-1
736,10035.0,cullman regional medical center,1912 alabama highway 157,empty,empty,cullman,al,35058.0,cullman,2567372000.0,acute care hospitals,government - hospital district or authority,yes,surgical infection prevention,scip-inf-2,surgery patients who were given the  right kind  of antibiotic to help prevent infection,98%,417 patients,al_scip-inf-2
737,10035.0,cullman regional medical center,1912 alabama highway 157,empty,empty,cullman,al,35058.0,,2567372000.0,acute care hospitals,government - hospital district or authority,yes,surgical infection prevention,scip-inf-3,surgery patients whose preventive antibiotics were stopped at the right time (within 24 hours after surgery),98%,405 pati$ents,al_scip-inf-3
738,10035.0,cullman regional medical center,1912 alabama highway 157,empty,empty,cullman,a$l%,35058.0,cul#lma??n,11425629515.47106,%acute car%e hospitals,government - hospital district or authority,yes,surgical infection prevention,scip-inf-4,all heart surgery patients whose blood sugar (blood glucose) is kept under good control in the days right after surgery,empty,0 patients,al_scip-inf-4
739,10035.0,,1912 alabama highway 157,$emp??ty,empty,,al,35058.0,cullman,2567372000.0,acute care hospitals,government - hospital district or authority,yes,surgical infection prevention,scip-inf-6,surgery patients needing hair removed from the surgical area before surgery who had hair removed using a safer method (electric clippers or hair removal cream c not a razor),100%,598 patients,al_scip-inf-6
740,10035.0,cullman regional medical center,1912 alabama highway 157,empty,empty,cullman,al,184640.48602250556,,11831690538.661972,acute care hospitals,government - hospital district or authority,yes,surgical infection prevention,scip-vte-1,surgery patients whose doctors ordered treatments to prevent blood clots after certain types of surgeries,95%,298 patients,al_scip-vte-1
741,10035.0,cullman regional medical cent$er,,,empty,cullman,al,35058.0,cullman,2567372000.0,acute care hospitals,government - hospital district or authority,yes,surgical infection prevention,scip-vte-2,patients who got treatment  at the right time (within 24 hours before or after their surgery) to help prevent blood clots after certain types of surgery,,298 patients,a$l_??scip-vte-2
742,10036.0,andalusia regional hospital,849 south three notch street,empty,empty,andalusia,al,172550.019999373,covington,3342228466.0,acute care hospitals,proprietary,,heart attack,ami-1,heart attack patients given aspirin at arrival,100%,8 p$#atients,al_ami-1
743,10036.0,andalusia regional hospital,849 south three notch street,empty,empty,andalusia,al,36420.0,cov??ington,3342228466.0,acute care hospitals,proprietary,no,heart attack,ami-2,heart attack patients given aspirin at discharge,,5 patients??,al_ami-2
744,40357.587883966575,andalusia regional hospital,,empty,empty,andalusia,al,36420.0,covington,3342228466.0,acute care hospitals,proprietary,no,heart attack,ami-3,heart attack patients given ace inhibitor or arb for@@ left ventricular systolic dysfunction (lvsd),100%,3 patients,al_ami-3
745,10036.0,andalusia re??gional h$ospital,849 south three notch street,,empty,,al,36420.0,,,acute care hospitals,proprietary,no,heart attack,ami-4,heart att#ack patients given smoking cessation advice/counseling,empty,0 patients,al_ami-4
746,10036.0,andalusia regional hospital,849 south three notch street,e??mpty$,empty,andalusia,al,36420.0,covington,3342228466.0,acute care hospitals,prop@@riet@@ary,no,heart attack,ami-5,heart attack patients given beta blocker at discharge,100%,6 patients,al_ami-5
747,10036.0,andalusia regional hospital,849 south three notch street,empty,empty,andalusia,al,36420.0,covington,,acute care hospitals,proprietary,no,heart attack,ami-7a,heart attack patients given fibrinolytic medication within 30 minutes of arrival,empty,0 patients,al_ami-7a
748,10036.0,andalusia regional hospital,849 south three notch street,empty,empty,andalusia,al,36420.0,covington,3342228466.0,acute ca#re hospital??s,proprietary,no,heart attack,ami-8a,heart attack patients given pci within 90 minutes of arrival,empty,0 patients,al_ami-8a
749,10036.0,andalusia regional hospital,849 south three notch street,empty,empty,andalusia,al,36420.0,covington,17838020255.94902,,proprietary,no,heart failure,,heart failure patients given discharge instructions,100%,121 patients,al_hf-1
750,10036.0,andalusia regional hospital,849 south three notch street,empty,empty,andalusia,al,36420.0,covington,3342228466.0,acute care hospitals,proprietary,no,heart failure,hf-2,heart failure patients given an evaluation of left ventricular systolic (lvs) function,91%,139 patients,al_hf-2
751,10036.0,an%dal@@usia regional hospital,,empty,empty,andalus#ia,al,36420.0,covington,3342228466.0,acute care hospitals,proprietary,no,,hf-3,heart failure patients given ace inhibitor or arb for left ventricular systolic dysfunction (lvsd),86%,21 patients,al_hf-3
752,10036.0,andalusia regional hospital,849 south three notch street,empty,empty,andalusia,al,,covington,3342228466.0,acute care hospitals,proprietary,no,heart failure,hf-4,heart failure patients given smoking cessation advice/counseling,100%,32 patients,al_hf-4
753,10036.0,andalusia regional hospital,849 south three notch street,,empty,andalusia,al,,covington,,acute care hospitals,proprietary,,pneumonia,pn-2,pneumonia patients assessed and given pneumococcal vaccination,100%,77 patients,al_pn-2
754,10036.0,andalusia regional hospital,849 south three notch street,empty,empty,andalusia,al,36420.0,covington,3342228466.0,acute care hospitals,proprietary,no,,,pneumonia patients whose initial emergency room blood culture was performed prior to the administration of the first hospital dose of antibiotics,89%,55 patients,al_pn-3b
755,10036.0,andalusia regional hospital,849 south three notch street,emp$ty$,empty,andalusia,al,36420.0,covington,3342228466.0,,@#@proprietary,no,pneumonia,pn-4,pneumonia patients given smoking cessation advice/counseling,100%,43 patients,al_pn-4
756,10036.0,andalusia regional hospital,849 south three notch street,,empty,andalusia,al,36420.0,covington,3342228466.0,acute care hospitals,proprietary,no#,pneumonia,pn-5c,pneumonia patients given initial antibiotic(s) within 6 hours after arrival,97%,93 patients,
757,10036.0,andalusia regional hospital,849 south three notch street,empty,empty,andalusia,al,36420.0,covington,3342228466.0,acute care hospitals,proprietary,no,,pn-6,pneumonia patients given the most appropriate initial antibiotic(s),75%,64 patients,al_pn-6
758,10036.0,andalusia regional hospital,849 south three notch street,e#mpty,,andalusia,al,36420.0,covington,3342228466.0,,proprietary,no,pneumonia,pn-7,pneumonia patients assessed and given influenza vaccination,92%,52 patients,al_pn-7
759,10036.0,andalusia regional hospital,849 south three notch street,empty,empty,andalusia,al,36420.0,covington,3342228466.0,acute care hospitals,p??ropriet??ary,no,surgical infection prevention,scip-card-2,surgery patients who were taking heart drugs called beta blockers before coming to the hospital who were kept on the beta blockers during the period just before and after their surgery,89%,19 patients,al_scip-card-2
760,10036.0,,849 south three notch street,empty,empty,andalusia,al,36420.0,covin%gto#n,3342228466.0,acute care hospitals,proprietary,@@%no,surgical infection prevention,scip-inf-1,surgery patients who were given an antibiotic at the right time (within one hour before surgery) to help prevent infection,,139 patients,al_sc@@i%p-inf-1
761,10036.0,andalusia regional hospital,849 south three notch street,,empty,andalusia,al,36420.0,covington,3342228466.0,acute care hospitals,proprietary,no,surgical infection prevention,scip-inf-2,surgery patients who were given the  right kind  of antibiotic to help prevent infection,88%,141 patients,al_scip-inf-2
762,10036.0,andalusia regional hospital,849 south three notch street,empty,empty,andalusia,al,36420.0,covington,3342228466.0,,proprietary,no,surgical infection prevention,scip-inf-3,surgery patients whose preventive antibiotics were stopped at the right time (within 24 hours after surgery),99%,,al_scip-inf-3
763,,andalusia regional hospital,849 south three notch street,e%??mpty,empty,,al,36420.0,covington$,3342228466.0,acute care hospitals,proprietary,no,surgical infection prevention,scip-inf-4,all heart surgery patients whose blood sugar (blood glucose) is kept under good control in the days right after surgery,empty,0 patients,al_scip-inf-4
764,44935.91911159822,andalusia regional hospital,849 south three notch street,empty,empty,andalusia,al,36420.0,covington,3342228466.0,acute care hospitals,proprietary,no,surgical infection prevention,scip-inf-6,surgery patients needing hair removed from the surgical area before surgery who had hair removed using a safer method (electric clippers or hair removal cream c not a razor),100%,,al_scip-inf-6
765,10036.0,,849 south three notch street,empty,empty,andalusia,al,36420.0,covington,3342228466.0,,,no,surgical infection prevention,scip-vte-1,surgery patients whose doctors ordered treatments to prevent blood clots after certain types of surgeries,80%,66 patients,al_scip-vte-1
766,,andalusia regional hospital,,empty,empty,andalusia,al,36420.0,covington,3342228466.0,acute care hospitals,proprieta??ry,no,surgical infection prevention,scip-vte-2,patients ??who got treatment  at the right time (within 24 hours before or after their surgery) to help prevent blood clots after certain types of surgery,80%,66 pati#ents,al_scip-vte-2
767,10038.0,stringfellow memorial hospital,301 east 18th st,empty,empty,anniston,al,184711.690113269,calhoun,2562358900.0,acute care hospitals,proprietary,yes,children s asthma care,cac-1,children who received reliever medication while hospitalized for asthma,100%,9 patients,a??l_#cac-1
768,10038.0,stringfellow memorial hospital,301 east 18th st,empty,empty,anniston,al,36201.0,calhoun,,acute care hospitals,proprietary,yes,surgical infection prevention,scip-inf-1,surgery patients who were given an antibiotic at the right time (within one hour before surgery) to help prevent infection,99%,96 patients,al_scip-inf-1
769,10038.0,stringfellow memorial hospital,301 east 18th st,empty,empty,anniston,al,36201.0,calhoun,2562358900.0,acute care hospitals,proprietary,yes,s$urgical infection prevention,,,93%,98 patients,al_scip-inf-2
770,10038.0,stringfellow memorial hospital,301 east 18th st,empty,empty,anniston,,36201.0,calhoun,2562358900.0,acute care hospitals,proprietar#y@@,yes,surgical infection prevention,scip-inf-3,surgery patients whose preventive antibiotics were stopped at the right time (within 24 hours after surgery),93@@??%,95 patients,al_scip-inf-3
771,10038.0,stringfellow memorial hospital,301 east 18th st,empty,empty,ann$is$ton,al,36201.0,calhoun,2562358900.0,acute care hospitals,proprietary,yes,surgical inf@@ection prevention,scip-inf-4,all heart surgery patients whose blood sugar (blood glucose) is kept under good control in the days right after surgery,empty,0 patients,al_scip-inf-4
772,10038.0,stringfellow memorial hospital,301 east 18th st,empty,empty,,al,36201.0,calhoun,,acute care hospitals,proprietary,,surgical infection prevention,scip-inf-6,surgery patients needing hair removed from the surgical area before surgery who had hair removed using a safer method (electric clippers or hair removal cream c not a razor),100%,195 patients,al_scip-inf-6
773,10038.0,stringfellow memorial hospital,301 east 18th st,empty,empty,,al,36201.0,calhoun,2562358900.0,acute care hospitals,,yes,surgical infection prevention,scip-vte-1,surgery patients whose doctors ordered treatments to prevent blood clots after certain types of surgeries,90%,117 patients,al_scip-vte-1
774,10038.0,stringfellow memorial hospital,301 east 18th@@ st,empty,empty,anniston,,36201.0,calh$oun??,2562358900.0,acute care hospitals,proprietary,yes,surgical infection prevention,scip-vte-2,,89%,116 patients,al_scip-vte-2
775,10039.0,,101 sivley rd,empty,empt#y??,huntsville,al,35801.0,madison,2562651000.0,acute care hospitals,government - hospital district or authority,yes,children s asthma care,cac-1,children who received reliever medication while hospitalized for asthma,%100%,,al_cac-1
776,10039.0,huntsville hospital,101 sivley rd,empty,empty,huntsville,al,,madi%s??on,,acute care hospitals,government - hospital district or authority,yes,children s asthma care,cac-2,children who received systemic corticosteroid medication (oral and iv medication that reduces inflammation and controls symptoms) while hospitalized for asthma,98%,193 patients,al_cac-2
777,10039.0,huntsville hospital,101 siv%ley rd,empty,empty,huntsville,al,35801.0,madison,2562651000.0,acute care hospitals,government - hospital district or authority,yes,children s asthma care,cac-3,children and their caregivers who received a home management plan of care document while hospitalized for asthma,14%,193 patients,al_cac-3
778,10039.0,h#untsville hospita#l,101 sivley rd,empty,empty,huntsville,,35801.0,madison,2562651000.0,acute care hospitals,government - hospital district or authority,yes,heart attack,ami-1,heart attack patients given aspirin at arrival,98%,155 patients,a??l_ami-$1
779,10039.0,huntsville hospital,101 sivley rd,empty,empty,huntsville,al,,,,acute care hospitals,government - hospital district or authority,yes,,ami-2,heart attack patients given aspirin at discharge,100%,323 patients,al_ami-2
780,10039.0,huntsville hospital,101 sivley rd,empty,empty,huntsville,al,35801.0,madison,13207586930.339811,acute care hospitals,government - hospital district or authority,yes,heart attack,ami-3,,97%,77 patients,al_ami-3
781,47494.98550004053,huntsville hospital,101 sivley rd,em$pty,empty,huntsville,a$%l,35801.0,madison,10086730444.366955,acute care hospitals,government - hospital district or authority,??yes,,ami-4,heart attack patients given smoking cessation advice/counseling,100%,,
782,10039.0,huntsville hospital,,empty,empty,huntsville,al,35801.0,madison,2562651000.0,acute care hospitals,government - hospital district or authority,yes,heart attack,,heart attack patients given beta blocker at discharge,100%,301 patients,al_ami-5
783,10039.0,huntsville hospital,101 sivley rd,,empty,,al,35801.0,madison,2562651000.0,acute care hospitals,government - hospital district or authority,$y$es,heart attack,ami-7a,heart attack patients given fibrinolytic medication within 30 minutes of arrival,empty,0 patients,al_ami-7a
784,10039.0,huntsville hospital,101 sivley rd,empty,empty,,al,35801.0,madison,2562651000.0,acute care hospitals,government - hospital district or authority,yes,he%art %attack,ami-8a,heart attack patients given pci within 90 minutes of arrival,,44 patients,al_ami-8a
785,10039.0,huntsville hospital,10@@1 sivley r??d,empty,empty,huntsville,al,35801.0,madison,2562651000.0,acute care hospitals,government - hospital district or authority,yes,heart failure,hf-1,heart failure patients give%n discharge instructions,72%,264 patients,al_hf-1
786,10039.0,,101 sivley rd,empty,empty,huntsville,a??$l,35801.0,%madison#,2562651000.0,acute care hospitals,government - hospital district or authority,yes,heart failure,hf-2,heart failure patients given an evaluation of left ventricular systolic (lvs) function,95%,303 patients,al_hf-2
787,10039.0,hunts%ville ??hospital,101 sivley rd,empty,,huntsville,al,35801.0,madison,2562651000.0,acute care hospitals,government - hospital district or authority,yes,,hf-3,heart failure patients given ace inhibitor or arb for left ventricular systolic dysfunction (lvsd),98%,102 patients,al_hf-3
788,10039.0,huntsville hospital,101 sivley rd,empty,empty,,al,,,2562651000.0,acute care hospitals,government - hospital district or authority,yes,heart failure,hf-4,,100%,51 patients,al_hf-4
789,10039.0,,101 sivley rd,empty,empty,huntsville,al,35801.0,madison,2562651000.0,,government - hospital district or authority,yes,pneumonia,pn-$2,,96%,,al_pn-2
790,10039.0,,,empty,empty,huntsville,al,35801.0,madison,2562651000.0,acute care hospitals,government - hospital district or authority,yes,pneumonia,pn-3b,pneumonia patients whose initial emergency room blood culture was performed prior to the administration of the first hospital dose of antibiotics,,496 patients,al_pn-3b
791,10039.0,huntsville hospital,101 sivley rd,empty,empty,huntsville,al,35801.0,madison,,acute care hospitals,government - hospital district or authority,yes,,pn-4,pneumonia patients given smoking cessation advice/counseling,97%,294 patients,al_pn-4
792,10039.0,huntsville hospital,101 sivley rd,empty,empty,huntsville,al,35801.0,madison,2562651000.0,acute care hospitals,governm??ent - hospital district or authority,yes,pneumonia,pn-5c,pneumonia patients given initial antibiotic(s) within 6 hours after arrival,93%,511 patients,al_pn-5c
793,10039.0,huntsville hospital,101 sivley rd,empty,empty,,al,35801.0,madison,2562651000.0,acute care hospitals,,yes,pneumonia,pn-6,pneumo@@nia patients given the most approp??riate initial antibiotic(s),,313 patients,al_pn-6
794,10039.0,huntsville hospital,101 sivley rd,empty,empty,huntsville,,,madison,2562651000.0,acute care hospitals,government - hospital district or authority,yes,pneumonia,pn-7,pneumonia patients assessed and given influenza vaccination,89%,40@@9 patients,al_pn-7
795,10039.0,huntsville hospital,101 sivley rd,empty,empty,hunt%svil#le,al,35801.0,madison,2562651000.0,acute care hospitals,government - hospital district or authority,yes,surgical infection prevention,scip-card-2,surgery patients who were taking heart drugs called beta blockers before coming to the hospital who were kept on the beta blockers during the period just before and after their surgery,90%,123 patients,al_scip-card-2
796,10039.0,huntsville hospital,101 sivley rd,empty,e??mpty,huntsville,al,35801.0,madison,2562651000.0,,government - hospital district or authority,yes,surgical infection prevention,scip-inf-1$,surgery patients who were given an antibiotic at the right time (within one hour before surgery) to help prevent infection,95%,,al_scip-inf-1
797,10039.0,huntsville hospital,,,empty,huntsville,al,,madison,2562651000.0,,government - hospital district or authority,,surgical infection prevention,scip-inf-2,surgery %patients who were given the  @@right kind  of antibiotic to help prevent infection,99%,603 patients,al_scip-inf-2
798,10039.0,huntsville hospital,101 sivley rd,empty,empty,huntsville,al,35801.0,madison,2562651000.0,acute care hospitals,government - hospital district or authority,yes,surgical infection prevention,,surgery patients whose preventive antibiotics were stopped at the right time (within 24 hours after surgery),93%,561 patients,al_scip-inf-3
799,10039.0,huntsville hospital,101 sivley rd,empty,empty,huntsville,al,35801.0,madison,2562651000.0,acute care hospitals,government - hospital district or authority,yes,surgical infection prevention,scip-inf-4,all heart surgery patients whose blood sugar (blood glucose) is kept under good control in the days right after surgery,95%,149 patients,al_scip-inf-4
800,10039.0,huntsville hospital,101 sivley rd,empty,empty,huntsville,al,35801.0,madison,2562651000.0,acute care hospitals,government - hospital district or authority,yes,surgical infection prevention,scip-inf-6,,99%,,al_scip-inf-6
801,10039.0,huntsville hospital,101 sivley rd,empty,empty,huntsville,al,35801.0,madison,2562651000.0,acute care hospitals,government - hospital district or authority,yes,surgical infection prevention,scip-vte-1,surgery patients whose doctors ordered treatments to prevent blood clots after certain types of surgeries,,269 patients,al_scip-vte-1
802,10039.0,huntsville hospital,101 sivley rd,empty,empty,huntsville,al,35801.0,madison,2562651000.0,acute care hospitals,government - hospital district or authority,yes,surgical infect%ion prevention,scip-vte-2,patients who got treatment  at the right time (within 24 hours before or after their surgery) to help prevent blood clots after certain types of surgery,90%,269 patients,al_scip-vte-2
803,10040.0,gadsden regional medical center,1007 goodyear avenue,empty,,gadsden,al,35903.0,etowah,2564944000.0,,proprietary,yes,heart attack,,heart attack patients given aspirin at arrival,94%,123 patients,
804,,gadsden regional medical center,1007 goodyear avenue,empty,empty,gadsden,a@@l%,35903.0,etowah,2564944000.0,acute care hospitals,proprietary,yes,,ami-2,heart attack patients given aspirin at discharge,99%,,al_ami-2
805,10040.0,gadsden regional medical center,1007 goodyear avenue,empty,empty,gadsden,,35903.0,etowah,2564944000.0,acute care hospitals,proprietary,yes,heart attack,ami-3,,89%,,al_ami-3
806,10040.0,gadsden regional medical center,1007 goodyear avenue,empty,empty,gadsden,a??l,35903.0,,,acute care hospitals,proprietary,yes,heart attack,,heart attack patients given smoking cessation advice/counseling,100%,79 patients,al_ami-4
807,,gadsden regional medical center,1007 goodyear avenue,emp?#?ty,e#mpty,gadsd%e??n,al,,,2564944000.0,acute care hospitals,proprietary,yes,heart attack,ami-5,heart attack patients given beta blocker at discharge,95%,117 patients,al_ami-5
808,10040.0,gadsden regional medical center,1007 goodyear avenue,empty,empty,,al,35903.0,etowah,2564944000.0,acute care hospitals,proprietary,yes,heart attack,ami-7a,heart attack patients given fibrinolytic medication within 30 minutes of arrival,68%,25 patients,al_ami-7a
809,10040.0,gadsden regional medical center,1007 goodyear avenue,empty,empty,gadsden,al,35903.0,etowah,2564944000.0,acute care hospitals,proprietary,yes,heart attack,ami-8a,heart attack patients given pci within 90 minutes of arrival,83%,12 patients,al_ami-8a
810,10040.0,gadsden regional medical center,1007 goodyear avenue,empty,empty,#gadsde??n,al,35903.0,etowah,2564944000.0,acute care hospitals,proprietary,yes,heart failure,hf-1,heart failure patients given discharge instructions,,211 patients,al_hf-1
811,10040.0,gadsden regional medical center,1007 goodyear avenue,,empty,gadsden,al,35903.0,etowah,2564944000.0,acute care hospitals,proprietary,,heart failure,hf-2,heart failure patients given an evaluation of left ventricular systolic (lvs) function,100%,@@259 patients,al_hf-2
812,10040.0,gadsden regional medical center,1007 goodyear avenue,empty,empty,,al,35903.0,etowah,2564944000.0,acute care hospitals,proprietary,yes,heart failure,hf-3,,93%,69 patients,al_hf-3
813,10040.0,gadsden regional medical center,1007 goodyear avenue,empty,empty,gadsden,al,,,2564944000.0,acute care hospitals,proprietary,yes,heart failure,hf-4,heart failure patients given smoking cessation advice/counseling,100%,,al_hf-4
814,10040.0,gadsden regional medical center,1007 goodyear avenue,,,gadsden,al,35903.0,etowah,2564944000.0,,proprietary,yes,pneumonia,pn-2,pneumonia patients assessed and given pneumococcal vaccination,96%,255 patients,al_pn-2
815,,gadsden regional medical center,1007 goodyear avenue,empty,,gadsden,,35903.0,etowah,2564944000.0,,,yes,pneumonia,,pneumonia patients whose initial emergency room blood culture was performed prior to the administration of the first hospital dose of antibiotics,96%,187 patients,al_pn-3b
816,10040.0,gadsden regional medical center,10$07 goodyear av??enue,empty,empty,gadsden,,209337.21922028475,etowah,2564944000.0,acute care hospitals,proprietary,yes,pneumonia,pn-4,pneumonia patients given smoking cessation advice/counseling,100%,130 pa%t@@ients,al_pn-4
817,10040.0,gadsden regional medical center,1007 goodyear avenue,empty,,gadsden,,,,,acute care h#ospitals,proprietary,yes,pneumonia,pn-5c,pneumonia patients given initial antibiotic(s) within 6 hours after arrival,94%,266 patients,al_pn-5c
818,10040.0,,1007 goodyear avenue,empty,,gadsden,al,35903.0,etowah,2564944000.0,acute care hospitals,proprietary,yes,pneumonia,pn-6,,,153 patients,al_pn-6
819,10040.0,gadsden regional med$ical center,1007 goodyear avenue,,empty,gadsden,al,,etowah,2564944000.0,acute care hospitals,proprietary,$$yes,pneumonia,pn-7,pneumonia patients assessed and given influenza vaccination,96%,187 patients,al_pn-7
820,10040.0,gadsden regional medical center,,empty,empty,gadsden,al,35903.0,etowah,2564944000.0,acute care hospitals,proprietary,yes,surgical infection prevention,,surgery patients who were taking heart drugs called beta blockers before coming to the hospital who were kept on the beta blockers during the period just before and after their surgery,@@91%@@,109 patients,al_scip-card-2
821,10040.0,gadsden regional medical center,1007 goodyear avenue,,empty,gadsden,al,35903.0,et@@owa%h,,acute care %hospita$ls,proprietary,yes,surgical infection prevention,scip-inf-1,surgery patients who were given an antibiotic at the right time (within one hour before surgery) to help prevent infection,98%,557 p??atient#s,al_scip-inf-1
822,10040.0,gadsden regional medical center,1007 goodyear avenue,empty,empty,gadsden,al,35903.0,etowah,2564944000.0,acute care hospitals,proprietary,yes,surgical infection prevention,scip-inf-2,surgery patients who were given the  right kind  of antibiotic to help prevent infection,97%,564 patients,al_scip-inf-2
823,10040.0,gadsden regional medical center,1007 goodyear avenue,empty,empty,,al%,35903.0,etowah,2564944000.0,,proprietary,yes,surgical infection prevention,scip-inf-3,,90%,520 patients,al_scip-inf-3
824,10040.0,gadsden regional medical center,1007 goodyear avenue,empty,empty,gadsden,al,35903.0,etowah,2564944000.0,,,yes,surgical infection prevention,scip-inf-4,all heart surgery patients whose blood sugar (blood glucose) is kept under good control in the days right after surgery,,186 patients,al_scip-inf-4
825,10040.0,,1#007 goodyear avenue,empty,empty,gadsden,al,,etowah,2564944000.0,acute c%are hospitals@@,proprietary,yes,surgical infection prevention,scip-inf-6,surgery patients needing hair removed from the surgical area before surgery who had hair removed using a safer method (electric clippers or hair removal cream c not a razor),100%,854 patients,al_scip-inf-6
826,10040.0,gadsden regional medical center,1007 goodyear avenue,empty,empty,gadsden,al,35903.0,etowah,,acute care hospitals,proprietary,yes,surgical infection prevention,scip-vte-1,surgery patients whose doctors ordered treatments to prevent blood clots after certain types of surgeries,95%,315 patients,al_scip-vte-1
827,10040.0,gadsden regional medical center,1007 goodyear avenue,empty,empty,gadsden,al,117870.04111010203,etowah,2564944000.0,acute care hospitals,proprietary,yes,surgical infection prevention,scip-vte-2,patients who got treatment  at the right time (within 24 hours before or after their surgery) to help prevent blood clots after certain types of surgery,87%,315 patients,al_scip-vte-2
828,10043.0,chilton medical center,1010 lay dam road,empty,empty,,al,35045.0,chilton,2057552500.0,acute care hospitals,voluntary non-profit - private,,heart attack,ami-1,heart attack patients given aspirin at arrival,100%,1 patients,al_ami-1
829,10043.0,chilton medical center,1010 lay dam road,em#pty,,clanton,al,35045.0,chilton,2057552500.0,acute care hospitals,voluntary non-profit - private,,heart attack,ami-2,heart attack patients given aspirin at discharge,100%,1 patient#@@s,
830,10043.0,chilton medical center,1010 lay dam road,empty,empty,clanton,al,,chilton,,acute care hospitals,voluntary non-profit - private,yes,heart attack,ami-3,heart attack patients given ace inhibitor or arb for left ventricular systolic dysfunction (lvsd),100%,1 patients,al_ami-3
831,10043.0,chilton medical center,1010 lay dam road,empty,em%pty,clanton,al,35045.0,chilton,2057552500.0,acute care hospitals,voluntary non-profit - private,yes,heart attack,ami-4,,empty,0 patients,al_ami-4
832,,chilton medical center,1010 lay dam road,empty,empty,clanton,al,35045.0,,2057552500.0,,,yes,heart attack,ami-5,heart attack patients given beta blocker at discharge,100%,1 patients,al_ami-5
833,10043.0,chilton medical center,1010 lay dam road,empty,empty,clanton,al,35045.0,chilton,2057552500.0,acute care hospitals,voluntary non-profit - private,yes,heart attack,ami-7a,heart attack patients given fibrinolytic medication within 30 minutes of arrival,empty,0 patients,al_ami-7a
834,10043.0,chilton medical center,1010 $lay dam road,empty,,clanton,al,35045.0,,2057552500.0,acute care hospitals,voluntary non-profit - private,yes,heart attack,ami-8a,heart attack patients given pci within 90 minutes of arrival,empty,0 patients,al_ami-8a
835,10043.0,chilton med#ical c$enter,1010 la@@y dam road,empty,empty,clanton,al,35045.0,chilton,10825325733.587688,acute care hospitals,voluntary non-profit - private,yes,heart failure,hf-1,heart failure patients given discharge instructions,84%,19 patien@@ts,%al_hf-1
836,10043.0,,1010 lay dam road,empty,empty,clanton,al,35045.0,chilton,2057552500.0,acute care hospitals,voluntary non-profit - private,y%#es,heart failure,hf-2,heart failure patients given an evaluation of left ventricular systolic (lvs) function,89%,28 patients,al_hf-2
837,10043.0,chilton medical center,1010 lay dam road,empty,empty,clanton,al,35045.0,chilton,2057552500.0,acute care hospitals,voluntary non-profit - private,yes,heart failure,hf-3,heart failure patients given ace inhibitor or arb for left ventricular systolic dysfunction (lvsd),75%,4 patients,al_hf-3
838,10043.0,,1010 l%ay %dam road,empty,empty,clanton,al,35045.0,,2057552500.0,acute care hospitals,voluntary non-profit - private,yes,heart failure,hf-4,,100%,4 patients,al_hf-4
839,10043.0,,1010 lay dam road,empty,empty,clanton,al,132955.33327287415,chilton,2057552500.0,acute care hospitals,voluntary non-profit - private,yes,,pn-2,pneumonia patients assessed and given pneumococcal vaccination,89%,47 patients,al_pn-2
840,10043.0,chilton medical center,1010 lay dam road,empty,empty,clanton,al,35045.0,chilton,2057552500.0,acute care hospitals,voluntary non-profit - private,yes,p?%?neumonia,pn-3b,pneumonia patients whose initial emergency room blood culture was performed prior to the administration of the first hospital dose of antibiotics,92%,36 patients,al_pn-3b
841,10043.0,chilton medical center,1010 lay dam road,empty,empty,clanton,al,35045.0,chilton,2057552500.0,acute care hospitals,voluntary non-profit - private,yes,pneumonia,pn-4,pneumonia patients given smoking cessation advice/counseling,94%,16 patients,al_pn-4
842,10043.0,chilton medical center,1010 lay dam road,empty,empty,clanton,al,35045.0,,2057552500.0,acute care hospitals,voluntary non-profit - private,yes,pneumonia,pn-5c,pneumonia patients given initial antibiotic(s) within 6 hours after arrival,98%,,al_pn-5c
843,10043.0,chilton medical center,1010 lay dam road,,empty,clanton,al,35045.0,chilton,2057552500.0,acute care hospitals,voluntary non-profit - private,yes,pneumonia,pn-6,pneumonia patients given the most appropriate initial antibiotic(s),95%,38 patients,al_pn-6
844,10043.0,chilton medical center,1010 lay dam road,empty,empty,clanton,al,35045.0,,2057552500.0,acute care hospitals,voluntary non-profit - private,yes,pneumonia,pn-7,pneumonia patients assessed and given influenza vaccination,81%,37 patients,al_pn-7
845,10043.0,,1010 lay dam road,empty,empty,clanton,,153158.23375153233,chilton,2057552500.0,acute care hospitals,voluntary non-profit - private,yes,surgical infection prevention,,surgery patients who were taking heart drugs called beta blockers before coming to the hospital who were kept on the beta blockers during the period just before and after their surgery,50%,2 patients,a$l_scip-$card-2
846,10043.0,chilton medical center,1010 lay dam road,empty,empty,clanton,al,,chilton,2057552500.0,acute care hospitals,voluntary non-profit - private,yes,,scip-inf-1,surgery patients who were given an antibiotic at the right time (within one hour before surgery) to help prevent infection,,4 patients,al_scip-inf-1
847,10043.0,chilton medical center,1010 lay dam road,empty,empty??,clanton,al,35045.0,chilton,2057552500.0,,voluntary non-profit - private,yes,surgical infection prevention,scip-inf-2,surgery patients who w#ere given the  right kind  of antibiotic to help prevent infection,100%,4 patients,al_scip-inf-2
848,10043.0,chilton medical center,1010 lay dam road,empty,empty,clanton,al,35045.0,chilton,7282911744.456178,acute care hospitals,voluntary non-profit - private,yes,surgical infection prevention,scip-inf-3,surgery patients whose preventive antibiotics were stopped at the right time (within 24 hours after surgery),1$00%,4 patients,al_scip-inf-3
849,10043.0,,1010 lay dam road,empty,empty,,al,35045.0,chilton,7147293094.471168,acute care hospitals,voluntary non-profit - private,yes,surgical infection prevention,scip-inf-4,all heart surgery patients whose blood sugar (blood glucose) is kept under good control in the days right after surgery,empty,0 patients,
850,10043.0,chilton medical center,1010 lay dam road,empty,empty,clanton,,35045.0,chilton,2057552500.0,,voluntary non-prof??it - private,yes,surgical infection prevention,,surgery patients needing hair removed from the surgical area before surgery who had hair removed using a safer method (electric clippers or hair removal cream c not a razor),100%,5 patients,
851,,chilton medical center,1010 lay dam road,empty,empty,clanton,al,35045.0,chilton,2057552500.0,acute care hospitals,,yes,surgical infection prevention,scip-vte-1,surgery patients whose doctors ordered treatments to prevent blood clots after certain types of surgeries,empty,0 patients,al_scip-vte-1
852,44168.18556135344,chilton medical center,1010 lay dam road,empty,empty,,al,35045.0,chilton,2057552500.0,acute care hospitals,voluntary non-profit - private,yes,surgical infection prevention,scip-vte-2,patients who got treatment  at the right time (within 24 hours before or after their surgery) to help prevent blood clots after certain types of surgery,empty,0 patients,al_scip-vte-2
853,10044.0,,1256 military street south,empty,empty,hamilton,al,35570.0,mar??%ion,2059216200.0,acute care hospitals,voluntary non-profit - private,yes,heart attack,ami-1,heart attack patients given aspirin at arrival,67%,3 patients,al_ami-1
854,10044.0,marion regional medical center,1256 military street south,empty,,hamilton,al,35570.0,marion,2059216200.0,acute care hospitals,voluntary non-profit - private,yes,heart attack,ami-2,heart attack patients given aspirin at discharge,,3 patients,al_ami-2
855,10044.0,marion regional medical center,1256 mil@@itary street s??outh,empty,e@@mpt%y,hamilton,al,35570.0,marion,2059216200.0,acute care hospitals,voluntary non-profit - private,yes,heart attack,#ami-3,heart attack patients given ace inhibitor or arb for left ventricular systolic dysfunction (lvsd),100%,1 patients,al_ami-3
856,10044.0,marion regional medical center,1256 military street south,empty,empty,hamilton,al,35570.0,marion,2059216200.0,,voluntary non-profit - private,,heart attack,ami-4,heart attack patients given smoking cessation advice/counseling,empty,0 patients,al_ami-4
857,10044.0,marion regional medical center,1256 militar$#y street south,empty,,hamilton,al,35570.0,marion,2059216200.0,acute care hospitals,voluntary non-profit - privat%@@e,yes,heart attack,ami-5,heart attack patients given beta blocker at discharge,33%,3 patients,
858,41774.743782601814,marion regional medical center,1256 military street south,empty,empty,hamilton,al,,marion,2059216200.0,,voluntary non-profit - private,yes,heart attack,,,empty,0 patients,al_ami-7a
859,10044.0,marion regional medical center,1256 military street south,empty,empty,hamilton,,35570.0,ma$r@@ion,2059216200.0,acute care hospitals,voluntary non-profit - private,yes,,ami-8a,heart attack patients given pci within 90 minutes of arrival,empty,0 patients,al_ami-8a
860,51958.11325589352,marion regional medical center,1256 military street south,,empty,hamilton,al,35570.0,marion,2059216200.0,acute care hospitals,voluntary non-profit - private,yes,heart failure,hf-1,heart failure patients given discharge instructions,74%,38 patients,al_hf-1
861,10044.0,marion regional medical center,,empty,empty,,al,35570.0,marion,2059216200.0,acute care hospitals,,yes,heart failure,hf-2,heart failure patients given an evaluation of left ventricular systolic (lvs) function,80%,46 patients,al_hf-2
862,10044.0,marion regional medical center,1256 military street south,empty,empt@@y,hamilton,,35570.0,,2059216200.0,acute care hospitals,voluntary non-profit - private,yes,heart failure,hf-3,,78%,18 patients,al_hf-3
863,10044.0,marion regional medical center,,empty,,hamilton,al,35570.0,marion,2059216200.0,acute care hospitals,voluntary non-profit - private,yes,heart failure,hf-4,,,10 patients,al_hf-4
864,,marion regional medical center,1256 military street south,empty,em?%?pty,hamilton,al,35570.0,marion,2059216200.0,acute care hospitals,,yes,pneumonia,pn-2,,96%,101 patients,al_pn-2
865,10044.0,marion regional medical center,1256 military street south,empty,empty,hamilton,al,35570.0,marion,,acute care hospitals,voluntary non-profit - private,yes,pneumonia,pn-3b,pneumonia patients whose initial emergency room blood culture was performed prior to the administration of the first hospital dose of antibiotics,99%,78 patients,al_pn-3b
866,10044.0,marion regional medical center,1256 military street south,empty,empty,hamilton,al,35570.0,,2059216200.0,acute care hospitals,,yes,pneumonia,pn-4,pneumonia patients given smoking cessation advice/counseling,90%,42 patients,al_pn-4
867,,marion regional medical center,1256 military street south,empty,empty,hamilton,al,35570.0,marion,2059216200.0,acute care hospitals,voluntary non-profit - private,yes,pneumonia,pn-5c,pneumonia patients given initial antibiotic(s) within 6 hours after arrival,98%,121 patients,al_pn-5c
868,10044.0,marion regional medical center,1256 military street south,empty,empty,hamilton,al,35570.0,marion,2059216200.0,acute care hospitals,voluntary non-profit - private,yes,pneumonia,p%n-#6,,,97 patients,al_pn-6
869,10044.0,marion regional medical center,1256 military street south,empty,empty,hamilton,al,35570.0,marion,2059216200.0,acute care hospitals,voluntary non-profit - private,yes,pneumonia,,pneumonia patients assessed and given influenza vaccination,91%,85 patients,al_pn-7
870,10044.0,marion regional medical center,1256 military street south,empty,empty,hamilton,al,35570.0,marion,2059216200.0,ac$??ute care hospitals,voluntary non-profit - private,,surgical infection prevention,scip-card-2,surgery pa??tients who were taking heart drugs called beta blockers before coming to the hospital who were kept on the beta blockers during the period just before and after their surgery,67%,3 patients,al_scip-c@@ard-2
871,10044.0,marion regional medical center,1256 military street south,,empty,hamilton,al,,marion,2059216200.0,acute care hospitals,voluntary non-profit - private,y??es,surgical infection prevention,scip-inf-1,surgery patients who were given an antibiotic at the right time (within one hour before surgery) to help prevent infection,80%,@@15 patients,
872,10044.0,marion regional medical center,1256 military street south,empty,empty,hamilton,al,35570.0,#marion,2059216200.0,,,yes,surgical infection prevention,scip-inf-2,surgery patients who were given the  right kind  of antibiotic to help prevent infection,87%,15 patients,al_scip-inf-2
873,10044.0,marion regional medical center,1256 military street south,#@@empty,empty,,al,35570.0,marion,2059216200.0,acute care hospitals,voluntary non-profit - private,,surgical infection prevention,scip-inf-3,surgery patients whose preventive antibiotics were stopped at the right time (within 24 hours after surgery),87%,,al_scip-inf-3
874,10044.0,marion regional medical center,1256 military street south,empty,empty,hamilton,al,35570.0,marion,2059216200.0,acute care hospitals,voluntary non-profit - private,,sur%gical i@@nfection prevention,scip-inf-4,all heart surgery patients whose blood sugar (blood glucose) is kept under good control in the days right after surgery,empty,0 patients,
875,10044.0,marion regional medical center,1256 military street south,,empty,hamilton,,35570.0,marion,2059216200.0,acute care hospitals,voluntary non-profit - private,yes,surgical infection prevention,,surgery patients need%ing hair removed from the surgical area before surgery who had hair removed using a safer method (electric clippers or hair removal cream c not a razor),100%,19 patients,al_scip-inf-6
876,54615.716523083385,marion regional medical center,1256 military street south,empty@@%,empty,hamilton,al,35570.0,marion,2059216200.0,acute care hospitals,voluntary non-profit - private,yes,,scip-vt$e-1,surgery patients whose doctors ordered treatments to prevent blood clots after certain types of surgeries,100%,4 patients,al_scip-vte-1
877,10044.0,marion regional medical center,,empty,empty,,,35570.0,marion,9904941208.025394,acute care hospitals,voluntary non-profit - private,yes,surgical infection prevention,scip-vte-2,patients who got treatment  at the right time (within 24 hours before or after their surgery) to help prevent blood clots after certain types of surgery,100%,4 patients,al_scip-vte-2
878,10045.0,fayette medical center,1653 temple avenue north,empty,empty,fayette,al,35555.0,fayette,2059325966.0,acute care hospitals,,yes,heart attack,ami-1,heart attack patients given aspirin at arrival,100%,18 patients,al_ami-1
879,10045.0,fayette medical c#enter,1653 temple avenue north,empty,empty,fayett#e,al,35555.0,fayette,2059325966.0,acute care hospitals,voluntary non-profit - other,yes,heart attack,,heart attack patients given aspirin at discharge,100%,,al_ami-2
880,10045.0,fayette medical center,1653 temple avenue @@north,empty,empty,fayette,,35555.0,fayette,,acute care hospitals,voluntary non-profit - other,yes,heart attack,ami-3,heart attack patients given ace inhibitor or arb for left ventricular systolic dysfunction (lvsd),0%,1 patients,
881,10045.0,,,empty,empty,fayette,al,,fayette,2059325966.0,acute care hospitals,voluntary non-profit - other,yes,heart attack,ami-4,heart attack patients given smoking cessation advice/counseling,100%%#,,a#l_ami-$4
882,10045.0,fayette medical center,1653 temple avenue north,empty,empty,fayette,al,35555.0,fayette,2059325966.0,acute care hospitals,voluntary non-profit - other,yes,heart attack,ami-5,heart attack patients given beta blocker at discharge,82%,11 patients,al_ami-5
883,,fayette medical center,1653 temple avenue north,empty,empty,fayette,al,35555.0,fayette,2059325966.0,,voluntary non-profit - other,yes,heart attack,ami-7a,heart attack patients given fibrinolytic medication within 30 minutes of arrival,empty,0 patients,al_ami-7a
884,10045.0,fayette medical center,,empty,empty,fayette,al,35555.0,fayette,2059325966.0,acute care hospitals,,yes,heart attack,ami-8a,heart attack patients given pci wit#hin 90 minutes% of arrival,empty,0 patients,al_ami-8a
885,10045.0,fayette medical center,1653 temple avenue north,empty,empty,fayette,al,35555.0,,2059325966.0,acute care hospitals,voluntary non-profit - other,,heart failure,hf-1,heart failure patients given discharge instructions,87%,67 patients,al_hf-1
886,10045.0,fayette medical center,1653 temple avenue north,empty,empty,fayette,al,35555.0,,10685988860.530607,,voluntary non-profit - other,yes,heart# failur#e,,,94%,85 patients,#@@al_hf-2
887,10045.0,fayette medical center,1653 temple avenue north,empty,empty,fayette,al,35555.0,fayette,2059325966.0,acute care hospitals,voluntary non-profit - other,yes,heart failure,hf-3,heart failure patients given ace inhibitor or arb for left ventricular systolic dysfunction (lvsd),89%,19 patients,al_hf-3
888,10045.0,fayette medical center,1653 temple avenue north,empty,empty,fayette,al,35555.0,fayette,2059325966.0,acute care hospitals,voluntary non-profit - other,,heart failure,hf-4,heart failure patients given smoking cessation advice/counseling,100%,,al_hf-4
889,10045.0,fayette medical center,1653 temple avenue north,empty,empty,fayette,al,35555.0,fayette,7339858373.518428,acute care hospi%tal@@s,voluntary non-profit - other,yes,pneumonia,pn-2,pneumonia patients assessed and given pneumococcal vaccination,85%,117 patients,al_pn-2
890,10045.0,,1653 temple avenue north,empty,empty,fayette,al,35555.0,,2059325966.0,acute care hospitals,voluntary non-profit - other,yes,,,,100%,41 patients,al_pn-3b
891,10045.0,fayette medical center,1653 temple avenue north,empty,empty,fayette,,167945.49822822397,fayette,2059325966.0,acute care hospitals,voluntary non-profit - other,yes,pneumonia,,,100%,34 patients,
892,10045.0,fayette medical center,1653 temple avenue north,empty,,fayette,al,35555.0,fayette,2059325966.0,acute care hospitals,voluntary non-profit - other,yes,pneumonia,pn-5c,pneumonia patients given initial antibiotic(s) within 6 hours after arrival,97%,109 patients,al_pn-5c
893,10045.0,fayet$te me#dical center,1653 temple avenue north,empty,empty,fayette,al$,35555.0,fayette,,acute care hospitals,voluntary non-profit - other,yes,pneum??%onia,,pneumonia patients given the most appropriate initial antibiotic(s),87%,79 patients,al_pn-6
894,10045.0,fayette medical center,1653 temple avenue north,empty,,fayette,al,35555.0,,,,voluntary non-profit - other,yes,pneumonia,,pneumonia patients assessed and given influenza vaccination,87%,,al_pn-7
895,,fayette medical center,1653 temple avenue north,emp??ty,em#pty,fayette,al,35555.0,fayette,,acute care hospitals,voluntary non-profit - other,ye??s,surgical infection prevention,,,empty,,al_scip-card-2
896,10045.0,fayette medical center,1653 temple avenue north,empty,empty,@@fayett@@e,al,,fayette,2059325966.0,acute care hospitals,voluntary non-profit - other,yes,surgical infection prevention,scip-inf-1,surgery patients who were given an antibiotic at the right time (within one hour before surgery) to help prevent infection,empty,0 patients,al_scip-inf-1
897,10045.0,fayette medical center,1653 temple avenue north,empty,empty,fayette,al,35555.0,fayette,2059325966.0,acute care hospitals,voluntary non-profit - other,yes,surgical infection prevention,scip-inf-2,surgery patients who were given the  right kind  of antibiotic to help prevent infection,empty,0 patients,al_scip-inf-2
898,10045.0,fay#ette$ medical center,,empty,empty,fayette,al,35555.0,fayette,10141179230.626637,acute care hospitals,,yes,surgical infection prevention,scip-inf-3,,empty,0 p??atients,al_scip-inf-3
899,10045.0,,1653 temple avenue north,,empty,fa@@y$ette,al,35555.0,fayette,2059325966.0,acute care hospitals,voluntary non-profit - other,yes,surgical infection prevention,scip-inf-4,all heart surgery patients whose blood sugar (blood glucose) is kept under good control in the days right after surgery,empty,0 patients,
900,10045.0,fayette medical center,1653 temple avenue north,empty,empty,fayette,al,35555.0,fayette,2059325966.0,acute care hospitals,voluntary non-profit - other,yes,surgical infection prevention,scip-inf-6,surgery patients needing hair removed from the surgical area before surgery who had hair removed using a safer method (electric clippers or hair removal cream c not a razor),100%,7 patients,al_scip-i#nf-6
901,10045.0,fayette medical center,1653 temple avenue north,empty,empty,fayette,al,35555.0,fayette,2059325966.0,acute care hospitals,voluntary non-profit - other,yes,surgical infection prevention,scip-vte-1,surgery patients whose doctors ordered treatments to prevent blood clots after certain types of surgeries,100%,3% pat@@ients,al_scip-vte-1
902,10045.0,fayette medical center,1653 temple avenue north,empty,empty,,al,195813.56328145953,fayette,,,voluntary non-profit - other,yes,surgical infection prevention,scip-vte-2,patients who got treatment  at the right time (within 24 hours before or after their surgery) to help prevent blood clots after certain types of surgery,$100%,,al_scip-vte-2
903,34344.163507490346,riverview regional medical center,600 south third street,empty,empty,gadsden,al,35901.0,etowah,2565435200.0,acute care hospitals,proprietary,yes,children s asthma care,cac-1,children who received reliever medication while hospitalized for asthma,100%,4 patients,al_cac-1
904,10046.0,riverview regional medical center,,empty,empty,gadsden,al,35901.0,etowah,2565435200.0,,proprietary,yes,children s asthma care,cac-2,children who received systemic corticosteroid medication (oral and iv medication that reduces inflammation and controls symptoms) while hospitalized for asthma,100%,4 patients,al_cac-2
905,10046.0,riverview regional medical center,,,empty,gadsden,al,35901.0,etowah,2565435200.0,,proprietary,yes,children s asthma care,cac-3,children and their caregivers who received a home management plan of care document while hospitalized for asthma,100%,4 patients,al_cac-3
906,10046.0,riverview regional medical center,600 south third street,empty,$em??pty,gadsden,al,35901.0,,2565435200.0,acute care hospitals,proprietary,yes,heart attack,ami-1,,1%@@00%,126 patients,al_ami-1
907,10046.0,riverview regional medical center,,empty,empty,gadsden,al,35901.0,etowah,2565435200.0,acute care hospitals,,,heart attack,ami-2,heart attac??k patients given aspirin at dis#charge,100%,145 patients,al_ami-2
908,,riverview regional medical center,600 south third street,e??mpty,empty,gadsden,al,35901.0,etowah,2565435200.0,acute care hospitals,proprietary,y??@@es,heart attack,ami-3,heart attack patients given ace inhibitor or arb for left ventricular systolic dysfunction (lvsd),100%,25 patients,al_ami-3
909,10046.0,riverview regional medical center,600 south third street,empty,empty,gadsden,al,35901.0,etowah,2565435200.0,acute care hospitals,proprietary,yes,heart attack,ami-4,heart attack patients given smoking cessation advice/counseling,10%0%,68 patients,al_ami-4
910,,riverview regional medical center,600 south third street,empty,empty,@@gadsden,al,35901.0,etowah,2565435200.0,acute care hospitals,proprietary,??yes$,heart attack,ami-5,heart attack patients given beta blocker at discharge,100%,,al_ami-5
911,10046.0,riverview regional medical center,600 south third street,,empty,gadsden,al,35901.0,etowah,2565435200.0,acute care hospitals,proprietary,,heart attack,a%mi-%7a,heart attack patients given fibrinolytic medication within 30 minutes of arrival,88#%,8 patients,al_ami-7a
912,10046.0,riverview regional medical center,600 south third street,empty,empty,gadsden,,35901.0,etowah,2565435200.0,,proprietary,yes,heart attack,ami-8a,heart attack patients given pci within 90 minutes of arrival,100%,16 patients,al_ami-8a
913,10046.0,riverview regional medical center,600 south third street,empty,empty,gadsden,al,35901.0,etowah,2565435200.0,acute care hospitals,proprietary,,heart failure,hf-1,heart failure patients given discharge instructions,100%,268 patients,al_hf-1
914,10046.0,riverview regional me%dical$ center,,empty,,gadsden,al,35901.0,etowah,2565435200.0,acute care hospitals,proprietary,yes,heart failure,hf-2,heart failure patients given an evaluation of left ventricular systolic (lvs) function,100%,350 patients,
915,10046.0,riverview regional medical center,600 south third street,empty,empty,,,35901.0,etowah,2565435200.0,acute care hospitals,,yes,heart failure,hf-3,heart failure patients given ace inhibitor or arb for left ventricular systolic dysfunction (lvsd),100%,90 patients,al_hf-3
916,10046.0,,,empty,empty,gadsden,al,35901.0,etowah,2565435200.0,acute care hospitals,proprietary,yes,heart failure,hf-4,heart failure patients given smoking cessation advice/counseling,100%,85 patients,al_hf-4
917,10046.0,riverview regional medical center,600 south third street,empty,empty,gadsden,a$??l,35901.0,etowah,2565435200.0,acute care hospitals,proprietary,yes,pneumonia,pn-2,pneumonia patients assessed and given pneumococcal vaccination,99%,239 patients,al_pn-2
918,10046.0,riverview regional medical center,600 south third street,empty,empty,gadsden,al,35901.0,etowah,2565435200.0,,proprietary,yes,pneumonia,,pneumonia patients whose initial emergency room blood culture was performed prior to the administration of the first hospital dose of antibiotics,97%,196 patients,al_pn-3b
919,10046.0,riverview regional medical center,600 south third street,empty,empty,,al,35901.0,etowah,2565435200.0,acute care hospitals,,yes,pneumonia,pn-@@4,pneumonia patients given smoking cessation advice/counseling,100%,109 patients,al_pn-4
920,10046.0,riverview regional medical center,600 south third street,empty,empty,gadsden,al,35901.0,etowah,2565435200.0,acute care hospitals,proprietary,yes,pneumonia,pn-5c,pneumonia patients given initial antibiotic(s) within 6 hours after arrival,87%,261 patients,al_pn-5c
921,,riverview regional medical center,600 south third street,empty,empty,gadsden,al,,etowah,2565435200.0,acute care hospitals,proprietary,yes,pneumonia,pn-6,pneumonia patients given the most appropriate initial antibiotic(s),,212 patients,al_pn-6
922,58526.34844665971,riverview regional medical center,600 south third street,empty,empty,gadsden,al,214597.18880234842,etowah,2565435200.0,acute care hospitals,??pr@@oprietary,yes,pneumonia,pn-7,pneumonia patients assessed and given influenza vaccination,99%,178 patients,al_pn-7
923,10046.0,riverview regional medical center,600 south third street,empty,empty,gadsden,??a$l,35901.0,etowah,2565435200.0,ac$ute car%e hospitals,proprietary,yes,surgical infection prevention,scip-card-2,surgery patients who were taking heart drugs called beta blockers before coming to the hospital who were kept on the beta blockers during the period just before and after their surgery,95%,107# patients,al_scip-card-2
924,10046.0,riverview regional medical center,600 south third street,,,,al,35901.0,,2565435200.0,acute care hospitals,proprietary,yes,surgical infection prevention,scip-inf-1,surgery patients who were given an antibiotic at the right time (within one hour before surgery) to help prevent infection,95%,402 patients,al_scip-inf-1
925,10046.0,riverview regional medical center,600 south third street,empty,empty,gadsden,al,167048.01039037993,etowah,2565435200.0,acute care hospitals,proprietary,yes,surgical infection prevention,scip-inf-2,surgery patients who were given the  right kind  of antibiotic to help prevent infection,95%,404 patients,al_scip-inf-2
926,10046.0,riverview regional medical center,600 south third street,,empty,gadsden,,35901.0,etowah,2565435200.0,acute care hospitals,proprietary,,surgical infection prevention,scip-inf-3,surgery patients whose preventive antibiotics were stopped at the right time (within 24 hours after surgery),79%,352 patients,
927,,riverview regional medical center,600 south third street,empty,empty,gadsden,,35901.0,etowah,2565435200.0,,proprietary,yes,surgical infection prevention,scip-inf-4,all heart surgery patients whose blood sugar (blood glucose) is kept under good control in the days right after surgery,76%,114 patients,al_scip-inf-4
928,10046.0,riverview regional medical center,600 south third street,empty$%,empty,gadsden,al,35901.0,etowah,2565435200.0,acute care hospitals,proprietary,yes,surgical infection prevention,scip-inf-6,surgery patients needing hair removed from the surgical area before surgery who had hair removed using a safer method (electric clippers or hair removal cream c not a razor),100%,607 patients,al_scip-inf-6
929,10046.0,riverview regional medi@@cal center,600 south third street,empty,empty,gadsden,al,35901.0,etowah,2565435200.0,acute care hospitals,,yes,surgical infection prevention,scip-vte-1,surgery patients whose doctors ordered treatments to prevent blood clots after certain types of surgeries,91%,,al_scip-vte-1
930,10046.0,,600 south third street,empty,empty,gadsden,al,189192.72889446293,etowah,15383579106.724653,acute care hospitals,proprietary,yes,surgical infection prevention,,patients who got treatment  at the right time (within 24 hours before or after their surgery) to help prevent blood clots after certain types of surgery,84%,,al_scip-vte-2
931,10047.0,georgiana hospital,515 miranda st,empty,empty,georgiana,al,36033.0,,,#acute care $hospitals,voluntary non-profit - private,no,heart attack,,heart attack patients given aspirin at arrival,53%,19 patients,
932,10047.0,georgiana hospital,515 miranda st,empty,empty,,al,36033.0,butler,3343762205.0,acute care hospitals,voluntary non-profit - private,no,heart attack,ami-2,heart attack patients given aspirin at discharge,50%,16 patients,al_ami-2
933,10047.0,georgiana hospital,515 miranda st,empty,empty,g#eorg#iana,al,36033.0,butler,3343762205.0,acute care hospitals,voluntary non-profit - private,no,heart attack,ami-3,,100%,,al_ami-3
934,10047.0,georgiana hospital,515 miranda st,,empt@@y@@,georgiana,al,36033.0,butler,3343762205.0,acute care hospitals,voluntary non-profit - private,no,heart attack,,heart attack patients given smoking cessation advice/counseling,33%,6 patients,al_ami-4
935,10047.0,georgiana hospital,515 miranda st,empty,empty,georgiana,al,36033.0,butler,3343762205.0,acute care hospitals,voluntary non-profit - private,no,heart attack,ami-5,heart attack patients given beta blocker at discharge,60%,15 patients,al_$ami-5??
936,,georgiana hospital,515 miranda st,empty,empty,georgiana,al,36033.0,butler,3343762205.0,acute care hospitals,voluntary non-profit - private,no,heart attack,ami-7a,heart attack patients given fibrinolytic medication within 30 minutes of arrival,empty,0 patients,al_ami-7a
937,10047.0,georgiana hospital,515 miranda st,,empty,georgiana,al,36033.0,butler,3343762205.0,acute care hospitals,,no,heart attack,ami-8a,heart attack patients giv$en pci within 90 minutes of arrival,empty,0 patients,al_ami-8a
938,10047.0,georgiana hospital,515 miranda st,empty,empty,georgiana,al,36033.0,butler,3343762205.0,acute care hospitals,,no,heart failure,hf-1,heart failure patients given discharge instructions,53%,51 patients,al_hf-1
939,10047.0,georgiana hospital,515 miranda st,empty,empty,georgiana,al,,butler,3343762205.0,acute care hospitals,voluntary non-profit - private,no,heart failure,hf-2,heart failure patients given an evaluation of left ventricular systolic (lvs) function,63%,59 patients,a#l_hf-2
940,10047.0,georgiana hospital,,empty,empty,georgiana,al,36033.0,,3343762205.0,acute care hospitals,,no,,hf-3,heart failure patients given ace inhibitor or arb for left ventricular systolic dysfunction (lvsd),67%,6 patients,al_hf-3
941,10047.0,georgiana hospital,515 miranda st,empty,empty,georgiana,al,36033.0,butler,3343762205.0,acute care hospitals,voluntary non-profit - private,no,heart failure,hf-4,heart failure patients given smoking cessation advice/counseling,75%,8 patients,al_hf-4
942,10047.0,georgiana hospital,515 miranda st,empty,,georgiana,,36033.0,butler,3343762205.0,acute care hospitals,voluntary non-profit - private,no,pneumonia,pn-2,pneumonia patients assessed and given pneumococcal vaccination,90%,39 patients,al_pn-2
943,10047.0,georgiana hospital,515 miranda st,empty,empty,georgiana,al,36033.0,b#u??tler,3343762205.0,,voluntary non-profit - private,,pneumonia,pn-3b,pneumonia patients whose initial emergency room blood culture was performed prior to the administration of the first hospital dose of antibiotics,50%,2 patients,al_pn-3b
944,10047.0,georgiana hospital,515 miranda st,empty,empty,georgiana,al,212669.36508546682,butler,3343762205.0,acute care hospitals,voluntary non-profit - priva??te,no,pneumonia,pn-4,pneumonia patients given smoking cessation advice/counseling,,5 patients,
945,10047.0,georgiana hospital,515 miranda st,empty,empty,georgiana,al,36033.0,butler,3343762205.0,acute care hospitals,voluntary non-profit - private,no,pneumonia,pn-5c,pneumonia patients given initial antibiotic(s) within 6 hours after arrival,97%,36 patients,al_pn-5c
946,10047.0,georgiana hospital,515 miranda st,empty,empty,georgiana,al,36033.0,,3343762205.0,acute care hospitals,voluntary non-profit - private,no,pneumonia,pn-6,pneumonia patients given the most appropriate initial antibiotic(s),50%,30 patients,al_pn-6
947,37287.26136533643,georgiana hospital,5#15 %miranda st,empty,empty,georgiana,al,36033.0,butler,3343762205.0,acute care hospitals,voluntary non-profit - private,no,pneum@@on??ia,pn-7,pneumonia patients assessed and given influenza vaccination,65%,31 patients,al_pn-7
948,10047.0,georgiana hospital,515 miranda st,empty,empty,georgiana,al,36033.0,butler,3343762205.0,,voluntary non-profit - private,no,surgical infection prevention,,,empty,empty,al_scip-card-2
949,10047.0,georgiana hospital,515 miranda st,empty,emp$t??y,georgiana,,36033.0,butler,3343762205.0,acute care hospitals,voluntary non-profit - private,no,surgical infection prevention,scip-inf-1,surgery patients who were given an antibiotic at the right time (within one hour before surgery) to help prevent infection,empty,,al_scip-inf-1
950,10047.0,georgiana hospital,515 miranda st,empty,empty,georgiana,al,36033.0,butler,3343762205.0,acute care hospitals,voluntary non-profit - private,no,surgical infection prevention,scip-inf-2,surgery patients who were given the  right kind  of antibiotic to help prevent infection,empty,empty,al_scip-inf-2
951,10047.0,,515 miranda st,empty,empty,,al,36033.0,butler,3343762205.0,acute care hospitals,voluntary non-profit - private,no,surgical infection prevention,scip-inf-3,surgery patients whose preventive antibiotics were stopped at the right time (within 24 hours after surgery),empty,,al_scip-inf-3
952,10047.0,georgiana hospital,515 miranda st,empty,empty,georgiana,al,36033.0,butler,,acute care hospitals,voluntary non-profit - private,no,surgical infection prevention,scip-inf-4,all heart surgery patients #whose blood sugar (blood glucose) is kept under good control in the days right after surgery,empty,empty,al_scip-inf-4
953,10047.0,georgiana hospital,515 miranda st,empty,empty,georgiana,al,36033.0,butler,3343762205.0,acute care hospitals,voluntary non-profit - private,no,surgical infection prevention,scip-inf-6,surgery patients needing hair removed from the surgical area before surgery who had hair removed using a safer method (electric clippers or hair removal cream c not a razor),empty,empty,al_scip-inf-6
954,53903.64828894519,georgiana hospital,515 miranda st,empty,empty,georgiana,al,36033.0,butler,3343762205.0,,voluntary non-profit - private,??no,surgical infection prevention,,,empty,empty,al_scip-vte-1
955,,georgiana hospital,515 miranda st,empty,empty,georgiana,al,36033.0,,3343762205.0,acute care hospitals,voluntary non-profit - private,,surgical infection prevention,,patients who got treatment  at the right time (within 24 hours before or after their surgery) to help prevent blood clots after certain types of surgery,empty,empty,al_scip-vte-2
956,10049.0,medical center enterprise,400 n edwards street,empt$y#,empty,enterprise,al,36330.0,coffee,3343470584.0,acute care hospitals,proprietary,yes,heart attack,ami-1,heart attack patients given aspirin at arrival,100%,,al_ami-1
957,,medical center enterprise,400 n edwards street,empty,empty,enterprise,al,36330.0,coffee,3343470584.0,acute c%are hospitals,,yes,,ami-2,heart attack patients given aspirin at discharge,100%,1 patients,al_ami-2
958,,,400 n edwards street,empty,,,al,36330.0,coffee,3343470584.0,acute care hospitals,proprietary,yes,heart attack,ami-3,heart attack patients given ace inhibitor or arb for left ventricular systolic dysfunction (lvsd),empty,0 pa$tients,al_ami-3
959,10049.0,,400 n edwards street,empty,empty,,al,36330.0,coffee,14457682922.801353,acute care hospitals,proprietary,yes,heart attack,ami-4,heart attack patients given smoking cessation advice/counseling,,0 patients,al_ami-4
960,10049.0,medical center enterprise,400 n edwards street,empty,empty,enterprise,al,198825.72837606273,coffee,3343470584.0,acute care hospitals,proprietary,yes,heart attack,ami-5,heart attack patients given beta blocker at discharge,100%,2 patients,al_ami-5
961,10049.0,medical center enterprise,400 n edwa@#@rds street,empty,empty,enterprise,al,36330.0,,3343470584.0,acute care hospitals,proprietary,yes,heart attack,ami-7a,heart attack patients given fibrinolytic medication within 30 minutes of arrival,empty,0 patients,al_ami-7a
962,44198.492040132485,medical center enterprise,400 n edwards street,,,enterprise,al,36330.0,coffee,3343470584.0,acute care hospitals,proprietary,yes,heart attack,ami-8a,heart attack patients given pci within 90 minutes of arrival,empty,,al_ami-8a
963,10049.0,medical center enterprise,400 n edwards street,empty,empty,enterprise,al,36330.0,coffee,3343470584.0,acute care hospitals,proprietary,yes,heart failure,hf-1,heart failure patients given discharge instructions,96%,,al_hf-1
964,10049.0,medical center enterprise,400 n edwards street,empty,empty,enterprise,al,36330.0,coffee,3343470584.0,a$cute care hospitals,proprietary,yes,heart failure,hf-2,heart failure patients given an evaluation of left ventricular systolic (lvs) function,99%,82 patients,al_h$f-2
965,10049.0,medical center enterprise,400 n edwards street,empty,empty,enterprise,al,36330.0,coffee,3343470584.0,acute care hospitals,,,heart failure,hf-3,heart failure patients given ace inhibitor or arb for left ventricular systolic dysfunction (lvsd),100%,34 @@patients,al_hf-3
966,10049.0,medical center enterprise,400 #n edwards?? street,empty,empty,enterprise,al,36330.0,coffee,3343470584.0,,proprietary,yes,heart failure,hf-4,heart failure patients given smoking cessation advice/counseling,,15 patients,al_hf-4
967,10049.0,medical center enterprise,,empty,empty,enterprise,al,36330.0,coffee,3343470584.0,acute care hospitals,proprietary,%yes,pneumonia,pn-2,pneumonia patients assessed and given pneumococcal vaccination,100%,72 patients,al_pn-2
968,10049.0,,400 n edwards street,empty,empty,enterprise,al,36330.0,,,acute care hospitals,proprietary,yes,pneumonia,pn-3b,pneumonia patients whose initial emergency room blood culture was performed prior to the administration of the first hospital dose of antibiotics,98%,49 patients,al_pn-3b
969,10049.0,medical center enterprise,400 n edwards street,empty,,enterpr??ise,al,36330.0,coffee,3343470584.0,acute care hospitals,proprietary,yes,pneumonia,pn-4,pneumonia patients given smoking cessation advice/counseling,100%,24 patients,al_pn-4
970,10049.0,medical center enterprise,400 n edwards street,,empty,enterprise,al,36330.0,coffee,3343470584.0,acute care hospitals,proprietary,yes,pneumonia,pn-5c,pneumonia patients given initial antibiotic(s) within 6 hours after arrival,99%,85 patients,al_pn-5c
971,,medical center enterprise,400 n edwards street,empty,,enterprise,al,36330.0,coffee,3343470584.0,,proprietary,yes,pneumonia,pn-6,pneumonia patients given the most appropriate initial antibiotic(s),99%,67 patients,al_pn-6
972,10049.0,medical center enterprise,400 n edwards street,empty,empty,enterprise,al,36330.0,coffee,,acute care hospitals,pro%prie$tary,yes,pneumonia,pn-7,pneumonia patients assessed and given influenza vaccination,100%,37 patients,al_p@@n-7
973,58763.968348640585,medical center enterprise,,e@@mpty,empty,,al,36330.0,coffee,3343470584.0,acute ca@@re hospita$ls,prop$??rietary,yes,surgical infection prevent??ion@@,scip-card-2,surgery patients who were taking heart drugs called beta blockers before coming to the hospital who were kept on the beta blockers during the period just before and after their surgery,100%,27 patients,
974,57308.87523134309,medical center enterprise,400 n edwards street,empty,empty,enterprise,al,36330.0,coffee,17295788862.225586,acute care hospitals,proprietary,yes,surgical infection prevention,scip-inf-1,surgery patients who were given an antibiotic at the right time (within one hour before surgery) to help prevent infection,99%,397 patients,al_scip-inf-1
975,33729.303582495566,medical center enterprise,400 n edwards street,empty,empty,enterprise,al,36330.0,coffee,10443833172.138111,acute care hospitals,proprietary,yes,surgical infection prevention,scip-inf-2,surgery patients who were given the  right kind  of antibiotic to help prevent infection,100%,399 patients,al_sci#p-inf-2
976,10049.0,,400 n edwards street,empty,$empty,enterprise,a@@l,36330.0,coffee,3343470584.0,acute care hospitals,,yes,surgical infection prevention,,surgery patients whose preventive antibiotics were stopped at the right time (within 24 hours after surgery),100%,,al_scip-inf-3
977,10049.0,,400 n edwards street,empty,empty,enterpris@@e,al,36330.0,coffee,3343470584.0,acute care hospitals,proprietary,yes,surgical infection prevention,scip-inf-4,all heart surgery patients whose blood sugar (blood glucose) is kept under good control in the days right after surgery,empty,,al_scip-inf-4
978,10049.0,medical center enterprise,400 n edwards street,empty,,enterprise,al,36330.0,coffee,3343470584.0,acute care hospitals,proprietary,yes,surgical infection prevention,scip-inf-6,surgery patients needing hair removed from the surgical area before surgery who had hair removed using a safer method (electric clippers or hair removal cream c not a razor),100%,485 patients,al_scip-inf-6
979,10049.0,medical center enterprise,400 n edwards street,,empty,enterprise,al,36330.0,coffee,13019730960.321814,acute ca%re hospitals,proprietary,yes,,scip-vte-1,,100%,,
980,,medical center enterprise,400 n edwards street,em$pty,empty,enterprise,al,36330.0,coffee,3343470584.0,acute care hospitals,proprietary,yes,surgical infection prevention,,patients who got treatment  at the right time (within 24 hours before or after their surgery) to help prevent blood clots after certain types of surgery,100%,196 patients,al_scip-vte-2
981,10050.0,st v??in%cents blount,150 gilbreath drive,empty,,oneonta,al,35121.0,blount,2052743000.0,acute care hospitals,voluntary non-profit - private,yes,heart attack,ami-1,heart attack patients given aspirin at arrival,100%,7 patients,al_ami-1
982,10050.0,st vincents blount,150 gilbreath drive,empty,empty,$oneonta,al,35121.0,blount,9522097884.030241,acute care hospitals,voluntary non-profit - private,yes,heart attack,ami-2,heart attack patients given aspirin at discharge,100%,2 patients,
983,10050.0,st vincents blount,150 gilbreath drive,empty,empty,oneonta,al,35121.0,$blount,6756210754.280282,acute care hospitals,voluntary non-profit - private,yes,heart attack,ami-3,heart attack pa%tients given ace inhibitor or arb for left ventricular systolic dysfunction (lvs$d),,,al_ami-3
984,10050.0,st vincents blount,150 gilbreath drive,empty,empty,oneonta,,35121.0,bl@@ount,2052743000.0,acute care hospitals,,,heart attack,ami-4,heart attack patients given smoking cessation advice/counseling,empty,0 patients,
985,10050.0,st vincents blount,150 gilbreath drive,empty,empt%y#,oneonta,al,35121.0,blount,2052743000.0,acute care hospitals,voluntary non-profit - private,yes,heart attack,ami-5,heart attack patients given beta blocker at discharge,100%,,al_ami-5
986,53898.74526575227,st vincents blount,150 @@gilbreath drive,empty,empty,oneonta,al,35121.0,blount,2052743000.0,acute care hospitals,voluntary non-profit - private,,heart attack,ami-7a,heart attack patients given fibrinolytic medication within 30 minutes of arrival,empty,0 patients,al_ami-7a
987,10050.0,st vincents blount,150 gilbreath drive,empty,empty,oneonta,al,35121.0,blount,2052743000.0,acute care hospitals,voluntary non-profit - private,yes,heart attack,,heart attack patients given pci within 90 minutes of arrival,empty,0 patients,
988,10050.0,st vincents blount,150 gilbreath drive,empty,empty,,al,35121.0,blount,2052743000.0,acute care hospitals,voluntary non-profit - private,yes,heart failure,hf-1,heart failure patients given discharge instructions,50%,24 patients,al_hf-1
989,10050.0,st vincents blount,150 gilbreath drive,,empty,oneonta,al,35121.0,blount,2052743000.0,acute care hospitals,voluntary non-profit - private,ye@@s,heart failure,hf-2,heart failure patient#s given an evaluation of left ventricular systolic (lvs) function,85%,,al_hf-2
990,10050.0,,150 gilbreath drive,empty,empty,oneonta,al,35121.0,blount,2052743000.0,,voluntary non-profit - private,,heart failure,hf-3,heart failure patients given ace inhibitor or arb for left ventricular systolic dysfunction (lvsd),100%,7 patients,al_hf-3
991,10050.0,st vincents blount,,empty,,oneonta,al,35121.0,blount,2052743000.0,acute care hospitals,voluntary non-profit - private,yes,,hf-4,heart failure patients given smoking cessation advice/counseling,43%,7 patients,a%l_hf-4
992,10050.0,st vincents blount,150 gilbreath drive,empty,empty,oneonta,al,35121.0,blount,2052743000.0,acute care hospitals,voluntary non-profit - private,yes,pneumonia,pn-2,pneumonia patients assessed and given pneumococcal vaccination,74%,92 patients,al_pn-2
993,10050.0,st vincents blount,150 gilbreath drive,empty,empty,oneonta,al,35121.0,blount,2052743000.0,acute care hospitals,voluntary non-profit - private,yes,pneumonia,pn????-3b,pneumonia patients whose initial emergency room blood culture was performed prior to the administration of the first hospital dose of antibiotics,@%@83%,103 patients,al_pn-3b
994,10050.0,st vincents blount,150 gilbreath drive,empty,empty,oneonta,al,120176.96683816821,blount,2052743000.0,acute care hospitals,voluntary non-profit - private,yes,,pn-4,pneumonia patients given smoking cessation advice/counseling,83%,29 patients,al_pn-4
995,10050.0,st vincent$s bl#ount,150 gilbreath drive,empt@@y,empty,oneonta,al,35121.0,blount,,,voluntary non-profit - private,,pneumonia,pn-5c,pneumonia patients given initial antibiotic(s) within 6 hours after arrival,98%,105 patients,al_pn-5c
996,10050.0,st vincents blount,150 gilbreath drive,empty,empty,oneonta,al,35121.0,blount,2052743000.0,acute care hospitals,voluntary non-profit - private,ye$@@s,pneumonia,pn-6,pneumonia patients given the most appropriate initial antibiotic(s),77%,74 patients,al??_%pn-6
997,10050.0,st vincents blount,150 gilbreath drive,empty,empty,oneonta,#al%,35121.0,blount,8164775087.626286,,voluntary non-profit - private,yes,,pn-7,pneumonia patients assessed and given influenza vaccination,64%@@%,,al_pn-7
998,10050.0,st vincents blount,150 gilbreath drive,empty,empty,oneonta,$al#,35121.0,blount,9251145781.465717,acute care hospitals,voluntary non-profit - private,yes,surgical infection prevention,scip-card-2,surgery patients who were taking heart drugs called beta blockers before coming to the hospital who were kept on the beta blockers during the period just before and after their surgery,25%,8 patients,al_scip-card-2
999,10050.0,st vincents blount,150 gilbreath drive,,empty,oneonta,al,35121.0,blount,2052743000.0,acute care hospitals,voluntary non-profit - private,,surgical infection prevention,scip-inf-1,surgery patients who were given an antibiotic at the right time (within one hour before surgery) to help prevent infection,64%,28 patients,
1000,10050.0,st vincents blount,150 gilbreath drive,empty,empty,oneonta,al,35121.0,blount,2052743000.0,acute care hospitals,voluntary non-profit - private,yes,surgical infection prevention,,surgery patients who were given the  right kind  of antibiotic to help prevent infection,88%,25 patients,al_scip-inf-2
