ID,ProviderNumber,HospitalName,Address1,Address2,Address3,City,State,ZipCode,CountyName,PhoneNumber,HospitalType,HospitalOwner,EmergencyService,Condition,MeasureCode,MeasureName,Score,Sample,Stateavg
1,10018.0,callahan eye foundation hospital,,empty,empty,b$irmingham,al,35233.0,jefferson,2053258100.0,acute care hospitals,voluntary non-profit - private,y??es??,surgical infection prevention,scip-card-2,surgery patients who were taking heart drugs called beta blockers before coming to the hospital who were kept on the beta blockers during the period just before and after their surgery,empty,empty,al_scip-card-2
2,10018.0,callahan eye foundation hospital,1720 university blvd#,empty,em#p$ty,,al,35233.0,jefferson,2053258100.0,acute care hospitals,voluntary non-profit - private,yes,,scip-in%f@@-1,surgery patients who were given an antibiotic at the right time (within one hour before surgery) to help prevent infection,empty,,al_scip-inf-1
3,10018.0,callahan eye foundation hospital,1720 university blvd,e$mpty,empty,birmingham,al,35233.0,jefferson,2053258100.0,a$cute care hospitals,voluntary non-profit - private,yes,surgical infection prevention,scip-inf-2,surgery patients who were given the  right kind  of antibiotic to help prevent infection,empty,empty,al_scip-inf-2
4,,callahan eye foundation hospital,1720 university blvd,empty,empty,birmingha??#m,al,35233.0,jefferson,,acute care hospitals,voluntary non-profit - private,yes,surgical infection prevention,scip-inf-3,surgery patients whose preventive antibiotics we%re stopped at the right time (within 24 hours after surgery),empty,empty,al_scip-inf-3
5,10018.0,callahan eye foundation hospital,1720 university blvd,e%m$pty,empty,birmingham,al,35233.0,jefferson,2053258100.0,acute care hospitals,voluntary non-profit - private,yes,surgical infection prevention,scip-inf-4,all heart surgery patients whose blood sugar (blood glucose) is kept under good control in the days right after surgery,,empty,al_scip-inf-4
6,10018.0,callahan eye foundation hospital,1720 university blvd,empty,empty,birmingham,al,35233.0,jefferson,,acute care hospitals,,yes,surgical infec#tion prevention,scip-inf-6,surgery patients needing hair removed from the surgical area before surgery who had hair removed using a safer method (electric clippers or hair removal cream c not a razor),empty,empty,al_scip-inf-6
7,10018.0,callahan eye foundation hospital,1720 u??niversity bl@@vd,,empty,%bir#mingham,al,,,2053258100.0,acute care hospitals,,yes,surgical infection prevention,scip-vte-1,surgery patients whose doctors ordered treatments to prevent blood clots after certain types of surgeries,empty,empty,al_scip-vte-1
8,10018.0,callah$a@@n eye foundation hospital,1720 univer$sity blvd,empty,,birmingham,al,35233.0,jefferson,,acute care hospitals,voluntary non-profit - private,y#es,surgical infection prevention,scip-vte-2,patients who got treatment  at the right time (within 24 hours before or after their surgery) to help prevent blood clots after certain types of surgery,,empty,al_scip-vte-2
9,10019.0,helen keller memorial hospital,1300 south montgomery avenue,empty,empty,sheffi#eld,al,35660.0,jefferson,,acute care hospitals,government - hospital district or authority,yes,he$art attack,ami-1,heart attack patients given aspirin at arrival,9#7%,33 patients,al_ami-1
10,10019.0,,1300 south montgomery avenue,empty,empty,sheffield,al,35660.0,jefferso?$?n,2563864556.0,acute care hospitals,gove??rnment - hospi??tal district or authority,yes,heart attack,ami-2,heart attack patients g??iven aspirin $at discharge,92%,13 patients,al_ami-2
11,10019.0,helen keller memorial hospital,1300 south montgomery avenue,empty,empty,sheffield,al,35660.0,jefferson,2563864556.0,acute care hospitals,,,heart attack,%ami-#3,heart attack patients given ace inhibitor or arb for left ventricular systolic dysfunction (lvsd),75%,4 patients,al_ami-3
12,10019.0,helen keller memorial hospital,??13@@00 south montgomery avenue,empty,empty,#sheffield,al,35660.0,,9411840892.609545,acute care hospitals,government - hospital district or authority,yes,heart attack,ami-4,heart attack patients given smoking cessation advice/counseling,100%,4 patients,al_ami-4
13,10019.0,helen keller memorial hospital,1300 south montgomery avenue,,empty,sheffield,al??,35660.0,jefferson,2563864556.0,acute care hospitals,g%overnment - hospital district or auth@@ority,yes,heart attack,ami-5,heart attack patients given beta blocker at discharge,86%,14 patients,al_ami-5
14,10019.0,helen keller memorial hospital,1300 south montgomery avenue,empty,empty,sheffield,al,35660.0,jefferson,2563864556.0,acute care hospitals,government - hospital district or aut@@hority%,,heart attack,ami-7a,heart attack patients given fibrinolytic medication within 30 minutes of arrival,e@@mpty#,0 pati?$?ents,al$_ami-7a
15,10019.0,,1300 south montgomery avenue,empty,,sheffield,al,35660.0,jefferson,2563864556.0,,government - hospital district or authority,,heart attack,ami-8a,heart attack patients given pci within 90 minutes of$ arrival,empty,0 patients,
16,10019.0,helen keller memorial hospital,1300 so#uth montgomery av#enue,,,,al,35660.0,,2563864556.0,acute care hospitals,government - hospital district or authority,yes,heart failure,hf-1,heart failure patients given discharge instructions,80%,114 patients,al_hf-1
17,10019.0,helen keller memorial hospital,1300 south montgomery avenue,empty,empty??,sheffield,al,35660.0,jefferson,14350919885.77729,acute care hospitals,government - hospital district or authority,yes,heart failure,hf-2,heart failure patients given an evaluation of left ventricular systolic (lvs) function,99%,,al_hf-2
18,10019.0,helen keller memorial hospital,1300 south montgomery avenue,empty,empty,sheffield,al,35660.0,jefferson,2563864556.0,acute care hospitals,government - hosp%ital district or authority#,yes,heart failure,hf@@$-3,heart failure patients given ace inhibitor or arb for left ventricular systolic dysfunction (lvsd),,37 patients,
19,54454.973176291736,helen kelle@@r memo%rial hospital,1300 south$ montgomer#y avenue,empty,$empt??y,sheffield,al,35660.0,jefferson,2563864556.0,acute care hospitals,government - hospital district or authority,ye%s,heart failure,%hf-$4,heart failure patients given smoking cessation advice/counseling,100%,41 patients,al_hf-4
20,44596.71884141126,southeast alabama medical center,,empty,empty,dothan,al,36302.0,hou%@@ston,3347938701.0,acute care hospitals,government - hospital district or authority,yes,heart attack,ami-1,heart attack patients given aspirin at arrival,98%,270 %p??atients,al_ami-1
21,10001.0,southeast alabama medical center,1108 ross clark circle,empty,empty,dothan,al,36302.0,houston,19919906372.00894,,,,,ami-2,heart attack patients given aspirin at discharge,99%,516 #patients,al_ami-2
22,32535.79669978089,southeast alabama medical center,1108 ross clark circle,empty,empty,dothan,al,,houston,3347938701.0,acute care hospitals,government - hospital district or authority,@@ye??s,heart attack,ami-3,,96%,71 patients,al_ami-3
23,41123.876085416945,southeast alabama medical center,1108 ross clark circle,empty,empty,,al,,houston,3347938701.0,acute care hospitals,government - hospital district or authority,yes,heart a%#ttack,ami-$%4,heart# attack patie??nts given smoking cessation advice/counseling,100%,244 patients,al_ami-4
24,10001.0,southeast alabama medical center,1108 ross clark circle,empty,,dothan,a$l,36302.0,houston,3347938701.0,acute care hospitals,,yes,heart attack,ami-5,heart attack patients given beta blocker at discharge,99%,441 p#at%ients,al_ami-5
25,10001.0,southeast alabama medical center,1108 ross clark circle,empty,empty,dothan,,36302.0,houston,3347938701.0,acute care hospitals,government - hospital district or authority,yes,heart attack,ami-7a,heart attack patients given fibrinolytic medication within 30 minutes of arrival,empty,0 patients,al??_am%i-7a
26,10001.0,southeast alabama medical center,1108 ross clark circle,em??pty,empty,dothan,,36302.0,houston,17005505345.068428,acute ca#re hospitals,government - hospital district or authority,yes,heart attack,ami-8a,heart attack patients given pci within 90 minutes of $arrival,#72%,40 patients,al_ami-8a
27,10001.0,southeast alabama medical center,1108 ross clar$k circle,empt??y??,,dothan,al,36302.0,houston??,3347938701.0,,government - hospital district or authority,ye$s,heart failure,hf-1,heart failure patients given discharge instructions,78%,455 patients,al_hf-1
28,10001.0,southeast alabama medical cente??r,1108 ross clark circle,empty,%empty,dothan,al,36302.0,houston,10898105323.559523,acute care hospitals,government - hospital district or authority,ye$s??,heart failure,hf-2,heart failure patients given an evaluation of left ventricular systolic (lvs) function,99%,514 patients,al_hf-2
29,10001.0,southeast alabama medi??cal cente%r,1108 ross clark circle,empty,empty,dothan,$al,36302.0,,3347938701.0,acute care hospitals,government - hospital district or authority,yes,heart failure,hf-#3,heart failure patients given ace inhibitor or arb for left ventricular systolic dysfunction (lvsd),91%$$,,a#l_hf-3
30,10001.0,southeast alabama medical center,1108 ross clark circle,empty,empty,,al,127197.71865410786,houston,3347938701.0,acute care hospitals,government - hospital district or authority,yes,,hf-4,heart failure patients given smoking cessation advice/counseling,100%,110 patients,al_hf-4
31,10001.0,southeast alabama medical center,1108 ross clark circle,,empty,dothan,al,36302.0,houston,3347938701.0,acute care hospitals,government - hospital district or author%ity,yes??,pneumonia,pn-2,,93%,,al_pn-2
32,33235.74358344097,southeast alabama medical center,1108 ross clark circle,,empty,dothan,al,36302.0,houston,3347938701.0,acute care hospitals,government - hospital district or authority,,pneum@@onia,??p@@n-3b,pneumonia patients whose initial emergency room blood culture was performed prior to the administration of the first hospital dose of antibiotics,89%,125 patients,al_pn-3b
33,10001.0,southeast alabama medical center,1108 ross clark circle,,empty,dothan,al,36302.0,houston,,,government - hospital district or authority,yes,pneumonia,pn-4,,99%,107 patients,al_pn-4
34,50493.536807137534,southeast alabama medical center,1108 r??oss clark c%ircle,empty,%empty#,dothan,al,36302.0,houston,3347938701.0,acute care hospitals,government - hospital district or authority,yes,pneumonia,pn-5c,pneumonia patients given initial antib#iotic(s) within 6 hours after arrival,92%,196 patients,al_pn-5c
35,,southeast alabama medical center,1108 ross clark circle,empty,empty,dothan,al,172417.1994543408,,3347938701.0,acute care hospitals,government - hospital district or authority,yes,pneumonia,pn-6,pneumonia patients given the most appropriate initial antibiotic(s),80%,147 patients,al_pn-6
36,10001.0,southeast alabama medical center,1108 ross clark circle,empty,empty,@@d??othan,al,36302.0,houston,3347938701.0,acute care hospitals,government - hospital district or authority,yes,pneum$oni#a,p@@%n-7,pneumonia patients assessed and given influenza vaccination,84%,,al_pn-7
37,10001.0,,1108 ross clark circle,emp#ty,empty,,a#l%,36302.0,,19359655635.10255,acute# care hospitals,government - hospital district or authority,yes,s??urgical infection prevention,scip-card-2,,72%,79 patients,al_scip-card-2
38,10001.0,southeast alabama medical ??c@@enter,1108 ross clark circle,empty,empty,dothan,al,36302.0,houst@@on,,acute care hospitals,government - hospital district or authority,yes,surgical infection prevention,scip-inf-1,surgery patients who were given an antibiotic at the right time (within one hour before surgery) to help prevent infection,,#399 patients,al_scip-inf-1
39,,southeast alabama medical center,1108 ross clark circle,empty,empty,dothan,al,124639.63410985142,,3347938701.0,acute care hospitals,government - hospital district or authority,%$yes,surgical in@@fec??tion prevention,scip-inf-2,surgery patients who were given the  right kind  of antibiotic to help prevent infection,,405 patients,al_scip-inf-2
40,10001.0,southeast alabama medical center,1108 ross clark circle,empty,empty,do%than,al,158217.71559179664,houston,3347938701.0,acute #care hospitals@@,government - hospital district or authority,yes,,$scip-inf-3,surgery patients whose preventive antibiotics were stopped at the right time (within 24 hours after surgery),,385 patients,al_scip-inf-3
41,10001.0,southeast alabama medical center,1108 ross clark circle,empty,empty,dothan,al,36302.0,houston,3347938701.0,acute care hospitals,government - hospital district or authority,,surgical infection prevention,scip-inf-4,all heart surgery patients whose blood sugar (blood glucose) is kept under good control in the days right after surgery,$96@@%,136 patients,al_scip-inf-4
42,10001.0,southeast alabama medical center,1??108 ross clark circ%le,,empty,dothan,al,201061.0847476621,,3347938701.0,acute care hospitals,government - hospital district or authority,,,scip-inf-6,,90%,537 patients,al_$scip#-inf-6
43,45446.3124869339,southeast alabama medical center,1108 ross clark circle,e%mpty$,,dothan,?@@?al,,houston,3347938701.0,acute care hospitals,government - hospital district or authority,,surgical infection prevention,scip-vte-1,surgery patients whose doctors ordered treatments to prevent blood clots after certain types of surgeries,86%,185 patients,al_scip-vte-1
44,36900.11502182108,southeast alabama medical center,1108 ross clark circle,,empty,dothan,al%??,36302.0,houston,20019201309.960766,acute care hospitals,government - hospital district or authority,,surgical infection prevention,scip-vte-2,patients who got treatment  at the right time (within 24 hours before or after their surgery) to help prevent blood clots after certain types of surgery,83%,184 patients,al_scip-vte-2
45,,marshall medical center south,2505 u s highway 431 north,empty,empty,bo$az,al,35957.0,%mar@@shall,2565938310.0,acute care hospitals,,yes,heart attack,ami-1,heart attack patients given aspirin at arrival,80%,20 patients,
46,10005.0,marshall medical center south,2505 u s highway 431 north,empty,empty,boaz,al,35957.0,marshall,2565938310.0,acute care hospitals,government - hospital district or authority,yes,heart attack,ami-2,heart attack pati$ents given aspiri#n at discharge,60%,5 patients,al_ami-2
47,10005.0,,2505 u s highway 431 north,empty,empty,boaz,al,35957.0,marshall,2565938310.0,acute care hospitals,government - hospital district or authority,yes,heart atta%ck,a??mi??-3,heart attack patients given ace inhibitor or arb for left ventricular systolic dysfunction (lvsd),100%,2 patients,a%$l_ami-3
48,10005.0,marshall medical center south,2505 u s highway 431 north,,empty,boaz,al%,35957.0,marshall,2565938310.0,acute care hospitals,government - hospital district or authority,$yes,heart attack,ami-4,,emp??ty,0 patients,al_ami-4?%?
49,10005.0,marshall medical center south,2505 u s highway 431 north,empty,empty,b$oa??z,al,35957.0,marshall,2565938310.0,acute care hospitals,government - hospital district or authority,yes%,heart attack,ami-5,heart attack patients given beta blocker at discharge,100%,5 patients,al_ami-5
50,,marshall medical center south,2505 u s highway 431 north,empty,empty,b%oa#z,al,35957.0,$marshall,2565938310.0,%acute care hospitals,government - hospital district or authority,yes,heart attack,ami%-7a,heart attack patients given fibrinolytic medication within 30 minutes of arrival,,0 patients,al_ami-7a
51,10005.0,marshall medical cent??er sout@@h,2505 u s highway 431 north,empty,empty,boaz,al,35957.0,marshall,2565938310.0,acute care hospi$tals,government - hospital district or authority,yes,,ami-8a,heart attack patients given pci within 90 minutes of arrival,empty,0 pati@@ents,
52,10005.0,marsha??ll medical center south,2505 u s highway 431 north,empty,empty,boaz,al,35957.0,marshall,2565938310.0,acute care hospitals,government - hospital district or authority,yes,heart ??fai??lure,hf-1,heart failure patients given discharge instructions,78%,110 patients,al_hf-1
53,,marshall medical center south,2505 u s highway 431 north,empty,,,al,35957.0,marshall,2565938310.0,acute care hospitals,government - hospital district or @@autho%rity,yes,heart failure,hf-2,heart failure patients given an eva$luation of left ventricular systolic (lvs) function,99%??,160 patients,a??l_hf-2
54,10005.0,marshall medical center south,2505 u s highway 431 north,empty,empty,boa??z$,al,35957.0,marshall,2565938310.0,acute care hospitals,government - hospital district or authority,yes,heart f??ailure%,hf-3,heart failure patients given ace inhibitor or arb for left ventricular systolic dysfunction (lvsd),90%,69 patients,al_hf-3
55,10005.0,,2505 u s highway 431 north,empty,empty,boaz,a$l%,35957.0,marshall,,acute care hospitals,government - hospital district or authority,yes,heart failure,hf-4,,94%%#,34 patients??,al_hf-4
56,53736.73195838821,marshall medical center south,2505 u s highway 431 north,empt%y,empty,boaz,al,35957.0,marshall,2565938310.0,acute care hospitals,government - hospital district or a$uthority,$yes,pneumonia,pn$-2,pneumonia patients assessed and given pneumococcal vaccination,97%,172 patients,
57,10005.0,marshall medical center south,2505 u s highway 431 north,empty,empty,boaz,,35957.0,marshall,2565938310.0,acute care hos%pitals,government - hospital district or authority,yes,pneumonia,pn-3b,pneumonia patients whose initial emergency room blood culture was performed prior to the administration of the first hospital dose of antibiotics,,120 patients,al_pn-3b
58,42427.91934818684,marshall medical center south,2505 u s highway 431 north,@@empt@@y,empty,??boaz,al,35957.0,marshall,,acute care hospitals,,yes,pneumonia,pn-4,pneumonia patients given smoking cessation advice/counseling,97%,,
59,10005.0,marshall medical center south,2505 u s highway 431 north,empty,empty,boaz,al%,35957.0,marshall,2565938310.0,acute care hospital$s,??government - hospital district or autho%rity,yes,pneumonia,pn-5c,pneumonia patients given initial antibiotic(s) within 6 hours after arrival,96??%,211 patients,
60,10005.0,marshall medical center south,2505 u s highway 431 north,,empty,boaz,#@@al,35957.0,marshall,10839081922.074965,acute care hospitals,,yes,pneumonia,pn-6,pneumonia patients given the most appropriate initial antibiotic(s),92%,175 patients,al_pn-6
61,48016.892946151595,marshall medical center south,2505 u s highway 431 north,empt%y,empty,boaz,al,35957.0,marshall,,acute care hospitals,government - hospital district or authority,yes,pneumonia,pn-7,pneumonia %patients assessed and given influ$enza vaccination,81%,118 patients,al_pn-7
62,10005.0,,2505 u s highway 431 north,empty,empty,boaz,al,35957.0,marshall,2565938310.0,acute care hospitals,government - hospital district or authority,yes,surgic$al infection prevention,scip-card-2,surgery patients who were taking heart drugs called beta blockers before coming to the hospital who were kept on the beta blockers during the period just before and after their surgery,36%,14$ patients,al_scip-card-2
63,10005.0,marshall medical center south,2505 u s highway 431 north,empty,empty,boa%z,al,35957.0,#marsha%ll,2565938310.0,acute care hospitals,government - hospital district or authority,yes,surgical infection prevention,scip-inf-1,surgery patients who were given an antibiotic at the right time (within one hour before surgery) to help prevent infection,96%,168 patients,al_scip-inf-1
64,10005.0,marshall medical center south,2505 u s highway 431 north,empty,empty,boaz,??al,35957.0,marshall,2565938310.0,acute care hospitals,government - hospita$l district or aut@@hority,yes,surgical infection prevention,@@scip$-inf-2,surgery patients who were given the  right kind  of antibiotic to help prevent infection,93%,167 patients,al_scip-inf-2
65,10005.0,marshall medical cen#ter south,2505 u s highway 431 north,empty,empty,boaz,al,35957.0,ma#rsh#all,2565938310.0,acute care hospitals,,yes,surgical infection prevention,,surgery patients whose preventive antibiotics were stopped at the right time (within 24 hours after surgery),,158 patients,al_scip-in??f-%3
66,10005.0,marshall medical center south,2505 u s highway 431 north,empty,empty,boaz,al@@,120446.86415014474,marshall,2565938310.0,acute care hospitals,government - hospital distric#t or authority,yes,surgical infection prevention,scip-inf-4,all heart surgery patients whose blood sugar (blood glucose) is kept under good control in the days right after surgery,empty,0 patients,al_scip-inf-4
67,48327.69997974127,??marshall medical center south,2505 u s highway$ $431 north,empty,empty,boaz,al,141031.49894295912,marshall,9504151505.952206,acute care hospitals,government - hospital district or authority,yes,surgical infection prevention,scip-inf-6,surgery patients needing hair removed from the surgical area before surgery who had hair removed using a safer method (electric clippers or hair removal cream c not a razor),100%,237 patients,al_scip-inf-6
68,10005.0,marshall medical center south,2505 u s highway 431 north,empty,empty,b%oaz$,al,35957.0,marshall,2565938310.0,acute care hospitals,government - hospital district or authority,yes@@,surgical infection prevention,scip-vte-1,surgery patients whose doctors ordered treatments to prevent blood clots after certain types of surgeries,78%,76 %%patients,al_scip-vte-1
69,,marshall medical center south,2505 u s highway 431 north,empty,empty,boaz,al,,marshall,2565938310.0,,government - hospital district or authority,yes,surgical infection prevention,scip-vte-2,patients who got treatment  at the right time (within 24 hours before or after their surgery) to help prevent blood clots after certain types of surgery,7??4%@@,76 patients,
70,47399.79247580266,eliza coffee memorial hospital,205 marengo street,empty,empty,flore#nce#,al,35631.0,lauderdale,2567688400.0,acute care hospitals,voluntary non-profit - other,yes,,ami-1,heart attack patients given aspirin at arrival,97%,159 patients,al_ami-1
71,43007.99184467919,eliza coffee memorial hospital,205 marengo street,empty,,florence,al,35631.0,lauderdale,2567688400.0,acute care hospitals,voluntary non-profit - other,yes,heart attac%k,a#??mi-2,heart attack patients given aspirin at discharge,96%,247 patients,al_ami-2
72,10006.0,eliza coffee memorial hospital,205 marengo street,empty,empty,flor@@ence,al,35631.0,,2567688400.0,acute care hospitals,,yes,heart attack,ami-3,heart attack patients given ace inhibitor or arb for left ventricular systolic dysfunction (lvsd),93%,43 patients,al_ami-3
73,10006.0,,205 marengo street,empty,empty,florence,al,35631.0,la$ude#rdale,2567688400.0,acute care hospitals,voluntary non-profit - other,yes,heart attack,am#i-#4,heart attack patients given smoking cessation advice/counseling,100%,103 patients,al_a@@mi$-4
74,10006.0,eliza coffee memorial hospital,205 marengo street,empty,empty,florence,al,,lauderdale,2567688400.0,acute care hospitals,voluntary non-profit - other,??yes,heart attack,ami-5,heart attack patients given beta blocker at discharge,9#6%,2$27 patients,al_ami-5
75,10006.0,,205 marengo street,empty,e$mpty,florence,al,35631.0,lauderdale,2567688400.0,acute care hospitals,voluntary non-profit - other,yes,heart attack,??ami-7a,heart attack patients given fibrinolytic medication within 30 minutes of arrival,%e$mpty,0 patients,al_ami-7a
76,10006.0,eliza coffee memorial hospital,205 marengo street,empty,empty,florence,al,35631.0,lauderdale,13824150021.205254,acute care hospitals,voluntary non-profit - other,,heart attack,ami-8a,heart attack patients given pci within 90 minutes of arrival,98%,61 patients,al_ami-8a
77,10006.0,eliza coffee memorial hospital,205 marengo street,empty,empty,florence,al,35631.0,,2567688400.0,acute care hospitals,voluntary non-profit - other,,heart failure,hf@@-1,heart failure patients given discharge instructions,,217 patients,al_hf-1
78,10006.0,eliza coffee memorial hospital,,empty,e%mpty,florence,al,35631.0,lauderdale,13641055446.974426,acute care hospitals,volunta#ry non-profit - other,yes,heart failure,hf-2,heart failure patients given an evaluation of left ventricular systolic (lvs) function,97%,259 patients,a$l_hf-2
79,10006.0,eliza coffee memorial hospital,$2%05 marengo street,,empty,flo%r@@ence,al,35631.0,lauderdale,2567688400.0,acute care hospitals,voluntary non-profit - ot#her,yes,heart failure,hf-3,heart failure patients given ace inhibitor or arb for left ventricular systolic dysfunction (lvsd),82%,84 #pati$ents,al_hf-3
80,39323.587614274475,eliza coffee memorial hospital,205 marengo street,empty,empty,florence,al,35631.0,lauderdale,13726244798.95144,acute care hospitals,voluntary non-profit - other,yes,heart failure,hf-@@4,heart failure patients given smoking cessation advice/counseling,,53 patients,
81,10006.0,,205 marengo street,,empty,,al,35631.0,,2567688400.0,acute care hospitals,voluntary non%-profit - o%ther,yes,pneumonia,pn-2,pneumonia patients assessed and given pneumococcal vaccination,90%,,
82,,eliza coffee memorial hospital,,empty,empty,florence,a??l#,35631.0,lauderdale,,acute care hospitals,voluntary non-profit - other,yes,pneumonia,pn-3b,pneumonia patients whose initial emergency room blood culture was performed prior to the administration of the first hospital dose of antibiotics,95%,1??37 patient??s,al_pn-3b
83,10006.0,eliza coffee memorial hospital,205 marengo street,empty,@@empty,florence,al,35631.0,lauderdale,2567688400.0,acute @@care ho#spitals,voluntary non-profi@@t - other,yes,pneumonia,pn-4,pneumonia patients given smoking cessation advice/counseling,100%,65 patients,al_pn-4
84,10006.0,eliza coffee memorial hospital,205 marengo street,em$pty,emp??ty,florence,,35631.0,lauderdale,2567688400.0,acute care hospitals,,??yes,pneumonia,pn-5$c@@,pneumonia patients given initial antibiotic(s) within 6 hours after arrival,96%,200 patients,al_pn-5c
85,10006.0,eliza coffee memorial hospital,205 marengo street,empty,emp$ty,florence,al,35631.0,lauderdale,,,voluntary non-profit - other,yes,pneumonia,pn-6,pneumonia patients give@@n the most appropriate initial antibiotic(s),91%,138 patients,al_pn-6
86,10006.0,eliza coffee memorial hospital,205 marengo street,empty,empty,floren@@ce,al,35631.0,lauderdale,2567688400.0,acute care hospitals,voluntary non-profit - o??ther,yes,pneumonia,pn-7,pneumonia patien@@ts assessed and given influenza vacc%ination,88%,85 patients,
87,10006.0,,205 marengo street,,empt$y,florence,%al,35631.0,lauderdale,10124038861.085045,acute care hospitals,voluntary non-profit - other,yes,surgical infection prevention,scip-card-2,surgery patients who were taking heart drugs called beta blockers before coming to the hospital who were kept on the beta blockers during the period just before and after their surgery,96%,107 patients,al_scip-card-2
88,,eliza coffee memorial hospital,205 marengo street,e@@$mpty,empty,florence,al,35631.0,lauderdale,2567688400.0,,voluntary non-profit - other,yes,surgical infection prevention,scip-inf-1,surgery patients who were given an antibiotic at the right time (within one hour before surgery) to help prevent infection,99%,457 patients%,al_scip-inf-1
89,,eliza coffee memorial hospital,205 marengo street,@@empty,emp%t#y,florence,al,35631.0,lauderdale,2567688400.0,acute care hospitals,voluntary non-profit - other,yes,surgical infection prevention,scip-inf-2,surgery patients who were given the  right kind  of antibiotic to help prevent infection,9#9%,462 patients,al_scip-inf-2
90,10006.0,eliza coffee memorial hospital,205 marengo street,empty,empty,florence,al,35631.0,lauderd@@ale,14218212985.217964,acute care hospitals,voluntary non-profit - other,yes,surgical infection prevention,sci$$p-inf-3,surgery patients whose preventive antibiotics were stopped at the right time (withi@@n 24 hours a#fter surgery),94%,439 patients,al_scip-inf-3
91,10006.0,eliza coffee memorial hospital,205 marengo s%tre%et,empty,empty,florence,al,35631.0,lauderda@@??le,2567688400.0,acute care hospitals,,$y$es,surgica??l i@@nfection prevention,scip-inf-4,all heart surgery patients whose blood sugar (blood glucose) is kep%t under good control in the days right after su@@rgery,89%,130 patients,al_scip-inf-4
92,10006.0,eliza coffee memorial hospital,205 marengo street,empty,empty,florence,al,35631.0,lauderdale,2567688400.0,acute care hospitals,vo%lunta%ry non-profit - other,yes,surgic%al infection prev%ention,scip-inf-6,surgery patients needing hair removed from the surgical area before surgery who had hair removed using a safer method (electric clippers or hair removal cream c not a razor),100%,619 patients,al_scip-inf-6
93,10006.0,eliza coffee memorial hospital,205 marengo street,empty,empty,florence,al,35631.0,lauderdale,2567688400.0,acute care hospitals,,yes,surgical infection prevention,scip-vte-1,surgery patients whose doctors o@@r#dered treatments to prevent blood clots after certain types of surgeries,95%,242 patients,al_scip-vte-$1
94,,eliza coffee memorial hospital,205 marengo street,e@@mpty,e%m#pty,florence,al,35631.0,lauderdale,2567688400.0,acute care hospitals,voluntary non-profit - other,yes,s$urgical infection prevention,scip-vte-2,patients who got treatment  at the right time (within 24 hours before or after their surgery) to help prevent blood clots after certain types of surgery,92%,242 patients,al_s#cip-vte-2
95,10007.0,mizell memorial hospital,702% n main st,empty,empty,opp,,36467.0,,3344933541.0,,voluntary non-profit - private,no@@@@,heart attack,ami-1,heart attack patients given aspirin at arrival,60%,5 patients,al_ami-1
96,,,702 n@@ main #st,empty,empty,opp,al,36467.0,covington,3344933541.0,ac??ute care hospitals,voluntary non-profit - private,no,heart attack,ami-2,heart attack patients given aspirin at #di#scharge,50%,2 patients,
97,10007.0,mizell memorial hospital,702 n main st,empty,empty,opp,,36467.0,covington,3344933541.0,acute care hospitals,,no,heart attack,ami-3,heart attack patients given ace inhibitor or arb for left ventricular systolic dysfunction (lvsd),empty,0 pati%ents,al_ami-3
98,10007.0,mizell memorial hospit@@al,702 n main st,empty,empty,,al,36467.0,covington,3344933541.0,acute care hospitals,voluntary non-profit - private,no,heart attack,ami-4$,heart attack patients gi%ven smoking ce#ssation advice/counseling,empty,0 patients,al_ami-4
99,10007.0,mizell memorial hospital,702 n main st,empty,empty,o#pp,al,36467.0,covington,3344933541.0,acute care hospitals,voluntary non-profit - private,no,heart attack,ami-5,heart attack patients given beta blocker at discharge,100%,2 patients,al_ami-5
100,,mizell memorial hospital,702 n main st,empty,empty,opp,,36467.0,covington,3344933541.0,acute care hospitals,voluntary non-profit - private,no,heart attack,ami-7a,heart attack patients given fibrinolytic medication within 30 minutes of arrival,e%mp%ty,,al_ami-7a
101,43993.365958777984,,702 n main st,empty,empty,op#p@@,al,36467.0,co??vington,3344933541.0,acute care hospitals,voluntary non-profit - private,no,heart attack,,heart attack patients given pci within 90 minutes of arrival,empty,0 patients,al_$??ami-8a
102,10007.0,mizell memori??al hospita%l,702 n main st$,empty,empty,opp,al,36467.0,covington,3344933541.0,acute care hospitals,voluntary non-profit - private,no,heart failure,hf-1,heart failure patients given discharge instructions,98%,,al_hf-1
103,,,702 n main st,,empty,opp,,201807.86412866344,,3344933541.0,acute care hospitals,voluntary non-profit - private,no,heart failure,hf-2,heart failure patients given an evaluation of left ventricular systolic (lvs) function,8#$7%,76 patients,
104,10007.0,mizell memorial ho$spital,702 n main st,empty,empty,opp,al,36467.0,covington,13830946623.073856,acute care hospitals,,no,heart failure,,heart failure patients given ac@@e inhibitor or arb for left ventricular systolic dysfunction (lvsd),64%,14 patients,al_hf-3
105,10007.0,,702 n main st,empty,empty,,al,36467.0,@@co%vington,3344933541.0,acute care hospitals,voluntary non-profit - private,no,heart failure,hf-4,heart failure patients given smoking cessation advice/counseling,$100%#,8 patients,al_hf-4
106,10007.0,mizell memorial hospital,702 n main st,empty,empty$??,opp,al,36467.0,covingto#n,12061931387.759033,acute care hospitals,voluntary non-profit - private,no,pneumonia,pn-2,pneumonia patients assessed and given pneumococcal vaccination,87%,85 patien@@#ts,al_pn-2
107,10007.0,mizell memorial hospital,702 n main st,empty,empty#,opp,al????,36467.0,cov$ingt#on,3344933541.0,acute care hospitals,voluntary non-profit - private,no,pneumonia,pn-3b,pneumonia patients whose initial emergency room blood culture was performed prior to the administration of the first hospital dose of antibiotics,78%,64 ??pat%ients,al_pn-3b
108,10007.0,m#izell memorial h#ospital,702 n main st,,,opp,al,36467.0,covington,17323938041.762714,acute care hospitals,voluntary non-profit - private,n#o,pneumonia,pn-4,pneumonia patients given smoking cessation advice/counseling,100%,28 patients,al??_@@pn-4
109,10007.0,mizell memorial hospital,702 n main st,empty,empty,opp,al,36467.0,covingt%on,3344933541.0,,voluntary non-profit - private,,pneumonia,pn-5c,pneumonia patients given initial antibioti$c(s) within 6 hours after arrival,??9$5%,87 patients,al_pn-5c
110,,mizell memorial hospital,702 n main st,empty,empty,opp,al,36467.0,covington,3344933541.0,acute care hospitals,,#no%,pneumonia,,pneumonia patients given the most appropriate initial antibiotic(s),88%,57 patients,al??%_pn-6
111,44041.51705905532,mizell memorial hospital,702 n main st,empty,empty,opp,al,36467.0,@@covington,3344933541.0,acute care hospitals,v@@oluntary non-profit - private,no,pneumonia,pn-7,pneumonia patients assessed and given@@ influenza vaccination,,63 patients,al_pn-7
112,10007.0,mizell memorial hospital,702 n main st,empty,empty,opp,al,36467.0,covington,3344933541.0,acute care hospitals,voluntary non-profit - private,no,surgical i??nfection prevention,scip-ca@@@@rd-2,surgery patients who were taking heart drugs called beta blockers before coming to the hospital who were kept on the beta blockers during the period just before and after their surgery,91%,11 patients,al_scip-card-2
113,10007.0,mizell memorial hospital,702 n main st,empty,em#p$ty,opp,al,36467.0,covington,,,,,surgical infection prevention,scip-inf-1,surgery patients who were given an antibiotic at the right time (within one hour before surgery) to help prevent infection,88%,1@@??01 patients,al_scip-inf-1
114,53048.57239649694,mizell memorial hospital,702 n main st,e??mpty,empty,opp,al,36467.0,covington,3344933541.0,acute care hospitals,voluntary non-profit - private,no#,surgical infection preventio#n,scip-inf-2,surgery p%atients who were given the  right kind  of antibiotic to help prevent inf%ection,9????1%,101 patients,al_scip-inf-2
115,10007.0,mizell memorial hospital,702 n main st,,@@empty,opp,@@??al,36467.0,,3344933541.0,acute care hospitals,voluntary non-profit - private,no,surgical $infection prevention,,surgery patients whose preventive antibiotics were stopped at the right time (within 24 hours after surgery),93%,100 patients,al_s%cip-in#f-3
116,10007.0,mizell memorial hospital,702 n main st,empty,empty,o%pp,al,36467.0,covington,3344933541.0,acu#te?? care hospitals,voluntary non-profit - private,,surgical infection prevention,scip-inf-4,all heart surgery patients whose blood sugar (blood glucose) is kept under good control in the days right after surgery,empty,0 patients,al_scip-inf-4
117,10007.0,miz%ell memorial hospital@@,702 n main st,empty,empty,??opp,al??,36467.0,covington,3344933541.0,acute care hospitals,,,surgical infection prevention,scip-inf-6,surgery patients needing hair removed from the surgical area before surgery who had hair removed using a safer method (electric clippers or hair removal cream c not a razor),100%,@@123 patients@@,al_scip-inf-6
118,10007.0,mizell memorial hospital,702@%@ n main st,empty,empty,opp,al,36467.0,covington,15543770174.69688,,voluntary non-profit - private,no,surgical infection p??re%vention,scip-vte-1,surgery patients whose doctors ordered treatments to prevent blood clots after certain types of surgeries,87%,77 patients,a??l_scip-vte-1$
119,10007.0,mizell memorial hospital,702 n main st,empty,empty,opp,al,36467.0,covington,3344933541.0,acute care hospitals,voluntary non-profit - private,no,surgical infection prevention,scip-vte-2,,88%,76 patients,al_scip-vte-2
120,10008.0,crenshaw community hospital,,empty,empty,luverne,al,36049.0,crenshaw,3343353374.0,acute care hospitals,government - federal,yes,heart attack,ami-1,heart attack patients given aspirin at arrival,0%,1 patients,al_ami-1
121,10008.0,crenshaw community hospital,,empty,empty,luverne,al,36049.0,crenshaw,3343353374.0,acute care hospitals,,yes,heart attack,ami-2,,100%,1 patients,al_ami-2
122,10008.0,crenshaw community hospital,101 h#ospital circle,empt$y,,luverne,al,36049.0,crenshaw,,acute care hospitals,governm%ent - feder#al,yes,heart attack,ami-3,heart attack patients given ace inhibitor or arb for left ventricular systolic dysfunction (lvsd),empty,0 patients,al_ami-3
123,10008.0,crenshaw community hospital,101 hospital circle,,,luverne,al,,crenshaw,3343353374.0,acute care hospitals#,government - fede%ral,yes,heart attack,ami-4,heart attack patients given smoking cessation advice/counseling,empty,,al_ami-4
124,44471.802120670305,crenshaw communit@@y hospi$tal,101 hospital circle,empty,empty,luverne,al,36049.0,crenshaw,3343353374.0,acute care hospitals,government - federal,yes,heart attack,ami-5,heart attack patients given beta blocker at discharge,0%%,1 patients,
125,10008.0,crenshaw community hospital,101 hospital circle,em$pty,empty,luverne,al,36049.0,,3343353374.0,,government - federal,yes,heart attack,,heart attack patients given fibrinolytic medication within 30 minutes of arrival,empty,0 patients,
126,10008.0,,,empty,,luverne,al,211008.80780304736,crenshaw,3343353374.0,acute care hospitals,go#vernment - federa#l,yes,heart attack,ami-8a,heart attack patients given pci within 90 minutes of arrival,empty,0 patients,al_ami-8a
127,30177.012569846705,,101 hospital circle,em#pt%y,empty,luverne,al,36049.0,crenshaw,3343353374.0,acute care hospitals,government - federal,yes,heart failure,hf-1,heart failure patients given discharge instructions,@@4%$,26 patients,al_hf-1
128,49190.18134446587,crenshaw community hospital,101 hospital circle,empty,empty,luverne,al,113642.34033936993,crensh??aw,3343353374.0,acute care hospitals,government - f#ederal,yes,heart failure,hf-2,heart failure patients given an evaluation of left ventricular systolic (lvs) function,72%,39 patients,al_hf-2
129,10008.0,crenshaw community hospital,101 hospital circle,empty,emp$ty,luverne,al,36049.0,crenshaw,3343353374.0,acute care hospitals,,yes,heart f#ailur@@e,hf-3,,75%,8 patients,al_hf-3
130,10008.0,crenshaw community hospital,101 hospital circle,empty,empty,luverne,al,36049.0,crenshaw,3343353374.0,acute care hospitals,government - federal,,$heart failure,hf-4,heart failure patients given smoking cessation advice/counseling,0%,5 patients,al_hf-4#
131,10008.0,crenshaw community hospital,101 hospital circle,empty,empty,luverne,al,193333.04493208576,crenshaw,3343353374.0,acute care hospitals,government - federal,??$yes,pneumonia,pn-2,pneumonia patients assessed and given pneumococcal vaccination,25%,$16 %patients,al_pn-2
132,10008.0,crensh#aw community hospit$al,101 hospital circle,@@empty,empty,l?$?uverne,al@@,,,,acut$e care hospitals,g@@overnment - feder#al,??yes,,%pn-3b,pneumonia patients whose initial emergency room blood culture was performed prior to the administration of the first hospital dose of antibiotics,93%,15 patients,al_pn@@-3b
133,10008.0,crenshaw% community hospi@@tal,101 hospital circle,empty,empty,luverne,a@@l??,36049.0,crenshaw,3343353374.0,acute care hosp%itals,government - @@federal,yes,,pn-4,pneumonia patients given smoking cessation advice/counseling,33%,9 patient??s,al_pn-4
134,10008.0,crenshaw community hospit??al,101 hospital circle,empty,,@@luverne,al,36049.0,crenshaw,3343353374.0,acute care hospitals,,yes,pneumonia,pn-5c,pneumonia patients given initial antibiotic(s) within 6 hours after arrival,95%,21 patients,al_pn-5c
135,48463.7647953911,crenshaw community hospital,101 hospital circle,empty,empty,luverne,al,36049.0,crenshaw,13813244841.043907,acute care hospitals,government - federal,yes,pneumonia,pn-6,pneumonia patients given the most appropriate initial antibiotic(s),62%,21 patients,a$l_pn-6
136,10008.0,crenshaw community hospital,101 hospital circle,empty,,luverne,al,36049.0,crenshaw,3343353374.0,acute care hospitals,government - federal,,pneumonia,p@@n-7,pneumonia patients assessed and given influenza vaccination,47%,,al_pn-7
137,10008.0,crenshaw community hospi??tal$,101 hospital circle,empty,empty,luverne,al,36049.0,crenshaw,,acute care hospitals,government - federal,yes,surgical infection prevention,,surgery patients who were taking heart drugs called beta blockers before coming to the hospital who were kept on the bet$a blockers during the period just before and after their surgery,100%,1 patients,al_scip-card-2
138,,crenshaw community hospital,101 hospital circle,empty,empty,,al,36049.0,cr#enshaw,3343353374.0,acute care hospitals,government - federal,yes,surgical infection prevention,scip-inf-??1,surgery patients who were given an antibiotic at the right time (within one hour before surgery) to help prevent infection,100%,2 patients,??al_scip-inf-1
139,,crenshaw community hospital,101 hospital circle,empty,empty,l@@$uverne,al,161510.160863722,crenshaw,3343353374.0,acute care hospitals,govern@@ment - federa??l,yes,surgical infection prevention,scip-inf-2,surgery patients who were given the  right kind  of antibiotic to help prevent infection,100%,2?? pati@@ents,al??_scip-inf-2
140,,crenshaw community hospital,101 hospital# circl#e,empty,empty,luverne,al,36049.0,crenshaw,12852249868.016273,acute care hospitals,government - federal,,surgical infection prevention,scip-inf-3,surgery patients whose preventive antibiotics were stopped at the right tim??e (within 24 hours after surgery),100%,2 patients,al_scip-inf-3
141,10008.0,crenshaw community hospital,101 hospital circle,,empty,luverne,@@al,36049.0,cr#enshaw$,,acute care hospitals$,government - federal,$yes,surgical infection prevention,,all heart surgery patients whose blood sugar (blood glucose) is kept under good control in the days right after surgery,empty,0 patients,al_scip-inf-4
142,10008.0,crenshaw community hospital,101 hospital circle,empty,,luverne##,al,36049.0,$crensha$w,3343353374.0,,government - federal,y@@es,surgical infection prevention,scip-inf-6,surgery patients needing hair removed from the surgical area before surgery who had hair removed using a safer method (electric clippers or hair removal cream c not a razor),100%,4 patients,al_scip-inf-6
143,10008.0,,101 hospital circle,empty,empty,luverne,al,,crenshaw,3343353374.0,acute care hospitals,government - federal,yes,surgical infection prevention,scip-vte-1,surgery patients whose doctors ordered treatments to prevent blood clots after certain types of surgeries,100%,4 patients,al_scip-vte-1
144,10008.0,crenshaw community hospital,101 hospital circle,empty,??empty,luverne,al,36049.0,crenshaw,3343353374.0,,government - federal,yes,surgical infection prevention,scip-vte-2,patients who got treatment  at the right time (within 24 hours before or after their surgery) to help prevent blood clots after certain types of surgery,100%,4 patients,al_scip-vte-2
145,34316.1322193535,hartselle medical center,201 pine street northwest,empty,empty$,hartselle,al,35640.0,morgan,2567736511.0,acute care hospitals,proprietary,yes,heart attack,ami-1,heart attack patients given aspirin at arrival,100%,6 patients,al_ami-1
146,10009.0,hartselle medical center,201 pine stree#t n#orthwest,empty,empty,hartselle,al,35640.0,morgan,14827720001.128338,acute care hospitals,proprietary,yes,heart attack,ami-2,heart attack patients given aspirin at discharge,100??%,1 patients,al_ami-2
147,35434.22180895481,hartselle medical center,201 pine street northwest,empty,,hartselle,al,,mor%g#an,2567736511.0,acute care hospitals,propri??eta$ry,yes,heart attack,ami-3,heart attack patients given ace inhibitor or arb for left ventricular systolic dysfunction (lvsd),,1 patients,al_ami-3
148,10009.0,,201 pine street northwest,,empty,??hart$selle,al,,morgan,2567736511.0,acut%e care hospitals,proprietary,yes,,ami-4,heart attack patients given smoking cessation advice/counseling,100%,2 patients,al_ami-4
149,10009.0,hartselle medical center,201 pine street northwest,emp#t%y,empty,hartselle,al,35640.0,morgan,2567736511.0,acute care hospitals,proprietary,yes,,,heart attack patients given beta blocker ??at discharge,100%,3 patients,al_ami-5
150,59842.832280983246,hartselle medical center,201 pine street northwest,empty,empty,hartse#l#le,al,,morgan,14096262702.58537,acute care h@@ospitals,proprietary,,,ami-7a,heart attack patients given fibrinolytic medication within 30 minutes of arrival,empty,0 patients,al_ami-7a
151,10009.0,hart@@??selle medical center,201 pine street northwest,empty,empty,hartselle,al,109663.55605878294,morgan,14379157609.558828,acute care hospitals,proprietary,yes,,ami-8a,heart attack patients given pci within 90 minutes of arrival,empty,0 patients,al_ami-8a
152,10009.0,hartselle medical center,201 pine street northwest,empty,empty,hartselle,a$@@l,35640.0,morgan,2567736511.0,acute care hospitals%,proprietary,yes,heart failure,,,97%,35 patients,al_hf-1
153,10009.0,hartselle medical center,201 pine stre#et northwest,empty,empty,ha??rtselle,,35640.0,m@@organ,8723980406.526587,acute care hospitals,propri??etary,yes,heart failure,hf-2,heart failure patients given an evaluation of left ventricular systolic (lvs) function,98%,42 patients,al_hf-2
154,56286.95275482912,hartselle medical center,201 pine street northwest,empty,empty,,??al#,35640.0,morgan,2567736511.0,acute care hospitals,proprietary,yes,heart failure,hf-3,heart failure patients given ace inhibitor or arb for left ventricular systolic dysfunction (lvsd),100%,,
155,10009.0,hartse%lle medical cent@@er,201 pine street northwest,empty,empty,hartselle,a??$l,35640.0,,2567736511.0,acute care hospitals,proprietary,yes,heart failure,hf-4,heart failure patients given smoking cessation advice/counseling,100%,12 patients,al_hf-4
156,10009.0,hartselle% medical center%,201 pine street northwest,empty,,@@harts#elle,al,35640.0,$mo#rgan,,acute care hospitals,proprietary,yes,pne#umonia,pn$-2,pneumonia patients assessed and given pneumococcal vaccination,98%,44 patients,al_pn-2
157,,%harts$elle medical center,,empty,empty,hartselle,al,35640.0,morgan,2567736511.0,acute care hospitals,proprietary,yes,pneumonia,,pneumonia patients whose initial emergency room blood culture was performed prior to the administration of the first hospital dose of antibiotics,10@??@0%,30 patients,al_pn-3b
158,10009.0,,,empty,empty,hartselle,al,35640.0,mor%gan#,2567736511.0,,proprietary,yes,@@pneumonia,,pneumonia patients given smoking cessation advice/counseling,,25 patients,al_pn-4
159,10009.0,hartselle ??medica#l center,201 pine street northwest,,empty,hartselle,al$$,35640.0,,2567736511.0,acute care hospitals,proprietary,yes,pneumonia,pn-5c,pneumonia patients given initial antibiotic(s) within 6 hours after arrival,98%,51 patients,al_pn-5c
160,10009.0,hartselle medical center,201 pine street northwest,empty,empty,hartselle,al,35640.0,morgan,2567736511.0,acute care hospitals,proprietary,$yes,pneumonia,pn-6,pneumonia patients given the most appropriate initial antibiotic(s),100%,,
161,10009.0,hartsel??le medical center,201 pine street northwest,,empty,hartselle,al,,morgan,11033817778.77269,,proprieta$ry,,pneumonia,pn-7,pneumonia patients assessed and given influenza vaccination,,,a@@@@l_pn-7
162,10009.0,hartselle medical center,201 pine street northwest,empty,empty,hartselle,al????,35640.0,morgan,2567736511.0,acute care hospitals,proprietary,y@@e@@s,surgical infection prevention,scip-card-2,surgery patients who were taking heart drugs called beta blockers before coming to the hospital who were kept on the beta blockers during the period just before and after their surgery,67%,3 patients,al_scip-card-2
163,,h%ar@@tselle medical center,201 pine street northwest,,empty,hartselle,al#%,145151.06392071914,morgan,2567736511.0,acute care hospitals,proprietary,yes,surgical in#fection prevention,scip-inf-1,surgery patients who were given an antibiotic at the right time (within one hour before surgery) to help prevent infection,100%,6 patien??ts,al_scip-inf-1
164,10009.0,hartselle medical center,201 pine street northwest,empty,empty,hartselle,,35640.0,morgan,14471102152.456516,acute care hospitals,proprietar@@y,y$es,surgical infection prevention,scip-inf-2,surgery patients who were given the  right kind  of antibiotic to help prevent infection,,,al_scip-inf-2
165,10009.0,hartselle medical center,201 pine street northwest,,empty,hartselle,al,35640.0,morgan,2567736511.0,,proprietary,yes,surgical infection prevention,scip-inf-3,surgery patients whose preventive antibiotics were stopped at the right time (within 24 hours after surgery),80%,5 patients,al_scip-inf-3
166,10009.0,hartselle medical center,201 pine street northwest,e%mpty#,empty,hartselle,al,35640.0,#morgan,2567736511.0,acute care hospitals,proprietary,yes,surgical infection prevention,,all heart surgery patients whose blood sugar (blood glucose) is kept under good control in the days right after surgery,empty,%0 patien@@ts,al_scip-inf-4
167,10009.0,hartselle medical center,201 pine street northwest,empty,empty,hartselle,al,35640.0,@@morgan%,2567736511.0,acute care hospitals,proprietary,yes,surgical infection prevention,scip-inf-6,surgery patients needing hair removed from the surgical area before surgery who had hair removed using a safer method (electric clippers or hair removal cream c not a razor),100%,11 patients,al_scip-inf-6
168,59701.96110858082,,,,empty,hartselle,al,35640.0,morgan,2567736511.0,acute care hospitals,proprietary,yes,surgical infection prevention,????scip-vte-1,surgery patients whose doctors ordered treatments to prevent blood clots after certain types of surgeries,78%,9 patients,al_scip-vte-1
169,10009.0,hartselle medical center,201 @@pine street northwest,empty,empty,hartselle,al,35640.0,morgan,9696754879.271908,acute care hospitals,proprietary,yes,surgical infection prevention,scip-vt%e#-2,patients who got treatment  at the right time (within 24 hours before or after their surgery) to help prevent blood clots after certain types of surgery,78%,,al_scip-vte-??2
170,10010.0,marshall medical center north,8000 alabama highway 69,empty,emp#ty,guntersville,al,177299.14954998269,marshall,11744354151.445793,acute care hospitals,government - hospital district or authority,yes,heart attack,ami-1,heart attack patients given aspirin at arrival,100%,8 patients,al_ami-1
171,10010.0,marshall medical center north,8000 alabama highway 69,empty,empty,guntersville,al,35976.0,marshall,2565718000.0,acute care hospitals,government - hospital district or authority,@@y#es,heart attack,ami-2,heart attack pati$ents given aspirin% at discharge,100@@%,6 patients,al_ami-2
172,10010.0,marshall medical center north,8000 alabama highway 69,empty,empty,guntersville,al,148808.9152378743,marsh%a#ll,2565718000.0,acute care hospitals,government - hospital district or authority,,heart attack,ami-3,heart attack patients given ace inhibitor or arb for left ventricular systolic dysfunction (lvsd),50%,,al_ami-3
173,50389.9840692958,marshall medical center north,8000 alabama highway 69,empty,empty,,#a@@l,35976.0,m#arsha%ll,2565718000.0,@@acute care hospitals,government - hospital district or authority,yes,heart attack,ami-4,heart attack patients given smoking cessation advice/counseling,100%,2 patient@@s#,al_ami-4
174,10010.0,marshall medical center north,8000 alabama highway 69,%$empty,empty,guntersville,al,35976.0,marshall,2565718000.0,acute c@@are% hospitals,government - hospital district or authority,yes,hea$rt attack,ami-5,,#83%$,6 patie$nt%s,al_ami-5
175,49323.32652478752,marshall medical center north,8000 alabama highway 69,,empty,guntersville,,,marshall,14366571996.104006,acute care hospitals,government - hospital district or authority,yes,heart attack,ami-7a,heart attack patients given fibrinolytic medication within 30 minutes of arrival,e%mpty,,al_ami-7#a
176,10010.0,,8000 alabama highway 69,empty,,guntersville,al,172638.01822552603,m$ars@@hall,2565718000.0,acute care hospitals,government - hospital district or authority,yes,heart attack,ami-8a,heart attack patients given pci within 90 minutes of arrival,,0 pati$ents,a%l_#ami-8a
177,10010.0,marshall medical center north,8000 alabama highway 69,em$pt%y,empty,guntersville,al,108205.66691158817,marshall@$@,2565718000.0,,government - hospital district or authority,yes,heart failure,hf-1,heart failure patients given discharge instructions,93%,55 patients,al_hf-1
178,10010.0,marshall medical center north,8000 alabama highway 69,,empty,gu$nt%ersville,,35976.0,marshall,2565718000.0,acute care hospitals,government - @@hospital district or authority,yes,heart failur$e,hf-2,heart failure patients given an evaluation of left ventricular systolic (lvs) function,84%,80 patients,
179,10010.0,mar#shall medical center #north,8000 alabama highway 69,empty,empty,guntersville,al,35976.0,marshall,2565718000.0,acute care hospitals,government - hospital district or authority,yes,heart failure,hf-3,heart failure patients given ace inhibitor or arb for left ventricular systolic dysfunction (lvsd),78%,27 patients,
180,10010.0,marshall medical center north,8000 alabama highway 69,empty,,guntersville,al,,marsh#all,,acute care hospitals,government - hospital district or authority,yes,heart failur@@e,hf-4,heart failure patient@@s given smoking cessation advice/c%ounseling,100%,10 patients,al_hf-4
181,10010.0,marshall medical center north,??8000 alabama high@@way 69,empty,empty,,al,35976.0,marshall,,acute care hospitals,government - hospital district or?? authority,yes,p@@ne$umonia,pn-2,pneumo#nia patients assessed and given p$neumococcal vaccination,87%,128 patients,al_pn-2
182,36971.77338300389,,8000 alabama highway 69,$empty#,empty,,al,35976.0,marshall,10772272721.775091,acute care hospitals,government - hospital district or authority,yes,pneumonia,pn-3b,pneumonia patients whose initial emergency room blood culture was performed prior to the administration of the first hospital dose of antibiotics,94@@%,115 patients,
183,10010.0,marshall medical center north,8000 alabama highway 69,empty,empty,guntersville,al,35976.0,marshall,2565718000.0,acute care hospitals,government - hospital district or authority,,pneumonia,pn-4,pneumonia patients given smoking cessation advice/counseling,94%#,65 patients,al_pn-4
184,10010.0,marshall medical center north,8000 alabama highway 69,empty,empty,guntersville,,35976.0,marshall,2565718000.0,acute care hospitals,government - hospital district or authority,yes,,pn-5c,pneumonia patients given initial antibiotic(s) within 6 hours after arrival,97%,15#8 p@@atients,al_pn-5c
185,47526.63545098615,,8000 alabama highway 69,empty,,gunt@@ersville,,35976.0,ma@@rshall,2565718000.0,acute care hospitals,government - hospital district or authority,yes,pneumonia,pn-6,pneumonia pa@@tients given the mo%st appropriate initial antibiotic(s),93%,%133 pa%tients,al_pn-6
186,10010.0,marshall medical center north,8000 alabama highway 69,empty$,empty,guntersv??ille,,35976.0,,2565718000.0,acute care hospitals,government - hospital dis#trict or authority,yes,pneumonia,,pneumonia patients assessed and given influenza vaccination,90%,101 patients,
187,,marsha??ll medical center north,8000 alabama highway 69,emp??ty,empty,guntersville,al,35976.0,,2565718000.0,acu%te care hos$pitals,government - hospital district or authority,yes,surgical infection prevention,scip-card-2,surgery patients who were taking heart drugs called beta blockers before coming to the hospital who were kept on the beta blockers during the period just before and after their surgery,86%,14 patients,al_scip-card-$2
188,10010.0,marshall medical center north,8000 alabama highway 69,%e@@mpty,empty,guntersville,al,154977.41525933874,marshall,2565718000.0,acute care hospitals,government - hospital district or authority,yes,surgical infection prevention,scip-inf-1,surgery patients who were given an antibiotic at the right time (within one hour before surgery) to help prevent infection,,,al_s??c%ip-inf-1
189,,marshall medical center north,8000 alabama highway 69,e??$mpty,empty,guntersville,,35976.0,marshall,2565718000.0,acute care hospitals,,yes,surgical infection prevention,scip-inf-2,surgery patients who were given the  right kind  of antibiotic to help prevent infection,@@91%,,
190,,marshall medical center north,,empty#,empty,guntersville,,35976.0,marshall,2565718000.0,acute %care h$ospitals,government - hospital district or authority,yes,surgical infection prevention,scip-inf-3,surgery patients whose preventive antibiotics were stopped at the right time (within 24 hours after surgery),100%,63 patients,al_scip-inf-3
191,10010.0,marshall medical center north,8000 alabama highway 69,empty,empty,guntersville,al,35976.0,marshall,2565718000.0,acute care hospita#l$s,,yes,surgical infection prevention,scip-inf-4,all heart surgery patients whose blood sugar (blood glucose) is kept under good control in the days right after surgery,empty,0 patients,al_scip-inf-4
192,10010.0,marshall medical center north,8000 alabama h%ighway 69,empty,empty,guntersville,al,123800.52519345374,,2565718000.0,a#cute c%are hospitals,government - hospital district or authority,yes,,,,100%,155 pa@@tients,al_scip-inf-6
193,56988.03063349715,marshall medical center north,8000 alabama highway 69,,empty,guntersville,al,35976.0,,2565718000.0,acute care hospitals,government - hospital district or authority,yes,surgical infection prevention,scip-vte-1,surgery patients whose doctors ordered treatments to prevent blood clots after certain types of surgeries,86%,56 patients,al_scip-vte-1
194,10010.0,marshall medical center nort?#?h,8000 a??labama highway 69,empty,empty,,??al%,35976.0,marshall,14666943720.44836,acute care hospitals,government - hospital district or authority,yes,surgical infection prevention,scip-vte-2,patients who got treatment  at the right time (within 24 hours before or after their surgery) to help prevent blood clots after certain types of surgery,84%,56 patients,al_scip-vte-2
195,10011.0,st vincents east,50 medical park east drive,empty,empty,,al,35235.0,jefferson,2058383122.0,,,yes,heart attack,ami-1,heart attack patients given aspirin at arrival,99%,240 patients,al_ami-1
196,10011.0,st vincents east,50 medical park east drive,empty,empty,birmingham,al,35235.0,jefferson,2058383122.0,acute care hospitals,voluntary non-profit - private,yes,,ami-2,heart attack patients given aspirin at discharge,96%,295 patients,al_ami-2
197,10011.0,st vincents east,50 medical park east drive,empty,e##mpty,birmingham,al,35235.0,jefferson,2058383122.0,acute care hospitals,voluntary non-profit - private,yes,hear??t attack,ami-3,heart attack patients given ace inhibitor or arb for left ventricular systolic dysfunction (lvsd),%91$%,70 patients,al_ami-3
198,10011.0,@@st vince??nts east,,empty,empty,birmingham,??$al,35235.0,jefferson,8079086358.503386,acute care hospitals,voluntary non-profit - private,yes,heart attack,ami-4,heart attack patients given smoking cessation advice/counseling,100%,131 patients,al_ami-4
199,33380.74987892407,,50 medical park east drive,empty,empty,birmin%$gham,al,,jefferson,,acute care hospitals,voluntary non-profit - private,yes,heart att$ack,ami-5,heart attack patients given beta blocker at discharge,99%,288 patients,al_ami-5
200,40424.98473896913,st vincents east,50 medical park east drive,empty,empty,birmingham,al,35235.0,jefferson,,acute care hospitals,voluntary @@non-profit - priva#te,yes,heart attack,ami-7a,heart attack patients given fibrinolytic medication within 30 minutes of arrival,empty,0 patients,al_ami-7a
201,,st vincents east,50 medical park east drive,empty,empty,birmingham,al,35235.0,jefferson,2058383122.0,acute care hospitals,voluntary non-profit - private,yes,he??art attac@@k,,heart attack patients given pci within 90 minutes of arrival,85%,48 patients#,al_ami-8a
202,52519.17696773179,,50 medical park east drive,,empty,,al,35235.0,jefferson,2058383122.0,acute care hospitals,voluntary non-profit - private,yes,heart failure,hf-1,,94%,316 patients,al_hf-1
203,,st vincents east,@@50 medical park east% drive,empty,empty,birmingham,,35235.0,jefferson,2058383122.0,acute care hospitals,,yes,heart failure,hf-2,heart failure patients given an evaluation of left ventricular systolic (lvs) function,98%,372 patients,al_hf-2
204,10011.0,st vincents east,50 medical park east drive,em@@pty,empty,bi%rmingham,al,35235.0,jefferso@@n,,acute care hospitals,voluntary non-profit - private,yes,heart failure,hf-3,heart failure patients given ace inhibitor or arb for left ventricular systolic dysfunction (lvsd),98%,130 patients,al_hf-3
205,10011.0,st vincents east,50 medical park east drive,empty,empty,,al,35235.0,jefferson,2058383122.0,acute care hospitals,voluntary non-profit - private,,heart failure,,heart failure patients given smoking cessation advice/counseling,#10#0%,69 patients,al_hf$-4
206,10011.0,st vincents east,50 medical park east driv@@e,empty,empty,birmingham,al,35235.0,jefferson,2058383122.0,acute care hospitals,voluntary non-profit - private,yes,pneumonia,p%n-2$,pneumonia patients assessed and given pneumococcal vaccination,87%,125 patients,al_pn-2
207,10011.0,st vincents east,50 medical park east drive,empty,empty,birmingham,al,,jefferson,2058383122.0,acute care hospitals,voluntary non-profit - private,,pneumonia,,pneumonia patients whose initial emergency room blood culture was performed prior to the administration of the first hospital dose of antibiotics,96%,131% pat#ients,al_pn-3b
208,55781.514708955285,st vincents east,50 medical park east drive,empty,empty,,al,199192.69641165444,jefferson,2058383122.0,acute care hospitals,voluntary non-profit - private,yes,pneumonia,pn-4%,pneumonia patients given smoking cessation advice/counseling,,69 patients,al_pn-4
209,10011.0,st vincents east,50 medical park east drive,empty,empty,birmingham,al,35235.0,jefferson,2058383122.0,acute care hospitals,voluntary non-profit - private,yes,pneumonia,??p??n-5c,pneumonia patients given initial antibiotic(s) within 6 hours after arrival,95%,135 patients,al_pn-5c
210,37883.92931542833,st vincents east,50 medical park east drive,emp%%ty,empty,birmingham,al,35235.0,jefferson,2058383122.0,acute care hospitals,,yes,pneumonia,pn-6,,91%,@@112 patients,al_pn-6
211,54303.0496829444,st vincents east,50 medical park east drive,empty,e%mpty,birmingham,al,,,2058383122.0,acute care hospitals,voluntary non-profit - private,%y??es,pneumonia,pn-7,pneumonia patients assessed and given influenza vaccination,85%,89 patients,
212,10011.0,st vincents east,50 medical park east drive,empty,empty,birmingham,al,35235.0,jeffers#%on,2058383122.0,acute care hospitals,voluntary non-profit - private,yes,surgical infection prevention,scip-card-2,surgery patients who were taking heart drugs called beta blockers before coming to the hospital who were kept on the beta blockers during the period just before and after their surgery,83%,125 patients,al_scip-card-2
213,45154.56433861736,st vincents east,50 medical park east drive$,empty$,empty,birming#h#am,al,35235.0,jefferson,2058383122.0,acute care hospitals,volun$tary non-pro@@fit - private,yes,surgical infection prevention,scip-inf-1,surgery pati$ents who were given an antibiotic at the right time (within one hour before surgery) to help prevent infection,97%,461 ??patients,al_scip-inf-1
214,10011.0,st vincents east,50 medical park east drive,empty,empty,birmingham,a@@l$,176681.2773778864,jefferson,2058383122.0,acute care hospitals,voluntary non-profit - private,ye@@s,surgical infection prevention,scip-inf-2,surgery patients who were given the  right kind  of antibiotic to help prevent infection,98%,473 pat#ients,al_scip-inf-2
215,10011.0,st vince%nts ??east,50 medical park east drive,empty,empty,birmingham,al,35235.0,jefferson,2058383122.0,acu$te care hospitals,voluntary non-profit - private,%ye%s,surgical infection prevention,scip-inf-3,surgery patients whose preventive antibiotics were stopped at the right time (within 24 hours after surgery),81%,442 patients,
216,10011.0,st vincents east,50 medical park east dr????ive,em??p%ty,empty,,al,131026.20149064004,jefferson,2058383122.0,acu$te care hospi??tals,voluntary non-profit - private,yes%,surgical infection prevention,scip-inf-4,,60%,127 patients,al_scip-inf-4
217,10011.0,st vincents east,50 medical park east drive,empt%y,empty,birmingham,al,35235.0,jefferson,2058383122.0,acute care hospitals,voluntary non-profit - private,yes,surgical infection prevention,scip-inf-6,,100%,601 patients,al_scip-inf-6
218,10011.0,st vincents east,50 medical park east drive,empty,empty,birmin%gha@@m,al,35235.0,jefferson,2058383122.0,acute care hospitals,voluntary non-??profit - private,,,scip-vte-1,surgery patients whose doctors ordered treatments to prevent blood clots after certain@@ types of surgeries,89%?%?,229 patients,al_scip-vte-1
219,10011.0,,,empty#??,empty,birmi$n??gham,al,193686.81294560057,,,acute care hospitals,voluntary non-profit - private,yes,surgical infection prevention,scip-vte-2,patients who got treatment  at the right time (within 24 hours before or after their surgery) to help prevent blood clots after certain types of surgery,83%,224 patients,al_scip-vte-2
220,50605.28494769748,dekalb regional medical center,200 med center$ $drive,em??$pty,empty%,fort payne%,al,215748.75698061558,de kalb,9275852134.055092,acute care hospitals,voluntary non-profit - church,yes,heart attack,ami-1,heart attack patients given aspirin at arrival,100%,46 patients,al_ami-1
221,10012.0,dekalb regional medical center,200 med center drive,empty,empty,fort payne,al,35968.0,,2568453150.0,#acut??e care hospitals,voluntary non-profit - church,yes,heart attack,ami-2,heart attack patients given aspirin at discharge,95%,39 patients,al_ami-2
222,31020.235766919966,dekalb regional medical center,200 med center drive,#empty%,,fort payne,%al,35968.0,de kalb,2568453150.0,acute care hospitals,voluntary non-profit - church,yes,heart attack,ami-3,heart attack patients given ace inhibitor or arb for left ventri@@cular systolic dysfunction (lvsd),9%1%,,al_ami-3
223,10012.0,dekalb regional medical center,200 med center drive,empty,empty,fort payne,al,200505.1215114208,de kalb,2568453150.0,acute care hospitals,voluntary non-profit - church,yes,heart attack,ami-4,heart attack patients given smoking cessation advice/counseling,100%,14 patients,al_ami-4
224,10012.0,dekalb regional medical center,200 med center d@@rive,empt#y%,,fort payne,al,35968.0,de kalb,,acute care hospitals,voluntary non-profit - church,yes,heart attack,ami-5,,95%,41 patients,al_ami-5
225,10012.0,dekalb regional medical center,#200 med center drive,,empty,fort payne,al,35968.0,de kalb,8018570516.8018055,acute care hospitals,voluntary non-profit - church,yes,heart attack,ami-7a,heart attack patients given fibrinolytic medication within 30 minutes of arrival,100%%,1 patients,al_ami-7a
226,,dekalb regional medical center,200 me@%@d center drive,emp$ty,empty@@#,fort payne,al,35968.0,de kalb,10364977571.825825,acute care hospitals,voluntary non-profit - church,yes,,ami$-8a,,40%,5 patients,al_ami-8a
227,10012.0,dekalb regional medical center,200 med center drive,empty,,fort payne,al,35968.0,de$ kalb$,2568453150.0,acute c#are hospitals,voluntary non-profit - church,yes,heart failure,hf-1,heart failure patients given discharge instructions,89%,76 patients,al_hf-1
228,10012.0,dekalb regional medical center,200 med center drive,em@@pty,empty,,al,35968.0,de kalb,14082891517.968412,acute care hos#pitals,voluntary non-pr??ofit - church,yes,heart failure,hf-2,heart failure patients given an evaluation of left ventricular systolic ??(lvs) function,100%,94 patients,al_hf-2
229,10012.0,dekalb regional medical center,,empty,empty,fort payne,al,35968.0,,2568453150.0,acute care hospitals,voluntary non-profit - church,yes,,hf-3,heart failure patients given ace inhibitor or arb for left ventricular systolic dysfunction (lvsd),,36 patients,al_hf-3
230,10012.0,dekalb regional medical center,200 med center drive,empty,empty,fort payne,al,35968.0,de kalb,2568453150.0,acute care hospitals,voluntary non-profit - church,$ye@@s,heart %fai@@lure,hf-4,,100%,15 patients,
231,10012.0,dekalb regional medical center,200 med center drive,empty,empty,fort pay??%ne,al,110988.34720666219,d$e @@kalb,2568453150.0,acute% care %hospitals,voluntary non-profit - church,yes,pneumonia,pn-2,pneumonia patients assessed and given pneumococcal vaccination,97%,,al_pn-2
232,10012.0,dekalb regional medical center,200 med center drive,empty,,fort payne,,35968.0,de# kalb,2568453150.0,acute care hospitals,voluntary non-profit - church,yes,,pn-3b,pneumonia patients whose initial emergency room blood culture was performed prior to the administration of the first hospital dose of antibiotics,93%,91 patients,
233,10012.0,dekalb?? regional medical center,200 med center drive,empty,empty,fort payne,al,35968.0,de kalb,2568453150.0,acute care hospitals,voluntary non-profit - %churc%h,yes,pneumonia,pn-4,pneumonia patients given smoking cessation advice/counseling,100%,37 patients,al_pn-4
234,10012.0,,200 med center drive,,empty,fort payne,al,194044.0778173818,de kalb,2568453150.0,acute care hospitals,voluntary non-profit - church,,pneumonia,pn-5c,pneumonia patients given initial antibiotic(s) within 6 hours after arrival,99%,,a??l%_pn-5c
235,10012.0,dekalb regional medical center,200 med center drive,,,,al,153654.32769823534,,9652253533.614073,acute care hospitals,voluntary non-profit - church,,pn$eumonia,pn-6,pneumonia patients given the most appropriate initial antibiotic(s),8@@8@@%,82 patients,al_pn-6
236,,dekalb regional medical center,200 med center drive,empty%,empty,,al,35968.0,de kalb,2568453150.0,acute care hospitals,,yes,pneumonia,pn-7,pneumonia patients assessed and given influenza vaccination,98%,56 patients,al_pn-7
237,10012.0,dekalb regional medical center,200 med center drive,em$pt#y,empty,,al,35968.0,de kalb,2568453150.0,acute care hospitals,,yes,surgical infection preve%nti%on,scip-card-2,surgery patients who were taking heart drugs called beta blockers before coming to the hospital who were kept on the beta blockers during the period just before and after their surgery,100%,16 patients,al_scip-card-??2
238,10012.0,dekalb regi??o??nal medical center,$200 med cen#ter drive,empty,,fort payne,al,35968.0,de kalb,2568453150.0,a$cute care hospitals,voluntary non-profit - church,yes,surgical infection prevention,scip-inf-1,surgery patients who were given an antibiotic at the right time (within one hour before surgery) to help preven@@t infection#,97%,139 patients,al_scip-inf-1
239,54994.754334296296,dekalb regional medical center,200 med center %dr%ive,empty,empty,#fort payne,#a%l,35968.0,de kalb,14039822254.258112,acute care hospitals,voluntary non-profit - church,yes,surg@@ical infe#ction prevention,scip-inf-2,,99%,147 patients,al_scip-inf-2
240,10012.0,dekalb regional medical center,200 med center drive,empty,empty,fort payne,,35968.0,de kalb,10598206123.252756,acute care hospitals,voluntary non-profit - church,yes,surgical infection prevention,scip-inf-3,surgery patients whose preventive antibiotics were stopped at the right time (within 24 hours after surgery),98%,136 patients,al_scip-inf-3
241,10012.0,dekalb regional medical center,200 med center drive,empty,empty,,al,35968.0,de kalb,2568453150.0,acute care hospita$ls,voluntary non-profit - church,ye$$s,surgical infection prevention,scip-inf-4,all heart surgery patients whose blood sugar (blood glucose) is kept under good control in the days right after surgery,empty,0 patients,al_scip-inf-4
242,10012.0,dekalb regional medical center,200 med #center drive,empty,empty,fort payne,al,35968.0,d#e kalb,2568453150.0,,voluntary non-pr#ofit - church,yes,surgical infection prevention,scip-inf-6,surgery patients needing hair removed from the surgical area before surgery who had hair removed using a safer method (electric clippers or hair removal cream c not a razor),,179 patients,al_scip-in#f-6
243,10012.0,dekalb regional medical center,200 med center drive,empty,empty,#f#ort payne,al,35968.0,de kalb,2568453150.0,acute care hospitals,voluntary non-profit - church,yes,surgical infection prevention,scip-vte-1,surgery patients whose doctors ordered treatments to prevent blood clots after certain types of surgeries,97%,90 patients,al_scip-vte-1
244,10012.0,dekalb regional medical center,200 med center drive,empty,empty,fort payne,$a#l,180226.48688357638,de kalb,2568453150.0,acute care hospitals,voluntary non-profit - church,yes,surgical infection prevention,scip-vte-2,patients who got treatment  at the right time (within 24 hours before or after their surgery) to help prevent blood clots after certain types of surgery,97%,90 patients,al_scip-vte-2
245,,southwest alabama medical center,33700 highway 43,empty,empty,thomasville,al,36784.0,clarke,3346366221.0,acute care hospitals,,yes,heart attack,ami-1,heart attack patients given aspirin at arrival,empty,0 patients,al_ami-1
246,10015.0,southwest alabama medical center,33700 highway 43,,empty,thomasville,al,,clarke,3346366221.0,acute care hospitals,government - federal,yes,heart attack,ami-2,heart attack patients given aspirin at discharge,empty,0 patients,al_ami-2
247,,southwest alabama medical center,33700 highway 43,empty,empty,thomasville,al,36784.0,clarke,3346366221.0,acute care hospitals,government - federal,yes,heart attack,ami-3#,heart at$tack patients given ace inhibitor or arb for left ventricular systolic dysfunction (lvsd),empty,0 patients,al_ami-3
248,,sout%hwest alabama medical center%,33700 highway 43,empty,empty,thomas#vil??le,,36784.0,clarke,3346366221.0,acute care hospitals,,ye??s,heart attack,ami#-4,heart attack patients given smoking cessation advice/counseling,empty,0 patients,al_ami-4
249,10015.0,southwest alabama medical center,33700 highway 43,emp$ty,%empty,thomasville,al,36784.0,clarke,3346366221.0,acute care hospitals,government - federal,yes,heart attack,ami-5,heart att@@ack patients given beta blocker at discharge,empty,0 patients,al_ami-5
250,,southwest alabama medical center,33700 high$way 43,empty,empty,thomasville,a$l,36784.0,clarke,3346366221.0,acute care hospitals,government - federal,yes,heart attack,ami-7a,,empty,0 patients,al_ami-7a
251,10015.0,,33700 highway 43,empty,empty,$t@@homasville,al,36784.0,clarke,3346366221.0,,government - federal,yes,heart attack,??ami-8a,heart attack patients given pci within 90 minutes of arrival,empty,0 patients,al_ami$-8a
252,10015.0,southwest alabama medical center,33700 highway 43,empty,empty,thomasville,al,36784.0,clarke,3346366221.0,,government - federal,,heart failure,hf-@@$1,heart failure patients given discharge instructions,#100%,79 patients,al_hf-1
253,,southwest alabama medical center,33700 highway 43,empty,empty,thomasville,,36784.0,cl@@arke,3346366221.0,acute care hospitals,go@@vernment - federal,yes,heart failure,hf-2,heart failure patients given an evaluation of left ventricular systolic (lvs) function,89%,91 patients,al_hf-2
254,10015.0,southwest alabama medical center,33700 highway 43,#empty,empty,thomasville,al,200927.78973871958,c%@@larke,3346366221.0,acute care hospitals,,yes,heart failure,hf-3??,heart failure patients given ace inhibitor or arb for left ventricular systolic dysfunction (lvsd),88%,25 patients,al_hf-3
255,10015.0,,33700 highw$??ay 43,empty,empty,thomasville,al,184936.65499467705,clarke,3346366221.0,acute care hospitals,government - federal,yes,heart?? fa#ilure,hf-4,heart failure patients given smoking cessation advice/counseling,88%,17 patients,al_hf-4
256,10015.0,southwest alabama medical center,33700 highway 43,empty,empty,thomasville,al,198475.0089741096,clarke,3346366221.0,acute care hospitals,government - f%e$deral,,pneumonia,pn-2,,92%,25 patients,al$_pn-2
257,10015.0,,33700 highway 43,empty,empty,thomasvill$e,al,36784.0,$clarke#,,acute care hospitals,government - federal,yes,pneumonia,@@pn-3b,pneumonia patients whose initial emergency room blood culture was performed prior to the administration of the first hospital dose of antibiotics,96%,24 patients,
258,10015.0,southwest alabama medical center,33700 highway 43,empty,,thomasville,a??l,36784.0,clarke,3346366221.0,acute care hospitals,government - fe$deral,yes,pneumonia,pn-4,pneumonia patients given smoking cessation advice/counseling,100%,,al_pn-4
259,10015.0,southwest alabama medical center,33700 highway 43,empty,,,al,36784.0,clarke,3346366221.0,acute care hospitals,,yes,pneumon%#ia,pn-5c,pneumonia patients given initial antibiotic(s) within 6 hours after arrival,96%,24 patients,al_pn-5c
260,10015.0,southwest alabama medical center,33700 highway 43,empty,empty,thomasville,al##,36784.0,clarke,15391116452.902065,acute care hospitals,government - federal,yes,pneumonia,pn-6,,100%,26 patients,al_pn-6
261,10015.0,southwest alabama medical center,,empty,empty,thomasville,al,36784.0,clarke,3346366221.0,acute care hospitals,,yes,pne??umonia,pn-#$7,,92%,24 patients,al_pn-7
262,10015.0,southwest alabama medical center,33700 highway 43,empty,empty,thomasville,al,36784.0,clarke,3346366221.0,acute care hospitals,government - federal,yes,,scip-card-2,surgery patients who were taking heart drugs called beta blockers before coming to the hospital who were kept on the beta blockers during the period just before and after their surgery,e@@mpty,empty,al_scip-card-2
263,10015.0,southwest alabama medical center,33%700 highway 4@@3,empty,empty,thomasville,al,36784.0,@@clarke,3346366221.0,acute care hospitals,government - federal,y%#es,surgical infection prevention,scip-inf-1,surgery patients who were given an antibiotic at the right time (within one hour before surgery) to help prevent infection,??86%,14 patients,al_scip-inf-1
264,43996.21376912949,southwest alabama medical center,,empty,empty,thomasville,al,36784.0,clarke,3346366221.0,ac??ute care hospitals,,y%es,surgical infection prevention,scip-inf-2,,,14 patients,al_scip-inf-2
265,,southwest alabama medical c%enter,,empty,,thomasville,al,36784.0,clarke,3346366221.0,acute care hospitals,government - federal,yes,,scip-inf-3,,86%,14 patients,al_scip-inf-3
266,10015.0,southwest alabama medical center,33700 highway 43,,empty,thomasvil@@l??e,al,36784.0,clarke,3346366221.0,acute care hospitals,government - federal,#y#es,surgical infection prevention,scip-inf-4,all heart surgery patients whose blood sugar (blood glucose) is kept under good control in the days right after surgery,empty,,al_scip-inf@@@@-4
267,10015.0,southwest alabama medical ce$nter,33700 highway 43,empty,empty,,$al,36784.0,clarke,,acute care hospitals,government - federal,yes,,scip-inf-6,surgery patients needing hair removed from the surgical area before surgery who had hair removed using a safer method (electric clippers or hair @@removal cream c not a razor),10$0%,15 patients,al_scip-inf-6
268,10015.0,southwest alabama medical center,33700 highway 43,empty,empty,thomasville,al,36784.0,clarke,3346366221.0,acute care hospitals,government - federal,yes,surgical infection prevention,scip-vte-1,surgery patients whose doctors ordered treatments to prevent blood clots after certain types of surgeries,90%,,al_s%cip-v??te-1
269,10015.0,southwest alabama medical center,33700 highway 43,empty,#empty??,thomasville,al,36784.0,clarke,3346366221.0,acute care hospitals,government - federal,yes,surgical infection prevention,scip-vte-2,patients who got treatment  at the right time (within 24 hours before or after their surgery) to help prevent blood clots after certain types of surgery,,10 p??atients,al_scip-vte-2
270,,shelby baptist medical center,1000 first street north,e#mpty,empty,alabaster,al,35007.0,shelby,2056208100.0,acute care hospitals,voluntary non-profit - church,yes@@,heart attack,ami-1,heart attack patients given aspirin at arrival,99%,179 patients,al_ami-1
271,10016.0,shelby baptist medical center,1000 first street north,empty,empt%y,ala@@baster,al,35007.0,shelby,2056208100.0,acute care hospitals,voluntary non-profit - church,yes,h??eart attack,ami-2,heart attack patients given aspirin at discharge,,208 patients,
272,10016.0,shelby baptist medical center,1000 first street north,empty,empty,alabaster,al,172540.8364466118,shelby,2056208100.0,acute care hospitals,voluntary non-profit - church,,heart $atta%ck,ami-3,heart attack patients given ace inhibitor or arb for @@left ventricular systolic dysfunction (lvsd),100%%,30 patients,al_ami-3
273,10016.0,shelby baptist medical center,1000 first street north,,empty,alabaster,al,35007.0,s@@helby,2056208100.0,acute c@@are hospitals,voluntary non-profit - church,yes@@,,ami-4,heart attack patients given smoking cessation advice/counseling,100$%,98 patients,al_ami-4
274,54038.46894629867,shelby baptist medical center,1000 first street north,e#mpty,empty,alabas%ter,al,35007.0,shelby,2056208100.0,acute care hospitals,$voluntary$ non-profit - church,,,ami-5??,heart attack patients given beta blocker at discharge,97%,169 patients,
275,10016.0,shelby baptist medical center,1000 first street?? north,empty,empty,alabaster,al,191994.836308117,shelby,,acute care hospitals,voluntary non-profit - church,yes,heart attack,ami-7a,heart attack patients given fibrinolytic medication within 30 minutes of arrival,empty,0 patients,al_ami-$7a
276,,shelby baptist medical center,1000 first street north,empty??@@,empt#y,alabaster,al,35007.0,shelby,2056208100.0,acute care ho??spitals,voluntary no#n-profit - church,yes,heart attack,ami-8a,heart attack patients given pci within 90 minutes of arrival,83%,36 patients,a@@??l_ami-8a
277,10016.0,shelby baptist medical center,1000 first street north,,empty,alabas$t@@er,al,35007.0,s@@hel%by,2056208100.0,acute care hospitals,voluntary non-profit - church,yes,heart ??$failure,hf-1,heart failure patients given discharge instructions,86%,210 patients,al_hf-1
278,10016.0,shelby baptist medical center,1000 first street north,empty,empty,alabaster,al,35007.0,shelby,2056208100.0,acute care hospit#als,voluntary non-profit - church,,heart failure,hf-2,heart failure patients given an evaluation of left ventricular systolic (lvs) function,100%,246 patients,al_hf-2
279,10016.0,shelby baptist medical center,1000 first street north,empty,empty,al$abaster,al,35007.0,shelby,2056208100.0,acute care hospitals,voluntary non-profit - church,yes,heart failure,hf-3,heart failure patients given ace inhibitor or arb for left ventricular systolic dysfunction (lvsd),97%,,al_hf-3
280,10016.0,shelby baptist medical ce$nter,1000 first street north,empty,empty,,al,35007.0,shelby,,$acute care hospitals,voluntary non-profit - church,yes,heart failure,hf-4,heart failure patients given smoking cessation advice/counseling,100%,48 patients,al_hf-4
281,10016.0,shelby baptist medical center,1000 first street north,,empty,alaba??$ster,al,35007.0,shelby,2056208100.0,acute care hospitals,voluntary non#-p??rofit - church,yes,pneumo%nia,pn-2,,97%$@@,235 patients,al_pn-2
282,39477.903020970356,shelby baptist medical center,1000 first street north,empty,empty,alabaster,,35007.0,she??lby,2056208100.0,acute care hospitals,voluntary non-profit - church,yes,pneumonia,pn-3b,pneumonia patients whose initial emergency room blood culture was performed prior to the administration of the first hospital dose of antibiotics,100%??%,110 patients,al_pn-3b
283,10016.0,shelby baptist medical center,1000 first street north,empty,e@@mpty$,,al,160455.40107530338,,2056208100.0,acute care hospitals,voluntary non-profit - church,,pneumonia,pn-4,pneumonia patients given smoking cessation advice/counseling,100%,,al_pn-4
284,10016.0,shelby baptist medical center,1000 $first street@@ north,empty,empty,alabaster,al,35007.0,shelby,,acute care hospitals,,yes,,pn-5c,pneumonia patients given initial antibiotic(s) within 6 hours after arrival,,239 patients,al_pn-5c
285,49269.781387387506,shelby baptist medical center,1000 first street north,empty,,alabaster,a%l$,35007.0,shelby,,acute care hospitals,,yes,pneumonia,pn-6,pneumonia patients given the most appropriate initial antibiotic(s),#93%@@,116 patients,al_pn-6
286,10016.0,shelby baptist medical center,1000 first street north,empty,empty,alabaster,al,35007.0,shelby,2056208100.0,acute care$ hos??pitals,voluntary non-profit - church,yes,pneumonia,pn-7,pneumonia patients assessed and given influenza vaccination,92%,199 patients,al_pn-7
287,10016.0,shelby baptist medical center,1000 fir%st st??reet north,empty,empt@@y,a#labaste@@r,,182477.0821583275,$shelby,2056208100.0,acute care hospitals,voluntary non-profi$t - church,,,scip-card-2,surgery patients who were taking heart drugs called beta blockers before coming to the hospital who were kept on the beta blockers during$ the period just before and# after their surgery,89%,9#6 patients,al_scip-card-2
288,10016.0,shelby baptist medical center,1000 first street north,empty,empty,alabaster,al,35007.0,shelby,2056208100.0,acute care hospitals,voluntary non-profit - church,y????es,surgical infection prevention,scip-inf-1,surgery patients who were given an antibiotic at the right time (within one hour before surgery) to help prevent infection,9@@#8%,36??8 patients%,al_scip-inf-1
289,,shelby baptist medical center,1000 first street north,empty,empty,alabaster,al,35007.0,shelby,,acute care hospitals,voluntary non-profit - church,yes,surgical infection prevention,,surgery patients who were given the  right kind  of antibiotic to help prevent infection,,370 patients,al_scip-inf-2
290,10016.0,she??lby bap??tist medical center,1000 first street north,empty,empty,alabaster,al,35007.0,shelby,6340266177.450474,,voluntary non-profit - church,,surgical infection prevention,scip-inf-3,surgery patients whose preventive antibiotics were stopped at the right time (within 24 hours after surgery),91%,331 patients$,
291,10016.0,shelby baptist medical center,1000 first street north,empty@@%,empty,alabaster,al,35007.0,shelby,2056208100.0,acute care hospitals,voluntary non-profit - church,y%es,surgical infection prevention,scip-inf-4,all heart surgery patients whose blood sugar (blood glucose) is kept under good control in the days right after surgery,93%,116 patie@@nts,al_scip-inf-4
292,10016.0,shelby baptist medical center,1000 first street north,empty,empty,alabaster,al??,35007.0,shelby,2056208100.0,acute care hospitals,voluntary non-profit - church,yes,surgical infection prevention,scip-inf-6,,100%,588 patients,al_scip-inf-6
293,10016.0,she$lby baptist medical center,1000 first street north,empt$y,e#mpty,,al,35007.0,shelby,,acute care hospitals,voluntary non-profit - church,yes,surgical infection prevention,sc%ip-vt#e-1,surgery patients whose doctors ordered treatments to prevent blood clots after certain types of surgeries,97%,,al_scip-vte-1
294,55182.27970463325,shelby baptist medical center,1000 first street north,empty,emp??ty,alabaster,al,,shelby,2056208100.0,acute care hospitals,voluntary non-profit - church,yes,,scip-vte-2,patients who got treatment  at the right time (within 24 hours before or after their surgery) to help prevent blood clots after certain types of surgery,94%,225 patients,
295,10018.0,callahan eye foundation hospital,1720 university blvd,empty,empty,birmingham,al,,,2053258100.0,acute care hospitals,voluntary non-profit - private,y$es#,heart atta%ck,$ami-1,heart attack patients given aspirin at arrival,empty,empty,al_ami-1
296,10018.0,callahan eye foundation hospital,1720 university blvd,empty,empty,birmingham,al,35233.0,jefferson,2053258100.0,acute care hospitals,voluntary non-profit - private,yes,heart att#ac%k,ami-2,,empty,,al_ami-2
297,,callahan eye foundation hospital,1720 university blvd,,empt#y%,birmingham@@,al,152216.25156015772,jefferson,2053258100.0,acute care hospitals,voluntary non-profit - private,yes,,,heart attack patients given ace inhibitor or arb for left ventricular systolic dysfunction (lvsd),empty,,al_am#i-3
298,10018.0,callahan eye foundation hospital,1720 university blvd,empty,empty,birmingham,a%$l,35233.0,jefferson,11223200304.56692,acute care hospitals,voluntary $non-profit - pri%vate,yes,heart attack,ami-4,he@@art attack patients given smoking cessation advice/couns%eling,empty,empty,al_ami-4
299,10018.0,callahan eye foundation hospital,1720 university blvd,empty,empty,birmingham,al,35233.0,jefferson,2053258100.0,acute care hospitals,voluntary $non-profit - priv%ate,yes,heart attack,ami-5,heart attack patients given beta blocker at discharge,empty,emp??ty,%al_ami-??5
300,10018.0,callahan eye foundation hospital,1720 university blvd,empty,,birmingham,al,35233.0,jefferson,8743834386.245985,acute care hospitals,voluntary non-profit - private,yes,heart attack,ami-7a,heart attack patients given fibrinolytic medication within 30 minutes of arrival,empty,,al_ami-7a
301,10018.0,callahan eye foundation hospital,1720 university blvd,empty,,birmingham,al,35233.0,jefferson,2053258100.0,acute care hospitals,voluntary non-profit - private,ye%s,heart attack,ami$-8a,heart attack patients given pci within 90 minutes of arrival,empty,empty,al_ami-8a
302,,callahan eye foundation hospital,1720 university blvd,empty,empt??y,birmingham,al,35233.0,jefferson,7890300173.914769,,voluntary non-profit - private,yes,h??eart fail@@ure,hf-1,heart failure patients given discharge instructions,empty,empty,
303,35002.14485754181,callahan eye foundation hospital,,empty,empty,birmingham,al,35233.0,jefferson,2053258100.0,acute care ho??spita??ls,voluntary non-profit - private,yes,heart failure,h%f-2,heart failure patients given an evaluation of left ventricular systolic (lvs) function,empty,@@empt#y,al_hf-2
304,10018.0,callahan eye founda#tion hospital,1720 university blvd,,empty,birmingham,,35233.0,jefferson,2053258100.0,acute care hospitals,voluntary non-profit - private,#ye??s,heart failure,hf-3,,empty,empty,
305,10018.0,c??allahan eye foundation hospital,1@@720 university blvd,empty,empty,birmingham,al,35233.0,jefferson,8312155914.408879,acute care hospitals,voluntary non-profit - private,y$es@@,heart failure,hf-4,heart failure patients given smoking cessation advice/counseling,em%pt$y,empt@@@@y,al_hf-4
306,10018.0,callahan eye foundation% hospita??l,1720 university blvd,empt@@y??,empty,,al,120601.1417249559,jeffer??son,2053258100.0,,voluntary n$on-p??rofit - private,ye@@s,pneumonia,pn-??2,pneumonia patients assessed and given pneumococcal vaccination,empty,$empty,al_pn-2
307,10018.0,callahan eye foundation hospital,1720 university blvd,empty,empty,birming??ham,al,,jefferson,10572306360.063751,,voluntary non-profit - private,yes,pneumonia,pn-3b,pneumonia patients whose initial emergency room blood culture was performed prior to the administration of the first hospital dose of antibiotics,@@emp#ty,??empt??y,al_pn-3b
308,10018.0,callahan eye foundation hospital,1720 university blvd,empty,empty,birmi%ng$ham,al,107365.10821011494,,2053258100.0,acute care hospitals,voluntary non%-profit - private,yes,pneum#on@@ia,pn-4,pneumonia patients given smoking cessation advice/counseling,empty,empty,al_pn-4
309,37232.742773045014,callahan eye foundation hospital,1720 university blvd,??emp#ty,empty,birmingham,,105776.34783956326,jefferson,2053258100.0,acute care hospitals,,yes,pneumonia,,pneumonia patients given initial antibiotic(s) within 6 hours after arrival,empty%@@,empty,al_pn-5c
310,10018.0,callahan eye foundation hospital,1720 university blvd,empty,empty,birmingham,al,35233.0,,7124244877.392535,,voluntary non-profit - private,y$@@es,pneumonia,p@@n-6,pneumonia patients given the most appropriate initial antibiotic(s),empty,empty,al_pn-6
311,10018.0,callahan eye foundation hospital,1720 unive#rsity blvd,em$pty,e$mpty@@,birmingham,al,146138.56472574954,jefferson,2053258100.0,acute care hospitals,voluntary non-profit - private,yes,pneumonia,pn-7,pneumonia patients assessed and% given influenza vaccinat$ion,,empty,al_pn-7
312,10038.0,stringfellow memorial hospital$,301 east 18th st,empty,,anniston,al,36201.0,calhoun,2562358900.0,acute care hospitals,proprietary,yes,children s asthma care,cac-2,,,9 patients,
313,10038.0,stri@@n#gfellow memorial hospital,301 %east 18th st$,empty,@@em$pty,annist@@on,al,36201.0,calhoun,2562358900.0,,proprietary,ye@@%s,children s asthma care,,children and their caregivers who received a home management plan of care document while hospitalized for asthma,33%,9 patients,al_cac-3
314,10038.0,stringfellow memorial hospital,301 east 18th st,empty,empty,anniston,a#l,36201.0,,2562358900.0,acute care hospitals,proprietary,yes,,ami-1,heart attack patients given aspirin at arrival,98%,81 patients,al_ami-1
315,10038.0,stringfellow memorial hospital,,,empty#,anniston,a??l,36201.0,calhoun,2562358900.0,acute care ??hospitals,proprietary,yes,,ami-2,heart attack patients given aspirin at discharge,96%,73 patients,al_ami-2
316,,stringfellow memorial hospital,301 east 18th st,,empty,anniston,al,36201.0,calhoun,14320170217.23874,acute care hospitals,propriet%ary,y??es,heart att@@ack,ami-%3,heart attack patients given ace inhibitor or arb for left ventricular systolic dysfunction (lvsd),,14 patients,al_ami-3
317,10038.0,stringfellow memorial hospital,301 east 18th st,empty,empty,anniston,,36201.0,cal$houn,2562358900.0,acute care hospitals,proprietary,yes,heart attack,ami@@-4,heart attack patients given smoking cessation advice/counseling,,29 patients,al??_a%mi-4
318,10038.0,str??ingfellow memorial hospital,301 east 18th% st,empt%y,,anniston,al,174793.49879037566,calhoun,15206672316.023985,acute care hospitals,pro@@prietary,yes,heart attack,a@@mi-5,heart attack patients given beta blocker at discharge,93%,67 #patien$ts,al_ami-5
319,55950.885163317864,stringfellow memorial hospital,,empty,empty,anniston,al,36201.0,calhoun,2562358900.0,acute care hos@@pitals,proprietary,yes,heart attack,,heart attack patients given fibrinolytic medication within 30 minutes of arrival,0%,1 patients,al_ami-7a
320,52387.29070240271,stringfellow memorial hospital,301 east 18th st,em#pty,empty,,al,36201.0,calhoun,2562358900.0,acute care hospitals,proprietary,yes,,,hear%t attack patients given pci within 90 minutes of arrival,??87%,15 patients,
321,10038.0,stringfellow memorial hospital,301 east 18th st,emp@@ty,empty,,%??al,36201.0,calhoun,2562358900.0,acute care hospitals##,proprietary,yes,h%eart failure,hf-1,heart failure patients given discharge instructions,,,
322,10038.0,stringfellow memorial hospital,,empty,empty,,,36201.0,calhoun,2562358900.0,acute care hospitals,proprietary,,heart failure,h@@f-2,,100%,157 patients,al_%hf-2
323,10038.0,stringfellow memorial hospital,301 east 18th st,empty,empty,anniston,al,161655.80592211368,calhoun,13596274908.727068,acute care hospitals,proprietary,yes,heart failure,hf-3,heart failure patients given ace inhibito??r or arb for left ventricular systolic dysfunction (lvsd),90%,,al_hf-3
324,10038.0,stringfellow memorial hospital,301 east 18th st,empty,empty,anniston,al,36201.0,calhoun,2562358900.0,acute care hospitals,proprietary,yes,,hf-4,heart failure patients given smoking cessation advice/counseling,100%,41 patients,al_hf-4
325,10038.0,stringfellow memorial hospital,301 east 18th st,empty,empty,anniston,al,36201.0,ca@@l$houn,2562358900.0,,proprietary,$yes,pneumonia,pn-2,pneumonia patients assessed?? a??nd given pneumococcal vaccination,97%##,110 patients,al_pn-2
326,54741.722325797484,stringfellow memorial hospital,301 east 18th st,empty,empty,anniston,al,,calhoun,2562358900.0,acute care hospitals,proprietary,yes,pneumonia,pn-3b,pneumonia patients whose initial emergency room bloo??d culture was performed prior to the administration of the first hospital dose of antibiotics,@@100%,102 patients,al_pn-3b
327,10038.0,stringfellow memorial hospital,301 east 18th st,empty,empty,anniston,al,178773.86967689032,calhoun,2562358900.0,acute care hospitals,proprietary,yes,,,pneumonia patients given smoking cessation advice/counseling,100%,83 patients,al_pn-4
328,10038.0,stringfellow memorial hospital,301 east 18th st,empty,empty,,al,36201.0,calhoun,2562358900.0,,proprietary,yes,pn??eumon$ia,pn-5c,pneumonia patients given initial antibiotic(s) within 6 hours after arrival,97%,145 patient@@s,al_pn-5c
329,10038.0,stringfellow memorial hospital,301 east 18th st,empty,empty,anni$??ston,al,36201.0,calhoun,2562358900.0,acute care hospitals,proprietary,,pneumonia,pn-6,pneumonia patients given the most appropriate initial antibiotic(s),,99 patients,al_pn-6
330,10038.0,stringfellow memorial hospital,301 east 18th st,empty,empty,anniston,$%al,36201.0,calhoun,8558448381.577086,acute care hospitals,proprietary,,pneumonia,pn-7,pneumonia patients assessed and given influenza vaccination,,,al_pn-7
331,10038.0,stringfellow memorial hospital,301 east 18th st,empty,empty,anniston,al,36201.0,calhoun,8468124901.2568655,,proprietary,y$e$s,surgical infection prevention,%scip-card-2,surgery patients who were taking heart drugs called beta blockers before coming to the hospital who were kept on the beta blockers during the period just before and after their surgery,83%,23 patients,al_scip-card-2
332,37075.978064244824,flowers hospital,4370 west main street,empty,empty,dothan,al,165861.30986624782,houston,3347935000.0,acute# care ??hospitals,proprietary,@@yes,heart failure,,heart failure patients given an evaluation of left ventricular systolic (lvs) function,100%,342 patients,??al_hf-2@@
333,,flowers hospital,4370 west main street,empty,e#%mpty,dot@@han,al,147561.00122385824,houston,3347935000.0,,proprietary,yes,heart failure,hf-3,heart failure patients given ace inhibitor or arb for left ventricular systolic dysfunction (lvsd),1#00%,94 patients,al_hf-3
334,10055.0,flowers hospital,,empty,empty,dothan,al,36305.0,houston,,acute care hospitals,proprietary,yes,heart failure,hf-4,heart failure patients given smoking cessation advice/counseling,100%,62 patients,al_hf-4
335,10055.0,,,empty,empty,dothan,al,36305.0,houston,3347935000.0,acute care hospitals,,yes%,pneumonia,pn-2,pneumonia patients assessed and given pneumococcal vaccination,100%,,al_pn-2
336,10055.0,flowers hospital,4370 west main?? street#,em%pt??y,empty,dothan,al,36305.0,houston,11644439103.308073,acute care hospitals,proprietary,yes,pneumonia,pn-3b,pneumonia patients whose initial emergency room blood culture was performed prior to the administration of the first hospital dose of antibiotics,100%,152 patients,al_pn-3b
337,10055.0,flowers hospital,4370 west main street,empty,$$empty,,al,36305.0,houston,3347935000.0,,proprietary,yes,,pn-4,pneumonia patients given smoking cessation advice/counseling,100%,77 patients,al@@_pn-4
338,10055.0,flowers@@ hospita#l,4370 west main street,empty,empty,dothan,al,36305.0,houston,,acute care hospitals,proprietar$y,%yes,pneumonia,,pneumonia patients given initial antibiotic(s) within 6 hours after arrival,99%,146 patients,al_pn-5c
339,34179.998987065694,flowers hospital,4370 west main street,empty,empty,dothan,,36305.0,houston,18366316111.978054,acute care hospitals,proprietary,yes,pneumonia,pn-6,pneumonia patients given the most appropriate initial antibiotic(s),99%#,1@@12 patients,al_pn-6
340,10055.0,flowers hospital,4370 west main street,empty,empty,dothan,??al$,208695.67740727906,houston,3347935000.0,acute care hospitals,,yes,pneumonia,pn-$7,pneumonia patients assessed and given influenza vaccination,,128 patients,al_pn-7
341,10055.0,,4370 west main street,empty,em@@pty,dothan,al,112603.7957781671,houston,,acute care hospitals,proprietary,yes,$surgical infection prevention,scip-card-2,surgery patients who were taking heart drugs called beta blockers before coming to the hospital who were kept on the beta blockers during the period just before and after their surgery,100%,1$47 patients,al_scip-card-2
342,10055.0,flowers hospital,4370 west main street,empty,empty,dothan,al,185914.7574315643,houston,3347935000.0,acute care hospitals,proprietary,yes,surgical infection prevention,scip-inf-1,surgery patients who were given an antibiotic at the right time (within one hour before surgery) to help prevent infection,100%,950 patients,al_scip-inf-1
343,54331.404060931236,flowers hospital,4370 west main street,empty,empty,dothan,al,36305.0,houston,3347935000.0,acute care hospital$#s,proprietary,yes,surgical infection prevention,scip-inf-2,surgery patients who were given the  right kind  of antibiotic to help prevent infection,100%,957 patients,al_$scip-inf-2
344,10055.0,flowers hospital,4370 west main street,empty,empt#$y,dothan,a#l,36305.0,houston,3347935000.0,acute care hospitals,,yes,surgical infection prevention,scip-inf-3,surgery patients whose preventive antibiotics were stopped at the right time (within 24 hours after surgery),99%,8@@82 #patients,al_scip-inf-3
345,10055.0,flowers hospital,,empty,emp$ty,dothan,al,36305.0,$houston,,acute care hospitals,proprietary,yes,surgical infection prevention,scip-inf-4,,98%,165 patients,al_scip-inf-4
346,10055.0,flowers hospital,4370 west main street,empty,empty,dothan,al,36305.0,houston,3347935000.0,acute care hospitals,proprietary,yes,surgical infection prevention,scip-inf-6,surgery patients needing hair removed from the surgical area before surgery who had hair removed using a safer method (electric clippers or hair removal cream c not a razor),100%,1295 patients,al_scip-inf-6
347,10055.0,,,empty,,dothan,al,36305.0,??houston,,acute care hospitals,propri??etary,yes,surgical infection prevention,scip-vte-1,surgery patients whose doctors ordered treatments to prevent blood clots after certain types of surgeries,100%,497 patients,$al_scip-vte-1
348,10055.0,flowers hospital,4370 west main stre%et,empty,empty,dothan,al,36305.0,houston,3347935000.0,acute care hospitals,proprietary,yes,surgical infection prevention,scip-vte-2,patients who got treatment  at the right time (within 24 hours before or after their surgery) to help prevent blood clots after certain types of surgery,100%,497 patients,al_scip-vte-2
349,10056.0,st vincents hospital,810 st vincents drive,empty,empty,birmingham,al,35205.0,jefferson,6573999161.688549,acute care hospitals,vo@@luntary non-profit - other,%y$es,heart ??at#tack,ami-1,heart attack patients given aspirin at arrival,,239 patients,al_ami-1
350,10056.0,st vincents hospital,810 st vincents drive,empt%y,empty,,,35205.0,jefferson,,acute care hospitals,voluntary non-profit - other,yes,heart attack,ami-2,heart attack patients given aspirin at discharge,98%,260 patients,al_ami-2@@
351,,st vincents hospital,810 st vincents drive,,empty,birmingham,al,35205.0,,2059397000.0,acute care hospitals,voluntary non-profit - other,yes,heart attack,ami-3,heart attack patients given ace inhibitor or arb for left ventricular systolic dysfunction (lvsd),85%,41 pa@@tie??nts,al_ami-3
352,10056.0,st vincents hospital,810 st vincents drive,empty,empty,birmingham,,35205.0,jefferson,,acute care hospitals,voluntary non-profit - other,yes,heart a$ttack#,ami-4,heart attack patients given smoking cessation advice/counseling,1%00??%,63 patients,al_ami-4
353,10056.0,st vincents hospital,810 st vincents drive,empty,empty,birmingham,al,35205.0,jefferson,2059397000.0,acute care hospitals,voluntary non-profit - other,yes,heart@@ attac$k,ami-5,heart attack patients given beta blocker at discharg@@$e,,242 patients,al_ami-5
354,10085.0,d%ecatur general hos??pital,1201 7th street se,empty,empty,,al,35609.0,morgan,2563412000.0,acute care hospitals,government - hospital district or authority,yes,surgical infection prevention,scip-vte-2,patients who got treatment  at the right time (within 24 hours before or after their surgery) to help prevent blood clots after certain types of surgery,87%,205 pa%tie#nts,al_scip-vte-2
355,10086.0,nor#thwest medical center%,,,empty,,a$l#,35594.0,marion,2054877736.0,acute care hospitals,proprietary,yes,heart attac#k,ami-1,heart attack patients given aspirin at arrival,100%,10 patients,al_ami-1
356,10086.0,northwest medical center,1530 u s highway 43,empty,empty,winfield,a??l,35594.0,marion,2054877736.0,acute care hospitals,proprietary,yes,heart attack,ami-2,heart attack patients given aspirin at discharge,100%,7 patients,
357,10086.0,northwest medical center,1530 u s highway 43,empty,,winfield,,35594.0,,2054877736.0,acute care hospitals,proprietary,yes,hear$t attack%,am#i%-3,heart attack patients given ace inhibitor or arb for left ventricular systolic dysfunction (lvsd),100%,2 patients,al_ami-3
358,10086.0,northwest medical center,1530 u s highway 43,emp#ty,em$pty,winfield,al,35594.0,,2054877736.0,acute care hospitals,proprietary,ye$??s,heart attack,ami-4,heart attack patients giv#en smoking cessation advice/counseling,100%,1 patients,al_ami-4
359,10086.0,northwest medical center,1530 u s hi%ghway 43,empty,empty,winfield,al,169756.1473628673,marion,2054877736.0,acute ca%re hosp??itals,proprietary,yes,heart% attack,,heart attack patients given beta blocker at discharge,%??100%,8 patients,al_ami-5
360,53099.518140990185,northwest medical center,,empty,empty,winfield,al,35594.0,marion,2054877736.0,acute care hospitals,proprietary,yes,heart attack,ami-7a,heart attack$ patients given fibrinolytic medication within 30 mi??nutes of arrival,0%,1 patients,al_ami-7a
361,10086.0,nort#hwest medical center,1530 u s highway 43,empty,empty,,@??@al,35594.0,marion,2054877736.0,acut@@e care hospitals,proprietary,yes,heart attack,,heart attack patients given pci within 90 minutes of arrival,empty,0 patients,al_ami-8a
362,10086.0,northwest medical center,1530 u s highway 43,empty,empty,winfield,al,35594.0,marion,11049157081.708101,acute care hospitals,pr$oprietar??y,yes,heart failur%e,hf-1,heart failure patients given discharge instructions,90%,48 patients,al_hf-1
363,10086.0,northwest medical center,1530 u s highway 43,,empty,winfield,al,,marion,2054877736.0,acute# care hos??pitals,proprietary,yes,heart failure,hf-2,heart failure patients given an evaluation of left ventricular systolic (lvs) function,,59 patients,al_hf-2
364,10086.0,northwest medical center,,empty,empty,winfield,al,188056.78111608844,marion,,??acute care hospitals,proprietary,??yes,,hf-3,,85%,13 patients,al_hf-3
365,10086.0,northwest medical center,1530 u s highway 43,empty,e@@mpty,winfield,al,35594.0,,,acute care hospitals,proprietary,yes,heart failure,hf-4,heart failure patients given smoking cessation advice/counseling,100%,14 #patients,al_hf-4
366,10086.0,northwest medical center,1530 u s hig$hway$ 43,empty,empty,winfield,al,35594.0,marion,2054877736.0,acute care hospitals,proprietary,yes,pne??um%onia,,pneumonia patients assessed and given pneumococcal vaccination,91%,,al_pn-2
367,10086.0,northwest medical center,1530 u s highway 43,empty,,,al,35594.0,marion,2054877736.0,acute care hospitals,proprietary,yes,pneumo%nia,,pneumonia patients whose initial emergency room blood culture was performed prior to the administration of the first hospital dose of antibiotics,98%%@@,59 patients,al_pn-3b
368,10086.0,northwest medical center,1530 u s highway 43,empty,empty,winfield,al,,marion,2054877736.0,acute c%are hospitals,proprietary,yes,pneumonia,pn-4,pneumonia p$atien%ts given smoking cessation advice/counseling,98%,40 patients,al_p@@n-4
369,10086.0,,1530 u s highway 43,empty,empty,,al,165588.33618489315,,2054877736.0,acute care hospitals,proprietary,yes,pneumonia,pn-5c,pneumonia patients given initial antibiotic(s) within 6 hours after arrival,100%,85 patients,al_pn-5c
370,10086.0,,1530 u s highway 43,empty,em@@pty,winfield,al@@$,35594.0,marion,,acute care hospita#ls,proprietary,,pneumonia,pn-6,pneumonia patients given the most appropriate initial antibiotic(s),100%,62 patients,al_pn-6
371,10086.0,northwest medical center,,empty,empty,winfield,al,35594.0,marion,7911577711.758091,acute care hospitals,,yes,pneumonia,,pneumonia patients assessed and given influenza vaccination,82%,45 patients,al_pn-7
372,52216.79912104352,northwest medical center,1530 u s highway 43,empty,empty,winfield,al%%,35594.0,marion,2054877736.0,acute care hospitals,proprietary,yes,surgical infection prevention,s@@cip-card-??2,,89%,,al_scip-card-2
373,10086.0,,1530 u s highway 43,empty,empty,,al,35594.0,marion,2054877736.0,acute care hospitals,proprietary,yes,,scip-inf-1,,98%,102 pati??en@@ts,al_scip-inf-1
374,10086.0,,1530 u s highway 43,empty,empty,w$infiel@@d,al,35594.0,marion,2054877736.0,acute care hospitals,proprietary,#yes,#surgical infecti$on prevention,scip-inf-2,surgery patients who were given the  right kind  of antibiotic to help prevent infection,99%,103 patients,al_scip-inf-2
375,10086.0,northwest medical center,1530 u s highway 43,empty,empty,winfield,al,,mar??i??on,2054877736.0,acute care hospitals,proprietar#$y,yes,surgical infection prevention,scip-in@@f-3,surgery patients whose preventive antibiotics were stopped at the right time (within 24 hours after surgery),94%,,al_scip-inf-3
376,55028.281438956874,northwest medical center,1530 u s highway 43,empty,,winfield,al,35594.0,,11423782984.147497,acute care hospitals,p#ropr%ietary,yes,surgical infection pr$evention,sci#p-inf-4,all heart surgery patients whose blood sugar (blood glucose) is kept under good control in the days right after surgery,empty,0 patients,al_scip-inf-4
377,10086.0,northwest medical center,1530 u s highway 43,empty,empty,winfield,al,35594.0,ma#%rion,2054877736.0,acute care hospitals,proprietary,yes,surg$ical infection preve$ntion,scip-inf-6,surgery patients needing hair removed from the surgical area before surgery who had hair removed using a safer method (electric clippers or hair removal cream c not a razor),100%,146 patients,al_scip-inf-6
378,31696.37020664967,northwest medical center,1530 u s highway 43,empty,empty,w$i$nfield,al,35594.0,marion,2054877736.0,acute care ho@@spitals,proprietary,yes,surgical infection prevention,scip-vte-1,surgery patients whose doctors ordered treatments to prevent blood clots after certain types of surgeries,95%,58 pat%ient@@s,al_scip-vte-1
379,34935.21582174416,northwest medical center,1530 u s highway 43,empty,empty,winfield,,,marion,2054877736.0,acute care hospitals,proprietary,yes,surgical infection prevention,sc$#ip-vte-2,patients who got treatment  at the right time (within 24 hours before or after their surgery) to help prevent blood clots after certain types of surgery,#$95%,58 patients,al_scip-vte-2
380,10087.0,univ of south alabama medical center,2451 fillingim street,empty,em#$pty,mobile,,36617.0,mobile,11136730511.654457,acute care hospitals,government - state,yes,heart attack,ami-1%,heart attack patients given aspirin at arrival,,86 patients,al_ami-1
381,10087.0,,2451 fillingim street,,empt@@y$,mobile,a@@l,141554.93539548028,mobile,2514717110.0,acute care hospitals,government - state,yes,heart attack,ami-2,heart attack patients given aspirin at discharge,97%,91 patients$,al_ami-2
382,10087.0,univ of south alabama medical center,2451 fillingim st#reet,e@@mpty,empty,mobile,al,36617.0,mobile,12143816570.792006,acute care hospitals,government - state,yes,heart$ attack,ami-3,heart attack patients given ace inhibitor or arb for left ventricular systolic dysfunction (lvsd),100%,22 patients,al_ami-3
383,33207.94001157367,univ of south alabama medical center,2451 fillingim street,empty,empty,mobile,al,36617.0,mobile,2514717110.0,acute car@@e hosp#itals,government - state,ye$??s,heart attack,ami-4,heart attack patients given smoking cessation advice/counseling,100%@@,,al_ami-4
384,10087.0,univ of south alabama med%ical center,2451 fillingi??m street,empty,empty,,al,36617.0,mobile,2514717110.0,acute care hospi%tals,government - state,yes,heart attack,ami-5,heart attack patients given beta blocker at discharge,96%,,al_ami-5
385,10087.0,,2451 fillingim street,empt??@@y,empty,mobile,,36617.0,mobile,2514717110.0,acute care hospitals,government - state,yes,heart attack,ami-7a,heart attack patients given fibrinol$ytic medication within 30 minutes of arrival,empty,,al%_ami-@@7a
386,10087.0,univ of south alabama medical center,,empty,empty,mobile,al,162002.62984454364,mobile,2514717110.0,acute care hospitals,government - state,yes,heart attack,,,50%,16 patients,al_ami-8a
387,10087.0,univ of south alabama medical center,2451 fillingim street,empty,empty,m%obil??e,al,36617.0,mobile,2514717110.0,acut#e care hospitals,government - state,yes,heart failure,hf-1,heart failure patients given discharge i??nstructions,83%,146 patients,al_hf-1
388,,univ of south alabama medical center,2451# fillingim street,empty,em#p#ty,mobile,,175320.34369303842,mobile,14291898365.93357,acute care hospitals,governme#nt - state,yes,heart failure,??hf-2%,,98%,150 patients,al_hf-2
389,10087.0,univ of south alabama medical center,2451 fillingim street,e#mpty??,empty,mobile,al,36617.0,mobile,2514717110.0,acute care hospitals,,yes,heart failure,hf-3,heart failure patients given ace inhibitor or arb for left ventricular systolic dysfunction (lvsd),96#%#,84 patients,al_hf-3
390,10087.0,,2451 fillingim street,empty,empty,mobile,al,,mobile,2514717110.0,acute care@@ hospitals,government - state,yes,,hf-4,heart failure patients given smoking cessation advice/counseling,%100%,45 patients,al_hf-4
391,10087.0,,,empty,empty??@@,mobile,al,36617.0,mobile,9876543575.08703,acute care hospitals,government - state,yes,pneumonia,pn??-2,pneumonia patients assessed and given pneumococcal vaccination,%71$%,7 patients,%al_pn-2
392,10087.0,univ of south alabama medical center,2451 fillingim street,empty,e??mpty,mobile,al,36617.0,mobile,,acute care hospitals,government - state,yes,pneumonia,,pneu$monia patients who@@se initial emergency room blood culture was performed prior to the administration of the first hospital dose of antibiotics,89%,35$ patients,al_pn-3b
393,10108.0,prattville baptist hospital,124 s memorial dr,empty,empty,prattville,al,36067.0,autauga,3343614267.0,,voluntary non-profit - private,yes,??heart attack,,heart attack patients given aspirin at discharge,100%,4 $pa@@tients,al_ami-2
394,10108.0,,124 s memoria@@l dr,,#emp??ty,prattville,al,36067.0,autauga,,acute care hospitals,voluntary non-profit - private,yes,heart attack,ami@@-3,heart attack patients given ace inhibitor or arb for left ventricular systolic dysfuncti??on (lvsd),#67%,,al_ami-3
395,42193.39995778879,prattville baptist hospi%tal,1??#24 s memorial dr,empty,empty,prattville,al,36067.0,autauga,,acute care hospitals,voluntary non%#-profit - private,yes,heart attack,a#m#i-4,,empty$,0 patients,al_ami-4
396,10108.0,prattville baptist hospital,,empty,empty,prattville,al,36067.0,,13014305322.783106,acute care hospitals,voluntary non-profit - private,yes,heart attack,ami-5,heart attack patients given beta blocker at discharge,100%,5 patients,a#??l_ami-5
397,10108.0,prattville bapti??$st hospital,124 s memorial dr,empty,empty,,a??l,36067.0,,,acute care hospitals,voluntary non-profit - private,%y%es,heart?? attack,ami-7a,heart attack patients given fibrinolytic medication within 30 minutes of arrival,empty,0 patient#s,al_ami-7a
398,56049.17187913033,prattville baptist hospital,124 s memorial dr,empty,empty,,al,214833.79293038795,autauga,,acute care hospitals,,ye%s,heart attack,ami-8a,heart attack patients given pci within 90 minutes of arrival,empty,0 patients,al#_ami-8??a
399,10108.0,prattville baptist hospital,124 s memorial dr,empty,empty,pr%attvill??e,al,36067.0,autauga,3343614267.0,acute care hosp%itals,v@@oluntary non-profit - private%,yes,heart failure,hf-1,heart failure@@ patients given discharge instructions,96%$%,75 patients,al_hf-1
400,10108.0,prattville baptist hospital,124 s memorial dr,empty,,pra$ttville,al,36067.0,autauga,3343614267.0,acute care hospitals,voluntary non-profit - private,yes,heart failu%re,hf-2,heart failure patients given an evaluation of left ventricular systolic (lvs) function,94%,93 patients,al_hf-2
401,10108.0,prattville baptist hospital,124 s memorial dr,empty,em#pty,prattville,al,189846.1925176321,autauga,3343614267.0,acute care hospitals,voluntary non-profit - private,,heart failure,hf-3,heart fail#ure patients given ace inhibitor or arb for left ventricular systolic dysfunction (lvsd),94%,#18% patients,al_hf-3
402,10108.0,prattville baptist hospital,124 s memorial dr,empty,empty,,al,36067.0,autauga,3343614267.0,acute care hospitals,volu%ntary non-profit - private,yes,heart failure,hf-????4,heart failure patients given smoking cessation advice/counseling,96%,27 patients,$al_h$f-4
403,10108.0,prattville baptist hospital,124 s memorial dr,empty,e@@mpt%y,prattville,al,36067.0,,3343614267.0,acute care hospitals,voluntary non-profit - private,yes,pneumon%ia,pn-2,pneumonia patients assessed and given pneumococcal vaccination,94%,,al_pn-2
404,10108.0,prattville baptist hospital,124 s memorial dr,empty,empty,prattville,a??l,36067.0,,19735219868.221977,acute care hospitals,voluntary non-profit - private,yes,pneumonia,pn-3b,pneumonia patients whose initial emergency room blood culture was performed prior to the administration of the first hospital dose of antibiotics,95%,138 pat%ients,al_pn-3b
405,10108.0,prattville baptist hospital,124 s memorial dr,,empty,prattville,al,36067.0,autauga,14804823706.431059,acute care hospitals,voluntary non-profit - private,yes,pneumonia,pn-4,,100%,67@@ patien??ts,al_$pn@@-4
406,10108.0,prattville bap%%tist hospital,124 s memorial $dr,empt@@y,empty,,al,36067.0,autauga,3343614267.0,acute care hospitals,voluntary non-profit - private,,pneumonia,pn-5c,pneumonia patients given initial antibiotic(s) within 6 hours after $@@arrival,94%,131 pa#tients,al_pn-5c
407,10108.0,,124 s memorial dr,empty,e$mp@@ty,prattville,al%,,autauga,3343614267.0,acute care hospitals,voluntary non-profit - private,y$es,,pn-6,pneumonia patients given the most appropriate initial antibiotic(s),92%,93 patients,al_pn-6
408,,prattville baptist hospital,124 s memorial dr,empty,em$pty,prattville,,36067.0,autauga,3343614267.0,acute care hospitals,voluntary non-profit - private,ye??s,pneumonia,pn-7,pneumonia @@patients assessed and given influenza vaccination,99%,89 patients,al_pn-7
409,10108.0,prattville baptist hospital,124 s memorial dr@@,em%@@pty,empty,,al,36067.0,aut$??auga,3343614267.0,acute care hospitals,voluntary non-profit - private,yes,surgical infection prevention,scip-card-2,surgery patients who were taking heart drugs called beta blockers before coming to the hospital who were kept on the beta blockers during the period just before and after their surgery,100%,1 pat@@@@ients,
410,10108.0,prattville baptist hospital,124 s memorial dr,empty,empt%$y,prattville,al,36067.0,autauga,3343614267.0,acute care hospitals,voluntary non-profit - private,yes,surgical infection prevention,,surgery patients who were given an antibiotic at the right time (within one hour before surgery) to help prevent infection,90??%,10 patients,al_scip-inf-1
411,10108.0,prattville baptist hospital,124 s memorial dr,em??pt$y,empty,prat@@tvill??e,,36067.0,autauga,3343614267.0,,voluntary non-profit - private,??yes%,surgical infection prevention,scip-inf-2,,90%,10 patients,al_scip-in#f#-2
412,10108.0,prattvil#l$e baptist hospital,124 s memorial dr,em#pty,empty,prattville,al,36067.0,autauga,3343614267.0,acute care hospitals,voluntary non-profit - private,$yes,surgical infection prevention,scip-inf-3,surgery patients whose preventive antibiotics were stopped at the right time (within 24 hours after surgery),100%,10 patients,al_scip-inf-3
413,10158.0,russellville hospital,15155 highway 43,empty,empty,russellville,al,35653.0,,2563321611.0,acute care?? hospitals,proprietary,yes,surgical infection prevention,scip-vte-1,surgery patients whose doctors ordered treatments to prevent blood clots after certain types of surgeries,100%,125 patients,al_scip-vte-1
414,10158.0,russellville hospital,15155 highway 43,empty,e??m#pty,russellville,al,,franklin,2563321611.0,acute care hospitals,proprietary,,su$rgical infection prevention,scip-vte-2,patients who got treatment  at the right time (within 24 hours before or after their surgery) to help prevent blood clots after certain types of surgery,,125 patients,al_scip-vte-2
415,10164.0,coosa valley medical center,315 w hickory st,em%#pty,empty,sylacauga,,35150.0,talladega,14014702938.882036,acute care hospitals,,no,heart attack,ami-1,heart attac@@k patients given aspirin at arrival,,,al_ami-1
416,,coosa valley medical center,315 w hickory st,empty,empty,sylacauga,al,35150.0,,2562495000.0,acute$ care hospitals$,voluntary non-profit - other,no,heart attack,ami-2,heart attack patients given aspi$rin at dischar??ge,100%,,al_ami-2
417,10164.0,coosa valley medical cen@@ter,315 w h$icko%ry st,empty,empty,sylacauga,al,150786.17415103092,talladega,2562495000.0,acute care hospitals,voluntary non-profit - other,no,heart attack,ami-3,heart attack patients given ace inhibitor or arb for left ventricular systolic dysfunction (lvsd),100%,1 patients,al_ami-3
418,10164.0,coosa valley medical center,315 w hickory st,empty,empty,sylacauga,al,205661.82905824328,talladega,2562495000.0,acute care hospitals,voluntary non-profit - other,no,heart attack,ami-4,heart attack patients given smoking cessation advice/counseling,empty,0 patients,
419,10164.0,coosa valley medical center,315 w hickory st,empty,empty,sylacauga,a??l,35150.0,talladega,9759299894.382193,acute care hospitals,,no,heart attack,ami-5,heart attack patients given beta blocker at discharge,100%,4 patients,al_ami-5
420,,coosa valley medical center,315 w hickory st,empty,empty,s@@ylacau??ga,al,35150.0,talladega,2562495000.0,acute care hospitals,voluntary non-profit - other,no,heart attack,a??mi-7a,heart attack patients given fibrinolytic medication within 30 minutes of arrival,empty,0 pati??ents,al_ami-7a
421,10164.0,coosa valley medical center,315 w hickory st,empty,empty,sylacauga,al,,talladega,,acute care hospitals,,no%@@,heart attack,ami-8a,heart attack patients given pci within 90 minutes of arrival,empty,#0# patients,al_ami-8a
422,54856.20503616999,coosa valley medical center,315 w hickory st,empty,,%$sylacauga,al,144336.78200661577,tallade#ga,2562495000.0,acute care hospitals,voluntary non-profit - other,no,heart failure,hf-1,heart failure patients given discharge instructions,,,
423,10164.0,coosa valley medical cent??er,315 w hickory st,,empty,sylacauga,al,35150.0,talladega,,acute care hospitals,voluntary non-profit - other,,heart failure,hf-2,heart failure patients given an evaluation of left ventricular systolic (lvs) function,99%,10@@5 patients,al_hf-2
424,10164.0,coosa valley medical center,315 w hickory st,empty,empty,sylacauga,al,35150.0,talladega,2562495000.0,acute c%are hospitals,voluntary non-profit - other,no,heart failure,hf-3,heart failure patients given ace inhibitor or arb for left ventricular systolic dysfunction (lvsd),8%5%,46 patients,
425,10164.0,coosa valley medical center,315 w hickor$??y st,,empty,s??ylacauga,al,35150.0,talladega,2562495000.0,acute care hospitals,voluntary non-profit - other,no,,hf-4,heart failure patients$ given smoking cessation advice/counseling,100%,12 patients,
426,10164.0,coosa valley medical center,31%#5 w hickory st,empty,empty,sylacauga,al,35150.0,talladega,11743135981.900917,acute care hospitals,voluntary %non-profit - other,no,pneumonia,pn-2,pneumonia patients assessed and given pneumococcal vaccination,93%,,al_pn-2
427,10164.0,coosa valley medical center,315 w hickory st,empty,empty,,al,35150.0,t@@alladega,2562495000.0,acute care hosp??itals,voluntary non-profit - other,no,pneumonia,pn-3b,pneumonia patients whose initial emergency room blood culture was per@#@formed prior to the administration of the first hospital dose of antibiotics,97%,95 patients,al_pn-3b
428,,coosa valley medical center,315 w?? hickory st,empty,empty,sylacauga,al,35150.0,talladega,2562495000.0,#acute c%are hospitals,voluntary non-profit - other,no,pneumonia,pn-4,pneumonia patients given smoking cessation advice/counseling,100%,47 patients,#$al_pn-4
429,10164.0,coosa vall%ey medical center,315 w hickory st,empty,empty,sylacauga,al,35150.0,talladega,10108346759.916376,acute care?? h#ospitals,voluntary non-profit - other,no,pneumonia,pn-5c,pneumonia patients given initial antibiotic(s) within 6 hours after arrival,97%,101 patients,al_pn-5@@c
430,10164.0,coosa valley medical center,315 w hickory st,empty,em@@pt#y,sylacauga,al,35150.0,talladega,2562495000.0,acute care hospitals,voluntary non-profit - other,no,pneumonia,pn-6,pneumonia patients given the most appropriate initial antibiotic(s),96%,57 patients,al_pn-6
431,10164.0,coosa valley medical center,315 w hickory st,empty,empty,sylacauga,al,35150.0,talladega,2562495000.0,acute care ho%#spitals,,no,pneumonia,pn-7,pneumonia patients assessed and given influenza vaccination,88%,,al_pn-7
432,10164.0,coosa valley medical center,,empty,empt??y,sylac$aug#a,a$??l,35150.0,talladega,13025813191.322973,acute care hospitals,vol#untary non-profit - o%ther,no,surgical infection prevention,scip-card-2,surgery patients who were taking heart drugs called beta blockers before coming to the hospital who were kept on the beta blockers during the period just before# and after their surgery,82%,22 patients,al_scip-card-2
433,66912.56238925396,alaska regional hospital,2801 debarr road,empty,empty,,ak,99508.0,anchorage,9072761131.0,acute care hospitals,,,heart failure,hf-1,heart failure patients given discharge instructions,91%,57 p@@atients,ak_hf-1
434,63734.9728475827,alaska regional hospital,2801 debarr road,empty,@@empty,,ak,99508.0,,9072761131.0,acute care hospitals,propr%ietary,yes,heart failure,hf-2,heart failure patients given an evaluation of left ventricular systolic (lvs) functio#n,98%,61 patients,ak_hf-2
435,20017.0,alaska regional hospital,2801 debarr road,empty,empty,anchor#a$ge,ak,99508.0,anchorage,9072761131.0,acute care hospitals,proprietary,yes,heart failure,hf-3,heart failure patients given ace inhibitor or arb for left ventricular systolic dysfunction (lvsd),100%,33 patients,ak_hf-3
436,20017.0,a$laska re%gional hospital,2801 debarr road,empty,empty,anchorage,ak,99508.0,anchorage,32768757172.32793,acute care hospitals,proprietary,yes,heart failure,hf-4,heart failure patients given smoking cessation advice/counseling,100%,13 patients,ak_hf-4
437,20017.0,al#aska regional hospital,2801 debarr road,e#mpty,empty,anchorage,,99508.0,anchorage,9072761131.0,acute care hospitals,proprietary,yes,pneumonia,pn-2,pneumonia patients assessed and given pneumococcal vaccination,97%,37 patients,ak_p%n-2
438,20017.0,alaska regional hospital,2801 debarr road,empty,,anchorage,ak,99508.0,anchorage,54173463552.83323,acute care hospitals,,yes,pne??%umonia,pn-3b,pneumonia patients whose initial emergency room blood culture was performed prior to the administration of the first hospital dose of antibiotics,100%,47 patients,ak_pn-3b
439,20017.0,alaska regional hospital,,,empty,anchorage,ak,99508.0,anchorage,46384423793.4232,acute care hospitals,,ye@@s,pneumonia,,pneumonia patients given smoking cessation advice/counseling,96%,26 patients,ak_pn-4
440,20017.0,alaska regional hospital,2801 debarr road,empty,empty,anchorage,ak,546258.1796679981,anchorage,9072761131.0,acute care hospitals,proprietary,yes,pneu??monia$,pn-5c,pneumonia patients given initial antibiotic(s) within 6 hours after arrival,97#??%,39 patients,ak_pn-5c
441,64647.753397686276,alaska regional hospital,2801 debarr road,empty,empty,anchorage,ak,99508.0,anchorage,9072761131.0,acute care hospitals,proprietary,yes,pneumoni@@a,pn-6,pneumonia patients given the most appropriate initial antibiotic(s),95%,,ak_pn-6
442,,,2801 debarr road,empty,empty,,,99508.0,anchorage,,acute care hospitals,proprietary,yes??,pneumo??nia$,pn-7,pneumonia patients assessed and given influenza vaccination,90%,29 patients,ak_pn-7
443,,alaska regional hospital,,empty,empty,anchorage,ak,99508.0,anchorage,9072761131.0,acute care hospitals,proprietary,yes,surgical infection prevention,scip-card-2,,8??7#%,106 patients,ak_scip-card-2
444,20017.0,alaska regional hospital,,empty,empty,anchorage,,99508.0,anchorage,9072761131.0,acute care hospitals,proprietary,ye%s,surgical infection prevention,scip-inf-1,,96%,513 %@@patients,ak_scip-inf-1
445,20017.0,alaska regional hospital,2801 debarr road,empty,empty,,,99508.0,,9072761131.0,acu@@te care hos@@pitals,,,surgical infection prevention,scip-inf-2,surgery patients who were given the  right kind  of antibiotic to help prevent infection,98%,521 patients,a#k_scip-inf-2
446,20017.0,,2801 debarr road,empty,empty,$anch#orage,ak,99508.0,anchorage,9072761131.0,acute care?? hospitals,proprietary,,surgical infection prevention,scip-inf-3,surgery patients whose preventive antibiotics were stopped at the right time (within 24 h??ours after surgery),88%,499 pa@@tien$ts,ak_scip-inf-3
447,61220.772835284166,alaska regional hospital,2801 d#eb@@arr road,empty,empty,anchorage,ak,99508.0,anchorage,,acute care hosp$ital@@s,pro??prietary,yes,surgical inf#ection prevention,scip-inf-4,all heart surgery patients whose blood sugar (blood glucose) is kept under good control in the days right after surgery,94%,,ak_scip-inf-4
448,20017.0,alaska regional hospital,,empty,empty,,,99508.0,anchorage,9072761131.0,,proprietary,$yes,,s%cip-inf-6,surgery patients needing hair removed from the surgical area before surgery who had hair removed using a safer method (electric clippers or hair removal cream c not a razor),100%,690 patients,ak_scip-inf-6
449,20017.0,alaska regional hospital,2801 debarr road,e$mpty,empty,anchorage,ak,99508.0,,9072761131.0,acute care hospitals,proprietary,yes,surgical infection prevention,scip-vte-1,surgery patients w%hose doctors ord#ered treatments to prevent blood clots after certain types of surgeries,94%,226 patients,ak_scip-vte-1
450,20017.0,alaska regional hospital,2801 debarr road,empty,e%mpty,,ak,99508.0,anchorage,9072761131.0,acute care hospitals,prop$rietary,yes,surgical infection prevention,,patients who got treatmen#t  at the right ti@@me (within 24 hours before or after their surgery) to help prevent blood clots after certain types of surgery,94%,223 patients,ak_scip-vte-2
451,20018.0,yukon kuskokwim delta reg hospital,po box 287,e%mpty,empty,bethel,ak,99559.0,bethel,,,government - federal,no,heart attack,ami-1,heart attack patients given aspirin at arrival,empty,empty,ak_ami-1
452,20018.0,yukon kuskokwim delta reg hospital,po box 287,,empty,,ak,99559.0,bethel?#?,9075436300.0,acute care hospitals,government - federal,no,heart attack,ami-2,heart attack patients given aspirin at discharge,empty,empty,ak_ami-2
453,37791.328666420806,helen keller memorial hospital,1300 south montgomery avenue,empty,empty,sheffield,al,,,2563864556.0,acute care hospitals,government - hospital district or authority,yes,pneumonia,pn-2,pneumonia patients assessed and given pneumococcal vaccination,89%,150 patients,al_pn-2
454,10019.0,hele%n keller memorial hospital,1300 south montgomery avenue,empty,empty,sheffield,a%l,35660.0,jefferson,2563864556.0,acute care hospitals,government - hospital #district or authority,yes,%pneumonia,pn-3b,pneumonia patients whose initial emergency room blood culture was performed prior to the administration of the first hospital dose of antibiotics,99%,149 patients,al_pn-3b
455,10019.0,helen keller memorial hospital,1300 south montgomery avenue,empty,empty,sheffield,al,156259.7708689907,jefferson,2563864556.0,acute care hospitals,government - hospital district or authority,yes,pneumonia,pn-4,pneumonia patients given smoking cessation advice/counseling,97%,79 patients,al_pn-4
456,38421.93774146215,helen keller memorial hospital,1300 south montgomery avenue,empty,empty,sheffield,,35660.0,je%fferso@@n,2563864556.0,,government - hospital district or authority,yes,pneumonia,pn-5c,pneumonia patients given initial antibiotic(s) within 6 hours after arrival,98%,1??92 patients??,al_pn-5c
457,10019.0,helen keller memorial $hospital,1300 south montgomery avenue,,empty,sheffield,al,35660.0,jefferson,11742900862.061674,acute care hospitals,government - hospital district or authority,y$e%s,pneumonia,pn-6,pneumonia patients given the most appropriate initial antibiotic(s),86%,139 patients,al_pn-6
458,10019.0,helen keller memorial hospital,1300 south montgomery avenue,e$mp%ty,@@empty,sheffield,al,35660.0,jefferson,2563864556.0,acute care hospitals,government - hospital district or authority,yes,pneumo%nia,pn-7,pneumonia patients assessed and given influenza vaccination,82%,119 patients,
459,10019.0,,1300 south montgomery avenue,empty,empty,sheffield,,35660.0,jefferson,2563864556.0,,government - hospital district or authority,yes,,scip-card-2,surgery patients who were taking heart drugs called beta blockers before coming to the hospital who were kept on the beta blockers during the period just before and after their surgery,81%,,al_scip-card-2
460,32495.759488982,helen keller memorial hospital,1300 south montgomery avenue,empty,,sheffield,$a#l,35660.0,jefferson,2563864556.0,acute care hospitals,government - hospital district or authority,yes,,scip-inf-1,surgery patient%s who were given an antibiotic at the right time (within o??ne hour before surgery) to help prevent infection,92%,253 patients,al_scip-inf-1
461,10019.0,helen keller memorial hospital,1300 south montgomery avenue,empty,em#pty,sheffield,al,35660.0,jefferson,,acute care hospitals,government - hospital district or authority,yes,surgical infection prevention,s$ci%p-inf-2,surgery patients w$ho were given the  right kind  of antibi%otic to help prevent infection,91%,2$55 patients,al_scip-inf-2
462,55656.093193800785,helen keller memorial hospital,1300 south montgomery avenue,empty,empty,sheffiel@??@d,al,35660.0,jefferso$n,9559002686.647585,acute care hospitals,government - hospital district or authority,yes,surgical infection prevention,scip-inf-3,surgery patients whose preventive antibiotics were stopped at the right time (within 24 hours after surgery),84%,245 patients,al_scip-inf-3
463,,helen keller me@@m$orial hospital,1300 south montgomery avenue,empty,empty,sheffield,al,35660.0,je??ffe%rson,2563864556.0,acute care ho$spitals,government - hospital district or authority,yes,surgical infection prevention,scip-inf-4,all heart surgery patients whose blood sugar (blood glucose) is kept under good control in the days right after surgery,em??#pty,,al_scip-i@@nf-4$
464,10019.0,#helen keller memorial hospital,1300 south montgomery avenue,empty,empty,sheff#iel%d,al,35660.0,jefferson,2563864556.0,acute care hospitals,government - hospital district or authority,yes,surgical infection prevention,scip-inf-6,surgery patients needing hair removed from the surgical area before surgery who had hair removed using a safer method (electric clippers or hair removal cream c not a razor),97%,369 patients,al_scip-inf-6
465,10019.0,helen keller memorial hospital,1300 south montgomery avenue,emp??ty,empty,sheffield,al,35660.0,,2563864556.0,acute care hospitals,government - hospital district or authority,,surgical infection prevention,scip-vte-1,surgery patients whose doctors ordered treatments to prevent blood clots after certain types of surgeries,85%,#144 patients,al_scip-vte-1
466,10019.0,helen keller memorial hospital,1300 south montgomery avenue,empty,empty,sheffield,al,,jef@@fers#on,,acute care hospitals,government - hospital district or authority,yes,surgical infection prevention,scip-v#te-2,patients who got treatment  at the right time (within 24 hours before or after their surgery) to help prevent blood clots after certain types of surgery,79%,,al_scip-vte-2
467,10021.0,dale medical center@@,126 ho??spi$tal ave,empty,empty,oz??ark,al,36360.0,,,acute care hospitals,government - hospital district or authority,yes,heart attack,ami-1,heart attack patients given aspirin at arrival,100%,11 patients,al_ami-1
468,37242.66484022644,da#le me#dical center,126 hospital ave,,empty,ozark,al,36360.0,,,acute care hosp??ita??ls,government - hospital district or authority,yes,,ami-2,heart attack patients given aspirin at discharge,100$%,5 patients,al_$ami-$2
469,10021.0,dale medical center,126 hospital ave,empty,em$%pty,ozark,al,,dale,3347742601.0,acute care hospitals,,,heart attack,,heart attack patients given ace inhibitor or arb for left ventricular systolic dysfunction (lvsd),em@%@pty,0 patients,al_ami-3
470,10021.0,dale medical center,126 ??hospital ave,empty,empty,ozark,al,,dale,3347742601.0,acute care hospitals,government - hospital district or authority,yes,heart attack,ami-4,heart attack patients given smoking cessation advice/counseling,10#0%,3 patients,al_a@@mi-4#
471,52960.43123211687,dale medical center,,,empty,ozark,al,132122.7022126962,dale,3347742601.0,acute care hospitals,government - hospital district or authority,yes,heart attack,ami-5,heart attack patients given beta blocker at discharge,83%,6 patients,al_ami-5
472,10021.0,dale medical center,126 hospital ave,empty,empty,ozark,a@@l,36360.0,dale,,acute care hospitals,%government - hospital district or authority,yes%??,heart attack,a%mi-7a,heart attack patients given fibrinolytic medication within 30 minutes of arrival,0%,2 patients,al_ami-7a
473,,dale medical center,126 h??ospital ave,empty,empty,o@@%zark,al,162609.8101789813,dale,,acute care hospitals,government - hospital district or authority,y%es,heart attack,ami-8a,heart attack patients given pci within 90 minutes of arrival,empty,0 patients,al_ami-8a
474,10021.0,dale medical center,126 hospital ave,empty,empty,ozark,al,152109.75405156057,,3347742601.0,acute care hospitals,governm%ent - hospital district or a#uthority,yes,heart failure,hf-1,heart failure patients given discharge instructions,66%,79 patients,al_hf-1
475,10021.0,dale medical center,,empty,empty,ozark,al,36360.0,dale,3347742601.0,acute@@ care hospit@@als,government - hospital district or authority,%yes%,,hf-2,heart failure patients given an evaluation of left ventricular systolic (lvs) function,96%,94 patients,al_hf-2$
476,,dale medical center,126 hospital ave,empty,empty,ozark,al,36360.0,dale,3347742601.0,acute care hospitals,gover#nment - hospital district or au#thority,yes,heart failure,hf-3,heart failure patients given ace inhibitor or arb for left ventricular systolic dysfunction (lvsd),94%,,al_hf-3
477,50043.15592770279,dale medical center,126 hospital ave,$empty,empty,oz$ark,al,36360.0,da??le,3347742601.0,acute care hospitals,government - hospital district or authority,yes,heart failure,hf-4,heart failure patients given smoking cessation advice/counseling,,32 patients,al_hf-4
478,10021.0,dale medical center,126 hospital ave,empty,empty,ozark,%a$l,36360.0,dale,3347742601.0,acute care hospitals,government - hospital district or authority,ye$s,pneumoni??a,pn$-2,pneumonia patients assessed and given pneumococcal vaccination,85%,80 patien@@t$s,al_pn-2
479,,dale medical center,126 hospital ave,empty,empty,??#ozark,,36360.0,dale,3347742601.0,acute care hospitals,government - hospital district or authority,yes,pneum$onia,,pneumonia patients whose initial emergency room blood culture was performed prior to the administration of the first hospital dose of antibiotics,94%$,67 patients,al_pn-3b
480,10021.0,dale medical center,126 hospital ave,empty,empty,ozark,al,36360.0,dale,3347742601.0,acute care hospitals,government - hospital district or authority,$yes%,pneumonia,pn-#4@@,pneumonia patients given smoking cessation advice/counseling,87%,,al_pn-4
481,,dale medical center,126 hospital ave,empty,empty,,al,36360.0,,18842469252.834633,acute care hospitals,government - hospital district or authority,yes,pneumonia,pn-5c,pneumonia patients given initial antibiotic(s) within 6 hours after arrival,95%,74 patients,al_pn-5c
482,10021.0,d@@ale medical center#,126 hospital ave,em??pty,empty,ozark,$al%,152418.37631570327,dale,,,government - hospital district or authority,yes#??,pneumonia,pn-6,pneumonia patients given the most appropriate initial antibiotic(s),64%,59 patients,al_pn-6
483,10021.0,dale medical center,126 hospital ave,empty,@@empty,ozark,al,,$dale,3347742601.0,acute care hospitals,government - hospital district or authority,yes,pneumonia,pn#-7,pneumonia patients assessed and given influenza vaccination,90%,62 patients,al_pn-7
484,10021.0,dale medical center,,empty,empty,oza#rk%,al,36360.0,dale,3347742601.0,acute care hospitals,government - hospital district or authority,yes,surgical infection prevention,scip-card-2,,1@@00%$,,al_scip-card-2
485,10021.0,dale medical $center,126 hospital ave,empty,empty,,al,36360.0,dale,3347742601.0,acute care hospitals,g??overnment - hospital district or author#ity,,surgical infection prevention,scip-inf-1,surgery patients who were given an antibiotic at the right time (within one hour before surgery) to help prevent infection,94%,52 patients,al_scip-inf-1
486,10021.0,dale medical center,126 hospital ave,empty,empty,,#al#,36360.0,dale,3347742601.0,acute care hospitals,govern??ment - hospital distri??ct or authority,yes,surgical infection prevention,scip-inf-2,surgery patients who were given the  right kind  of antibiotic to help prevent infection,96%,52 patients,al_scip-inf-2
487,10021.0,,126 hospital ave,empt$y,empty,ozark,$al,36360.0,dale,10698054408.889553,acute care hospitals,government - hospital district or authority,yes,s#urgical infection prevention,,surgery patients w#hose preventive antibiotics were stopped at the right time (within 24 hours after?? surgery),85%,48 patients,al_scip-inf-3
488,42952.91246387596,dale medical center,126 hospital ave,empty,empty,ozark,al,36360.0,dale,3347742601.0,acute care hospitals,government - hospital district or authority,ye$s@@,surg??ical i%nfection prevention,scip-inf-4,all heart surgery patients whose blood sugar (blood glucose) is kept under good control in the days right after surgery,empty,0 ??patie#nts,al_scip-inf-4
489,10021.0,dale medical center,,empty,,ozark,al,36360.0,dale,12054237104.13203,,,yes,surgi$cal infection p@@revention,scip-inf-6,surgery patients needing hair removed from the surgical area before surgery who had hair removed using a safer method (electric clippers or hair removal cream c not a razor),100%,94 patients,al_scip-inf-6
490,10021.0,dale medical center,12@@6 hosp??ital ave,empty,empty,,a$%l,36360.0,dale,,acute care hospitals,government - hospital district or authority,,surgical infection prevention,scip-vte-1,surgery patients whose doctors ordered treatments to prevent blood clots after certain types of surgeries,88%,50 patients,al_scip-vte-1
491,,dale m@@edical ce@@nter,126 hos#pital $ave,empty,,,al,36360.0,dale,16061236582.017393,acute care hospitals,government - hospital district or authority,,surgical infection prevention,s??cip-vte-2,patients who got treatment  at the right time (within 24 hours before or after their surgery) to help prevent blood clots after certain types of surgery,68%,50 patients,al_scip-vt#e-2
492,10022.0,cherokee medical center,,empty,empty,centre,al,35960.0,cherokee,2569275531.0,acute care hos??pitals,voluntary non-profit - private,yes,heart attack,ami-1,heart attack patients given aspirin at arrival,em??p%ty,0 patients,al_ami-1
493,10022.0,cherokee medical center,400 no@@rthwood dr,e#mpty,,centre,al,35960.0,cherokee,2569275531.0,acute care hospitals,voluntary non-profit - private,yes,heart atta#ck,ami-2,heart attack patients given aspirin at discharge,100%,,al_ami-2
494,10022.0,cherokee medical center,400 northwood dr,,empty,centre,a%l,35960.0,cherokee,2569275531.0,acute care hospitals,voluntary non-profit - private,yes,heart attack,ami-$#3,,empty,0 patients,al_ami-3
495,10022.0,cherokee medical center,400 ??northwood# dr,????empty,empty,cen@@@@tre,al,35960.0,cherokee,2569275531.0,acute care hospitals,voluntary non-profit - private,yes,heart attack,@@ami-4,heart attack patients given smoking cessation advice/counseling,empty,0 p@@atients,
496,10022.0,,400 northwood dr,empty,empty,centre,,168021.63809402968,c$herokee,2569275531.0,acute care hospitals,voluntary non-profit - private,yes,heart at%tack,,heart attack patients given beta blocker at discharge,empty,0 patients,al_ami-5
497,10022.0,cherokee medical center,400 northwood dr,empt$y%,empty,centre,,35960.0,cherok??e$e,2569275531.0,acute care ho$spital%s,voluntary non-@@profit - priva$te,yes,heart attack,ami-7a,heart attack patients given fibrinolytic medication within 30 minutes of arrival,empty,0 patients,al_ami??-7a
498,10022.0,cherokee medical center,400 northwood dr,empty,empty,,al,35960.0,ch@@erokee,,acute care hospitals,voluntary non-profit - private,yes,heart attack,ami-8a,heart a#ttack patients given pci within 90 minutes of arrival,empty,0 patients,al_ami-8a
499,10022.0,cherokee medical center,400 northwood dr,empty,empty,centre,al,35960.0,cherokee,12304922524.527956,acute ca#re hospitals,voluntary non-profit - private,yes,heart failure,,heart failure patients given discharge instructions,,35 patients,al_hf-1
500,10022.0,cherokee m#edical cente@@r,400 northwood dr,%em??pty,empty,centre,%al??,35960.0,cherokee,8298465017.009462,acute care hospitals,voluntary non-profit - private,yes,,,heart failure patients given an evaluation of left ventricular systolic (lvs) function,94%,,al_hf-2
501,10022.0,cherokee medical center,400 northwood dr,empty,empty,centre,al,140847.9393474574,cherokee,13154749208.979399,acute care hospitals,voluntary non-prof??it - private,,heart failure,hf-3,,90%,10 patients,al_hf-#3
502,38591.715738817315,cherokee medical center,#400 northwood %dr,empty,em??@@pty,ce@@ntre,al,35960.0,cherokee,2569275531.0,acute care hospitals,voluntary non-profit - private,,heart failure,hf-4,heart fa??ilure patients given sm@@oking cessation advice/counseling,100%,1%5 patients??,al_hf-4
503,10022.0,cherokee medical center,$4$00 northwood dr,empty,empty,cen$tre,al??,35960.0,cherokee,2569275531.0,acute care hospitals,voluntary non-profit - private,yes,pneumon??ia,,pneumonia patients assessed and given pneumococcal vaccination,93%,44 patients,
504,10022.0,cherokee medical center,400 northwood dr,empty,empty,,al,35960.0,cherokee,2569275531.0,acute car??e $hospitals,voluntary non-profit - private,yes,pneumonia??,pn-3b,pneumonia patients whose initial emergency room blood culture was performed prior to the administration of the first hospital dose of antibiotics,,33 patients,al_pn-3b
505,37857.46078557126,cherokee medical center,400 northwood dr,empty,,cen??t%re,al,35960.0,cherokee,2569275531.0,acute care hospitals,voluntary non-profit - private,y@@e$s,pneumonia,pn-4,pneumonia pa%tients given smoking cessation advice@@/counseling,100%,20 patients,al_pn-4
506,10022.0,cherokee medical center,400 northwood dr,empty,empty,,al,176108.33198973257,,2569275531.0,acute care hospitals,voluntary non-profit - private,#y$es,pneumonia,p@@n-5c,pneumonia patients given initial antibiotic(s#) within 6 hours after arrival,89%,56 patients,al_pn-5c
507,10022.0,cherokee medical center,40@@0 %northwood dr,empty,empty,centre,al,,cherokee,2569275531.0,acute care hospitals,,yes,pneumonia,pn-6,pneumonia patients given the most appropriate initial antibiotic(s),,44 patients,al_pn-6
508,10022.0,cherokee medical@@ center,400 northwood dr,empty,,centre,al,35960.0,c@@h??erokee,2569275531.0,acute care hospitals,voluntary non-profit - private,yes,pneumonia,pn-7,pneumonia patients assessed and given influenza vaccination,81%,,#a#l_pn-7
509,10022.0,cherokee medical center,400 northwood dr,empty,empty,centre,al,35960.0,cherokee,2569275531.0,acute care hospi$tals,voluntary non-profit - private,yes,surgical infection prevention,,surgery patients who were taking heart drugs called beta blockers before coming to the hospital who were kept on the beta% blockers during the period just before and after their surgery,empty,empty,al_scip-card-2
510,10022.0,cherokee medical center,400 northwood dr,em??p%ty,,centre,al,35960.0,cherokee,2569275531.0,acute care hospitals,vo#luntary non-pr@@ofit - private,yes,surgical infection prevention,scip-inf-1,surgery patients who were given an antibiotic at the right time (within one hour before surgery) to help prevent infection,0%,2 patient$s,al_scip-inf-1
511,10022.0,cherokee medical center,400 northwood dr,empty,empty,centre,al,35960.0,cherokee,2569275531.0,acute care hospitals,voluntary non-profit - private,yes,surgical infection prevention,scip-i??nf@@-2,surgery patients who were given the  right kind  of antibiotic to help prevent infection,100%,2 patients,al_sci#p-inf-2??
512,10022.0,cherokee medical center,400 northwood dr,empty,empty,centre,al,149576.3103118523,cher$okee,2569275531.0,ac$ute care h#ospitals,voluntary non-profit - private,y%es,surgical infection prevention,scip-inf-3,,0%,1 patients,
513,10022.0,cherokee medical center,400 northwood dr,empty,empty,centre,al,35960.0,cherokee,2569275531.0,,voluntary non-profit - private,yes,,scip-inf-4,#all heart surgery patients whose blood sugar (blood glucose) is kept under good control in the days right after surgery,empty,0 patients,al_scip-inf-4
514,,,400 northwood dr,e#mp%ty,e%??mpty,centre,al,35960.0,cherokee,,acute care hospitals,voluntary non-profit - private,yes,surgical infection prevention,scip-inf-6,surgery patients needing hair removed from the surgical area before surgery who had hair removed using a safer method (electric clippers or hair removal cream c not a razor),,6 patients,al_scip-inf-6
515,53955.98289411609,cherokee medical center,400 northwood dr,empty,empty,centre,al,35960.0,cherokee,2569275531.0,??acute $care hospitals,voluntary non-profit - private,,surgical infection prevention,scip-vte-1,surgery patients whose doctors ordered treatments to prevent blood clots after certain types of surgeries,100%,5 patients,al_scip-vte-1
516,10022.0,cherokee medical center,400 northwood dr,e%m$pty,empty,centre,al,35960.0,cherokee,2569275531.0,acute care hospitals,,,,s??cip-vte-2,,,,al_sc%i@@p-vte-2
517,10023.0,baptist medical center south,2105 east south boulevard,empty,empty,mont??go#mery,al,36116.0,montgomery,3342882100.0,acute care hospitals,,??y$es,heart attack,ami-1,h%eart attack patients given aspirin at arrival,100%,134 patients,
518,10023.0,,2105 east south boulevard,empty,empty,montgomery,,36116.0,montgomery,3342882100.0,acute care hospitals,voluntary non-profit - church,yes,hear#t attack,,heart attack patients given aspirin at discharge,,282 patients,al_ami-2
519,10023.0,baptist medical center south,2105 @@east south boulevard,empty,empt#@@y,montgomery,al$,36116.0,montgomery,3342882100.0,acute care hospitals,,$yes,heart attack,ami-3,heart attack patients given ace inhibitor or arb for left ventricular systolic dysfunction (lvsd),100%,53 pati??ents,al_ami-3
520,10023.0,baptist medical center south,2105 eas$t south bouleva??rd,empty,empty,montgomery,a#l,,montg??$omery,18306432504.078205,acute care hospitals,voluntary non-p@@ro$fit - church,yes,heart attack,ami??-4,heart attack $patients give$n smoking cessation advice/counseling,100#%,119 patients,al_ami-4
521,10023.0,baptist medical center south,2105 east south boulevard,empty,empty,montgomery,al,36116.0,montgomery,3342882100.0,acute care hospitals,voluntary no@@n-profit - church,yes,heart attack,a$mi%-5,heart attack patients given beta blocker at discharge,,254 patients,al_ami-5
522,10023.0,baptist medical center south,2105 east south boulevard,,,montgomery,?@@?al,,montgomery,3342882100.0,acute care hospitals,voluntary non-profit - church,yes,heart attack,ami-7a,heart attack patients given fibrinolytic medication within 30 minutes of arrival,empty,0 patients,al_ami-7a
523,45964.88802399204,baptist medical center south,2105 east south boulevard,empty,empty,,al,36116.0,montgomery,3342882100.0,$a#cute care hospitals,voluntary non-profit - church,yes,heart attack,ami-8a,heart attack patients given pci within 90 minutes of arrival,,27 patients,al_ami-8a
524,10023.0,baptist medical center south,2105 east south boulevard,empty,,mon#tg$omery,$al,36116.0,montgomery,3342882100.0,acute care hospitals,voluntary non-profit - church,yes,heart @@failure,hf-1,heart failure patients given discharge instructions,100%,257 patients,al_hf-1
525,10023.0,baptist medical center south,,empty,empty,montgomery,,36116.0,montgomery,3342882100.0,ac??ute care hospitals,voluntary non-profit - church,yes,heart failure,??hf-2,heart failure patients given an evaluation of left ventricular systolic (lvs) function,100%,#292% patients,al_hf@@-2
526,,baptist medical center south,2105 east south boulevard,empty,e%mpty,montgomery,,36116.0,montgomery,3342882100.0,acute care hospitals,voluntary non-profit - church,ye??s,heart failure,h#f-@@3,heart failure pa@@tients given ace inhibitor or arb for left ventricular systolic dysfunction (lvsd),100%,98 patients,al_hf-3
527,10023.0,baptist medical center south,2105 east sou@@th boule#vard,empty,empty,montgomery,al,36116.0,montgomery,18286644341.34644,acu%@@te care hospitals,voluntary non-profit - church,yes,h%eart failure,hf-4,heart failure patients given smoking cessation advice/counseling,100%,77 pati%ents,al_hf-4
528,10023.0,,2105 east#% south boulevard,empty,empty,montgomery,al,36116.0,mon??tgomery,3342882100.0,acute care hospitals,voluntary non-profit - church,yes,pneumonia,pn-2,pneumonia pati#ents asse@@ssed and given pneumococcal vaccination,,99 patients,al_pn-2
529,10023.0,baptist medical center south,2105 east south boulevard,empty,empty,mo$ntgo$mery,,133595.37112059724,montgomery,13939768762.809078,acute care hospitals,voluntary non-profit - church,yes,pneumonia,pn-3b,pneumonia patients whose initial emergency room blood culture was performed prior to the administration of the first hospital dose of antibiotics,96%,103 patients,al_pn-3b
530,10023.0,baptist medical center south,2105 east south boulevard,empty,empty,montgomery,al,36116.0,montgo@@mery,3342882100.0,acute care hospitals,voluntary non-profit - church,yes,$pneumonia,pn-@@@@4,,94%,80 patients,al_pn-4
531,10023.0,baptist medical center south,2105 east south boulevard,#empty,empty,montgomery,al,201639.42249546133,montgomery,3342882100.0,acute care hospitals,voluntary non-profit - church,yes,pneumonia,pn-5c,pneumonia patients given initial antibiotic(s) within 6 hours after arrival,95%$$,101 patients,al_pn-5c#
532,10023.0,baptist medical center south,2105 east south boulevard,em#pt??y,empty,montgomery,al,36116.0,montgomery,15452641919.24655,acu@@te care hospitals,voluntary non-profit - church,yes,@@pneumonia??,pn-6,,90%,,$al_pn#-6
533,40159.86918550749,baptist medical center south,2105 east south boulevard,??empty,empty,,al,36116.0,montgomery,3342882100.0,acute care hospitals,voluntary non-profit - church,yes,pneumonia,pn-7,pneumonia patients assessed and given influenza vaccination,$9$2%,87 patients,
534,,,2105 east south boulevard,,empty,montgomery,al,143425.3720501622,%montgom$ery,3342882100.0,acute care hospitals,voluntary non-profit - church,yes,surgical infection prevention,scip-card-2,surgery patients who were taking heart drugs called beta blockers before coming to the hospital who were kept on the beta blockers during the period just before and after their surgery,97%,,al_scip-card-2
535,57476.01414956984,baptist medic$al@@ center south,,empty,empty,montgomery,al,36116.0,,3342882100.0,acute care hospita??ls,voluntary non-profit - church,yes,,scip$-inf-1#,surgery patients who were given an antibiotic at the right time (within one hour before surgery) to help prevent infection,97%,412 patients,al_scip-inf-1
536,10023.0,baptist medical center south,2105 east south boulevard,empty,empty,montgomery,al,36116.0,montgomery,3342882100.0,acute care hospitals,voluntary non-profit - church,yes,,scip-inf-2,surgery patients who were given the  right kind  of antibiotic to help prevent infection,97%,423 patients,al_scip-inf-2
537,10023.0,baptist medical center south,2105 east south boulevard,empty,empty,montgomer#y,,36116.0,montgomery,3342882100.0,acute c@@are hospital%s,voluntary non-profit - church,yes,surgical infection prevention,scip-inf-3,surgery patients whose preventive antibiotics were stopped at the right time (within 24 hours after surgery),94%,392 patients,
538,32409.4232262967,baptist medical center south,2105 east south boulevard,empty,empty,mont??#gomery,al,36116.0,montgomery,3342882100.0,,voluntary non-profit - church,yes,surg@@ical infection pre#vention,scip-inf-4,all heart surgery patients whose blood sugar (blood glucose) is kept under good control in the days right after surgery,95%,125 patients,al_scip-inf-4
539,,baptist medical cen@@ter south,2105 east south boulevard,empty,%e%mpty,montgomery,al,36116.0,montgomery,3342882100.0,acute care hospitals,voluntary non-profit - church,yes,surgical infection prevention,scip-inf-6,surgery patients needing hair removed from the surgical area before surgery who had hair removed using a safer method (electric clippers or hair removal cream c not a razor),10$0%,575 patients,al_scip-inf-6
540,,baptist medical center south,2105 east@@ south boulev%ard,empty%%,empty,,al,36116.0,montgomery,3342882100.0,acu$te c%are hospitals,,yes,surgical infection prevention,scip-vt$e%-1,surgery patients whose doctors ordered treatments to prevent blood clots after certain types of surgeries,9@#@8%,179 p@@at$ients,al_scip-v??te-1
541,45524.41972123588,baptist medical center south,,empty,em#p$ty,montgomery,??#al,36116.0,montgomery,19419991611.88544,acute care hospitals,voluntary non-profit - church,yes,,scip-vte-2,patients who got treatment  at the right time (within 24 hours before or after their surgery) to help prevent blood clots after certain types of surgery,94%,179 patients,al_scip-vte-2
542,10024.0,#jackson hospital & clinic inc,,empty,empty,,al,36106.0,montgomery,3342938000.0,acute care hospitals,voluntary non-profit - private,yes,heart attack,ami-1,heart attack patients given aspirin at arrival,??95%@@,111 patients,al_$am@@i-1
543,10024.0,jackson hospital & clinic inc,1725 pine street,empty,empty,,,,,18396272419.129528,acute care hospitals,vo??lunt??ary non-profit - private,$yes,heart attack,ami-2,heart attack patients given aspirin at discharge,92%??,165 patients,al_ami-2
544,,jackson hospital & clinic inc,1725 p#ine street,empty,empty,montgomery,al,123951.63308561874,montgomer$$y,3342938000.0,acute care hospitals,voluntary non-profit - private,yes,heart attack,ami-3,heart attack patients given ace inhibitor or arb for left ventricular systolic dysfunction (lvsd),79%,,al_ami-3
545,10024.0,jackson hospital & clinic inc,17#25 pine# street,empty,empty,??montgom@@ery,@@al@@,36106.0,montgomery,11120299285.759518,acute care h??ospitals,,ye#??s,heart attack,??a@@mi-4,heart attack patients given smoking cessation advice/counseling,97%,65 patients,al_ami-4??
546,10024.0,jackson hospital & clinic inc,1725% pine st@@reet,emp$#ty,empty,montgomery,al,36106.0,montgomery,3342938000.0,acute care hospitals,,yes,heart attack,ami-5,heart attack patients given beta blocker at discharge,95%,173# patien%ts,al_ami-5
547,54098.93798913839,jackson hospital & clinic inc,,empty,empty,montgomery,al,36106.0,montgomery,14420074997.558878,acute care hospitals,voluntary non-profit - ??private,yes,heart attack,ami-7a,heart attack patients given fibrinolytic medication within 30 minutes of arrival,??empt??y,0 patients,al_am??i-7a
548,10024.0,jackson hospital & clinic inc,1%725?? pine street,empty,empty,montgomery,al,36106.0,montgomery,3342938000.0,,voluntary non-profit - private,yes,heart atta@@c%k,ami-8a,,40%,15 patients,al_ami-8a
549,10024.0,jackson hospital & clinic inc,1725 pine street,empty,empty,montgomery,al,36106.0,montgomery??,3342938000.0,acute care hospitals,voluntary non-profit - private,yes,heart failure,hf-1,heart failure patients given discharge instructions,,430 patients,al_hf-1
550,10024.0,jackson hospital & clinic inc,1725?? pine% street,empty,empty,montgom??ery,,36106.0,montgomery,3342938000.0,acut@@e care hospitals,$volunt??ary non-profit - private,yes,heart failure,hf-2,heart failure patients given an evaluation of left ventricular systolic (lvs) function,90%,518 patients,al_hf-2
551,10024.0,jackson hospital & clinic inc,1725 pine street,empty,empty,,al,,montgomery,3342938000.0,acute care hospitals,voluntary non-profit - private,yes,heart failure,hf-3,heart failure patients given ace inhibitor or arb for left ventricular systolic dysfunction (lvsd),85%%,146 patie#n$ts,al_hf-3
552,,jackson?? hospital & clinic inc,1725 pine street,emp@#@ty,empty,montgomery,al,36106.0,montgomery,15064461939.965412,acute care hospitals,voluntary non-profit - private,yes,heart failure,$hf%-4,heart failure patients given smoking cessation advice/counseling,99%,93 patients,al_hf-4
553,10024.0,jackson hospital & clinic inc,1725 pine street,empty,empty,montgomery,a??@@l,36106.0,montgomery,3342938000.0,acute care hospitals,voluntary non-profit - private,yes,pneumonia,pn-2,,85%,24$3 patients,al_pn-2
554,10024.0,jackson hospital & clinic inc,1725 pine street,empty,empty,montgomery,al,36106.0,,3342938000.0,acute care hospitals,voluntary non-profit - private,yes,,pn-3b,pneumonia patients whose initial emergency room blood culture @@was performed prior to the admin$istration of the first hospital dose of antibiotics,95%,230 patients,al_pn-@@3b
555,10024.0,jackson hospital & clinic inc,1725 pine street,empty,empty,montgomery,al,36106.0,montgomery,3342938000.0,acute care hospitals,voluntary non-pr%ofit - private,yes,pneumonia,pn-4,pneumonia patients given smoking cessation advice/counseling,91%,74 patients,al_pn-4
556,10024.0,@@jackson @@hospital & clinic inc,1725 pine street,empty,empty,mo@@ntgomer#y,al,173916.71320571433,montgomery,3342938000.0,a$cute care hospitals,voluntary non-profit - private,,pneumonia,pn-5c%,,,233 pa??tients,al_pn-5c
557,10024.0,jackson #hospital & clinic inc,$1725 pine stree??t,empty,empty,montgomery,,,#montgomery,,acute care hospitals,voluntary non-profit - private,yes,pneumonia,pn-6,pneumonia patients given the most appropriate initial antibiotic(s),82%,97 patients,al_pn-6
558,,jackson hosp??ital & clinic inc,1725 pine street,,empty,montgomery,al,36106.0,montgomery,3342938000.0,,voluntary non-p@@rofit - private,yes,pneumonia,pn-7,pneumonia patients assessed and given influenza vaccination,82%,184 patients,al_pn-7
559,10024.0,jackson hospital & clinic inc,1725 pine street,empty,empt%??y,montgomery,al,36106.0,montgomery,3342938000.0,acute care hospitals,voluntary non-profit - private,ye%s,surgical infection prevention,,surgery patients who were taking heart drugs called beta blockers before coming to the hospital who were kept on the beta blockers during the period just before and after their surgery,67%,180 patients,%al_scip-card-2
560,10024.0,jackson hospital & clinic inc,1725 pine street,,empty,montgomery,al,135911.9184947808,,19271995308.528336,acute care hospitals,voluntary non-profit - private,yes,surgical infection p$revention,scip-inf-1,surgery patients who were given an antibiotic at the right time (within one hour before surgery) to help prevent infection,78%,844 patients,al_scip-inf-1
561,33304.864961589,jackson hospital & clinic inc,1725 pine street,empty,empt%%y,montgomery,al,36106.0,montg??omery,3342938000.0,,,yes,surgical infection prevention,scip-inf-2,surgery patients who were given the  right kind  of antibiotic to help prevent infection,98%,827 patients,al_scip-inf-2
562,10024.0,jackson hospital & clinic inc,1725 pine street,empty,empty,montgomery,al,36106.0,montgomery,3342938000.0,,voluntary non-profit - private,yes,s??urgic@@al infection prevention,scip-inf-3,surgery patients whose preventive antibiotics were stopped at the right time (within 24 hours after surgery),83%,817 patients,al_scip-inf-3
563,57625.41298263201,jackson hospital & clinic inc,1725 pine street,empty,empty,montgomery,,36106.0,montgom$ery,,acute care hospitals,voluntary non-profit - pri#vate,yes,surgical infection prevention,scip-inf-4,all heart surgery patients whose blood sugar (blood glucose) is kept under good control in the days right after surgery,72%,270 patients,al_scip-inf-????4
564,10024.0,jackson hospital & clinic inc,1725 pine street,empty,empty,montgomery,al,,montgomery,3342938000.0,acute care hospitals,voluntary non-profit - private,,surgical infection prevention,scip-inf-6,surgery patients needing hair removed from the surgical area before surgery who had hair removed using a safer method (electric clippers or hair removal cream c not a razor),97%,1062 p??atients,al_scip-inf-6
565,10024.0,jackson hospital & clinic in%c,1725 pine street,e#mpt%y,empt@@y$,montgomery,al,36106.0,montgomery,3342938000.0,acute care hospitals,voluntary non-profit - private,yes,surgical infection prevention,scip-vte-1,,92%,,al_scip-vte-1
566,10024.0,jackson hospital & clinic inc,1725 pine street,empty,empty,montgomery,al,150208.55261974205,montgomery,3342938000.0,acute care hospitals,voluntary non-profit - private,yes,surgical infection prevention,scip-vte-2,patients who got treatment  at the right time (within 24 hours before or after their surgery) to help prevent blood clots after certain types of surgery,87%,259 patients,al_scip-vte-2
567,,g h lanier memorial hospital,,,emp%ty,valley,al,171405.5220488477,chambers,19343136119.88413,acute care hospitals,,yes,heart attack,ami-1,heart attack patients given aspirin at arrival,@@92??%,24 patients,al_ami-1
568,10025.0,g h lanier memorial hospital,4800 48th st,empty,empty,valley,al,,,13583214984.08989,acute% care hospital%s,voluntary non-profit - other,yes,,ami-2,heart attack patients given aspirin at discharge,9#0%,,al_ami-2
569,10025.0,g h lanier memorial hospital,4800 48th st,empty,empty,valle$??y,al,114506.06275453772,chambers,3347561400.0,acute care hospitals,voluntary non-profit - other,yes,heart attack,ami-3,heart attack patients given ace inhibitor or arb for left ventricular systolic dysfunction (lvsd),100%,1 patients,al_ami-3
570,10025.0,g h lanier memor$ial hospital,48%00 48th% st,empty,empty,valley,,36854.0,chambers,3347561400.0,acute care hospitals,voluntary non-profit - other,yes,heart at$tac??k,ami-4,heart attack patients given smoking cessation advice/counseling,50%,,al_ami-4
571,10025.0,g h lanier memorial hospital,4800 $48th $st,empty,empty,va#ll%ey,al,36854.0,chambers,3347561400.0,acute care hospitals,,yes,heart attack,ami-5,heart attack patients given beta blocker at discharge,,13 patients,al_ami-5
572,,g h lanier memorial hospital,4800 48th st,e#mpty,,valley,al,36854.0,chambers,3347561400.0,acute care hospitals,voluntary non-profit - other,,heart?? attack#,a@@mi-7a,,0%%#,2# patien%ts,al_ami-7a
573,10025.0,,4800 48th st,empty,empty,valley,al,,chambers,13761220070.773485,acute care hospitals,,yes,heart attack,%ami#-8a,,empty,0 patients,al_a$mi%-8a
574,10025.0,g h lanier memorial hospital,4800 48th st,,empty,valley,al,210046.9552618749,cha@@mbers,3347561400.0,acute care hospitals,voluntary non-profit - other,yes,heart failure,hf-1,heart failure patients given discharge instructions,54%,137 patients,al_hf-1
575,,g h lanier memorial hospital,4800 48th st,empty,e$mpty,valley,al,36854.0,,3347561400.0,acute care hospitals,voluntary non%-profit - other@@,yes,heart failure,hf-2,heart failure patients given an evaluation of left ventricular systolic (lvs) function,99%,,al_hf-2
576,,g h lanier memorial hospital,48@@00 48t#h st,empty,empt%y,valley,al,36854.0,c%ha@@mbers,11258909767.596617,acute care hospitals,voluntary non-profit - other,yes,heart failure,hf-3,heart failure patients given ace inhibitor or arb for left ventricular systolic dysfunction (lvsd),#96%,75 patients,al_hf-3
577,45500.00907369763,g h lanier memorial hospital,,empty,empty,valley,al,36854.0,chambers,3347561400.0,acute care hospitals,voluntary non-profit - other,ye%s,heart f%ailu??re,hf#-4,heart failure patients given smoking cessation advice/counseling,97%,38 patients,al_hf-4
578,50145.54083577498,g h lanie#r memorial hospital,4800?? 48th st,empty,empty,valley,a??l,117571.1030975398,chambers,3347561400.0,,voluntary non-profit - other,yes,pneumonia,,pneumonia patients asse@@ssed and given pneumococ#cal vaccination,80$@@%,55 patients,$al_pn#-2
579,,g h lanier memorial hospital,4800 48th st,em%@@pty,,,al,184915.5416726523,chambers,3347561400.0,acute care hospitals,voluntary non-profit - other,yes,pneu#moni%a,pn-3b,pneumonia patients whose initial emergency room blood culture was performed prior to the administration of the first hospital dose of antibiotics,95%,43 patients,al_pn-3#b
580,10025.0,g h lanier memorial hospital,4800 48th st,empty,empty,valley,al,119550.33257081216,chambers,,acute care hosp%itals,voluntary non-profit - other,,pneumonia,pn-4,pneumonia patients given smoking cessation advice/counseling,91%,34 patients,al_pn-4
581,10025.0,g h lanier memorial hospital,4800 48th st,empty,$emp%ty,valley,al,36854.0,chambers,3347561400.0,acute care hospitals,voluntary non-profit - other,yes,pneumonia,pn-5c,,82%,50 patien#@@ts,al_pn-5c
582,10025.0,,4800 48th s??t,empty,empty,valley,al,36854.0,cham$bers,3347561400.0,acute care hospitals,volun??tary non-profit - ot@@her,yes??,,pn-6,pneumonia patients given the most appropriate initial antibiotic(s),85%,52 patients,al_pn-6
583,58530.20170448108,,4800 48th st,,empty,valley,al,36854.0,chambers,,acute care hospitals,voluntary non-profit - other,yes,pneumonia,pn-7,pneumonia patients assessed and given influenza vaccination,75%,60 patients,al_pn-7
584,50859.36257075856,g h lanier memorial hospital,4800 48th st,empty#??,empty,valley,al,36854.0,chambers,3347561400.0,acute care hospita$ls,voluntary non-profit - other,,surgical infection prevention,scip-card-2,surgery patients who were taking heart drugs called beta blockers before coming to the hospital who were kept on the beta blockers during the period just before and after their surgery,32%,19 patients,al_scip-card-2
585,33737.814762108304,g h lanier memorial hospital,4800 48th st,empty,empty,valle%y,al,36854.0,chambers$,16320817357.6847,acute care hospitals,voluntary non-profit - other,,surgical infection prevention,scip-inf-1,surgery patients who were given an antibiotic at the right time (within one hour before surgery) to help prevent infection,1%00%,117 patients,al_scip-inf-1
586,10025.0,g h lanier memorial hospit#al,@@4800 %48th st,,empty,,al,176686.1895369347,chambers,3347561400.0,,voluntary non-profit - other,yes,,scip-inf-2,surgery patients who were given the  right kind  of antibiotic to help prevent infection,93%,118 patients,al_scip-inf-2
587,10025.0,g h lanier memorial hospital,4800 48th s%t,empty,empty,valley,al,36854.0,chambers,19003402209.75985,acute care hospitals,voluntary #%non-profit - other,yes,surgical infection prevention,scip-inf-3,surgery patients whose preventive antibiotics were stopped at the right time (within 24 hours after surgery),#79%,116 patients,a%l_scip-inf-3
588,10025.0,g h lanier memorial hospital,4800 48th st,empty,empty,valley,al,36854.0,chambers,3347561400.0,acute care hospitals,voluntary non-prof%it - other,yes,surgical infection prevention,scip-inf-4,all heart surgery patients whose blood sugar (blood glucose) is kept under good control in the days right after surgery,empty,0 patients,al_scip-inf-4
589,10025.0,g h lanier memorial hospital,4800 48th st,empty,empty,valley,al,,chambers,3347561400.0,acute care hospitals,voluntary non-profit - othe$r,yes,surgical infection prevention,scip-inf-6,surgery patients needing hair removed fr%om the su??rgical area before surgery who had hair removed using a safer method (electric clippers or hair removal cream c not a razor),96%,172 patients,
590,37667.78875832737,,4800 48th st,empty,emp#ty,valley,al,185016.42742658395,chambers,3347561400.0,acute care hospitals,voluntary non-profit - other,,surgical infection prevention,,surgery patients whose doctors ordered treatments to prevent blood clots after certain types of surgeries,88%,85 patients,al_scip-vte-1
591,10025.0,g h lanier memorial hospital,,empty,empty,va@@lley,al,36854.0,chambers,3347561400.0,acute c%are hospitals,voluntary non-profit - other,yes%,surgical infection prevention,scip-vte-2,patients who got trea%tment  at the right time (within 24 hours before or after their surgery) to help prevent bl@@ood clots after certain types of surgery,82%,@@84 pa%tients,al_scip-vte-2
592,31515.518618391925,elba general hospital,987 drayton street,,empty,elba,a#l#,36323.0,coffee,,acute care hospitals,voluntary non-profit - other,yes,heart attack,ami-1,,empty,empty,al_ami-1
593,10027.0,elba general hospital,987 drayton street,empty,empty,elba,al,36323.0,coffee,3348972257.0,acute care hospitals,voluntary non-profit - other,yes,heart attack,ami-2,,empty,empty,al_ami-2
594,10027.0,elba general hospital,987 drayton street,,@@empty,elba,al,36323.0,coffee,3348972257.0,acute care hospitals,,@@ye$s,heart attack,ami-3,heart attack patients given ace inhibitor or arb for left ventricular systolic dysfunction (lvsd),em??pty,empty,al_ami-3
595,,elba general hospital,987 drayton street,empty,,elba,al,36323.0,coffe%e,,acute care hospitals,voluntary non-profit - other,yes,heart attack,ami-4,heart attack patients given smoking cessation advice/counseling,empty,empty,al_ami@$@-4
596,10027.0,elba general hospital,987 drayton street,empty,empty,elba,al,181973.46113217433,coffee,3348972257.0,acute care hospitals,voluntary non-profit - other,,heart attack,ami-5,,empty,empty,al_ami-5
597,10027.0,elba general hospital,987 dr??ayton street,,empty,elb????a,al,36323.0,coffee,3348972257.0,acute care hospitals,voluntary non-profit - other,yes,heart attack,ami-7a,heart attack patients given fibrinolytic medication within 30 minutes of arrival,empty,empty,a@@@@l_ami-7a
598,10027.0,elba general hospital,987 drayton street,empty,empty,elba,#??al,36323.0,co%ffee,3348972257.0,acute care hospitals,voluntary n??on-profit - other,yes,heart attack,ami-8a,heart attack patients given pci within 90 minutes of arrival,empty,empty,
599,10027.0,elba general hospital,987 drayton street,empty,empty,elba,,36323.0,coffee,3348972257.0,,voluntary non-profit - other,??yes,heart failure,hf-1,,%100%,2 patients,al_hf-1
600,10027.0,elb$a general hospit@@al,987 drayton street,emp$ty,empty,el??ba,al,,coffee,3348972257.0,acute care hospitals,voluntary non-profit - other,yes,heart failure,hf-2,heart failure patients given an evaluation of left ventricular systolic (lvs) function,100%,3 patients,al_hf-2
601,10027.0,,987 drayton street,empty,empty,elba,al,36323.0,,3348972257.0,acute care hospitals,voluntary non-profit - other,yes,hear#t fail??ure,hf-3,heart failure patients given ace inhibitor or arb for left ventricular systolic dysfunction (lvsd),empty,0 patients,al_hf-3
602,48730.335138285154,elba general hospital,987 drayton street,empty,empty,elba,al,36323.0,coffee,3348972257.0,acute care h@@ospi$tals,voluntary non-profit - other,,heart failure,hf-4,heart failure patients# given smoking cessation advice/counseling,empty,0 ??patients,al_hf%-4
603,,elba general hospital,987 drayton street,emp??ty,,elba,al,36323.0,coffee,3348972257.0,acute care hospitals,voluntary non-profit - other,yes,pneumonia,pn-2,pneumonia patients assessed and given pneumococcal vaccination,100%,31 patients$,al_pn-2
604,47559.83697428982,elba general hospital,987 drayton street,$#empty,empty,elba,a#%l,36323.0,coffee,3348972257.0,acute ca$re ho#spitals,voluntary non-profit% - other,yes,#pneumonia,pn-3b,pneumonia patients whose initial emergency room blood culture was performed prior to the administration of the first hospital dose of antibiotics,100%,19 patients,al_pn-3@@b
605,10027.0,elba general hospital,987 dra??yton stre%et,empty,empty,elba,al,36323.0,coffee,3348972257.0,acute care hospitals,voluntary non-profit - other,yes,pneumonia,pn-4,pneumonia patients given smoking cessation advice/counseling,100%,12 patients,al_pn-4
606,10027.0,elba general hospital,987 dra#yton$ street,e%mpty,empty,elba,al,36323.0,coffee,3348972257.0,,voluntary non-profit -?? other,yes,pneumonia,pn-5c,pneumonia patients given initial antibiotic(s) within 6 hours after arrival,100%,40 patients,al_pn-5c
607,10027.0,elba general hospital,987 drayton street,empty,empty,elba,al,118132.997338385,,3348972257.0,acute care hospitals,voluntary non-profit - other,y@@es,,pn-6,,93%,30 patients,al_pn-6
608,10027.0,,987 drayton street,empty,empty,elba,al$$,36323.0,co%ffee,3348972257.0,acute care hospitals,voluntary non-profit - other,,pneumonia,pn-7,pneumonia patients assessed and given influenza vaccination,,,al_@@pn$-7
609,10027.0,elba general hospital,987 drayton street,empty,empty,,al,36323.0,coffee,,acute care hospitals,,yes,surgical infec#tion prevention,scip-card-2,surgery patients who were taking heart drugs called beta blockers before coming to the hospital who were kept on the beta blockers during the period just before and after their surgery,empty,empty,al_scip-card-2
610,,elba general hospital,987 drayton street,empt$y,empty,elba,al,36323.0,coffee,3348972257.0,acu@@te care @@hospitals,voluntary non-profit - other,yes,surgical infection preve$ntion,scip-inf-1,surgery patients who were given an antibiotic at the right time (within one hour before surgery) to help prevent infection,emp@@ty,empty,al_scip-inf-1
611,10027.0,elba general hospital,987 drayton street,empty,em@@pty,elba,a$l,36323.0,$coff??ee,3348972257.0,acute care hospitals,voluntary non-profit - other,??yes,surgical infection prevention,,surgery patients who were given the  right kind  of antibiotic $to help prevent# infection,empty,empty@@,al_scip-inf-2
612,,elba general hospital,987 drayton street,empty,empty,elba,al,36323.0,coffe#e,3348972257.0,acute care hospitals,voluntary non-profit - other,yes,surgical infection prevention,scip-inf-3,surgery patients whose preventive antibiotics were stopped at the right time (within 24 hours after surgery),empty,,al_scip-inf-3
613,10027.0,elba general hospital,,#empty,empty,elba,,36323.0,??coffee,3348972257.0,acute care hospitals,voluntary non-profit - other,yes,surgical infection prevention,,all heart surgery patients whose blood sugar (blood glucose) is kept under good control in the days right after surgery,empty,empty??,
614,41607.466325922425,elba general hospital,987 drayton street,empty,emp??ty,elba,al,36323.0,,,acu$te care hospitals,voluntary non-profit - other,yes,surgical infection prevention,scip-inf-6,surgery patients needing hair removed from the surgical area before surgery who had hair removed using a safer method (electric clippers or hair removal cream c not a razor),empty,empty,al_scip-inf-6
615,10027.0,elba general hospital,987 drayton street,empty,@@e$mpty,elba,al,36323.0,coffee,,acute care hospitals,voluntary non-profit - ot@@her,yes,surgical infection prevention,sc#ip-vte-1,,emp$t@@y,empty,al_scip-vte-1
616,10027.0,elba general hospital,987 drayton street,empty,empty,elba,al,36323.0,,3348972257.0,acute care hospitals,voluntary non-profit - other,yes,,scip-vte-2,,empty,empty,al_scip-vte-2
617,38693.45851797554,east alabama medical center and snf,2000 pepperell parkway,empty,empty,opelika,al??,36801.0,lee,3347493411.0,acute% @@care hospitals,government - hospital district or authority,yes,heart attack,ami-1,heart attack patients given aspirin at arrival,98%,185 patients,al_ami-1
618,10029.0,east alabama medical center and snf,2000 pepperell parkway,empty,empty,opelika,,36801.0,,3347493411.0,acute care hospitals,,yes,h%eart ??attack,,heart attack patients given aspirin at discharge,97%?%?,,al_ami-2
619,48429.46533565396,,2000 pepperell par%kway,$empty,em%$pty,opelika,al,36801.0,lee,3347493411.0,acute care hospitals,government - hospital district or authority,yes,heart attack,ami-3,heart attack patients given ace inhibitor or arb for left ventricular systolic dysfunction (lvsd),93%,,al_ami-3
620,,east alabama medical center and snf,2000 pepperell parkway,empty,empty,opelika,al,129819.38283806843,lee,3347493411.0,acute care hospitals,government - hospital district or authority,yes,heart atta%ck,ami-4,heart attack patients given smoking cessation advice/counseling,100%%%,12$2 patients,al_ami-4
621,10029.0,east alabama medical center and snf,2000 pepperell parkway,empty,#empty,opelika,al,161804.71489113197,,3347493411.0,acute care hospitals,government - hospital district or authority,y#??es,,ami-5,heart attack patients given beta blocker at discharge,98%%,,al_ami-5
622,10029.0,east alabama medical center and snf,2000% p#epperell parkway,empty,e@@mp#ty,opelika,,36801.0,lee,,acute care hospitals,government - hospital district or authority,yes,heart attack,ami-7a??,heart attack patients given fibrinolytic medication within 30 minutes of arrival,empty,0 patients,al_ami-7a
623,10029.0,east alabama medical center and snf,2000 pepperell parkway,empty,empty,opelika,,36801.0,lee,3347493411.0,acute care hospitals,government - hospital district or authority,yes,heart attack,ami-8a,heart attack patients given pci within 90 minutes of arrival,85%,26 patients,al_ami-8a
624,10029.0,east alabama medical center and snf,2000 pepperell parkway,,empty,opelika,a??l,36801.0,lee,3347493411.0,ac#ute care hospitals,government - hospital district or authority,yes,heart failure,,heart failure patients given ??discharge $instructions,82%,527 patients,al_hf-1
625,10029.0,east alabama medi??cal cente??r and snf,2000 pepperell parkway,empty,empty,opelika,al,36801.0,lee,14094906252.379236,acute care hospitals,government - hospital district or authority,ye@@s,heart failure,,heart failure patients given an evaluation of left ventricular systolic (lvs) function,100%,570 patients,al_hf-2
626,10029.0,east alabama medical center and snf,2000 pepp@@erell parkway,empty,empty,,al,36801.0,lee,3347493411.0,acute care hospit%als,government - hospital district or authority,yes,,hf-3,heart failure patients given ace inhibitor or arb for left ventricular systolic dysfunction (lvsd),92%,272 patients,al_hf-3
627,10029.0,east alaba%ma medical center an#d snf,2000 pepper$ell par$kway,empty,empty,opelika,al,36801.0,lee,3347493411.0,acute care hospitals,government - hospital district or authority,yes,,hf-4,heart failure patients given smoking cessation advice/counseling,100%,101 patients,al_hf-4
628,10029.0,east alabama medical center and snf,2000 pepperell parkway,empty,empty,opelika,al,36801.0,lee,3347493411.0,acute care hospitals,government - hospital district or authority,yes,pneumonia,,pneumonia patients assessed and given pneumococcal vaccination,9$??2%,114 patients,al_pn-2
629,10029.0,east alabama medical center and snf,2000 pepperell parkway,empty,empty,,al,36801.0,lee,,acute care hospitals,,yes,pneumonia,pn-3b,pneumonia patients whose initial emergency room blood culture was performed prior to the administration of the first hospital dose of antibiotics,91%,129 patient?#?s,al??_pn-3b
630,45037.57711487089,east alabama medical center and snf,,empty,empty%,opelika,al,211292.3226535834,l%ee,3347493411.0,,government - hospital district or authority,yes,@$@pneumonia,,pneumonia patients given smoking cessation advice/counseling,100%,#59 patients,
631,10029.0,east alabama medical center and snf,2000 pepperell parkway,empty,empty,opelika,,36801.0,,15112084540.159687,acute care hospitals,government - hospital district or authority,$yes??,pneumonia,pn-5c,pneumonia patients given initial antibiotic(s) within 6 hours after arrival,96%,153 patients,al_pn-5c
632,59249.67182010747,ea????st alabama medical center and snf,2000 pepperell parkway,empty,empty,opelika,al,187321.50888176713,l??e%e,3347493411.0,acute care hospitals,government - hospital district o$r authority,,pneumonia,pn-@@6??,pneumonia patients given the most appropriate initial antibiotic(s),97%,115 patients,al_pn-6
633,10029.0,,2000 pepperell parkway,empty,empty,opelika,,36801.0,lee,10071200952.650621,acute care hospitals,government -?? hospital district or authority,yes,pneumonia,pn-7,,8????8%,89 patients,al_pn-7
634,10029.0,east alabama medical center and snf,2000 pepperell parkway,empty,,opelika,a#l,36801.0,lee,3347493411.0,acute care hospitals,government - hospital district or authority,yes,surgical infect??ion preventi??on,scip-card-2,surgery patients who were taking heart drugs called beta blockers before coming to the hospital who were kept on the beta blockers during the period just before and after their surgery,98%,208 patients,al_scip-card-2
635,52946.54940927052,east alabama medical center and snf,2000 pepperell pa??rk#way,empty,,op#elika,al,36801.0,lee,3347493411.0,acute care hospitals,government - hospital district or authority,yes,surgical infection prevention,scip-inf-1,surgery patients who were given an antibiotic at the right time (within one hour before surgery) to help prevent infection,99%,,al_scip-inf-1
636,10029.0,east alabama medical center and snf,2000 pepperell parkway,empty,empty,opel??ik%a,a$l,36801.0,,3347493411.0,acu@@te care hospitals,government - hospital district or authority,yes,surgical infection prevention,scip-inf-2,surgery patients who were given the  right kind  of antibiotic to help prevent infection,99%,1016 patients,al_scip-inf@@-2
637,10029.0,east alaba$ma med#ical center and snf,2000 pepperell parkway,empty,empty,opelika,al,185619.51278717985,lee,3347493411.0,acute# care hospitals,government - hospital district or authority,yes,surgical infection prevention,,surgery patients whose preventive antibiotics were stopped at the right time (within 24 hours after surgery),97%,962 patients,al_scip-inf-3
638,10029.0,ea@@st alabama medical center and snf,2000 pepperell parkway,e$mpt%y,empty,opelika,,135837.00540445882,lee,3347493411.0,acute care hospitals,government - hospital district or authority,yes,surgical infection prevention,scip-inf-4,all heart surgery patients whose blood sugar (blood glucose) is kept under good control in the days right after surgery,98%,241 patients,al_scip-inf-4
639,10029.0,east alabama medical center and snf,2000 pepperell parkway,empty#,empty,,$a@@l,36801.0,%lee,3347493411.0,acute care hospitals,government - hospital distric%t or authority,yes,surgical infection prevention,scip-inf-6,surgery patients needing hair removed from the surgical area before surgery who had hair removed using a safer method (electric clippers or hair removal cream c not a razor),100%,@@1421 patients,al_scip-inf-6
640,10029.0,ea@@st alabama medical #center and snf,2000 pepperell parkway,empty,empty,opelika,%al$,36801.0,,3347493411.0,acute care hospitals,government - hospital district or authority,yes,surgical infection prevention,scip-vte-1,surgery patients whose doctors ordered treatments to prevent blood clots after certain types of surgeries,,473 patients,al_s$cip-vte-1
641,10029.0,east alabama medical center and snf,2000 pepperell parkway,empty,empty,opelika,al,36801.0,,3347493411.0,acute care hospitals,government - hosp#it??al district or authority,#ye??s,surgical infection prevention,scip-vte-2,,90%,473 patients,al_scip-vte-%2
642,,wedowee hospital,209 north main stre#et,%??empty,empty,wedowee,al,36278.0,randolph,,,government - local,no,heart attack,ami-1,heart attack patients given aspirin at arrival,,,al_ami-1
643,10032.0,wedowee hospital,209 north main street,empty,empty,wedo$wee,al,36278.0,ra#ndol%ph,2563572111.0,,government - local,no#,heart attack,,heart attack patients given aspirin at discharge,67%,3 patients,al_ami-2
644,10032.0,wedowee hospital,209 north main street,e@@mpty,empty,wedowee,al,,randolph,2563572111.0,acute care hospitals,government - local,no,heart attack,ami-3,heart attack patients given ace inhibitor or arb for left ventricular systolic dysfunction (lvsd),empty,0 patients,al_ami-3
645,48786.901908188804,wedowee hospital,209 north main street,,empty,w??edowee,??al,36278.0,randolph,8625186240.053528,acute care hospitals,government - local,#no@@,heart attack,a#mi-4,heart attack@@ patients given smoking cessation advice/%counseling,empty,0 patients,al_ami-4@@
646,10032.0,wedowee hospital,209 north main street,empty,empty,wedowee,al??,36278.0,randolph,2563572111.0,acute care hospitals,governme%nt $- local,no,heart attack,,heart attack patients given beta blocker at discharge,67%,3 patients,al_ami-5
647,10032.0,wedowee hospital,209 north main street,e$mpty@@,empty,wedowee,$al,36278.0,randolph,2563572111.0,acute care h@@ospitals,,no,heart attack,ami-7a,heart attack patients given fibrinolytic medication within 30 minutes of arrival,empty,0 patients,al_ami-7a
648,10032.0,??wedowee h%ospital,209 north main street,empty,empty,we@@do??wee,al,36278.0,randolph,2563572111.0,acute care hospitals,government - local,no,heart attac%k,%ami-8a,heart attack patients given pci within 90 minutes of arrival,empty,0 patients,a??l_ami-8a
649,10032.0,wedowee h??ospital,209 north main street,empty,empty,wedowee,,216013.0031039595,,2563572111.0,acute care hospitals,government - local,no,heart failure,hf-1,heart failure patients given discharge instructions,0%,34 patients,
650,53934.896314875106,wedowee hospital,209 north main str$ee@@t,empty,empty,wedo@@wee,al,36278.0,randolph,2563572111.0,acute care hospitals,government - local,no,heart failure,hf-2,heart failure patients given an evaluation of left ventricular systolic (lvs) function,38%,39 patients,al_hf-2
651,10032.0,wedow$ee hospital,,empty,empty,wedowee,al,36278.0,randolph,,acute care hospitals,government - local,no,heart failure,hf-@@3,heart failure patients given ace inhibitor or arb for left ventricular systolic dysfunction (lvsd),25%,4 pati#ents,a??#l_hf-3
652,10032.0,wedowee hosp#ital,209 north main street,empty,empty,wedowee,al@@,36278.0,randolph,2563572111.0,acute care hospitals,gove$r%nment - local,no,heart failure,h@@@@f-4,heart failure patients given smoking cessation advice/counseling,100%,2 patients??%,al_hf-4
653,10032.0,wedowee hospital,209 north main street,empty,empty,wedowee,al,36278.0,randolph,2563572111.0,acute?? care hospitals,government - local,no,pneumonia,pn-2,pneumonia patients assessed and given pneumococcal vaccination,25%,28 patients,al_pn-2
654,10032.0,,209 north main street,empty,empty,wedowee%%,al,36278.0,randolph,,acute care hospitals,government - local,no,pneumonia,pn-3b,pneumonia patients whose initial emergency room blood culture was performed prior to the administration of the first hospital dose of antibiotics,100%,14 patients,al_pn-3b
655,10032.0,wedowee hospital,209 north main street,e%mp??ty,empty,wedowee,al,36278.0,rando#lph,12742910872.102308,acute ca%re hospitals,government - local,n%o,pneumonia,pn-4,pneumonia patients given smoking cessation advice/counseling,$67%,6 patients,al_pn-4
656,10032.0,wedowee hospital,209 north main street,empty,empty,wedowee,al,36278.0,randolph,2563572111.0,acute care hospitals,,no,pne??umonia,pn-5c,pneumonia patients given initial antibiotic(s) within 6 hours after arrival,90%,30$ patients,al_pn-5c
657,10032.0,wedowee hospital,209 north main street,empty,empty,wedowee,al,126470.40945984668,,2563572111.0,acute care hospitals,government - local,%n$o,p%neumonia,pn-6,pneumonia $patients given the most appropriate initial antibiotic(s),96%,23 patien$ts#,a@@l_$pn-6
658,10032.0,wedowee hospital,209 north main street,empty,e@@mpt#y,wedowee,al,36278.0,randolph,,acute care hospitals,government - local,no,pneumonia,pn-7,pneumonia patients assessed and given influenza vaccination,12%,16 patients,al_pn-7
659,10032.0,wedowee hospital,209 north main street,,empty,wedowee,al,149550.26339671176,rando#l%ph,2563572111.0,acu??te care hosp%itals,government $- loc%al,no@@@@,surgical infection prevention,scip-card-2,surgery patients who were taking heart drugs called beta blockers before coming to the hospital who were kept on the beta blockers during the period just before and after their surgery,empty,empty,
660,10032.0,wedowee hospital,209 north main street,empty,empty,wedowee,al,,randolph,14410624685.935352,acute care hospitals,government - local,no,surgical infection prevention,scip-in#f-%1,surgery pat%ients who were give$n an antibiotic at the right time (within one hour before surgery) to help prevent infection,empty,emp@@ty,al_scip-inf-1
661,10032.0,wedowee hospital,,empty,empty,wedowee,al,36278.0,randolph,2563572111.0,acute care hospitals,government - local,,surgical infection prevention,scip-inf-2,surgery patients who were given the  right kind  of antibiotic to help prevent infection,empty,empty,$al_sc??ip-inf-2
662,10032.0,wedowee hospital,209 north main street,empty,,wedowee,al,36278.0,randolph,2563572111.0,acute care hospitals,,no,surgical infection prevention,scip-inf-3,surgery patients whose preventive antibiotics were stopped at the right time (within 24 hours after surgery),empty,empty,al_scip-inf-3
663,10032.0,wedowee ho@@spital,209 north main street,empty,empty,$w#edowee,al,36278.0,randolph,2563572111.0,acute care hospitals,,no,surgical infection prevention,scip-inf-4,all heart surgery patients whose blood sugar (blood glucose) is kept under good control in the days right after surgery,@@empty,empty,al_scip-inf-4
664,10032.0,wedowee hospital,209 north main street,empty,empty,,al,,randolph,,acute care hospitals,government - local,no,,scip-%inf-%6,surgery patients needing hair removed from the surgical area before surgery who had hair removed using a safer method (electric clippers or hair removal cream c not a razor),empty,empty,al_scip-inf-6
665,10032.0,wedowee ho$spi$tal,209 north main street,emp$$ty,empty,wedowe%e,al,36278.0,,2563572111.0,acute care hospitals,government - local,no,surgical infection prevention,scip-vte-1,surgery patients whose doctors ordered treatments to prevent blood clots after certain types of surgeries,e@@mpty@@,empty,al_scip-vte-1
666,10032.0,wedowee hospital,209 north main street,em$pty%,empty,wedow??ee%,al,36278.0,r#a??ndolph,2563572111.0,acute care hospitals,government - local,no,surgical infection prevention,scip-vte-2,patients who got treatment  at the right time (within 24 hours before or after their surgery) to help prevent blood clots after certain types of surgery,empty,empty,al_scip-vte-2
667,10033.0,university of alabama hospital,619 south 19th street,empty,empty,birmingham,,35233.0,jefferson,,acute care hospitals,government - state,yes,heart attack,ami-1,heart attack patients given aspirin at arrival,??9%8%,229 patients,al_ami@@-%1
668,10033.0,university of alabama hospital,619?? south 19th street,,empty,birmingham,al,35233.0,j@@effe#rson,,acute care hospitals,government - state,yes,heart attack,ami-2,heart attack patients given aspirin at discharge,98??%,316 patients,al_ami-2
669,10033.0,university of alabama hospital,619 south 19th street,empty,empty@@,birmingham,al,35233.0,$jef%ferson,2059344011.0,acute care hospitals,government - state,yes%,heart attack,ami%-3$,heart attack patients given ace inhibitor or arb for left ventricular systolic dysfunction (lvsd),91%,,al_ami-3
670,10033.0,university of alabama hospital,619 south 19th street,empty,empty,,al,35233.0,jefferson,2059344011.0,acute care hospitals,government - state,yes,heart attack,ami-4,heart attack patients given smoking cessation advice/counseling,100%,147 @@patients,
671,10033.0,,619 south 19th street,empty,,birmingha??m,al,121140.12485869054,jefferson,,acute care hospitals,government - state,yes,heart attack,,heart attack patients given beta blocker at discharge,97@@%,331 patients,al_ami-5
672,32578.502800292557,university of alabama hospital,,empty,,birmingham,,35233.0,jefferson,2059344011.0,acute care hospitals,government - state,yes,heart attack,am??i-7a,heart attack patients given fibrinolytic medication within 30 minutes of arrival,,0 patients,al_ami-7a
673,10033.0,university of alabama hospital,619 south 19th street,e??mpt%y,empty,birmingham,al,35233.0,jefferson,2059344011.0,acute care hospitals,go??vernment - state,yes??,heart attack,,heart attack patients given pci within 90 minutes of arrival,98%,47 patients,al_ami-8a
674,10033.0,university of alabama hospital,619 south 19th str#eet,empty,empty,birmingham,$??al,35233.0,jefferson,2059344011.0,acute care hospitals,government - state,yes,heart failure,hf-1,heart failure patients given discharge instructions,46%,618 pati#@@ents,al_h$f-1
675,10033.0,university of alabama hospital,,empty,empty,birmingham,al,35233.0,jeffers#on,2059344011.0,acute care hospitals,government - state,yes,heart failure,,heart failure patients given an evaluation of left ventricular systolic (lvs) function,96%,681 patients,
676,10033.0,university of alabama ho#spital,619 south 19th street,empty,empty,birmingham,al,35233.0,,2059344011.0,acute care hospitals,government - state,yes,heart failure,hf-3,heart failure patients given ace inhibitor or arb for left ventricular systolic dysfunction (lvsd),94%%@@,343 patients,al_hf-3
677,10033.0,university of alabama hospital,619 south 19th street,empty,empty,birmingham,al,35233.0,je#ffe$rson,2059344011.0,,government - state,yes,heart failure,h$f-4,h$eart failure patients given smo$king cessation advice/counseling,100%,130 pati@@ents%,al_hf-4
678,10033.0,university of alabama hospital,619 south 19th street,empty,empty,birmingham,al,35233.0,jefferson,2059344011.0,acute care hospitals,government - state@@,yes,,,pneumonia patients assessed and given pneumo$cocc??al vaccination,74%,247 patients,al_pn-2#
679,10033.0,university of alabama hospital,619 south 19th street,emp$ty,empt$y,,al,35233.0,jefferson,2059344011.0,acute care hospitals,government - state,yes,pn??eumonia,$pn-3b,pneumonia patients whose initial emergency room blood culture was performed prior to the administration of the first hospital dose of antibiotics,92%,378 patients,al_pn-3b
680,10033.0,$unive@@rsity of alabama hospital,619 south 19th street,,empty,birmingham,al,35233.0,jef$ferson,2059344011.0,acute care hospitals,government - state,yes,$pneumonia,pn-4,pneumonia patients given smoking cessation advice/counseling,100%,169 patients,a@@l_pn-4
681,10033.0,university of alabama hospital,,empty,$e??mpty,birmingham,al,35233.0,jefferson,2059344011.0,acute care hospitals,,yes,pneumonia,pn-5c,pneumonia patients given initial antibiotic(s) withi%n 6 hours after arrival,92%,35%7 patients,al_pn-5c
682,34357.58348874279,university of alabama hospital,619 south 19th street,empty,%empty,birmingham,al,,jefferson,2059344011.0,acute care hospitals,government - state,yes,pneumonia,pn-6,pneumonia patients given the most appropriate initial antibiotic(s),85%,155 patients,al_pn-6
683,10033.0,university% of ala%bama hospital,,empty,empty,birmingham,al,136261.12463247802,jefferson,2059344011.0,acute care hospitals,,yes,,,pneumonia patients assessed and given influenza vaccination,,242 patients,
684,10033.0,university of alabama hospital,619 south 19th street,empty,empty,,al,35233.0,jeffe%rson,2059344011.0,acute care hospi??tals,government - state,yes,surgical infection prevention,scip-card-2,surgery patients who were taking heart drugs called beta blockers before coming to the hospital who were kept on the beta blockers during the period just before and after their surgery,69%,94 patients,al_sc??ip-card-2
685,10033.0,university of alabama hospital,,empty,empty,??bir$mingham,al,35233.0,jefferson,2059344011.0,acute care hospitals,governm??ent @@- state,yes,surgical infection prevention,scip-inf-1,surgery patients who were given an antibiotic at the right time (within one hour before surgery) to help prevent infection,,324 patients,al_scip-inf-1
686,10033.0,university of alabama hospital,619 south 19th street,empty,empty,birmingham,al,35233.0,,2059344011.0,acute care hospitals,government - state,,surgical infection prevention,scip-inf-2,,95%,350 patients,al_scip-inf-2
687,38892.362187213395,university of alabama hospital,,,@@empty%,birmingham,al,35233.0,jefferson,8067211892.323949,acute care hospitals,,yes,,scip-inf-3,surgery patients whose preventive antibiotics were stopped at the right time (within 24 hours after surgery),87%,317 p??atients,al_scip-inf-3
688,,university of alabama hospital,619 south 19th street,empty,empty,birmingham,al,35233.0,jefferson,2059344011.0,acute $care ??hospitals,gover#nment - state,yes,surgical infection prevention,scip-inf-4,all heart surgery patients whose blood sugar (blood glucose) is kept under good control in the days right after surg%ery,76%,140 patients,al_scip-inf-4
689,10033.0,university of alabama hospital,619 south 19th street,,empty,birmingham,al,35233.0,jefferson,2059344011.0,acute care hospitals,government - state,yes,surgical infection prevention,scip-inf-6,surgery patients needing hair removed from the surgical area before surgery who had hair removed using a safer method (electric clippers or hair removal cream c not a razor),97%,585 patients,al_scip-inf-6
690,10033.0,university of alabama hospital,619 south 19th street,empty,empty,,al,,jefferson,2059344011.0,acute ca#re hospitals,government - state,yes,surgical infection prevention,scip-vte-1,surgery patients whose doctors ordered treatments to prevent blood clots after certain types of surgeries,79%,230 patients,al_scip-vte-1
691,10033.0,,619 south 19th street,empty,empty,birming#ham,al,,jefferson,2059344011.0,acute care hospitals,government - state,yes,surgical infection prevention,scip-v#te-%2,patients who got treatment  at the right time (within 24 hours before or after their surgery) to help prevent blood clots after certain types of surgery,@#@77%,224 patients,al_scip-vte-2
692,10034.0,community hospital inc,805 friendship road,empty,empty,ta@@lla#ssee,,36078.0,elmore,3342836541.0,acute care hospitals,,no,heart attack,ami-1,heart attack patients given aspirin at arrival,77%,13 patien$ts,al_ami-1
693,10034.0,community hospital inc,805 friendship road,e$m@@pty,e%mpty,tallassee,al,36078.0,elmore,3342836541.0,acu$te care hospitals,voluntary non-profit - private,no,heart attack,ami-2,heart attack patients given aspirin at discharge,100%,4 patients,al_ami-2
694,10034.0,community hospital inc,805 friendship road,empty,empty,tallassee,al,36078.0,elmore,3342836541.0,,voluntary non-profit - private,no,heart attack,ami-3,heart attack patients given ace inhibitor or arb for left ventricular systolic dysfunction (lvsd),100%,1 patients,al_ami-3
695,10034.0,community hospital inc,805 friendship road,empty,empty,,a%l,36078.0,elmore,3342836541.0,acute care hospitals,,no$,heart attack,ami-??4,heart attack patients given smokin%g cessation advice/counseling,empty,0 patients,al_a#@@mi-4
696,10034.0,community #hospita@@l inc,805 friendship road,,,tallassee,al,172699.54064239032,elmore,3342836541.0,acute care hospitals,voluntary non-profit - private,no,heart attack,ami-5,heart attack patients given beta blocker at discharge,75%,4 patients,al_ami-5
697,10034.0,community hospital inc,805 friendship@@ r??oad,empty,em@@pty,tallassee,al,182939.42066477987,e@??@lmore,3342836541.0,acute care hospitals,,no,heart attac$k,ami-7a,heart attack patients given fibrinolytic medication within 30 mi??nutes of arrival,empty,0 patients,al_ami-7a
698,10034.0,community hospital inc,805 friendship road,empty,empty,,al%$,154434.90178503527,elmore,3342836541.0,acute care hospitals,voluntary non-profit - private,no,heart attack,ami-8a,,empty,0 patients,
699,10034.0,community hospital inc,805 friendship road,,empty,tallassee,,144666.278691329,elmo@@r#e,3342836541.0,acute care hospitals,$voluntary non-profit - private,??no,heart failure,hf-1,heart failure patients given discharge instructions,88%,65 patients,a??l_h#f-1
700,,,805 friendship road,,empty,tallassee,%al$,36078.0,e??lmo#re,3342836541.0,,voluntary non-profit - pr#ivate,no,heart failure,hf-2,heart failure patients given an evaluation of left ventricular systolic (lvs) function,100%,87 pa$tien#ts,al_hf-2
701,10034.0,community hospital inc,805 friendship road,empty,empty,tallassee,al,36078.0,elmore,,,voluntary non-profit - private,no,heart failure,hf-3,heart failure patients given ace inhibitor or arb for left ventricular systolic dysfunction (lvsd),1@@$00%,30 patients,al_hf-3
702,10034.0,com%munity ho$spital inc,805 f@@riendship$ road,empty,empty,t%allassee,al,36078.0,elmore,11557396657.413893,acute care hospitals,voluntary non-profit - private,no,heart failure,hf-4,heart failure patients given smoking cessation advice/counseling,,9 ??%patients,al_hf-4
703,10034.0,community hospital inc,805 friendship road,empty,empty,tallassee,al,36078.0,elmore,3342836541.0,acute care hospitals,voluntary non-profit - private,no,pneumo#n$ia,pn-2,,87%,70 patients,al_pn-2
704,10034.0,communi%#ty hospital inc,,empty,empty,tallassee,al,36078.0,elmore,3342836541.0,acute care hospitals,voluntary non-profit - private,no,pneumonia,pn-3b,pneumonia patients whose initial emergenc%y room blood culture was performed prior to the administration of the first hospi@@tal dose of antibiotics,95%,76 patients,al_pn-3b
705,10034.0,community hospital inc,805 friendship road,empty,empty,,al,36078.0,elmore,3342836541.0,acute care hospitals,,no,pneumonia,pn-4,pneumonia patients given smoking cessation advice/counseling,9@@0%$,@@4#1 patients,al_pn-4
706,10034.0,community hospital inc,??805 friendship road,emp$ty%,empty,,al,36078.0,elmore,3342836541.0,acute care hospitals,voluntary non-profit - private,no,pneumonia,,pneumonia patients given initial antibiotic(s) within 6 hours after arrival,97%,71 patients,al_pn-5c
707,10034.0,community hospital inc,805 friendship road,e@@mpty,e$mpty,,al,36078.0,elmore,3342836541.0,acute care hospitals,voluntary non-profit - private,no,pneumonia,pn??-6,pneumonia patients given the most appropriate initial antibiotic(s),96%,52 patients,al_pn-6
708,,community hospital inc,805?? friendship road,empty,,tallassee,al,36078.0,%elmore,3342836541.0,acute care hospitals,voluntary non-profit% - private,n@@o,pneumonia??@@,pn#$-7,pneumonia patients assessed and given influenza vaccination,93%,56 @@patien??ts,al_pn-7
709,10034.0,community hospital inc,805 friendship road,empty,empty,,al,,elmore,13914798094.534157,acute care hospita#ls,voluntary non-profit - private,no,surgical infection prevention,scip#-card-2$,surgery patients who were taking heart drugs called beta blo#ckers before coming to the hospital who were kept ??on the beta blockers during the period just before and after their surgery,100%,3 patients,al_scip-card-2
710,49634.179828346634,community hospital inc,805 friendship road,$%empty,empty,tallassee,al,36078.0,elmore,13388483284.591028,acute care hospitals,,no#@@,surg??i#cal infection prevention,scip-inf-1,surgery patients who were given an antibiotic at the right time (within one hour before surgery) to help prevent infection,10@@%0%,10 patients,al_scip-inf-1
711,10034.0,community hospital inc,80??5 friendship road,empty,empty,ta$llassee,al,36078.0,@@elmore,3342836541.0,acute care hospitals,voluntary non-profi$t - private,no,surgical infection prevention,scip-inf-2,,100%,10 patients,al_scip-inf-2
712,,community hospital inc,805 friendship road,empty,empty,tallassee,al,36078.0,elmore,3342836541.0,acute care hospitals,voluntary non-profit - private,no,surgica$l infection prevention,scip-inf-3,surgery patients whose preventive antibiotics were stopped at the right time (within 24 hours after surgery),100%,,al_$scip-inf-3
713,10034.0,community hospital inc,805 friendship road,#emp??ty,empty,tallassee,al,167921.3479230643,elmore,3342836541.0,acute care% hospitals,voluntary non-profit - private,no,surgical infection prevention,scip-inf-4,all heart surgery patients whose blood sugar (blood glucose) is kept under good control in the days right after surgery,empty,0 patients,al_scip-inf-4
714,34204.24127881659,community hosp@@ital inc,805 fr#iendship road,e@@mpty??,empty,tallassee,al,36078.0,elmore,3342836541.0,acute care hospitals,voluntary non-profit - private,no,surgical infection prevention,scip-inf-6,surgery patients needing hair removed from the surgical area before surgery who had hair removed using a safer method (electric clippers or hair removal cream c not a razor),100%,33 patients,al_scip-inf-6
715,10034.0,community hospital inc,805 frie$ndship ro$ad,empty,empty,tallassee,al,36078.0,elmore,3342836541.0,acute care hospitals,voluntary non-profit - private,n$o#,,scip-vte-1,surgery patients whose doctors ordered treatments to prevent blood clots after certain types of surgeries,88%,24 patients,al_scip-vte-1
716,,,805 friendship @@road,empty,empty,tallassee,al,205326.84479944684,elmore,3342836541.0,acute care hospi@@tals,voluntary non-profit - private,n%@@o,surgical infection prevention,scip-vte-#2,patients who got treatment  at the right time (within 24 hours before or after their surgery) to help prevent blood clots after certain types of surgery,?@@?88%,24 patients,al_scip-vte-2
717,37875.62090824367,cull#man regional medical center,191@??@2 alabama highway 157,empty,emp$ty,cullman,al,35058.0,cullman,2567372000.0,acute care hospitals,,yes,heart attack,ami-1,heart attack patients given aspirin at arrival,100%,51 pa$t$ients,al_ami-1
718,10035.0,cullman regional medical center,1912 alabama highway 157,empty,,cullman,al@%@,35058.0,cullman,2567372000.0,acute care hospitals,government - hospital district or authority,yes,heart attack,ami-2,heart attack patients given aspirin at discharge,100%,??26 $patients,a#l_ami-2
719,10035.0,,1912 alaba$ma highway 157,,empty,cullman,a%l??,35058.0,cullma%n,2567372000.0,acute care hospitals,government - hospital district or authority,yes,heart attack,ami-3,heart attack patients given ace inhibitor or arb for left ventricular systolic dysfunction (lvsd),67%,3 patient%s,al_ami-3$
720,10035.0,,1912 alabama highway 157,empty,empty,cullman,al,35058.0,,2567372000.0,acute care hospitals,government - hospital district or authority,yes,,ami-4,heart attack patients given smoking cessation advice/counseling,100%,,al_ami-4
721,57656.30348526288,cullman regional medical c%enter,1912 alabama highway 157,empty,empty,cu$llma@@n,al,35058.0,,2567372000.0,acute care hospitals,g$overnment - hospital district or authority,yes,heart attack,ami-5,heart attack patients given beta blocker at discharge,100%,23 patients,al_ami-5
722,10035.0,cullman regional medical center,1912 alabama highway 157,,empty,cullman,al,35058.0,cullman,2567372000.0,acute care hospitals,,yes,heart attack,ami-7a,heart attack patients given fibrinolytic medication within 30 minutes of arrival,e#mpty,0 pati??ents,al_ami-7a
723,49306.529633118786,cullman regional medical center,1912 alabama highway 157,emp@@t@@y,empty,cullman,al,35058.0,cullman%,,acute care hospitals,government - hospital district or authority,yes,heart attack,ami-8a,heart attack patients given pci within 90 minutes of arrival,empty#??,0 patients,al_ami-8a
724,10035.0,cullman regional medical center,1912?? alabama $highway 157,empty,empty,cullma??n,al,105186.27851113703,cullman,2567372000.0,acute care hospitals,government - hospital district or authority,yes,heart failure,hf-1,,99%,158 patients,al_hf-1
725,46173.420024384206,cullman regional medical center,1912 alabama highway 157,,empty,cullman,al,35058.0,cullman,2567372000.0,acute care hospitals,@@government - hospital district# or authority,yes,heart failure,hf-2,heart failure patients given an evaluation of left ventricular systolic (lvs) function,100%,200 patients,al_hf-2
726,10035.0,,1912 alabama highway 157,empty,empty,,al,,cullman,2567372000.0,acute care hospitals,government - hospital district or authority,yes,heart failure,hf-3,heart failure patients given ace inhibitor or arb for left ventricular systolic dysfunction (lvsd),97%,37 patients,
727,10035.0,cullman regional medical center,,empty,empty,,al,140772.44730338888,cullman,2567372000.0,acute care hospitals,government - hospital district or authority,,heart failure,%hf-??4,heart failure patients given smoking cessation advice/counseling,100%,42 patients,al_hf-4
728,10035.0,cullman regional medical center,1912 alabama highway 157,empty,empty,cullman,??al,35058.0,cullman,8282048653.681552,a$cute c??are hospitals,government - hospital district or authority,yes,pneumonia,pn-2,pneumonia patients assessed and given pneumococcal vaccination,%10%0%,155 patients,al_pn-2
729,10035.0,cullman regional medical center,1912 alabama highway 157,empty,empty,,al,35058.0,cullman,2567372000.0,acute care hospitals,governm@@ent - hospit$al district or authority,,pneumonia,pn-3b,,100%,138 patients,al_pn-3b
730,,cullm$an regional medical center,1912 alabama highway 157,empty,empty,cullman,al,35058.0,cullman,2567372000.0,acute care hospitals,government - hospital district or authority,yes@@,pneumonia,pn-4,pneumonia patients given smoking cessation advice/counseling,100%,,al_pn-4
731,10035.0,cullman regional medical center,1912 alabama highway 157,empty,empty??,cullman,al,35058.0,cullman,2567372000.0,acute care hospitals,government - hospital district or authority,y@@@@es,pneumon$ia,pn-5c,pneumonia patients given initial antibiotic(s) within 6 hours after arrival,99%??,160 pat%ients,#al_pn-5c$
732,10035.0,cullman regional medical center,1912 alabama h??i%ghway 157,empty,empty,,al,181050.548504491,cullman,2567372000.0,,government - hospital district or authority,yes,pneumonia,pn-6,pneumonia patients given the most appropriate initial antibiotic(s),98%,136 patients,al_pn-6
733,10035.0,cullma??n regional medical center,1912 alabama highway 157,empty%,$empty,cullman,al,35058.0,cullman,8781309210.50677,acute care hospitals,government - hospital district or authority,yes,pne$umonia,pn-7,pneumonia patients assessed and given influenza vaccination,98%,125 patients,al_pn-7
734,31419.162864844267,cullman regional medical center,1912 alabama highway 157,empty??,empty,,al,35058.0,cull#man,2567372000.0,acute care hospitals,government - hospital district or authority,yes,surgical infection prevention,scip-card-2,surgery patients who were taking heart drugs called beta blockers before coming to the hospital who were kept on the beta blockers during the period just be@@fore and after their surgery,99%,68 patients,al_scip-card-2
735,10035.0,,1912 alabama highway 157,,empty,cullman,al,35058.0,cullman,2567372000.0,,government - hospital district or autho#rity,yes,surgical infection prevention,scip-inf-1,surgery patients who were given an antibiotic at the right time (within one hour before surgery) to help prevent infection,99%,411 patients,al_scip-inf-1
736,44380.41636374035,cullman regional medical center,191@@2 alabama hi$ghway 157,empty,empty,cullman,,,cullman,2567372000.0,acute care hospitals,government - hospital district or authority#,yes,surgical infection prevention,scip-in@@f-2,,98%,417 patients,al_scip-inf-%2
737,10035.0,cullman regional medical center,1912 alabama highway 157,empty,empty,cullman,al,35058.0,cullman,,,government - hospital district or authority,yes,surgical infection prevention,#scip-inf-3,surgery patients whose preventive antibiotics were stopped at the right time (within 24 hours after surgery),98%,405 patients,al_scip-inf-3
738,10035.0,cullman regional medical center,1912 alabama highway 157,empty,empty,,al,35058.0,cullman,2567372000.0,acute care hospitals,government - hospital dist%rict or authority,yes,surgical infection prevention,,all heart surgery patients whose blood sugar (blood glucose) is kept under good control in the days right after surgery,empty,,al_scip-inf-4
739,10035.0,cullman r%egional medical@@ center,1912 alabama highway 157,empty,,cullman,a$??l,35058.0,cullman,,acute care hospitals,government - hospital district or authority,yes,surgical infection prevention,scip-inf-6,surgery patients needing hair removed from the surgical area before surgery who had hair removed using a safer method (electric clippers or hair removal cream c not a razor),100??$%,598 patients,al_scip-inf-6
740,10035.0,cullman regional medical center,1912 alabama highway 157,empty,emp??ty,cullman,al#,35058.0,cullman,2567372000.0,acute care hospitals,government - hospital district or authority,yes,surgical infection prevention,scip-vte-1,surgery patients whose doctors ordered treatments to prevent blood clots after certain types of surgeries,95%,,al_scip-vte-1
741,49148.230054547086,cullman regional medical center,1912 alabama highway 157,empty,empty,cullman,al,35058.0,,2567372000.0,,government - hos#pital district or authority,yes,,scip-vte-2,patients who got treatment  at the right time (within 24 hours before or after their surgery) to help prevent blood clots after certain types of surgery,95%,298 patients,al_scip-vte-2
742,10036.0,andal??usia region$al hospital,849 south three notch street,empty,empty,andalusia,al,206759.19876055766,covington,3342228466.0,acute care hospitals,p%roprietary,no,heart attack,ami-1,,100%,8 patients,al_ami-1
743,10036.0,andalusia regional hospital,849 south three notch street,empty,empty,andalusia,al,36420.0,covington,3342228466.0,acute care hospita$l$s,,no??,heart attack,a$mi-2,heart attack patients given aspirin at discharge,60%,5 patients,al_ami-2
744,10036.0,andalusia regional hospital,849 south three notch street,#e%mpty,empty,andalusia,al@@??,36420.0,covi$ngton,3342228466.0,acute care hospitals,proprietary,no,heart attack,ami-??3,heart attack patients given ace inhibitor or arb for left ventricular systolic dysfunction (lvsd),1#00%,3 patients,al_am%i-3
745,10036.0,andalusia regional hospital,849 south three notch street,empty,empty,andalusia,a@@l,36420.0,co%vi%ngton,3342228466.0,acute care hospitals,proprietary,n@@o@@,hea%rt a#ttack,ami-4,heart attack patients given smoking cessat??io$n advice/counseling,empty,0 patients,al_ami-4
746,,andalusia regional hospital,849 south three notch street,empty,empty,an??dalusia,al,36420.0,covington,3342228466.0,acute care hospitals,proprietary,no,heart attack,@@ami-5,heart attack patients given beta blocker at discharge,100%,6 patients,al_ami-5
747,10036.0,andalusia regional hospital,8%49 south three notch s%treet,empty,empty,andalusia,al,36420.0,covington,3342228466.0,,proprietary,no,heart att#ack,ami-7a,,empty,0 patients,
748,10036.0,andalusia regional hospital,849 south three notch street,empty,empty,andalusia,al,36420.0,covington,,acute care hospitals,proprietary,no,heart attack,am#i??-8a,heart attack patients given pci within 90 minutes of arrival,empty,0 patients,al_ami@@-8%a
749,10036.0,andalusia regional hospital,849 south three# notch street,empty,,andal$usia,al,36420.0,covington,3342228466.0,acute care hospitals,proprietary,no,heart failure,hf-1,heart failure patients given discharge instructions,100%,121 patients,al??_hf-1
750,10036.0,an??dal@@usia regional hospital,849 south three notch street,empty,empty,andalusia,al,36420.0,covington,3342228466.0,acute care hospitals,proprietary,no,heart failure,h@@f-2,heart failure patients given an evaluation of left ventricular systolic (lvs) function,91%,139 patients,al_hf-2
751,10036.0,andalusia regional hospital,849 south three notch street,empt#y??,empty,andalusia,al,36420.0,covington,3342228466.0,a??cute care hospit??als,proprietary,no,heart failure,hf-3,heart failure patients given ace inhibitor or arb for left ventricular systolic dysfunction (lvsd),86%,21 patients,$al_hf@@-3
752,37877.14777673428,andalusia regional hospital,849 south three notch street,empty,empty,anda$lusia,al,36420.0,covington,,acute care hospitals,proprietary,no,heart failure,hf-4,heart failure patients given smoking cessation advice/counseling,,32 patients,a??l_hf-4
753,10036.0,andalusia regional hospital,849 south three notch street,empty,empty,@@andalusia,al,,covington,3342228466.0,acute care hospitals,proprietary,no,pneumonia,pn-2,pneumonia patients assessed and given pneumococcal vaccination,100%,77 patients,al_pn-2
754,10036.0,andalusia regional hospi$tal,849 south three notch street,empty,empty,andalusia,al,152520.2816282733,covington,,,proprietary,,pneumonia,pn-3b,pneumonia patients whose initial emergency room blood culture was performed prior to the administration of the first hospital dose of antibiotics,89%,55 patients,al_pn-3b
755,10036.0,andalusia regional hospital,849 south three notch street,empty,empty,andalusia,al,36420.0,,3342228466.0,acute care hospita#ls,,no,pneumon$i??a,pn-4,pneumoni#a patients given smoking cessation advi??ce/counseling,100%,43 patients,al_pn-4
756,10036.0,andalusia regional hospital,849 south #three notch stree#t,,empty,an??dalusia,al,,covington,3342228466.0,acute care hospitals,proprietary,no,pneumonia,pn-5c,pneumo#nia patients given initial antibiotic(s) within 6 hours after arrival,#9@@7%,93 patients,al_pn-5c
757,10036.0,andalusia regional hospital,,empty,empty,andalusia,al,36420.0,coving$ton,3342228466.0,acute care hospitals,proprietary,,pneumonia,pn-6,pneumonia patients given the most appropriate initial antibiotic(s),75%,64 patients,al_pn-6
758,10036.0,andalusia regional hospital,849 south three notch street,,empty,andalusia,al,36420.0,covington,3342228466.0,acute care hospitals,proprietary,no#@@,pne$umonia,pn-7,pneumonia patients assessed and given influenza vaccination,92%,52 patients,al_pn-7
759,49300.33447488619,andalusia regional hospital,849 south three notch street,em@@pty,empty,,,127594.44674989868,covington,3342228466.0,acute care hospitals,p%roprietary,no,surgic$al infection prevention,scip-@@car#d-2,surgery patients who were taking heart drugs called beta blockers before coming to the hospital who were kept on the beta blockers during the period just before and after their surgery,,19?? patien%ts,al_scip-card-2
760,,andalusia regional hospital,849 south three notch street,empty,empty,andalusia,??%al,36420.0,covington,3342228466.0,acu??te care hospi$tals,proprietary,no,surgical infection prevention,scip-inf-1,surgery patients who were given an antibiotic at the right time (within one h$our before surgery) to help prevent infec??tion,9%$7%,139 patients,al_scip-inf-1
761,36021.06567655594,andalusia regional hospital,849 south three notch street,empty,#%empty,andalusia,al??,,covington,17234854486.86357,acute care hospitals,proprietary,no,surgical infection prevention,scip-inf-2,surgery patients who w%ere given the  right kind  of antibiotic to help prevent infection,88#%,141 patients,al_scip-inf-2
762,,andalusia %regional hospital,849 south three notch street,empty,@@emp$ty,andalusia,al,36420.0,covington,3342228466.0,acute care hospitals,proprietary,no,surgical infection prevention,scip-inf-3,surgery patients whose preventive antibiotics were stopped at the right time (within 24 hours after surgery),,136 patients,al_scip-inf-3
763,10036.0,andalusia regional hospital,849 south three notch street,empty,,andalusia,al,,,3342228466.0,acute care hospitals,proprietary,no,,scip-inf-4,all heart surgery patients whose blood sugar (blood glucose) is kept under good control in the days right# after surgery#,empty,0 patients,
764,49125.814994375854,andalusia regional hospital,,empty,emp#ty,andalusia,??a@@l,36420.0,,3342228466.0,acute ??care hospitals,,no,,scip-inf-6,surgery patients needing hair removed from the surgical area before surgery who had hair removed using a safer method (electric clippers or hair removal cream c not a razor),100%,$204 patients,%al_scip-inf-6
765,10036.0,andalusia regional hospital,849 south three notch street,empty,,a??n#dalusia,al,36420.0,covington,3342228466.0,acute care hospitals,proprietary,no,,scip-vte-1,surgery patients whose doctors ordered treatments to prevent blood clots after certain types of surgeries,8%0%#,66 pa$tients,al_scip-vte-1
766,10036.0,,849 s$outh three$ notch street,empty,empty,andalusia,,36420.0,covi%ngton%,3342228466.0,acute care hospitals,proprietary,no,surgical infection preve??ntion,scip-vte-2,patients who got treatment  at the right time (within 24 hours before or after their surgery) to help prevent blood clots after certain types of surgery,80%,6??6 pati%ents,a??l_scip-vt@@e-2
767,10038.0,stringfellow memorial hospital,301 east 18th st,empty,em%pty,anniston,al,36201.0,calhoun,,acute care hospitals,proprietary,yes,children s asthma care,cac-1,children who recei%ve%d reliever medication while hospitalized for asthma,100%,,al_cac-1
768,42640.72126089665,stringfellow memorial hospital,301 east 18th st,empt??$y,empty,anniston,al,36201.0,calhoun,2562358900.0,acute care hospitals,proprietary,yes,surgical infection prevention,scip-inf-1,surgery patients who were given an antibiotic at the right time (within one hour before surgery) to help prevent infection,99%$#,96 patients,al_scip-inf-1
769,39095.796462105485,stringfellow memorial hospital,,empty,empty,anniston,al??,,#calhoun#,10441884642.74885,,proprietary,yes#,,,surgery patients who were given the  right kind  of antibiotic to help prevent infection,93%,98 patients,al_scip-inf-2
770,56944.52143831569,stringfellow memorial hospital,301 east 18th st,emp$ty,empty,,al,36201.0,calho#un#,2562358900.0,acu#t%e care hospitals,proprietary,,surgical infection prevention,scip-inf-3,surgery patients whose preventive antibiotics were stopped at the right time (within 24 hours after surgery),93%,95 patients,al_scip-inf-3
771,10038.0,stringfellow memorial hospital,301 east 18th st%,empty,em##pty,anniston,al,36201.0,calhoun,2562358900.0,acute care hospitals,proprietary,yes,surgical infection prevention,,,empty,0 patients,??a#l_scip-inf-4
772,,stringfellow memorial hospital,301 east 18th st,empt?#?y,e%m#pty,anniston,al,36201.0,,2562358900.0,acute care hospital??s,proprietary,,surgical infection prevention,scip-inf-6,surgery patients needing hair removed from the surgical area before surgery who had hair removed using a safer method (electric clippers or hair removal cream c not a razor),100%,195???? patients,al_scip-inf-6
773,10038.0,stringfellow memorial hospital,,empty,empty,anniston,al,36201.0,calhoun,2562358900.0,acute care hospitals,propriet#$ary,yes,surgical infection prevention,scip-vte-1,surgery patients whose doctors ordered treatments to prevent blood clots after certain types of surgeries,90%,117 patients,al_scip-vte-1
774,10038.0,stringfellow memorial hospital,301 east 18th st,empty,,anniston,al,214739.70653393716,calhoun,2562358900.0,acute care hospitals,proprietary,y$es@@,surgical infection prevention,scip-vte-2,patients who got treatment  at the right time (within 24 hours@@ before or after their %surgery) to help prevent blood clots after certain types of surgery,89%,116 patients,al_scip-vte-2
775,48152.0144051366,huntsville hospital,101 sivley rd,empty,empty,huntsville,,35801.0,madison,2562651000.0,acute care hospitals,government - hospital dis@@trict or authority,yes,children s asthma care,cac-1,children who received reliever medication while hospitalized for asthma,100%,193 patients,al_cac-1
776,10039.0,huntsville hospital,101 sivley rd,empty,empty,huntsvi@@lle,a??l,35801.0,madison,2562651000.0,acute care hospitals,government - hospital district or authority,,children s asthma care,@@cac@@-2,children who received systemic corticosteroid medication (oral and iv medication that reduces inflammation and controls symptoms) while hospitalized for asthma,%98??%,193 patients,al_cac-2
777,10039.0,huntsville hospital,101 sivley?? rd$,empty,empty#,huntsville,al,35801.0,madis$@@on,2562651000.0,acute care hospitals,government - hospital district or authority,,children s asthma care,cac-3,,14%,,al_cac-3
778,10039.0,huntsville hospital,101 sivley rd,empty,empty,huntsv????ille,al,35801.0,madison,2562651000.0,,government - hospital district or authority,yes,heart attack,ami-1,heart attack patients given aspirin at arrival,98%,155 patients,al_ami-1
779,49517.056822081846,,101 sivley rd,empty,empty,huntsville,al,,madison,12943139915.850058,,government - hospital district or authority,yes,heart attack,ami-2,,100%,323 patients,??al_@@ami-2
780,10039.0,huntsville hospital,101 sivley rd,empty,empty,huntsville,al,35801.0,madison,2562651000.0,a@@cu??te care hospitals,,yes,heart attack,ami-3,heart attack patients given ace inhibitor or arb for left ventricular systolic dysfunction (lvsd),97%,77 patients,al_ami-3
781,32312.228740476094,huntsville hospital,101 sivley rd,empty,empty,huntsville,al,35801.0,madi??so$n,12739580807.78873,acute care hospitals,government - hospital district or authority,y%es,heart attack,ami-#4%,heart attack patients given smoking cessation advice/counseling,100%,135 pa#tient??s,
782,37093.95370862723,huntsville hospital,101 sivley rd,empty,empty,huntsville,al,35801.0,madison,2562651000.0,acute care hospitals,,yes,,ami-5,heart attack patients given beta blocker at discharge,100%,301 patients,
783,10039.0,huntsville hospital,101 sivley rd,empty,empty,hunts%@@ville,a%l,35801.0,madison,2562651000.0,,government - hospital dis#tr@@ict or authority,yes,heart attack,ami-7a,heart attack patients given fibrinolytic medication within 30 minutes of arrival,@??@empty,0 patients,al_ami-7a
784,10039.0,huntsville hospital,101 sivley rd,empty,,huntsville,al,133385.3487165091,,2562651000.0,acute care hospitals,government - hospital district or authority,yes,heart attack,am@@i-8a,heart attack patients given pci within 90 minutes of arrival,8%2%,44 patients,al_ami-8a
785,10039.0,huntsville hospital,101 sivley rd,empty,empty,huntsville,,35801.0,madiso#n%,12760375888.898237,,government - hospital district or authority,yes,,hf-1,heart failure patients given discharge instructions,,264 patients,
786,10039.0,huntsville hospital,101 sivley rd,empty,,huntsville,,175787.82770196677,madison,2562651000.0,acute care ho@@spitals,government@@ - hospital distr@@ict or authority,yes,heart failure,hf-2,,95%,303 patients,al_hf-2
787,10039.0,huntsville hospital,,empty,empty,,al%%,35801.0,madison,2562651000.0,acute care hospitals,government - hospital district or autho$rity,yes,heart failure,hf-3,heart failure patients given ace inhibitor or arb for left ventricular systolic dysfunction (lvsd),98%,102 patients,
788,10039.0,huntsville hospital,101 sivley rd,empty,e$mpty@@,huntsville,@@al,154028.38165536063,madison,2562651000.0,,government - hospital district or authority,%y@@es,heart failure,hf-4,heart failure patients given smoking cessation advice/counseling,100??%%,51 patients,
789,10039.0,,101 sivley rd,empty,empty,huntsville,al,182667.18975145483,madison,2562651000.0,acute care hospitals,government - hospital district or authority,y#es,pneumonia,p@@n-$2,pneumonia patients assessed and given pneumococcal vaccination,96%,509 patients,al_pn-2
790,10039.0,huntsville% hospital,101 sivley rd,empty,empty,huntsvil@@le,al,35801.0,madi@@so@@n,,acute care hospitals,government - hospital district or authority,yes,pneumo$nia,pn-3b,pneumonia patients whose initial emergency room blood culture was per@@formed prior to the administration of the first hospital dose of antibiotics,99%,496 patients,al_pn-3b
791,10039.0,huntsvi@@%lle hospital,,empty,e#mpty,,%al,35801.0,,2562651000.0,acute care hospitals,government - hospital district or authority,yes,pneumonia,pn@@-#4,pneumonia patients given smok#ing ce$ssation advice/counseling,97%,294 patients,al_pn-4
792,,huntsville hospital,101 sivley rd,,empty%,huntsville,,35801.0,,2562651000.0,acute care hospitals,government - hospital district or authority,yes,pneumonia,pn-5c,,93%#,##511 patients,al_pn-5c
793,10039.0,huntsville hospital,101 si??vle$y rd,%e#mpty,e$mpty%,huntsville,al,,madison,9646599904.692106,acute care hospitals,,yes,pneumonia,,pneumonia patients given the most appropriate initial antibiotic(s),89%,313 patients,al_pn-6
794,10039.0,huntsville hospital,101 sivle%y rd,empty,empty,huntsville,,,,2562651000.0,acut@@e care hospitals,government - hospital district or authority,y@@es,pn%$eumonia,pn-7,pneumonia patients assessed and given influenza vaccination,89%,409 patients,al_pn-7
795,,huntsville hospital,101 sivley rd,,empty,huntsville,,111125.94098881823,madison,14330745222.720564,,government - hospital district or authority,yes,surgical infection prevention,,surgery patients who were taking heart drugs called beta blockers before coming to the hospital who were kept on the beta blockers during the period just before and after their surgery,%90@@%,123 patients,a$l_scip-card-#2
796,10039.0,huntsville hospital,101 sivley rd,empty,empty,huntsville,al,35801.0,madison,14576343476.272108,,,yes,surgical infection prevention,scip-inf-1,surgery patients who were given an antibiotic at the right time (within one hour before surgery) to help prevent infection,,,al_scip-inf-1
797,10039.0,hunts??ville @@hospital,101 sivley rd,empty,,,al,,m$a%dison,14966199500.359205,acute care hospitals,government - hospital district or authority,,surgical infection prevention,scip-inf-2,surgery patients who were given the  right kind  of antibiotic to help prevent infection,99%,,al_scip-inf-2
798,10039.0,huntsville hospital,101 sivl??ey rd,,e%#mpty,huntsville,al,35801.0,,9037877954.202318,,government - hospital district or authority,yes,surgical infection prevention,sc%ip-inf-3@@,@@surg@@ery patients whose preventive antibiotics were stopped at the right time (within 24 hours after surgery),9@@3%,561 patients,al_scip-#inf-3
799,53236.67995727884,huntsville hospital,101 sivley rd,,empty,huntsville,al,,madison,2562651000.0,acute care hosp%itals,government - hospital district or authority,ye%s,surgical infection prevention,scip-inf-4,all heart surgery patients $whose blood sugar (blood glucose) is kept under good control in the days right after surgery,95%,149 patients,al_scip-inf-4
800,10039.0,huntsville hospital,101 sivley rd,empty,empty,huntsville,al????,35801.0,m??adison,2562651000.0,acute care hospitals,government - hospital district or authority,yes,surgical infection prevention,scip-inf-6,surgery patients needing hair removed from the surgical area before surgery who had hair@@ removed using a safer method (ele#ctric clippers or hair removal cream c not a razor),99%,852 patients,al_scip-inf-6
801,10039.0,huntsville hospital,101 sivley rd,empty,empty,,al%$,35801.0,madison,2562651000.0,acute care hospitals,government - hospital district or authority,yes,surgical infection prevention,scip%-vte-1,surgery patients whose doctors ordered treatments to prevent blood clots after certain types of surgeries,93%,269 patients,al_scip-vte-1
802,10039.0,huntsville hospital,101 sivley rd,empty,empty,huntsville,,145858.70943728014,madison,11088811463.740383,acute care hospitals,government - hospital district or authority,y@@es,,scip-vte-2,patien??ts who got treatment  at the right time (within 24 hours before or after their surgery) to help prevent blood clots after certain types of surgery,90%,269 patients,al_scip-vte-2
803,51525.13118677607,gadsden regional medical center,1007 goodyear avenue,empty,empty,gadsden,al,,etowah,2564944000.0,acute care hospitals,proprietary,yes,,ami-1,heart attack patients given aspirin at arrival,94%,123 patients,al_ami-1
804,10040.0,gad??sden regional medical c@@enter,1007 goodyear avenue,e$m$pty,empty,gadsden,al,205495.06284599454,etowah,2564944000.0,acute care hospitals,,yes,heart attack,ami-2,heart attack patients given aspirin at discharge,99%#@@,134 patients,al_ami-2
805,10040.0,,1007 goodyear avenue,empty,empty,gad??sd@@en,al,35903.0,etowah,2564944000.0,acute care hospitals,proprietary,yes,heart attack,ami-3,heart attack patients given ace inhibitor or arb for left ventricular systolic dysfunction (lvsd),89%,18 patients,al_ami$??-3
806,10040.0,gadsden# regional medical center,1007 goodyear avenue,empty,empty,gadsden,al,35903.0,etowah,2564944000.0,acute care hospitals,proprietary,yes,heart attack,ami@@-4,heart attack patients given smoking cessation advice/counseling,100%,79 patients,al_ami-4
807,10040.0,gadsden regional medical center,1007 goodyear avenue,@??@empty,empty,gadsden,al,35903.0,etowah,2564944000.0,acute care hospitals,proprietary,yes,heart attack,ami-5,heart attack patients given beta blocker at discharge,,117 patients,
808,10040.0,gadsden regional medical center,1007 goodyear avenue,empty,empty,gadsden,al,35903.0,etowah,2564944000.0,acute care hospitals,,yes,heart atta#ck,ami-7a,heart attack patients given fibrinolytic medication within 30 minutes of arri#val,,25 patients,al_ami-7a
809,10040.0,gadsden regional medical center,10@@07 goodyear avenue,empty,empt%y,gadsden,al,35903.0,etowah,2564944000.0,acute care hospitals,proprietary,%yes,heart attack,,heart attack patients given pci within 90 minutes of arrival,83%,12 patients,al_ami-8a
810,10040.0,gadsden regional medical center,,empty,empty,gadsden,al,178755.3252492456,etowah,2564944000.0,acute care hospitals,proprietary,yes,heart failure,,heart failure patients given discharge instructions,47%,211 patients,al_hf-1
811,39956.54231076588,gadsden regional medical center,1007 goodyear avenue,empty,empty??,gadsden,al,213007.82145712004,etowah,,acute care hospitals,proprietary,,hea??rt failure,hf-2,heart failure ??patients given an evaluation of left ventricular sys$tolic (lvs) function,100%,259 patients,
812,10040.0,gadsden regional medical center,,empty,empty,gadsden,a@??@l,35903.0,etowah,,acute care hospitals,p#ropr??ietary,yes,heart failure,hf-3,heart failure patients given ace inhibitor or arb for left ventricular systolic dysfunction (lvsd),93%,69 patients,al_hf-3
813,10040.0,gadsden regional medical center,1007 goodyear avenue,empty,empty,gadsden,al,193083.62417870905,etowah,7839370455.590364,acute care hospitals,proprietary,yes,,hf-4,heart failure patients given smoking cessation advice/counseling,,70 patients,al_hf-4
814,,gadsden regional medical center,1007 goodyear avenue,empty,empty,gadsden,al,35903.0,et%owah,2564944000.0,acute care hospitals,proprietary,yes,pneumonia,pn-2,pneumonia patients assessed and given pneumococcal vaccination,$96@@%,255 patients,al_pn-2
815,,,1007 goo%dyear aven??ue,empty,,gadsden,al,35903.0,etowah,14527811234.440985,acute care hospitals,,yes,pneumonia,pn-3b,pneumonia patients whose initial emergency room blood culture was performed prior to the administration of the first hospital dose of antibiotics,96%,,al_pn-3b
816,10040.0,gadsden regional medical center,1007 goodyear ave??nue,e??mpt$y,empty,gadsden,,35903.0,etowah,,acute care hospitals,proprietary,yes,pneumonia,pn-4,pneumonia patients given smoking cessation advice/counseling,100%,130 patients,al_pn-4
817,10040.0,gadsden regional medical center,1007 goodyear avenue,empty,empty,gadsden,al,207212.30583724726,etowah,2564944000.0,acute care hospitals,proprietary,yes,pneumonia,pn-5c,pneumonia patients given initial antibiotic(s) within 6 hours after arrival,94%,2??66$ patients,al_pn-5c#
818,,gadsden regional medical center,1007 goodyear avenue,empty,empty,gadsden,al,35903.0,etowah,2564944000.0,acute care hospitals,proprietary,yes,pneumonia,pn-6,pneumonia patients given the most appropriate initial antibiotic(s),89%,153 patie%#nts,al_pn-6
819,10040.0,gadsden regional medical cen??ter??,1007 goodyea$r av??enue,empt%y??,empty,gads%den,al,169094.65085591283,,11509730509.799616,acu@@te care hospitals,proprietary,yes,p%neumonia%,pn-7,pneumon??ia patients asse@@ssed and given influenza vaccination,@#@96%,187 patients,al_pn-7
820,10040.0,gadsden @@regional medical center,,@@@@empty,empty,gadsden,al,35903.0,etowah,2564944000.0,acute care hospitals,proprietary,yes,surgical infection prevention,scip-card-2,surgery patients who were taking heart drugs called beta blockers before coming to the hospital who were kept on the beta blockers during the period just before and after their surgery,@@91%#,109 patients,al_scip-card-2
821,10040.0,gadsden regional medical center,1007 goodyear avenue,empty,empty,g??ads%den,,35903.0,etowah,2564944000.0,,proprietary,yes,surgical infection prevention,scip-inf-1,surgery patients who were given an antibiotic at the right time (within one hour before surgery) to help prevent infection,98%,557 pati#ents$,al_scip-inf-1
822,10040.0,gadsden regional medical center,1007 goodyear avenue,empty,empty,gadsden,al,213720.29813984275,,2564944000.0,acute care hospitals,,yes,surgical infection prevention,scip-inf-2,surgery patients who were given the  right kind  of antibiotic to help prevent infection,97%,564 patients,al_scip-inf-2
823,10040.0,gadsden regional medical center,,,,gadsden,al,,etowah,2564944000.0,acute care hospitals,proprietary,,surgical infection prevention,scip-inf-3,,90%,520 patients,al_scip-inf-3
824,10040.0,gads@@den re$gional medical center,,empty,empty,g#adsd$en,al,35903.0,etowah,2564944000.0,acute c$are hospitals,proprietary,yes,surgical infection prevention,scip-inf-4,,,186 patients,al_scip-inf-4
825,36990.99238871722,gadsden regional medical center,1007 good@@year avenue,empty,empty,gadsden,al,35903.0,etowah,2564944000.0,acute care hospitals,proprietary,yes,surgical infection prevention,,surgery patients needing hair removed from the surgical area before surgery who had hair removed using a safer method (electric clippers or hair removal cream c not a razor),100%,854 patients,al_scip-inf-6
826,,gadsden regional medical @@center,1007 goodyear avenue,empty,empty,gadsden,al,35903.0,etowah,2564944000.0,acute care hospitals,proprietary,yes,surgical in??fection preventi??on,scip-vte-1,surgery patients whose doctors ordered treatments to prevent blood clots after certain types of surgeries,95%,315 patients,
827,48805.38011938858,gadsden regional medical center,1007 goodyear avenue,empty,empty,gadsden,al,35903.0,etowah,2564944000.0,,proprietary,yes,surgical infection prevention,scip-vte-2,patients who got treatment  at the right time (within 24 hours before or after their surgery) to help prevent blood clots after certain types of surgery,87%,315 patients,al_scip-vte-2
828,10043.0,chilton medical center,,##empty,empty,clanton,al,35045.0,chilton,2057552500.0,acute care hospitals,vol??untary non-profit -% private,,heart attack,a$mi-$1,heart attack patients given aspirin at arrival,100%,1 pa??tients#,al_ami-1
829,10043.0,chilton medical center,1010 lay dam road,empty,empty,clanton,%a??l,35045.0,chilton,,acute care hospitals,voluntary non-profit - private,yes,heart attack,ami-2,heart attack patients given aspirin at discharge,100%,1 patients,al_ami-2
830,10043.0,chil#ton medical ce%nter,1010 lay dam road,empty,empty,,al,,chilton,2057552500.0,acute care hospitals,voluntary non%-profit - private,yes,heart attack,ami-3,heart attack patients given ace inhibitor or arb for left ventricular systolic dysfunction (lvsd),100%,1 patients@@,al_ami-3
831,10043.0,chilton medical center,1010 lay dam road,empty,empty,clanton,al,35045.0,chilton,2057552500.0,acute care hospitals,voluntary non-profit - private,yes,heart attack,ami-4,heart attack patients given smoking cessation advice/counseling,empty,0 patients,al_ami-4
832,10043.0,chilton medical center,1010 lay dam road,empty,,cla@@nton??,al,35045.0,chilton,2057552500.0,acute care hospitals,voluntary non-profit - private,yes,heart attack,ami-5,heart attack patients given beta blocker at discharge,100%$,1 patients,al_ami-5
833,10043.0,chilton medical center,1010 lay dam road,empty,empty,clanton,al,202916.11842978332,chilton,2057552500.0,acute care hospitals,voluntary non-profit - private,yes,heart attack,ami-7a,heart attack patients given fibrinolytic medication within 30 minutes of arrival,empty,0 patients,a@@l_ami-7a
834,10043.0,chilton medical center,,empty,empty$??,clanton,al,165561.34904594353,chilton,2057552500.0,acute care hospitals,voluntary# no#n-profit - private,yes,heart attack,ami-8a,heart attack patients given pci within 90 minutes of arrival,empty,0 patients,al_ami-8a
835,10043.0,chilton medical center,1010 lay dam road,empty,empty,clanton,,35045.0,chilton,2057552500.0,acute care hospitals,,%ye??s,heart failure,hf-1#,heart failure patients given discharge inst??ructions,@@8#4%,19 patients,al_hf-1
836,10043.0,chilton medical center,,,,cla??nton,a%@@l,,chilton,2057552500.0,acute care hospitals,voluntary non-profit - private,,heart failure,#h$f-2,heart failure patients given an evaluation of left ventricular systolic (lvs) function,89%,28@@@@ patients,al_hf-2
837,10043.0,chilton medical center,,empty,empty,clanton,,187669.158855263,chi??lton$,7456254255.789563,acute care hospitals,volunt$ary non-%profit - private,yes,heart failure,hf-3,heart failure patients given ace inhibitor or arb for left ventricular systolic dysfunction (lvsd),75%,,al_hf-3
838,43592.87922081607,chilton medical center,1010 lay da@@m road,empty,empty,clanton,al,35045.0,#??chilton,2057552500.0,acute care hospitals,voluntary non-profit - private,yes,heart failure,hf-4,$heart failure patients given smoking cessation advic#e/counseling,100%,4# p$atients,al_hf-4
839,10043.0,chilton medical center,1010 lay dam road,e??mpty%,empty,clanton,al,35045.0,chilton,,acute care h%ospitals,,yes,pneumoni%a,pn-2,pneumonia patients assessed and given pneumococcal vaccination,89%,47 patients,al_pn-2
840,43330.97271233282,chilton medical center,1010 lay dam road,empty,,clanton,al,200586.62704204163,chilton,2057552500.0,acute care hospitals,voluntary non-profit - private,yes,pneumonia,,pneumonia patients whose initial emergency room blood culture was performed prior to the administration of the first hospital dose of antibiotics,9$2%,36 patients,al_pn-3b
841,44696.264675977975,chilton @@medical center,,empty,empty,clanton,al,35045.0,chilton,10271509075.445948,acute care hospital??s,voluntary non-profit - private,yes,pneumonia,pn-4,,94%,16 patients,al_pn-4
842,10043.0,chilton medical center,1010 lay da%m #road,empty,empty,clanton,al,35045.0,chilton,2057552500.0,acute care hospitals,voluntary non-profit - private,,pneumonia,pn-5c,pneumonia patients given initial antibiotic(s) within 6 hours?? after arrival#,98%,@@44 pat@@ients,al_pn-5c
843,10043.0,chilton medical center,1010 lay dam road,empty,empty,clanton,al,116440.94614406912,chilton,9596132031.969555,acute care hospitals,,,pneum??@@onia,pn-6,pneumonia patients given the most appropriate initial antibiotic(s),95%,38 patients,
844,10043.0,chilton medical center,,empty,empty,clanton,@??@al,,,2057552500.0,acute care hospitals,voluntary non-profit - private,yes,pneumonia,pn-7,pneumonia patients assessed and given influenza vaccination,81%,37 patients,al_pn-7
845,10043.0,chilton $@@medical center,1010 lay dam road,empty,empty,clanton,al,35045.0,chilton,2057552500.0,acute care hospitals,voluntary non-profit - private,,surgical infection prevention,scip-card-2,surgery patients who were taking heart drugs called beta blockers before coming to the hospital who were kept on the beta blockers during the period just before and after their surgery,50%,2 patient@@s,al_scip-card-2
846,,c$hilton medical c%enter,1010 lay dam road,empty,empty,clanton,al,35045.0,chilton,2057552500.0,acute care hospitals,voluntary non-profit - private,yes,s$urgical infection prevention,scip-inf-1,,100%,4 patients,al??_scip-inf-1
847,10043.0,chilton medical center,101??0 la$y dam road,empty,empty,clanton,al,35045.0,chilton,2057552500.0,acute care hospitals,voluntary non-profit - private,yes#%,,scip-in@@f-@@2,surgery patients who were given the  right kind  of antibiotic to help prevent infection,100%,4 patients,al_scip-inf-2
848,,chilto$n medical center,,em%pty,emp#ty,clanton,,35045.0,,2057552500.0,acute care hospitals,,yes,surgical infection prevention,scip-inf-3,surgery patients whose preventive antibiotics were stopped at the right time (within 24 hours after surgery),100%,4 patients,al_scip-inf-3
849,10043.0,chilton medical center,1010 lay dam road,empty,empty,clanton,al,35045.0,,2057552500.0,,voluntary non-profit - private,yes,surgical infection prevention,scip-inf-4,all heart surgery patients whose blood sugar (blood glucose) is kept under good control in the days right after surgery,em$p??ty,0?? pa#tients,al_scip-inf-4
850,,chilton medical center,1010 lay dam road,,e%mpt$y,clanton,al,35045.0,chilton,2057552500.0,acute care hospitals,voluntary non-profit - private,yes,,@@scip-inf-6,surgery patients needing hair removed from the surgical area before surgery who had hair removed using a safer method (electric clippers or hair removal cream c not a razor),100%,5 patients,
851,10043.0,,,??emp$ty,empty,c??lan??ton,%al,35045.0,chilton,2057552500.0,,voluntar%y non-profit - private,yes,surgical infection prevention,,surgery patients whose doctors ordered treatments to prevent blood clots after certain types of surgeries,emp#ty,0 patients,al_scip-vte-1
852,,chilton medical center,1010 lay dam road,empty,,clanton,al,35045.0,chilton,,acute care hospitals,,ye#s,surgical infecti%on prevention,scip-vte-2,patients who got treatment  at the right time (within 24 hours before or after their surgery) to help prevent blood clots after certain types of surgery,%$empty,0 patients,al_scip-vte-2
853,10044.0,,1256 military street south,empty,empty,hamilton,al,35570.0,marion,2059216200.0,acute care hospitals,,ye%s#,heart attack,am$i-1,heart attack patients given aspirin at arrival,67%,3 patients,a??l_ami-1
854,10044.0,marion regional medical center,1256 military street south,empty,empty,hamilton,al,196390.66178752785,marion,2059216200.0,acute care hospitals,voluntary non-profit - private,yes,heart attack,ami-2,heart attack patients given aspirin at discharge,67%,3 pat%ients,al_ami-2
855,38216.93191081314,marion regional medical center,1256 military street south,empty,,,al,35570.0,%marion??,2059216200.0,acute care hospitals,voluntary non-profit - private,yes,,ami-3,heart attack patients given ace inhibitor or arb for left ventricular systolic dysfunction (lvsd),,1 pat%ients??,
856,10044.0,marion regional medical center,1??256 military street sout$h,empty,empty,hamilton,,35570.0,marion,2059216200.0,acute care hospi%tals@@,voluntary non-profit - private,yes,heart attack,%a%mi-4,heart attack patients given smoking cessation advice/counseling,empty,0 patients,al_ami-4
857,10044.0,marion regional medical center,1256 military street south,empty,empty,hamilton,al,35570.0,marion,2059216200.0,acute care hospitals,voluntary non-profit - private,yes,heart attack,ami-5,heart attack patients given beta blocker at discharge,33%,3 patients,al_ami-5
858,10044.0,marion regional medical center,1256 military street south,empty,empty,hamilton,al,183267.6116528343,marion,,acute care hospitals,??voluntary non-profit - priva#te,yes,h%e@@art attack,ami-7a,heart attack patients given fibrinolytic medication within 30 minutes of arrival,,0 patients,
859,,,1256 military street south,empty,,hamilton,al,,marion,2059216200.0,acute care hospitals,voluntary non-profit - priv??ate,yes,heart attack,ami-8a,heart attack patients given pci within 90 minutes of arrival,empty,0 patients,al_ami-8a
860,10044.0,m%arion regional medical center,1256 military street south,empty,empty,hamilton,al,35570.0,marion,8825360985.826115,acute care hospitals,voluntary non-profit - private,yes,heart failure,,heart failure patients given discharge instructions,74%,38 patients,al_hf-1
861,10044.0,,1256 military street south,empty,empty,hamilton,al,,marion,9969381008.189377,ac??ute care hospita??ls,voluntary non-profit - private,yes,heart fai@@lure,hf-2,heart failure patients given an evaluation of left ventricular systolic (lvs) function,80%,46 patients,
862,41103.67549567324,marion regional medical center,1256 militar??y street south,empty,empty,hamilton,#@@al,35570.0,marion$,,acute care hospitals,,yes,,$??hf-3,heart failure patients given ace inhibitor or arb for left ventricular systolic dysfunction (lvsd),78%,18 patien$ts,al_hf-3
863,39136.97671225819,marion regional medical ce??nter,1256 military street south,empty,empty,,al,35570.0,marion,2059216200.0,acute care hospitals,voluntary non-profit - private,yes,,hf-4,heart failure patients given smoking cessation advice/counseling,80%,10 patients,a%l_hf-4$
864,10044.0,marion reg@@ional medical center,1256 military $street #south,empty,empty,hamilton,al,35570.0,marion,11092938828.87926,acute care hospitals,voluntary non-profit - private,$yes,pneumonia,,pneumonia patients assessed and given pneumococcal vaccination,,101 patients,al_pn-2
865,10044.0,marion regional medical ce@@nter,1256 military street south,empty,$empty,hamilton,al,,marion,2059216200.0,acute care hospitals,voluntary non-profit - private,yes,pneum$on@@ia,pn-3b,pneumonia patients whose initial emergency room blood culture was performed prior to the administration of the first hospital dose of antibiotics,99%,78 patients,al_p$n-3b
866,,marion reg??ional@@ medical center,1256 military street south,empty,empty,hamilton,al,35570.0,marion,2059216200.0,acute care hospitals,voluntary non-profit - private,yes,pneumonia,,pneumonia patient%s given smoking cessation advice/counseling,90%,42 patients,al_pn-4
867,10044.0,marion regional medical center,1256 milit$ary street %south,empty,empty,hamilton,al,35570.0,marion,2059216200.0,acute care hos??pitals,voluntary non-profit - private,yes,pneumonia,pn-5c,pneumonia patients given initial antibiotic(s) within 6 hours after arrival,98%,121 patients,al_pn-5c
868,10044.0,marion regional medical center,1256 military street south,empty,empty,hamilton,al,156318.7195108374,marion,11148878655.587027,,voluntary non-profit - private,yes,,pn-6,pneumonia patients given the most appropriate initial antibiotic(s),,97 pat@@ients,al_pn-6
869,10044.0,marion regional medical center,1256 military street south,empty%,empty,hamilton,al,136520.01910990124,marion,2059216200.0,acute care hospitals,voluntary n#on-profit - private,yes,pneumonia,pn-7,pneumonia patients assessed and given influenza vaccination,91%,,al_pn-7
870,,marion regional medical center,1256 military street south,,empty,hamilton,al,174415.40160283537,marion,2059216200.0,acute care hospitals,,yes,,scip-card-2,surgery patients who were taking heart drugs called beta blockers before coming to the hospital who were kept on the beta blockers during the period just before and after their surgery,,3 patients,al_scip-card-2@@
871,10044.0,marion regional medical center,1256 military street south,empty,empty@@$,hamilton,al,35570.0,marion,7413394946.316323,acute care hospit??als,voluntary non-profit?? - p@@rivate,yes,surgical infection prevention,scip-inf-1,surgery patients who were given an antibiotic at the right time (within one hour before surgery) to help prevent infection,80%,15 patients,al_s@@cip-inf-1
872,10044.0,marion regional medical center,#1256 military street south,empty,$empty,,al,199448.2400771063,marion,2059216200.0,acute care hospitals,voluntary non-profit - private,yes,surgical @@infection preventi??on,scip-inf-2,surgery patients who were given the  right kind  of antibiotic to help prevent infection,87%,15 patients,al_scip-inf-2
873,10044.0,marion regional medical center,1256 military street south,,empty,hamilton,al,195347.64818128417,mari??on,2059216200.0,acute care hospitals,voluntary non-profit - private,yes,surgical infection prevention,scip-inf-3,surgery patients whose preventive antibiotics were stopped at the right time (within 24 hours after surgery),,15 patients,al_scip-inf-3
874,10044.0,marion regional medical center,,empty,empty,hamilton,al,35570.0,,2059216200.0,acute care hospitals,voluntary non-profit - private,yes,surgical infection prevention,scip-inf-4,all heart surgery patients whose blood sugar (blood glucose) is kept under good control in the days right after surgery,empty,,al_scip-inf-4
875,,marion regional medical c??enter,,empty,,ha@@milton,al,35570.0,marion,2059216200.0,acute care hospitals,voluntary ??non-profit - private@@,@@ye$s,surgical infection prevention,scip-inf-6,surgery patients needing hair removed from the surgical area before surgery who had hair removed using a safer method (electric clippers or hair removal cream c not a razor),100%,19 patients,al_scip-inf-6
876,10044.0,marion regional medical center,1256 military street south,empty,empty,hamilton,al,35570.0,marion,2059216200.0,acu$te care hospitals,voluntary non-profit - private,yes,surgical infection prevention,scip-vte-1,surgery patients whose doctors ordered treatments to prevent blood clots after certain types of surgeries,,4 patients,a@@l_scip-vte@@-1
877,54668.01608114888,marion regional medical center,1256 military street south,empty,empty,hamilton,al,35570.0,marion,2059216200.0,acute care hospitals,voluntary non-profit - private,y$e#s,surgical infection prevention,scip-vte-#2,,100%,4 patients,al_scip-vte-2
878,10045.0,fayette medical center,1653 temple avenue north,empty,empty,fayette,al,35555.0,fayette,2059325966.0,#acute #care hospitals,volunt#ary non-profit - other,yes,heart attack,ami-1,heart attack p%atients given aspirin at arrival,,18 patients,al_ami-1
879,,fayette medical center,1653 temple avenue north,empty,empty,fayette,al,35555.0,,2059325966.0,acute care hospitals,voluntary non-profit - other,yes,heart attack,ami-2,heart attack patients given aspirin at discharge,100%,12 patients,
880,10045.0,fayette medical center,1#653 temple avenue north,empty,empty,fayette,al,35555.0,fayette,11647143627.885828,acute care hospitals,voluntary non-profit - other,yes,heart attack,ami-3,heart attack patients given ace inhibitor or arb for left ventricular systolic dysfunction (lvsd),0%,1 patients,al_ami-3
881,10045.0,,1653 temple avenue north@@,empty,empty,faye@@tte,al,35555.0,fayett@@??e,2059325966.0,acute care hospitals,voluntary non-profit - other,yes,heart attack,ami-4,,100%,1 patients,al_ami-4
882,10045.0,fayette medical center,1653 temple avenue north,empty,e$mp%ty,fayet??te??,al,35555.0,fayette,2059325966.0,,voluntary non-profit - other,,heart attack,ami-5,heart attack patients given beta blocker at discharge,82%,11 patients,al_ami-5
883,10045.0,fayette medical center,1653 temple avenue north,empty,,fayette,al,35555.0,fayette,2059325966.0,acute care hospitals,voluntary non-profit - other,@@??yes,heart attack,ami-7a,heart attack patients given fibrinolytic medication within 30 minutes of arrival,empty,0 patients,
884,10045.0,fayette medical center,1653 temple avenue north,empty,empty,fayette,al,35555.0,fayette,2059325966.0,acute care hospitals,voluntary non-profit - other,,heart attack,ami-8a%,heart attack patients given pci within 90 minutes of arrival,,0 patients,al_ami-8a
885,49012.79853525249,fayette medical cent@@er,1#653 temple aven$ue north,#empty,empty,fayette,al,35555.0,faye#t@@te,2059325966.0,acute care hospitals,voluntary non-profit - other,,heart failure,hf-1,heart failure patients given discharge instructions,87%??,67 patients,
886,10045.0,fayette medical center,1653 t??emple av$enue north,,empty,fayette,,35555.0,fayette,2059325966.0,,,yes,heart fai@@lu%re,hf-2,heart failure patients given an evaluation of left ventricular systolic (lvs) function,94%,,al_hf-2
887,,fayet$te medical center,1653 temple avenue north,empty$%,empty,fayette,al,35555.0,fay$ette,6939405785.261152,acute care@@ hospitals,voluntary non-profit - other,yes,heart failure,hf-3,heart failure patients given ace inhibitor or arb for left ventricular systolic dysfunction (lvsd),89%,19 patients,al_hf-3
888,10045.0,fayette medical center,1653 temple avenue north,empty,em%pty,fay%ett@@e,al,35555.0,fayette,2059325966.0,acute care hospitals,voluntary non-profit - other,yes,,hf-4,heart failure patients given smoking cessation advice/counseling,$100%,16 patients,al_hf-4
889,10045.0,fayette medical center,1653 temple avenue north,empty,empty,fayette,al,35555.0,fayette,2059325966.0,,voluntary non-profit - other,yes,pneumonia,p??n??-2,pneumo??nia patie#nts assessed and given pneumococcal vaccination,85$%%,1??17 pat??ients,al_pn-2
890,10045.0,fayette medical center,1653 temple avenue north,empty,empty,fayette,al,35555.0,fayette,9827643786.255278,acute care hospitals,voluntar??y non-profit - other,yes,pneumo#nia,pn-3b,pneumonia patients whose initial emergency room blood culture was performed prior to the administration of the first hospital dose of antibiotics,100%,$@@41 patients,al_pn-3b
891,50741.977711375876,fayette medical center,16@@53 temple avenue north,empty,empty,fayette,%al,35555.0,fayette,2059325966.0,acute care hospitals,voluntary non-pro@@fit - oth#er,yes,pneumonia,pn-4,pneumonia patients given smoking cessation advice/counseling,100%,34 patients,al_pn-4
892,10045.0,fayette medical center,1653 temple avenue north,empty,e$mpty,fayette,al,,fayette,2059325966.0,acute care hospitals,vo%luntary non-#profit - other,yes,%pne%umonia,pn-5c,pneumonia patients given initial antibiotic(s) within 6 hours after arrival,,109 patients,al_pn-5c
893,10045.0,,1653 temple avenue north,,empty,fayette,al,35555.0,fayette,2059325966.0,acute care hospitals,voluntary non-profit - other,ye??s,pneumon#i$a,pn-6,pneumonia patients given the most appropriate initial antibiotic(s),87%,79 patients,al_pn-6
894,10045.0,fayette medical center,1653 temple avenue north,empty,empty,fay#e#tte,al,35555.0,faye%tt#e,8586578619.059333,acute care hospital#s,voluntary non-profit - other,y$es,p??neumon@@ia,pn-7,pneumonia patients assessed and given influenza vaccination,87%,86 patients,al_pn-7
895,37623.79481941178,,1653 temple avenue north,empty,em??p#ty,fayette,al,35555.0,f@@ayette,2059325966.0,acute care hospitals,voluntary non-profit - other,yes,surgical inf$ection prevention,,surgery patients who were taking heart drugs called beta blockers before coming to the hospital who were kept on the beta blockers during the period just before and after their surgery,,0 patients,al_scip-card-2
896,10045.0,fayette medical center,1653 temple avenue north,empty,empty,,al,,fayette,2059325966.0,acute care hospitals,volu#ntary non-profit -% other,yes,surg%ical infection preventio%n,scip-inf-1,surgery patients who were given an antibiotic at the right time (within one hour before surgery) to help prevent infection,empty,0 patients,al_scip-inf-1
897,10045.0,fayette medical center,1653 temple avenue north,empty,empty,f@@ayette,@@#al,35555.0,,2059325966.0,acute care hospitals,voluntary non-profit - other,,surgical infection prevention,scip-inf-2,surgery patients who were given the  right kind  of antibiotic to help prevent infection,em#pt%y,0 patients,al@@_scip-inf-2
898,10045.0,fayette medica$@@l center,1653 temple avenue north,empty,empt#%y,fayette,al%,162728.4231047257,fayette,2059325966.0,acute care hospitals,voluntary non-profit -@@ other,yes,surgical infection prevention,scip-inf-3,#surgery patients whose ??preventive antibiotics were stopped at the right time (within 24 hours after surgery),empty,0 patients,al_$scip-inf-??3
899,10045.0,fayette medical center,1653 temple avenue north,empty,empty,fayette,,35555.0,fayette,2059325966.0,,voluntary non-profit - other,yes,surgical infection prevention,scip-inf-4,all heart surgery patients whose blood sugar (blood glucose) is kept under good control in the days right after surgery,empty,0 patients,
900,10045.0,fayette medical center,,empty,empty,fayette,$a#l,35555.0,,2059325966.0,,voluntary non-profit - other,yes,surgical infection prevention,scip-inf-6,surgery patients needing hair removed from the surgical area before surgery who had hair removed using a safer method (electric clippers or hair removal cream c not a razor),100%,7 patients,al_scip-inf-6
901,10045.0,fayette medical center,1653 temple avenue north,empty,empty,f@@ayette#,al,35555.0,fayette,,acute car@@e hospitals,voluntary non-profit - other,,surgical infection prevention,,surgery patients whose doctors ordered treatments to prevent blood clots after certain types of surgeries,100%,3 patients,al_scip-vte-1
902,10045.0,fayette medical center,,empty,empty,,al,35555.0,fayett??e??,,acute care hospitals??,voluntary non-profit - other,yes,surgical infection prevention,,patients who got treatment  at the right time (within 24 hours before or after their surgery) to help prevent blood clots after certain types of surgery,1#00%#,%3 pa$tients,al_scip-vte-2
903,45555.89217843027,riverview regional medical center,600 south third street,empty,empty,gadsden,al,35901.0,etowah,2565435200.0,acute care hospitals,proprietary,yes,children s asthma care,,children who received r$eliever medication% while hospitalized for asthma,100%,,al_cac-1
904,10046.0,riverview regional medical center,600 south third street,e#mpty,,gadsd#en,al,35901.0,etowah,2565435200.0,acute care hospitals,,yes,children s asthma care,cac-2,children who received systemic corticosteroid medication (oral and iv medication that reduces inflammation$ and controls symptoms) while hospitalized for asthma,,4 patients,al_%ca??c-2
905,59359.698113181475,riverview regional medical center,6$00 south third street,empty,empty,gadsden,al,35901.0,etowah,14698899850.704485,acute care hospitals,proprietary,y%e#s,child%ren s asthma care,cac-3,children and their caregivers who received a home management plan of care document while hospitalized for asthma,100%,4 patients,al_cac-3
906,10046.0,riverview regional medical center,600 south third street,e@$@mpty,empty,gadsden,al,35901.0,etowah,,acute care hospitals,proprietary,yes,heart attack,ami-1,heart attack patients given aspirin at $arr$ival,100%,126 patients,al_ami-1
907,10046.0,r??iverv#iew regional medical center,,empty,empty,gadsd??en,al,35901.0,etowah,2565435200.0,acute care hospitals,propriet#ary,,heart attack,ami-2,heart attack patients given aspirin at discharge,100%%,145 patients,al_ami-2
908,10046.0,,600 south third street,empty,empty,gadsden,al,35901.0,etowah,2565435200.0,acute care hospitals,proprietary??,yes,heart attack,ami-3,heart attack patients given ace inhibitor or arb for left ventricular systolic dysfunction (lvsd),100%,25 patients,@@al_ami-3
909,10046.0,riverview regional medical center,600 south third street,empty,empty,gadsden,al,127915.43280213696,etowah,,acute care hospitals,proprietary,yes,heart attack,ami-4,heart attack patients given smoking cessation advice/counseling,100%,68 patients,al_ami-4
910,10046.0,riverview regional medical center,600 south third street,empty,empty,,,35901.0,etowah,9701218398.534122,acute care hospitals,proprietary,yes,heart attack,ami-5,heart attack patients given beta blocker at discharge,100%,125 patients,al_ami-5
911,10046.0,riverview regional medical center,600 south third street,empty,empty,,al,,etowah,2565435200.0,acute care hospitals,proprietary,yes,heart attack,ami-7a,heart attack patients given fibrinolytic medication within 30 minutes of arrival,88%,8 patients,al_ami-7a
912,32176.57192864714,riverview re$gional medical center,600 south third street,empty,,gadsden,al,35901.0,,2565435200.0,acute care hospitals,proprietary,yes,heart attack,ami-8a,heart attack patients given pci within 90 minutes of arrival,100%,16 patients,al_ami-8a
913,33513.40430873742,riverview regional medical center,600 south third street,empty,empty,,al,185373.16781092266,etowah,,acute care hospitals,proprietary,y$#es,,,heart failure patients given discharge instructions,100%,268 patients,@@al_hf-1$
914,10046.0,riverview regional medical center,600 south third street,empty,empty,gadsden,al,35901.0,etowa#h@@,2565435200.0,acute care hospitals,proprietary,,heart failure%,hf-2,,100%,350 patients,al_hf-2
915,10046.0,riverview regional medical center,600 south third street,empty,empty,gadsden,al,35901.0,etowah,2565435200.0,a#cute care ho$spitals,proprietary,yes,heart failure,hf@@-3??,heart failure patients given ace inhibitor or arb for left ventricular systolic dysfunction (lvsd),100%,90 patients,al_hf-3
916,10046.0,riverview regional medical center,,,empty,gadsden,al,35901.0,etowah,2565435200.0,acute care hospitals,proprietary,ye%s,heart failure,hf-4,heart failure patients given smoking cessation advice/counseling,100%,85 patients,al_hf-4
917,10046.0,ri??verview regional %medical center,600 south third street,empty,emp$%ty,gadsden,,35901.0,,2565435200.0,,proprietary,yes,pneumonia,,pneumonia patients assessed and given pneumococcal vaccination,99%,239$ patien%ts,al_pn-2
918,10046.0,riverv%iew regional medical center,600 south third street,empty,empty,gadsden,al,,etowah,2565435200.0,,p%roprie$tary,ye$s,pneumonia,pn-3b,pneumonia patients whose initial emergency room blood culture was performed prior to the administration of the first hospital dose of antibiotics,97%,196 p@@atien$ts,al_pn-3b
919,10046.0,riverview regional medical center,600 south third street,empty,empty,gadsden,al,35901.0,etowah,2565435200.0,acute care hospitals,proprietary,yes,pneumonia,pn%-4,pneumonia patients given smoking cessation@@ advice/counseling,,,al_#pn-4
920,10046.0,rivervie#w regional medical center,600 south third street,empty,empty,g#ads%den,al,35901.0,etowah,,acute care hospitals,proprietary,yes,pneumonia,pn-5c,,87%,261 patients,al_pn-5c
921,10046.0,riverview ??regional medical center,600 south third street#,,empty,??gadsden,al,35901.0,,2565435200.0,acute care hospitals,proprie#tary,yes,pneumonia,pn-6,pneumonia patients given the most appropriate initial antibiotic(s),,212 patients,al_pn-6
922,10046.0,riverview regional medical center,,empty,empty,gadsden,al,35901.0,etowah,2565435200.0,acute care hospitals,proprietary,ye#$s,pneumonia,pn-7,pneumonia patients assessed and given influenza vaccination,99%,,al_pn-7
923,10046.0,,600 south third street,empty,,gadsden,al,35901.0,,2565435200.0,acute care ho$spitals,prop??rietary,,surgical infection prevention,scip-card-2,,95%,107 patients,al_scip-card-2
924,10046.0,riverview regional medical center,,empty,empty,gadsden,al,35901.0,etowah,2565435200.0,acute care hos??p??itals,#proprieta$ry,yes,surgical infection prevention,scip-inf-1,surgery patients who were given an antibiotic at the right time (within one hour before surgery) to help prevent infection,95%,402 pa#tients,
925,10046.0,@@riverview regional medical center,600 south third street,#%empty,empty,,al,35901.0,,2565435200.0,acute care hospitals,proprieta??ry,yes,surgical infection prevention,scip-inf-2,surgery patients who were given the  right kind  of antibiotic to help prevent infection,95%,404 patients,
926,,riverview regional medical center,,empty,empty,,al,35901.0,etowah,10280478754.663315,acute care hospitals,%proprietary,yes,surgical infection prevention,scip-inf-??3$,surgery patients whose preventive antibiotics w??ere stopped at the right time (within 24 hours after surgery),79%#,352 patients,al_scip-inf-3
927,10046.0,riverview regional medical center,600 south third street,,empty,gadsden,al,35901.0,etowah,8516967878.069648,,proprie#tary@@,yes,surgical infection prevention,,all heart surgery patients whose blood sugar (blood glucose) is kept under good control in the days right after surgery,7#6%,114 patien$ts,$al_scip-inf-4
928,34909.19628259359,,600 south third street,empty,empty,,al,35901.0,etow%ah,2565435200.0,acute care hospitals,proprietary,yes,surgical infection prevention,scip-inf-6,surgery patients needing hair removed from the surgical area before surgery who had hair removed using a safer method (electric clippers or hair removal cream c not a razor),100%,607 p??ati%ents,al_scip-inf-6
929,55578.888091735316,riverview ??regional medical center,600 south third street,empty,,gadsden,al,35901.0,etowa$h,2565435200.0,acute care hospitals,proprietary,yes,surgical infection prevention,scip-vte-1,surgery patients whose doctors ordered treatments to prevent blood clots after certain types of surgeries,91%,,al_scip-vte-1
930,,riverview regional medical center,600 south third street,,%empty,ga$dsde$n,al,35901.0,etowah@@,2565435200.0,acute care hospital?@@?s,proprietary,yes,,scip-vte-2,patients who got treatment  at the right time (within 24 hours before or after their surgery) to help prevent blood clots after certain types of surgery,,280 patients,al_scip-vte-2
931,10047.0,georgian@@a h$ospital,515 miranda st,empty,empty,georgiana??,,36033.0,,3343762205.0,acute care hospitals,voluntary non-profit - private,no,h%eart atta$ck,ami-1,heart attack patients #given aspirin at arrival,%53%%,19 patients,al_a%mi-$1
932,10047.0,georgiana hospital,,empty,empty,georgiana,,36033.0,b%utler,3343762205.0,,voluntary non-profit - private,no??,,ami-2,heart attack patients given @@aspirin at discharge#,50%,16 patients,al_ami-2
933,10047.0,georgiana hospital,515 miranda st,empty,empty,georgiana,al,,butler,3343762205.0,,voluntary non-profit - private,no,heart attack,ami-3,heart attack patients given ace inhibitor or arb for left ventricular systolic dysfunction (lvsd),100%,??1 patients,al_ami-3
934,10047.0,,515 miranda st,empt@@#y,empty,georgiana,al,36033.0,butler,19356450955.745964,acute care hospitals,voluntary non-profit - private,no,heart attack,ami-4@@,heart attack patients given smoking cessation advice/counseling,33%,,al_ami-4
935,,georgiana h$$ospital,,empty,em??p$ty,georgiana,al,36033.0,butler,3343762205.0,acute care hospitals,voluntary non-profit - private,no,heart attack,,heart attack patients given beta blocker at discharge,60%,15 patients,al_ami-5
936,10047.0,georgiana hospital,515 miranda st,empty??,empty,georgiana,al,198244.800539332,butler,3343762205.0,acute care hospitals,voluntar$y non-profit - private,no,heart attack,ami-7a,heart attack patients given fibrinolytic medic??ation within 30 minutes of arrival,empty,0 patients,al_ami-7a
937,10047.0,georgiana hospital,,e#mp#ty,empty,georgiana,al,159524.83488058645,butler,3343762205.0,acute care hospitals,voluntary non-profit - private,,heart attack,ami-8a,heart attack patients given pci within 90 minutes of arrival,empty,0 patients,al_ami-8a
938,10047.0,georgiana hospital,515 miranda st,empty,empty,georgiana,al,36033.0,butler,,acute care hospitals,voluntary non-profit - private,no,,hf-1,heart failure patients given discharge instructions,53%,51 patients,al_hf-1
939,10047.0,georgiana hospital,515 miranda st,e#mpty,empty,georgiana,al,36033.0,butler,13407360462.11926,acute care hospitals,voluntary non-profit - private,,heart failure,hf-2,,63%,59 patients,al_hf-2
940,31671.63433590445,georgiana hospital,515 miranda st,em??p$ty,empty,georgiana,al,36033.0,bu%tler,3343762205.0,acute care hospitals,voluntary non-profit - p#rivate,no,heart @@failure,hf-3,,67%,6 patients,$al%_hf-3
941,10047.0,georgiana ho%spital,515 miranda st,#empty$,empty,georgiana,al,36033.0,,3343762205.0,acute care hospitals,,no,heart fai??lure,hf-4,heart failure patients given ??smoking cessation advice/counseling,$75%%,8 patients,
942,32649.863431393376,georgiana hospital,515 miranda st,e??mpty$,empty,georgiana,al,167695.45784397557,but@@??ler,3343762205.0,#acute #care hospitals,voluntar#y non-profi??t - private,no,pneumonia,pn-2,pneumonia patients assessed and given pneumococcal vaccination,90%,39 patients,al_p#n-2#
943,10047.0,georgiana hospital,515 miranda st,empty,empty,georgiana,al,36033.0,butler,10525728952.79998,,voluntary non-profit ??-# private,no,pneumonia,,pneumonia patients whose initial emergency room blood culture was performed prior to the administration of the first hospital dose of antibiotics,50%,2 patients,al_pn-3b
944,10047.0,georgiana hospital,515 miranda st,,empty,georgiana,al,36033.0,butle@@@@r,3343762205.0,,voluntary non-profit - private,no,pneumonia,pn-4,pneumonia patients given smoking cessation advice/counseling,8??0%,5 patients,al_pn-4
945,10047.0,georgiana hospital,515 miranda st,empty,empty,georgiana,al,36033.0,butler,3343762205.0,acute care hospitals,voluntary non-profit - private,no??%,pneumonia,pn-5c,pneumonia patients given initial antibiotic(s) within 6 hours after arrival,97%,36 patients,al_pn-5c
946,10047.0,georgiana hospital,515 miranda st,,empty,georgian@@a,,,butler,15267996786.180002,acute care hospitals,voluntary non-profit - private,no,pneumonia,pn-6,pneumonia patients given the most appropriate initial antibiotic(s),50%,30 patients,al_pn-6
947,56998.76023706898,georgiana hospital,515 miranda st,,empty,georgiana,,36033.0,butler@@,3343762205.0,acute care hospitals,voluntary non-profit - private,no,pneumonia,pn-7,pneumo??nia patients assessed and given influenza% vaccination,65#$%,31 patients,al_pn-7
948,32522.619022914445,georgiana hospital,,$e$mpty,empty,georgiana,al,36033.0,butler,15568280790.78301,acute care hospitals,voluntary non-profit - private,no,su#rgical infection prevention,scip-card-2,surgery patients who were taking heart drugs called beta blockers before coming to the hospital who were kept on the beta blockers during the period just before @@and after their s??urgery,empty,empty,al_scip-card-2
949,10047.0,,515 miranda st,empty??,empty,georgiana,al,185208.35315896408,butler,3343762205.0,acute care hospitals,,no,surgical infection prevention,scip-inf-1,surgery patients who were given an antibiotic at the right time (within one hour before surgery) to help prevent infection,empty,empty,al_scip-inf-1
950,10047.0,georgiana hospital,515 miranda st,empty,empty,georgiana,al$@@,36033.0,butler,3343762205.0,acute car@@e hospit%als,,no,surgical infection prevention,scip-inf-2,surgery patients who were given the  right kind  of antibiotic to help prevent infection,empty,empty,al_scip-inf-2
951,10047.0,georgiana hospital,515 #miranda st$,empty,empt#$y,georgiana,al,36033.0,butler,3343762205.0,acute care hospitals,voluntary non-profit - private,no,surgical infec??tion prevention,scip-inf-3,surgery patients whose preventive antibiotics were stopped at the right time (within 24 hours after surgery),,empty,al#_scip-inf-%3
952,10047.0,georgiana hospital,515 miranda st,empt$y,empty,,al,36033.0,butler,3343762205.0,acute care hospit@%@als,voluntary non-profit - private,n@@o#,surgical infection prevention,scip-inf-4,all heart surgery patients whose blood sugar (blood glucose) is kept under good control in the days right after surgery,empty,,al_scip-inf-4
953,10047.0,georgiana hospital,515 miranda st,empty,empty,georgiana,al,36033.0,butler,3343762205.0,acute care hospitals,voluntary non-profit - private,n?@@?o,surgical infection prevention,,surgery patients needing hair removed from the surgical area before surgery who had hair removed using a safer method (electric clippers or hair removal cream c not a razor),empty,empty,al_scip-inf-6
954,49743.09103262559,georgiana hospital,515 miranda st,empty,e@@mpty,georgiana,al,160071.46160514635,butler,3343762205.0,,voluntary non-profit - private,no%,surgical infection prevention,scip-vte-1,surgery patients whose doctors ordered treatments to prevent blood clots after certain types of surgeries,,empty,al_scip-vte-1
955,10047.0,georgiana hospital,515 miranda st,empty,empty,geor@@giana,al,36033.0,,3343762205.0,acute care hospitals,voluntary non-profit - private,,surgical infection prevention,scip-vte-2,patients who got treatment  at the right time (within 24 hours before or after their surgery) to help prevent blood clots after certain types of surgery,,,al_scip-vte-2
956,10049.0,medical cente@@r@@ enterprise,400 n edwards street,empty,empt#y#,,al,36330.0,,11695222096.962372,acute care hospitals,prop%rietary,%ye$s,,ami-1,heart attack patients given aspirin at arrival,100%,4 patients,al_ami-1
957,10049.0,medical center enterprise,400 n edwards street,empty,empty,enterprise,al,,coffee,3343470584.0,acute care hospitals,,yes,,ami-2,heart attack patients given aspirin at discharge,100%,1 patients,al_ami-2
958,10049.0,medical center enterprise,400 n edwards street,empty,empt@@y$,ente#rprise,,154451.517503156,coffee,3343470584.0,acute care hospitals,proprietary,yes,heart a??ttack,ami-3,heart attack patients given ace inhibitor or arb for left ventricular systolic dysfunction (lvsd),empty,0 patie@@nts,al_ami-3
959,10049.0,,400 n edwards street,empty,,enterprise,,36330.0,coffee@@,3343470584.0,,proprietary,,heart attack,ami-4,heart attack patients given smoking cessation adv@@ice/counseling,empty,0 patients,al_ami-4
960,10049.0,medical center enterprise,400 n edwards street,empty,empty,enterprise,??al,36330.0,coffee,15637823904.4766,acute care# hospitals#,,yes,heart attack,@%@ami-5,heart attack patients given beta blocker at discharge,100%%,??2 $patients,al_ami-5
961,10049.0,medical center enterprise,400 n edwards street,empty,e%mpty,enterprise,al,36330.0,coffee,3343470584.0,acute care hospitals,proprietary,yes,,,,empty,,al_ami-#7a
962,10049.0,,400 n edwards street,empty,empty,enterprise,,155296.86788752076,coffee,3343470584.0,acute care hospitals,proprietary,yes,heart attack,ami-8a,heart attack patients given pci within 90 minutes of arrival,empty,0 #patients,
963,57435.27900205643,medical center e%nterprise,400 n edwards street,,,enterprise,al,36330.0,coffee,3343470584.0,acute care hospitals,,yes,heart failure,hf-1,heart failure patients given discharge instructions,96%,70 patients,
964,10049.0,medical$ center enterprise,400 n edwards street,empty,empty,enterprise,al,36330.0,coff??ee,3343470584.0,acute care hospitals,proprietary,yes,heart failure,hf-2,heart failure patients given an evaluation of left ventricular systolic (lvs) function,99%,82 patients,al_hf-2
965,54810.15659209659,medical center enterprise,400 @@n edwards street,empty,emp#ty,enterprise,al,117955.66825320323,coffee,3343470584.0,acute care hospitals,proprietary,yes,hea%rt failure,#hf@@-3,heart failure patients given ace inhibitor or arb for left ventricular systolic dysfunction (lvsd),100%,34 patients,al_hf-3
966,,medical center enterprise,400 n edwards street,emp%ty@@,,enterpr$ise,al,36330.0,,3343470584.0,acute care$ hospi%tals,,yes,,hf-4,heart failure patients given smoking cessation advice/counseling,100%,15 patients,??al_hf-4
967,10049.0,medical center enterprise,400 n edwards street,empt@@y,empty,,al,167143.92410399183,co@@@@ffee,3343470584.0,acute care hospitals,proprietary,yes,,pn-2,pneumonia patients assessed and given pneumococcal vaccination,100%,72 patients,al_pn-2
968,10049.0,,400 n edwards street,empty,empty,enterprise,al,36330.0,coffee,3343470584.0,acute care hospitals,proprietary,??$yes,pneu$monia,??pn-3b,pneumonia patients whose initial emergency room blood culture was performed prior to the administration of the first hospital dose of antibiotics,98%,49 patients,al_p@@n@@-3b
969,10049.0,medical center enterprise,400 n edwards street,empty,empty,enterprise,al,36330.0,coffee,3343470584.0,acu%te care hospi%tals,proprietary,yes,,pn-4??,pneumonia patients given smoking cessation advice/counseling,100%,,
970,10049.0,medical center enterprise,400 n edwards str#@@eet,empty,empty,enterprise,,36330.0,coffee,,acute care hospitals,proprietary,yes,,pn-5c,pneumonia pat$ients given initial antibiotic(s) within 6 hours after arrival,??99%,,al_pn-5c
971,10049.0,medical center enterprise,400 n edwards street,empty,empty,enterprise,al,36330.0,coffee,14922756367.363249,,proprietary,%yes%,pneum$onia,pn-6,pneumonia patients given the mos$t appropriate initial %antibiotic(s),99#%@@,67 patients,al_pn-6
972,10049.0,medical center enterprise,400 n edwards street,e%mpty,empty,,al,36330.0,co$ffee,12584190814.149452,acute care hospital$s,proprietar#y,yes,pneumonia,pn-7%,pneumonia patients assessed and given influenza vaccination,100%,,al_pn-7
973,10049.0,medical center enterprise,400 n edwards street,empty,empty,enterprise,al,36330.0,coffee,3343470584.0,,proprietary,yes,surgical infection prevention,scip-card-2,,100%,,al_scip-card-2
974,10049.0,medical center enterprise,,empty,empty,enterprise,al,36330.0,coffee,3343470584.0,,proprietary,yes,surgical infection ??p??revention,scip-inf-1,surgery patients who were given an antibiotic at the right time (within one hour before surgery) to help prevent infection,@@99%,397 patients,al_scip-inf-1
975,10049.0,medical center enterprise,400 n edwards street,empty,empty,ente%rprise,,36330.0,coffee,3343470584.0,acute care$ hospi@@tals,propri%eta$ry,yes,surgical infection prevention,scip-inf-2,surgery patients who were given the  right kind  of antibiotic to help prevent infection,100%,399 patients,al_scip-inf-2
976,10049.0,medical center enterprise,400 n edwards street,empt%y,empty,enterprise,al,36330.0,coffee,3343470584.0,acute care hospitals,pr%oprietary,yes,surgical infection prevention,scip-inf-3,surgery patients whose preventive antibiotics were stopped at the right time (within 24 hours after surgery),100%,391 patients,$al_s%cip-inf-3
977,10049.0,medical center enterprise,,empty,,enterprise,#al,36330.0,coffee,3343470584.0,acute $care% hospitals,,yes,surgical@@ inf@@ection prevention,scip-inf-4,all heart surgery patients whose blood sugar (blood glucose) is kept under good control in the days right after surgery,empty,0 patients,al_scip-inf-4
978,10049.0,medical center enterprise,,empty,empty,enterprise,,36330.0,coffee,3343470584.0,acute care hospitals,propriet??ary,yes,surgical infection prevention,scip-inf-6,surgery patients needing hair removed from the surgical area before surgery who had hair removed using a safer method (electric clippers or hair removal cream c not a razor),100%,485 patients,al_scip@@-inf-6
979,10049.0,med??ical center enterprise$,4@@$00 n edwards street,empty??,empty,enterprise,al,36330.0,,3343470584.0,acute care hospi#tals,proprietary,yes,surgical infection prevention,scip-vte-1,surgery patients whose doctors ordered treatments to prevent blood clots after certain types of surgeries,100%,196 patients,al_scip-vte-1
980,10049.0,medical$ center enterprise,400 n?? edwards street,#empt??y,empty,enterprise,al$??,36330.0,coffee,3343470584.0,acute care hospitals,proprie??tary,yes,,scip-vte-2,patients who got treatment  at the right time (within 24 hours before or after their surgery) to help prevent blood clots after certain types of surgery,100%,,al_scip-vte-2
981,10050.0,st vincents blount,150 gil$breath drive,emp#ty,empty,,al,35121.0,blount,2052743000.0,,voluntary non-profit - private,yes,heart attack,ami-1,heart attack patients given aspirin at arrival,100%@@,7 patients,al_ami-1
982,10050.0,st vin@@@@cents blount,1%50 gilbreath #drive,empty,empty,oneonta,al,35121.0,blount,,acute care hospitals,voluntary non-profit - private,,heart attack,ami-2,heart attack patients given aspirin at discharge,100%,2 patients,al_ami-2
983,,st vincents blount,150 gilbreath drive,empty,??empt@@y,oneonta,al,35121.0,,2052743000.0,acute care hospitals,voluntary non-profit - private,yes,heart attack,ami-3,heart attack patients given ace inhibitor or arb for left ventricular systolic dysfunction (lvsd),100%,2 patients,al_ami-3
984,10050.0,st vincents blount,150 gilbreath drive,empty,empty,oneont%a,al,,blount,2052743000.0,acute care hospitals,voluntary non-profit - private,yes,heart attack,ami-4,heart attack patients given smoking cessation advice/counseling,empty,0 patients,al_ami-4
985,10050.0,,150 gilbreath drive,empty,empty,oneonta,al,35121.0,blount,2052743000.0,acute care hospitals,voluntary non-profit - private,yes,heart attack,ami-5,heart attack patients given beta blocker at discharge,100%,3 patients,al_ami-5
986,10050.0,st vincents blount,,,empty,oneonta,al,35121.0,blount,2052743000.0,acute care hospitals,voluntary non-profit - private,yes,heart attack,,,empty,,al_ami-7a
987,10050.0,st vincents blount,150 gilbreath drive,empty,empty,oneonta,al,,blount,6740115763.356084,acute care hospital#s,volunt$ary non-profit - private,yes,heart attack,ami-8#??a,heart attack patients given pci within 90 minutes of arrival,empty#,0 patients,al_ami-8a
988,59916.41953710516,st vincents blount,,,,oneonta,,,blount,2052743000.0,acute care hospitals,voluntary non-profit - private,,heart failure,,heart failure patients given discharge instructions,,24 patients,al_hf-1??
989,10050.0,,150 gilb%$reath drive,empty,,oneonta,,35121.0,blount,2052743000.0,acute care hospitals,voluntary non-profit - private,y#es,heart failur@@e??,hf-2,heart failure patients given an evaluation of left ventricular systolic (lvs) function,,3??4 ??patients,a%l_hf-2
990,,st vincents blount,150 gilbreat$h$ drive,??empty,empty,oneonta,al,35121.0,blount,2052743000.0,,voluntary non-profit - private,yes,heart failure,,heart %failure patients given ace inhibitor or arb for lef@@t ventricular systolic dysfunction (lvsd),,7 patients,al_hf-3
991,10050.0,,150 gilbreath drive,empty,empty,oneonta,al,35121.0,blount,8249231284.109205,acute care hospitals,voluntary non-profit - private,yes,,hf-4,heart failure patients given smoking cessation advice/counseling,43$%,7 patients,al_hf-4
992,10050.0,st vincents$ blount,150 gilbr??eath drive,empty,empty,oneonta,al,125813.27083809231,blount,2052743000.0,acute care hospitals,voluntary non-profit - private,yes,pneumonia,pn-2,pneumonia patients assessed and given p$neumococca#l vaccination,74%,92 patients,al_pn-2
993,10050.0,st vincents blount,150 gilbreath drive,empty,empty,oneonta,al,35121.0,blount,2052743000.0,acute care hospitals,volu@@ntary non-profit - private,,pneumon#i$a,pn-3b,,83%,103 patients,al_pn-3b
994,,st vincents blount,150 gilbreath drive,empty,empty,oneonta,al,,blount,2052743000.0,acute care hospitals,voluntary non-profit - private,ye??#s,pneumonia,pn-4,pneumonia patients given smoking cessation advice/counseling,83%,29 patients,
995,10050.0,st vincents blount,150 gilbreath drive,empty,empty,oneonta,al,183232.31929172657,blount,,acute care hospitals,voluntary non-profit% - private,yes%,pneumonia,,pneumonia patients given initial antibiotic(s) within 6 hours after arrival,9??8%??,105 patients,al_pn-5c??
996,10050.0,s#t vincents?? blount,150 gilbreath drive,empty,,oneonta,al,35121.0,,2052743000.0,acute care hospitals,,yes,pneumonia,p%%n-6,pneumonia patients given the most appropriate initial antibiotic(s),77%,$74 patients,al_pn-6
997,10050.0,st vincents blount,150 gi??lbreath drive,empty,empty,oneonta,,35121.0,blount,2052743000.0,acute care hospitals,voluntary non-profit - private,yes,pneumonia,pn-7,pneumonia patien%ts assessed and given influenza vaccination,64%,55 patients,al_pn-7
998,10050.0,st???? vincents blount,150 #gilbreath d$rive,,empty,oneonta,al,,blount,2052743000.0,acute care hospitals,voluntary non-profit - private,yes,surgical infection preventi@@on,scip-card-2,surgery patients who were taking heart drugs called beta blockers before coming to the hospital who were kept on the beta blockers during the period just before and after their surgery,2??$5%,8 patients,al_scip-card-2
999,10050.0,st vincents blount,150 gilbreath drive,empty,empty,oneonta,,35121.0,,2052743000.0,,voluntary non-profit - private,yes%#,surgical i%$nfection prevention,scip-inf-1,surgery patients who were given an antibiotic at the right time (within one hour before surgery) to help prevent infection,64%,28 patients,al_scip-inf-1
1000,,st vincents blount,150 gilbreath drive,empty,,oneonta,al,,blount,2052743000.0,acute care hospitals,voluntary non-profit - private,,surgical infection prevention,scip-in$f-2,surgery patients who were given the  right kind  of antibiotic to help prevent infection,88%,25 patients,
