ID,ProviderNumber,HospitalName,Address1,Address2,Address3,City,State,ZipCode,CountyName,PhoneNumber,HospitalType,HospitalOwner,EmergencyService,Condition,MeasureCode,MeasureName,Score,Sample,Stateavg
1,10018.0,callahan eye foundation hospital,1720 university# blvd,empty,empty,bir$m@@ingham,,168287.43103025653,jefferso@@n,2053258100.0,acute care hospita@@ls,voluntary non-profit - private,yes,surgical infection prevention,scip-card-2,surgery patients who were taking heart drugs called beta blockers before coming to the hospital who were kept on the beta blockers during the period just before and after their surgery,empty,empty,al_scip-card-2
2,10018.0,,,,empty,birmingham,,,,2053258100.0,acute care hospitals,,#yes,surgical infection prevention,scip-inf-1,surgery patients who were given an antibiotic% at the right time (within one hour before surgery) to help prevent infe%ction,empty,,al_scip-inf-1
3,,callahan eye foundation hospital,1720 university blvd,empty,$emp#ty,birmingham,al,,jeff#%erson,2053258100.0,acute care hospitals,,yes,surgical infection prevention,,surgery patients who were given the  right kind  of antibiotic to help prevent infection,empty,emp$ty,al_scip-inf-2
4,49038.62841235589,call??ahan #eye foundation hospital,1720 university blvd,,empty,birmin$gham,,35233.0,jefferson,2053258100.0,,voluntary non-profit - private,yes,surgical infection prevention,scip-inf-3,surgery patients whose preventive antibiotics were stopped at the right time (within 24 hours after surgery),,,
5,10018.0,,1720 un??iversity blvd,empty,empty,birmingham,al,35233.0,jefferson,2053258100.0,acute care hospitals,voluntary non-profit - private,,surgical infection prevention,scip-@@inf-4,all heart surgery p??atients whose blood sugar (blood glucose) is kept under goo#d control in the days right after surgery,empty,empty,al_scip-inf-4
6,10018.0,callahan eye foundation hospital,1720 university blvd,empty,empty,birmingham,,35233.0,jefferson,2053258100.0,acute care hospitals,voluntary non-profit - private,yes,surgical infection prevention,,surgery patients needing hair removed from the surgical area before surgery who had hair removed using a safer method (electric clippers or hair removal cream c not a razor),empty,empty,
7,10018.0,??callahan eye foundation hospital,1720 university blvd,empty,empty,birmingham,al,35233.0,jefferson,,,voluntary non-profit - private,yes,surgical infection prevention,scip-vte-1,surgery patients whose doctors ordered treatments to prevent blood clots after certain types of surgeries,em@@pty,empty,al_scip-vte-1
8,10018.0,,1720 university blvd,empty,$em#pty,birmingham,al,117507.56228792485,jefferson,2053258100.0,acute care hospitals,voluntary non-profit - private,yes,surgical infection pre#v@@ention,scip-vte-2,patients who got treatment  at the right time (within 24 hours before or after their surgery) to help prevent blood clots after certain types of surgery,empty,empty%,al_scip-vte-2
9,53768.347625709765,helen keller memorial hospital,1300 south montgomery avenue,empty,,,,35660.0,jefferson,2563864556.0,,government - hospital district or authority,yes,heart attack,,heart attack patients given aspirin at arrival,97%,33 patients,
10,10019.0,helen keller memorial hospital,1300 south montgomery avenue,em@@pt#y,empty,@@??sheffield,al,35660.0,jefferson,,acute care hospitals,government - hospital district or authority,yes,heart attack,ami-2,heart attack patients given aspirin at discha@@rge,92%,13 patients,al_ami-2
11,,helen keller memorial hospital,1300 south montgomery avenue,,empty,,al,35660.0,jefferson,2563864556.0,acu@@te care hospita??ls,go#vernmen??t - hospital district or authority,yes,heart attack,ami-3,,75%,4 patients,al_ami-3
12,,helen keller memorial hospital,1300 south montgomery avenue,empty,empty,she@@ffiel$d,al,35660.0,jefferson,13741468502.938864,acute care hospitals,government - hospital district or authority,y??es,heart attack,ami-4,heart attack patients given smoking cessation advice/counseling,100??#%,4 patients#,al_ami-4
13,10019.0,helen keller memorial hospital,1300 south montgomery avenue,empty,,sheffield,al,35660.0,jefferson,,acute care h??ospitals,government - hospital district or authority,,heart attack,ami-5,heart attack patients given beta blocker at discharge,86%,14 %patie#nts,al_ami-5
14,10019.0,helen keller memorial hospital,1300 south montgomery avenue,empty,empty,sheffield,al,35660.0,,12052166545.139769,acute care hospitals,,yes,,ami-7a,heart attack patients given fibrinolytic medication within 30 minutes of arrival,empty,0 patients,al_ami-7a
15,10019.0,helen keller memorial hospital,1300 south montgo#mery avenue@@,empty,empty,sheffield,al,183890.0321827038,jefferson,2563864556.0,acute care hospitals,government - hospital district #or authority,yes,heart attack,ami-8a,heart attack patients given pci within 90 minutes of arrival,empty,0 patients,al_ami-8a
16,10019.0,,1300 south montgomery avenue,empty,empty,sheffield,al,,jefferson,2563864556.0,acute care hospitals,government - hospital district or authority,yes,,,,80%,114 patients,al_hf-1
17,10019.0,helen keller memorial hospital,,,emp@#@ty,she$ffield,a??l??,,jefferson,2563864556.0,acute care hospitals,,yes,heart@@ f%ailure,hf-2,heart failure patients given an evaluation of left ventricular systolic (lvs) function,99%,149 patients,
18,10019.0,helen keller memorial hospital,130$0 south montgomery avenue,empty,empty,sheffield,$a$l,35660.0,jefferson,2563864556.0,,government - hospital district or authority,yes,heart failure,hf-3,heart failure patients given ace inhibitor or arb for left ventricular systolic dysfunction (lvsd),92#%,37 patients,
19,10019.0,helen keller memorial hospital,1300 south montgomery avenue,,empty,sheffield,al,35660.0,jefferson,2563864556.0,,,y$es,heart failure,hf-4,heart failure patients given smoking cessation advice/counseling,10#0%,41 patients,al_hf-4
20,10001.0,southeast alabama medical center,1108 ross clark circle,empty,empty,dothan,al,143521.58234814485,houston,3347938701.0,acute care hospitals,government - hospital district or authority,yes,,ami-1,,98%,,al_ami-1
21,10001.0,southeast alabama medical center,1108 ross clark circle,em@@p$ty,empty,dothan,al,36302.0,houston,3347938701.0,acute care hospitals,government - hospital district or authority,yes,heart attack,,heart attack patients given aspirin at discharge,9$9%%,516 patients,al_ami-2
22,10001.0,southeast alabama medical center,1108 ross clark circle,empty,,dothan,al,36302.0,houston,3347938701.0,acute care hospitals,government - hospital district or authority,yes,heart attack,,heart attack patients given ace inhibitor or arb for left ventricular systolic dysfunction (lvsd),96#%$,,al_ami-3
23,10001.0,southeast alabama medical center,1108 ross clark circle,empty,empty,dothan,al,,,3347938701.0,,government - hospital district or authority,yes,heart attack,ami-4,heart attack patients given smoking cessation advice/counseling,100%,244 patients,
24,10001.0,southeast alabama medical center,1108 ross clark circle,empty,empty,dothan,al,36302.0,houston,,acute care hospitals,government - hospital district or authority,yes,heart attack,ami-5,heart attack patients given beta blocker at discharge,,441 patients,al_ami@@%-5
25,10001.0,southeast alabama medical center,1108 ross clark circle,empty,empty,dothan,al,36302.0,,3347938701.0,acute care hospi#ta??ls,,yes,heart attack,ami@@-7a,heart attack patients given fibrinolytic medication within 30 minutes of arrival,empty,0 patients,
26,10001.0,southeast alabama medical center,1108 ross clark circle,,empty,dothan,,36302.0,houston,3347938701.0,acute care hospitals,,yes,,ami-8a,heart attack patients given pci within 90 minutes of arrival,72%,40 patients,
27,10001.0,southeast alabama medical center,1108 ross clark circle,??em??pty,empty,dothan,a#l@@,212731.03511669964,houston,3347938701.0,acute care hospitals,government - hospital district or authority,yes,heart failure,hf-1,,78%,455 patients,al_hf-1
28,10001.0,southeast alabama medical center,1108 ross clark circle,empty,empty,dothan,,151546.30630302097,houston,,,government - hospital district or authority,yes,heart% failure,hf-2,heart failure patients given an evaluation of left ventricular systolic (lvs) function,99%,514 patients,al_hf$%-2
29,10001.0,southeast alabama medical center,1108 ross clark circle,empty,empty,dothan,al,36302.0,,3347938701.0,acute care hospitals,government - hospital district or authority,yes,heart failure,hf-3,heart failure patients given ace inhibitor or arb for left ventricular systolic dysfunction (lvsd),91%,165 patients,al_hf-3
30,,southeast alabama medical center,1108 ross clark circle,empty,empty,dothan,al,,houston,3347938701.0,acute care hospitals,government - hospital district or authority,yes,heart failure,hf-4,heart failure patients given smoking cessation advice/counseling,100%,110 patients,al_h??f-4
31,10001.0,,1108 ross clark circle,empty,empty,dothan,al,213526.43649251052,houston,3347938701.0,acute care hospitals,government - hospital district or authority,yes,,pn-2,pneumonia patients assessed and given pneumococcal vaccination,93%#,,al_pn-2
32,10001.0,southeast alabama medical center,1108 ross clark circle,e??mpt??y,emp$??ty,,al,36302.0,houston,3347938701.0,acute care hospitals,government - hospital district or authority,yes,pneumonia$,pn-3b,pneumonia patients whose initial emergency room blood culture was performed prior to the administration of the first hospital dose of antibiotics,89%,125 patients,al_pn-3b
33,10001.0,southeast alabama medical center,1108 ross clark circle,empty,empty,dothan,al,36302.0,houston,3347938701.0,,government - hospital district or authority,yes,,pn-4,pneumonia patients given smoking cessation advice/counseling,99%,107 patients,
34,10001.0,southeast alabama medical center,1108 ross clark circle,empty,empty,dothan,al,36302.0,houston,3347938701.0,acute care hospitals,,yes,pneumonia,pn-5c,pneumonia patients given initial antibiotic(s) within 6 hours after arrival,,196 pat$ients%,
35,10001.0,southeast alabama medical center,1108 ross clark circle,empty,empty,dothan,al,172900.90267484786,houston,3347938701.0,acut%e care hospitals,government - hospital district or authority,,pneumonia,,pneumonia patients given the most appropriate initial antibiotic(s),,147 patien%t%s,al_pn$-@@6
36,,,1108 ross clark circle,empty,empty,dothan,al,36302.0,houston,3347938701.0,acute care hospitals,government - hospital district or authority,,pneu%m??onia,pn-7,pneumonia patients assessed and given influenza vaccin#ation,84%,160 patients,al_pn-7
37,10001.0,southeast alabama medical center,1108 ross clark circle,empty,empty,dothan,al,36302.0,,3347938701.0,,government - hospital district or authority,,surgical infection prevention,scip-card-2,surgery patients who were taking heart drugs called beta blockers before coming to the hospital who were kept on the beta blockers during the period just before and after their surgery,72%,79 patients,al_scip-ca$rd-2
38,10001.0,,1108 ross clark circle,empty,empty,dothan,al,208425.68379221368,houston,3347938701.0,acute care hospitals,governm@@ent - hospita$l district or authority,yes,,scip-inf-1,,94%,399 patients,al_scip-inf-1
39,10001.0,southeast alabama medical center,1108 ross clark circle,empty,empty,,,36302.0,hou%ston%,,,government - hospital district or authority,yes,surgical infection prevention,scip-inf-2,surgery patients who were given the  right kind  of antibiotic to help prevent infection,98%,405 patients,al_scip-@@inf-2
40,,southeast alabama medical center,1108 ross clark circle,empty,empty,dothan,al,36302.0,houston,3347938701.0,acute care hospitals,,yes,surgical infection prevention,scip-inf-3,surgery patients whose preventive antibiotics were stopped at the right time (within 24 hours after surgery),88%,385 patients,al_scip-inf-3
41,10001.0,southeast alabama medical center,1108 ross clark circle,empty,empty,dothan,al,36302.0,houston,3347938701.0,acute care hospitals,government - hospital district or authority,yes,,scip-inf-4,,96%,136 patients,al_scip-inf-4
42,,southeast alabama medical center,1108 ross clark circle,,empty,dothan,,36302.0,houston,3347938701.0,acute care hospita??ls,government - hospital district or authority,yes,,,surgery patients needing hair removed from the surgical area before surgery who had hair removed using a safer method (electric clippers or hair removal cream c not a razor),90%,537 patients,al_scip-inf-6
43,49574.70487347188,southeast alabama medical center,1108 ross clark circle,empty,empty,,al,36302.0,houston,3347938701.0,acute care hospitals,government - hospital district or authority,yes,,scip-vte-1,surgery patients whose doctors ordered treatments to prevent blood clots after certain types of surgeries,,185 patients,al_s@@cip-v%te-1
44,10001.0,southeast alabama medical center,1108 ross clark circle,,empty@%@,dothan,al,,houston,3347938701.0,acute care hospitals,government - hospital district or authority,yes,surgical infection prevention,scip-vte-2,patients who got treatment  at the right time (within 24 hours before or after their surgery) to help prevent blood clots after certain types of surgery,83%,184 patients,al_scip-vte-2
45,47242.34282523456,marshall medical center south,2505 u s highway 431 north,empty,empty,boaz,al,35957.0,marshall,,,government - hospital district or authority,yes,heart attack,ami-1,heart attack patients given aspirin at arrival,80%,20 patients,al_ami-1
46,10005.0,marshall medical center south,2505 u s highway 431 north,empty,empty,boaz,al,35957.0,marshall,9215804394.993492,acute care hospitals,government - hospital district or authority,yes,heart at@@tack,,heart attack patients given aspirin at discharge,60%,5 patients,%al_ami-%2
47,10005.0,marshall medical center south,2505$ u #s highway 431 north,empty,empty,boaz,al,35957.0,marshall,2565938310.0,,,yes,heart attack,ami-3,heart attack patients given ace inhibitor or arb for left ventricular systolic dysfunction (lvsd),100%,2 patients,
48,10005.0,marshall medical center south,2505 u s highway 431 north,empty,empty,boaz,al,35957.0,marshall,2565938310.0,acute care hospitals,government - hospital district or authority,yes,heart attack,ami-4,he@@art attack patients given smoking cessation advice/counseling,,0 patients,al_ami-4
49,10005.0,marshall medical center south,2505 u s highway 431 north,empty,empty,,al,35957.0,marshall,2565938310.0,acute care hospitals,government - hospital district or authority,ye#s%,heart attack,ami-5,heart attack patients given beta blocker at discharge,100%,5 pat#ients,al_ami-5
50,10005.0,marshall medical center south,2505 u s highway 431 north,empty,empty,boaz,al,35957.0,ma@@rsh$all,2565938310.0,acute care hospitals,government - hospital district or authority,yes,heart attack,ami-7a,,empty,0 patients,al_ami-7a
51,10005.0,ma$r??shall medical center south,2505 u s highway 431 north,empty,,boaz,al,35957.0,marshall,2565938310.0,acute care hospitals,government - hospital district or authority,yes,heart attack,ami-8a,heart attack patients given pci within 90 minutes of arrival,empty,0 patients,al_ami-8a
52,10005.0,marshall medical center south,2505 u s highway 4@@??31 north,,empty,boaz,al,35957.0,marshall,,acute care hospitals,government - hospital district or authority,yes,heart failure,hf-1,heart failure patients given discharge instructions,,,
53,,mars#hall medical center %south,2505 u s highway 431 north,empty,,boaz,al,35957.0,marshall,,acute care hospitals,government - hospital district or authority,,heart failure,,heart failure patients given an evaluation of left ventricular systolic (lvs) function,99%,160 patients,al_hf-2
54,10005.0,,,empty,empty,,al,35957.0,marshall,2565938310.0,acute care hospitals,government - hospital district or authority,yes,heart failure,hf-3,heart failure patients given ace inhibitor or arb for left ventricular systolic dysfunction (lvsd),90%,69 patients,
55,10005.0,marshall medical center south,2505 u s highway 431 north,empty,empty,,al,35957.0,marshall,2565938310.0,acute care hospitals,government - hospital district or authority,y#%es,heart failure,hf-4,heart failure pati#ents given smoking cessation advice/counseling,,34 patients,al_hf-4
56,10005.0,marshall medical center south,,,empty,boaz,al,146399.97545322514,marshall,2565938310.0,acute% care hospitals,government - hospital district o%r authority,yes,pneumonia,pn-2,pneumonia patients assessed and given pneumococcal vaccination,,172 patients,al_pn-2
57,10005.0,marshall medical center south,2505 u s highway 431 north,empty,empty,??bo??az,,35957.0,marshall,2565938310.0,acute care hospitals,government - hospital district or authority,yes,pneumon#ia%,pn-3b,pneumonia patients whose initial emergency room blood culture was performed prior to the administration of the first hospital dose of antibiotics,97%,,%al_pn-@@3b
58,10005.0,marshall medical center south,2505 u s highway 431 north,empty,,boaz,,35957.0,marshall,2565938310.0,acute care hospitals,government - hospital district or authority,yes,pneumonia,pn-4,,97%,#98 patients,al_pn-4
59,10005.0,marshall medical center south,2505 u s highway 431 north,empty,empty,,al,35957.0,marshall,2565938310.0,acute care hospitals,government - hospital district or authority,yes,,pn-5c,pneumonia patients given initial antibiotic(s) within 6 hours after arrival,96%,211 patients,
60,10005.0,marshall medical center south,,empty,empty,boaz,al,,marshall,2565938310.0,,government - hospital district or authority,yes,,pn-6,pneumonia patients given the most appropriate initial antibiotic(s),92%,,al_pn-6
61,,marshall medical center south,,,empty,,al,214946.95333538027,,2565938310.0,acute care hospitals,,yes,pneumonia,,pneumonia patients$ assessed and given influenza vaccination,81%,118 patients,
62,10005.0,marshall medical center south,,empty,,boaz,al,35957.0,marshall,2565938310.0,acute care hospitals,,yes,surgical infection prevention,scip-card-2,,36%,,al_scip-card-2
63,,marshall medical center south,2505 u s highway 431 north,em#??pty,e??mpt#y,boaz,al,144766.3249554623,marshall,2565938310.0,acute care hospitals,government - hospital district or authority,yes,surgical infection prevention,scip-inf-1,surgery patients who were given an antibiotic at the right time (within one hour before surgery) to help prevent infection,,168 patients,al_scip-inf-1
64,,marshall medical center south,2505 u s highway 431 north,empty,empty,boaz,,35957.0,marshall,,,government - hospital district or authority,yes,surgical infection prevention,scip-inf-2,,93%,167 patients,al_scip-inf-2
65,10005.0,marshall medical center south,2505 u s highway 431 north,,empty,boaz,al,184742.93068076725,marshall,2565938310.0,acute care hospitals,government - hospital district or authority,yes,surgical infection prevention,,surgery patients whose preventive antibiotics were stopped at the right time (within 24 hours after surgery),95%,158 patients,al_scip-inf-3
66,10005.0,marshall medical center south,2505 u s highway 431 north,,%empty%,boaz,,35957.0,ma$rsha#ll,2565938310.0,acute care hospitals,government - hospital district or authority,yes,,scip-inf-4,all heart surgery patients whose blood sugar (blood glucose) is kept under good control in the days right after surgery,,0 patients,al_scip-inf-4
67,10005.0,marshall medical center south,2505 u s highway 431 north,empty,empty,boaz,al,35957.0,marshall,2565938310.0,acute care hospitals,government - hospital district or authority,@@y#es,surgical infection prevention,scip-inf-6,surgery patients needing hair removed from the surgical area before surgery who had hair removed using a safer method (electric clippers or hair removal cream c not a razor),100%,237 patients,al_scip-inf-6
68,10005.0,marshall medical center south,,empty,empty,boaz,,35957.0,marshall,2565938310.0,acute care hospitals,government - hospital district or authority,yes,surgical infection prevention,scip-vte-1,surgery patients whose doctors ordered treatments to prevent blood clots after certain types of surgeries,78%,76 patients,al_scip-vte-1
69,10005.0,marshall medical center south,2505 u s highway 431 north,,empty,,al,35957.0,mar#s@@hall,2565938310.0,a%cute care% hospitals,government - hospital district or auth$ority,yes,surgical infection prevention,scip-vte-2,,74%,76 patients,al_scip-vte-2
70,10006.0,eliza coffee% memorial hospital,205 marengo street,empty,empty,,,35631.0,,2567688400.0,acute care hospitals,voluntary non-profit - other,yes,heart attack,,heart att@@ack patients given aspirin at arrival,97%,159 patients,al_ami-1
71,10006.0,,205 marengo street,,,florence,,35631.0,,2567688400.0,acute care hospitals,voluntary non-profit - other,,heart attack,,heart attack patients given aspirin at discharge,96%,247 patients,
72,10006.0,eliza coffee memorial hospital,205 marengo street,empty,empty,florence,al,,lauderdale,2567688400.0,acute care hospitals,voluntary non-profit - other,yes,,ami-3,heart attack patients given ace inhibitor or arb for left ventricular systolic dysfunction (lvsd),,43 patients,al_ami-3
73,10006.0,,205 marengo street,,empty,florence,al,35631.0,laud%e%rdale,12203446244.985718,,voluntary non-profit - other,,,ami-4,heart attack patients given smoking cessation advice/counseling,100%,103 patients,
74,10006.0,,205 marengo street,empty,empty,flore$nce,al,35631.0,lauderdale,2567688400.0,acute care hospitals,voluntary non-profit - other,y#es??,heart attack,ami-5,heart attack patients given beta blocker at discharge,96??%??,227 patients,al_ami-5
75,,eliza coffee memorial hospital,205 marengo street,empty,,fl$o#rence,al,120357.96358583916,lauderdale,2567688400.0,acute care hospitals,,yes,heart attack,ami-7a,,empty,0 patients,al_ami-7a
76,10006.0,eliza coffee memorial hospital,205 marengo street,empty,empty,florence,al,35631.0,lauderdale,2567688400.0,%acute care hos%pitals,voluntary non-profit - other,yes,heart attack,ami-8a,heart attack patients given pci within 90 minutes of arrival,98%,61 patients,al_ami-8a
77,10006.0,eliza coffee memorial hospital,205 marengo street,@@em@@pty,empty,,al,35631.0,lauderdale,2567688400.0,acute care hospitals,voluntary non-profit - other,yes,heart failure,,heart failure patients given discharge instructions,79%,217 patients,al_hf-1
78,10006.0,eliza coffee memorial hospital,205 marengo street,empty,,florence,al,,,2567688400.0,,voluntary non-profit - other,yes,heart failur#e,hf-2,heart failure patients given an evaluation of left ventricular systolic (lvs) function,97$%,259 patients,al_hf-2
79,10006.0,eliza coffee memorial hospital,205 marengo street,empty,,,al,35631.0,lauderda@@??le,2567688400.0,acute care hospitals,voluntary non-profit - other,yes,heart failure,hf-3,heart failure patients given ace inhibitor or arb for left ventricular systolic dysfunction (lvsd),82%,84 patients,al_hf-3
80,10006.0,eliza coffee memorial hospital,205 marengo street,,,flore@@nce,al@@,,lau%??derdale,2567688400.0,,voluntary non-profit - other,yes,,hf-4,heart failure patients given smoking cessation advice/counseling,100%,53 patients,al_hf-4
81,10006.0,eliza coffee memorial hospital,,empty,empty,florence,,35631.0,lauderdale,,,voluntary non-profit - other,yes,pneumonia,pn-2,pneumonia patients assessed and given pneumococcal vaccination,90%,174 patients,al_pn-2
82,10006.0,eliza coffee memorial hospital,205 marengo street,empty,empty,florence,al,35631.0,lauderdale,12706008534.727327,acute care hospitals,voluntary non-profit - other,yes,pneumonia,pn-3b,,,137 patients,al_pn-3b
83,10006.0,,205 mareng??o street,empty,,,,35631.0,lauderdale,2567688400.0,acute care hospitals,voluntary no%n-profit - other,,,pn-4,pneumonia patients given smoking cessation advice/counseling,100%,65 patients,al_p##n-4
84,10006.0,eliza coffee memorial hospital,,,empty,,,190039.14712152642,lauderdale,2567688400.0,acute care hospitals,voluntary non-profit - other,yes,pneumonia,pn-5c,pneumonia patients given initial antibiotic(s) within 6 hours after arrival,96%,200 patients,al_pn-5c
85,10006.0,eliza coffee memorial hospital,205 marengo street,empty,empty,,al,35631.0,lauderdale,2567688400.0,acute care hospitals,voluntary non-profit - other,yes,,pn-6,pneumonia patients given the most appropriate initial antibiotic(s),91%,138 patients,al_pn-6
86,10006.0,eliza coffee #memorial hospital,205 marengo street,empty,empty,florence,al,35631.0,lauderdale,2567688400.0,,voluntary non-profit - other,yes,pneumonia,,pneumonia patients assess$ed and given influenza vaccination,88%$,85 patients,al_pn-7
87,10006.0,eliza coffee memorial hospital,205 marengo street,empty,em#pty,florence,al,35631.0,,2567688400.0,,voluntary non-profit - other,yes,surgical infection prevention,scip-card-2,,96%,107 patients,al_scip-card-2
88,10006.0,eliza coffee memorial hospital,,empty,empty,,al,,lauderdale,2567688400.0,acute care hospit%als,voluntary non-profit - other,yes,surgical infection prevention,scip-inf-1,,99%,457 patients,al_scip-inf-1
89,10006.0,eliza coffee memorial hospital,205 marengo street,empty,,,al,35631.0,lauderdale,2567688400.0,acute care hospitals,voluntary non-profit -?? other,yes,,scip-inf-2,surgery patien%ts who %were given the  right kind  of antibiotic to help prevent infection,99%,,%al$_scip-inf-2
90,10006.0,eliza coffee memorial hospital,,empty,empty,florence,al,35631.0,lauderdale,2567688400.0,acute care hospitals,voluntary non-profit - other,yes,surgical infection prevention,scip-inf-3,,94%,439 patients,al_scip-inf-3
91,10006.0,eliza coffee memorial hospital,205 marengo street,empty,empty,florenc@@e,al,35631.0,lauderdale,8218511294.382759,acute care hospitals,voluntary non-profit - other,yes,surgical infection prevention,scip-inf-4,all heart surgery patients whose blood sugar (blood glucose) is kept under good control in the days right after surgery,,130 patients,al_scip-inf-4
92,10006.0,eliza coffee memo@@rial hospital,205 marengo street,empty,empty,,al,35631.0,lauderdale,2567688400.0,acute care hospitals,voluntary non-profit - other,yes,surgical infection prevention,,surgery patients needing hair removed from the surgical area before surgery who had hair removed using a safer method (electric clippers or hair removal cream c not a razor),100%,619 patients,al_scip-inf-6
93,10006.0,eliza coffee memorial hospital,205 marengo street,empty,empty,,al,35631.0,,2567688400.0,acute care hospitals,,yes,surgical infection prevention,scip-vte-1,,95%,242 patients,al_scip-vte-1
94,10006.0,eliza coffee memorial hospital,205 marengo street,empty,empty,florence,@@al,35631.0,lauderdale,2567688400.0,acute care hospitals,voluntary non-profit - other,yes,,,patients who got treatment  at the right time (within 24 hours before or after their surgery) to help prevent blood clots after cert@@ain types of surgery,92%,242 patients,al_scip-vte-2
95,,mizell memorial hosp%ital,702 n main st,empty,,$o??pp,al,36467.0,covington,12572521376.848108,acute care hospitals,voluntary non-profit - private,no,heart attack,%??ami-1,heart attack patients given aspirin at arrival,60%,5 patients,al_ami-1
96,59407.69761352284,mizell memo@@rial hospital,702 n main st,empty,,opp,al,199284.41770887907,covington,3344933541.0,,voluntary non-profit - p@@rivat??e,n??o??,heart attack,ami-2,heart attack patients given aspirin at discharge,50%,2 patients,al_ami-2
97,10007.0,mizell memorial hospital,702 n main st,,,opp,al,,,3344933541.0,,voluntary non-profit - private,no,heart attack,ami-3,heart attack patients given ace inhibitor or arb for left ventricular systolic dysfunction (lvsd),empty,0 patients,al_ami-3
98,10007.0,mizell memorial hosp%ita??l,702 n ma#in st,empty,empty,opp,al,36467.0,covington,3344933541.0,,voluntary non-profit - private,,heart attack,ami-4,hear$t attack patients given smoking ??cessation advice/counseling,empty,0 patients,
99,10007.0,mizell memorial hospital,702 n main st,,empty,opp,al,36467.0,c%ov%ington,3344933541.0,acute care hospitals,voluntary non-profit - private,no,heart attack,ami-5,,$#100%,2# patients,
100,10007.0,mizell memorial hospital,,empty,,opp,al,36467.0,covington,3344933541.0,ac%ute $care hospitals,??voluntary non??-profit - private,#no,,,heart attack patients given fibrinolytic medication within 30 minutes of arrival,empty,0 patients,al_ami-7a
101,10007.0,mizell memorial hospital,702 n main st,empty,empty,opp,al,181824.0896658811,covington,3344933541.0,acute care hospitals,voluntary non-profit - private,no,heart attack,ami-8a,heart attack patients given pci within 90 minutes of arrival,empty,0 patients,al_ami-8a
102,10007.0,mizell memorial hospital,,,empty,opp,al,36467.0,covington,3344933541.0,acute care hospitals,volun??$tary non-profit - private,no,@@#heart failure,,heart failure patients given discharge instructions,98%,59 patients,al_hf-1
103,46138.33283633904,mizell memorial hospital,702 n main st,empty,empty,opp,al,,covington,3344933541.0,,voluntary non-profit - private,no,heart failure,hf-2,,87%,76 patients,al_hf-2
104,52096.33711410062,mizell memorial hospital,702 n# main st,empty,,opp,al,36467.0,covington,3344933541.0,acute care hospitals,voluntary non-profit - private,,heart failure,hf-3,heart failure patients given ace inhibitor or arb for left ventricular systolic dysfunction (lvsd),,,al??_h#f-3
105,10007.0,mizell memorial?? hospital@@,702 n main st,empty,empty,opp,al@@,36467.0,covington,17299022386.62744,acute care hospitals,voluntary non-profit - private,no,heart failure,hf-4,heart failure patients given smoking cessation advice/counseling,,8 patients,al_hf-4
106,10007.0,mizell memorial hospital,702 n main st,empty,empty,opp,al,36467.0,,3344933541.0,acute care hospitals,,no,pneumonia,pn-2,pneumonia patients assessed and given pneumococcal vaccination,87%,85 patients,al_pn-2
107,10007.0,,,empty,#em%pty,opp,al,36467.0,,10863967301.588896,acute care hospitals,voluntary non-profit - private,no,pneumonia,pn-3b,pneumonia patients whose initial emergency room blood culture was performed prior to the administration of the first hospital dose of antibiotics,,64 patients,al_pn-3b
108,10007.0,mizell memorial hospital,702 n main st,,empty,opp,al,36467.0,,3344933541.0,acute care hospitals,voluntary non-profit - private,,pneumonia,pn-??4,pneumonia patients given smoking cessation advice/counseling,100%,,al_pn-4
109,10007.0,mizell memorial hospital,,empty,empty,opp#,al,36467.0,covington,3344933541.0,acute care hospitals,voluntary non-profit - private,no,pneumonia,pn-5c,pneumonia patients given initial antibiotic(s) within 6 hours after arrival,,87 patie@@nts,al_pn-5c
110,32170.61951808355,mizell memorial hospital,702 n main st,empty,empty,opp,al,36467.0,covington,,ac%ute care hospitals,voluntary non-profit - private,no,pneumonia,pn-6,pneumonia patients given the most appropriate initial antibiotic(s),,57 patients,
111,,mizell memorial hospital,702 n main st,empty,empty,opp,al,36467.0,covington,3344933541.0,acute care hospitals,voluntary non-p#rofit - pr$ivate,n@@o%,pneumonia,pn??@@-7,pneumon%ia patients assessed and given influenza vaccina$tion,90%,63 patients,
112,10007.0,mizell memorial hospital,702 n main st,empty,empty,opp,al,36467.0,covington,3344933541.0,acute care hospitals,voluntary non-profit - private,no,,scip-card-2,surgery patients who were taking heart drugs called beta blockers before coming to the hospital who were kept on the beta blockers during the period just before and after their surgery,,11 patients,al_scip-card-2
113,10007.0,,702 n main% st,empty,empty,opp,,36467.0,,3344933541.0,acute care hospitals,voluntary non-profit - private,no,surgical infection prevention,scip-inf-1,,,101 patients,al_scip-inf-1
114,10007.0,,702 n main s#t,empty,empty,%o$pp,al,36467.0,#c%ovington,3344933541.0,acute care hospitals,voluntary non-profit - private,no,surgical infection prevention,scip-inf-2,surgery patients who were given the  right kind  of antibiotic to help prevent infection,91%,101 patients,al_scip-inf-2
115,10007.0,mizell memorial hospital,702 n main st,,empty,opp,al,36467.0,covington,3344933541.0,acute care hospitals,voluntary non-profit - private,no,surgi$cal in$fection prevention,scip-inf-3,surgery patients whose preventive antibiotics were stopped at the right time (within 24 hours after surgery),93%,,al_scip-inf-3
116,10007.0,mizell memorial hospital,702 n main st,empty,empty,opp,al,,covington,3344933541.0,,voluntary non-profit - private,no,surgical infection prevention,,all heart surgery patients who#se blood sugar (blood glucose) is kept under good?? control in the days right after surgery,empty,0 patient$s,al_scip-in%f-#4
117,10007.0,mizell memorial hospital,702 n main st,,empty,op@@p,,36467.0,,3344933541.0,,voluntary non-profit - private,no,surgical infection prevention,scip-inf-6,surgery patients needing hair removed from the surgical area before surgery who had hair removed using a safer method (electric clippers or hair removal cream c not a razor),100%,,al_scip-inf-6
118,10007.0,mizell memorial hospital,702 n main st,empt??y,em%pt#y,,al,,covington,3344933541.0,acute care hospitals,voluntary non-profit - private,no,surgical infection prevention,scip-vte-1,surgery patients whose doctors ordered t#reatments to prevent blood clots after certain types of surgeries,,77 patients,a#l_scip-vte-1
119,10007.0,,,empty,empty,opp,al,,,,acute care hospitals,voluntary non-profit - private,no,,scip-vte-2,patients who got treatment  at the right time (within 24 hours before or after their surgery) to help prevent blood clots after certain types of surgery,88%,,
120,10008.0,crenshaw community hospital,101 hospital circle,empt$y,empty,luverne,al,36049.0,crenshaw,3343353374.0,acute care hospitals,,yes,heart at%tack,ami-1,heart %attack patients given asp??irin at arrival,0%,,al_ami-1
121,10008.0,cren??shaw community hospital,101 hospital circle,empty,,luverne,al,36049.0,crenshaw,3343353374.0,acute care hospitals,government - federal,yes,heart attack,am??i-2,heart attack patients given aspirin at discharge,100%,1 patients,al_ami-2
122,10008.0,crenshaw community hospital,101 hospital circle,empty,empty,luverne,al,36049.0,crenshaw,13407968622.114365,acute care hospitals,gov??ernment?? - federal,yes,,ami-3,heart attack patients given ace inhibitor or arb for left ventricular systolic dysfunction (lvsd),empty,0 patients,al_ami-3
123,10008.0,crenshaw community hospital,101 hospital circle,empty,,luverne,al,36049.0,,3343353374.0,acute care hospitals,,yes,,ami-4,hea$rt attack patients given smoking cessation advice/counseling,empty,0 patients,al_ami-4
124,10008.0,crenshaw community hospital,101 hospital circle,,empty,,al,36049.0,crenshaw,,acute care hospitals,government - federal,y$es,heart attack,ami-5,heart attack patients given beta blocker at discharge,0%,1 patients,al_ami-5
125,10008.0,crenshaw community hospital,101 hospital circle,empty,empty,luverne,al,36049.0,crenshaw,3343353374.0,acute care hospitals,government - federal,yes,,ami-7a,heart attack patients given fibrinolytic medication within 30 minutes of arrival,empty,0 patients,al_ami-7a
126,10008.0,crenshaw community hospital,101 hospital circle,,empty,,al??,,crenshaw,3343353374.0,acute care hospitals,government - federal,yes,heart attack,ami-8a,heart attack patients given pci within 90 minutes of arrival,,0 patients,al_ami-8a
127,10008.0,crenshaw community hospital,,empty,empty,luverne,al,36049.0,crenshaw,17507737116.850456,acute care hospitals,government - federal,yes,heart failure,,heart failure patients given discharge instructions,4%,26 patients,al_hf-1
128,10008.0,crenshaw community hospital,101 hospital circle,empty,empty,,al,,,,acute care hospitals,government - federal,yes,heart failure,,heart failure patients given an evaluation of left ventricular systolic (lvs) function,72%,39 patients,al_hf-2
129,10008.0,crenshaw community hospital,101 hospital circle,empty,empty,,%al,36049.0,,3343353374.0,acute care hospitals,government - federal,??yes%,hea??rt fail$ure,hf-3,heart failure patients given ace inhibitor or arb for left ventricular systolic dysfunction (lvsd),75%%,8 patients,al_hf@@??-3
130,10008.0,crenshaw community hospital,101 hospital circle,,empty,luverne,al,36049.0,crenshaw,3343353374.0,,government - federal,,heart failure,,heart failure patients given smoking cessation advice/counseling,,,al_hf-4
131,,crenshaw community hospital,101 hospital circle,empty,empty,luverne,al,36049.0,crenshaw,3343353374.0,acute care hospitals,government - federal,yes,pneumonia,pn-2,,25%,16 patients,al_pn-2
132,10008.0,crenshaw community@#@ hospital,,empty,empty,luverne,al,36049.0,crenshaw,3343353374.0,acute care hospitals,,ye??s,pneumonia,,,93%,15 patients,al_pn-3b
133,10008.0,crenshaw community hospital,101 hospital circle,empty,em#pt$y,,al,36049.0,crenshaw,3343353374.0,acute care hospitals,government - federal,yes,,pn-4,pn%eumonia patients given smoking cessation advice/#counseling,,9 patients,al_pn-4
134,,,101 hospital circle,empty,empty,luverne,al,36049.0,crenshaw,15513183643.638859,acute care hospitals,,yes,pneumoni$a,pn-5c,pneumonia patients given initial antibiotic(s) within 6 hours after arrival,,21 patients,al_pn-5c
135,10008.0,crenshaw community hospital,101 hospital circle,empty,empty,luverne,al,174121.7394397923,,3343353374.0,acute care hospitals,governm@@ent - federal,yes,pneumonia,pn-6,pneumonia patients given the most appropriate initial antibiotic(s),62%,21 patients,al_pn-6
136,,crenshaw community hospital,101 hospital circle,empty,empty,luverne,al,36049.0,crenshaw,3343353374.0,acute care hospitals,government - federal,yes,pneumonia,pn-7,pneumonia patients assessed and given influenza vaccination,47%,15 patient@@??s,al_pn-7
137,,crenshaw community hospital,101 hospital circle,empty,empty,luverne,al,36049.0,crenshaw,13654201716.566107,acute care hospitals,government - federal,yes,surgical infection prevention,scip-card-2,surgery patients who were taking heart drugs called beta blockers before coming to the hospital who were kept on the beta blockers during the period just before and after their surgery,,1 patients,al_scip-card-2
138,10008.0,crenshaw community hospital,101 hospital circle,empty,empty,luverne,,36049.0,crenshaw,,,government - ??federa??l,yes#,surgical infection prevention,scip-inf-1,surgery patients who were given an antibiotic at the right time (within one hour before surgery) to help prevent infection,100%,2 patients,al_scip-inf-1
139,10008.0,crenshaw community hospital,101 hospital circle,empty,,luverne,al,36049.0,crenshaw,3343353374.0,acute care hospitals,government% ??- federal,,surgical infection prevention,scip-inf-2,surgery patients who were given the  right kind  of antibiotic to help prevent infection,100%,2 patients,al_scip-inf-2
140,10008.0,crenshaw community hospital,101 hospital circle,empty,empty,luverne,al,36049.0,crenshaw,3343353374.0,acute care hospita??ls,government - federal,yes,surgical infection prevention,scip-inf-3,surgery patients whose preventive antibiotics were stopped at the right time (within 24 hours %after surgery),100%,2 patients,al_scip-inf-3
141,10008.0,crenshaw community hospital,101 hospital circle,empty,empty,luverne,al,36049.0,crenshaw,3343353374.0,acute care hospitals,,,,scip-inf-4,all heart surgery patients whose blood sugar (blood glucose) is kept under good control in the days right after surgery,empty,0 patients,al%_scip-inf-4
142,10008.0,crenshaw community hospital,101 hospital circl??e,empty,empty,luverne,al,,crenshaw,3343353374.0,,government - federal,,surgical infection prevention,scip-inf-6,surgery patients needing hair removed from the surgical area before surgery who had hair removed using a safer method (electric clippers or hair removal cream c not a razor),100%,4 patients,al_scip-inf-6
143,,crenshaw community hospital,,,e??mp%ty,,??a#l,36049.0,crenshaw,3343353374.0,acute care hospitals,government - federal,yes,surgical infection prevention,scip-??vte-1,surgery patients whose doctors ordered treatments to prevent blood clots after certain types of surgeries,100%,4 patients,al_scip-vte-1
144,10008.0,crenshaw community hospital,101 hos??pital ci??rcle,emp@@ty,empty,lu@@verne,al,36049.0,crenshaw,3343353374.0,acute care hospita#ls,government - federal,yes,surgical infection prevention,scip-vte-2,patients who got treatment  at the right time (within 24 hours before or after their surgery) to help prevent blood clots after certain types of surgery,100%,,
145,10009.0,,201 pine street northwest,??empty,,harts#elle,,35640.0,m??or#gan,2567736511.0,,proprietary,yes,heart attack,,heart attack patients given aspirin at arrival,100%,6 patients,al_am@@??i-1
146,10009.0,hartselle medical center,201 pine street northwest,,,hartselle,,35640.0,morgan,,acute care hospitals,proprietary%,yes,heart attack,ami-2,heart attack patients given aspirin at discharge,100%,1 patients,al_ami-2
147,10009.0,,201 pine street northwest,,empty,hartselle,al,35640.0,m%organ,,acute care hospitals,proprietary,yes,heart attack,ami-3,heart attack patients given ace inhibitor or arb for left ventricular systolic dysfunction (lvsd),100%,,al_ami-3
148,,,201 pine street northwest,,empty,hartselle,al,35640.0,morgan,2567736511.0,,proprietary,,heart attack,ami-#4,heart attack patients given smoking cessation advice/counseling,100%,2 patients,al_ami-4
149,10009.0,harts%elle medical center,201 pine street northwest,empty,empty,,,,morgan,2567736511.0,acute care hospitals,proprietary,y%#es,,ami-5,heart attack patients given beta blocker at discharge,100%,,
150,10009.0,hartselle medical center,201 pine street northwest,empty,empty,hartselle,al,35640.0,,2567736511.0,,proprietary,yes,,,heart attack patients given fibrinolytic medication within 30 minutes of arrival,empty,0 patients,al_ami-7a
151,10009.0,hartselle medical center,201 pine street northwest,empty,e??mpty%,har%tselle#,,,morgan,2567736511.0,acute care hospitals,proprietary,ye%#s,heart attack,,,empty,,al_ami-8a
152,10009.0,hartselle medical center,201 pine street northwest,empty,empty,hartselle,al,35640.0,,2567736511.0,acute care hospitals,proprietary,yes,heart failure,hf-1,heart failure patients given discharge instructions,97%,35 p#ati%ents,al_hf-1
153,10009.0,hartselle medical center,201 pine street northwest,empty,empty,hartselle,al,,morgan,2567736511.0,,proprietary,yes,heart failure,hf-2,heart failure patients given an evaluation of left ventricular systolic (lvs) function,98%,42 patients,al_hf-2
154,34677.93554844401,hartselle medi??cal ce%nter,201 pine street northwest,empty,empty,hartselle,al,35640.0,mo#rg%an,2567736511.0,acute care hospitals,proprietary,yes,heart failure,h??f-3,heart failure patients given ace inhibitor or arb for left ventricular systolic dysfunction (lvsd),100%,10 patients,al@@@@_hf-3
155,53819.35194642099,hartselle medical center,201 pine street northwest,empty,empty,hartselle,al,35640.0,morgan,2567736511.0,acute care hospitals,,yes,heart failure,,heart failure patients given smoking cessation advice/counseling,100%,12 patients,al_hf-4
156,10009.0,,201 pine street northwest,empty,empty,??h#artselle,al,35640.0,morgan,2567736511.0,acute care hospitals,proprietary,yes,pneumonia,pn-2,pneumonia patients assessed and given pneumococcal vaccination,98%%,44 pati$ents,
157,10009.0,hartselle medical center,201 pine street northwest,empty,empty,hartselle,@@%al,35640.0,,2567736511.0,acute care hospitals,proprietary,,pneumonia,pn-3b,pneumonia patients whose initial emergency room blood culture was performed prior to the administration of the first hospital dose of antibiotics,,,al_pn-3b
158,10009.0,hartselle medical center,201 pine street northwest,empty,empty,hartselle,al,143662.54944522146,morgan,2567736511.0,acute care hospitals,proprietary,yes,pneumonia,pn-4,pneumonia patients given smoking cessation advice/counseling,100%,$2$5 patients,
159,10009.0,hartselle medical center,201 pine s#treet northwest,empty,empty,hartselle,al,35640.0,morgan,2567736511.0,acute care hospitals,proprietary,yes,,pn-5c,pneumonia patients given initial antibiotic(s) within 6 hours after arrival,,51 patients,al_pn-5c
160,10009.0,hartselle medical center,201 pine street northwest,empty,,hartselle,,35640.0,morgan,2567736511.0,acute care hospitals,proprie@@t%ary,,pneumonia,pn-6,pneumonia patients given the most appropriate initial antibiotic(s),100%,45 patients,al_pn-6
161,10009.0,hartselle medical center,,empty,empty,hartselle,al,35640.0,morgan,2567736511.0,acute care hospitals,propri#etar#y,yes,p$neumonia,pn-7,pneumonia patients assessed and# given influenza vacci%nation,9??7%,30 patients,al_pn-7
162,10009.0,hartselle medical center,201 pine street northwest,empty,empty,,al,115883.4712042227,morgan,2567736511.0,acute care hospitals,proprietary,yes,surgical infection prevention,,,67%,3 patients@@,al_scip-card-2
163,10009.0,hartselle me@@dic$al center,201 pine street northwest,,empty,,,35640.0,morgan,2567736511.0,acute care hospitals,proprietary,yes,,scip-inf-1,surgery patients who were given an antibiotic at the right time (within one hour before surgery) to help prevent infection,100%,6 patients,al_scip-$inf-1@@
164,10009.0,,201 pine street northwest,empty,empty,hartselle,al,35640.0,,2567736511.0,acute care hospitals,proprietary,y@@es,,scip-inf-2,surgery patients who were given the  right kind  of antibiotic to help prevent infection,,7 patients,al_scip-inf-2
165,10009.0,hartselle m$edical center,201 pine street@@ northwest,empty,empty,hartselle,al,35640.0,morgan,2567736511.0,acute care hospitals,p??roprie@@tary,yes,surgical infection prevention,scip-inf-3,,80%,5 patients,al_scip-inf-3
166,10009.0,hartselle medical center,201 pine street northwest,empty,empty,hartselle,al,35640.0,morgan,2567736511.0,a%cute care hospitals,proprietary,yes,surgical infection prevention,%scip-inf-4,all heart surgery patients whose blood sugar (blood glucose) is kept under good control in the days right after surgery,,0 patients,al_scip-inf-4
167,10009.0,hartselle medical center,,empty,empty,hartselle,a%l%,35640.0,morg%an@@,2567736511.0,acute care hospital@@s,proprietary,yes,surgical infection prevention,,surgery patients needing hair removed from the surgical area before surgery who had hair removed using a safer method (electric clippers or hair removal cream c not a razor),100%,11 pati%ents,al_scip-inf-6
168,10009.0,hartselle medical center,201 pine street northwest,empty,empty,,al,35640.0,morgan,2567736511.0,acute care hospitals,proprietary,,surgical infection prevention,scip-vte-1,surgery patients whose doctors ordered treatments to prevent blood clots after certain types of surgeries,78%,9 patients,al_scip-vte-1
169,10009.0,hartselle medical center,201 pine street northwest,empty,empty,,al,35640.0,morgan,2567736511.0,acute care hospitals,proprietary,yes,surgical infection prevention,scip-vte-2,patients who got treatment  at the right time (within 24 hours before or after their surgery) to help prevent blood clots after certain types of surgery,78%,9 patients,
170,30861.248815704927,marshall medical center north,8000 alabama highway 69,,empty,guntersville,al,35976.0,marshall,10672959452.463223,acute care hospitals,government - hospital district or authority,yes,heart attack,ami-1,heart attack patients given aspirin @@at arrival,,8 patients,al_ami-1
171,10010.0,,8000 alabama highway 69,empty,empty,guntersville,al,35976.0,marshall,2565718000.0,acute care hospitals,government - hospital district or authority,yes,heart attack,ami-2,heart attack patients given aspirin at discharge,,6 patients,al@@_ami-2
172,10010.0,marshall medical center north,8000 alabama highway 69,,empty,guntersville,al,35976.0,marshall,2565718000.0,acute care hospitals,government - hospital di$strict or authority,yes,heart attack,ami-3,,,2 patients%,al_ami-3
173,10010.0,marshall medical center north,,empty,empty,guntersville,%al,35976.0,marshall,15392454577.093393,,government - hospital district or authority,yes,heart attack,ami-4,heart attack patients given smoking cessation advice/counseling,100%,2 patients,#al_am??i-4
174,10010.0,,8000 alabama highway 69,,e??m#pty,,al,35976.0,marshall,2565718000.0,acute care hospitals,gov$ern@@ment - hospital district or authority,yes,heart attack,ami-5,heart attack patients given beta blocker at discharge,#83%,6 patients,al_ami-5
175,10010.0,marshall medical center north,8000 alabama highway 69,empty,empty,g??untersv$ille,al,35976.0,marshall,2565718000.0,acute care hospitals,government - hospital district or authority,yes,heart attack,ami-7a,heart attack patients given fibrinolytic medication within 30 minutes of arrival,,0 patients,
176,10010.0,marshall medical center north,8000 alabama highway 69,em#pt%y,,guntersville,,35976.0,marshall,,acute care hospitals,government - hospital district or authority,yes,heart attack,ami-8a,heart attack patients given pci within 90 minutes of arrival,,0 patients,al_ami-8a
177,10010.0,marshall medical center north,8000 alabama highway 69,empty,empty,guntersville,al,,marshall,2565718000.0,acute care hospitals,government - hospital district or authority,yes,heart failure,,heart failure patients given discharge instructions,93%,,al_hf-1
178,10010.0,marshall medical center north,8000 alabama highway 69,empty,empty,guntersville,al,35976.0,marsha??ll,12327275321.430681,acute care hospitals,government - hospital district or authority,yes,heart failure,hf-2,,84%,80 patients,al$_hf-2
179,10010.0,marshall medical center north,8000 alabama highway 69,empty,empty,guntersville,al,215264.30319550517,,,acute care hospitals,gover%nment - hospital district or authority,yes,heart failure,hf-??3,heart failure patients given ace inhibitor or arb for left ventricular systolic dysfunction (lvsd),78%,27 patients,al_hf-3
180,10010.0,marshall medical center north,8000 alabama highway 69,empty,empty,guntersville,al,35976.0,marshall,2565718000.0,acu$te care hos%pitals,government - hospital district or authority,yes,heart failure,hf-4,heart failure patients given smoking cessation advice/counseling,100%,,al_hf-4
181,10010.0,marshall medical center north,8000 alabama highway 69,empty,,guntersville,al,177130.73396919895,marshall,2565718000.0,,government - hospital district or authority,,pneumonia,p%n-2,pneumonia patients assessed and given pneumococcal vaccination,87%,128 patients,al_pn-2
182,10010.0,marshall medical center north,8000 alabama highway 69,empty,empty,guntersville,,35976.0,marshall,2565718000.0,acute care hospitals,government - hospital district or authority,yes,pneumonia,pn#-3b,pneumonia patients whose initial emergency room blood culture was performed prior to the administration of the first hospital dose of antibiotics,94%,,al_pn-3b
183,10010.0,marshall medical center north,8000 alabama highway 69,empty,empty,guntersville,,35976.0,marshall,2565718000.0,acute care hospitals,government - hospital district or authority,,pneumonia,,pneumonia patients given smoking cessation advice/counseling,@@??94%,65 patients,al_pn-4
184,49290.62783489967,marshall medical center north,8000 ala@@bama@@ highway 69,,empty,guntersville,al,35976.0,marshall,2565718000.0,,government - hospital district or authority,yes,,%pn-5c,,97%,158 patients,
185,34555.822042652064,marshall medical center north,8000 alabama highway 69,empty,empty,,al,35976.0,marshall,13464208861.813227,acute care hospitals,government - hospital district or authority,y%es,pneumonia,p@@n-6%,pneumonia patients given the most appropriate initial antibiotic(s),93%,,al_pn-6
186,10010.0,marshall medical center north,8000 alabama highway 69,empty,empty,,al,35976.0,marshall,2565718000.0,acute care hospitals,government - hospital district or authority,%yes%,pneumonia,pn-7,pneumonia patients assessed and given influenza vaccination,90%,101 pati%en??ts,al_pn-7
187,,marshall medical center north,8000 alabama highway 69,empty,e$mp$ty,guntersvi??lle,al,35976.0,marshall,2565718000.0,acute care hospitals,government - hospital district or authority,yes,surgical infection prevention,scip-card-2,surgery patients who were taking heart drugs called beta blockers before coming to the hospital who were kept on the beta blockers during the period just before and after their surgery,86%,14 patients,al_scip-card-2
188,10010.0,,8000 alabama highway 69,emp@@ty,empty,guntersville,al,35976.0,marshall,2565718000.0,acute care hospitals,government - hospital district or authority,ye??s,,scip-inf-1,surgery patients who were given an antibiotic at the right time (within one hour before surgery) to help prevent infection,95%,,
189,10010.0,marshall medical center north,8000 alabama highway 69,em$pty,empty,guntersville,,35976.0,marshall,2565718000.0,acute care hospitals,government - hospital district or authority,@@yes,surgical infection prevention,scip-inf-2,surgery patients who were given the  right kind  of antibiotic to help prevent infection,91%,,al_scip-inf-2
190,10010.0,marshall medical center north,8000 alabama highway 69,,empty,guntersville,al,35976.0,marshall,2565718000.0,acute care hospitals,government - hospital district or authority,yes,,,surgery patients whose preventive antibiotics were stopped at the right time (within 24 hours after surgery),,63 patients,al_scip%-??inf-3
191,10010.0,marshall medical center north,8000 alabama high#way 69,empty,empty,guntersville,,35976.0,marshall,2565718000.0,acute care hospitals,government - hospital district or authority,yes,surgical infection prevention,scip-inf-4,all heart surgery patients whose blood sugar (blood glucose) is kept under good control in the days right after surgery,empty,0 patients,al_scip-inf-4
192,54711.90181503165,marshall medical center north,,empty,#e$mpty,guntersville,a$%l,35976.0,,2565718000.0,acute care hospitals,government - hospital district or authority,yes,surgical infection prevention,sci$p#-inf-6,surgery patients needing hair removed from the surgical area before surgery who had hair removed using a safer method (electric clippers or hair removal cream c not a razor),100%,155 patients,al_scip-inf-6
193,10010.0,,,empty,empty,guntersville,al,35976.0,marshall,2565718000.0,acute care hospitals,government - hospital district or authority,yes,surgical inf%ection prevention,scip-vte-1,surgery patients whose doctors ordered treatments to prevent blood clots after certain types of surgeries,,,
194,10010.0,,8000 alabama highway 69,empty,empty,guntersville,a#l??,35976.0,marshall,2565718000.0,acute care hospitals,governmen@@t - ho@@spital district or authority,yes,surgical infection prevention,scip-vte-2,patients who got treatment  at the right time (within 24 hours before or after their surgery) to help prevent blood clots after certain types of surgery,84%,,al_scip-vte-2
195,,st vincents east,50 medical park east drive,empt@@y,empty,,??al,35235.0,jefferson,2058383122.0,,,,heart attack,ami-1,,99%,240 patients,al_ami-1
196,,st vinc#ents east,50 medical park east drive,empty,empty,birmingham,al,35235.0,je@@fferson,2058383122.0,acute care hospitals,v%oluntary non-profit - private@@,yes,heart attack,ami-2,heart attack patients given aspirin at discharge,96%,295 patients,al_$??ami-2
197,10011.0,st vincents east,,empty,empty,birmingham,,35235.0,jefferson,2058383122.0,acute care hospitals,voluntary non-profit - private,yes,,,heart attack patients given ace inhibitor or arb for left ventricular systolic dysfunction (lvsd),91%,70 pat??ients,
198,10011.0,st vincents east,50 medical park east drive,empty,empty,birmingham,al,35235.0,jefferson,9817592318.505621,acute care hospitals,voluntary non-profit - private,yes,heart attack,ami-4,,100%,131 pat??ien??ts,al_ami-4
199,10011.0,st vincents east,,empty,empty,birmingham,al,110868.02915805428,jefferson,2058383122.0,acute care hospitals,voluntary non-profit - private,yes,heart attack,ami-5,,99%,288 patients,al_ami-5
200,10011.0,st vincents east,50 medical park east drive,empty,empty,birmingham,al,35235.0,,2058383122.0,acute care hospitals,voluntary non-profit - private,yes,heart attack,ami-7a,,empty,0 patients,al_ami-7a
201,10011.0,st vincents east,50 medical park east drive,empty,,birmingham,al,106247.74310000197,jefferson,2058383122.0,acute care hospitals,voluntary non-profit - private,yes,heart attack,ami-8a,,85%,48 patients,al_ami-8a
202,10011.0,st vincents east,,empty,empty,birmingham,al,35235.0,jefferson,2058383122.0,,voluntary non-profit - private,yes,,,heart failure patients given discharge instructions,94%,,al_hf-1
203,51219.52675236944,,50 medical park east drive,empty,em#pty,birmingham,al,132225.14839979648,,2058383122.0,acute care hospitals,voluntary non-profit - private,,,hf-2,heart failure patients given an evaluation of left ventricular systolic (lvs) function,,372 patients,al_hf-2
204,10011.0,st vincents east,50 medical park east drive,emp??ty,,birmingham,al,35235.0,jefferson,2058383122.0,acute care hospitals,voluntary non-profit - private,yes,heart failure,hf-3,heart failure patients given ace inhibitor or arb for left ventricular systolic dysfunction (lvsd),98%,130 patients,al_hf-3
205,10011.0,st vincents east,50 medical park east drive,empty,empty,birmingham,al,35235.0,jefferson,2058383122.0,acute care hospitals,voluntary non-profit - private,yes,heart failure,,heart failure patients given smoking cessation advice/counseling,100%,69 patients,al_hf-4
206,10011.0,st vincents east,50 medical park east drive,empty,empty,birmingham,al,35235.0,jefferson,,acute care hospitals,voluntary non-profit - private,,,pn-2,pneumonia patients assessed and given pneumococcal vaccination,87%,125 patients,
207,,st vincents east,50 medical park east drive,emp%ty??,empty,birmingham,al#,35235.0,jefferson,2058383122.0,acute care hospitals,,yes,pneumonia,pn-3b,pneumonia patients w@@hose initial emergency room blood culture was performed prior to the administration of the first hospita??l dose of antibiotics,96%,131 patients,al_pn-3b
208,10011.0,st vincents east,50 medical park east drive,e#mpty#,empty,birmingham,al,35235.0,jefferson,2058383122.0,acute c%are hospitals,,yes,pneumonia,pn-4,,100%,69 patients,al_pn-4
209,33064.264446111985,st@@ vincents east,,empty,empty,birmingham,al,35235.0,jefferson,10706785034.568884,acute care hospitals,voluntary non-profit - private,y%es,,pn-5c,pneumonia patients given initial antibiotic(s) within 6 hours after arrival,95%,135 patients$,al_pn-5c
210,10011.0,st vincents east,50 medical park east drive,empty,empty,birmingham,al,111574.55344914299,jefferson,6920483533.766451,acute care hospitals,voluntary non-profit - private,yes,pneumonia,pn-6,pneumonia patients given the most appropriate initial antibiotic(s),91%,112 patients,al_pn-6
211,10011.0,st vincents east,50 #medical park east drive,empty,e#mp#ty,birmingham,al,,jefferson,2058383122.0,acute care hospitals,voluntary non-profit - private,yes,pneumonia,pn-7,pneumonia patients assessed and given influenza vaccination,,89 patients,al_pn-7
212,10011.0,st vincents east,50 medical park east drive,empty,,,,,jefferson,2058383122.0,acute care hospitals,voluntary non-profit - private,yes,surgical infection prevention,scip-@@card-2,,83%,125 patients,al_scip-card-2
213,10011.0,,50 medical park east drive,empty,empty,birmingham,a#l$,35235.0,,2058383122.0,acute c??are hospitals@@,voluntary non-profit - private,yes,,scip-inf-1#,surgery patients who were given an antibiotic at the right time (within one hour before surgery) to help prevent infection,97$%,461 patients,
214,,st vincents east,50 medical park east drive,empty,empty,birmingham,al,35235.0,jefferson,2058383122.0,acute care hospitals,voluntary non-profit - private,,surgical infection prevention,scip-inf-2,surgery patients who were given the  right kind  of antibiotic to help prevent infection,98%,473 patients,al_scip-inf-2
215,10011.0,st vin??cents %east,50 medical park east drive,empty,empty,birmingham,al,35235.0,jefferson,2058383122.0,acute care hospitals,voluntary non-profit - private,,surgical infection prevention,scip-inf-3,surgery patients whose preventive antibiotics were stopped at the right time (within 24 hours after surgery),81%,442 patients,al_scip-inf-3
216,,st v#incents east,50 medical park east drive,empty,empty,birmingham,al$#,35235.0,jefferson,2058383122.0,acute care hospi#tal%s,voluntary non-profit - private,yes,,,all heart surgery patients whose blood sugar (blood glucose) is kept under good control in the days right after surgery,60%,127 patients,al_scip-inf-4
217,10011.0,st vincents east,50 medical park east drive,empty,,birmingha??m,al,119706.17304921546,,2058383122.0,acute care hospitals,voluntary non-profit - private,yes,surgical infection prevention,scip-inf-6,surgery patients needing hair removed from the surgical area before surgery who had hair removed using a safer method (electric clippers or hair removal cream c not a razor),,601 patients,al_scip-inf-6
218,,st vincents east,50 medical park east drive,empty,empty,birmingham,al,35235.0,jefferson,,acute care hospitals,voluntary non-profit - private,yes,surgical infection preven$tion,scip-vte-1,surgery patients whose doctors ordered treatments to prevent blood clots after certain types of surgeries,,,al_scip-vte-1
219,10011.0,st vincents east,50 medical park east drive,empty,empty,birmingham,al,35235.0,jefferson,,acute care hospitals,voluntary non-profit @@- priv$ate,,surgical infection prevention,scip-vte-2,patients who got treatment  at the right time (within 24 hours before or after their surgery) to help prevent blood clots after certain types of surgery,,224 patients,al_scip-vte-2
220,,dekalb regional medical center,200 med center drive,,empty,fo??rt payne,a$l,35968.0,de kalb,2568453150.0,acute care hospitals,voluntary non-profit - church,yes,heart attack,ami-1,,,46 patients,al_ami-1
221,10012.0,,200 med center drive,empty,empty,fort payne,al,35968.0,,2568453150.0,acute care hospitals,voluntary non-profit - church,yes,heart attack,ami-2,heart attack patients given aspirin at discharge,,39 patients,al_ami-2
222,10012.0,dekalb regional medical center,200 med center drive,empty,e$mp$ty,fort payne,al,35968.0,de kalb,2568453150.0,acute care hospitals,voluntary non-profit - church,yes,heart at$tack,ami-3,heart attack patients given ace inhibitor or arb for left ventricular systolic dysfunction (lvsd),91%,11 patients,al_ami-3
223,10012.0,dekalb regional medical center,200 med center drive,,empty,fort payne,al,35968.0,de# kalb,2568453150.0,acute care hospitals,voluntary non-profit - church,yes,,ami-4,@@heart att@@ack patients given smoking cessation advice/counseling,100%,14 patients,al_ami-4
224,10012.0,dekalb regional medical center,200 med center drive,empty,empty,fort payne,al,35968.0,de kalb,2568453150.0,acute care hospitals,voluntary non-profit - church,yes,heart attack,ami-5,,95%,41 patients,al_ami-5
225,,dekalb regional medical center,200 med center drive,empty,empty,fort payne,al,35968.0,,,,,yes,hea#rt attac@@k,,heart attack patients given fibrinolytic medication within 30 minutes$ of arrival,100%,1 patients,al_ami-7a
226,10012.0,dekalb regional medical center,200 med center drive,,empty,,al,35968.0,de kalb,2568453150.0,acute care hospitals,voluntary non-profit - church,yes,hea??rt atta??ck,ami-8a,heart attack patients given pci within 90 minutes of arrival,40%,5 patients,al_ami-8a
227,10012.0,dekalb regional medical center,200 med center drive,,em$pty,,al,35968.0,de kalb,2568453150.0,acute care hospitals,voluntary non-profit - church,,heart failure,hf-$1,heart failure patients given discharge instructions,89%,76 patients,al_hf-1
228,10012.0,dekalb regional medical center,20%0 med center ??drive,empty,#e??mpty,fort payne,al,35968.0,de kalb,2568453150.0,,voluntary non-profit - church,yes,heart failure,hf-2,heart failure patients given an evaluation of left ventricular systolic (lvs) function,1%0%0%,94 patients,al_hf-2
229,10012.0,dekalb regional medical center,200 med center drive,empty,empty,fort payne,al,35968.0,de kalb,2568453150.0,acute care hospita%ls,voluntary non-profit - church,yes,heart failure,hf-3,heart failure patients given ace inhibitor or arb for left ventricular systolic dysfunction (lvsd),,36 patients,al_hf-3
230,10012.0,dekalb regional medical center,200 med center drive,empty,empty,f??ort pay%ne,al,35968.0,de kalb,2568453150.0,acute care hospitals,voluntary non-profit - church,yes,heart failure,hf-4,heart failure patients given smoking cessation advice/counseling,100%,15 patients,
231,10012.0,dekalb regional medical center,2%00 med %center drive,empty,empty,,,35968.0,de kalb,2568453150.0,acute care hospitals,,yes,pneum??oni$a,pn-2,pneumonia patients assessed and given pneumococcal vaccination,97%,69 patients,al_pn-2
232,10012.0,dekalb regional medical center,200 med center drive,empty,empty,,,,de kalb,11778334577.54276,acute care h$ospitals,voluntary non-profit - church,yes,pneumonia,pn-3b,,93%,91 patients,al_pn-3b
233,10012.0,dekalb regional medical center,200 med?? center drive,empty,empty,,al,35968.0,de kalb,,acute care hospitals,voluntary non-profit - church,yes,pneumonia,pn-4??@@,pneumonia patients given smoking cessation advice/counseling,100%,37 patients,al_pn-4
234,10012.0,dekalb regional medical center,200 med center drive,empty,,fort payne,al,35968.0,de kalb,2568453150.0,acute care hospitals,,yes,pneumonia,pn-5@%@c,pneumonia patients given initial antibiotic(s) within 6 hours after arrival,99%,88 patients,al_pn-5c
235,54712.4045932416,dekalb regional medical center,200 med center drive,empty,empty,,al,,de kalb,2568453150.0,,voluntary non-profit - church,yes,pneumonia,pn-6,pneumonia patients given the most appropriate initial antibiotic(s),88%,82 patients,al_pn-6
236,10012.0,dekalb regional medical center,,#empty,empty,fort payne,al,35968.0,de kalb,2568453150.0,acute care hospitals,voluntary non-profit - church,#ye%s,pneumonia,pn-7,,98%,56 patients,al_pn-7
237,10012.0,dekalb regional medical center,,empty$,empty,fort payne,al,35968.0,de kalb,,acute care hospitals,voluntary non-profit - church,yes,surgical infection prevention,scip-card-2,surgery patients who were taking heart drugs called beta blockers before coming to the hospital who were kept on the beta blockers during the period just before and after their surgery,100%,16 patients,a??l_scip-card-2
238,10012.0,,200 med center drive,empty,empty,,al,35968.0,,2568453150.0,acute care hospitals,voluntary non-profit - church,yes,,scip-inf-1,surgery patients who were given an antibiotic at the right time (within one hour before surgery) to help prevent infection,97%,139 patients,
239,10012.0,dekalb regional medical center,200 med center drive,empty,,fort payne,al,35968.0,,2568453150.0,,voluntary non-profit - church,yes,surgical infection prevention,,surgery patients who were given the  right kind  of antibiotic to help prevent infection,,,al_scip-inf-2
240,10012.0,dekalb regional medical center,200 med center drive,empty,,fort payne,#a%l,35968.0,de kalb,,acute care hospi??tals,voluntary non-profit - church,yes,surgical infection prevention,scip-inf-3,surgery patients whose preventive antibiotics were stopped at the right time (within 24 hours after surgery),98%,136 patients,al_scip-inf$-3??
241,10012.0,,200 med center drive,empty,empty,fort payne,al,35968.0,de kalb,2568453150.0,acute care hospitals,voluntary non-profit - church,yes,surgical infection prevention,scip-inf-4,,empty,0 patients%,al_scip-inf-4
242,10012.0,dekalb regional medical center,200 med center drive,,empty,,,35968.0,de kalb,2568453150.0,,voluntary non-profit - church,yes,surgical infection prevention,scip-inf-6,surgery patients needing hair removed from the surgical area before surgery who had hair removed using a safer method (electric clippers or hair removal cream c not a razor),100%,179 patients,
243,10012.0,,200 med ce#nter %drive,empty,empty,fort payne,al,,de kalb,2568453150.0,acute care hospitals,vo??luntary non-profit - #church,,,scip-vte-1,surgery patients whose doctors order#ed treatments to prevent blood clots after certain types of surgeries,97%,,al_scip-vte-1
244,10012.0,dekalb regional medical center,200 med center drive,empty,,fort payne,al,35968.0,de kalb,2568453150.0,acute care hospitals,voluntary non-profit - church,yes,surgical infection prevention,scip-vte-2,patients who got treatment  at the right time (within 24 hours before or af??ter their surgery) to help prevent blood clots after certain types$ of surgery,97%,90 patients,al_scip-vte-2
245,10015.0,southwest alabama medical center,33700 highway 43,emp??ty,empty,thomasville,al,140393.35259927192,clarke,3346366221.0,,,,heart attack,ami-1,heart attack patients given aspirin at% arrival,em@@pty,0 pati$ents,al_ami-1
246,10015.0,,33700 highway 43,empty,empty,thomasville,al,36784.0,clarke,3346366221.0,acute care hospitals,,yes,heart attack,ami-2,heart attack patients given aspirin a$t discharge,empty,0 patients,al_am#i-2$
247,10015.0,southwest alabama medical center,337??00 highway?? 43,empty,empty,thomasville,al,36784.0,,3346366221.0,ac??ute care h$ospitals,government - federal,yes,heart attack,ami-3,heart attack patients given ace inhibitor or arb for left ventricular systolic dysfunction (lvsd),empty,0 patients,al_ami-3
248,10015.0,southwest alabama medical center,33700 highway 43,empty,empty,thomasville,al,36784.0,clarke,,,government@@ - feder$al,,heart attack,ami#-4,heart attack patients given smoking cessation advice/counseling,,,al_ami-4
249,10015.0,southwest alabama medical center,33700 h%ighway 43,empty,empty,$tho@@masville,,,,,acute care hospitals,,yes,heart attack,ami-5,heart attack patients given beta blocker at discharge,empty,0 patients,al_ami-5
250,,,,empty,,thomasville,al,179319.23374892873,clarke,3346366221.0,acute care hospitals,government - federal,yes,heart attack,ami-7a,,empty,0 patients,al_ami-7a
251,10015.0,southwest alabama medical center,33700 highway 43,empty,empty,,al@@%,36784.0,clarke,3346366221.0,acute care hospitals,government - federal,yes,heart attack,ami-8a,heart attack patients given pci within 90 minutes of arrival,empty,0 patients,al_ami-8a
252,46848.68452719629,southwest alabama medical center,33700 highway 43,,empty,thomasville,al,,clarke,,acute care hospitals,government - federal,yes,,hf$-1,heart failure patients given discharge instructions,,79 patients,
253,10015.0,southwest alabama medical center,33700 highway 43,@@empt%y,empty,thomasville,al,,clarke,3346366221.0,acute care hospitals,government - federal,yes,heart failure,,heart failure patients given an evaluation of left ventricular systolic (lvs) function,89%,91 patients,
254,55238.91128442256,southwest alabama medical center,33700 highway 43,empty#,empty,thomasville,al,36784.0,clarke,3346366221.0,acute care hospitals,,yes,heart failure,hf-3,heart failure patients given ace inhibitor or arb for left ventricular systolic dysfunction (lvsd),88????%,25 patients,al_hf-3
255,10015.0,southwest alabama medical center,33700 highway 43,????empty,empty,thomasville,al,174128.46405748557,,3346366221.0,acute care hospitals,,yes,heart failure,hf-4,heart failure patients given smoking cessation advice/counseling,88%,17 p$at#ients,
256,10015.0,southwes$t alabama medical center,33700 highway 43,empty,empty,thomasville,#al,36784.0,,,acute care hospitals,government - federal,yes,p$neum%onia,pn-2,pneumonia patients assessed and given pneumococcal vaccination,,25 patients,al_pn-2
257,10015.0,southwest alabama medical center,33700 highway 43,empty,,thomasville,a??l%,36784.0,clarke,,acute c@@are hospitals,gove%rnm@@ent - federal,yes,,pn-3b,pneumonia patients whose initial emergency room blood culture was performed prior to the administration of the first hospital dose of antibiotics,,24 patients,al_pn-3b
258,10015.0,,33700 highway 43,empty,,thomasville,,,clarke,3346366221.0,acute care hospitals,government - federal,yes,pneumonia,pn-4,pneumonia patients given smoking cessation advice/counseling,100%,6 patients,al_pn-4
259,10015.0,southwest alabama medical center,,,empty,,al,36784.0,clarke,17658554705.328007,acute care hospitals,government - federal,y@@es,pneumonia,pn-5c,pneumonia patients given initial antibiotic(s) within 6 hours after arrival,96%,24 patients,al_pn-5c
260,10015.0,,33700 highway 43,empty,empty,thomasville,al,36784.0,clarke,,acute care hospitals,,,pneumonia,pn-6,pneumonia patients given the most appropriate initial antibiotic(s),100%,26 patients,
261,10015.0,southwest alabama medical center,33700 highway 43,,empty,thomasville,al,36784.0,clarke,3346366221.0,acute care hospitals,government - federal,yes,pneumonia,,,92%,24 patients,al_pn-7
262,10015.0,southwest alabama medical center,33700 highway 43,empty,empty,,al,36784.0,clarke,19598851300.807476,acute care hospitals,,yes,surgical infection prevention,scip-card-2,surgery patients who were taking heart drugs called beta blockers before coming to the hospital who were kept on the beta blockers during the period just before and after their surgery,empty,@@e#mpty,
263,10015.0,southwest alabama medical ce#nter,33700 highway 43,empty,empty,,,,c??larke,3346366221.0,acute care hospitals,,yes,surgical infection prevention,scip-inf-1,surgery patients who were given an antibiotic at the right time (within one hour before surgery) to help prevent infection,8??6%,,al_scip-inf-1
264,33638.04967278627,southwest alabama medical center,,,empty,,al,,cl??arke,3346366221.0,,government - federal,yes,surgical infection prevention,,surgery patients who were given the  right kind @@ of antibiotic# to help prevent infection,93%,14 patients,al_scip-inf-2
265,10015.0,southwest alabama medical center,,empty,,thomasville,al,36784.0,clarke,3346366221.0,acute care hospitals,government - federal$,yes,surgical infection prevention,scip-inf-3,,86%,14 patients,al@@_sci%p-inf-3
266,10015.0,southwest alabama medical center,33700 highway 43,empty,emp@@ty,thomasville,al,36784.0,clarke,3346366221.0,acute care hospitals,,ye@@s,surgical infection prevention,scip-inf-4,all heart surgery patients whose blood sugar (blood glucose) is kept under good control in the days right after surgery,empty,0 patients,al_scip-inf-4
267,,,3370$0 highway 43,empty,empty,,al,36784.0,clarke,,acute care?? hospitals,government - federal,ye$s,surgical infection prevention,scip-inf-6,surgery patients needing hair removed from the surgical area before surgery who had hair removed using a safer method (electric clippers or hair removal cream c not a razor),100%,15 patients,al@@_scip-inf-6
268,,southwest alabama medical center,33700 hi??ghway 43#,empty,,,,36784.0,clarke,3346366221.0,,government - federal,,,scip-vte-1,surgery patients whose doctors ordered treatments to prevent blood clots after certain types of surgeries,9#0%??,10 patients,al_scip-vte-1
269,10015.0,southwest alabama medical center,33700 highway 43,empty,empty,thomasville,,199425.23573600955,,3346366221.0,acute care hospitals,government - federal,,surgical infection prevention,scip-vte-2,,90%,10 pati#en??ts,al_scip-vte-2
270,35860.678729540035,shelby baptist medical center,1000 first street nor?@@?th,empty,empty,alabaster,al,35007.0,shelby,2056208100.0,acute care hospitals,voluntary non-profit - church,yes,heart attack,ami-1,heart attack patients given aspirin at arrival,99%??%,,al_ami-1
271,10016.0,shelby baptist medical center,1000 first street north,empty,,alabaster,a%@@l,35007.0,sh@@e#lby,2056208100.0,acute care hospitals,volu#ntary non-profit - church,,heart attack,ami-2,heart attack patients given aspirin at discharge,97%,208 patients,al_ami-2
272,10016.0,shelby baptist medical center,1000 first street north,empty,,alabaster,al,35007.0,shelby,2056208100.0,acute care hospitals,voluntary non-profit - church,yes,heart a@@ttack@@,a#@@mi-3,,$10#0%,30 patients,al_ami-3
273,10016.0,,,empty,empty,@@alabas@@ter,al,35007.0,she@@$lby,2056208100.0,acute care hospitals,voluntary non-profit - church,yes,,ami-4,heart attack patients given smoking cessation advice/counseling,100%,98 patients,al_ami-4
274,10016.0,shelby baptist medical center,1000 first street north,empty,empt#y$,alabaster,a@@l,35007.0,s#helby,2056208100.0,,voluntary non-profit - church,yes,he??art attac$k,ami-5,heart attack patients given beta blocker at discharge,97%,169 patients,al_ami@@-5
275,10016.0,,1000 first street nor@@th,,empty,alabaster,al,35007.0,shelby,2056208100.0,acute care hospitals,voluntary non-profit - church,,heart attack,ami-7a,,empty,0 patients,al_ami-7a
276,10016.0,shelby baptist medical center,1000 first@@ street #north,empty,empty,alabaster,al,35007.0,shelby,9355973968.18134,$acut??e care hospitals,voluntary non-profit - church,yes,,ami-8a,heart attack patients given pci within 90 minutes of arrival,,36 patients,al_ami-8a
277,10016.0,shelby baptist medical center,,empty,,alabaster,al,35007.0,shelby,,,voluntary non-profit - church,yes,,hf-1,heart failure patients given discharge instructions,86%,,al_hf-1
278,10016.0,,,empty,empty,alabaster,al,,shelby,2056208100.0,a%cute care ho#spitals,voluntary non-profit - church,$yes,heart failure,hf-2,heart failure patients given an evaluation of left ventricular systolic (lvs) function,100%,246 patients,al_hf-2
279,10016.0,shelby baptist medical center,,empty,empty,alabaster,??#al,35007.0,shelby,7304918846.620548,,voluntary non-profit - church,yes,heart failure,hf-3,heart failure patients given ace inhibitor or arb for left ventricular systolic dysfunction (lvsd),97%,71 patients,al_hf-3
280,10016.0,shelby baptist medical center,1000 first street north,empty,,alabaster,al,35007.0,shelby,,acute care hospitals,voluntary non-profit - church,yes,heart failure,hf-4,heart failure patients given smoking cessation advice/counseling,100%,,al_hf-4
281,10016.0,shelby baptist medical center,1000 first street north,empty,em$pty@@,a@@labas#ter,al,35007.0,shelby,2056208100.0,acute care hospitals,voluntary non-profit - church,yes,%pneum??onia,pn-2,pneumonia patients assessed and given pneumococcal vaccination,97%,235 patients,al_pn-2
282,10016.0,shelby baptist medical center,1000 first street north,,empty,alabaster,,35007.0,,2056208100.0,acute care hospitals,voluntary non-profit - church,ye@@s,,pn-3b,pneumonia patients whose initial emergency room blood culture was performed prior to the administration of the first hospital dose of antibiotics,,110 patients,al_pn-3b
283,10016.0,shelby baptist medical center,,,empty#??,alabaster,,35007.0,shelby,11184429796.574652,acute care hospitals,voluntary non-profit - church,,pneumonia,pn-4,pneumonia patients given smoking cessation advice/counseling,100%,131 patients,a#l_pn-4
284,10016.0,s#helby ba@@ptist medical center,,empty,empty,alabaster,al,35007.0,shelby,2056208100.0,acute care hospitals,voluntary non-profit - church,yes,pneumonia,pn-5c,pneumonia patients given initial antibiotic(s) within 6 hours after arrival,96%,239 patients,al_pn-5c
285,10016.0,she??lby baptist me#dical center,1000 first street north,empty,empty,alabaster,al,35007.0,shelby,8708619219.479307,acute care hospitals,voluntary non-profit - church,,pneumonia,pn-6,,93%,116 patients,al_pn-6
286,44844.52314177393,shelby baptist medical center,1000 first street north,empty,empty,alabaster,al,,shelby,2056208100.0,acute care hospitals,,yes,pneumonia,pn-7,pneumonia patients assessed and given influenza vaccination,92%,,al_pn-7
287,35795.282010629075,shelby baptist medical center,1000 first street north,empty,empty,alabaste$r#,al,,,2056208100.0,acute care hospitals,voluntary %n#on-profit - church,yes,,??scip-$card-2,surgery patients who were taking heart drugs called beta blockers before coming to the hospital who were kept on the beta blockers during the period just before and after their surgery,??89??%,96 patients,
288,10016.0,shelby baptist medical center,1000 first street north,empty,,alabaster,al,35007.0,shelby,2056208100.0,,,yes,surgical infection prevention,scip-inf-1,surgery patients who were given an antibiotic at the right time (within one hour before surgery) to help prevent infection,98%,368 patients,al_scip-inf-1
289,10016.0,shelby baptist medical center,1000 first street north,empty,,alabaster,al,35007.0,shelby,,acute care hospitals,voluntary non-profit - church,yes,surgical infection prevention,scip-inf-2,surgery patients who were given the  right kind  of antibiotic to help prevent infection,,370 patients,??al#_scip-inf-2
290,10016.0,shelby baptist medica@@l %center,1000 first street north,empty,empty,alabaster,al,35007.0,,,acute care hospitals,,yes,surgical infect%ion p%revention,scip-inf-3,surgery patients whose preventive antibiotics were stopped at the right time (within 24 hours after surgery),91%,331 patients??,al_scip-inf-3
291,10016.0,shelby baptist medical center,1000 first street north,empty,,alabaster,al,35007.0,shelby,2056208100.0,acute care hospitals,voluntary non-profit - church,yes,surgical infection prevention,scip-inf-4,all heart surgery patients whose blood sugar (blood glucose) is kept under good control in the days right after surgery,9??3%,,al_scip-inf-4
292,10016.0,shelby baptist medical center,1000 first street north,empty,empty,alabaster,,35007.0,,,acute care hospitals,,??y@@es,su#rgical infection prevention,scip-inf-6,surgery patients needing hair removed from the surgical area before surgery who had hair removed using a safer method (electric clippers or hair removal cream c not a razor),100%,588@@ patie%nts,al_scip-inf-6
293,10016.0,,,empty,em@@pty,alabaster,al,35007.0,shelby,2056208100.0,ac$ute care hospitals,voluntary non-profit - church,yes,surgical infection prevention,scip-vte-1,,97%,226 patients,al_scip-vte-1
294,10016.0,shelby baptist medical center,1000 first street north,empty,empty,alabaster,a@@l@@,35007.0,shelby,2056208100.0,acute care hospitals,,yes,,scip-vte-2,,94%,225 patients,al_scip-vte-2
295,10018.0,callahan eye foundation hospital,1720 university blvd,empty,empty,birmingham,%@@al,35233.0,jefferson,2053258100.0,acute care hospitals,voluntary non-profit - private,,heart attack,ami-1,,,??empt??y,al_ami-1
296,49406.85224238363,callahan eye foundation hospital,1720 university blvd,,empty,birmingham,al,,jefferso$#n,2053258100.0,acute care hospitals,voluntary non-profit - private,yes,he@@art attack,ami-2,he$art attack patients given aspirin a$t discharge,empty,,al_ami-2
297,10018.0,callahan eye fou??ndation hospital,1720 university blvd,empty,empty,birmingham,al$,35233.0,jefferson,2053258100.0,acute care hospitals,voluntary non-profit - private,yes,heart attack,ami%-3,heart attack patients given ace inhibitor or arb for left ventricular systolic dysfunction (lvsd),#empty,empty,
298,44924.17231133548,callahan eye foundation hospital,1720 univers$ity blvd,empty,empty,birmingham,al,35233.0,jefferson,2053258100.0,acute care hospitals,voluntary @@non-profit - private,yes,heart attack,ami-4,heart attack patients given smoking cessation advice/counseling,empty,empty,al_??ami-4
299,,,1720 university blvd,empty,empty,birmingham,a$l,35233.0,jefferson,2053258100.0,,voluntary non-profit - private,,heart attack,ami-5,heart attack patients given beta blocker at discharge,empty,,al_ami-5
300,10018.0,callahan eye foundation hospital,1720 university blvd,empty,empty,birmingham,al,35233.0,jefferson,,,voluntary non-profit - private,,heart attack,ami-7a,,empty,empty,al_ami-7a
301,,callahan eye foundation hospital,1720 university blvd,empty,empty,,,35233.0,jefferson,2053258100.0,acute care hospitals,voluntary non-profit - private,yes,heart attack,ami-8a,heart attack patients given pci within 90 minutes of arrival,empty,,al_ami-8a
302,10018.0,,1720 university blvd,empty,em@@p??ty,birmingham,al,,jeffe$r$son,2053258100.0,acute care hospitals,voluntary non-profit - private,,hear??t %failure,hf-1,heart failure patients given discharge instructions,empty,emp$ty,al_%hf-1
303,10018.0,callahan eye foundation hospital,1720 university??@@ blvd,empty,empty,birmingham,a@@l,35233.0,jefferson,2053258100.0,,voluntary non-profit - private,,,,heart failure patients given an evaluation of left ventr??icular systolic (lvs) function,,empty,
304,10018.0,callahan eye foundation hospital,1720 university blvd,empty,empty,birmingham,al,35233.0,jefferson,2053258100.0,acute care hospitals,voluntary non-profit - private,yes,heart #fai$lure,hf-3,,e#mp??ty,empty,al_hf-3
305,10018.0,callahan eye foundation hospital,1720 university blvd,empty,empty,birmingham,al,129572.91694865584,jefferson,,acute care hospitals,voluntary non-profit - private,yes,,hf-4,heart failure patients given smoking cessation advice/counseling,empty,empty,al_hf-4
306,10018.0,callahan eye foundation hospital,,empty,empt#y,birmingham,al,35233.0,jefferson,,acute care hospitals,voluntary non-profit - private,y$es,pneumonia,pn-2,pneumonia patients assessed and given pneumococcal vaccination,,,al_pn-2
307,10018.0,callaha??n eye foundation hospital,1720 university blvd,empty,empty,birmingham,al,35233.0,,,acute care hospitals,voluntary non-profit - private,#ye??s,pneumonia,pn-3b,pneumonia patients whose initial emergency room blood culture was performed prior to the administration of the first hospital dose of antibiotics,empty,empty,
308,10018.0,callahan eye foundation hospital,,empty,$empty,birmingham,al,,jefferson$,2053258100.0,acute care hospitals,voluntary non-profit - private,yes,pn@@eumonia%,pn-4,pneumonia patients given smoking cessation advice/counseling,empty,empty,al_pn-4
309,10018.0,callahan eye foundation hospital,1720 university blvd,,,birmingham,al,35233.0,jefferson,2053258100.0,acute care hospitals,voluntary non-profit - private,yes,pneumonia,pn-5c,pneumonia patients given initial antibiotic(s) within 6 hours after arrival,empty,empty,
310,10018.0,callahan eye foundation hospital,1720 universi#ty blvd,empty,empty,birmingham,al,35233.0,jefferson,8559452721.730193,acute care hospitals,voluntary non-profit - private,yes,pneumonia,pn-6,,empt#y,,al_pn-6
311,10018.0,callahan eye foundation hospital%,1720 university blvd,empty,empty,birmingham,al,,je$fferson,2053258100.0,a#cute car#e hospitals,,yes,pneumonia,pn-7,,empty,empty,al_pn-7
312,,,,empty,empty,,??al@@,,calhoun,13145049030.160637,acute care hospitals,proprietary,,children s asthma care,cac-2,children who received systemic corticosteroid medication (oral and iv medication that reduces inflammation and controls symptoms) while hospitalized for asthma,100%,9 patients,al_cac-2
313,10038.0,stringfe$llow memorial hospi#tal,301 east 18th st,empty,empty,,al,36201.0,,,,proprietary,,children s asthma care,cac-3,children and their caregivers who received a home management plan of care document while hospitalized for asthma,33%,9 patients,al_cac-3
314,10038.0,stringfellow memorial hospital,301 east 18th st,empty,empty,anniston,al,36201.0,,2562358900.0,acute care hospitals,proprietary,yes%@@,heart attack,,heart attack patients given aspirin at arrival,98%,81 patients,al_ami-1
315,10038.0,stringfellow memorial hospital,301 east 18th st,e#mp@@ty,,anniston,al,36201.0,cal$ho??un,2562358900.0,acute care hospitals,prop#rietary,%ye#s,heart attack,ami-2,heart attack patients given aspirin at discharge,96%,,al#_ami@@-2
316,10038.0,stringfellow memorial hospital,301 east 18th st,empty,empty,anniston,al,168807.15873965636,,14582407021.811075,acute care hospitals,,yes,heart attack,,heart attack patients given ace inhibitor or arb for left ventricular systolic dysfunction (lvsd),93%#,,al_ami-3
317,,,,e??mpty,empty,anniston,al,36201.0,,13589812758.813656,acute care hospitals,proprietary,yes,heart attack,ami-4,heart attack patients given smoking cessation advice/counseling,100%,29 patients,al_ami-4
318,10038.0,stringfellow memorial hospital,301 east 18th st,empty,empty,anniston,al,,,2562358900.0,acute care hospitals,proprietary,yes,hea$rt #attack,ami-5,heart attack patients given beta blocker at discharge,,67 patients,al_ami-5
319,10038.0,,301 east 18th st,,emp??ty??,,al,36201.0,,2562358900.0,acute care@@ hospita@@ls,proprietary,yes,heart# attack,am%i-7a,heart attack patients given fibrinolytic medication within 30 minutes of arrival,0%,1 patients,al_ami-7a
320,10038.0,stringfellow memorial hospital,301 east 18th st,empty,empty,,al,,calhoun,2562358900.0,acute care hospitals,proprietary,yes,heart attack,,heart attack patients given pci within 90 minutes of arrival,87%,15 patients,al_ami-8a
321,10038.0,,301 east 18th st,empty,empty,anniston,,36201.0,$ca@@lhoun,12126391565.042995,a??cute care hospitals,proprietary,yes,heart failure,,heart failure patients given discharge instructions,87%,142 patients,al_hf-1
322,,stringfellow memorial hospital,301 east 18th st,empt%y,empty,anniston,al,36201.0,calhoun,2562358900.0,acute care hospitals,proprietary,yes,heart failure,hf-2,heart failure patients given an ev$aluation of left vent%ricular systolic (lvs) function,100%,157 patients,al_hf-2
323,41211.088914672946,,,empty,empty,anniston,al,36201.0,calhoun,2562358900.0,acute care hospitals,proprietary,yes,heart failure,hf-3,heart failure patients given ace inhibitor or arb for left ventricular systolic dysfunction (lvsd),90%,49 %patients,al_hf-3
324,,stringfellow memorial hospital,,,empty,anniston,al,36201.0,calhoun,2562358900.0,acute care hospita??ls,proprietary,yes,heart failure,hf$-4#,heart failure patients given smoking cessation advice/counseling,,41 patients,al_hf-4
325,10038.0,stringfellow memorial hospita%#l,301 east 18th st,empty,,,al,36201.0,calhoun,2562358900.0,,proprietary,#ye$s,pneumonia,,pneumonia patients assessed and given pneumococcal vaccination,97%,110 patients,al_pn-2
326,10038.0,,301 east 18th st,empty,,anniston,al,36201.0,calhoun,2562358900.0,acute care hospitals,proprietary,yes,$pneumonia,pn-3b,,1$00%,,al_pn-3b
327,10038.0,stringfellow memorial hospital,301 ??east 18$th st,empty,empty,anniston,al,36201.0,calhoun,12671742348.091116,acu%te care hospi$tals,,yes,pneumonia,pn-4,pneumonia patients given smoking cessation advice/counseling,100%,83 patients,al_pn-4
328,10038.0,stringfellow memorial hospital,301 east?? 18th st,empty,empty,,al,,calhoun,,acute care hospitals,proprietary,yes,pneumonia,pn-5c,pneumonia patients given initial antibiotic(s) within 6 hours after arrival,97%,145 patients,al_pn-5c
329,10038.0,stringfellow memorial hospital,301 east 18th st,empty,empty,anniston,al,36201.0,,2562358900.0,%??acute care hospitals,proprietary,y??es$,pneumonia,pn-6,pneumonia patients given the most appropriate initial antibiotic(s),92%,99 patients,??al@@_pn-6
330,10038.0,stringfellow memori@@al# hospital,301 east 18th st,empty,,,$al,36201.0,calhoun,2562358900.0,acute care hospit@@als,proprietary,yes,pneumonia??,pn-7,pneumonia patients assessed and given influenza vaccination,91%,87 patients,
331,10038.0,,,,,anniston,al,,calhoun,2562358900.0,acute care hospitals,proprietary,yes,surgical infection prevention,s%cip-c@@ard-2,surgery patients who were taking heart drugs called beta blockers before coming to the hospital who were kept on the beta blockers during the period just before and after their surgery,83%,23 patients,al_scip-card-2
332,10055.0,flowers hospital,4370 west main street,empty,empty,dothan,al,36305.0,hou@@ston,3347935000.0,acute care hospitals,proprietary,yes,heart failure,hf-2,heart failure patients given an evaluation of left ventricular systolic (lvs) function,100%,342 patients,al_hf-2
333,10055.0,,4370 west main street,empty,,dothan,al,36305.0,houston,3347935000.0,acute care hospitals,proprieta??ry??,yes,,,heart failure patients given ace inhibitor or arb for left ventricul@@ar systolic dysfunction (lvsd),100%,94 patients??,al_hf-3
334,,flowers hospital,4370 west main street,empty,empty,dothan,al,,houston,3347935000.0,acute care hospitals,,yes,heart failure,hf-4,heart failure patients given smoking cessation advice/counseling,,62 patients,al_hf-4
335,10055.0,flowers hospital,4370 west main street,empty,empty,dothan,,36305.0,,3347935000.0,acute care hospitals,proprietary,,,pn-2,,100%,166 patients,al_pn-2
336,34259.12480012645,flowers hospital,4370 west main street,empty,empty,dothan,al,36305.0,houston,,acute care hospit#als,proprietary,yes,pneumonia,pn-3b,pneumonia patients whose initial emergency room blood culture was performed prior to the administration of the first hospital dose of antibiotics,100%,152 patients,al_pn-3b
337,10055.0,flowers hospital,,e%m@@pty,empty,d@@othan,,36305.0,houston,17012605755.207485,,proprietary,yes,pneumonia,p#n-@@4,pneumonia patients given smoking cessation advice/counseling,100%,77 patients,al%_??pn-4
338,10055.0,flowers hospital,4370 west main street,,empty,dothan,a%l,,houston,3347935000.0,acute care hospitals,proprietary,yes,,,pneumonia patients given initial antibiotic(s) within 6 hours after arrival,99#%,146 patients,al_pn-5c
339,10055.0,flowers hospital,4370 west main street,empty,empty,dothan,,36305.0,houston,3347935000.0,acute care hospitals,,,pneumonia,pn??-6,pneumonia patients given the most appropriate initial antibiotic(s),99%,112 patients,al_pn-6$
340,10055.0,flowers hospital,4370 west main street,empty,empty,dothan,al,,houston,3347935000.0,acute care hospitals,proprietary,yes,pneumonia,pn@#@-7,pneumonia patients assessed and given influenza vaccination,99%,128 patients,al_pn-7
341,10055.0,flowers hospital,4370 west main street,empty,emp@@t$y,%dothan,al,36305.0,,3347935000.0,,proprietary,,surgical infection prevention,scip-card-2,surgery patients who were taking heart drugs called beta blockers before coming to the hospital who were kept on the beta blockers during the period just before and after their surgery,100%,147 patie$nts,al_scip-card-2
342,10055.0,,4370 west main street,empty,empty,dothan,al,36305.0,houston,3347935000.0,acute care hospitals,,y@@e#s,surgical infection prevention,scip-inf-1,surgery patients who were given an antibiotic at the right time (within one hour before surgery) to help prevent infection,,950 patients,al_scip-inf-1
343,10055.0,flowers hos#pital,,empty,,dothan,al,36305.0,houston,3347935000.0,acute care hospitals,proprietary,,surgical infection prevention,scip-inf-2,surgery patients who were given the  right kind  of antibiotic to help prevent infection,100%,957 patients,al_scip-inf-2
344,10055.0,flowers hospital,4370 west main street,empty,,dothan,al,36305.0,houston,3347935000.0,,proprietary,yes,surgical infection prevention,scip-inf-3,,99%,882 patients,al_scip-inf-3
345,10055.0,flowers hospital,4370 west main street,empty,empty,dothan,,36305.0,houston,,,,yes,surgical infection prevention,scip-inf-4,all heart surgery patients whose blood sugar (blood glucose) is kept under good control in the days right after surgery,98%,165 patients,al_scip-inf-4
346,10055.0,flowers hospital,4370 west main street,empty,empty,dothan,al,36305.0,houston,3347935000.0,acute care hospitals,p#roprietary,yes,surgical infection prevention,scip-inf-6,,1#$00%,1295 patients,al_scip-inf-6
347,,flowers hospital,4370 west main street,empty,empty,dot%h$an,al,36305.0,,3347935000.0,acute care hospitals,proprietary,yes,surgical infection prevention,scip-vte-1,surgery patients whose doctors ordered treatments to prevent blood clots after certain types of surgeries,100%,497 patients,al_s??cip-vte$-1
348,10055.0,flower#s h#ospital,4370 west main street,empty,empty,dothan,al%,36305.0,houston,3347935000.0,acute care hospitals,proprietary,yes,surgical infection prevention,,patients who got treatment  at the right time (within 24 hours before or after their surgery) to help prevent blood clots after certain types of surgery,100%,497 patients,
349,10056.0,st vincents hospital,,empty,empty,??birmingham,al,35205.0,,2059397000.0,,voluntary non-profit - other,yes,heart attack,ami-#1,heart attack patients given aspirin at arrival,97%,239 $patients#,al_ami-1
350,10056.0,,,empty,empty,birmingham,al,35205.0,jefferson,2059397000.0,acute care hospitals,voluntary non-profit - other,yes,heart attack,ami-2,heart attack patients given aspirin at discharge,,260 patients,al_ami-2
351,10056.0,st vincents hospital,810 st vincents drive,,empty,,,35205.0,jefferson,2059397000.0,acute care hospitals,voluntary non-profit - other,yes,heart attack,,heart attack patients given ace inhibitor or arb for left ventricular systolic dysfunction (lvsd),,,al_ami-3
352,10056.0,,810 st vincents drive,,%empt%y,birmi@@ngham,al,35205.0,jefferson,,acute care hospitals,voluntary non-profit - other,$yes,heart attack,ami-4,heart attack patients given smoking cessation advice/counseling,100%,,al_ami-4
353,10056.0,,810 st vincents drive,empt$y,empty,birmingham,al,35205.0,jefferson,2059397000.0,acute care hospitals,v#oluntary non-pro@@fit - other,,heart attack,am??i-5%,heart attack patients given beta blocker at discharge,96%,242 patients,al_ami-5
354,10085.0,decatur general hospital,1201 7th street se,empty#,empty,decatur,,35609.0,morgan,2563412000.0,acute care hospitals,,,surgical infection prevention,scip-vte-2,patients who got treatment  at the right time (within 24 hours before or after their surgery) to help prevent blood clots after certain types of surgery,87%$,,al_scip-vte-2
355,10086.0,northwest medical center,1530 $u s highwa#y 43,empty,,winfield,al,35594.0,marion,2054877736.0,acute care hospitals,proprieta#r%y,yes,heart attack,ami-1,heart attack patients given aspirin at arrival,100%,,al_ami-1
356,10086.0,northwest medical center,1530 u s highway 43,empty,,winfield,,35594.0,,2054877736.0,acute car#e hospitals,proprietary,yes,heart attack,a#$mi-2,heart attack patients given aspirin at discharge,,7 patients,al_ami-2
357,10086.0,,1530 u s highway 43,em%pt%y,empty,winfield,al,35594.0,,2054877736.0,acute care hospitals,pr$opr??ietary,#??yes,he??art attack$,a$mi-3,heart attack patients given ace inhibitor or arb for left ventricular systolic dysfunction (lvsd),,2 patients,al_ami-3
358,10086.0,northwest medical center,1530 u s high$way 43,,empty,,al,200925.2634979491,mari%on,,acute care hospitals,proprietary,yes,heart attack,ami-4,heart attack patients given smoking cessation advice/counseling,,1$ patients,al_ami-4
359,10086.0,,1530 ?#?u s highway 43,empty,empty,winfield,al,35594.0,marion,,,proprietary,yes,@@heart attack,ami-5,heart attack patients given beta blocker at discharge,100%,8 patients,al_ami-5
360,10086.0,northwest medical center,1530 u s highway 43,empty,empty,,,35594.0,??marion$,2054877736.0,$acute care hospitals,proprietary,,heart attack,ami-%7a,heart attack patients given fibrinolytic medication within 30 minutes of arrival,,1 patients,al_ami-7a
361,10086.0,northwest medical center,1530 u s highway 43,,emp??t??y,winfield,al,35594.0,marion,2054877736.0,acut$e care hos@@pitals,proprietary,yes,heart attack,ami-8a,heart attack patients given pci within 90 minutes of arrival,,0 patients,
362,,northwest medical center,,empty,,winfield,al,163579.71313862773,marion,8640737631.386948,acute care hospitals,proprietary,yes,heart failure,hf-1,h??eart failure patients given discharge in%structions,90%,,al_hf-1
363,10086.0,northwest medical center,1530 u s highway 43,,,winf@#@ield,al,35594.0,,2054877736.0,,propri@@eta$ry,yes,heart fa%i%lure,hf-2,,100%,,al_hf-2
364,10086.0,,1530 u s highway 43,empt??y,empty,,a$%l,35594.0,marion,2054877736.0,acute care hospitals,proprietary,,,hf-3,,85%,,al_hf-3
365,,,153??0 u s highway 4#3,empty,empty,winfield,,35594.0,marion,2054877736.0,acute care hospitals,proprietary,yes,heart failure,#hf$-4,heart failure patients given smoking cessation advice/counseling,100%,14 patients,al_hf-4
366,,,1530 u s highway 43,,empty,winfield,al,35594.0,marion,2054877736.0,,,ye#s,pneumonia,pn-2,pneumonia patients assessed and given pneumococcal vaccination,91%,66 patients,al_pn-2
367,10086.0,northwest medical center,1530 u s highway 43,emp%ty,empty,winfield,al,,,2054877736.0,acute care hospitals,pr$oprieta$ry,yes,pneumon$ia,pn-3b,pneumonia patients whose initial emergency room blood culture was performed prior to the administration of the first hospital dose of antibiotics,98%,,al_pn-3b
368,10086.0,northwest medical center,1530 u s highway 43,empty,empty,w@@in#field,#a??l,,marion,2054877736.0,acute care hospitals,proprietary,yes,,pn-4,pneumonia patients given smoking cessation advice/counseling,98%,40 patients,al_pn-4
369,39577.455845980054,northwest medical center,,,empty,winfield,al,,marion,2054877736.0,acute care hospitals,proprietary,yes,pneumonia,,pneumonia patients given init$ial antibiotic(s) within 6 hours a%fter arrival,100%,85 patients,al_pn-5c
370,10086.0,northwest medical center,1530 u s highway 43,empty,empty,winfield,al,121094.26854457117,m#a@@rion,7831916966.754051,,proprietary,yes,pneumonia,pn-6,pneumonia patients given the most appropriate initial antibiotic(s),100%,,al_pn-6
371,10086.0,northwest medical center,1530 u s highway 4%3,empty,empty,winfield,al,,,2054877736.0,acute care hospitals,proprietary,yes,,pn-7,pneumonia patients assessed and given influenza vaccination,82%,45 patients,al_pn-7
372,35507.144630706855,northwest medical center,1530 u s% highway 43,empt??y#,empty,winfield,al,35594.0,,2054877736.0,acute care hospitals,proprietary,yes,surgical infection prevention,scip-card-2,,,19 patients,al_scip-card-2
373,10086.0,nor%thwest medical c@@enter,,empty,,winfield,al?%?,35594.0,marion,2054877736.0,acute care hospitals,,,surgical infection prevention,,surgery patients who were given an antibiotic at the right time (within one hour before surgery) to help prevent infection,98%,102 patients,
374,,northwest medical center,1530 u s highway 43,empty,empty,winfield,al,35594.0,marion,2054877736.0,acute care hospitals,proprietary,yes,surgical infection prevention,scip-inf-2,surgery patients who were given the  right kind  of antibiotic to help prevent infection,99%,103 patients,al_scip-inf-2
375,10086.0,northwest medical center,1530 u s highway 43,empty,,winfield,al,,marion,,acute care hospitals,proprietary,ye@@$s,,,surgery patients whose preventive antibiotics were stopped at the right time (within 24 hours after surgery),94%,98 pa@@tients,al_scip-inf-3
376,10086.0,northwest medical center,,empty,empty,winfield,$a#l,160391.88905082532,marion,2054877736.0,acute care hospitals,proprietary,yes,surgical infection prevention,scip-inf-4,all heart surgery patients whose blood sugar (blood glucose) is kept under good control in the days right after surgery,empty,0 patients,al_sc%i%p-inf-4
377,,northwes@@t medical center,,empty,empty,,al,35594.0,marion,2054877736.0,acute care hospitals,proprietary,yes,surgical infection prevention,scip-??inf-6,surgery patients needing hair removed from the surgical area before surgery who had hair removed using a safer method (electric clippers or hair removal cream c not a razor),100%,146 patients,al_scip-inf-6
378,42617.7830021456,northwest medical center,1530 u s highway 43,empt@@y,empty,,,35594.0,marion,2054877736.0,acute care hospi#tals,proprietary,yes,,scip-vte-$1,,95%,5$8 patien??ts,
379,31438.30454669525,,,empty,empty,w$inf??ield,,35594.0,marion,,acute care hospital$s,proprietary,yes,,scip-vte-2,patients who got treatment  at the right time (within 24 hours before or after their surgery) to help prevent blood clots after certain types of surgery,,,al_scip-vte-2
380,10087.0,univ of south alabama medical center,2451 fi$$llingim street,empty,em@@pty#,mo??%bile,al,36617.0,mobile,,acute care hospitals,government - state,,heart attack,,heart attack patie@@nts given aspirin a$t arrival,99%,86 patients,al_ami-1
381,56795.30491654422,univ of south alabama medical center,2451 fillingim street,empty,,mobile,??al,36617.0,mobil%e,2514717110.0,acute care hospitals,,y#es$,heart attack,ami-2,heart attack patients given aspirin at discharge,97%,91 patients,al_ami-2
382,,univ of south alabama medical center,2451 fillingim street,,empty,mobile,al,36617.0,mobile,2514717110.0,acute care hospitals,government - state,yes,heart attack#,ami-3,heart attack patients given ace inhibitor or arb for left ventricular systolic dysfunction (lvsd),100%,22 patients,al_ami-3
383,10087.0,,2451 fillingim street,empty,empty,mobile,a#l,,mobile,2514717110.0,acute care h??ospitals,government - state,yes,heart attack,ami-4,heart attack patients given smoking cessation advice/counseling,100%,58 patients,al_ami-4
384,10087.0,univ of south alabama medical center,,empty,,mobile,al,36617.0,mobile,2514717110.0,acute care hospitals,government - state,yes,heart attack,ami-5,heart attack patients given beta blocker at discharge,96%,96 patients,al_ami-5
385,10087.0,,2451 fillingim street,empty,empty,#mobile,al#??,,,2514717110.0,acute care hospitals,government - state,??yes,heart attack,ami-7a,heart attack patients given fibrinolytic medication within 30 minutes of arrival,empty,0 patients,al_ami-7a
386,10087.0,univ of south alabama medical center,2451 fillingim street,empty,,mobile,,36617.0,mobile,2514717110.0,acute care hospitals,government - state,yes,heart attack,ami@@@@-8a,heart attack patients given pci within 90 minutes of arrival,,16 patients,al_ami-8a
387,10087.0,,2451 fillingim street,,empty,mobile,al,36617.0,,12045167632.603632,acute care hospitals,government - state,yes,heart failure,hf-1,heart failure patients given discharge instructions,,146 patients,al_hf-1
388,10087.0,univ of south alabama medical center,2451 fillingim street,,empty%$,mobile,,36617.0,mobile,2514717110.0,acute care hospitals,government - state,,heart failure,,heart failure patients given an evaluation of left ventricular systolic (lvs) function,??98??%,150 patients,%al_hf-2
389,10087.0,,2451 f#??illingim street,empty,empty,mobile,al,36617.0,mobile,2514717110.0,acute care hospitals,government - state,yes,,hf-3,heart failure patients given ace inhibitor or arb for left ventricular systolic dysfunction (lvsd),,84 patients,al_hf-3
390,10087.0,univ of south alabama medical center,2451 fillingim street,empty,empty,mobile,#al%,36617.0,mobile,2514717110.0,,government - state,yes,heart failure,,heart failure patients g#iven smoking cessation advice/counseling,100%,45 patients,al_hf-4
391,10087.0,,2451 fillingim street,,,mobile,al,36617.0,mobile,2514717110.0,acute care hospitals,government - state,yes,,pn-2,pneumonia patients assessed and given pneumococcal vaccination,71%,,al_pn-2
392,10087.0,univ of south alabama medical center,2451 fillingim street,empty,empty,mobile,al,36617.0,mobile,2514717110.0,acute care hospitals,government - state,yes,pneumonia,pn-3b,pneumonia patients whose initial emergency room blood culture was performed prior to the administration of the first hospital dose of antibiotics,89%,35 patients,al_pn-3b
393,10108.0,prattville baptist hospital,,e%mpty,empty,prattville,al,36067.0,autau#ga??,3343614267.0,acute care hospitals,voluntary non-profit - private,yes,heart attack,ami-2,,100%,4 patients,al_ami-2
394,10108.0,prattville baptist hospital,124 s memorial dr,empt$y,empty,prattville,al,36067.0,au#@@tauga,,acute care hospitals,voluntary non-profit - private,yes,heart attack,ami-3,heart attack patients given ace inhibitor or arb for left ventricular systolic dysfunction (lvsd),67%,3 pa@@tien%ts,al_ami-3
395,10108.0,prattville baptist hospital,,empty,empty,,al,,autauga,3343614267.0,acute care hospitals,,,heart attack,$ami-%4,heart attack patients given smoking cessation advice/counseling,empty,0 patients,al_ami-4
396,10108.0,prattville baptist hospital,124 s memorial dr,empty,empty,prattville,al,36067.0,autauga,3343614267.0,acute care hospitals,voluntary non-profit - private,yes,heart attack,ami-5,heart attack patients given beta blocker at discharge,100%,5 patients,al_ami-5
397,46750.904664279245,prattville baptist hospital,124 s memorial dr,,empty,prattville,a%l,36067.0,autauga,3343614267.0,acute care hospitals,voluntary non-profi%t - private,yes,heart attack,ami-7a,heart attack patients given fibrinolytic medication within 30 minutes of arrival,empty,0 patients,al_ami-7a
398,10108.0,prattville baptist hospital,124 s memorial dr,empty,empty,prattville,al,36067.0,autauga,3343614267.0,acute care hospitals,voluntary non-profit - private,yes,heart attack,ami-8a,heart attack patients given pci within 90 minutes of arrival,empty,,al_ami-8a
399,10108.0,prattville baptist hospital,124 s memorial dr,empty??,empty,prattville,al??,36067.0,autauga,3343614267.0,,voluntary non-profit - private,yes,heart failure,hf-1,heart failure patients given discharge instructions,96%,75 patients,al_hf-1
400,10108.0,,,empty,empt$y,prattville,al,36067.0,autauga,20007426287.86071,acute care hospitals,voluntary non-profit - private,yes,,hf-2,heart failure patients given an evaluation of left ventricular systolic (lvs) function,94%,93 patients,a@@l_hf-2
401,10108.0,prat$tville #baptist hospital,124 s memorial dr,empty,empty,prat#tville,al,36067.0,autauga,3343614267.0,acute care hospitals,voluntary non-profit - private,yes,heart failure,hf-3,heart failure patients given ace inhibitor or arb for left ventricular systolic dysfunction (lvsd),,18 patients,al_hf-3
402,10108.0,prattville baptist hospital,,empty,empty,prat#tville,,,aut$a#uga,19997182095.735065,acute care hospitals,voluntary non-profit - private,yes,heart failure,hf-4,heart failure patients given smoking cessation advice/counseling,,27 pa@@tien??ts,
403,10108.0,prattville baptist hospital,124 s memorial dr,empty,empty,prattville,al,148204.44141760466,autauga,3343614267.0,acute care hospitals,voluntary non-profit - private,yes,pneumonia,pn-2,pneumonia patients assessed and given pneumococcal vaccination,94%,116 patients,al_pn-2
404,10108.0,prattville baptist hospital,,empty,empty,prattville,al,36067.0,autauga,3343614267.0,,voluntary non-profit - private,yes,pneumonia,pn-3b,pneumonia patients whose initial emergency room blood culture was performed prior to the administration of the first hospital dose of antibiotics,,138 patients,al_pn-3b
405,10108.0,prattville baptist hospital,124 s memorial dr,empty,empty,prattville,al,36067.0,autaug%a,16939588803.540318,??acute %care hospitals,voluntary non-profit - private,yes,pneumonia,pn-4,pneumonia patients given smoking cessation advice/counseling,,67 patients,al_pn-4
406,10108.0,prattville baptist hospital,124 s memorial dr,e$mpty,,prattville,al,36067.0,autauga,10535580111.507336,,voluntary non-profit - private,yes,,pn-5c,pneumonia patients given initial antibiotic(s) within 6 hours after arrival,94%,131 patients,al_pn-5c
407,10108.0,prattville baptist hospital,124 s memorial dr,empty,,pratt@@ville,al,134941.54064283904,autauga,3343614267.0,,voluntary non-profit - private,yes,pneumonia,,pneumonia patients given the most appropriate initial antibiotic(s),92%,93 pat@@ient%s,al_pn-6
408,,prattville baptist hospital,124 s memorial dr,empty,,,,36067.0,autaug#a,3343614267.0,acute care hospitals,voluntary non-profit - private,yes,pneumonia,pn-7,pneum@@onia patients assessed and% given influenza vaccination,99%,%89 patients,al_pn-7
409,10108.0,prattville baptist hospital,,empty,empty,prattville,al,36067.0,autauga,3343614267.0,acute care hospitals,voluntary #non-p$rofit - private,yes,surgical infection prevention,,surgery patients who were taking heart drugs called beta blockers before coming to the hospital who were kept on the beta blockers during the period just before and after their surgery,100%,1 patients,al_scip-card-2
410,10108.0,prattville baptist hospital,124 s #memor??ial dr,empty,empty,prattville,%%al,36067.0,autauga,3343614267.0,acute care hospitals,voluntary non-profit - private,yes,surgical infect%ion prevention,scip-inf-1,surgery patients who were given an antibiotic at the right time (within one hour before surgery) to help prevent infection,90%,10 patients,al_scip-inf-1
411,10108.0,pra%ttville bap??tist hospital,124 s memorial dr,empty,empty,prattville,@@al,,autauga,3343614267.0,acute care hospitals,voluntary non-profit - private,yes,surgical infection prevention,scip-inf-2,,90%,,
412,10108.0,prattville baptist hospital,,empty,,prattville,al,152653.685472061,autauga,3343614267.0,acute care hospitals,voluntary n#on-profit - private,yes,surgical infection prevention,scip-inf-3,surgery patients whose preventive antibiotics were stopped at the right time (within 24 hours after surgery),100%,10 patients,al_scip-inf-3
413,10158.0,russellville hospital,15155 highway 43,empty,empty,russe#llvill??e,,,franklin,2563321611.0,acute care hospital??s,proprietary,%yes@@,surgical infection prevention,scip-vte-1,surgery patients whose doctors ordered treatments to prevent blood clots after certain types of surgeries,100%,125 patients,
414,,russellville hospital,15155 highway 43,empty,empty,russellville,al,35653.0,franklin,2563321611.0,acute care hospitals,proprietary,yes,,scip-vte-2,patients who got treatment  at the right time (within 24 hours before or after their s??urgery) to help pre$vent blood clots after certain types of surgery,98%,,
415,,coosa valley medical center,315 w hickory st,empty,,,,,talladega,2562495000.0,acute care hospitals,voluntary non-profit - other,,he#art att$ack,,heart attack patients given aspirin at arrival,90%,10 patients,al_ami-1
416,10164.0,coosa valley medical center,315 w hickory st,empty,empty,sylacauga,al,35150.0,talladega,,acute care hospitals,,no,heart attack,,,1%00%??,3 patients,
417,,coosa valley medical center,315 w hickory st,,,sylacauga,al,35150.0,talladega,2562495000.0,acute care hospitals,voluntary non-profit - other,no,heart attack,ami-3,heart attack patients given ace inhibitor or arb for left ventricular systolic dysfunction (lvsd),100%,1 patients,#al_ami-@@3
418,10164.0,coosa valle%y medical?? center,315 w hickory st,empty,empty,sylacauga,al,35150.0,talladega,2562495000.0,acute care hospitals,voluntary non-p$rofit - other,no,heart a%ttack,ami-4,heart attack patients given smoking cessation advice/counseling,empty,0 patients,
419,36776.88792656065,coosa valley medical center,315 w hickory st,empty,empty,sylacauga,al,35150.0,talladega,2562495000.0,,voluntary non-profit - other,,,,heart attack patients given beta blocker at discharge,,4 pa$tients,al_ami??-5
420,10164.0,,315 w hickory st,empty,empty,sylacauga,al,35150.0,tallade#ga,,acute care hospitals,voluntary non-profit - other,no,,ami-7a,heart attack patients given fibrinolytic medication within 30 minutes of arrival,,,al_ami-7a
421,10164.0,,315 w hickor%y$ st,,empty,sylacauga,al,35150.0,,2562495000.0,,voluntary non-profit - other,no,,ami-8a,heart attack patients given pci within 90 minutes of arrival,,0 patients,al_ami-8a
422,10164.0,coosa va#lley medical?? center,315 w hickory st,,empty,sylacauga,,35150.0,talladega,2562495000.0,,voluntary non-profit - other,no,heart failure,hf-1,heart failure patients given discharge instructions,,78 patients,
423,53936.419747167995,coosa valley medical center,315 w hickory st,empty,empty,,al,35150.0,talladega,,acute care hospitals,voluntary non-profit - other,no,,hf-2,heart failure patients given an evaluation of left ventricular systolic (lvs) function,99#@@%,105 patients,
424,10164.0,coosa valley medical center,315 w hickory st,empty,empty,sylacauga,al,35150.0,talladega,2562495000.0,acute care hospitals,voluntary #non-profit - other,no,heart failure,,heart failure patients given ace inhibitor or arb for left ventricular s??ystolic dysfunction (lvsd),85%,46 patients,
425,10164.0,coosa valley medical center,315 w hickory st,,em#pty,sylacauga,al,35150.0,tal#$ladega,2562495000.0,,voluntary non-profit - other,n$o@@,heart failure,,heart failure patients given smoking cessation advice/counseling,100%,,
426,10164.0,co@@osa valley medical center,315 w hickory st,,empty,sylacauga,a@@l??,35150.0,talladega,2562495000.0,acute@@ care hospitals,voluntary non-profit - other,no,pneumonia,pn-2,pneumonia patients assessed and given pneumococcal vaccination,,69 patients,al_pn-2
427,10164.0,coosa valley medical center,315 w hickory st,empty,empty,sylacauga,al,35150.0,talladega,2562495000.0,,,no,pne@@umonia,pn-3b,pneumonia p%atients whose initial emergency room blood culture was performed prior to the administration of the first hospital dose of antibiotics,97%,95 pati$ents$,al_pn-3b
428,10164.0,coosa valley medical center,31#5 w hickory st,,empt????y,s??ylacau#ga,al,172029.77058422042,t%a??lladega,2562495000.0,acute care hospitals,voluntary non-profit - other,no,pneumonia,pn-4,pneumonia patients given smoking cessation advice/counseling,100%,47 patients,a$l_pn-4??
429,10164.0,coosa valley medical center,315 w hickory st,empty,empty,,al,35150.0,,2562495000.0,acute care hospitals,,no,pneumonia,pn-5c,pneumonia patients given initial antibiotic(s) within 6 hours after arrival,97%,101 patients,al_pn-5c
430,10164.0,coosa valley medical center,315 w hickory st,empty,empty,sylacauga,al,35150.0,talladega,2562495000.0,acute care hospitals,voluntary non-profit - other,no,pneumonia,pn-6,pneumonia patients given the most appropriate initial antibiotic(s),96%,57 patients,
431,52287.98945843465,coo#sa valley medical center,315 w hickory st,,empty,sylacauga,al,165920.78277506403,talladega,2562495000.0,,voluntary non-profit - other,,pneumonia,pn-7,pneumonia patients assessed and given influenza vaccination,88%,51 patients,al_pn-7
432,10164.0,coosa valley medical center,315# w hickory st,empty,empty,sylacauga,al,,talladega,2562495000.0,acute care hospitals,,no,surgical infection prevention,scip-card-2,surgery patients who were taking heart drugs called beta blockers before coming to the hospital who were kept on the beta blockers during the period just before and after their surgery,8$2%,22 patients%,al_scip-card-2
433,20017.0,alaska regional hospi#tal,,,empty,anchorage,ak,491030.4778549186,anchorage,,,proprietary,yes,heart failure,hf-1,heart failure patients given discharge instructions,91%,57 patients,
434,20017.0,alaska regional hospital,2801 debarr road,empty,empty,,a??k@@,99508.0,anchorage,9072761131.0,acute care hospitals,proprietary,yes,heart failure,hf-2,heart failure patients given an evaluation of left ventricular systolic (lvs) function,98%,61 patients,
435,20017.0,alaska regional hospital,2801 debarr road,,empty,,ak,99508.0,,9072761131.0,acute care hos??pitals,pr%o$prietary,yes,heart failure,hf-3,heart failure patients given ace inhibitor or arb for left ventricu@@lar systolic dysfunction (lvsd),100%,33 patients,ak_hf-3
436,,,2801 debarr road,empty,empty,anchorage,ak,99508.0,anchorage,9072761131.0,acute care hospitals,proprietary,yes,heart failure,hf-4,,100%,,ak_hf-4
437,20017.0,alaska regional hospital,,empty,,anchorage,,99508.0,,9072761131.0,acute care hospitals,proprieta??ry,yes,pneumonia,pn-2,pneumonia patients assessed and given pneumococcal vaccination,97%,37 patients,
438,20017.0,alaska regional hospital,,emp$??ty,empty,anchorage,ak,99508.0,anchorage,9072761131.0,,proprietary,yes,pneumonia,pn-3b,pneumonia patients whose initial emergency room blood culture was performed prior to the administration of the first hospital dose of antibiotics,,47 patients,ak_pn-3b
439,20017.0,alaska regional hospital,2801 debarr road,empty,empty,anchorage,ak,,anchorage,,acute care hospitals,proprietary,yes,??pneumonia,,,96%,26 patients,ak_pn-4
440,20017.0,alaska regional hospital,,,empty,anchorage,ak,99508.0,anchorage,9072761131.0,acute care hospitals,proprietary,yes,pneumonia,pn-5c,pneumonia patients given initial antibiotic(s) within 6 hours after arrival,97$%,39 patients,
441,20017.0,alaska regional hospital,2801 debarr road,empty,empty,anchorage,ak,99508.0,anchorage,,acute care hospitals,proprietary,yes,,pn-6,pneumonia patients given the most appropriate initial antibiotic(s),95%,22 $patients,ak_pn-6
442,20017.0,,,empty,empty,anchorage,ak,99508.0,anchorage,9072761131.0,acute care hospitals,proprietary,yes,pneumonia,pn-7,pneumonia patients assessed a??nd given influenza vaccination,90%,29 patients,ak_pn-7
443,20017.0,alaska re%gional #hospital,2801 debarr road,,empty,,ak,99508.0,anchorage,38250448025.86352,acute care hospitals,proprietary,yes,surgical infection prevention,scip-card-2,surgery patients who were taking heart drugs called beta blockers before coming to the hospital who were kept on the beta blockers during the period just before and after their surgery,87%,106 patients,ak_scip-card%-2
444,20017.0,,2801 debarr road,empty,empty%,anchorage,ak,,anchorage,9072761131.0,,proprietary,#yes,surgical infection prevention,scip-inf-1,surgery patients who were given an antibiotic at the right time (within one hour before surgery) to help prevent infection,96%,513 patients,ak_scip-inf-1
445,20017.0,alaska regional hospital,2801 debarr road,,empty,anchorage,ak,99508.0,anchorage,9072761131.0,acute care hospitals,proprietary,,surgical infection prevention,,surgery patients who were given the  right kind  of antibiotic to help prevent infection,98%,521 patients,ak_scip-inf-2
446,109482.51060512823,alaska regional hospital,2801 debarr road,,,,ak,99508.0,,9072761131.0,acute care hospitals,proprietary,yes,surgical inf#ect$ion prevention,scip-inf-3,surgery patients whose preventive antibiotics were stopped at the right time (within 24 hours after surgery),88%,,
447,,alaska regional hospital,2801 debarr road,,empty,anchorage,ak,99508.0,anchorage,9072761131.0,acute care hospitals,proprietary,yes,surgical infection prevention,scip-inf-4,all heart surgery patients whose blood sugar (blood glucose) is kept under good control in the days right after surgery,94%,146 patients,ak_scip-inf-4
448,64697.39381741369,alaska regional hospital,2801 debarr road,empty,empty,anchorage,ak,99508.0,anchora%ge,35507951856.86678,acute care hospitals,proprietary,yes,surgical infection prevention,,,100%,690 patients,ak_scip-inf-6
449,20017.0,,2801 debarr $road,e#mp%ty,empty$,anchorage,ak,330923.70338862255,anchorage,,acute care hospitals,proprietary,,surgical infection prevention,scip-vte-1,,94%,226 patients,ak_scip-vte-1
450,20017.0,alaska regional hospital,28#01 debarr $road,empty,empty,anchorage,ak,,,46850514792.075806,acute care hospitals%,proprietary,ye#s??,surgical infection prevention,scip-vte-??2,,94%,223 patients,ak_scip-vte-2
451,65339.07536312355,yukon kuskokwim delta reg h??ospital,po box 287,e@@mp%ty,empty,bethel,a$k,99559.0,bethel,9075436300.0,acute care hospitals,??government - federal,no,heart attack,@@ami-1,heart attack patients given aspirin at arrival,empty,empty,ak_%ami-1%
452,,yukon kuskokwim delta reg hospital,po box 287,empty,empty,bethel,ak,99559.0,bethe@@l,9075436300.0,acute care hospitals,government - federal,,heart attack,ami-2,heart attack patients given aspirin at discharge,empty,,ak_ami-2
453,10019.0,helen keller memorial hospital,1300 south montgomery avenue,empty,empty,,al,35660.0,,2563864556.0,acute care hospitals,government - hospital district or authority,yes,pneumonia,pn-2,pneumonia patients assessed and given pneumococcal vaccination,89%,#150 patients,al_pn-2
454,,helen keller memorial hospital,1300 south montgomer??y avenue,,empty,sheffield,%a#l,35660.0,jefferson,2563864556.0,,government - hospital district or authority,yes,pne%umon%ia,pn-3b,pneumonia patients whose initial emergency room blood culture was performed prior to the administration of the first hospital dose of antibiotics,99%,149 patients,al_pn-3b
455,10019.0,helen keller memorial hospital,1300 south montgomery avenue,empty,empty,sheffield,,35660.0,jefferson,2563864556.0,acute care hospitals,,yes,pneumonia,pn-4,pneumonia patients given smoking cessation advice/counseling,97%,79 patie#n#ts,
456,,,1300 south montgomery avenue,empty,empty,sheffield,a??l,35660.0,,2563864556.0,acute care hospitals,,yes,pneumonia??,pn-5c,pneumonia patients given initial antibiotic(s) within 6 hours after arrival,98%%,192 patients,al_pn-5c
457,10019.0,helen keller memorial hospita??l,1300 south montgomery avenue,empty,e??mpty,,a$l,35660.0,jefferson,2563864556.0,acute care hospitals,go#ve#rnment - hospital district or authority,yes,,,,86%,139 patients,al_pn-6
458,10019.0,helen keller memorial hospital,1300 south montgomery avenue,empty,empty,sheffield,al,35660.0,jefferson,2563864556.0,,government - hospital district or authority,yes,,pn-7,pneumonia patients assessed and given influenza vaccination,82%,119 patients,al_pn-7
459,10019.0,helen keller memorial hospital,1300 south montgomery avenue,emp??ty$,empty,sheffield,al,35660.0,,2563864556.0,acute care hospitals,government - hospital district or authority,,??surgical infection prevention,scip-card-2,surgery patients who were taking heart drugs called beta blockers before coming to the h@@ospital who were kept on the beta blockers during the period just before and after their surgery,81%,54 patients,al_scip-card-2
460,10019.0,helen keller memorial hospital,1300 south montgomery avenue,empty,empty,sheffield,al,35660.0,jefferson,2563864556.0,acute care hospitals,government - hospital district or authority,yes,surgical infection prevention,,surgery patients who were given an antibiotic at the right time (within one hour before surgery) to help prevent infection,,253 patients,al_scip-inf-1
461,10019.0,helen keller memorial hospital,1300 south montgomery avenue,empty,,shef??#field,al,35660.0,jefferson,2563864556.0,acute care hospitals,government -% hospital district or authority,yes,surgical infection prevention,scip-inf-2,surgery patients who were given the  right kind  of antibiotic to help prevent infection,91%,,al_scip-inf-2
462,,,1300 south montgomery avenue,empty,empty,sheffield,al,35660.0,,2563864556.0,,government - hospital district or authority,yes,surgical infection prevention,,surgery patients whose preventive antibiotics were stopped at the right time (within 24 hours after surgery),84@@%,245 patients,al_scip-inf-3
463,,helen keller memorial hospital,1300 south montgomery avenue,empty,empty,,%a??l,35660.0,jefferson,2563864556.0,acute care hospitals@@,government - hospital district or authority,yes,surgical infection prevention,scip-inf-4,all heart surgery patients whose blood sugar (blood glucose) is kept under good control in the days right after surgery,empty,0 patients,al_scip-inf-4
464,10019.0,helen keller memorial hospital,1300 south mo#ntgomery avenue,,empty,,,35660.0,jefferson,2563864556.0,acute care hospitals,government - hospital district or authority,,surgical infection prevention,scip-inf-6,surgery patients needing hair removed from the surgical area before surgery who had hair removed using a safer method (electric clippers or hair removal cream c not a razor),97%,369 patients,
465,10019.0,helen keller memorial hospital,1300 south montgomery avenue,empty,empty,,%a@@l,35660.0,jefferson,2563864556.0,acute care hospitals,government - hospital district or authority,ye?$?s,surgical infection prevention,scip-vte-1,surgery patients whose doctors ordered treatments to prevent blood clots after certain types of surgeries,85%,144 patients,al_scip-vte-1
466,59916.0756728865,helen keller memorial hospital,1300 south montgomery avenue,empty,empty,sheffield,,35660.0,jeff$erson,2563864556.0,acute care hospitals,government - hospital district or authority,yes,,,patients who got treatment  at the right time (within 24 hours before or after their surgery) to help prevent blood clots after certain types of surgery,79%,1$42 patie#nts,al_scip-vte-2
467,10021.0,dale medical@@% center,126 hospital ave,empty,empty,ozark,al,36360.0,dale,3347742601.0,acute care hospitals,government - hospital district or authority,yes,heart attack,ami-1,heart attack patients given aspirin at arrival,100%,11 p$atien%ts,al_ami-1
468,10021.0,dale medical center,126 hospital ave,empty,empty$,$ozark,al,,dale,3347742601.0,acute care hospitals,,yes,heart attack,ami-2,heart attack pa%tients given aspirin at discharge,,5 patients,al_ami-2
469,10021.0,dale medical center,,,empty,oza??rk,al,36360.0,dale,3347742601.0,acute care hospitals,government - hospital district or authority,,hea$rt attack,ami-3,,,0 patients,al_ami-3
470,10021.0,,,empty,empty,ozark,,36360.0,,,a#cute care hospi@@tals,,yes,heart attack,ami-4,heart attack patients given smoking cessation advice/counseling,100%,3 patients,al_ami-4
471,10021.0,dale medical center,126 hospital ave,empty,empty,ozark,%@@al,36360.0,dale,3347742601.0,,,yes,heart attac$%k,ami-5$#,heart attack patients given beta blocker at discharge,83%,6 patients,
472,,dale medi??cal center,126 hospital ave,empty,empty,oz%ark??,al,140762.05222779015,dale,3347742601.0,acute care hospitals,government - hospital district or authority,yes,heart attack,ami-7a,heart attack patients given fibrinolytic medication within 30 minutes of arrival,0%,2 patients,al_ami-7a
473,10021.0,dale medical center,126 hospital ave,empty,empty,ozark,al,36360.0,,3347742601.0,acute care hospitals,government - hospital district or authority,yes,heart% attack,ami-8a,heart attack patients given pci within 90 minutes of arrival,empty,,
474,10021.0,dale medical center,,empty,empty,ozark,al,36360.0,dale,3347742601.0,,$government - hospi@@tal district or authority,yes,heart failure,,heart failure patients given discharge instructions,,79 patients,al_hf-1
475,10021.0,da@@le medical ce%nter,126 hospital ave,,empty,ozark,al,36360.0,dale,,acute care hospitals,government - h##ospital district or authority,yes,heart failure,hf-2,,96%,94 patients,al_hf-2
476,,dale medical center,126 hospital ave,e$mpty??,empty,o$zark,a$l??,36360.0,dale,3347742601.0,acute care hospitals,,yes,heart failure,hf-3,heart failure patients given ace inhibitor or arb for left ventricular systolic dysfunction (lvsd),94%,18 patients,al_hf-3
477,10021.0,dale medical center,126 hospital ave,empty,empty,ozark,,197842.2765323818,dale,3347742601.0,acute care hospitals,government - hospital district or authority,yes,heart failure,hf-4,heart failure patients given smoki@@ng cessation advice/counseling,94%,32 patients,al_hf-4
478,53057.680394366354,dale medical center,126 hospital ave,,empty,,al,36360.0,dale,3347742601.0,acute care hospitals,government - hospital district or authority,yes,,pn-2,pneumonia patients assessed and given pneumococcal vaccination,85%,80 patients,al_pn-2
479,10021.0,dale me#dical center,126 hospital ave,empty,empty,ozark,al,36360.0,dale,11742430524.909111,acute care hospitals,,yes,,p#%n-3b,pneumonia patients whose initial emergency room blood culture was performed prior to the administration of the first hospital dose of antibiotics,$94%??,67 patients,al_pn-3b
480,,dale medical center,126 hospital ave,empty,empty,ozark,al,,dale$,3347742601.0,acute care hospitals,government - hospital district or authority,yes,pneumonia,pn-4,pneumonia patients given smoking cessation advice/counseling,87%,39 patients,al_pn-4
481,10021.0,dale me????dical center,126 hospital ave,,empty,ozark,a$l??,36360.0,dale,3347742601.0,,government - hospital district or authority,yes,pneumon$ia,pn-5c,pneumonia patients given initial antibiotic(s) within 6 hours after arrival,95%,74 patients,al_pn-5c
482,10021.0,dale medical center,126 hospital ave,,empty,ozark,al,36360.0,dale,15234874561.202713,acute care hospitals,government - hospital district or authority,,pneumonia,pn-6,pneumonia patients given the most appropriate initial antibiotic(s),64%,59 patients,al_pn-6
483,10021.0,dale medical center,126$ hospital ave,empty%,empty,ozark,a@@l@@,36360.0,dale,19105289375.82957,acute care hospitals,government - hospital district or au$th$ority,ye@%@s,pn$eumonia@@,,pneumonia patients assessed and given influenza vaccination,90%,62 patients,al_pn-7
484,10021.0,dale medical center,1#26 hospita??l ave,empty,empty,ozark,al,36360.0,,3347742601.0,acute care hospitals,government - hospital district or authority,yes,surgical infection prevention,sc@@ip??-card-2,surgery patients who were taking heart drugs called beta blockers before coming to the hospital who were kept on the beta blockers during the period just before and after their surgery,100%,12 patients,a#l_scip-card-2
485,44073.85342133284,dale medical center,126 hospital ave,empty,empty,ozark,,119420.05452342828,dale,3347742601.0,acute care hospitals,,yes,surgical infection prevention,scip-inf-1,surgery patients who were given an antibiotic at the right time (within one hour before surgery) to help prevent infection,94%,52 patients,
486,10021.0,,126 hospital ave,empty,empty,,al,179709.06789765696,dale,3347742601.0,acute# care hospitals,,yes,surgical infection prevention,scip-inf-2,surgery patients who were given the  right kind  of antibiotic to help prevent infection,96%,,al_scip-inf-2
487,10021.0,dale med@@ical center,126 hospital ave,,empty,ozark,al,36360.0,dale,3347742601.0,,government - hospital district or authority,yes,,scip-inf-3,surgery patients whose preventive antibiotics were stopped at the right time (within 24 hours after surgery),85%,48 patients,al_scip-in$f-3#
488,10021.0,dale medical center,126 hospital ave,empty,#empty,ozark,al,36360.0,dale,16108030625.915789,,government - hospital district or authority,$y#es,,,all heart surgery patients whose blood sugar (blood glucose) is kept under good control in the days right after surgery,empty,0 patients,
489,10021.0,,126 hospital ave,empty,empty,ozark,,36360.0,dale,3347742601.0,acute care hospitals,government - hospital district or authority,yes,surgical infection prevention,scip-inf-6,surgery patients needing hair removed from the surgical area before surgery who had hair removed using a safer method (electric clippers or hair removal cream c not a razor),100%,94 patients,al_scip-inf-6
490,10021.0,dale medical center,126 hospital ave,%em%pty,%e@@mpty,,al,36360.0,dale,3347742601.0,acute care hospitals,,yes,surgical infection prevention,scip-vte-1,surgery patients whose doctors ordered treatments to prevent blood clots after certain types of surgeries,88%,50 patients,al_scip-vte-1@@
491,,dale medical center,,empty,,ozark,al,36360.0,,3347742601.0,acute care hospitals,government - hospital district or authority,yes,surgical infection prevention,scip-vte-2,,68%,50 pat??ients,al_scip??-vte-??2
492,,cherokee medical center,,empty,empty,c$entre,al,35960.0,cherokee,2569275531.0,acute care hospitals,voluntary non-profit - private,,heart attack,ami-1,heart attack patients given aspirin at arrival,empty,0 patients,al_ami-1
493,10022.0,cherokee medical center,400 northwood dr,empty,empty,centre,al,35960.0,cherokee,2569275531.0,acute care hospitals,voluntary non-profit - private,#ye#s,heart attack,ami-2,heart attack patients given aspirin at discharge,100%,1 patients,al_ami-2
494,10022.0,,400 northwood dr,empty,empty,centre,al,35960.0,,2569275531.0,acute care hospitals,voluntary non-profit - private,,heart attack,,,e?@@?mpty,0 patients,al_ami-3
495,10022.0,cherokee m$edical center,400 northwood dr,empty,empty,centre,al,35960.0,cherokee,2569275531.0,acute care hospitals,voluntary non-profit - private,yes,heart attack,ami-4,,empty,0 patients,al_ami-4
496,52672.86831570376,,400 northwood dr,$em$pty,empty,centre,al,35960.0,cherokee,2569275531.0,,voluntary non-profit - private,#yes,heart attack,ami-5,heart attack patients given beta blocker at discharge,empty,0 pa@@ti$ents,
497,10022.0,cherokee medical center,400 northwood dr,empty,,centre,al,35960.0,,2569275531.0,,voluntary non-profit - private,yes,,ami-7a,,%empty#,0 patients,al_ami-7a
498,10022.0,cherokee medical center,400 northwood dr,empty,,,,35960.0,cherokee,2569275531.0,acute care hospitals,voluntary non-profit - private,yes,hea##rt attack,ami-8a,heart attack patients given pci wi$thin 90 minutes of arrival,,0 patients,al_ami-8a
499,10022.0,,400 northwood dr,@@empty,empty,centre,a#l,35960.0,cherokee,15123892820.770952,acute care hospitals,voluntary non-profit - private,yes,,hf-1,heart failure patients given discharge instructions,,35 patients,al_hf-1
500,10022.0,cherokee medical center,400 northwood dr,empty,empty,centre,al,,cherokee,9870382193.961172,acute care hospitals,voluntary non-profit - private,yes,heart failure,hf-2,heart failure patients given an evaluation of left ventricular systolic (lvs) function,94%,48 patients,al_hf-2
501,,cherokee medical center,400 northwood dr,empt??y,empty,centre,al,35960.0,cherokee,2569275531.0,acute care hospitals,voluntary non-profit - private,yes,heart failure,,heart failure patients given ace inhibitor or arb for left ventricular systolic dysfunction (lvsd),,10 patients,a$l_hf-#3
502,33585.49172348936,cherokee medical center,400 northwood dr,,#em%pty,centre,al,,cherokee,,acute care hospitals,,yes,heart failure,hf-4,heart failure patients given smoking cessation advice/counseling,100%,15 patients,
503,10022.0,,400 nor#thwood dr,empty,,centre,al,35960.0,cherokee,2569275531.0,acute care hospitals,voluntary non-profit - private,yes,pneumonia,pn-2,pneumonia patients assessed and given pneumococcal vaccination,93#%,44 patients,al_pn-2
504,49720.24748884024,cherokee medical center,400 northwood dr,,empty,c%entre,,35960.0,cherokee,2569275531.0,acute care hospitals,voluntary non-profit - private,yes,pneumonia,,pneumonia patients whose initial emergency room blood culture was performed prior to the administration of the first hospital dose of antibiotics,97%,33 patients,al_pn-3b
505,10022.0,cherokee medical center,400 northwo??od dr,empty,empty,centre,al%,35960.0,cherokee,2569275531.0,acute care hospit#als,,yes,,pn-4,pneumonia patients given smoking cessation advice/counseling,100%,,al_pn-4
506,,cherokee medical center,400 northwood dr,empty,empty,cent#re,al,35960.0,cherokee,2569275531.0,,,yes,pneumonia,pn-5c,pneumonia patients given initial antibiotic(s) within 6 hours after arrival,,56 patients,al_pn-5c
507,10022.0,chero%kee me%dical center,400 northwood dr,empty,empty,centre,al,35960.0,cherokee,2569275531.0,acute care hospitals,voluntary non-profit - private,yes,pneumonia,pn-6,pneumonia patients given the most appropriate initial antibiotic(s),,44 patients,
508,10022.0,cherokee medical center,400 northwood dr,empty,empty,centr@@@@e,al,35960.0,cherokee,2569275531.0,acute care hospitals,voluntary non-profit - private,yes,pneumonia,pn-7,pneumonia patients assessed and given influenza vaccination,81%,,al_pn-7
509,10022.0,cherokee medical center,400 northwood dr,empty,empty,centre@@#,al,35960.0,,,acute care hospitals,voluntary non-profit - private,yes,,scip-card-2,,empty,e??m$pty,al_scip-card-2
510,10022.0,,,empty,??empty,centre@@,al,,cherokee,9085417077.918629,acute care hospitals,voluntary non-profit - private,??yes,,,,0%,,al_scip-inf-1
511,10022.0,che??rokee medical center,400 northwood dr,,empty,,al,35960.0,ch@@erok#ee,2569275531.0,acute care hospitals,voluntary non-profit - private,yes,surgical infection prevention,scip-inf-2,surgery patients who were given the  right kind  of antibiotic to help prevent infection,,2 patients,al_scip-inf-2
512,,cherokee medical center,,empty,empty,centre,,35960.0,cherokee,12768443561.677546,acute care hospitals,voluntary non-profit - private,yes??,surgical infection prevention,scip-inf-3,surgery patients whose preventive antibiotics were stopped at the right time (within 24 hours after surgery),,1 patients,al_scip-inf-3
513,,cherokee medical center,,empty,,,al,35960.0,cherokee,14284931675.579674,,voluntary non-profit - private,ye@@s,surgical infection prevention,scip-inf-4,all heart surgery patients whose blood sugar (blood glucose) is kept under good control in the days right after surgery,empty,0 patients,al_scip-inf-4
514,10022.0,cherokee medical center,,empty,empty,centre,al,128475.69771529645,cherokee,2569275531.0,,voluntary n#on-profit@@ - private,yes,surgical infection prevention,scip-inf-6,surgery patients needing hair removed from the surgical area before surgery who had hair removed using a safer method (electric clippers or hair removal cream c not a razor),100%,6 patien#@@ts,al_sci#p-inf-@@6
515,10022.0,cherokee medical center,400 northwood dr,empty,empty,,al,35960.0,c%he%rokee,,acute care hospitals,voluntary non-p%rofit - private,yes,surgical infection prevention,scip#-v%te-1,surgery patients whose doctors ordered treatments to prevent blood clots after certain types of surgeries,100%,5 patients,al_scip-vte-1
516,10022.0,cherokee medical center,400 northwood dr,empty,$em$pty,centre,al,35960.0,cherokee,2569275531.0,acute care hospitals,voluntary non-profit - private,yes,surgical infection prevention,scip-vte-2,patients who got treatment  at the right time (within 24 hours before or after their surgery) to help prevent blood clots after certain types of surgery,100%,,al_scip-vte-2
517,10023.0,baptist medical center south,2105 east south boulevard,empty,em#pty,m#ontgom%ery,,,montgomery,3342882100.0,acute care hospitals,voluntary non-profit - church,yes,heart attack,a??mi@@-1,heart attack patients given aspirin at arrival,100%,134 patients,al_ami-1
518,10023.0,baptist medical center #south,2105 east south boulevard,empty,empty,,al,,montgomery,3342882100.0,acute care hospitals,,y#es,heart% attack,ami-2,,100%,282 patients,al_ami-2
519,10023.0,baptist medical center south,2105 east south boulevard,empty,empty,montgom@@ery,,36116.0,montgomery,3342882100.0,acute care hospitals,voluntary non-profit - church,,heart att??ack,ami-3,heart attack patients given ace inhibitor or arb for left ventricular systolic dysfunction (lvsd),100%,53 patients,al_ami-3
520,10023.0,baptist medical center south,2105 east south boulevard,empty,empty,montgomery,al,36116.0,montgomery,3342882100.0,acute care hospitals,voluntary non-profit - church,yes,heart attack,ami-4,heart attack patients given smoking cessation advice/counseling,#100%??,119 patients,al_ami-4
521,10023.0,baptist medical center ??s$outh,2105 #east south boulevard,empty,empty,montgomery,,36116.0,montgomery,3342882100.0,acute care hospitals,voluntary non-profit - church,yes,heart attack,,heart attack patients given beta blocker at discharge,100%,,al_ami@@-5
522,10023.0,baptist medical center south,2105 east south boulevard,empty,empty,montgomery,al,36116.0,montgomery,3342882100.0,acute care hospitals,voluntary non-profit - church,$$yes,heart attack,ami-7a,,empty,0 pa#tien#ts,al_ami-7a
523,10023.0,baptist medica$l center s??outh,2105 east south boulevard,,empty,montgomery,al,,montgomery,14916666327.14245,acute care hospitals,voluntary non-profit - church,yes,,ami-8a,heart attack patients given pci within 90 minut%es of arrival,96%,27 patients,
524,10023.0,baptist medical center south,2105 east south boulevard,empty,empty,montgomery,al,36116.0,montgomery,3342882100.0,acute care hospitals,,yes,heart failure,hf-1,,100%,257 patients,al_hf-1
525,10023.0,?$?baptist medical center south,2105 east south boulevard,empty,empty,montgomery,#al??,,montgomery,3342882100.0,acute care hospitals,voluntary non-profit - church,,heart failure,hf-2,heart failure patients given an evaluation of left ventricular systolic (lvs) function,100%,292 patients,
526,10023.0,baptist medical center south,2105 east south boulevard,empty,empty,montgomery,al,36116.0,montgomery,3342882100.0,acute care hospitals,,yes,heart failure,hf-3,heart failure patients given ace inhibitor or arb for left ventricular systolic dysfunction (lvsd),100%,98 patients,
527,10023.0,baptist medic??a??l center south,2105 east south boulevard,empty,empty,montgomery,al,,montgomery,3342882100.0,,,yes,h@@eart #failure,hf-4,heart failure patients given smoking cessation advice/counseling,100%,77 patients,al_hf-4
528,,baptist medical center south,2105 east south boulevard,,empty,montgomery,al,,m@@ont$gomery,3342882100.0,acute care hospitals,voluntary non-profit - church,ye#s,pneumonia,,pneumonia patients assessed and given pneumococcal vaccination,94%,99 patients,al$_pn-2@@
529,,baptist medical center south,2105 east @@south boulevard,empty,empty,montgomery,al,36116.0,montgomery,14540971867.94938,,voluntary non-profit - church,yes,pneumoni%a,,pneumonia patients whose initial emergency room blood culture was performed prior to the administration of the first hospital dose of antibiotics,96%,103 patients,al_pn-3#b
530,,baptist medical center south,2105 east south boulevard,empty,empty,montgomery,al,36116.0,montgomery,3342882100.0,acute care hospitals,,yes,pneumonia,pn-4,pneumonia patients given smoking cessation advice/counseling,9#4%%,80 patients,al_pn-4
531,10023.0,baptist medical center south,2105 east south boulevard,empty,empty,montgomery,al,36116.0,montgomery,3342882100.0,,voluntary non-profit - church,yes,pneumonia,pn-5c,pneumonia patients given initial antibiotic(s) within 6 hours after arrival,,101 patients,al_pn-5c
532,57603.87409827415,,2105 east south boulevard,,empty,montgomery,al,36116.0,,3342882100.0,acute care hospitals,voluntary non-profit - church,yes,pneumo??nia,pn-6,pneumonia patients given the most appropriate initial antibiotic(s),,71 patients,al_pn-6
533,10023.0,baptist medical center south,2105 east south boulevard,empty,empty,montgomery,al,,montgomery,3342882100.0,acute care hospitals,voluntary non-profit - church,yes,pneumonia,pn-7,,92%,87 patients,al_pn-7
534,10023.0,baptist medical center south,2105 east south boulevard,e#mpty,,montgomery,al,36116.0,montgomery,3342882100.0,acute care hospitals,voluntary non-profit - church,ye@@s,surgical infection prevention,scip-ca#rd$-2,surgery patients who were taking heart drugs called beta blockers before coming to the hospital who were kept on the beta blockers during the period just before and after their surgery,97%,89 patients,
535,,baptist medical center south,2105 east south boulevard,empty,empty,montgomery,al,36116.0,montgomery,3342882100.0,acute care hospitals,,,surgical infection prevention,scip-inf-1,surgery patients who were given an antibiotic at the right time (within one hour before surgery) to help prevent infection,97%,412 patients,al_scip-inf-1
536,10023.0,baptist medical center south,2105 east south boulevard,,empty,montgomery,al,36116.0,montgomery,3342882100.0,acute care hospitals,volu??ntary non-profit - c$hurch,,surgical infection prevention,scip-inf??-2,surgery patients who were given the  right kind  of antibiotic to help prevent infection,97%,423 patients,
537,42081.13375519915,,2105 east south boulevard,empty,,montgomery,,36116.0,montgomery,,acute care hospitals,voluntary non-profit - church,,surgical infection prevention,scip-inf-3,surgery patients whose preventive antibiotics were stopped at the right time (within 24 hours after surgery),94%$,392 patients,al_scip-inf-3
538,10023.0,baptist medical center south,2105 east south boulevard,empty,em??pty%,montgomery,al,36116.0,montgomery,3342882100.0,acute care hospitals,voluntary non-profit - church,,surgical infection prevention,scip-inf-4,,,,al_scip-inf-4
539,,baptist medical center south,2105 e@@ast south boulevard,empty,empty,montgomery??,al,,montgomery,3342882100.0,,voluntary non-profit - church,,surgical infection prevention,,surgery patients needing hair removed from the surgical area before surgery who had hair removed using a safer method (electric clippers or hair removal cream c not a razor),100%,575 patients,al_sci#p-@@inf-6
540,10023.0,baptist medical center south,2105 east south boulevard,empty,empty,montgomery,,,montgomery,3342882100.0,acute care hospita??ls,voluntary non-profit - c#hur#ch,yes,surgical infection prevention,scip-vte-1,,98%,179 patients,al_scip-vte-1
541,10023.0,baptist medical center south,2105 east south boulevard,,empty,montgomery,,36116.0,,3342882100.0,acute care hospitals,voluntary non-profit - church,yes,surgical infection prevention,$scip-vte#-2,@@patients who got treatment  at the right time (within 24 hours before or after their surgery) to help prevent blood clo%ts after certain types of surgery,,179 patients,al_scip-vte-2
542,10024.0,jackson hospital & clinic inc,,empty,,montgomery,@@$al,36106.0,montgomery,3342938000.0,acute care hospitals,%voluntary non-profit - priva$te,yes,heart attack,ami-1,heart attack patients given aspirin at arrival,,,al_ami-1
543,49076.7102551146,jackson hospital & clinic inc,1725 pine street,empty,,montgomery,al,36106.0,montgomery,3342938000.0,acute care hospitals,voluntary non-profit - private,yes,heart attack,ami-2,heart attack patients given aspirin at discharge,92%,165% patients,al_ami-2
544,10024.0,jackson hospital & clinic inc,1725 pine street,empty,empty,,,36106.0,montgomery,3342938000.0,acute care hospitals,voluntary non-profit - private,yes,heart attack,,,79%,,al_ami-3
545,10024.0,jackson hospital & clinic inc,,empty,empty,montgomery,al,,,19276330005.019382,,voluntary non-profit - private,y??es,heart attack,ami-4,heart attack patients given smoking cessation advice/counseling,97%,65 patients,al_ami-4
546,10024.0,jackson hospital & clinic inc,1725 pine street,empt@@#y,e#mpty,,al,36106.0,montgomery,3342938000.0,acute care hospitals,voluntary non-profit - private,yes,,a??mi#-5,heart attack patients given beta blocker at discharge,95%,173 patients,
547,31987.517530115525,jackson hospital & clinic inc,1725 pine street,empty,empty,montgomery,al,,montgomery,3342938000.0,acute care hospitals,voluntary non-profit - private,yes,heart attack,ami%-%7a,heart attack patients given fibrinolytic medication within 30 minutes of arrival,empty,0 patients,al_ami-7a
548,10024.0,jackson hospital & clinic inc,1725 p??in%e street,,empty,montgomery,al,,montgomery,3342938000.0,acute care hospitals,,yes,heart attack,ami-8a,heart attack patients given pci within 90 minutes of arrival,40%,15 patients,al_ami-8a
549,59029.081294408126,jackson hospital & clinic inc,1725 pine street,,empty,montgomery,al,36106.0,montgomery,,acute care hospitals,voluntary non-profit - private,yes,heart failure,hf-1,,45$%,430 patients,$#al_hf-1
550,,jackson hospital & clinic inc,1725 pine street,empty,empty,,al,36106.0,montgomery,3342938000.0,acute care hospitals,voluntary non-profit - private,yes,heart failure,hf-2,heart failure patients given an evaluation of left ventricular systolic (lvs) function,90%,518 patients,al_hf-2
551,10024.0,jackson hospital & clinic inc,,empty,empty,montgomery,,175551.99243250577,,3342938000.0,acute care hospitals,voluntary non-profit - private,??yes,heart failure,hf-3,heart failure patients given ace inhibitor or arb for left ventricular systolic dysfunction (lvsd),85%,146 patients,al_hf-3
552,10024.0,jackson hospital & clinic inc,1725 pine street,empty,,,al,36106.0,montgomery,3342938000.0,acute care hospitals,voluntary non-profit - private,,,hf-4,heart failure patients given smoking cessation advice/counseling,99%,,??al_#hf-4
553,51526.37738426567,jackson hospital & clinic inc,,empty,empty,montgomery,,36106.0,montgomery#,11094657762.066248,acute care hospitals,voluntary non-profit - private,yes,pneum$onia,pn-2,pneumonia patients assessed and given pneumococcal vaccination,,243 patients,al_pn-2
554,10024.0,jackson hospital & clinic inc,,e##mpty,,montgomery,al,36106.0,montgomery,3342938000.0,acute care hospitals,voluntary non-profit - private,yes,pneumonia,pn-3b,pneumonia patients whose initial emergency room blood culture was performed prior to the administration of the first hospital dose of antibiotics,95%,230 patients,
555,,jackson hospital & clinic inc,1725 pine street,empty,empty,montgomery,al,,montgomery,,acute care hospitals,,yes,pneum%onia,pn-4,pneumonia patients given smoking cessation advice/counseling,91%,,al_pn-4
556,10024.0,jackson hospital & clinic inc,1725 pine street,e%m@@pty,empty,montgomery,al??#,119913.8686646076,montgomery,13856099407.888367,acute care hospitals,voluntary non-profit - private,yes,pneumonia,pn-5c,pneumonia patients given initial antibiotic(s) within 6 @@hours after arrival,88%,233 patients,al_pn-5c
557,10024.0,jackson ho$spital & clinic inc,1725 pine street,,empty,montgomery,al,,,,acute care hospitals,voluntary non-profit - private,yes,pneumonia,pn-6,pneumonia patients given the most appropriate initial antibiotic(s),82%,97 pati@@ents,al_pn-6
558,,jackson hospital & clinic inc,,,empty#%,montgomery,#%al,36106.0,montgomery,3342938000.0,acute care hospitals,voluntary non-profit - private,yes,pneumonia,pn-7,pneumonia patients assessed and giv@@en influenza vacci%nation,82%,184 patients,
559,,jacks??on$ hospital & clinic inc,1725 pine street,empty,empty,montgomery,al,194943.70218439738,,3342938000.0,acute care hospitals,voluntary non-profit - private,yes,,scip-card-2,surgery patients who were taking heart drugs called beta blockers before coming to the hospital who were kept on the beta blockers during the period just before and after their surgery,67%,180 patients,al_scip-card-2
560,49738.69519244233,jackson hospital & clinic inc,1725 pine street,empty,empty,montgomery,,204017.68971998314,montgomery,3342938000.0,acute care hospitals,voluntary non-profit - private,yes,surgical infection prevention,scip-inf-1,surgery patients who were given an antibiotic at th%e right time (within one hour before surgery) to help prevent infection,78%,844 patien@@ts,al_scip-inf-1
561,10024.0,jackson hospital & clinic inc,1725 pine street,empty,em#pty,m#ontgomery,al??,36106.0,montgomery,3342938000.0,acute care hospitals,voluntary non-profit - private,yes,surgical infection prevention,scip-inf-2,surgery patients who were given the  right kind  of antibiotic to help prevent infection,98%,,al_scip-inf-2
562,10024.0,jackson hospital & clinic inc,1725 pine street,empty,empty,montgomery,al,,montgomery,3342938000.0,,voluntary non-profit - private,yes,,,surgery patients whose preventive antibiotics were stopped at the right time (within 24 hours after surgery),,817 patients,al_scip-inf-3
563,10024.0,jackson hospital & clinic inc,,,empty,montgomery,al,36106.0,montgomery,3342938000.0,acute care hospitals,voluntary non-profit - private,,surgical infection prevention,scip-inf-4,all heart surgery patients whose blood sugar (blood glucose) is kept under good control in the days right after surgery,72%,270 patients,al_scip-inf-4
564,10024.0,jackson hospital & clinic inc,1725 pine street,empty,empty,montgomery,al,36106.0,montgomery,17668927223.252365,acute care hospitals,voluntary non-profit - private,yes,,scip-inf-6,,97%,1062 patients,al_scip-inf-6
565,10024.0,jackson hospital & clinic inc,1725 pine street,empty,empty,montgomery,,,montgomery,13158470678.969332,acute care hospitals,voluntary non-profit - private,yes,,scip-vte-1,surgery patients whose doctors ordered treatments to prevent blood clots after certain types of surgeries,,,al_scip-vte-1
566,,jackson hospital & clinic inc,1725 pine street,,empty,montgomery,,36106.0,montgomery,3342938000.0,acute care hospitals,voluntary non-profit - private,yes,surgical infection prevention,scip-vte-2,patients who got treatment  at the right time (within 24 hours before or after their surgery) to help prevent blood clots after certain types of surgery,,259 patients,al_scip-vte-2
567,,g h lanier memorial hospital,,empty,empty,,al,36854.0,chambers,3347561400.0,acute care hospitals,voluntary non-profit - other,yes,hear#t att??ack,ami-1,,92%,24 patients,al_ami-1
568,10025.0,g h lanier memorial h%ospital,4800 48th st,emp@@ty#,empty,valley,al,36854.0,chambers,3347561400.0,acute care hospitals,voluntary non-profit - other,yes,heart attack,ami-2,heart ??attack# patients given aspirin at discharge,90%,10 patients,al_ami-2
569,10025.0,g h lanier memorial hospital,4800 48th st,e??mpty,empty,valley,al,,chambers,3347561400.0,acute care hospitals,voluntary non-profit - other,yes,heart attack,ami-3,heart attack patients given ace inhibitor or arb for left ventricular systolic dysfunction (lvsd),100%,1 patients,al_ami-3
570,10025.0,g h lanier memorial hospital,,,empty,valley,al,,chambers,3347561400.0,acute care hospitals,voluntary non-profit - other,yes,heart attack,ami-4,,,4 patients,al??_ami-#4
571,,,4800 48th st,empty,emp@@ty,valley,??al,199167.50787716277,chambers,,acute care hospitals,voluntary non-profit - other,yes,heart attack,,heart attack patients given beta blocker at discharge,92%,13 patients,al_ami-5
572,10025.0,,4800 48th st,empty,empty,valley,,,chambers,3347561400.0,acute care hospitals,voluntary non-profit - other,yes@@,he%art attack,ami-7a,heart attack patients given fibrinolytic medication within 30 minutes of arrival,0%,2 patients,al_ami-7a
573,,g h lanier memorial hospital,4800 48th st,empty,empty,valley,,,chambers,,acute care hospitals,voluntary non-profit - other,yes,heart attack,ami-8a,,empty,0 patients,
574,10025.0,g h lanier memorial hospital,??4800 48th s??t,,,valley,al,36854.0,,3347561400.0,acute care hospitals,voluntary non-profit - other,%ye%s,heart failure,hf-1,heart failure patients given discharge instructions,54%,137 patients,al_hf-1
575,10025.0,g h lani??er memorial $hospital,4800 48th st,empty,empty,valley,al,36854.0,chambers,3347561400.0,acute care hospitals,,yes,,hf-2,,9??9%,164 patients,al_hf-2
576,10025.0,g h lanier memorial hospital,4800 48th st,,empty,,al,,chambers,3347561400.0,acute care hospitals,voluntary non-profit - other,yes,,hf-#3,heart failure patients given ace inhibitor or arb for left ventricular systolic dysfunction (lvsd),96%,,al_hf-3
577,10025.0,g h lanier memorial hospital,4800 48th st,empty,empt$y,valley,al,36854.0,chambers,14651279703.935263,%acute care hospitals,voluntary non-profit - other,yes#$,heart fail#ur??e,hf-$4,,97%,38 patients,
578,,g h lanier memorial hospital,4800 48th st,empty,empty,valley,al,36854.0,chambers,3347561400.0,acute care hospitals,,y??es,pneumonia,pn-2,pneumonia patients assessed and given pneumococcal vaccination,80%,55 patients,al_pn-2
579,,g h lanier memorial hospital,4800 48th st,,empty,valley,al,36854.0,,3347561400.0,,voluntary non-profit - other,yes,pneumonia,pn-3b,pneumonia patients whose initial emergency room blood culture was performed prior to the administration of the first hospital dose of antibiotics,,43 patients,al_pn-3b
580,48193.35438957736,g h lanier memorial hospital,4800 48th st,empty,empty,valley,al,,chambers,3347561400.0,acute care hospitals,voluntary non-profit - other,yes,,pn-4,pneumonia pati??ents given smoking cessation advice/counseling,91%,34 patients,a#l_@@pn-4
581,10025.0,g h lanier memorial hospital,,empty,empty,valley,al,,chambers,3347561400.0,acute care hospitals,voluntary non-profit - other,yes,pneumonia,pn-5c,pneumonia patients given initial antibiotic(s) within 6 hours after arrival,82%,50 patients,al_pn-5c
582,10025.0,g h lanier memorial hospital,4800 48th st,,empty,valley,al,36854.0,chambers,3347561400.0,acute care hospitals,v@@oluntary non-profit - other,yes,pneumonia,pn-6,,85%,52 patients,al_pn-6
583,10025.0,g h lanier memorial hospital,4800 48th st,empty,empty,valley,al,36854.0,chambers,3347561400.0,a%cute ca#re hospitals,voluntary non-profit - other,yes$,pneumonia,,pneumonia patients assessed and given influenza vaccination,75%,60 patients,al_pn-7
584,10025.0,g h lanier memorial hospital,480%0 48t%h st,,empty,valley,al,,,3347561400.0,acute care hospitals,,yes,,scip-card-2,surgery patients who were taking heart @@drugs called beta blockers before coming to the hospital who were kept on the beta blockers during the period just before an??d after their surgery,32%,19 patients,al_scip-card-2
585,10025.0,g h lanier memorial hospital,4800 48th st,,empty,valley,a%l,36854.0,chambers,3347561400.0,acute care hospitals,voluntary non-profit - other,yes,surgical infection prevention,scip-inf-1,surgery patients who were g$iven an antibiotic at the right time (within one hour before surgery) to help prevent infection,100%,117 patients,al_scip-inf-1
586,10025.0,g h lanier memorial hospital,4800 48th st,empty,empty,valley,al,36854.0,chambers,3347561400.0,acute care hospitals,voluntary non-profit - other,,surgical infection prevention,scip-inf-2,,93%,,
587,10025.0,g h lanier memorial hospital,4800 48th st,,empty,valley,al,36854.0,,3347561400.0,acute care hospitals,voluntary non-profit - other,yes,surgical infection preve??ntion,scip-inf-3,surgery patients whose preventive antibiotics were stopped at the right time (within 24 hours after surgery),79%,116 patients,al_scip-inf-3
588,10025.0,g h lanier memorial hospital,,emp#ty@@,empty,,al$,,chambers,3347561400.0,acute care hospitals,voluntary non-profit - other,yes,surgical infection prevention,scip-inf-4,,empty,0 patients,al_scip-inf-4
589,10025.0,g h lanier memorial hospital,4800 48th st,empt%y#,empty,valley,,36854.0,chambers,,acute care hospita@@ls,voluntary non-profit - other,,surgical infection prevention,scip-inf-6,surgery patients needing hair removed from the surgical area before surgery who had hair removed using a safer method (electric clippers or hair removal cream c not a razor),96%,172 patients,al_scip-inf-6
590,10025.0,g h la%nier memor??ial hospital,4800 48th st,,empty,valley,al,125933.79455553638,,3347561400.0,,voluntary non-profit - other,yes,surgical infection prevention,scip-vte-1,surgery patients whose doctors ordered treatments to prevent blood clots after certain types of surgeries,88%,85 patients,al_sci@@p-%vte-1
591,,g h lanier memorial hospital,4800 48th st,empty,empty,valley,,36854.0,chambers,3347561400.0,acute care hospitals,voluntary non-profit - other,yes,surgical infection prevention,scip-vte-2,patients who got treatment  at the right time (within 24 hours before or after their surgery) to help prevent blood clots after certain types of surgery,82%,84 patients,al_scip-vte-2
592,10027.0,elba general hospital,987 drayton street,empty,empty,elb%%a,al,36323.0,coffee,,acute care hospitals,voluntary non-profit - other,yes,heart a#ttack,ami-1,heart attack patients given aspirin at arrival,e%mpty,empty,al_a#mi-1
593,10027.0,elba general hospital,987 drayton street,empty,empty,elba,al,36323.0,coffee,3348972257.0,acute care hospitals,voluntary non-profit - other,??ye$s,heart attack,,heart attack patients given aspirin at discharge,empty,empty,al_ami-2
594,10027.0,elba general hospital,987 drayton street,empty,empty,el@@%ba,al,36323.0,coffee,,,,yes,heart attack,,heart attack patients given ace inhibitor or arb for left ventricular systolic dysfunction (lvsd),,emp@@ty,al_ami-3
595,10027.0,elba general hospital,987?? drayton street,empty,emp#ty,elb??#a,al,36323.0,coffee,3348972257.0,acute care hospitals,voluntary non-profit - other,yes,heart attack,ami-4,heart attack patients given smoking cessation advice/counseling,empty,empty,al_ami-4
596,36134.48709888315,elba general hospital,987 drayton street,empty,empty,,al????,165508.9325946445,coffee,19234095659.81636,acute care hospitals,voluntary non-profit - other,yes,heart attack,ami-5,heart attack patients given beta blocker at discharge,,empty%$,
597,10027.0,elba general hospital,987 drayton street,,empty,elba,al,36323.0,coffee,3348972257.0,acute ca@@re hospitals,voluntary non-profit - other,,heart attack,ami-7a,heart attack patients given fibrinolytic medication within 30 minutes of arrival,empty,empty,al_ami-7a
598,10027.0,elba general hospital,987 drayton street,empty,empty,elba,al??,36323.0,coffee,18050015076.385414,,voluntary non-profit - other,yes,heart attack,ami-8a,heart attack patients given pci within 90 minutes of arrival,empty,empty,al_ami-8a
599,10027.0,elba general hospital,987 drayton street,empty,empty,,al,36323.0,c??offee,3348972257.0,acute care hospitals,voluntary non-profit - other,yes,,hf-1,heart failure patients given discharge instructions,100%,2 patients,al_hf-1
600,10027.0,elba general hospital,,empty,empty,elba,al,36323.0,coffee,3348972257.0,acute care hospitals,,yes,heart failure,hf-2,heart failure patients given an evaluation of left ventricular systolic (lvs) function,100%,3 patients,al_hf-2
601,42773.45247157036,elba general hospital,987 drayton street,empty,empty,elba,,36323.0,coffee,,acute care hospitals,voluntary non-profit - other,ye$s,heart failure,hf-3,,empty,0 patients,al_hf-3
602,10027.0,elba general hospital,987 drayton street,em$pt%y,,,al,,,3348972257.0,acute care hospitals,voluntary non-profit - other,ye%s,heart failure,h@@f-#4,,,0 patients,al_hf-4
603,,elb%a genera%l hospital,987 drayton street,empty,empty,e%lba%,,36323.0,co#ffee%,3348972257.0,acute care hospitals,voluntary non-profit - other,yes,pne@@#umonia,pn-2,pneumonia patients assessed and given pneumococcal vaccination,1$??00%,31 patients,al_pn-2
604,10027.0,elba general hospital,987 drayton street,empty,empty,elba,al,,coffee,3348972257.0,acute care hospitals,voluntary non-profit - ot%her$,,pneumonia,,,100%,19 pa@@tient#s,al_pn-3b
605,10027.0,,987 drayton street,empty,empty,,al,,coffee,3348972257.0,,voluntary non-profit - other,yes,pneumonia,#pn-%4,pneumonia patients given smoking cessation advice/counseling,100%,12 patients,al_pn-4
606,10027.0,elba general hospital,987 drayton@@ st@@reet,empty,,elba,al,36323.0,coffee,3348972257.0,a@@cute care hospital%s,voluntary non-profit - other,yes,pneumonia,pn-5c,pneumonia patients given initial antibiotic(s) within 6 hours after arrival,100%,40 patients,al_pn-5c
607,,elba general hospital,987 drayton street,empty,empty,elba,al,36323.0,coffee,3348972257.0,,voluntary non-profit ??- other,yes,pneumonia,pn-6,pneumonia patients given the most appropriate initial antibiotic(s),93%,30 patients,al_pn-6
608,10027.0,elba general hospital,,em#pty@@,empt?#?y,%$elba,al,36323.0,coffee,15718119050.152065,acute care hosp##itals,voluntary non-profit - other,yes,pneumonia,pn-7,pneumonia patients assessed and given influenza vaccination,100%,23 patients,al_pn-$7
609,10027.0,elba general %h#ospital,,,empty,,al,36323.0,coffee,3348972257.0,,voluntary non-profit - other,yes,surgical infection prevention,s%cip-card-2,surgery patients who were taking heart drugs called beta blockers before coming to the hospital who were kept on the beta blockers during the period just before and after their surgery,empty,,
610,,elba general hospital,987 drayton street,empty,empty,elba,al,36323.0,,,acute care hospitals,voluntary non-profit - other,,surgical infection prevention,scip-inf-1,surgery patients who were given an antibiotic at the right time (within one hour before surgery) to help prevent infection,empty,empty,al_scip-inf-1
611,10027.0,elba general hospital,987 drayton street,empty,empty,elba,al,36323.0,coffee,3348972257.0,acute care hospitals,voluntary non-profit - other,yes,surgical infection prevention,scip-inf-2,surgery patients who were given the  right kind  of antibiotic to help prevent infection,empty,,al_scip-inf-2
612,10027.0,,987 drayton street,empty,empty,elba,a??l,,coffee,3348972257.0,acute care hospitals,v$oluntary$ non-profit - other,%yes,,scip-inf-3,surgery patients whose preventive antibiotics were stopped at the right time (within 24 hours after surgery),e%mpty,empty#,al_scip-inf-3
613,10027.0,elba general hospital,987 drayton street,empty,empty,elba,al,119627.046266351,coff#??ee,3348972257.0,acute care hospitals,voluntary non-profit - other,yes,surgical infection prevention,scip-inf-4,all heart surgery patients whose blood sugar (blood glucose) is kept under good control in the days right after surgery,empty,empty,al_scip-inf-4
614,10027.0,elba general hospital,987 drayton street,%emp#ty,empty,elba,al,,coffee,3348972257.0,acute care hospitals,voluntary non-profit - other,yes,surgical infection prevention,scip-inf-6,surgery patients needing hair removed from the surgical area before surgery who had hair removed using a safer method (electric clippers or hair removal cream c not a razor),empty,empty,
615,32039.854323951735,elba general hospital,9@@87 drayton street,,em$??pty,elba,al,36323.0,coffee,3348972257.0,acute care hospitals,,yes,surgical infection prevention,scip-vte-1,surgery patient#s whose $doctors ordered treatments to prevent blood clots after certain types of surgeries,empty,,al_scip-vte-1
616,10027.0,,,empty,empty,elba,al,36323.0,coffee,3348972257.0,,voluntary non-profit - other,yes,surgical infection prevention,scip-vte-2,patients who got treatment  at the right time (within 24 hours before or after their surgery) to help prevent blood clots after certain types of surgery,empty,empty,al_scip-vte-2
617,10029.0,,2000 pepperell parkway,empty,,opelika,al,,lee,3347493411.0,acute care hospitals,govern%ment - hospital district or authority,yes,heart attack,ami-1,heart attack patients given aspirin at arrival,98%,185 patients,#al%_ami-1
618,10029.0,,2000 pepperell parkway,empty,empty,,#al,36801.0,lee,,acute care hospitals,government - hospital district or authority,yes,heart attack,,heart attack patients given aspirin at discharge,97%,290 pati@@%ents,al_ami-2
619,10029.0,east alabama medical center and snf,2000 pepperell parkway,empty,em??pty$,opelika,al,36801.0,le#e,17703020167.40962,acute care hospitals,government - hospital district or authority,yes,,ami-3,heart attack patients given ace inhibitor or arb for left ventricular systolic dysfunction (lvsd),93%,72 patients,
620,,east alabama medical center and snf,2000 pepperell parkway,,empty,opelika,al,186293.83118206792,lee,11788926669.699686,acu??te care hospitals#,g@@overnment - hospital district or authori??ty,yes,heart attack,ami-4,heart attack patients given smoking cessation advice/counseling,100%,122 pati%ents,al_ami-4
621,47311.02413003316,east alabama medical center and snf,2000 pepperell parkway,empty,empty,,al,36801.0,,,acute care hospitals,government - hospital district or authority,yes,hear@@t atta%ck,ami-5,heart attack patients given beta blocker at discharge,98%,,al_ami-5
622,10029.0,,2000 pepperell parkway,empty,empty,,al,36801.0,,3347493411.0,acute care hospitals,government - hospital district or authority,yes,heart @@att$ack,ami-7a,heart attack patients given fibrinolytic medication within 30 minutes of arrival,empty,,al_am#%i-7a
623,10029.0,eas$t alabama me??dical center and snf,2000 pepperell parkway,empty,,opelika,al,36801.0,lee,3347493411.0,acute care hospitals,government - hospital district or authority,yes,heart attack,ami-8a,heart attack patients given pci within 90 minutes of arrival,85%,26 patients,al_ami-8a
624,40147.68374063718,east alabama medical center and snf,2000 pepperell parkway,empty,empty,opelika,al,,lee,16640696466.195818,acute care hospitals,government - hospital district or authority,yes,heart failure,hf-1,heart failure patients given discharge instructions,82%,527 patients,al_hf-1
625,10029.0,east alabama medical c??enter$ and snf,2000 pepperell parkway,empty,,opelika,al,36801.0,lee,3347493411.0,acute care hospitals,,yes,,hf-#2,heart failure patients given an evaluation of left ventricular systolic (lvs) function,100%,570 patients,al_hf-2
626,10029.0,east alabama medical center and snf,2000 pepperell parkway,empty,,opelika,,36801.0,@$@lee,3347493411.0,acute care hospitals,,yes,heart failure,hf-3,heart failure patients given ace inhibitor or arb for left ventricular systolic dysfunction (lvsd),92%,2@@72 patien@@ts,al_hf-3
627,,east alabama medical center and snf,2000 ??pepperell parkway,empty,empty,opelika,al,36801.0,lee,3347493411.0,,government - hospital district or authority,yes,he#art failure,hf-4,heart failure patients given smoking cessation advice/counseling,#1??00%,101 patients,al_hf-4
628,34846.75611555521,,2000 pepperell parkway,empty,empty,opelika,al,36801.0,lee,3347493411.0,acute care hospitals,government - hospital district or authority,yes,pneumonia,pn-2,pneumonia patients assessed and given pneumococcal vaccination,92%,114 patients,
629,10029.0,east alabama medical center and snf,#2#000 pepperell parkway,empty,,o%pel??ika,al,,lee,3347493411.0,acute care hospitals,government - hospital district or authority,ye#s$,pneumonia,pn-3b,pneumonia patients whose initial emergency room blood culture was performed prior to the administration of the first hospital dose of antibiotics,91%,129 patients,
630,10029.0,east alabama medical center and snf,2000 pepperell parkway,empty,empty,,al,36801.0,#le%e,3347493411.0,acute care hospitals,gove#rn??ment - hospital district or authority,yes,pneumonia,pn-4,pneumonia patients given smoking cessation advice/counseling,100%,59 patients,al_pn-4
631,37292.65746973906,east alabama medical center and snf,2000 pepperell parkway,empty,empty,opelika,al,123383.74504959633,lee,3347493411.0,acute care hospitals,government - hospital district or authority,yes,pn%eumoni%a,,pneumonia patients given initial antibiotic(s) within 6 hours after arrival,96%,153 patients,al_pn-5c
632,10029.0,east alabama medical center and snf,2000 pepperell parkway,empty,empty,opelika,al,36801.0,,,acute care hospitals,,,pneumonia,pn-6,pneumonia patients given the most ap@@p$ropriate initial antibiotic(s),97%,115 patients,al_pn-6
633,10029.0,east alabama medical center and snf,2000 pepperell parkway,emp??ty%,empty,opelika,al,36801.0,lee,11715792502.687994,acute care hospitals,,yes@@??,%pneumonia,pn-7,pneumonia patients assessed and given influenza vaccination,88%,89 patients,al_pn-7
634,,$east alabama medical center and snf$,2000 pepperell parkway,empty,empty,,,,,3347493411.0,acute care hospitals,government% - ho??spital district or authority,yes,surgical infection prevention,scip-card-2,,98%,208 patients,al_scip-card-2
635,38240.5617542223,east alabama medical center and snf,,empty,empty,,al,36801.0,lee,3347493411.0,acute care hospitals,government - hospital district or authority,yes,surgical infection prevention,scip-inf-1,surgery patients who were given an antibiotic at the right time (within one hour before surgery) to help prevent infection,99%,1001 patients,al_scip-inf-1
636,35701.94967563375,east alabama medical center and snf,2000 pepperell parkway,empty,,opelika,??al,36801.0,lee,,,government - hospital district or authority,yes,surgical infection preventi%on,scip-inf-2,surgery patients who were given the  right kind  of antibiotic to help prevent infection,99%,1016 patients,al_scip-inf-2
637,10029.0,east alabama m$edical center and snf,200??0 pepp??erell parkway,empty,empty,opelika,al,36801.0,lee,3347493411.0,,government - hospital district or authority,yes,,scip-inf-3,,97%,962 patients,al_scip-inf-3
638,10029.0,east alabama medical center and snf,2000 pepperell pa$rkway,empty,e#mpty,#opelika,??#al,36801.0,lee,19025191311.410732,acute care hospitals,government - hospital district or authority,yes,surgical infection prevention,scip-inf-4,all heart surgery patients whose blood sugar (blood glucose) is kept under good control in the days right after surgery,98%,241 p%atients,al_scip-inf-4
639,,east alabama medical center and snf,2000 pepperell parkway,empty,empty,,al,36801.0,lee,3347493411.0,acute care hospitals,,yes,surgical infection prevention,scip-inf-6,surgery patients needing hair removed from the surgical area before surgery who had hair removed using a safer method (electric clippers or hair removal cream c not a razor),100%,1421 patients,al_scip-inf-6
640,56847.0249354424,east alabama medical center and snf,2000 pepperell parkway,empty,empty,ope%lika,al,36801.0,lee,,acute care h??ospitals,,yes#,,,,92%,473 patients,al@@_scip-vte-1
641,,east alabama medical center and snf,2000 pepperell parkway,em$pty,empty,opelika,al,36801.0,lee,3347493411.0,,government - hospital district or authority,,surgical infection prevention,scip-vte-2,patients who got treatment  at the right time (within 24 hours before or after their surgery) to help prevent blood clots after certain types of surgery,90%,473 patients,a$l_scip-vte-$2
642,10032.0,wedowee hospital,209 north main street,??e??mpty,empty,wedowee,al,36278.0,randolph,8259710589.411896,acute care hospitals,,no,heart attack,,heart attack patients given aspirin at arrival,,4 patients,al_ami-1
643,10032.0,wedowee h%ospital,209 north main street,empty,empty,we%%dowee,,36278.0,,7830084969.731508,,government - local,no,heart attack,ami-2,heart attack patients given aspirin at discharge,67%,3 patients,
644,47361.11245703516,wedowee hospital,,empty,empty,wedowee,al,36278.0,randolph,,acute care hospitals,government - local,no,heart attack,ami-3,heart attack patients given ace inhibitor or arb for left ventricular systolic dysfunction (lvsd),em%pty,0 patients,al_ami-3
645,10032.0,wedowee hosp#ital#,209 north main street,,empty,,al,143635.44301111205,randolph,2563572111.0,acute care hospitals,government - local,no@@$,heart a@@ttack,ami-4,heart attack patients given smoking cessation advice/counseling,empty,0 patients,al_ami-4
646,10032.0,wedowee# hospital,209 north main street,empty,empty,wedowee,al,160883.08098992603,randolph,2563572111.0,acute care hospitals,government - local,no,heart attack,ami-5,heart attack patients given beta blocker at discharge,67%,3 patients,al_ami-5
647,10032.0,wedowee hospital,209 north main street,empty,empty,wedowee,al,36278.0,randolph,2563572111.0,acute care hospitals,government - local,no,heart attack,ami-7a,heart attack patients given fibrinolytic medication within 30 minutes of arrival,,,al_ami-7a
648,10032.0,wed%owee hospital,209 north main street,empty,empty,wedowee,al,126680.79300910777,randolph,,acute care hospitals,government - local,no,,ami-8a,heart attack patients given pci within 90 minutes of arrival,,,al_ami-8a
649,10032.0,wedowee hospital,209 north main street,empty,empty,wedowee,al,36278.0,randolph,2563572111.0,,government - local,no,heart?? failure,hf-1,heart failure patients given discharge instructions,0%,34 patients,al_hf-1
650,10032.0,wedowee hospital,,empty,empty,wedowee,,,randolph,2563572111.0,acute care hospitals,government - local,no,heart failure,hf-2,heart failure patients given an evaluation of left ventricular systolic (lvs) function,38%,39 patients,
651,10032.0,wedowee hospital,209 north main street,empty,empty,wedowee,,111311.19894929849,randolph,2563572111.0,acute care hospital$s,government - local,no,heart failure,hf-3,,25%,4 patients,
652,10032.0,wedowee hospital,209 north main street,empty,,wedowee,al$,36278.0,,2563572111.0,acute care hospitals,government - local,no,,hf-4,heart failure patients given smoking cessation advice/counseling,,2 patients,al_hf-4
653,10032.0,wedowee hospital,209 north main street,empty,,wedowee,al,,randolph,2563572111.0,,government - local,,,pn-2,pneumonia patients assessed and given pneumo%coccal vaccinatio@@n,,$28 patients,al_pn-2
654,10032.0,wedowee hospital,209 north main street,,empty,wedowee,,36278.0,randolph,2563572111.0,acute care hospitals,,no,pneumonia,p@@n-3b@@,pneumonia patients whose initial emergency room blood culture was performed prior to the administration of the first hospital dose of antibiotics,100%,14 patients,al_pn-3b
655,10032.0,wedowee hospital,,,empty,wedowee,al,36278.0,randolph,2563572111.0,acute care hospitals,government - local,no,pneumonia,pn-4,pneumonia patients given smoking cessation advice/counseling,67%,,??al_pn-4
656,10032.0,wedowee #hospi@@tal,209 north main street,empty,empty,wedowee,al,173868.16086399055,randolph,,acute care hospitals,government - local,no,,pn-5c,,90%,30 patients,a$l_#pn-5c
657,10032.0,wedowee hospital,209 north main st#reet,empty,,wedowee,al,152297.87739051614,randolph,2563572111.0,acute care hospitals,,no,pneumonia,pn-6,pneumonia patients given the most appropriate initial antibiotic(s),96%,,al_pn-6
658,10032.0,wedowee hospital,209 north main street,empty,empty#$,wedowee,al,,randolph,2563572111.0,acute care hospitals,government - local,no,pneumonia,pn-7,,12@@%$,16 patients,
659,,wedowee hospital,209 north main street,empty,empty,wedowee,al,36278.0,randol$ph,,acute care hospitals,government - local,no,,@@scip%-card-2,surgery patients who were taking heart drugs called beta blockers before coming to the hospital who were kept on the beta blockers during the period just before and after their surgery,empty,e$%mpty,al_scip-c??ard-2
660,10032.0,wedowee hospital,209 north main street,empty,empty,wedowee,@@al%,36278.0,randolph,2563572111.0,acute care hospitals,government - local,no,surgical infection prevention,scip-inf-1,surgery patients who were given an antibiotic at the right time (within one hour before surgery) to help prevent infection,empty,empty,al_scip-inf-1
661,10032.0,wedowee hospital,209 north main street,%empty,empty,wedowee,al%,,randolph,2563572111.0,acute care hospitals,government - local,%#no,surgical infection prevention,scip-inf-2,,em%pty,empty,al_scip-inf-2
662,,wedowee @@hospita#l,209 north main street,%empty#,empty,wedowee,al,36278.0,randolph,2563572111.0,acute care hospitals,government - local,no,surgical infection prevention,scip-inf-3,surgery patients whose preventive antibiotics were stopped at the right time (within 24 hours after surgery),empty,,al_scip-i$nf-3
663,,wedowee $hospital,,,empty,,al,36278.0,,2563572111.0,acute care hospitals,,no,surgical infection prevention,scip-inf-4,all heart surgery patients whose blood sugar (blood glucose) is kept under good control in the days right after surgery,empty,,al_scip-inf-4
664,10032.0,wedowee hospital,,empty,empty,wedowee,al,36278.0,randolph,2563572111.0,acute care hospitals,government -% local,no,surgical infection prevention,,surgery patients needing hair removed from the surgical area before surgery who had hair removed using a safer method (electric clippers or hair removal cream c not a razor),empty,empty,al_scip-inf-6
665,,wedowee hospital,209 north main street,empty,empty,wedowee,,36278.0,randolph,9270828669.657171,acute care hospitals,government - local,%no,surgical infection prevention,,,empty,empty,al_scip-vte-1
666,10032.0,wedowee hospital,209 north main street,empty,empty,wedowee,al,36278.0,randolph,2563572111.0,,government - local,no,surgical infection prevention,scip-vte-2,patients who got treatment  at the right time (within 24 hours before or after their surgery) to help prevent blood clots after certain types of surgery,empty,empty,al_scip-vte-2
667,10033.0,,$619 south 19th stree??t,empty,empty,birmingham,al,35233.0,jefferson,2059344011.0,acute care h%ospit@@als,government - state,yes,heart attack,,,98%,229 patients,al_ami-1
668,10033.0,university of alabama hospital,619 south 19th street@@,empty,empty,birmingham,$al,35233.0,jefferson,2059344011.0,acute care hospitals,government - state,yes,heart attack,,heart attack patients given aspirin at discharge,98%,316 patients,al_ami-2
669,10033.0,university of alabama hospital,619 south 19th street,empty,,birmingham,al,35233.0,,2059344011.0,acute care hospitals,government - state,yes,heart attack,ami-3,,91%,87% patie%nts,al_ami@@-3
670,10033.0,university of alabama hospital,619 south 19th street,empty,empty,,,138515.95112267896,jefferson,2059344011.0,acute care hospitals,government - state,yes,heart attack,ami-4,heart attack patients given smoking cessation advice/counseling,100%##,147 patients,al_ami-4
671,10033.0,university of alabama hospital,619 south 19th street,,empty,birmingham,al,35233.0,jefferson,,acute care hospitals,,yes,heart attack,ami-5,heart attack patients given beta blocker at discharge,97%,331 patients,al_ami-5
672,,,619 south 19th street,em$pty@@,empty,birmingham,al,35233.0,jefferson,2059344011.0,a#cute care hospitals,,yes,heart attack,ami-7a,heart attack patients given fibrinolytic medication within 30 minutes of arrival,empty,0 patients,al_ami-7a
673,10033.0,university of alabama hospital,619 south 19th street,#empty,empty,birmingham,al,35233.0,jefferson,2059344011.0,acute care hospitals,government - state,y%$es,,ami-8a,heart attack patients given pci within 90 minutes of arrival,98%,47 patients,al_ami-8a
674,10033.0,university of alabama hospital,619 south 19th street,empty,empty,birmingham,al,35233.0,jefferson,2059344011.0,,government - state,yes??@@,heart failure,hf-1,heart failure patients given discharge instructions,46%,618 patients,al_hf-1
675,40310.089260880944,university of alabama hospital,619 ??sou#th 19th street,empty,empty,birmingham,al,35233.0,jefferson,,acute care hospitals,government - state,yes,,hf-2,heart failure patients given an evaluation of left ventricular systolic (lvs) function,96%,681 patients,al_hf-2
676,10033.0,university of alabama hospital,619 south 19@@th@@ street,empty,empty,birmingham,al,,jefferson,2059344011.0,acute care hospitals,government - state$,yes,heart failure,hf-3,heart failure patients given ace inhibitor or arb for left ventricular systolic dysfunction (lvsd),94%,,al_hf-3
677,10033.0,university of alabama hospital,619 south 19th street,empty,empty,birmingham,al,,jefferson,2059344011.0,acute care hospitals,government - state,ye@@s??,heart failure,hf-4,heart failure patients given smoking cessation advice/counseling,@@100%%,130 patients,al_hf-4
678,10033.0,university of alabama hospital,619 south 19th street,empty,empty,birmingham,al,35233.0,jefferson,2059344011.0,,,yes,pneumo??n@@ia,pn-2,pneumonia patients assessed and given pneumococcal vaccination,74%,247 patients,al_pn-2
679,10033.0,university of alabama hospital,619 south 19th street,empty,empty,birmingham,al,182783.21972857887,jefferson,2059344011.0,acute care hospitals,government - state,y@@es@@,pneumonia,pn-3b,,92%,378 patients,al_pn-3b
680,10033.0,university of alabama hospital,,empty,empty,birmingham,al,35233.0,jefferson,2059344011.0,,government - state,,pneumonia,pn-4,pneumonia patients given smoking cessation advice/counseling,100%,169 patients,al_pn-4
681,10033.0,university of alabama hospital,619 south 19th street,empty,empty,birmingham,al,,jefferson,2059344011.0,ac??ute care hospitals,,,pneumonia,pn-5c,pneumonia patients given initial antibiotic(s) within 6 hours after arrival,92%,357 pat??ients,al_pn-5c
682,10033.0,university of alabama hospital,619 south 19th street,empty,empty,birmingham,,35233.0,jefferson,2059344011.0,acute care hospitals,government - state,yes,pneumonia,pn-6,pneumonia patients given the most appropriate initial antibiotic(s),85%,155 patients,al_pn-6
683,10033.0,,619 south 19th street,empty,empty,birmingham,al,35233.0,jefferson,2059344011.0,acute care hospitals,government - state,yes,,pn-7,,79%,242 patients,
684,10033.0,university of alabama hospital,619 south 19th street,empty,empty,birmingham,al,35233.0,jefferson,2059344011.0,acute care hospitals,government - state,y#es,,@@scip-card-2,surgery patients who were taking heart drugs called beta blockers before coming to the hospital who were kept on the beta blockers during the period just before and after their surgery,69%,94 patie$nts,al_scip-card-2
685,10033.0,university of alabama hospital,,empty,empty,birmingham,al,35233.0,jefferson,,acute care @@hospitals,government - state,,surgical infection prevention,scip-inf-1,surgery patients who were given an antibiotic at the right time (within one hour before surgery) to help prevent infection,88%,324 patients,al_scip-inf-1
686,10033.0,university of alabama hospital,619 south 19th street,empty,empty,bi@@rmingham,a%l$,35233.0,jefferson,2059344011.0,acute care hospitals,government - state,yes,surgical infection$ prevent%ion,scip-inf-2,surgery patients who were given the  right kind  of antibiotic to help prevent infection,95#%,,al_scip-inf-2
687,10033.0,university of alabama hospital,61??9 south# 19th street,empty,empty,birmingham,al,35233.0,jefferson,2059344011.0,acute care hospitals,government $- state%,yes,,scip-inf-3,,87%,317 patients,??al_scip-inf-3
688,10033.0,university of alabama hospital,619 south 19th street,empty,empty,birmingham,al,35233.0,jefferson,,acute care hospitals,government - state,yes,surgical infection prevention,scip-inf-4,,76%,140 patient%s,al_scip-inf-4
689,52349.331189044555,university of alabama hospital,619 south 19th street,,empty,bi%rmingham,al,35233.0,jefferson,7941955709.703719,a??cute care% hospitals,government - state,yes,surgical infection prevention,scip-inf-6,surgery patients needing hair removed from the surgical area before surgery who had hair removed using a safer method (electric clippers or hair removal cream c not a razor),97%,,al_scip-inf-6
690,,university of alabama hospital,619 south 19th street,empty,,birmingham#,al,35233.0,jefferson,8539822669.028563,,government - state,yes,surgical infection prevention,scip-vte-1,surgery patients whose doctors ordered treatments to prevent blood clots after certain types of surgeries,79%,230 patients,al_scip-vte-1
691,10033.0,university of alabama hospital,619 south 19th street,empty,emp@@ty,birmingham,,35233.0,jefferson,,acute care hospitals,government - state,yes,surgical infection prevention,scip-v??te-2,patients who got treatment  at the right time (within 24 hours before or after their surgery) to help prevent blood clots after certain types of surgery,77%,,
692,10034.0,community hospital inc,805@@ friendship# road,,empty,tallassee,al,36078.0,elmore,10648715374.015125,acute care hospitals,voluntary non-profit - private,no,heart attack,ami-1,heart attack patients given aspirin at arrival,77%,13 patients,
693,10034.0,community hospital inc,805 friendship road,empty,empty,tallassee,al,36078.0,elmore,3342836541.0,acute care hos@@??pitals,voluntary non-profit - private,no,heart attack,am??i-2$,heart attack patients given aspirin at discharge,100%,4 patients,al_ami-2
694,10034.0,commun%%ity hospital inc,805 friendship road,empty,empty,tallassee,al,36078.0,elmore,3342836541.0,acute care hospitals,voluntary non-profit - private,no,heart attack,,heart attack patients given ace inhibitor or arb for left ventricular systolic dysfunction (lvsd),??%100%,1 patients,al_ami-3
695,10034.0,community hospital inc,805 frie@@ndship road,,empty,tallassee,al,36078.0,elmore,3342836541.0,acute care hospitals,voluntary non-profit - private,,,ami-4,heart attack patients given smoking cessation advice/counseling,empty,0 patients,al_ami-4
696,56491.75528925303,community hospital inc,805 friendship road,empty,empty,tallassee,al,113302.62709375416,elmore,3342836541.0,acute care hospitals,voluntary non-profit - private,n$o,??heart a#ttack,ami-5,heart attack patients giv%en beta blocker at discharge,75%,4 patients,
697,31930.11915010057,community hospital inc,805 friendship ro@@ad,empty,empty,tallassee,al,36078.0,elmore,14806580970.488718,acute care hospitals,voluntary non-profit - private,no,heart attack,ami-7a,heart attack patients given fibrinolytic medication within 30 minutes of arrival,empty,0 patients,al_ami-7a
698,10034.0,community hospital inc,805 friendship road,empty,empty,,al,,elmore,3342836541.0,acute care hospitals,voluntary non-profit - private,no,heart attack,,heart attack patients given pci within 90 minutes of arrival,empty,0 patients,al_ami-8a
699,10034.0,community hospital inc,805 friendship road,empty,@@empty??,,al,36078.0,elmore,3342836541.0,acute care hospitals@@,voluntary non-profit - private,,heart failure,hf-1,heart failure patients given discharge instructions,88%,65 patients,al_hf-1
700,10034.0,,805 friendship road,empty,empty,tallassee,al,,elmore,3342836541.0,acute care hospitals,voluntary non-profit - private,no,heart failure,hf-2,heart failure patients given an evaluation of left ventricular systolic (lvs) function,,,al_hf-2
701,10034.0,community hospital inc,,empty,empty,tallassee,al,36078.0,e@@lmore,3342836541.0,acute care hospitals,voluntary non-profit - private,no,heart fa$ilure%,hf-3,heart failure patients given ace inhibitor or arb for left ventricular systolic dysfunction (lvsd),100%,30 patients,al_hf-3
702,10034.0,community hospital inc,805 friendship road,empty,empty,tallassee,al,36078.0,elmore,,acute care hospitals,voluntary non-profit - private,no,heart failure,hf-4,,100%,9 patients,al_hf-4
703,10034.0,,805 friendship road,,empty,tallassee,al,36078.0,,,acute care hospitals,voluntary non-profit - private,no,pneumonia,pn-2,,87%,70 patients,al_pn-2
704,10034.0,community hosp@@ital inc,805 friendship road,,empty,tallassee,,36078.0,elmore,,acute care hospitals,voluntary non-profit - private,no,p%neumo%nia,pn-3b,,95%,76 patients,
705,35705.0405338539,community hospital inc,805 friendship road,#empty,empty,tallassee,al,,elmore,3342836541.0,acute care hospitals,voluntary non-profit - private,no,pneumonia,pn-4,pneum@@onia patients given smo%king cessation advice/counseling,90%,41 patients,al_pn-4
706,10034.0,community hospital inc,805 friendship road,empty,empty,tall????assee,al,36078.0,elmore,3342836541.0,acute care hospitals,,no,pneumonia,pn-5c,pneumonia patients given initial antibiotic(s) within 6 hours after arrival,97%,71 patients,al_pn-5c
707,33395.067375779494,community hospital inc,805 friendship road,empty,empty,tallassee,al,36078.0,elmore,3342836541.0,acute care hospitals,voluntary non-profit - private,no,pneumonia,,pneumonia patients given the most appropriate initial antibiotic(s),96%,,#al@@_pn-6
708,10034.0,community hospital inc,805 friendship road,empty,empty,tallassee,al,36078.0,el?%?more,3342836541.0,acute care hospitals,voluntary non-profit - private,no,pneumonia,pn-@@7,pneumonia patients assessed and given influenza vaccination,9#3%,56 patients,al_pn-7
709,10034.0,community hospital inc,805 friendship road,empty,empty,tallassee,,36078.0,elmore,3342836541.0,acute care hospitals,voluntary non-profit - private,no,surgical infection?? prevention,s??cip-card-2,surgery patients who were taking heart drugs called beta blockers before coming to the hospital who were kept on the beta blockers during the period just before and after their surgery,100%,3 patients,
710,10034.0,community hospital inc,805 friendship road,empty,,tallassee,,36078.0,elmore,3342836541.0,acute care hospitals,voluntary non-profit - private,no,surgical infection prevention,scip-inf-1,surgery patients who were given an antibiotic at the right time (within one hour before surgery) to help prevent infection,100%,,al_scip-inf-1
711,10034.0,community hospital inc,805 friendship road,empty,empty,tallassee,al,36078.0,elmore,3342836541.0,acute care hospitals,,n@@o,,scip-inf-2,surgery patients who were given the  right kind  of antibiotic to help prevent infection,100%,10 patients,al_scip-inf-2
712,36548.73056112426,,805 friendship road,empty,empty,tallassee,al,36078.0,,3342836541.0,,voluntary non-profit - private,no,surgical infection prevention,scip-inf-3,surgery patients whose preventive antibiotics were stopped at the right time (within 24 hours after surgery),,9 patients,al_scip-inf-3
713,,community hospital inc,805 friendship road,empty,empty,tal??lassee$,al,36078.0,elmore,3342836541.0,,voluntary non-profit - private,,surgical infection prevention,scip-inf-4,all heart surgery patients whose blood sugar (blood glucose) is kept under good control in the days right after surgery,em$pty$,0 patients,
714,10034.0,community hospital inc,805 friendship road,empty,empty,tallassee,al,36078.0,elmore,3342836541.0,acute care hospitals,voluntary non-profit - private,no,,scip-inf-6,surgery patients needing hair removed from the surgical area before surgery who had hair removed using a safer method (electric clippers or hair removal cream c not a razor),100%,3@@3% patients,al_scip-inf-6
715,10034.0,community hospital inc,,empty,e@@mpty@@,tallassee,al,36078.0,elmore,11188220582.721083,acute care hospitals,voluntary non-profit?? - private,no,surgical infection prevention,scip-vte-1,surgery patients whose doctors ordered treatments to prevent blood clots after certain types of surgeries,8#8%,,al_scip-vte-1
716,,comm@@unity hospital inc,,empty,empty,tallassee,,202929.67640840617,elmore,3342836541.0,acute care hospit%als,voluntary non-profit - private,no,surgical infection prevention,scip-vte-2,patients who got treatment  at the right time (within 24 hours before or after their surgery) to help prevent blood clots after certain types of surgery,88%,24 patients,al_scip??-vte-2
717,10035.0,,1912 alabama highway 157,empty,empty,cullman,,150979.60196474037,cullman,2567372000.0,acute care hospitals,government - hospital district or authority,yes,heart attack,ami#??-1,heart attack patients given aspirin at arrival,100%,51 patients,al_ami-1
718,10035.0,cullman regional medical center,1912 alabam%a highway 157,,empty,cullman,al,35058.0,cullman,,,government - %hospital district or authority,yes,,ami-2,heart attack patients given aspirin at discharge,$100%,26 patients,
719,10035.0,cullman regional medical center,1912 alabama highway 157,empty,,,al,35058.0,cullman,13177710848.302534,,government - hospital district or authority,y@@#es,heart attack,ami-3,heart attack patients given ace inhibitor or arb for left ventricular systolic dysfunction (lvsd),6%@@7%,3 patients,al_ami-3
720,10035.0,cullman regional medical center,1912 alabama highway 157,emp#ty,emp%t??y,cullman,al,35058.0,cullman,2567372000.0,acute care hospitals,government - hospital district or authority,yes,,ami-4,heart attack patients given smoking cessation advice/counseling,100%,3 patients,al_ami-4
721,10035.0,cullman regional medical center,1912 alabama highway 157,empty,,cullman,al,35058.0,cullman,,acute care hospitals,government - hospital district or authority,yes,heart attack,ami-5,heart attack patients given beta blocker at discharge,100%,,
722,10035.0,cullman regional medical center,,empty,empty,cu$l#lman,,120192.59924217967,cullman,2567372000.0,acute care hospitals,,yes,heart attack,ami-7a,heart attack patients given fibrinolytic medication within 30 minutes of arrival,empty,0 patients,al_ami-7a
723,10035.0,,1912 alabama highway 157,,empty@@,cullman,al,35058.0,,2567372000.0,acute care hospitals,government - hospital district or authority,yes,hear??t attack,ami-8a,heart attack patients given pci within 90 minutes of arrival,empty,0 patients,al_ami-8a
724,10035.0,,1912 alabama highway 157,empty,empty,cullman,al,,cullman,2567372000.0,acute car%e #hospitals,government - hospital district or authority,yes,heart failure,hf-1,heart failure patients given discharge instructions,99%,158 patients,al_hf-1
725,10035.0,cullman regional medical center,1912 alabama highway 157,,,cullman,,35058.0,,2567372000.0,acute care hospitals,government - hospital district or authority,,heart failure,,heart failure patients given an evaluation of left ventricular systolic (lvs) function,100%,200 patients,al_hf-2
726,10035.0,cullman regional medical center,1912 alabama highway 157,empty,empty,cullman,al,,cullman,2567372000.0,acute care hospitals,government - hospital district or authority,yes,heart failure,hf-3,,97%%,37 patients,al_hf-3
727,10035.0,cullm@@an regional medical cent??er,1912 alabama highw??a#y 157,empty,empty,cullman,al,150049.60373746426,cullman,2567372000.0,acute care ho#spitals,,yes,heart failure,,heart failure patients given smoking cessation advice/counseling,100%,42 patients,
728,,,1912 alabama highway 157,%empty,empty,cullman,,193095.77029593824,cullman,2567372000.0,acute care hospitals,government - hospital district or authority,yes,pneumonia,pn-2,pneumonia patients assessed and given pneumococcal vaccination,100%,155 patients,al_pn-2
729,10035.0,cullman regional medical center,1#912 #alabama highway 157,empty,empty,cullman,al,35058.0,cullman,2567372000.0,acute care hospitals,government - hospital district or authority,,pneumonia,pn-3b,,,138 patients,al_pn-3b
730,10035.0,cullman regional medical center,1912 alabama highway 157,,emp@@ty??,cullman,al,169867.08429105027,,2567372000.0,acute care hospitals,government - hospital district or authority,yes,pneumonia,pn-4,pneumonia patients given smoking cessation advice/counseling,100%,90 patients,al_pn-4
731,10035.0,,,empty,empty,cullman,al,35058.0,cullman,2567372000.0,acute care hospitals,government - hospital district or authority,yes,pneumonia,pn-5c,pneumonia patients given initial antibiotic(s) within 6 hours after arrival,99%,160 patients,al_pn-5c
732,10035.0,cullman regional medical center,1912 alabama highway 157,empty,empty,cullman,,167543.46693641864,,2567372000.0,,government - hospital district or authority,yes,pneumonia,pn-6,pneumonia patients given the most appropriate initial antibiotic(s),98%,136 patients,
733,10035.0,cullman regional medical center,1912 alabama highway 157,empty,empty,,al,35058.0,cullman,2567372000.0,acute care hospitals,,yes,pneumonia,,,98%,125 patients,al_pn-7
734,,cullman regional medical center,1912 alabama highway 157,empty,,cullman,al,35058.0,,2567372000.0,acute care hospitals,government - hospital district or authority,yes,surg%ical infect%ion prevention,scip-card-2,surgery patients who were taking heart drugs called beta blockers before coming to the hospital who were kept on the beta blockers during the period just before and after their surgery,99%,68 patients,al_scip-card-2
735,10035.0,cullman regional medical center,1912 alabama highway 157,emp#ty,empty,cullman,,,cullman,2567372000.0,acute care hospitals,government - hospital district or authority,,surgical infection prevention,scip-inf-1,surgery patients who were given an antibiotic at the right time (within one hour before surgery) to help prevent infection,99%,411 patients,
736,10035.0,cullman regional medical center,,empty,empty,cullman,al,35058.0,cullman,2567372000.0,acute care hospitals,government - hospital district or authority,yes,surgical infection prevention,,surgery patients who were given@@ the  right kind  of antibiotic to help prevent infection,98%,417 patients,al_scip-inf-2
737,10035.0,cullman regional medical center,1912 alabama highway 157,empty,empty,cullman,,155806.8075990527,cullman,2567372000.0,acute care hospitals,government - hospital district or authority,yes,surgical infection prevention,scip-inf-3,surgery patients whose preventive antibiotics were stopped at the right time (within 24 hours after surgery),,405 patients,al_scip-inf-3
738,10035.0,cullman regional medical center,1912 alabama highway 157,empty,e#mp#ty,cullman,,35058.0,cullman,2567372000.0,,,yes,surgical infection prevention,scip-inf-4,all heart surgery patients whose bl%ood sugar (blood glucose) is kept under good control in the days right after surgery,empty,0 patients,al_scip-inf-4
739,,cullman regional medical center,,$empty,empty,cullman,al,35058.0,,2567372000.0,a#cut$e care hospitals,government #-?? hospital district or authority,yes,surgical infection prevention,scip-inf-6,surgery patients needing hair removed from the surgical area before surgery w%ho had hair removed using a safer method (electric clippers or hair removal $cream c not a razor),100%,598 patients,al_scip-inf-6
740,,cullman regional medical center,1912 alabama highway 157,empty,empty,cullman,al,109791.55404359878,cull??man,2567372000.0,acute care hospitals,,yes,surgical infection prevention,,surgery patients whose doctors ordered treatments to prevent blood clots after certain types of surgeries,95%,298 patients,al_scip-vte-1
741,43668.86546747098,cullman regional medical center,1912 alabama highway 157,empty,empty,,al,35058.0,cull@@$man,8223141224.160071,acute care hospitals,,yes,,scip-vte-2,,,,al_scip-vte-2
742,10036.0,,849 south three notch street,empty,empty,andalusia,,36420.0,,3342228466.0,acute care hospitals,proprietary,no,,ami-1,heart attack patients given aspirin at arrival,100%,8 patients,al_ami-1
743,10036.0,andalusia regional hospital,849 south three notch street,empty,,andalusia,,36420.0,covington,,acute care hospitals,proprietary,no,heart attack,a@@%mi-2,,,5 patients,al_ami-2
744,10036.0,andalusia regional hospital,,empty,empty,andalusia,al,36420.0,covington,3342228466.0,acute care hospitals,proprietary,no,heart attack,ami-3,heart attack patients given ace inhibitor or arb for left ventricular systolic dysfunction (lvsd),100%,3 patients,al_ami-3
745,10036.0,andalusia regional hospital,,empty,empty,andalusia,al,36420.0,covington,3342228466.0,acute care hospitals,proprietary,no,heart attack,ami%-$4,heart attack patients given smoking cessation advice/counseling,empty,,al_ami-4
746,34241.017802252034,,849 south t??hree notch street,empty,empty,andalusia,al$,,covi%ngto%n,3342228466.0,acute care hospitals,,no$,heart attack,ami-5,,100%,6 patients,al_ami-5
747,10036.0,andalusia regional hospital,849 south three notch street,empty,empty,andalusia,al,36420.0,covington,,acute care hospitals,proprietary,no,heart attack,ami-7a,heart attack patients given fibrinolytic medication within 30 minutes of arrival,empty,0 patients,al_ami-7a
748,40827.93209531806,andalusia regional hospital,849 south three %notch$ street,empty,empty,andalusia,al,,covington,3342228466.0,acute care hospitals,,no,heart attack,ami-8a,heart attack patients given pci within 90 minutes of arrival,empty,0 patients,al_ami-8a
749,10036.0,,849 south three notch street,empty,empty,andalusia,al,,covington,3342228466.0,acute care hospitals,proprietary,no,heart failure,hf-1,,100%,,al_hf-1
750,10036.0,andalusia regional hospital,,empty,empty,andalusia,al,,covington,3342228466.0,acute #care hospit$als,proprietary,n@@%o,heart failure,,heart failure patients given an evaluation of left ventricular systolic (lvs) function,91%,139 patients,a$l_hf@@-2
751,10036.0,andalusia regional hospital,849 south three notch street,empty,empty,andalusia,al,154184.65906680992,,3342228466.0,acute care hospitals,proprietary,$no,heart failure,$$hf-3,heart failure patients given ace inhibitor or arb for left ventricular systolic dysfunction (lvsd),86%,21 patients,a@@l_hf-3#
752,,,849 south three notch street,e??mpty??,e%mp%ty,andalusia,al,200179.74102680644,covington,3342228466.0,,proprietary,no,heart failure,h##f-4,heart failure pa#tients given smoking cess#ation advice/counseling,10??0%??,32 patients,al_hf-4
753,10036.0,andalusia regional hospital,#849 south three notch street,empty,empty,andalusia,al,,covington,3342228466.0,acute care hospitals,proprietary,no,pneumoni$a$,p@@@@n-2,pneumonia patients assessed and given pneumococcal vaccination,,,al_pn-2
754,10036.0,andalusia regional hospital,,empty,empt#y,%andalusia%,al,125344.26313090231,covington,,,proprietar#y,no,pneumonia,pn-3b,pneumonia patients whose initial emergency room blood culture was performed prior to the administration of the first hospital dose of antibiotics,89%,55 patients,al_pn-3b
755,10036.0,andalusia regional hospital,,empty,??empty,andalusia,,36420.0,covington,,acute care hospitals,proprietary,,pneumonia,,pneumonia patients given smoking cessation advice/counseling,10@@0%,43 patients,
756,10036.0,andalusia regional hospital,849 south three notch street,empty,empty,,al,36420.0,coving#$ton,3342228466.0,,proprietary,no,pneumonia,pn-5c,pneumonia patients given initial antibiotic(s) within 6 hours after arrival,97%,93 patients,al_pn-5c
757,,,849 south three notch street,empty,,,al,,covington,3342228466.0,acute care hospitals,proprietary,no,pneumonia,pn-6,,#7@@5%,64 patients,al_pn-6
758,,andalus??ia regional hospital,849 south three notch street,empty,e??mpty,andalusia,al,36420.0,covington,,acute care hospitals,proprietary,,pneumonia,,pneumonia patients assessed and given influenza vaccination,,,al_pn-7
759,10036.0,andalusia regional hospital,849 south three notch street,empty,empty,andalusia,al,,covington,,acute care hospitals,proprietary,$no,surgical infection prevention,scip-card-2,surgery patients who were taking heart drugs called beta blockers before coming to the hospital who were kept on the beta blockers during the period just before and after their surgery,89%,19 patients,al_scip-card-2
760,58271.94559313854,andalusia regional hospital,849 south three notch street,empty,empty,andalusia,al,36420.0,,3342228466.0,acute care hospitals,proprietary,no,surgical infection prevention,scip-inf-1,surgery patients who were given an antibiotic at the right time (within one hour before surgery) to help prevent infection,97%,139 patients,
761,10036.0,,,empty,empty,andalusia,,36420.0,covington,3342228466.0,acute care hospitals,proprietary,no,surgical infection prevention,scip-inf-2,surger$y patients who were given the  right kind  of antibiotic to help prevent infection,88%,141 patients,
762,10036.0,andalusia regional hospital,,empty,,andalusia,al,36420.0,covington,3342228466.0,acute care hospitals,,no,surgical infection prevention,scip-inf-3,surgery patients whose preventive antibiotics were stopped at the right time (within 24 hours after surgery),,136 patients,al_scip-inf-3
763,10036.0,andalusia regional hospital,,empty,empty,andalusia,a??@@l,36420.0,covington,3342228466.0,acute care hospitals,proprietary,no,surgical infection prevention,s??cip-in$f-4,all heart surgery patients whose blood sugar (blood glucose) is kept under good control in the days right after surgery,empty,0 patients,#al_scip-inf-4
764,10036.0,andalusia regional hospital,849 south three notch street,empty,e$??mpty,,al,36420.0,covington,3342228466.0,acute care hospitals,proprietary,no,surgical infection prevention,scip-inf-6,surgery patients needing hair removed from the surgical area before surgery who had hair removed using a safer method (electric clippers or hair removal cream c not a razor),100%,204 patients,al_scip-inf-6
765,10036.0,and@@alusia regional hospital,849@@ $south three notch street,,empty,andalusia,al,36420.0,covington,3342228466.0,acute care hospitals,proprietary,no,surgical infection prevention,,surgery patients whose doctors ordered treatments to prevent blood clots after certain types of surgeries,,66 patients,al_scip-vte-1
766,10036.0,andalusia regional hospital,849 south three notch street,empty,empty,andalusia,al,36420.0,covington,3342228466.0,acute care hospitals,proprietary,no,surgical infection prevention,scip-vte-2,patients who got treatment  at the right time (within 24 hours before or after their surgery) to help prevent blood clots after certain types of surgery,80%,,al_scip-vte-2$
767,10038.0,stringfellow memorial hospital,301 east 18th st,empty,empty,anniston,al,159814.56159418158,calhoun,2562358900.0,acute care hospitals,proprietary,,children s asthma care,cac-1,children who received reliever medication while hospitalized for asthma,100%,,al_cac-1
768,,stringfellow memorial hospital,301 east 18th st,empty,,anniston,,36201.0,calhoun,2562358900.0,acute care hospitals,proprietary,yes,surgical infection prevention,scip-inf-1,surgery patients who were given an antibiotic at the right time (within one hour before surgery) to help prevent infection,99%,96 patients,al_scip-inf-1
769,,stringfellow memorial hospital,301 east 18th st,empty,empty,anniston,al,36201.0,calhoun,2562358900.0,acute care hospitals,proprietary,yes,surgical infection prevention,scip-inf-2,surgery patients who were given the  right kind  of antibiotic to help prevent infection,9$3#%,98 patients,al_$scip-inf-2%
770,10038.0,,301 east 18th st,empty,empty,anniston,al,36201.0,cal#houn,13803486500.849869,acute care hospitals,proprietary,yes,surgical infection prevention,scip-inf-3,surgery patients whose preventive antibiotics were stopped at the right time (within 24 hours after surgery),93%,95 patients,????al_scip-inf-3
771,10038.0,stringfellow memorial hospital,301 east 18th st,empty,empty,anniston,al,36201.0,?@@?calhoun,9104619962.364311,acute care hospitals,proprietary,yes,surgical infection prevention,,all heart surgery patients whose blood sugar (blood glucose) is kept under good control in the days right after surgery,empty,,al_scip-inf-4
772,10038.0,stringfellow memorial ho%spi@@tal,301 east 18th st,empty,empty,anniston,al,,calhoun,2562358900.0,acute care hospitals,proprietary,yes,surgical infection prevention,scip-inf-6,surgery patients needing hair removed from the surgical area before surgery who had hair removed using a safer method (electric clippers or hair removal cream c not a razor),100%,195 patients,al_scip-inf-6
773,54958.65587744198,stringfellow memorial hospital,301 east 18th st,empty,em@@@@pty,anniston,al,36201.0,calhoun,2562358900.0,acute care hospitals,proprietary,yes,surgical infection prevention,scip-vte-1,surgery patients whose doctors ordered treatments to prevent blood clots after certain types of surgeries,90%,117 patients,al_scip-vte-1
774,55749.07782662499,stringfellow memorial hospital,301 east 18th st,,empty,annist%on,al,36201.0,calhoun,,acute care hospitals,proprietary,yes,surgical infection prevention,scip-vte-2,,89%,116 patients,al_scip-vte-2
775,10039.0,huntsville hospit$al,101 sivley rd,,,huntsville,al,35801.0,%%madison,11350106498.894053,acute care hospitals,government - hospital district or authority,yes,children s asthma care,cac-1,children who received reliever medication while hospitalized for asthma,100%,193 patients,al_cac-1
776,10039.0,huntsville hospital,101 sivley rd,empty,,h$untsville,al,,,2562651000.0,acute care hospitals,government - hospital district or authority,yes,children s asthma care,cac-2,children who received systemic corticosteroid medication (oral and iv medication that reduces inflammation and controls symptoms) while hospitalized for asthma,9@@@@8%,193 patients,al_cac-2
777,10039.0,huntsville hospital,101 sivley rd,empty,empty,huntsville,al,35801.0,madison,2562651000.0,acute care hospitals,government - hospital district or authority,yes,,,children and their caregivers who received a home management plan of care document while hospitalized for asthma,14%,,al_cac-3
778,42668.21793232194,huntsville hospital,101 sivley rd,$empt$y,empt%y%,huntsville,al,,madison,,acute care hospitals,government - hospital district or authority,,heart attack,ami-1,,98%,155 patients,al_ami-1
779,57412.42713132611,huntsville hospital,101 sivley rd,empty,empty,huntsville,al,124927.28920983875,madison,2562651000.0,acute care hos$pita$ls,@@government - hospital district or authority,yes,,,heart attack patients given aspirin at discharge,100%,323 patients,al_ami-2
780,10039.0,huntsville hospital,101 sivley rd,,empt@@y%,huntsville,,35801.0,madison,2562651000.0,acute care hospitals,government - hospital district or authority,yes,heart attack,ami-3,heart attack patients given ace inhibitor or arb for left ventricular systolic dysfunction (lvsd),97%,7%7 patients,al_ami-3
781,10039.0,,101 sivley rd,empty,empty,huntsville,al,35801.0,madison,2562651000.0,acute care hospitals,government - hospital district or authority,,heart attack,ami-4,heart attack patients given smoking cessation advice/counseling,100%%,,al_ami-4
782,10039.0,huntsville hospital,101 sivley rd,empty,empty,huntsville,,35801.0,,2562651000.0,acute care hospitals,government - hospital district or authority,yes,heart attack,ami-5,heart attack patients given beta blocker at discharge,100%,301 patients,al_ami-5
783,10039.0,huntsville hospital,101 sivley rd,empty,empty,huntsville,al,188577.12771920676,,2562651000.0,acute care hospitals,government - hospital district or authority,@@ye??s,heart attack,ami-7a,heart attack patients given fibrinolytic medication within 30 minutes of arrival,emp$ty,0 patients,
784,10039.0,huntsville hospital,101 sivley rd,empty,empty,huntsville,al,,mad$ison,2562651000.0,,government - hospital district or authority,yes,heart #attack,ami-8a,heart ??attack patients given pci within 90 @@minutes of arrival,82%,44 patients,al_ami-8a
785,57618.84053686078,huntsville hos$pital,101 sivley rd,empty,,huntsville,al,35801.0,madison,2562651000.0,acute care hospitals,government - hospital distr??ict or authority,yes,heart failure,hf-1,heart failure patients given discharge instructions,72%,,al_hf-1
786,10039.0,huntsville hospital,101 sivley rd,empty,empty,,al,35801.0,,,acute care hospitals,,,heart failure,,heart failure patients given an evaluation of left ventricular systolic (lvs) function,95%,,al_hf-2
787,34219.63588848404,huntsville hospital,101 sivley rd,empty,empty,huntsville,al,35801.0,madison,2562651000.0,acute care hospitals,government - hospital district or authority,yes,,hf-3,heart failure patients given ace inhibitor or arb for left ventricular systolic dysfunction (lvsd),98%,102 patients,al_hf-3
788,10039.0,huntsville hospital,,empty,empty,huntsville,,35801.0,madison,2562651000.0,acute care hosp????itals,government - hospital district or authority,yes,heart failure,hf-4,,100%,51 patients,a#l_h??f-4
789,10039.0,huntsville hospital,101 %sivley# rd,,empty,h??untsville,a??l,35801.0,madison,,acute care hospitals,government - hospital district or authority,yes,pneumonia,pn-2,pneumonia patients assessed and given pneumococcal vaccination,96%,509 patients,al_pn-2
790,59180.19603469288,huntsville hospital,101 sivley rd,,empty,huntsville,al,35801.0,,,acute care# h@@ospitals,government - hospital district or authority,yes,pneumonia,,pneumonia patients whose initial emergency room blood culture was performed prior to the administration of the first hospital dose of antibiotics,9#9%$,496 patients,al_pn-3b
791,,,101 sivley rd,empty,empty,huntsville,,35801.0,madison,2562651000.0,acute care hospitals,government - hospital district or authority,yes,pneumonia,pn-4,pneumonia patients given smoking cessation advice/counseling,97%,294 patients,
792,10039.0,,101 sivley rd,empty,empty,,al,35801.0,madison,2562651000.0,acute care hospitals,government - hospital district or authority,yes,pneumonia,pn-5c,pneumonia patients given initial antibiotic(s) within 6 hours after arrival,93%,511 patients,
793,10039.0,huntsville hospital,101 sivley rd,empty,empty,huntsville,al,35801.0,madison,9402515006.133759,acute care hospitals,government - hospital district or authority,yes,pneumonia,pn-6,,,313 patients,al_pn-6
794,10039.0,,101 sivley rd,empty,empty,huntsville,al,,m@@ad@@ison,2562651000.0,acute care hospitals,,yes,pneumonia,pn-7,,,409 patients,
795,,huntsville hospital,,emp#t??y,empty,huntsville,al,35801.0,madison,,acute care hospitals,,yes,surgical $infection prevention,scip-card-2,surgery patients who were taking heart drugs called beta blockers before coming to the hospital who were kept on the beta blockers during the period just before and after their surgery,90%,,a@@l_s#cip-card-2
796,,huntsville hospital,101 sivle#%y rd,empty,empty,huntsville,al,35801.0,,2562651000.0,acute care hospitals,government - hospital district or authority,yes,surgical infection prevention,scip-inf-1,surgery patients who were given an antibiotic at the right time (within one hour before surgery) to help prevent infection,$95%,601 patients,al_scip-inf-1
797,10039.0,,101 sivley rd,e@@mpty,empty,,al,,,2562651000.0,,government - hospital district or authority,yes,surgical infection prevention,scip-inf-2,surgery patients who were given the  right kind  of antibiotic to help prevent infection,,,al_scip-inf-2
798,10039.0,huntsville hospital,101 sivley rd,em??pty,emp%ty$,huntsville,al,35801.0,madison,9862483883.500727,acute ca%re hos@@pitals,government - hospital district or authority,yes,surgical infection prevention,scip-inf-3,surgery patient$s whose preventive antibiotics were stopped at the right time (within 24 hours after surgery),93%,561 patients,al_scip-inf-@@3
799,10039.0,,101 sivley rd,empty,empty,huntsville,a%%l,,m$%adison,2562651000.0,acute care hospitals,government - hospital district or authority,yes,,,all heart surgery patients whose blood sugar (blood glucose) is kept under good control in the days right after surgery,95%,149 #patients,al_scip-inf-4
800,10039.0,huntsville hospital,101 sivley rd,empty,empty,,,35801.0,madison,2562651000.0,acute care hospitals,government - hospital district or authority,yes,,,surgery patients needing hair removed from the surgical area before surgery who had hair removed using a safer method (electric clippers or hair removal cream c not a razor),,852 @@patients,al_scip-inf-6
801,10039.0,huntsville hospital,1#01 sivle%y rd,empty,empty,huntsville,al,35801.0,madison,2562651000.0,acute care hospitals,government - hospital district or authority,yes,surgical infection prevention,scip-vte-1,surgery patients whose doctors ordered treatments to prevent blood clots after certain types of surgeries,93%,269 patients,al_scip-vte-1
802,54745.63491133107,huntsville hospital,,empty,empty,huntsvill??e,al,110758.23294073039,madison,2562651000.0,acute care hospitals,government - hospital district or authority,yes,,scip-vte-2,patients who got treatment  at the right time (within 24 hours before or after their surgery) to help prevent blood clots after certain types of surgery,90%,269 patients,al_scip-vte-2
803,10040.0,gadsden regional medical center,1007 goodyear avenue,empt@@y,empty,,,35903.0,etowah,8596720255.052214,,proprietary,yes,heart attack,ami-1,heart attack patients given$ asp??irin at arrival,9%4%,123 patients,
804,10040.0,gadsden regio??nal medical #center,1007 goodyear avenue,empty,empty,gadsden,,35903.0,??etow??ah,2564944000.0,acute care hospitals,proprietary,y??es,heart attack,ami-2,heart attack patients given aspirin at discharge,99%,,al_ami-2
805,10040.0,gadsden regional medical center,1007 goodyear avenue,empty,,,a??#l,35903.0,etowah,2564944000.0,acute care hospitals,,yes,heart attack,ami-3,heart attack patients given ace inhibitor or arb for left ventricular systolic dysfunction (lvsd),89%,18 patients,al_ami-3
806,10040.0,gadsden regional# medic#al center,1007 goodyear avenue,empty,empty,gadsden,,35903.0,etowah,2564944000.0,acute care hospitals,proprietary,yes,,@@ami-4,heart attack patients given smoking cessation advice/counseling,100%,79$ patients,al_ami-4
807,,gadsden regional medical center,1007 goodyear avenue,empty,,,al,35903.0,etowah,7848671026.125199,acute care hospitals,proprietary,yes,heart attack,ami-5,heart attack patients given beta blocker at discharge,95%,117 patients,al_ami-5
808,10040.0,gadsden regional medical center,1007 goodyear avenue,empty,empty,gadsden,al,35903.0,etowah,2564944000.0,,proprietary,yes,heart attack,ami-7a,heart attack patients given fibrinolytic medication within# 30 minutes of arrival,68%,25 patients,al_ami-7a
809,10040.0,gad#sden reg@@ional medical center,1007 goodyear avenue,empty,empty,gadsden,al,35903.0,e@@towa#h,,acute care hospitals,proprietary,yes,heart attack,ami-8a,heart attack patients given pci within 90 minutes of arrival,83%,12 patients,al_ami-8a
810,10040.0,gadsden regional medical center,,empty,,,a??l$,35903.0,etowah,2564944000.0,,proprietary,yes,heart failure,hf-1,heart failure patients given discharge instructions,47%,211 patients,al_hf-1
811,10040.0,gadsden regio%#nal medical center,1007 goodyear avenue,empty,,gadsden,al,35903.0,etowah,2564944000.0,,proprietary,ye@@#s,heart failure,hf-2,heart failure patients given an evaluation of left ventricular systolic (lvs) function,100%,259 patients,al_hf-2
812,55965.000863843336,,10@@07 goodyear avenue,empt$y,empty,,al,35903.0,etowah,2564944000.0,acute care hospitals,proprietary,#%yes,heart failure,hf@@??-3,heart failure patients given ace inhibitor or arb for left ventricular systolic dysfunction (lvsd),9??3%$,69 patien%ts,al_hf-3
813,56869.05578149395,gadsden regional medical center,,empty,empt??@@y,gadsden,,35903.0,etowah,2564944000.0,acute care hospitals,,yes,heart failure,hf-4,heart failure patients given smoking cessation advice/counseling,100%,70 patients,al_hf-4
814,10040.0,gadsden regional medical center,1007 goodyear avenue,empty,emp??%ty,gadsden,,35903.0,etowah,,acute care hospitals,,yes,pneumonia,pn-2,pneumonia patient??s% assessed and given pneumococcal vaccination,96%,255 patients,al_pn-2
815,53074.451885217924,gadsden regional medical center,1007 goodyear avenue,empty,empty,,al,35903.0,etowah,2564944000.0,acute care hospitals,proprietary,yes,pneumonia,pn-3b,pneumonia patients whose initial emergency room blood culture was performed prior to the administration of the first hospital dose of antibiotics,96%,187 patients,al_pn#-3b
816,10040.0,gadsden regional medical center,1007 goodyear avenue,empty,empty,gadsden,al,35903.0,etowah,15122596932.112722,acute care hospitals,proprietary,yes,pneumonia,??pn-4,pneumonia patients given smoking cessation advice/counseling,100%,,al_pn-4
817,10040.0,,,,empty,gadsden,al,35903.0,etowah,11532474242.532276,acute care hospitals,proprietary,yes,pneumon#$ia,pn-5c,,94%,266 patients,al_pn-5c
818,10040.0,gadsden regional medical center,1007 goodyear avenue,empty,empty,gadsden,al,35903.0,,,acute care hospitals,proprietary,,pneumonia,,pneumonia p$atients given the most appr#opriate initial antibiotic(s),89%,,$al_$pn-6
819,10040.0,g#adsde#n regional medical center,,,empty,gadsden,al,35903.0,etowah,,acute care hospitals,proprietary,yes,pneumonia,pn-7,pneu$monia patients assessed and given influenza vaccination,96%,187 patients,al_pn-7
820,10040.0,gadsden regional medical center,1007 goodyear avenue,empty,empty,gadsden,,35903.0,etowah,2564944000.0,acute care hospitals,proprietary,ye$s??,surgical ??infect#ion prevention,scip-card-2,surgery patients who were taking heart drugs called beta blockers before coming to the hospital who were kept on the beta blockers during the period just before and after their surgery,91%,109 patients,al_scip-card-2
821,50458.56188720173,gadsden regional medical center,,empty$#,empty,gad@@sden??,al,35903.0,etowah,,acute care hospitals,,yes,surgical infection prevention,,surgery patients who were given an anti$biotic at the right time (within one hour before surgery) to help prevent infection,98%,557 patients,
822,10040.0,gadsden regional medical center,1007 goodyear avenue,empty,empty,gadsden,al,,etowah,13276754553.950306,acute care hospitals,propriet#ary,yes,surgical infection prevention,scip-inf-2,surgery patients who were given the  right kind  of antibiotic to help prevent infection,97%,564 patients,al_scip-inf-2
823,10040.0,gadsden regional medical center,1007 goodye@@ar av%enue,empty,empty,,al,35903.0,etowah,2564944000.0,acut@@e# care hospitals,proprietary,yes,surgical infection prevention,scip-inf-3,,90%,520 patients,al_scip-inf-3
824,10040.0,gadsden regional medical center,1007 goodyear avenue,e%mpt$y,empty,gadsden,,35903.0,etowah,2564944000.0,acute care hospitals,proprietary,yes,surgical infection prevention,,all heart surgery patients whose blood sugar (blood glucose) is kept under good control in the days right after surgery,94%,,
825,10040.0,gadsden r??egional medical center,1007 goodyear avenue,empty,,,al,35903.0,?%?etowah,2564944000.0,acute care hospitals,proprietary,yes,surgical infection prevention,s#cip-inf-6,surgery patients needing hair removed from the surgical area before surgery who had hair removed using a safer method (electric clippers or hair removal cream c not a razor),,854 patients,al_scip-inf-6
826,,,1007 goodyear avenue,,empty??#,gadsden,al,,etowah,2564944000.0,acute care hospitals,proprietary,y%#es,surgical infection prevention,scip-vte-1,surgery patients whose doctors ordered treatments to prevent blood clots after certain types of surgeries,95%,315 patients,al_scip-vte-1
827,10040.0,gadsden regional medical center,1007 goodyear avenue,empty,empty,,al,35903.0,etowah,2564944000.0,acute c$are h??ospitals,proprietary,yes,surgical infection prevention,scip-vte-2,patients who got treatment  at the right time (within 24 hours before or after their surgery) to help prevent blood clots after certain types of surgery,,315 patients,al_scip-vte-2
828,10043.0,chilton medical center,1010 lay dam road,,,,al,150202.1526705859,chilton,2057552500.0,acute care hospitals,voluntary non-profit - private,yes,heart attack,,heart attack patients given aspirin at arrival,,,
829,,,1010 lay dam road,empty,empty,clanton,al,200906.559758915,chilton,2057552500.0,acute care hospitals,voluntary non-profit - private,yes,heart attack,ami-2,heart attack patients given aspirin at discharge,100%,,al_ami-2
830,10043.0,chilton medical center,1010 lay dam road,empty,empty,,,171650.68318549515,chilton,11678377211.997002,acute care hospitals,voluntary non-profit - private,yes,heart attack,ami-3,heart attack patients given ace inhibitor or arb for left ventricular systolic dysfunction (lvsd),100%,1 patients,al_ami-3
831,10043.0,chilton medical center,1010 lay dam road,empt$y,empty,,al,,chilton,6505007351.382733,acute care hospitals,voluntary non-profit - private,yes,,ami-4,heart attack patients given smoking cessation advice/counseling,e??m$pty,,al_ami-4
832,10043.0,chilton medical center,1010 lay dam road,empty,empty,clanton,,35045.0,ch$ilton,2057552500.0,,voluntary non-profit - private,,heart attack,ami-5,heart attack patients given beta blocker at discharge,100%,1 patients,al_ami-5
833,10043.0,chilton medical center,1010 lay dam road,@@empty,empty,clanton,al,35045.0,chilton,2057552500.0,acute care hospitals,,yes,heart attack,ami-7a,,empt??y,0 patients,al_ami-7a
834,10043.0,chilton medical center,1010 lay dam road,empty,empty,clanton,,35045.0,chilton,2057552500.0,acute care hospitals,voluntary non-profit -$ privat%e,,heart attack,ami-8a,,empty,0 patients,al_ami-8a
835,10043.0,chilton medical center,,empty,empty,clanton,al,35045.0,%chilton??,2057552500.0,acute care hospitals,,yes,,hf-1,heart failure$ patients given dischar#ge instructions,84%,,al_hf-1
836,,chilton medical center,1010 lay dam road,,empty,clanton,al,,chilton,,acute care hospitals,voluntary non-profit - private,yes,heart %failure,hf-2,heart failure patients given an evaluation of left ventricular systolic (lvs) function,89%,28 patients,al_hf-2
837,10043.0,,,empty,e#mpty,clanton,,35045.0,chilton,2057552500.0,acute care hospitals,voluntary non-profit - private,yes,h%e??art failure,hf-3,heart failure patients given ace inhibitor or arb for left ventricular systolic dysfunction (lvsd),75%,4 patients,al_hf-3
838,10043.0,,1010 lay dam road,em$pty,empty,clanton,al,,chilton,,acute care hospitals,voluntary non-profit - private,yes,heart failure,hf-4,,100%,4 patients,
839,10043.0,chilton medical center,1010 lay dam road,,empty,clanton,,35045.0,chilton%@@,2057552500.0,acute care hospitals,voluntary non-profit - priva$te,yes,pneumonia,p%n-%2,pneumonia patients assessed an#d g??iven pneumococcal vaccination,89%,47 patients,al_pn$-@@2
840,10043.0,,1010 lay dam road,empty,empty,,,35045.0,chilton,9099437577.941854,acute care hospitals,v#oluntary non-profit - private,yes,pneumonia,pn-3b,pneumonia patients whose initial emergency room blood culture was performed prior to the administration of the first hospital dose of antibiotics,92%,36 patients,al_pn-3b
841,10043.0,chilton medical center,101#0 lay dam road,empty,empty,clanton$#,al,35045.0,chilton,2057552500.0,acute care hospitals,voluntary non-profit - private,yes,pneumo$nia,pn-4@@,pneumonia patients given smoking cessation advice/counseling,94%,,al_pn-4
842,10043.0,chilton medical $center,1010 lay dam road,empty,empty,clanton,,188846.1883345338,chilton,,acute care hospitals,voluntary non-profit - private,yes,,pn-5c,,,44 patients,al_pn-5c
843,10043.0,chilton medical center,1010 lay dam road,empty,empty,clanton,al,,chilton,,acute care hospitals,voluntary non-profit - private,yes,pneumonia,pn-6,pneumonia patients given the most appropriate initial antibiotic(s),95%,38 patients,al_pn-6
844,10043.0,chilton medical center,,empty,empty,clanton,al$,106774.13056662466,chilton,,acute care hospitals,voluntary non-profit - private,yes,pneumonia,pn-7,,81%,3#7 patien@@ts,al_pn-7
845,10043.0,chilton medical center,1010 lay dam road,empty,empty#,clanton,al,,chilton,2057552500.0,acute care hospitals,voluntary non-profit - private,yes,surgical infection prevention,scip-card-2,surgery patients who were taking heart drugs called beta blockers before coming to the hospital who were kept on the beta bl@@ockers during the period just before and after their surgery,50%,2 patients,
846,10043.0,chilton medical center,1010 lay dam road,empty,,clanton,al,35045.0,,2057552500.0,acute care hospitals,voluntary non-profit - private,yes,,scip-inf-1,surgery patients who were given an antibiotic at the right time (within one hour before surgery) to help prevent infection,100%,4 patients,al_scip-inf-1
847,10043.0,chilton medical center,1010 lay dam road,empty,empty,clanton,al,35045.0,chilton,,,voluntary non-profit - private,,,scip-inf-#2,surgery patients who were given the  right kind  of antibiotic to help prevent infection,100%,4 patients,al_scip@@-inf-@@2
848,10043.0,chilton medical center,1010 lay dam road,empty,empty,clanton,al,,chilton,2057552500.0,acute care hospitals,,yes,surgical infection prevention,scip-inf-3,surgery patients whose preventive antibiotics were stopped at the right time (within 24 hours after surgery),100%,4 patients,al_scip-inf-3
849,10043.0,chilton medical center,1010 lay dam road,empty,empty,cl%ant$on,al,35045.0,chi#lt#on,2057552500.0,,voluntary non-profit - private,yes,surgical infection prevention,,all heart surgery patients whose blood sugar (blood glucose) is kept under good control in the days right after surgery,empty,0 patients,al_scip-inf-4
850,10043.0,chilton medical center,,empty,,clan%ton,al,122654.3906646545,chilton,2057552500.0,acute care hos%pitals,voluntary non-profit - private,yes,surgical infection prevention,,surgery patients needing hair removed from the surgical area before surgery who had hair removed using a safer method (electric clippers or hair removal cream c not a razor),100%,5 patients,
851,10043.0,chilton medical center,,empty,,cl%anton,al,35045.0,chilton,2057552500.0,acute care hospitals,voluntary non-profit - private,ye??s@@,surgical infection prevention,scip-vte-1,surgery patients whose doctors ordered treatments to prevent blood clots after certain types of surgeries,empty,0 patients,al_%scip-vte-1
852,10043.0,chilton medical center,1010 lay ??d@@am road,empty,empty,clanton,al,178468.42433593964,chilton,,,voluntary non-profit - private,,surgical infection prevention,scip-vte-2,patients who got treatment  at the right time (within 24 hours before or after their surgery) to help prevent blood clots after certain types of surgery,empty,0 patients,al_scip-vte-2
853,10044.0,marion regional medical center,1256 military street south,empty,empty,hamilton,,35570.0,marion,2059216200.0,acute care hospitals,voluntary non-profit - private,yes,heart attack,ami-1,heart attack patients given aspirin at arrival,67%,3 patients,al_ami-1
854,10044.0,,1256 military street south,empty,empty,hamilton,al,35570.0,marion,,acute care hospitals,voluntary non-profit - private,yes,heart attack,ami-2,heart attack patients given aspirin at discharge,67%,3 patients,al_ami-2
855,33389.0558088318,marion regional medical center,1256 military street south,empty,empty,hamilton,al,35570.0,marion,2059216200.0,acute care hospitals,voluntary non-profit - private,yes,heart attack,ami-3,,100%,1 patients,al_ami-3
856,10044.0,marion regional medical center,1256 military street south,empty,empty,hamilton,al,35570.0,,2059216200.0,,voluntary non-profit - private,yes,heart attack,ami-4,heart attack patients given smoking cessation advice/counseling,empty,0 patients,
857,10044.0,marion regional medical center,1256 milit??ary street south,empty,empty,hamilton,al,205352.745512508,,2059216200.0,acute care hospitals,,yes,heart attack,ami-5,heart attack patients given beta blocker at discharge,33%,3 patients,al_ami-5
858,51782.83382921585,,1256 military street south,empty,,ha@@milton@@,al,35570.0,marion,2059216200.0,acute care hospitals,,yes,heart attack,ami-7a,heart attack patients given fibrinolytic medication within 30 minutes of arrival,empty,0 patients,al_ami-7a
859,10044.0,marion regional medical center,1256 military street south,empty,empty,hamilton,al,,marion,2059216200.0,acute care hospitals,voluntary non-profit - private,,,a??$mi-8a,heart attack patients given pci within 90 minutes of arrival,empty,,al_ami-8a
860,40357.9903085708,marion regio%nal medi%cal center,1256 military street south,e#mpty,empty,,al,35570.0,,2059216200.0,acute care hospitals,voluntary non-profit - private,,heart failure,hf-1,heart failure patients given discharge instructions,74%,,a#l_hf-1
861,10044.0,,,,empty,hamilton,al,35570.0,marion,2059216200.0,acu$te care hospita@@ls,voluntary non-profit - private,ye#s,heart failure,hf-2,heart failure patients given an evaluation of left ventricular systolic (lvs) function,80%,,al_hf-2
862,10044.0,marion regional medical center,1256 military street south,empty,empty,hamilton,al,,marion,,acute care hospitals,voluntary non-profit - private,,heart failure,hf-3,heart failure patients given ace inhibitor or arb for left ventricular systolic dysfunction (lvsd),78%,18 patients,al_h#f-3
863,10044.0,marion regional medical center,,empty,empty,hamilto%n%,al,35570.0,marion,2059216200.0,acute care hospitals,voluntary non-profit - private,yes,heart failure,hf-4,heart failure patients given smoking cessation advice/counseling,80%,,al_hf-4
864,10044.0,marion regional medical center,,empty,empty,hamilton,al,137323.2099228679,marion,2059216200.0,acute care hospitals,v$oluntary non-profit - private,yes,pneumonia,pn-2,pneumonia patients assessed and given pneumococcal vaccination,96%,,al_pn-2
865,10044.0,marion regional medical center,1256 military street south,empty,emp#ty$,%hami??lton,al$,35570.0,mario$n,10966367073.730131,acute care hospitals,voluntary non-profit - private,yes,pneumonia,pn-3b,,99%,78 patien$ts,al_pn-3b
866,10044.0,marion regional medical center,1256 military street south,empty,empty,hamilton,al,35570.0,,,acute care hospitals,voluntary non-profit - private,yes,pneumonia,pn-4,pneumonia patients given smoking cessation advice/counseling,90%,42 patients,al_pn-4
867,,marion regional?? medical center,1256 military street south,,,hamilton,al,35570.0,marion,2059216200.0,acute care hospitals,,yes,pneumonia,,pneumonia patients given initial antibiotic(s) within 6 hours after arrival,98%,121 patients,
868,10044.0,marion regional medical center,1256 military street south,empty,empty,,,35570.0,marion,2059216200.0,acute care hospitals,,yes,,pn-6,pneumonia patients given the most %appropriate initial antibiotic(s)@@,76%,97 patients#,al_pn-6
869,10044.0,marion regional medical center,1256 military street south,empty,empty,hamilton,al,35570.0,marion,,,voluntary non-profit - private,yes,,pn-7,,,85 patients,al_pn-7
870,10044.0,marion regional medical center,,e@@mpty,empty,,al,177449.3574223735,marion,6363324170.26588,,voluntary non-profit - private,yes,surgical infection prevention,scip-card-2,surgery patients who were taking heart drugs called beta blockers before coming to the hospital who were kept on the beta blockers during the period just before and after their surgery,67%,3 patients,al_scip-card-2
871,10044.0,marion regional medical center,1256 military street south,emp@@ty$,empty,hamilton,,190268.39052324908,marion,2059216200.0,,volunta@@ry non-profit - private,yes,surgical infection prevention,s$cip-inf-1,surgery patients who were given an antibiotic at the right time (within one hour before surgery) to help prevent infection,,15 patients,al_scip-inf-1
872,10044.0,marion regional medical center,1256 military street south,empty,empty,hamilton,al,35570.0,marion,,acute care hospitals,voluntary non-profit - private,,surgical infection prevention,scip-inf-2,surgery patients who were given the  right kind  of antibiotic to help prevent infection,87%,15 patients,al_scip-inf-2
873,10044.0,marion regional medical center,1256 military street sout$h,empty,empty,hamilton,,35570.0,marion,,acute care hospitals,voluntary non-profit - private,yes,,scip-inf-3,surgery patients whose preventive antibiotics were stopped at the right time (within 24 hours after surgery),87%,15 patients,al_scip-inf-3
874,51875.19439847426,marion regional medical center,1256 military street south,empty,,hamilton,al,171723.57590731638,marion,2059216200.0,acute care hospitals,voluntary non-profit - private,yes,,scip-inf-4,all heart surgery patients whose blood sugar (blood glucose) is kept under good control in the days right after surgery,empty,0 patients,
875,10044.0,marion regional medical center,1256 military street south,,empty,hamilton,al,108040.35833687965,marion,2059216200.0,,voluntary non-profit - private,ye#s,surg$ical infection prevent??ion,scip-inf-6,surgery patients needing hair removed from the surgical area before surgery who had hair removed using a safer method (electric clippers or hair removal cream c not a razor),100%,19 patients,al_scip-inf-6
876,,marion regional medical center,1256 military street south,empty,em??pty,hamilton,,35570.0,marion,2059216200.0,acute care hospitals,voluntary non-profit - private,yes,surgical infection prevention,scip-vte-1,surgery patients whose doctors ordered treatments to prevent blood clots after certain types of surgeries,100%,4 $patients,al_scip-vte-1
877,10044.0,marion regional medical center,1256 military street south,empty,empty,hamilton,a@@l,128465.4557140623,,2059216200.0,acute care hospi#tals,voluntary non-profit - private,,,scip-vte-2,patients who got treatment  at the right time (within 24 hours before or after their surgery) to help prevent blood clots after certain types of surgery,100%,4 patients,al_scip-vte-2
878,10045.0,,1653 temple avenue north,,empty,fayette,al,199627.13037227394,fayette,2059325966.0,acute care hospitals,voluntary non-profit - other,y%es@@,heart attack,ami-1,heart attack patients given aspirin at arrival,100%,18 patients,al_ami-1
879,10045.0,fayette medical center,1653 tem#ple avenue nor??th,empt%y,empty,fayette,al,35555.0,fayette,2059325966.0,acute care hospitals,,yes,h??eart attack,ami$-2%,heart attack patients given aspirin at discharge,100%,12 patients,al_ami-2
880,10045.0,,1653 temple avenue north,empty,empty,fayette,al,35555.0,fayette,2059325966.0,acute care hospitals,voluntary non-profit - other,ye$s@@,heart attack,??am#i-3,heart attack patients given ace inhibitor or arb for left ventricular s#ystolic dysfunction (@@lvsd),0%,,al_ami-3
881,10045.0,fayette medical $center,1653 temple avenue north,empty,empty,fayette,al,,fayette,2059325966.0,acute care hospitals,,yes,heart attack,a@@mi-4,heart attack patients given smoking cessation advice/counseling,,,al_ami-4
882,10045.0,fayette#@@ medical center,1653 temple avenue north,empty,empty,??fayette,al,182421.79628121876,fayette,2059325966.0,acu@@t??e care hospitals,voluntary non-profit - other,yes,heart attack,ami-5,heart attack patients given beta blocker at discharge,82%,11 patients,
883,10045.0,,1653 temple avenue north,,,fayette,al,,,2059325966.0,acute care hospitals,,yes,heart attack,ami-7a,heart attack patients given fibrinolytic medication within 30 minutes of arrival,,0 patients,al_ami-7a
884,,,,,empty,,al,35555.0,fayette,2059325966.0,acute care hospitals,voluntar#y non-profit - other,yes,heart attack,ami-8a,heart attack patients given pci within 90 minutes of arrival,empty,,al_ami-8a
885,10045.0,fayette medical center,1653 temple avenue north,,empty,fayette,al,35555.0,fayette,2059325966.0,acute care hospitals,,yes,heart failure,hf-1,heart failure patients giv$en discharge instructions,,67 patients,al_hf-1
886,10045.0,fayette medical center,1653 temple avenue north,empty,empty,,,188890.68003223484,,2059325966.0,acute c%are hospitals,voluntary non-profit - other,,heart failure,hf-2,,,85 patients,
887,,fayette medical center,1653 temple avenue north,empty,empty,fayette,al,166322.82197983924,fayette,2059325966.0,acute care hospitals,voluntary non-profit - other,yes,heart failure,hf-3,heart failure patients given ace inhibitor or arb for left ventricular systolic dysfunction (lvsd),,19 patie??$nts,al_hf-3
888,57432.53746909097,fayette me??dical center,1653 temp%le avenue north,empty,empty,fayette,al??%,35555.0,fayette,2059325966.0,acute #care@@ hospitals,voluntary non-profit - other,,heart# failure,hf-4,heart failure patients given smoking cessation advice/counseling,,16 patients,al_hf-4
889,10045.0,fayette medical center,1653 temple avenue north,,empty,fayette,al,35555.0,fayette,2059325966.0,,,yes,pneum%on#ia,pn-2,pneumonia patients assessed and given pneumococcal vaccination,85%,117 patients,al_pn-2
890,,fayette medical center,1653 temple a$venue north,empty,empty,fayette,al,35555.0,fayette,2059325966.0,acute care hospitals,voluntary non-profit - other,yes,pneumonia,pn-3b,pneumonia patients whose initial emergency room blood culture was performed prior to the administration of the first hospital dose of antibiotics,,41 pati%ents,
891,10045.0,fayette medical center,1653 temple avenue north,empty,empty,fayette,al,35555.0,fayet%te,2059325966.0,acute care hospitals,voluntary non-profit - other,yes,pneumonia,,pneumonia patients given smoking cessation advice/counseling,100%,34 patients,al_pn-4
892,,fayette medi$cal center$,1653 temple avenue north,empty,empty,fayette,al,135520.12969605927,fayette,9362485984.59014,,voluntary non-profit - other,yes,pneumonia,pn-@@5c,pneumonia patients given initial antibiotic(s) within 6 hours after arrival,,109 patients,al_pn-5c
893,10045.0,fayette medical center,1653 temple avenue north,empty,empty,fayette,,35555.0,fayett%e,2059325966.0,acute care hospitals,voluntary non-profit - other,yes,pneumonia,pn-6,pneumonia patients given the most appropriate initial antibiotic(s),87%,79 patients,al_pn-6
894,31736.56018310275,fayette medical center,1653 temple avenue north,empty,empty,fayette,al,35555.0,fayette,2059325966.0,,,yes,pneumonia,,,87$%,,al_pn-7
895,10045.0,fayette medical center,1653 temple avenue north,e??mpty,empty,fayette,al,35555.0,fayette,10996171619.241987,acute care hospita%ls,voluntary non-profit - other,yes,surgical infection prevention,scip-card-2,surgery patients who were taking heart drugs called beta blockers before coming to the hospital who were kept on the beta blockers during the period just before and after their surgery,emp@@ty,0 patients,al_scip-card-2
896,10045.0,fayette medical center,1653 temple avenue north,empty,empty,fayette,%al,35555.0,fayette,2059325966.0,acute care hospitals,voluntary non-profit - other,yes,surgical infection prevention,scip-inf-1,,empty,0 #patie%nts,al_scip-inf-1
897,10045.0,fayette medical center,1653 temple avenue north,empty,empty,fayette,,35555.0,faye$tte,2059325966.0,acute care hospitals,voluntary non-profit - ot??her,yes,,scip-inf-2,,,0 patients$,al_scip-inf$@@-2
898,10045.0,fayette medical center,1653 temple avenue north,,@@empty,fayett#e,al,35555.0,fayette,2059325966.0,acute care hospitals,voluntary non-profit - other,yes,surgical infection prevention,scip-inf-3,,empty,0 patients,al_scip-inf-3
899,10045.0,fayette medical center,,emp??@@ty,empty,fayette,al,147452.46106330963,fayette,2059325966.0,acute care hospitals,v%olunta%ry non-profit - other,,surgical infection prevention,scip-inf-4,all heart surgery patients whose blood sugar (blood glucose) is kept under good control in the days right after surgery,empty,0 patients,al_scip-i??nf-4
900,10045.0,fayette medical center,1653 temple avenue north,empty,empty,fayette,al,35555.0,fayette,2059325966.0,,,,surgical infection prevention,scip-inf-6,surgery patients needing hair removed from the surgical area before surgery who had hair removed using a safer method (electric clippers or hair removal cream c not a razor),100%,7 patients,al_scip-i@@nf-6
901,10045.0,fayette medical center,1653 temple avenue north,empty,empty,fayette,,35555.0,fayette,2059325966.0,,voluntary non-profit - other,yes%,surgical infection prevention,scip-vte-1,,100%,,al_scip-vte-1
902,10045.0,,1653 temple avenue north,empty,,fayette,a#l,186437.96900314672,,2059325966.0,acute care hospitals,voluntary non-profit - other,yes,surgical infection prevention,scip-vte-2,patients who got treatment  at the right time (within 24 hours before or after their surgery) to help prevent blood clots after certain types of surgery,100%,3 patients,al_scip-vte-2
903,10046.0,riverview regional medical center,600$ south third street,empty,empty,gadsden,al,,etowah,8287077802.699962,acute care hospitals,proprietary,yes,children s asthma care,cac-1,children who received reliever medication while hospitalized for asthma,100%,4 patients,al_cac-1
904,10046.0,riverview regional medical center,600 south third street,empty,empty,gadsden,al@@,177503.64248372318,etowah,2565435200.0,acute care hospitals,proprietary,yes,children s asthma care,cac-2,children who received systemic corticosteroid medication (oral and iv medication that reduces inflammation and controls symptoms) while hospitalized for asthma,100%,4 patients,al_cac-2
905,10046.0,riverview regional medical center,600 south third street,empty,empty,gadsden,al,35901.0,etowah,2565435200.0,acute care hospitals,,yes,children s asthma care,cac-3,children and their caregivers who received a home management plan of care document while hospitalized for asthma,100%,4 patients,al_cac-3
906,,,600 south thir%d ??street,empty,,,al,35901.0,etowah,2565435200.0,acute care hospitals,proprietary,,heart attack,ami-1,heart attack patients given aspirin at arrival,100%,126 patients,al_ami-1
907,10046.0,riverview regional medical center,600 south third stre#et,empty,empty,gadsden,al,149820.04438317637,etowah,11351733177.667938,acute care hospital#s,p$ro%prietary,yes,heart attack,ami-2,heart attack patients given aspirin at discharge,100%,145 patients,al_ami-2
908,10046.0,riverview regional medical center,600 south third street,emp$ty,empty,gadsden,al,35901.0,etowah,2565435200.0,,proprietary,yes,heart attack,,heart attack patients given ace inhibitor or arb for left ventricular systolic dysfunction (lvsd),100%,25 patients,al_ami-3
909,,riverview regional medical center,600 south third street,empty,empty,gadsden,@@al#,35901.0,etowah,2565435200.0,,proprietar?$?y,yes,heart attack,ami-4,,100%,6@@8 patients,al_ami-4
910,10046.0,riverview regional medical center,600 south third street,empty,empty,gadsden,%@@al,205423.7816598508,,9578733835.765928,acute care hospitals,proprietary,yes,heart attac@@k,ami-5??,heart attack patients given beta blocker at discharge,,125 patients,al_ami-5
911,10046.0,riverview regional medical cent??er??,,empty,,,,35901.0,,2565435200.0,acute care hospitals,#proprie#tary,yes,heart attack,ami-7a,heart attack patients given fibrinolytic medicati@@on wi??thin 30 minutes of arrival,88%,8 patients,al_ami-7a
912,10046.0,riverview regional medical center,600 south third street,empty,empty,gadsden,al,35901.0,etowah,2565435200.0,acute care hospitals,proprietary,yes,hear#t attack,ami-8a,heart attack patients given pci within 90 minutes of arrival,100%,16 patients,
913,50429.26354580893,,600 south third street,empt$y,empty,,,35901.0,et??%owah,2565435200.0,acute care hospitals,proprietary,yes,,,heart failure patients given?? discharge instructions,100%,,al_hf-1
914,10046.0,riverview regional medical center,,,empty,gadsden,al%,35901.0,,2565435200.0,acute care hospitals,proprietary,yes,,hf-2,heart failure patients given an evaluation of left ventricular syst@@oli#c (lvs) function,100%,350 patients,al@@_hf-2@@
915,10046.0,riverview regional medical center,600 south third street,empty,empty,gadsden,,35901.0,etowah,2565435200.0,acute care hospitals,proprietary,yes,heart failure,hf-3,,100%,90 patients,al_hf-3
916,10046.0,riverview regional medical center,600 south third street,empty,em%pty,gadsden,,35901.0,etowah,,acute care hospitals,proprietary,yes#,,hf-4,heart failure?? patients given smoking cessation advice/counseling,100%,85 patients,al_hf-4
917,,,600 sout@$@h third street,empty,empty,gadsden,al,35901.0,etowah,2565435200.0,acute care hospitals,,yes,pneumonia,pn-2,pneumonia patients assessed and given pneumococcal vaccination,99%,239 patients,al_pn-2
918,46118.425099640095,riverview regional medical center,600 south third street,empty,,gadsden,al,35901.0,etowah,2565435200.0,acute ca@@re hospi$tals,proprietary,yes,pneumonia,pn-3b,,97%,196 patients,al_pn-3b
919,,riverview regional $medical cen@@ter,600 south third street,empty,empty,gadsden,al,,etowah,13741449233.88992,acute care hospitals,proprietary,yes,pneu$mon@@ia,pn-4,pneumonia patients given smoking cessation advice/counseling,100%,109$ patients,al_pn-4
920,,riverview regional me%dical cen??ter,,,,gadsden,al,35901.0,etowah,11841357984.16169,acu??te care hospitals,proprietary,yes,pneumonia,pn-5c,pneumonia patients given initial antibiotic(s) within 6 hours after arrival,87%,261 patients,
921,10046.0,riverview regional medical center@@,600 $south third street,empty,empty,gadsden,al,156922.38729279995,etowah,,acute care hospitals,proprietary,yes,,p%n-6@@,,76%,212 patients,
922,10046.0,riverview regional medical center,,empty,empty,gadsd#en$,al,35901.0,etowah,11439537553.096613,acute care hospitals,proprietary,yes,pneumonia,pn-7,,99%,178 patients,al_pn-7
923,10046.0,river$view regional medical center,600 south third street,empty,empty,gadsden,al,,et??owah,2565435200.0,acute care hospitals,proprietary,yes,surgical infection prevention,scip-card-2,,95%,,al_scip-card-2
924,10046.0,riverview regional medical center,600 south third street,empty,empty,g??adsden@@,al,35901.0,etowah,2565435200.0,acu%te care hospit#als,proprietary,yes,surgical infection prevention,scip-inf-1,surgery patients who were given an antibiotic at the right time (within one hour before surgery) to help prevent infection,95%,402 patients,al_scip-inf-1
925,39372.73483335051,riverview regional medical center,600 south third street,em$pty??,empty,gadsden,al,35901.0,etowah,2565435200.0,acute care hospitals,proprietary,yes,surgical infection prevention,scip-inf-2,surgery patients who were given the  right kind  of antibiotic to help prevent infection,95%,404 patients,al_scip-inf-2
926,10046.0,riverview regional medical center,,empty,empty@@,gadsden,al,35901.0,etowah,2565435200.0,acute care hospitals,proprietary,y??es,surgical infection prevention,scip-inf-3,surgery patients whose preventive antibiotics were stopped at the right time (within 24 hours after surgery),,352 patients,al_scip-inf-3
927,59074.88920415562,riverview regional medical center,600 south third street,empty,empty,gadsden,,35901.0,etowah,2565435200.0,,,yes?@@?,surgical infection prevention,,all heart surgery patients whose blood sugar (blood glucose) is kept under good control in the days right after surgery,76%,114 patients,al_scip-inf-4
928,,riverview regional medical center,,,empty,gadsden,al,170890.81830140436,etowah,2565435200.0,acute care hospitals,@@proprietary,yes,surgical infection prevention,scip-inf-6,surgery patients needing hair removed from the surgical area before surgery who had hair removed using a safer method (electric clippers or hair removal cream c not a razor),100%,607 patients,al_scip-inf-6
929,10046.0,,600 south third street,empty,$%empty,gadsden,al,35901.0,etowah,2565435200.0,,proprietary,,,scip-vte-1,surgery patients whose doctors ordered treatments to prevent blood clots after certain types of surgeries,91%,,al_scip-vte-1
930,10046.0,riverview regional medical center,600 south third# street,empty,empty,gadsden,al,35901.0,etowah,2565435200.0,acute care hospitals,proprie#ta@@ry,yes,surgical infection prevention,scip-vte-2,patients who got treatment  at the right time (within 24 hours before or after their surgery) to help prevent blood clots after certain types of surgery,84%,,al_scip-vte-2
931,,georgiana hospital,515 miranda st,,,georgiana,a$l,36033.0,butler,,acute care h??ospitals,voluntary non-profit - private,no,,ami-1,heart attack patients given aspirin at arrival,53%,19 patients,
932,10047.0,georgiana hospital,,em%pty,,georgiana,,36033.0,$butler,3343762205.0,acute care hospitals,voluntary non-profit - private,no,heart attack,,heart attack patients given aspirin at discharge,50%,,al_ami-2
933,10047.0,georgiana hospital,515 miranda st,empty,empty,georgiana,al,36033.0,butler,3343762205.0,acute care hospitals,voluntary non-profit - private,,heart attack,ami-3,heart attack patients given ace inhibitor or arb for left ventricular systolic dysfunction (lvsd),,1 patients,al_ami-3
934,10047.0,georgiana hospital,515 miranda st,empty,empty,georgiana,al,36033.0,butler,17113840029.46281,acute care hospitals,voluntary non-profit - private,no,heart attack,ami-4,heart attack patients given smoking cessation advice/counseling,33%,6 patients,a%l_ami-#4
935,10047.0,georgiana hospital,515 miranda st,empty,empty,georgiana,al,36033.0,butler,3343762205.0,acute c??are hospi$tals,voluntary non-profit - private,,heart attack,,heart attack patients given beta blocker at discharge,60%,15 patients,al_ami-5
936,10047.0,georgiana hospital,515 miranda st,empty,empty,georg??iana,al,36033.0,butler,3343762205.0,acute care hospitals,voluntary non-profit - private,@@no,heart attack,ami-7a,heart attack patients given fibrinolytic medicat%ion within 30 minutes of arrival,empty,0 patients,al_ami-7a
937,,georgiana hospital,515 miranda st,empty,empty,georgiana,al,36033.0,butler,3343762205.0,ac%ute care hospital#s,voluntary non-profit - private,no,heart attack,ami-8a,,empty,0 patients,al_ami-8a
938,10047.0,,,empty,empty,georgiana,al,,butler,3343762205.0,acute care hospitals,voluntary non-profit - private,,heart failure,,heart failure patients given discharge instructions,53%,51 patients,
939,,,515 miranda st,,,georgiana,al,157901.23476749132,but%#ler,19700665258.597126,acute %care hospital$s,,no,heart failure,hf-2,heart failure patients given an evaluation of left ventricular systolic (lvs) function,63%,59 patients,al_hf-2
940,10047.0,georgiana hospital,515 miranda st,empty,empty,georgiana,al,36033.0,,3343762205.0,acute care hospitals,voluntary non-profit - private,no,heart fa@@ilure,hf-3,heart failure patients given ace inhibitor or arb for left ventricular systolic dysfunction (lvsd),67%,6 patients,
941,10047.0,georgiana hospital,51$5 miranda st,empty,empty,,al,36033.0,butler,3343762205.0,acute care hospitals,voluntary non-profit - private,no,heart failure,hf$$-4,he??art failure patients given smoking cessation advice/counseling,75%,8 patients,al_hf-4
942,10047.0,georgiana hospital,,,empty,georgiana,al,36033.0,butler,3343762205.0,acute care hospitals,voluntary non-profit - private,no,pneumonia,pn-2,pneumonia patients assessed and given pneumococcal vaccination,90%,39 patients,al_pn-2
943,10047.0,georgiana hospital,515 miranda st,,empty,ge$orgiana,,36033.0,butler,,acute care hospitals,voluntary non-profit - private,no,pneumonia,pn-3b,pneumonia patients whose initial emergency room blood culture was performed prior to the administration of the first hospital dose of antibiotics,,2 patients,al_pn-3b
944,,georgiana hospital,515 miranda st,empty,empty,georgiana,al,36033.0,butler,3343762205.0,acute care hospitals,voluntary non-profit - private,no,pneumonia,pn-4,pneumonia patients given smoking cessation advice/counseling,80%,5 patients,al_pn-4
945,10047.0,georgiana hospital,,empty,,georgiana,,196447.47220653947,butler,3343762205.0,,voluntary non-profit - private,no,pneumonia,,pneumonia patients given initial antibiotic(s) within 6 hours after arrival,97%,,al_pn-5c
946,10047.0,georgiana hospital,515 miranda st,empty,empty,georgiana,,36033.0,butler,3343762205.0,acute care hospitals,voluntary non-p%rofit - pri#vate,no,pneumonia,,pneumonia patients given the most appropriate initial antibiotic(s),50%,30 patients,al_pn-6
947,,georgiana hospital,515 miranda st,empty,empty,georgiana,al,36033.0,butler,3343762205.0,acute care hospitals,voluntary non-profit - private,no,pneumonia,,pneumonia patients assessed and given influenza vaccination,,31 patients,al_pn-7
948,,georgiana hospital,515 miranda st,empty,empty,georgiana,al,36033.0,butler,3343762205.0,acute care hospitals,voluntary non-profit - private,no,surgical infecti%on prevent%ion,scip-card-2,surgery patients who were taking #heart drugs called beta blockers before coming to the hospital who were kept on the beta blockers during the period just before and after their surgery,empty,,al_scip-card-2
949,,georgiana hospital,515 miranda st,emp@@ty,empty,georgiana,,36033.0,butler,3343762205.0,acute care hospitals,voluntary non-profit - private,no,,scip-inf-1,surgery patients who were given an antibiotic at the right time (within one hour before surgery) to help prevent infection,empty,empty,
950,10047.0,georgiana hospital,??515 miranda% st,empty,empty,,al,,butler,,,,no,,scip-inf-2,surgery patients who were given the  right kind  of antibioti??c to help prevent infection,empty,,al_scip-inf-2
951,10047.0,georgiana hospital,515 miranda st,empty,,georgia$#na,,163195.90716143377,butler,3343762205.0,acute care hospitals,voluntary non-profit - private,,surgical infection prevention,scip-inf-3,surgery patients whose preventive antibiotics were stopped at the right time (within 24 hours after surgery),,empty,al_scip-inf-3
952,10047.0,georgiana hospital,515 miranda st,empty,empty,,al,36033.0,butler,3343762205.0,acute care hospitals,voluntary non-pr$of$it - private,no,surgical infection prevention,scip-inf-4,all heart surgery patients whose blood sugar (blood glucose) is kept under good control in the days right after surgery,empty,empty,al_scip-inf-4
953,10047.0,georgiana hospital,515 miranda st,empty,em@@pty??,georgiana,,36033.0,butle$r,3343762205.0,,voluntary non-profit - private,no,surgical infection prevention,scip-inf-6,surgery patients needing hair removed from the surgical area before surgery who had hair removed using a safer method (electric clippers or hair removal cream c not a razor),empty,empty,al_#scip-$inf-6
954,10047.0,georgiana hospital,515 miranda st,em??pty@@,empty,georgiana,al,36033.0,butler,3343762205.0,,,no,surgical infection prevention,scip-vte-1,,empty,empty,al_scip-vte-1
955,10047.0,georgiana hospital,515 miranda st,empty,empty,,,36033.0,,3343762205.0,acute care hospitals,voluntary non-profit -@@ private,,surgical inf@@ection prevention,scip-vte-2,patients who got treatment  at the right time (within 24 hours before or after their surgery) to help prevent blood clots after certain types of surgery,empty,empty,al_scip-vte-2
956,10049.0,medical center enterprise,400 n edwards street,,empty,enterprise,al,36330.0,coffee,,acute care hospitals,,yes,heart attack,,heart attack patients given aspirin at arrival,100%,4 patients,al_ami-1
957,10049.0,,400 n edwards street,empty,empty,enterprise,al,140835.56748642924,coffee,,acute care hospitals,pro$prietary,yes,heart attack,,heart attack patients given aspirin at discharge,100%,1 patients,
958,10049.0,,400 n edwards street,empty,empty,enterprise,al,36330.0,coffee,3343470584.0,acute care hospitals,,yes,heart attack,a??mi@@-3,heart attack patients given ace inhibitor or arb for left ventricular systolic dysfunction (lvsd),empty,0 patients,al_ami-3
959,10049.0,medical center enterprise,400 n edw@@??ards street,empty,empty,enterprise,al,,coffee,3343470584.0,acute care hospitals,prop??rietary,$??yes,heart attack,ami-4,heart attack patients given smoking cessation advice/counseling,empty,0 patients,al_ami-4
960,10049.0,medical center enterprise,400 n $edwards street,,,enterprise,al,,coffee,12761370956.024895,acute care hospitals,proprietary,yes,,ami-5,heart attack patients given beta blocker at discharge,100%,2 patients,al_ami-5
961,10049.0,medical center enterprise,400 n edwards street,,empty,enterprise,al,36330.0,coffee,3343470584.0,acute care hospitals,proprietary,,heart attack,ami-7a,heart attack patients given fibrinolytic medication within 30 minutes of arrival,empty,,al_ami-7a
962,10049.0,medical center enterprise,400 n edwards stre$et,empty,empty,enterprise,al,36330.0,coffee,3343470584.0,acute c$a%re hospitals,proprietary,,heart attack,ami-8a,,,0 patients,al_ami-8a
963,10049.0,medical center enterprise,400 n edwards street,empty,empty,enterprise,al,36330.0,coffee,,acute care hospitals,p%ropr??ietary,,,hf-1,heart failure patients given discharge instructions,96%,,al_hf-1
964,41929.94832261069,medical center enterprise,400 n edwards street,,empty,enterprise,,,coffee,3343470584.0,acute care hospitals,proprietary,yes,heart failure,hf-2,heart failure patients given an evaluation of left ventricular systolic (lvs) function,99%,82 pat@@ient#s,
965,,m#edical center enter%prise,400 n edwards street,empty,empty,enterprise,,36330.0,coffee,3343470584.0,acute care hospitals,proprietary,yes,heart failure,hf-3,heart failure patients given ace inhibitor or arb for left ventricular systolic dysfunction (lvsd),100%,34 patients,al_hf-3
966,10049.0,medical center enterprise,,,empty,enterprise,al,36330.0,coffee,,%acute care hospitals,proprietary,#yes,heart failure,@@hf-4,,100%,15 patients,al_hf-4
967,55214.190322224254,medical center enterprise,400 n edwards street,empty,empt??y,enterprise,a%l,36330.0,coffee,3343470584.0,acute care hospitals,proprietary,yes,pneumonia,pn-2????,pneumonia patients assessed and given pneumococcal vaccination,,72 patients,al_pn-2
968,10049.0,medical center enterprise,400 n edwards street,empty,@%@empty,enterprise,al,151610.90912210938,coffee,3343470584.0,acute care hospitals,,yes,pneumonia,pn-3b,,98%,49 #pa%tients,al_pn-3b
969,10049.0,medical center enterprise,400 n edwards street,em@@%pty,empty,enterprise,@@al,36330.0,c%o%ffee,3343470584.0,acute care hospitals,proprietary,yes,pneumonia,,pneumonia patients given smoking cessation advice/counseling,100%,,al_pn-4
970,10049.0,,400 n edwards street,empty,#e$mpty,%enterprise,al,36330.0,coffee,,acute care hospitals,proprietary,,pneumonia,pn-5c,pneumonia patients given initial antibiotic(s) within 6 hours after arrival,99%,85 patients,al_pn-5#c
971,,medical center enterprise,400 n edwards street,empty,empty,enterprise,al,36330.0,,3343470584.0,,proprietary,%yes,pneumonia,pn-$6,,99%,67 patients,
972,10049.0,medical center enterprise,400 n edwards street,empty,empty,enterprise,al????,36330.0,co%ffee,3343470584.0,acute care hospitals,proprietary,yes,pneumonia,pn-7,pneumonia patients assessed and given influenza vaccination,100%,37 patients,al_pn-7
973,10049.0,medical cen%ter enterprise,,empty,empty,enterprise,al,,coffee,13200016741.252447,acute care hospitals,proprietary,ye??s,,scip-card-2,surgery patients who were taking heart drugs called beta blockers before coming to the hospital who were kept on the beta blockers during the period just before and after their surgery,100%,27 patients,al_scip-card-2
974,10049.0,medical center enterprise,400 n edwards street,em??pty,empty,,al,36330.0,coffee,,acute care %hospitals,proprietary,yes,,scip-inf-1,surgery patients who were given an antibiotic at the right time (within one hour before surgery) to help prevent infection,99%,397 patients,al_scip-inf-1
975,10049.0,medical center enterprise,400 n edwards street,empty,,enterprise,al,,coffee,3343470584.0,acute care hospitals,proprietary,yes,surgical infection prevention,scip-inf-2,surgery patients who were given the  right kind  of antibiotic to help prevent infection,100%,399 patients,
976,10049.0,medical center enterprise,,empty,,ent@@erprise,,36330.0,coffee,3343470584.0,acute care hospitals,,,surgical infection prevention,scip-inf-3,surgery patients whose preventive antibiotics were stopped at the right time (within 24 hours after surgery),100%,391 patients,
977,10049.0,medical center enterprise,400 n edwards street,empty,empty,,al,36330.0,coffee,,acute care hospitals,proprietary,,surgical infection prevention,scip-inf-??4$,all heart surgery patients whose blood sugar (blood glucose) is kept under good control in the days right after surgery,empty,0 patients,al_scip-inf-4
978,,medical center enterp%ris@@e,400 n edwards street,empty,empty,enterprise,al,36330.0,,14767788384.289238,acute care hospitals,,yes,surgical infection prevention,scip-inf-6,surgery patients needing hair removed from the surgical area before surgery who had hair removed using a safer method (electric clippers or hair removal cream c not a razor),100%,485 patients,al_scip-inf-6
979,10049.0,medical center enterprise,400 n edwards street,empty,empty,enterprise,a@@$l,36330.0,coffee,3343470584.0,acute care hospitals,proprietary,yes,surgical infection prevention,scip-vte-1,surgery patients whose doctors ordered treat$ments to prevent blood clots after certain types of surgeries,,196 patients,al_scip-vte-1
980,10049.0,medical center enterprise,400 n edwards stree@@??t,empty,empty,enterprise,,36330.0,,3343470584.0,acute care hospitals,proprietary,,surgical infection prevention,scip-vte-2,patients who got treatment  at the right time (within 24 hours before or after their surgery) to help prevent blood clots $after certain types of surgery,100%,196 patients,al_scip-vte-2
981,10050.0,st vincents blount,150 gilbreath drive,empty,empty,oneonta,al,35121.0,blount,2052743000.0,acute care hospitals,voluntary non-profit - private,yes,heart attack,ami@@-1$,heart attack patients given aspirin at arrival,100%,7 patients,a$l_am$i-1
982,10050.0,,150 gilbreath drive,empty,empty,oneonta,#a$l,134565.7651349222,blount,,acute care hospitals,voluntary non-profit - private,yes,,ami-2,heart attack patients given aspirin at discharge,100%,2 patients,al_ami-2
983,50774.21277500549,st vincents blount,,empty,,oneonta,a#l,,blount,2052743000.0,acute care hospitals,voluntary non-profit - private,yes,heart attack%,,heart attack patients given ace inhibitor or arb for left ventricular systolic dysfunction (lvsd),100%,2 patients,al_ami-3
984,10050.0,st ??vincents bl@@ount,,empty,empty,oneonta,al,35121.0,blount,2052743000.0,acute care hospitals,voluntary non-profit - private,yes,heart attack,ami-4,heart attack patients given smoking cessation advice/counseling,empty,0 p$ati%ents,al_ami-4
985,10050.0,st vincents blount,150 gilbreath drive,empty,,oneonta,al,35121.0,blount,8723824563.186104,acute care hospitals,$voluntary non-profit - private,yes,heart attack,ami-5,,100%,3 patients,al_ami-5
986,10050.0,st vincents blount,150 gilbreath drive,empty,empty,oneonta,al,,bloun#t,8080674722.508397,acute care hospitals,voluntary non-profit - private,yes,he#art att??ack,ami-7a,heart attack patients given fibrinolytic medication within 30 minutes of arrival,,0 patients,al_ami-7a
987,,@@st vincents blount??,150 gilbreath drive,empty,empty,oneonta,al,35121.0,blount,,,voluntary non-profit - private,yes,,ami-8a,heart attack patients given pci within 90 minutes of arrival,empty,0 patients,al_ami-8a
988,10050.0,,150 gilbreath drive,empty,empty,oneonta,,35121.0,,,acute care hospitals,voluntary non-profit - private,yes,heart failure,hf-1,heart failure patients given discharge instructions,50%,24 patients,al_hf-%1
989,10050.0,st vincents blount,150 gilbreath drive,empty??,,oneonta,al,,blount,2052743000.0,acute care hospitals,voluntary non-profit - private,yes,heart failure,,heart failure patients given an evaluation of left ventricular systolic (lvs) function,85%,34 patients,al_hf%#-2
990,10050.0,st vincents blount,150 gilbre$ath drive#,empty,empty,oneonta,al,35121.0,blount,2052743000.0,$acute care hospital%s,voluntary non-profit - private,yes,heart failure,hf-3,heart failure patients given ace inhibitor or arb for left ventricular systolic dysfunction (lvsd),,,al_hf-3
991,10050.0,st vincents blount,,empty,#empt??y,oneonta,al,,blount,2052743000.0,acute care hospitals,,y#es,heart failure,hf-4,heart failure patients given smoking cessation advice/counseling,43%,7 patients,al_hf-4
992,,st vincents blount,150 gilbreath drive,empty,empty,oneonta,al,35121.0,blount,2052743000.0,acute care hospitals,voluntary non-profit - private,yes,pneumonia,pn-2,pneumonia patients assessed and given pneumococcal vaccination,,92 patients,al_pn-2
993,10050.0,st vincents blount,150 gilbreath drive,empty,empty,,al,35121.0,blount,2052743000.0,acute care hospitals,voluntary non-profit - private,yes,pneumonia,pn-3b,,,,al_pn-3b
994,10050.0,st vincents blount,150 g%ilbr%eath drive,empty,empty,oneont$a,al,35121.0,blount,2052743000.0,,voluntary non-profit - private,,pneumonia,pn-4,pneumonia patients given smoking cessation advice/counseling,83%,29 patients,al_pn-4
995,10050.0,st vincents blount,150 gilbreath dr@@ive,empty,empty,oneonta#,a?#?l,35121.0,blount,2052743000.0,acute care hospitals,voluntary non-profit - private,yes,pneumonia,pn-5c,pneumonia patients given initial antibiotic(s) within 6 hours after arrival,98%,10$5 patients,al_pn-5c
996,10050.0,st vincents blount,150 gilbreath drive,empty,empty,oneonta,al,,,,acute care hospitals,voluntary non-profit - private,yes,pneumonia,pn-6,pneumonia patients given the most appropriate initial antibiotic(s),77??%,,al_pn-6
997,45800.83960733229,st vincents blount,150 gilbreath drive,empty,empty,oneonta,al,35121.0,blount,2052743000.0,acute care hospitals,voluntary non-profit - private,,pneumonia,pn-??7,pneumonia patients assessed and given influenza vaccination,64%,,al_pn-7
998,51784.84247428357,st vincents blount,150 gilbreath drive,$@@empty,e@@mpt#y,oneonta,al,35121.0,blount,2052743000.0,acute care hospitals,voluntary non-profit - private,yes,surgical infection prevention,scip-card-2,surgery patients who were taking heart drugs called beta blockers before coming to the hospital who were kept on the beta blockers during the period just before and after their surgery,25%,8 patients,al_scip-card-2
999,10050.0,st vincents blount,,empty,em%#pty,oneonta,#al,35121.0,,2052743000.0,acute care hospitals,voluntary non-profit - p??rivate,yes,surgical infection prevention,,surgery patients who were given an antibiotic at the right time (within one hour before surgery) to help prevent infection,64%,28 patients,al_scip-inf-1
1000,,,150 gilbreath drive,empty,,,al,,blount,2052743000.0,acute care hospitals,voluntary non-profit - private,yes,surgical infection prevention,,,88%,25 patients,al_scip-inf-2
