ID,ProviderNumber,HospitalName,Address1,Address2,Address3,City,State,ZipCode,CountyName,PhoneNumber,HospitalType,HospitalOwner,EmergencyService,Condition,MeasureCode,MeasureName,Score,Sample,Stateavg
1,10018.0,callahan eye foundation hospital,1720 university blvd,empty,empty,birmingham,al,35233.0,jefferson,7161206566.471962,acute care hospitals,voluntary non-profit - private,yes,surgical i$nfection prevention,scip-card-2,surgery patients who were taking heart drugs called beta blockers before coming to the hospital who were kept on the beta blockers during the period just before and after their surgery,empty,empty,al_scip-card-2
2,52178.483780662624,c#allahan eye found$ation hospital,1720 university blvd,empty,empty,bir@@min#gham,al,35233.0,jefferson,2053258100.0,acute care hospitals,voluntary non-profit - private,yes,surgical infection prevention,scip-inf-1,surgery patients who were given an antibiotic at the right time (within one hour before surgery) to help prevent infection,empty,empty,al_scip-inf-1
3,10018.0,callahan eye foundation hospital,1720 university blvd,empty,empty,birmingham??,al,35233.0,jef??ferso%n,2053258100.0,acute care hospitals,voluntary non-profit - private,yes,surgical infection prevention,scip-inf-2,surgery patients who were given the  right kind  of antibiotic to help prevent infection,empt%y,empty,al_scip-inf-2
4,10018.0,callahan eye foundation hospital,1720 university blvd,empty,empty,birmingham,al,35233.0,jefferso@@n,2053258100.0,acute care hospitals,voluntary non-profit - private,yes,surgical infection prevention,scip@@-in??f-3,surg??ery patients whose preventive antibiotics were stopped at the right time (within 24 ho@@urs after surgery),empty,empty,al_scip-inf-3
5,10018.0,callahan eye foundation hospital,1720 university blvd,emp#ty,empty,birmingham,al,35233.0,jefferson,2053258100.0,acute care hospitals,voluntary non-profit - private,y%$es,surgical infection prevention,scip-inf-4,all heart surgery patients whose blood sugar (blood glucose) is kept under good control i$n the da$ys right after surgery,@@empty,empty,al_scip-inf-4
6,58253.50152247884,callahan eye foundation hospital,1720 university blvd,empty@@,empty,birmingham,al,35233.0,#jefferson,9122128536.734133,acute care h%ospital$s,voluntary non-profit - p$r@@ivate,y$es,surgical infection prevention,s%cip-inf#-6,surgery patients needing hair removed from the surgical area before surgery who had hair removed using a safer method (electric clippers or hair removal cream c not a razor),emp#ty??,empty,al_scip-inf-6
7,10018.0,callahan eye foundation hospital,1720 university blvd,empty,empty,birmingham,al,35233.0,jefferson,2053258100.0,acute care hospitals,voluntary non-profit - private,yes,surgical infection prevention,scip-vte-1,surgery patients whose doctors ordered treatments to prevent blood clots after certain types of surgeries,empty,empty,al_scip-vte-1
8,10018.0,callahan eye foundation hospital,1720 university blvd,empty,empty,birmingham,al,35233.0,jefferson,2053258100.0,acute care hospitals,voluntary non-profit - private,yes,surgical infecti%on ??prevention,scip-vte-2,patients who got treatment  at the right time (within 24 hours before or after their surgery) to help prevent blood clots after certain types of surgery,empty,empty,al_scip-vte-2
9,10019.0,helen keller memorial hospital,1300 south montgomery avenue,empty,empt??y,sheffield,al,172342.6639432583,jefferson,14421443938.741554,acute care hospitals,government - hospital district or authority,yes,heart attack,ami-1,heart attack patients given aspirin at arrival,97%,33 patients,al_ami-1
10,10019.0,helen keller memorial hospital,1300 south montgomery avenue,empty,@@empt$y,sheffield,al,35660.0,jefferson,2563864556.0,acute care hospitals,government - hospital district or authority,yes,heart a$ttack,ami-2,heart attack patients given aspirin at discharge,92%,13 patients,al_ami-2
11,10019.0,helen keller memorial hospital,1300 south montgomery avenue,empty,empty,sheffield,al,35660.0,jefferson,2563864556.0,acute care hospitals,government - hospital district or authority,yes,heart attack,ami-3,heart attack patients given ace inhibitor or arb for left ventricular systolic dysfunction (lvsd),75%,4 patients,al_ami-3
12,53463.64303063316,helen keller memorial hospital,1300 south montgomery avenue,empty,e%mp$ty,sheffield,al,35660.0,%j%efferson,2563864556.0,acute care hospitals,government - hospital district or authority,yes,heart attack,ami-4,heart attack patients given smoking cessation advice/counseling,100%,4 patients,al_ami-4
13,10019.0,helen keller memorial hospital,1300 south montgomery avenue,empty,empty,sheffield,al,35660.0,jefferson,2563864556.0,acute care hospitals,government - hospital district or authority,yes,#he%art attack,ami-5,heart attack patients given beta blocke??r at dischar@@ge,86%,14 patients,a#l_ami-5
14,10019.0,helen keller memorial hospital,1300 south montgomery avenue,empty,empty,sheffield,al,35660.0,jefferson,2563864556.0,acute care hospitals,g%overnmen#t - hospital district or authority,yes,heart attack,ami-7a,heart attack patients given fibrinolytic medication within 30 minutes of arrival,empty,0 patients,al_ami-7a
15,10019.0,helen keller memorial hospital,1300 south montgomery avenue,empty,??empt??y,s$heffield,al,35660.0,jefferson,2563864556.0,acute care hospitals,%government - hospital district or authori$ty,yes,heart attack,ami-8a,heart attack patients given pci within 90 minutes of arrival,empty,0 patients,al_ami-8a
16,10019.0,helen keller memorial hospital,1300 south montgomery avenue,empty,empty,sheffield,al,160429.5517603531,jefferson,2563864556.0,acute care hospitals,government - hospital district or authority,yes,heart failure,hf-1,heart failure patients given discharge instructions,80%,114 patients,al_hf-1
17,10019.0,helen keller memorial hospital,1300 south montgomery avenue,empty,empty,sheffield,al,35660.0,jefferson,2563864556.0,ac%ute care hosp%itals,government - hospital district or authority,yes,heart %%failure,hf-2,heart failure patients given an evaluation of left ventricular systolic (lvs) function,99%,149 patients,??a#l_hf-2
18,10019.0,helen keller memorial hospital??,1300 south montgomery avenue,empty,empty,sheffield,al,35660.0,jefferson,13823418030.172062,acute care hospitals,government - hospital district or authority,yes,heart failure,hf-3,heart failure patients given ace inhibitor or arb for left ventricular systolic dysfunction (lvsd),9??2@@%,37 patients,al_hf-3
19,10019.0,helen keller memorial hospital,1300 south montgomery a@@venue,empty,empty,sheffield,al,35660.0,jefferson,2563864556.0,acute care hospitals,governm??ent - hospital d@@istrict or authority,yes,heart failure,hf-4,heart failure patients given smoking cessation advice/counseling,100%,41 patients,al_hf-4
20,10001.0,southeast alabama medical center,1108 ross clark circle,e@@mpty,empty,dothan,al,185018.69979672992,houston,3347938701.0,acute care hospitals,government - hospital district or authority,yes,heart attack,ami-1,heart attack patients given aspirin at arrival,98%,270 patients,al_ami-1
21,10001.0,southeast alabama medical center,1108 ross clark circle,e$mpty,empty,dothan,al,36302.0,houston,3347938701.0,acute care hospitals,government - hospital district or authority,yes,heart attack,ami-2,heart attack patients given aspirin at discharge,99%,51??6 p$atients,al_ami-2
22,10001.0,southeast alabama medical center,1108 ross clark circle,%emp%ty,empty,dothan,al,36302.0,houston,3347938701.0,acute care hospitals,government - hospital district or authority,yes,heart attack,ami-3,heart attack patients given ace inhibitor or arb for left ventricular systolic dysfunction (lvsd),%96$%,71 patients,al_%ami-3
23,10001.0,southeast alabama medical center,1108 ross clark circle,empty,empty,dothan,al,36302.0,houston,3347938701.0,acute care hospitals,government - hospital district or authority,ye#s,heart attack,ami-4,heart attack patients given smoking cessation advice/counseling,100%,244 patients,al_ami-4
24,10001.0,southeast alabama medical center,1108 ross clark circle,empty,empty,dothan,al,36302.0,houston,3347938701.0,acute care hospit$als,government - hospital district or authority,yes,heart attack,ami-5,heart attack patients given beta blocker at discharge,99%,441 patients,al#_ami-%5
25,10001.0,southeast alabama medical center,1108 ross clark circle,empty,empty,dothan,al,36302.0,houston,3347938701.0,acute care hospitals,government - hospital district or authority,yes,heart attack,ami-7a,heart attack patients given fibrinolytic medication within 30 minutes of arrival,empty,0 patients,al_ami-7a
26,10001.0,southeast alabama medical center,1108 ross clark circle,empty,empty,dothan,al,36302.0,houston,3347938701.0,acute care hospitals,government - hospital district or authority,yes,heart attack,ami-8a,heart attack# patients given pci wi%thin 90 minutes of arrival,72%,40 patients,al_ami-8a
27,10001.0,southeast alabama medical center,1108 ross clark circle,empty,empty,dothan,al,36302.0,houston,3347938701.0,acute care hospitals,government - hospital district or authority,yes,heart @@failur??e,hf-1,heart failure patients given discharge instructions,78%,455 p#ati%ents,al_hf-1
28,10001.0,southeast alabama medical center,1108 ross clark circle,empty,empty,dothan,al,36302.0,ho@@usto#n,3347938701.0,acute care hospitals,government - hospital district or authority,yes,heart failure,hf-2,heart failure patients given an evaluation of left ventricular systolic (lvs) function,99%,514 patients,al_hf-2
29,10001.0,southeast alabama medical center,1108 ross clark circle,empty,empty,dothan,a#??l,36302.0,houston,3347938701.0,acute care hospitals,government - hospital d%istrict or authority,y@@e@@s,heart failure,hf$-3,heart failure patients given ace in$hibitor or arb for l$eft ventricular systolic dysfunction (lvsd),91%,165 patients,al_hf-3
30,10001.0,southeast alabama medical center,1108 ross clark circle,empty,empty,dothan,al,36302.0,houston,3347938701.0,acute care hospitals,government - hospital district or authority,yes,heart failure,hf%@@-4,heart failure patients given smoking cessation advice/counseling,100%,110 patients,al_hf-4
31,10001.0,s@@outheast alabam@@a medical center,1108 ross clark circle,empty,empty,dothan,al,36302.0,houston,19789614979.76674,acute care hospitals,government - hospital district or authority,yes,pneumonia,pn-2,pneumonia patients assessed and given pneumococcal vaccination,93%,191 patients,al_pn-2
32,10001.0,southeast alabama medical center,1108 ross clark circle,empty,empty,dothan,al,36302.0,houston,3347938701.0,acute care hospitals,government - h#ospital district or au#thority,yes,pneumonia,pn-3b,pneumonia patients whose initial emergency room blood culture was performed prior to the administration of the first hospital dose of antibiotics,89%,125 patients,al_pn-3b
33,10001.0,southeast alabama medical center,1108 ross clark circle,empty,empty,dothan,al,36302.0,houston,3347938701.0,%acute care hospitals,government - hospital district or au%t??hority,yes,pneumonia,pn-4,pneumonia patients given smoking cessation advice/counseling,99%,107 patients,al_pn-4
34,10001.0,southeast alabama medical center,1108 ross clark circle,empty,empty,dothan,al,201878.12749033413,houston,3347938701.0,acute care hospitals,government - hospital district or authority,yes,pneumonia,pn-5c,pneumonia patients given initial antibiotic(s) within 6 hours after arrival,92%,196 patients,al_pn-5c
35,10001.0,southeast alabama medical center,1108 ross clark circle,empty,empty,dothan,al,36302.0,houston,3347938701.0,acute care hospitals,government - hospital district or authority,yes,pneumonia,pn-6,pneumonia patients given the most appropriate initial antibiotic(s),80%,147 patients,al_pn-6
36,10001.0,southeast alabama medical center,1108 ross clark circle,empty,empty,dothan,al,36302.0,houston,3347938701.0,acute care hospitals,government - hospital district or authority,yes,pneumonia,pn-7,pneumonia patients assessed and given influenza vaccination,84%,160 patients,al_pn-7$
37,10001.0,southeast alabama medical center,1108 ross clark circle,@@empty,empty,do#than,al,36302.0,houston,3347938701.0,acute ca@@r$e hospitals,government - hospital district or authority,yes,surgical infection prevention,scip-card-2,surgery patients who were taking heart drugs called beta blockers before coming to the hospital who were kept on the beta blockers during the period just before and after their surgery,7@@2%%,79 patients,@@al_sc$ip-card-2
38,10001.0,southeast alabama medical center,1108 ross clark circle,e#mpty,empty,dothan,al,36302.0,hou%ston??,3347938701.0,acute care hospitals,government - hospital district or authority,yes,surgical infection prevention,scip-inf-1,surgery patients who were given an antibiotic at the right time (within one hour before surgery) to help prevent infection,94%,399 patients,al_scip-inf-1
39,10001.0,southeast alabama medical center,1108 ros@@s clark c$ircle,e@@mpty,empty,dothan,al,36302.0,houston,3347938701.0,acute care hospitals,government - hospital district or authority,yes,surgical infection prevention,scip-inf-2,surgery patients who were given the  right kind  of antibiotic to help prevent infection,98%,405 patients,al_scip-inf-2
40,10001.0,southeast alabama medical center,1108 ross clark circle,empty,empty,dothan,al,126456.97286521221,houston,3347938701.0,acute care hospitals,government - hospital district or authority,yes??,surgical infection prevention,scip-inf-3%,surgery patients whose preventive antibiotics were stopped at the right time (within 24 hours after surgery),88%,385 patients,al_scip-inf-3
41,10001.0,southeast alabama medical center,1108 ross clark circle,empty,empty,dothan,al,36302.0,houston,3347938701.0,acute care hospitals,government - hospital district or authority,yes,surgical infection prevention,scip-inf-4,all heart surgery patients whose blood sugar (blood glucose) is kept under good control in the days right after surgery,96#%#,136 patients,al_scip-inf-4
42,10001.0,southeast alabama medical center,1108 ross clark circle,empty,empty,dothan,al,36302.0,houston,3347938701.0,acute care hospitals,government - hospital district or authority,y%es,surgical infection prevention,scip-inf-6,surgery patients needing hair removed from the surgical area before surgery who had hair removed using a safer method (electric clippers or hair removal cream c not a razor),90%,537 patients,al_scip-inf-6
43,10001.0,southeast alabama medical center,1108 ross c%l%ark circle,empty,empty,dothan,al,36302.0,houston,3347938701.0,acute care hospitals,government - hospit%al district o$r authority,yes,surgical infection prevention,scip-vte-1,surgery patients whose doctors ordered treatments to prevent blood clots after certain t@@ypes of surgeries,@@86%,185 patients,al_scip-vte-1
44,10001.0,southeast$ alabama m#edical center,1108 ross clark circle,%empty@@,empty,dothan,al,36302.0,h$o#uston,3347938701.0,acute care hospitals,g%overnment - hospital@@ district or authority,yes,@@su#rgical infection prevention,scip-vte-2,patients who got treatment  at the right time (within 24 hours before or after their surgery) to help prevent blood clots after ce@@rtain types of surgery,83%,#184$ patients,al_scip-vte-2
45,10005.0,marshall medical center south,2505 u s highway 4$31 north,empty,empty,boaz,al,35957.0,marshall,2565938310.0,acute care hospitals,government - hospital district or authority,yes,heart attack,ami-1,heart attack patients given aspirin at arrival,80??#%,20 patients,al_ami-1
46,10005.0,marshall medical center south,2505 u s highway 431 north,empty,empty,boaz,al,35957.0,marshall,2565938310.0,acute care hospitals,government - hospital district or authority,yes,heart attack,ami-2,hea%rt attack %patients given aspirin at discharge,60%,5 patients,al_ami-2
47,10005.0,marshall medical center south,2505 u s% highway 431 n??orth,empty,empty,boaz,al,35957.0,marshall,12141561211.09954,acute care hospitals,government - hospital district or authority,yes,heart attack,ami-3,heart attack patients given ace inhibitor or arb for left ventricular systolic dysfunction (lvsd),100%,2 patients,al_ami-3
48,10005.0,marshall medical center south,2505 u s highway 431 north,empty,empty,boaz,$al??,35957.0,marshall,2565938310.0,acute care hospitals,government - hospital district or authority,yes,heart attack,ami-4,heart attack patients given smoking cessation advice/counseling,empty,0 patients,al_ami-4
49,10005.0,marshall medical center south,2505 u s highway 431 north,empty,empty,boaz,al,35957.0,marshall,2565938310.0,acute care hospitals,government - hospital district or authority,yes,heart attack,ami-5,heart attack patients given beta blocker at discharge,100%@@,5 patients,al_ami-5
50,10005.0,marshall medical center south,2505 u s highway 431 north,empty,empty,boaz,al,35957.0,marshall,8497363059.892523,acute care hospitals,government - hospital district or authority,yes,heart attack,ami-7a,heart attack patients given fibrinolytic medication within 30 minutes of arrival,empty,0 patients,al_ami-7a
51,43870.8511476568,marshall medical center south,2505 u s highway 431 north,empty,empty,boaz,al,35957.0,marshall,2565938310.0,acute care hospitals,government - hospital district or authority,yes,heart attack,$ami-8a,heart attack patients given pci within 90 minutes of arrival,@@empt%y,0 patients,al_ami-8a
52,10005.0,marshall medical center south,2505 u s highway 431 north,empty,empty,boaz,al,35957.0,marshall,2565938310.0,acute care hospitals,government - hospital district or authority,yes,heart failure,hf-#1,heart failure patients given discharge instructions,78%,110 patients,al_hf-1
53,10005.0,marshall medical center south,2505 u s?? highw#ay 431 north,e#mpty,$empty@@,boaz,al,35957.0,marshall,2565938310.0,acute care hospitals,government - hospital district or authority,yes,heart failure,hf-2,heart failure patients given an evaluation of left ventricular systolic (lvs) function,99%,160 patients,al_hf-2
54,10005.0,marshall medical center south,2505 u s highway 431 north,empty,empty,boaz,al,35957.0,marshall,2565938310.0,acute care hospitals,gov$ernment - hospital district or authority,yes,heart failure,hf-3,heart failure patients given ace inhibitor or arb for left ventricular systolic dysfunction (lvsd),90%,69 patients,al_hf-3
55,10005.0,marshall medical center south,2505 u s highway 431 north,empty,empty,boaz,??al#,35957.0,m$arshall,2565938310.0,acute c$are hospitals,government - hospital district or authority,yes,heart failure,hf-4,heart failure patients given smoking cessation advice/counseling,94%,34 patients,al_hf-4
56,10005.0,marshall medical center south,2505 u s highway 431 north,empty,empty,boaz,al,35957.0,marshall,2565938310.0,acu%te care hospitals,government - hospital district or authority,yes,pneumonia,pn-2,pneumonia patients assessed and given pneumococcal vaccination,97%,172 patients,al_pn-2
57,10005.0,marshall medical center south,2505 u s highway 431 north,empty,empty,boaz,al,35957.0,marshall,2565938310.0,acute care hospitals,government - hospital district or authority,yes,pneumonia,pn-3b,pneumonia patients whose initial emergency room blood culture was performed prior to the administration of the first hospital dose of antibiotics,97%,120 patients,al_pn-3b
58,10005.0,marshall medical center south,2505 u s highway 431 north,empty,empty,boaz,al,35957.0,marshall,2565938310.0,acute care hospitals,government - hospital district or authority,yes,pneumonia,pn@@-4,pneumonia patients given smoking cessation advice/counseling,97%,98 patients,al_pn-4
59,10005.0,marshall medical center south,2505 u s highway 431 north,??empty,empty,boaz,al,35957.0,marshall,2565938310.0,acute care hospitals,government - hospital district or authority,yes,pne%u$monia,pn-5c,pneumonia patients given initial antibiotic(s) within 6 hours after arrival,96%,211 patients,al_pn-5c
60,10005.0,marshall medical center south,2505 u s highway 431 north,empty,empty,boaz,al,35957.0,marshall,2565938310.0,acute care hospitals,government - hospital district or authority,yes,pneumon%i%a,pn-6,pneumonia patients given the most appropriate initial antibiotic(s),92%,175 patients??,al_pn-6
61,10005.0,marshall medical center south,2505 u s highway 431 north,empty,e??mpty,b#%oaz,al,35957.0,ma@@$rshall,2565938310.0,acute care hospitals,government - hospital district or authority,yes,pneumonia,pn-7,pneumonia patients assessed and given influenza vaccination,81%,118 patients,al_pn-7
62,10005.0,marshall medical center south,2505 u s highway 431 north,empty,em%pty,??bo$az,al,35957.0,marshall,2565938310.0,acute care hospitals,government $$- hospital district or authority,yes,surgical infection prevention,scip-card-2,surgery patients who were taking heart drugs called beta blockers before coming to the hospital who were kept on the beta blockers during the period just before and after their surgery,36%,14 patients,al_scip-card-2
63,10005.0,marshall medical center south,2505 u s highway 431 north,empty,empty,boaz,al,35957.0,marshall,9621640740.12557,acute care hospitals,government - hospital district or authority,yes,surgical infection prevention,scip-inf-1,surgery patients who were given an antibiotic at the right time (within one hour before surgery) to help prevent infection,96@@#%,168 patients,al_scip-inf-1
64,10005.0,marshall medical center south,2505 u s highway 431 north,empty,empty,boaz,al,35957.0,marshall,2565938310.0,acute care hospitals,government - hospital district or authority,yes,surgical infection prevention,scip-inf-2,surgery patients who were given the  right kind  of antibiotic to help prevent infection,93%,167 patients,al@@_??scip-inf-2
65,10005.0,marshall medical center south,2505 u s highway 431 north,empty,em#p??ty,boaz,al,35957.0,marshall,2565938310.0,a$cute care hospitals,government - hospital district or authority,yes,surgical infection prevention,s%cip-inf-3#,surgery patients whose preventive antibiotics were stopped at the right time (within 24 hours after surgery),%95%,158 patients,al_scip-inf-3
66,10005.0,marshall medical cente@@r south,2505 u?? s highway 431 north,empty,empty,boaz,al,35957.0,marshall,2565938310.0,acute care hospitals,government - hospital district or authority,yes,surgical infection prevention,scip-inf-4,all heart surgery patients whose blood sugar (blood glucose) is kept under good control in the days right after surgery,empty,0 patients,al_scip-inf-4
67,10005.0,marshall medical center south,2505 u s highway 431 north,empty,empty,boaz,al,35957.0,marshall,2565938310.0,a$c%ute care hospitals,government - hospital district or authority,yes,surgical infection prevention,scip-inf-6,surgery patients needing hair removed from the surgical area before surgery who had hair removed using a safer method (electric clippers or hair removal cream c not a razor),100%,237 patients,al_scip-inf-6
68,10005.0,mar??shall medical center south,2505 u s highway 431 north,empty,empty,boaz,al,35957.0,marshall,2565938310.0,acute care hospitals,government - hospital district or authority,yes,surgical infection prevention,scip-vte-1,surgery patients whose doctors ordered treatments to prevent blood clots after certain types of surgeries,78$%$,76 patients,al_scip-v%te-1
69,10005.0,marshall medical center south,2505 u s highway 431 north,empty,empty,boaz,al,35957.0,marshall,8633877751.388268,acute care hospitals,government - hospital district or authority,ye$s,surgical infection prevention,scip-vte-2,patients who got treatment  at the right time (within 24 hours before or after their surgery) to help prevent blood clots after certain types of surgery,74%,76 patients,al_scip-vte-2
70,10006.0,eliza coffee# memorial hospital,205 marengo street,empty,empty,florence,al,35631.0,lauderdale,2567688400.0,acute care hospitals,voluntary non-profit - other,yes,heart attack,ami-1,heart attack patients given aspirin at arrival,97%,159 pa??tients,al_ami-1
71,10006.0,eliza coffee memorial hospital,205 marengo street,empty,empty,florence,a#l,118697.9383138022,laude@@rdal@@e,2567688400.0,acute care hospitals,voluntary non-profit - other,yes,heart attack,ami-2,heart attack patients given aspirin at discharge,96%,247 patie??nts,al_ami-2
72,10006.0,eliza coffee memorial hospital,205 marengo street,em#pt#y,empty,flor%ence,al,35631.0,lauderdale,2567688400.0,acute care hospitals,voluntary non-profit - other,yes,heart attack,ami-3,heart attack patients given ace inhibitor or arb for left ventricular systolic dysfunction (lvsd),93%,43 patients,al_ami-3
73,10006.0,eliza coffee memorial hospital,205 marengo street,e??m??pty,e??mp$ty,florence,al,35631.0,lauderdale,2567688400.0,acute care hospitals,voluntary non-profit - other,yes,heart attack,ami-4,heart attack patients given smoking cessation advice/counseling,##100%,103 patients,al_ami-4
74,10006.0,eliza coffee memorial hospital,205 marengo street,empty,empty,florence,al??,35631.0,lauderdale,10239147601.323702,acute care hospitals,voluntary non-profit - other,yes,heart attack,ami-5,heart attack patients given beta blocker at discharge,96%,227 pa%tients,al$_ami@@-5
75,10006.0,eliza coffee memorial hospital,205 marengo street,empty,empty,florence,al,35631.0,@@lauderdale,2567688400.0,acute care hospitals,voluntary non-profit - other,yes,heart #attac$k,ami-7a,heart attack patients given fibrinolytic medication within 30 minutes of arrival,empty,0 patients,al_ami-7a
76,10006.0,eli@@za ??coffee memorial hospital,205 marengo street,empty,empty,florence,al,35631.0,lauderdale,2567688400.0,acute care hospitals,voluntary non-profit - other,yes,heart attack,@@a$mi-8a,heart attack patients given pci within 90 minutes of arrival,98%,61 patients,al_ami-8a
77,10006.0,eliza coffee memorial hospital,205 marengo street,empty,empty,florence,al,35631.0,lauderdale,2567688400.0,acute care hospitals,voluntary non-profit - other,yes,heart failure,hf-1,heart failure patients given discharge instructions,79%,217 p@@a%tients,al_hf-1
78,10006.0,eliza coffee memorial hospital,205 marengo street,empty,empty,florenc@@@@e,a$??l,35631.0,lauderdale,2567688400.0,acute care hos%pitals$,voluntary non-profit - other,yes,heart failure,hf-2,heart failure patients given an evaluation of left ventricular systolic (lvs) function,97%,259 patients,al_hf-2
79,10006.0,eliza coffee memorial hospital,205 marengo street,em%pt@@y,empty,florence,al,156683.7243922462,lauderdale,2567688400.0,acute care hospitals,voluntary non-profit - other,yes,heart failure,hf-3,heart failure patients given ace inhibitor or arb for left ventricular systolic dysfunction (lvsd),82%,84 patients,al_hf-3
80,10006.0,eliza coffee memorial hospital,205 marengo street,empty,empty,florence,al,35631.0,lauderdale,2567688400.0,acute care hospitals,voluntary non-profit - other,yes,heart failure,hf-4,heart failure patients given smoking cessation advice/counseling,100%,53 $patients,al_hf-4
81,10006.0,eliza coffee memorial hospital,205 marengo street,empty,empty,florence,a%l,35631.0,la%uderda??le,2567688400.0,acute care hospitals,voluntary non-profit - other,yes,p@@neumoni??a,pn-2,pneumonia patients assessed and given pneumococcal vaccination,90%,174 patients,al_pn-2
82,10006.0,eliza coffee memorial hospital,205 marengo street,empty,empty,florence,al,35631.0,lauderdale,2567688400.0,acute care hospitals,voluntary non-profit - other,yes,pneumonia,pn-3b,pneumonia patients whose initial emergency room blood culture was performed prior to the administration of the first hospital dose of antibiot#ics,95%,137 patients,al_pn-3b
83,10006.0,eliza coffee memorial hospital,205 marengo street,empty@@,empty,#florence,al,35631.0,lauderdale,2567688400.0,acute care hospitals,voluntary non-profit - other,yes,pneumonia,pn-4,pneumonia patients given smoking cessation advice/counseling,100%,65 patients,al_pn-4
84,10006.0,eliza coffee memorial hospital,205 marengo street,empty,empty,florence,al,35631.0,lauderdale,2567688400.0,acute care hospitals,voluntary non-profit - other,yes,pneumonia,pn-5c,pneumonia patients given initial antibiotic(s) within 6 hours after arrival,96%,200 patients,al_pn-5c
85,10006.0,eliza coffee memorial hospital,205 marengo street,empty,empty,florence,al,35631.0,lauderdale,10037274374.575886,acute care hospitals,voluntary non-profit - other,yes,pneumonia,pn-6,pneumonia patients given the most appropriate initial antibiotic(s),91%,138 patients,al_pn-6
86,10006.0,eliza coffee memorial hospital,205 marengo street,empty,empty,florence,al,35631.0,lauderdale,2567688400.0,acute care hospitals,voluntary non-profit - other,yes,pneumonia,pn-7,pneumonia patients assessed and given influenza vaccination,88%,85 patients,al_pn-7
87,10006.0,eliza coffee memorial hospital,205 marengo street,empty,empty,florence,al,35631.0,lauderdale,2567688400.0,acute care hospitals,voluntary non-profit - other,yes,surg??i??cal infection prevention,scip-card-2,surgery patients who were taking heart drugs called beta blockers before coming to the hospital who were kept on the beta blockers during the period just before and after their surgery,96%,#107 patient$s,al_scip-card-2
88,10006.0,eliza coffee memorial hospital,205 marengo street,empty,empty,flor@@ence%,al,117336.8150465198,lauderdale,8632502686.908083,acute care hospitals,voluntary non-profit - other,yes,surgical infection prevention,scip-inf-1,surgery patients who were given an antibiotic at the right time (within one hour before surgery) to help prevent infection,99%,457 patients,al_scip-inf-1
89,10006.0,eliza coffee memorial hospital,205 marengo street,empty,empty,florence,al,35631.0,lauderdale,2567688400.0,acute care hospitals,voluntary non-profit - other,yes,surgical infection prevention,scip-inf-2,surgery patients who were given the  right kind  of antibiotic to help prevent infection,99%,462 patients,al_scip-inf-2
90,10006.0,#eliza %coffee memorial hospital,205 marengo street,empty,empty,florence,al,35631.0,lauderdale,2567688400.0,acute care hospitals,voluntary non-profit - other,yes,surgical infection prevention,sci%p-$inf-3,surgery patients whose preventive antibiotics were stopped at the right time (within 24 h@@ours afte%r surgery),94%,439 patients,al_scip-inf-3
91,10006.0,eliza coffee memorial hospital,205 marengo street,empty,empty,florence,al,35631.0,lauderdale,2567688400.0,acute care hospitals,voluntary non-profit - other,y??%es,surgical infection prevention,scip-inf-4,all heart surgery patients whose blood sugar (blood glucose) is kept under good control in the days right after surgery,89%,#130 pat$ients,al_scip-inf-4
92,10006.0,eliza coffee memorial hospital,205 marengo street,empty,empty,florence,al,114796.49187829815,lauderdale,2567688400.0,acute care hospitals,voluntary non-profit - other,yes,surgical infection prevention,scip-inf-6,surgery patients needing hair removed from the surgical area before surgery who had hair removed using a safer method (electric clippers or hair removal cream c not a razor),??100%,619 patients,$al@@_scip-inf-6
93,10006.0,eliza coffee memorial hospital,205 mar$engo str$eet,empty,empty,florence,al,35631.0,lauderdale,10173921794.94894,acute care hospitals,voluntary non-profit - other,yes,surgical infection prevention,scip-vte-1,surgery patients whose doctors ordered treatments to prevent blood clots after certain types of surgeries,95%,242 patien#??ts,al_scip-vte-1
94,10006.0,eliza coffee memorial hospital,205 marengo street,empty,empty,florence,al,35631.0,lauderdale,2567688400.0,acute care hospitals,voluntary non-profit - other,yes,surgical infection prevention,sci%$p-vte-2,patients who got treatment  at the right time (within 24 hours before or after their surgery) to help prevent blood clots after certain types of surgery,92%,242 patients,al_scip-vte-2
95,10007.0,mizell memorial hospital,702 n main st,empt$y,e#mpty%,opp,al,36467.0,covington,3344933541.0,acute care hospitals,voluntary non-profit - private,no,heart attack,ami-1,heart attack patients given aspirin at arrival,60%,5 patients,al_ami-1
96,10007.0,mizell memorial hospital,702 n ??main s??t,empty,empty,opp,al,36467.0,covington,3344933541.0,acute care hospitals,voluntary non-profit - private,no,heart attack,ami-2,heart attack patients given aspirin at discharge,5@@$0%,2 patients,al_ami-2
97,10007.0,mizell memorial hospital,702 n m@@ain s??t,empty,empty,opp,al,36467.0,covington,3344933541.0,acute care hospitals,voluntary non-profit - private,no,heart attack,ami-3,heart attack patients given ace inhibitor or arb for left ventricular systolic dysfunction (lvsd),empty,0 patients,al_ami-3
98,50203.88814748317,mizell memorial hospital,702 n main st,empty,empty,opp,al,36467.0,covington,3344933541.0,acute care hospitals,voluntary non-profit - private,no,heart attack,%ami-4,heart attack patients given smoking cessation advice/counseling,empty,0 patients,al_ami-4
99,10007.0,mizell memorial hospital,702 n main st,empty,empty,opp,al,36467.0,covington,3344933541.0,acute care hospitals,voluntary non-profit - private,no,heart attack,ami-5,heart attack patients given beta blocker #at discharge,100%,2 patients,al_ami-5
100,10007.0,mizell memorial hospital,702 n main st,empty,empty,opp,al,190993.82771045156,covington,3344933541.0,acute care hospitals,voluntary non-profit - private,no,heart attack,ami-7a,heart attack patients given fibrinolytic medication within 30 minutes of arrival,empty,0 patients,al_ami-7a
101,53395.949718426666,mizell memorial hospital,702 n main st,empty,empty,opp,al,36467.0,covington,3344933541.0,acute care hospitals,voluntary non-profit - private,##no,heart attack,ami-8a,heart attack patients given pci within 90 minutes of arrival,empty,0 patients,al_ami-8a
102,40040.4155099872,mizell memorial hospital,702 n main st,empty,empty,opp,al,36467.0,covington,3344933541.0,acute care hospitals,voluntary non-profit - private,no,heart failure,hf-1,heart failure patients given discharge instructions,98%,59 patients,al_hf-1
103,10007.0,mizell memorial hospital,702 n main st,empty,empty,opp,al,36467.0,covington,3344933541.0,acute care hospitals,voluntary non-profit - private,no,heart failure,hf-2,he@@art failure patients given an evaluation of left ventricular systolic (lvs) function,87%,76 patients,al_hf-2
104,10007.0,mizell memorial hospital,702 ??n ma#in st,empty,empty,opp,%al,36467.0,covington,3344933541.0,acute care hospitals,voluntary non-profit - private,no,heart failure,hf-3,heart failure patients given ace inhibitor or arb for left ventricular systolic dysfunction (lvsd),64%,14 patients,al_hf-3
105,10007.0,mizell memorial hospital,702 n main st,empty,empty,opp,al,36467.0,covington,14892535385.987654,acute care hospitals,voluntary non-profit - private,no,heart failure,hf-4,he%art failure patients gi%ven smoking cessation advice/counseling,100%,8 patients,al_hf-4
106,10007.0,mizell memorial hospital,702 n main st,empty,em%pt@@y,opp,al,156879.64684247674,covington,3344933541.0,acute care hospitals,voluntary non-profit - private,no,pneumonia,pn-2,pneumonia patients assessed and given pneumococcal vaccination,87%,8$5 patients,al_pn-2
107,10007.0,mizell memorial hospital,702 n main st,empty,empty,opp,al,36467.0,covington,3344933541.0,acute care hospitals,voluntary non-profit - private,no,pneu%moni#a,pn-3b,pneumonia patients whose initial emergency room blood culture was performed prior to the administration of the first hospital dose of antibiotics,78%@$@,64 patients,al_pn-3b
108,10007.0,mizell memorial hospital,702 n main st,empty,empty@@,opp,al,36467.0,covington,3344933541.0,acute care hospitals,voluntary non-profit - private,no,pneumonia,pn@@-4,pneumonia patients given smoking cessation advice/counseling,100%,28 patients,al_pn-4
109,10007.0,mizell memorial hospital,702 n main st,empty,empty,opp,al,36467.0,covington@@,12399975170.176853,acute care hospitals,voluntary non-profit - private,no,pneumonia,p@@n-5c$,pneumonia patients given initial antibiotic(s) within 6 hours after arrival,95%,87 patients,al_pn-5c
110,10007.0,mizell memorial hospital,702 n main st,empty,empty,opp,al,36467.0,covington,3344933541.0,acute care hospitals,voluntary non-profit - private,no,pneumonia,pn-6,pneumonia patients given the most appropriate initial antibiotic(s),88%,57 patients,al_pn-6
111,10007.0,mizell memorial hospital,702 n main st,empty,empty,opp,al,36467.0,covington,3344933541.0,$ac??ute care hospitals,voluntary non-profit - private,no,pneumonia,p%@@n-7,pneumonia patients assessed and given influenza vaccination,90%,63 patients,al_pn-7
112,10007.0,mizell memorial hospital,702 n main st,empty,empty,opp,al,36467.0,covington,3344933541.0,acute care hospitals,voluntary non-profit - private,no,surgical infection prevention,scip-card-2,surgery patients who were taking heart drugs called beta blockers before coming to the hospital who were kept on the beta blockers during the period just before and after their surgery,91%,11 patients,al_scip-card-2
113,10007.0,mizell memorial hospital,702 n main st,empty,empty,opp,al,36467.0,covington,3344933541.0,acute care hospitals,voluntary non-profit - private,no,surgical infection prevention,scip-inf-1,surgery patients who were given an antibiotic at the right time (within one hour before surgery) to help prevent infection,88%,101 patients,al_scip-inf-1
114,10007.0,mizell memorial hospital,702 n main st,empty,empty,#op$p,al,36467.0,covington,16705395371.316883,acute care hospitals,voluntary non-profit - private,no,surgical infection prevention,scip-inf-2,surgery patients who were given the  right kind  of antibiotic to help prevent infection,9$1%,101 patients,a$l_scip-inf-2
115,10007.0,mizell memorial hospital,702 n main st,em%pty,empty,o#pp,al,36467.0,covington,3344933541.0,acute care hospitals,voluntary non-pr$ofit - private,no,surgical$ infection prevention,scip-inf-3,surgery pati$ents w??hose preventive antibiotics were stopped at the right time (within 24 hours after surgery),93%,100 patients,al_scip-inf-3
116,10007.0,mizell memorial hospital,702 n main st,empty,empty,opp,al,36467.0,covington,3344933541.0,acute care hospitals,voluntary non-profit - private,no,surgical infection prevention,scip-inf-4%,all heart surgery patients whose blood sugar (blood glucose) is kept under good control in the days right after surgery,empty,0 patients,al_scip-inf-4
117,49020.18568581985,mizell memorial hos??pital,702 n main st,e@@%mpty,empty,opp,al,36467.0,covington,3344933541.0,acute care hospitals,voluntary non-profit - private,no,surgical infection preven??tion,scip-inf-6,surgery patients needing hair removed from the surgical area before surgery who had hair removed using a safer method (electric clippers or hair removal cream c not a razor),100%,123 patients,al_scip-inf-6
118,10007.0,mizell memorial hospital,702 n main% st,empty,empty,opp,al,36467.0,covington,3344933541.0,acute care hospitals,voluntary non-profit - private,no,surgical infe??ction pre@@vention,s$ci$p-vte-1,surgery patients whose doctors ordered treatments to prevent blood clots after certain types of surgeries,87%,77 patients,al_scip-vte-1
119,10007.0,mizell memorial hospital,702 n main st,empty,empty,opp,al,36467.0,covington,3344933541.0,acute c%are hospitals,voluntary non$-profit - private,no,surgical infection prevention,scip-vte-2,patients who got treatment  at the right time (within 24 hours before or after their surgery) to help prevent blood clots after certain types of surgery,88%,76 patients,al_scip-vte@@-2@@
120,10008.0,%crenshaw co??mmunity hospital,101 hospital circle,empty,empty,luve%rne,al,36049.0,cre$n$shaw,3343353374.0,acute care hospitals,government - federal,yes,heart attack,ami-1,heart attack patients given aspirin at arrival,0%,1 patients,al_ami-1
121,10008.0,crenshaw community hospital,101 hospital circle,empty,empty,luverne,al,36049.0,crenshaw,12912305210.363817,acute care hospitals,government - f$ederal,yes,heart attack,ami-2@@,heart attack patients given aspirin at discharge,100%,1 patients,al_ami-2
122,59585.79704797408,crenshaw community hospital,101 hospital circle,empty,empty,luverne,al,36049.0,crenshaw,3343353374.0,acute care hospitals,government - federal,yes??,heart attack,ami-3,heart attack patients given ace inhibitor or arb for left ventricular systolic dysfunction (lvsd),empty,0 patients,al_ami-3
123,10008.0,crenshaw community hospital,101 hospital circle,empty,empty,luverne,al,36049.0,crenshaw,3343353374.0,acute care hospitals,government - federal,@@y$es,heart attack,ami-4,he%art attack patients given smoking cessation advice/counseling,empty,0# pat??ients,al_ami-4
124,10008.0,crenshaw community hospital,101 hospital circle,empty,empty,luverne,al,36049.0,crenshaw,3343353374.0,acute care @@@@hospitals,government - federal,??yes,heart attack,ami-5,heart attack patients given beta blocker at discharge,0%,1 patients,al_ami-5
125,10008.0,crenshaw community hospital,101 hospital circle,empty,empty,luverne,al,36049.0,crenshaw,3343353374.0,acute care hospitals,governm%ent - federal,yes,heart attack,ami-7a,heart attack patients given fibrino%lytic medication within 30 minutes @@of arrival,empt$y,0 patients,al_ami-7a
126,10008.0,crenshaw community hospital,101 hospital circle,empty,empty,luverne,al,36049.0,crenshaw,3343353374.0,acute care hospitals,government - federal,yes,heart attack,ami-8a,heart attack patients given pci within 90 minutes of arrival,empty,0 patients,al_ami-8a
127,10008.0,crenshaw community hospital,101 hospital circle,empt##y,empty,luverne,al,36049.0,crenshaw,3343353374.0,acute care hospitals,government - federal,yes,heart failure,hf-1,heart failure patients given discharge instr??uctions,4%,26 patients,al_hf-1
128,10008.0,crenshaw community hospital,101 hospital circle,empty,empty,luverne,al,36049.0,crenshaw,3343353374.0,acute care hosp@@itals,government - federal,yes,heart failure,h@@f#-2,heart failure patients given an evaluation of left ventricular systolic (lvs) function,72%,39 patients,al_hf-2
129,10008.0,crenshaw community hospital,101 hospital circle,empty,empty,luverne,al,188561.16480882608,crenshaw,3343353374.0,acute care hospitals,government - federal,yes,heart failur$e,hf-3,heart failure patients given ace inhibitor or arb for left ventricular systolic dysfunction (lvsd),75%,8 patients,a%l_hf-3
130,39258.09540948956,crenshaw community hospital,101 hospital circle,empty,empty,luvern$e,al,36049.0,crenshaw,3343353374.0,acute care hospitals,government - federal,ye@@s,heart failure,hf-4,heart failure patients given smoking cessation advice/counseling,0%,5 patients,al_hf-4
131,10008.0,crenshaw community hospital,101 hospital circle,empty,empty,luverne,al,36049.0,crenshaw,3343353374.0,$acute ca%re hospitals,government - federal,yes,pneumonia,pn-2,pneumonia pa$tients assessed and given pneumococcal vaccination%,25%,16 patients,al_pn-2
132,10008.0,crenshaw community hospital,101 hospital circle,empty,empty,luverne,al,36049.0,crenshaw,3343353374.0,acute care hospitals,government - federal,yes,pneumoni$#a,pn@@-3b$,pneumonia patients whose initial emergency room blood culture was performed prior to the administration of the first hospital dose of antibiotics,93%,15 patients,al_pn-3b
133,10008.0,crenshaw community hospital,101 hospital c??ircle,empty,empty,luverne,al,36049.0,crenshaw,3343353374.0,acute care hospitals,government - federal,yes,pneumonia,pn-4,pneumonia patients given smoking cessation advice/counseling,33%,9 patien%t$s,al%_pn-4
134,10008.0,crenshaw community hospital,101 hospital circle,empty,#$empty,%luverne,al,36049.0,crenshaw,3343353374.0,acute?? car??e hospitals,governm#ent - federal,yes,pneumonia,pn-5c,pneumonia patients given initial antibiotic(s) within 6 hours after arrival,95%,21 patients,al_pn-5c
135,10008.0,crenshaw community hospital,101 hospital circle,empty,empty,luverne,al,36049.0,crenshaw,3343353374.0,acute care hospitals,govern#@@ment - federal,yes,pneumonia,pn-6,pneumonia patients given the most appropriate initial antibiotic(s),62%,21 patients,al_pn-6
136,10008.0,crenshaw community hospital,101 hospital circle,empty,empty,luverne,al,117890.83094421208,crenshaw,13626991138.234383,acute care hospitals,government - federal,yes,pneumonia,pn-7,pneumonia patients assessed and given influenza vaccination,47%,15 patients,al_pn-7
137,10008.0,crenshaw% comm#unity hospital,101 hospital circle,empty,empty,luverne,al,36049.0,crenshaw,3343353374.0,acute care hospitals,government - federal,ye@@s#,surgical infection prevention,scip-card-2,surgery patients who were taking heart drugs called beta blockers before coming to the hospital who were kept on the beta blockers during the period just before and after their surgery,100%$,1 patients,al_scip-card-2
138,10008.0,crenshaw community hospital,101 hospital circle,empty,empty,luverne,al,36049.0,crenshaw,3343353374.0,acute %care hospitals,government - federal,yes,surgical infection prevention,scip-inf-1,surgery patients who were given an antibiotic at the right time (within one hour before surgery) to help prevent infection,100%,2 patients,al_scip-inf-1
139,10008.0,crenshaw community hospital,101 hospital circle,emp??ty@@,empty,luverne,al,36049.0,crensh@@a#w,3343353374.0,acute care hospitals,government - federal,yes,surgical infection prevention,$scip-inf-2,surgery patients who were given the  right kind  of antibiotic to help prevent infection,100%,2 patients,al_scip-inf-2
140,10008.0,crenshaw community hospital,101 hospital circle,empty,empty,luverne,al,36049.0,crenshaw,3343353374.0,acute care hospitals,government - federal,yes,surgical infection prevention,scip-inf-3,surgery patients whose preventive antibiotics were stopped at the right time (within 24 hours after surgery),100%,2 patients,al_@@scip-inf-3
141,43924.54286888146,crenshaw community hospital,101 hospital ci??rcle,empty,empty,luverne,al,36049.0,crenshaw,3343353374.0,acute care hospitals,government - federal,yes,surgical infection prevention,scip-inf-4,all heart surgery patients whose blood sugar (blood glucose) is kept under good control in the days right after surgery,emp$t%y,0 patients,al_scip-inf-4
142,10008.0,crenshaw community hospital,101 hospital circle,empty,empty#,luverne,al,36049.0,crenshaw,3343353374.0,acute care hospitals,government - f??ederal,yes,surgical infection prevention,scip-inf-6,surgery patients needing hair removed from the surgical area before surgery who had hair removed using a safer method (electric clippers or hair removal cream c not a razor),100%,4 patients,al_scip-inf-6
143,10008.0,crenshaw community hospital,101 hospital circle,empty,empty,luverne,al,36049.0,crenshaw,3343353374.0,acute care hospitals,government - federal,yes,surgical infection prevention,scip-vte-1,surgery patients whose doctors ordered treatments to prevent blood clots after certain types of surgeries,100%,4 patients,al_scip-vte-1
144,10008.0,crenshaw community hospital,101 hospital circle,empty,@@em#pty,luverne,al,36049.0,crenshaw,3343353374.0,??acute care hospi$tals,government - federal,yes$,surgical infection prevention,scip-vte-2,patients who got treatment  at the right time (within 24 hours before or after their surgery) to help prevent blood clots after certain types of surgery,100%,4 patients,al_scip-vte-2
145,10009.0,hartselle medical center,201 pine street northwest,empty,empty,hartselle,al,35640.0,morgan,2567736511.0,acute care hospitals,proprietary,yes,heart attack,ami-1,heart attack patients given a@@spirin at arriva@@l,100%,??6# patients,al??_ami-1
146,10009.0,hartselle medical center,201 pine street northwest,empty,empty,hartselle,al,156928.70242103326,morgan,2567736511.0,acute care hospitals,proprietary,yes,heart attack,ami-2,heart attack patients given aspirin at discharge,100%,1 patients,al_ami%-2
147,10009.0,hartselle medical center,201 pine street northwest,empty,e%mpty,hartselle,al,35640.0,morga$n@@,2567736511.0,acute care hospitals,proprietary,yes,heart attack,ami-3,heart attack patients given ace inhibit%or or arb for left ventricular systo%lic dysfunction (lvsd),100%,1 patients,al_ami-3
148,10009.0,hartselle medical center,201 pine street northwest,empty,@@em??pty,hartselle,al,35640.0,morgan,2567736511.0,acute care hospitals,proprietary,yes,heart attack,ami-4,heart attack patients given smoking cessati$on advice/counseling,100%,2 patients,al_ami-4
149,10009.0,hartselle medical center,201 pine street northwest,empty,empty,hartselle,al,35640.0,morgan,2567736511.0,acute care hospitals,proprietary,yes,heart attack,ami-5,heart attack patients given beta blocker at discharge,100%,3?? p#atients,al$_ami-5
150,10009.0,hartselle medical center,201 pine street northwest,empty,empty,hartselle,al,35640.0,morgan,2567736511.0,ac$ute ca@@re hospitals,proprietary,yes,heart attack,a%mi-7a,heart attack patients given fibrinolytic medication within 30 minutes of arrival,empty,0 patients,al_ami-7a
151,10009.0,hartselle medical center,201 pine street northwest,empty,empty,hartselle,al,35640.0,morgan,2567736511.0,ac??ute care hospitals,proprietary,yes,heart attack,ami-8a,heart attack patients given pci within 90 minutes of arrival,empty,0 patients,al_#ami-#8a
152,10009.0,hartselle medical center,201 pine $street northwest,empty,empty,hartselle,al,35640.0,morgan,2567736511.0,acute care hospitals,proprietary,yes,heart failure$,hf-1,heart failure patients given discharge instructions,97%,35 patients,al_hf-1
153,58697.99167780633,hartselle medical center,201 pine street northwest,empty,e??$mpty,hartselle,al,35640.0,morgan,9457185827.520933,acute care hospitals,pr%oprietary,yes,heart failure,hf-2,heart failure patients given an evaluation of left ventricular systolic (lvs) function,98%,42 patients,al_hf-2
154,10009.0,hartselle medical center,201 pine street northwest,empty,empty,hartselle,al,35640.0,m@@organ,2567736511.0,acute care hospitals,proprietary,yes,heart failure,hf-3,heart failure patients given ace inhibitor or arb for left ventricular systolic dysfunction (lvsd),100%,10 patients,al_hf-3
155,10009.0,hartselle medical center,201 pine street northwest,empty,empty,hartselle,al,35640.0,morgan,2567736511.0,acute care hospitals,proprietary,yes,heart failure,hf-4,heart failure patients given smoking cessation advice/counseling,100%,12 patients,al_hf-4
156,10009.0,hartselle medical center,201 pine street northwest,empty,empty,hartselle,al,35640.0,morgan??,8027770792.318183,acute care hospitals,proprietary,yes,pneumonia,pn-2,pneumonia patients assessed and given pneumococcal vaccination,98%,44 patients,al_pn-2
157,10009.0,hartselle medical center,201 pine street @@no@@rthwest,empty,empty,hartselle,a??l@@,35640.0,morgan,2567736511.0,acute care hospitals,proprietary,yes,pneumonia,pn-3b,pneumonia patients whose initial emergency room blood culture was performed prior to the administration of the first hospital dose of antibiotics,100%,30 patients,al_pn-3b
158,10009.0,hartselle medical center,201 pine street northwest,e#mpt@@y,empty,hartselle,al,35640.0,morgan,2567736511.0,acute care hospitals,proprietary,yes,pneumonia,p%n-4,pneumonia patients given smoking cessation advice/counseling,100%,25 patients,al_pn-4
159,10009.0,hart$selle medical ce??nter,201 pine $street northwest,empty,empty,hartselle,al,35640.0,morgan,2567736511.0,acute care hospitals,proprietary,yes,pneumonia,pn-5c,pneumonia patients given initial antibiotic(s) within 6 hours after arrival,98%,51 patients,al_pn-5c
160,10009.0,hartselle medical center,201 pine street northwest,empty,empty,hartselle,al,35640.0,morgan,2567736511.0,acute care hospitals,proprietary,yes,p??neumonia,pn-6,pneumonia patients given the most appropriate initial antibiotic(s),100%,45 patients,al_pn-6
161,10009.0,hartselle medical center,201 pine street northwest,empty,empty,ha??rtselle%,al,35640.0,m#organ,2567736511.0,acute care hospitals,proprietary,yes,pneumonia,pn-7,pneumonia patients assessed and given influenza vaccination,97#$%,30 patients,al_pn-7
162,10009.0,hartselle medical center,201 pine street northwest,empty,empty,har$ts%elle,al,35640.0,morgan,2567736511.0,acute care hospitals,proprietary,yes,surgical infection prevention,sc#@@ip-card-2,surgery patients who were taking heart drugs called beta blockers before coming to the hospital who were kept on the beta blockers during the period just before and after their surgery,67%,3 patients,al_scip-card-2
163,10009.0,hartselle medical center,201 pine street northwest,empty,empty,hartselle,al,35640.0,morgan,2567736511.0,acute care hospitals,proprietary,yes,surgical infection prevention,scip-inf-1,surgery patients who were given an antibiotic at the right time (within one hour before surgery) to help prevent infection,100%,6 patients,al_scip-inf-1
164,10009.0,hartselle medical center,201 pine s@@tree%t northwest,empt$$y,empty,hartselle,al,147765.12928976142,morgan,2567736511.0,acute care hospitals,proprietary,yes,surgical infection prevention,scip-inf-2,surgery patients who were given the  right kind  of antibiotic to help prevent infection,57%,7 patients,al_sc$ip-inf-2??
165,10009.0,hartselle medical center,201 pine street northwest,empty,empty,hartselle,al,169015.34693324377,mor$gan,2567736511.0,acute care hospitals,proprietary,yes,surgical infection prevention,@@scip-inf-3,surgery patients whose preventive antibiotics were stopped at the right time (within 24 hours after surgery),80%,5 patients,al_scip-inf-3
166,10009.0,hartselle medical center,201 pine street northwest,empty,empty,hartselle,al,35640.0,morgan,2567736511.0,acute care hospitals,proprietary,yes,surgical infection prevention,scip-inf-4,all heart surgery patients whose blood sugar (blood glucose) is kept under good control in the days right after surgery,empty,0 patients,al_scip-inf-4
167,10009.0,hartselle medical center,201 pine street northwest,empty,empty,ha%rts$elle,al,35640.0,morgan,2567736511.0,acute care hospitals,proprietary,yes,surgical infection prevention,scip-inf-6,surgery patients needing hair removed from the surgical area before surgery who had hair removed using a safer method (electric clippers or hair removal cream c not a razor),100%,11 patients,al_scip-inf-6
168,10009.0,hartselle medical center,201 pine street northwest,empty,empty,hartselle,al,35640.0,morgan,14473217363.130463,acute care hospitals,proprietary,yes,surgical infection prevention,scip-vte-1,surgery patients whose doctors ordered treatments to prevent blood clots after certain types of surgeries,78%,9 patients,al_scip-vte-1
169,34051.458914476236,harts$elle% medical center,201 pine street northwest,empty,empty,hartselle,al,35640.0,morgan,2567736511.0,acute car%e hospitals,proprietary,yes,surgical infection prevention,scip-vte-2,patients who got treatment  at the right time (within 24 hours before or after their surgery) to help prevent blood clots after certain types of surgery,78%,9 patients,al_scip-vte-2
170,10010.0,marshall medical center north,8000 a#labama h$ighway 69,empty,empty,guntersville,al@@,35976.0,marshall,2565718000.0,acute care hospitals,government - hospital district or authority,yes,heart attack,ami-1,heart attack patients given aspirin at arrival,100%,8 patients,al_ami-1
171,10010.0,marshall medical center north,8000 alabama highway 69,emp$??ty,empty,guntersville,a%l,35976.0,marshall,9745157158.866861,acute care hospitals,government - hospital district or authority,yes,heart attack,ami-2,heart attack p??atients g$iven aspirin at discharge,100%,6 patients,al_ami-2
172,10010.0,marshall medical center north,8000 alabama highway 69,empty,empty,guntersville,al,35976.0,marshall,2565718000.0,a$cute care hospitals,government - hospital district or authority,yes,heart attack,ami-3,heart attack patients given ace inhibitor or arb for left ventricular systoli??c dysfunction (lvsd),50%,2 patients,al_ami-3
173,10010.0,marshall medical center north,8000 alabama highway 69,empty,empty,guntersville,al,35976.0,marshall,2565718000.0,acute care hospitals,government - hospital district or authority,ye?@@?s,heart attack,ami-4,heart attack patients given smoking cessation advice/counseling,100%,2 patients,al_ami-4
174,10010.0,marshall medical center north,8000 alabama highway 69,empty,empty,guntersville,al,35976.0,marshall,2565718000.0,acute care hospitals,government - hospital district or authority,yes,heart attack,ami#-5,heart attack patients given beta blocker at discharge,83%,6 patients,al_ami-5
175,10010.0,marshall medical center north,8000 alabama highway 69,empty,empty,guntersville,al,35976.0,marshall,2565718000.0,acute care hospitals,government - hospital district or authority,yes,heart attack,ami-7a,heart attack patients given fibrinolytic medication within 30 minutes of arrival,empty,0 patients,al_ami-7a
176,10010.0,marshall medical center north,8000 alabama highway 69,empty,empt$y,guntersville,a%l,35976.0,marshall,2565718000.0,acute care hospitals,government - hospital district or authority,yes,heart attack,ami-8a,heart attack patients given pci within 90 minutes of arrival,empty,0 patients,al_ami-8a
177,44836.07928845499,marshall medical center north,8000 alabama highway 69,e#@@mpty,empty,guntersville,a??l,35976.0,marshall,2565718000.0,acute care hospitals,government - hospital district or authority,yes,heart failure,hf-1,heart failure patients given discharge instructions,93%,55 patients,al_hf-1
178,34526.977522501606,marshall medical center north,8000 alabama highway 69,empty,empty,guntersville,al,35976.0,marshall,2565718000.0,acute care hospitals,government - hospital district or authority,yes,heart failure,hf-2,heart failure patients given an evaluation of left ventricular systolic (lvs) funct@@ion,84%,@@80 patients@@,al_hf-2
179,10010.0,marshall medical center north,8000 alabama highway 69,e$@@mpty,empty,guntersville,al,35976.0,marshall,2565718000.0,acute care hospitals,government - hospital district or authority,yes,heart failure,hf-3,heart failure patients given ace inhibitor or arb for left ventricular systolic dysfunction (lvsd),78%,27 patients,al_hf-3
180,10010.0,marshall medical center north,8000 alabama highway 69,emp#ty%,empty,guntersville,al%%,35976.0,marshall,2565718000.0,acute care hospitals,govern??ment - ho$spital district or authority,yes,heart failure,hf-4,heart failure patients given s??moking cessa$tion advice/counseling,100%,10 patients,al_hf-4
181,10010.0,marshall medical@@@@ center north,8000 alabama highway 69,empty,empty,guntersville,al,35976.0,marshall,2565718000.0,acute care hospitals,government - hospital district or a%uthority,yes,pneu@@m@@onia,pn-2,pneumonia patients assessed and given pneumococcal vaccination,87%,128 patients,al_pn-2
182,10010.0,marshall medical center north,8000 alabama highway 69,empty,empty,guntersville,al,35976.0,marshall,2565718000.0,acute $car#e hospitals,government - hospital distri$ct or authority,yes,pneumonia,pn-3b,pneumonia patients whose initial emergency room blood culture was performed prior to the administration of the first hospital dose of antibiotics,94%,115 patients,al_pn-3b
183,10010.0,marshall medical center north,8000 alabama highway 69,empty,empty,guntersville,#al,35976.0,marshall,2565718000.0,acute care hospitals,government - hospital $district?? or authority,yes,pneumonia,pn-4,pneumonia patients given smoking cessation advice/counseling,94%,65 patients,al_pn-4
184,10010.0,marshall medical center north,8000 alabama highway 69,empty,empty,guntersville,al,35976.0,marshall,2565718000.0,acute care hospitals,government - hospital district or authority,yes,pneumo?#?nia,pn-5c,pneumonia patients given initial antibiotic(s) within 6 hours after arrival,97%,158 ??patients%,al_pn-5c
185,10010.0,ma%rshall@@ medical center north,8000 alabama highway 69,empty,empt%y,guntersville,al,35976.0,marshall,2565718000.0,acute care hospitals,government - hospital district or authority,yes,pneumonia,pn-6,pneumonia patients given the most appropriate initial antibiotic(s),93%,133 patients,al_pn-6
186,10010.0,marshall medical center north,8000 alabama highway 69,empty,empty,guntersville,al,35976.0,marshall,2565718000.0,acute care hospitals,govern#ment - hospital district or authority,yes,pneumonia,p#n-7,pneumonia patients assessed and given influenza vaccination,90%,101 patients,al_p##n-7
187,10010.0,marshall medical center north,8000 alab@@ama?? highway 69,em@@pty,empty,guntersville,a@@l#,35976.0,marshall,2565718000.0,acute care hospitals,government - hospital district or authority,yes,surgical infection prevention,scip-card-2,surgery patients who were taking heart drugs called beta blockers before coming to the hospital who were kept on the beta blockers during the period just before and after their surgery,86%,14 patients,al_scip-card-2
188,10010.0,marshall medical center north,8000 alabama highway 69,empty,empty,guntersvil%le,al,35976.0,marshall,2565718000.0,acute care hospitals,government - hospital district or authority,yes,surgical infection prevention,scip-inf-1,surgery patients who were given an antibiotic at the right time (within one hour before surgery) to help prevent infection,95%,66 patients,al_scip-inf-1
189,10010.0,marshall medical center north,8000 alabama highway 69,empty,empty,guntersville,al,35976.0,marshall,2565718000.0,acut%e care hospitals#,government - hospital district or authority,yes,surgica#l infection preve??ntion,scip-inf-2,surgery patients who were given the  right kind  of antibiotic to help prevent infection,91%,64 patients,al_scip-inf-2
190,10010.0,marshall medical center north,8000 alabama hig??hway 69,empty,empty,guntersvi#l#le,al,35976.0,marshall,2565718000.0,acute care hospitals,government - hospital district or authority,y%es,surgical in%fection prevention,scip-inf-3,surgery patients whose preventive antibiotics were stopped at the right time (within 24 hours after surgery),100%,63 patients,al_s??cip-inf$-3
191,10010.0,marshall medical center north,8000 alabama highway 69,em$pt$y,empty,guntersville,al,35976.0,marshall,2565718000.0,acute ca%re hospitals,government - hospital district or authority,yes,surgical infection prevention,scip-inf-4,all heart surgery patients whose blood sugar (blood glucose) is kept under good control in the days right after surgery,empty,0 pat#i%ents,al_scip-inf-4
192,10010.0,marshall medical center north,8000 alabama highway 69,empty,empty,guntersville,al,117714.01648287738,marshall,2565718000.0,acute care hospitals,government - hospital district or authority,yes,surgical infection prevention,scip-inf-6,surgery patients needing hair removed from the surgical area before surgery who had hair removed using a safer method (electric clippers or hair removal cream c not a razor),100%%,#155 pati??ents,al_scip-inf-6
193,10010.0,marshall medical center north,8000 alabam@@a high#way 69,empty,empty,guntersville,al,35976.0,marshall,2565718000.0,acute care hospitals,government - hospital #district or aut%hority,yes,surgical infection prevention,scip-vte-1,surgery patients whose doctors ordered treatments to prevent blood clots after certain types of surgeries,86%,56 patients,al_scip-vte-1
194,10010.0,marshall medical center north,8000 alabama highway 69,empty,empty,guntersville,al,35976.0,marshall,2565718000.0,#acute care hospita#ls,government - hospital district or authority,yes,surgical infection prevention,s??cip-%vte-2,patients who got treatment  at the right time (within 24 hours before or after their surgery) to help prevent blood clots after certain types of surgery,84%,56 patients,al_scip-vte-2
195,10011.0,st vince%nts ea$st,50 medical park east drive,empty,empty,bir#mingh@@am,al,35235.0,jefferson,2058383122.0,acute care hospitals,voluntary non-profit - private,yes,heart attack,ami-1,heart attack patients given aspirin at arrival,99%,240 patients,al_ami%#-1
196,10011.0,st vincents east,50 medical park east drive,empty,empty,birmingham,al,35235.0,jefferson,2058383122.0,acute care hospitals,voluntary non-profit - private,yes,heart at$tac$k,ami-2,heart attack patients given aspirin at discharge,96%,295 patients,al_ami-2
197,10011.0,st vincents east,50 medical park east drive,empty,empty,birmingham,al,35235.0,jefferson,2058383122.0,acute care hospitals,voluntary non-profit - private,yes$%,heart attack,ami-3,heart a$ttack patients given @@ace inhibitor or arb for left ventricular systolic dysfunction (lvsd),91%,70 pa$tients$,al_ami-3
198,10011.0,st vincents east,50 medical park east drive,empty,empty,birmingham,al,35235.0,jefferson,2058383122.0,acute care hospitals,voluntary non-profit - private,yes,heart attack,ami-4,heart attack patients given smoking cessation advice/counseling,100%,131 patients,al_ami-4
199,10011.0,st vincents east,50 medical park east drive,empty,empty,birmingham,al,35235.0,jefferson,2058383122.0,acute care hospitals,voluntary non-profit - private,yes,heart attack,ami-$5$,heart attack patients given beta blocker at discharge,99%,288 patients,al_ami-5
200,10011.0,st vincents east,50 medical park east drive,empty,empty,birmingham,al,35235.0,jefferson,2058383122.0,acute care hospitals,voluntary non-profit - private,yes,heart attack,ami-7a,heart attack patients given fibrinolytic medication within 30 minutes of arrival,empty,0 patients,al_ami-7a
201,10011.0,st vincents east,50 medical park east drive,empty,empty,birmingham,al,35235.0,jefferson,9185789534.170177,acute care hospitals,voluntary non-#prof$it - private,yes,heart attack,ami-8a,heart attack patients given pci within 90 minutes of arrival,85%,48 patients,al_ami-8a
202,10011.0,st vincents east,50 medical park east drive,empty,empty,birmingham,al,35235.0,jeffers????on,2058383122.0,acute care hospitals,volunt@@ary non-pro??fit - private,yes,heart failure,hf-1,heart failure patients given discharge instructions,94%,316 patients,al_hf-1
203,54351.63995294389,st vincents east,50 medical park east drive,empty,empty,birmingham,al,35235.0,jefferson,2058383122.0,acute care hospitals,voluntary non-profit - private,yes,heart failure,hf-2,heart failure patients given an evaluation of left ventricular systolic (lvs) function,98%,372 patients,al_hf-2
204,10011.0,st vincents east,50 medical park east drive,empty,empty,birmingham,al,35235.0,jefferson,2058383122.0,acute care hospitals,voluntary no#n-profit - private,yes,heart failure,hf-3,heart failure patients given ace inhibitor or arb for left ventricular systolic dysfunction (lvsd),98%,130 patients,al_hf-3
205,10011.0,st vincents east,50 medical park east drive,empty,empty,birmingham,al,35235.0,jefferson,2058383122.0,acute care hospitals,voluntary non-profit - private,yes,heart failure,hf-4,heart failure patients given smoking cessation advice/counseling,100%,69 patients,al_hf-4
206,10011.0,st vincents east,50 medical park east drive,empty,empty,birmingham,al,35235.0,jefferson,2058383122.0,acute care hospitals,voluntary non-profit - private,yes,pneumonia,pn-2,pneumonia patients assessed and given pneumococcal vaccination,87%,125 patients,al_pn-2
207,10011.0,st vincents east,50 medical park east drive,empty,empty,birmingham,al,35235.0,jefferson,2058383122.0,acute care hospitals,voluntary non-profit - private,yes,pneumonia,pn-3b,pneumonia patients whose initial emergency room blood culture was performed prior to the administration of the first hospital dose of antibiotics,96%,131 patients,al_pn-3b
208,10011.0,st vincents east,50 medical park east drive,empty,empty,birmingham,al,35235.0,jefferson,2058383122.0,acute care hospitals,voluntary non-profit - private,yes,pneumonia,#pn-4,pneumonia patients given smoking cessation advice/counseling,100%,69 patients,al_pn-4
209,10011.0,st vincents east,50 medical park east drive,empty,empty,birmingham,al,35235.0,jefferson,11973954076.008766,acute care hospitals,voluntary non-profit - private,yes,pneumonia%,pn-5c,pneumonia patients given initial antibiotic(s) within 6 hours after arrival,95%,135 patie#nts,al_#pn%-5c
210,10011.0,st vincents east,50 medical park east drive,empty,empty,birmingham,al,35235.0,jefferson??,2058383122.0,acute care hospitals,voluntary non-profit - private,yes,pneumonia,pn-6@@@@,pneumonia patients given the most appropriate initial antibiotic(s),91%,112 patients,al_pn-6
211,10011.0,st vincents east,50 medical park east drive,empty,empty,birmingham,al,35235.0,jefferson,2058383122.0,acute care hospitals,voluntary non-profit - private,ye@@s,pneumonia,pn-7,pneu#monia patients @@assessed and given influenza vaccination,85%,89 patients,al_pn-7
212,10011.0,st vincents east,50 medical park east drive,empty,empty,birmingham,al,35235.0,jefferson,2058383122.0,acute care hospitals,vo$luntary non-profit - private,yes,surgical infection prevention,scip-card-2,surgery patients who were taking heart drugs called beta blockers before coming to the hospital who were kept on the beta blockers during the period just before and after their surgery,83%,125 patients,al_scip-card-2
213,10011.0,st v????incents east,50 medical park east drive,empty,empty,birmingham,al,35235.0,jefferson,2058383122.0,acute care hospitals,voluntary non-profit - private,yes,surgical infectio#n prevention,scip-inf-1,surgery patients who were given an antibiotic at the right time (within one hour before surgery) to help prevent infection,97%,461 patients,al_scip-inf-1
214,10011.0,st vincents east,50 medic??al park eas%t drive,empty?$?,empty,bi%rmingham,al,35235.0,jefferson,2058383122.0,acute care hospitals,voluntary non-profit - private,yes,surgical infection prevention,scip-inf-2,surgery patients who were given the  right kind  of antibiotic to help prevent infection,98%,473 patients,al_scip-inf-2
215,10011.0,st vincents east,50 medical park east drive,empty,empty,birmingham,al,35235.0,jefferson,2058383122.0,acute care ho@@spita#ls,voluntary non-profit - private,yes,surgical infection prevention,scip-inf-3,surgery patients whose preven#tive antibiotics were stopped at the right time (within 24 hours after surgery),81%,442 patients,al_scip-inf-3
216,10011.0,st @@vincents east,50 medical park east drive,empty,empty,birmingham,al,35235.0,jeffers??on,2058383122.0,acute care hospitals,voluntary non-profit - private,yes,surgical infection prevention,scip-inf-4,all heart surgery patients whose blood sugar (blood glucose) is kept under good control in the days right after surgery,60%,127 patients,al_scip-inf-4
217,10011.0,st v@@incents east,50 medical park east drive,empty,empty,birmingham,al,107317.18778679466,jefferson,2058383122.0,acute care hospitals,voluntary non-profit - private,yes,surgical infection prevention,scip-inf-6,surgery patients needing hair removed from the surgical area before surgery who had hair removed using a safer method (electric clippers or hair removal cream c not a razor),100%,601# patients,al_scip-inf-6
218,10011.0,st vincents east,50 medi%cal par??k east drive,#empty,empty,birmingha$m,al,35235.0,jefferson,2058383122.0,acute care hospitals,voluntary non-profit - private,yes,surgical infection prevention,scip-vte-1,surgery patients whose doctors ordered treatments to prevent blood clots after certain types of surgeries,89%,229 patients,al_scip-vte-1
219,10011.0,st vincents east,50 medical park east drive,empty,empty,birmingham,al,35235.0,jefferson,2058383122.0,acute care hospitals,voluntary non-profit - private,%ye%s,surgic??al infec#tion prevention,scip-vte-2,patients who got treatment  at the right time (within 24 hours before or after their surgery) to help prevent blood clots after certain types of surgery,83%,224 patients,al_scip-vte-2
220,10012.0,dekalb regional medical center,200 med center drive,empty,empty,fort payne,al,35968.0,de kalb,2568453150.0,acute care hospitals,voluntary non-profit - church,yes,heart attack,ami-1,heart attack patients given aspirin at arrival,??1??00%,46 patients,al_ami-1
221,10012.0,dekalb regional medical center,200 med center drive,empty,empty,fort payne,al,35968.0,de kalb,2568453150.0,acute care $hospitals,voluntary non-profit - church,yes,heart attack,ami-2,heart attack patients given aspirin at discharge,95%,39 patients,al_ami-2
222,10012.0,dekalb regional medical center,200 med center drive,empty,empty,fort payne,al,35968.0,de kalb,2568453150.0,acute care hospitals,volunt#ary non-profit - church,yes,heart attack,ami#-3,heart attack patients given ace inhibitor or arb for left ventricular systolic dysfunction (lvsd),91%,11 patients,al_ami-3
223,10012.0,dekalb regional medical center,200 med center drive,empty,empty,fort payne,??@@al,35968.0,de kalb,2568453150.0,acute care hosp??itals,voluntary n??on-profit - ch$urch,yes,heart attack,ami-4,heart attack patients given smoking cessation advice/counseling,100%,14 patients,al_ami-4
224,10012.0,dekalb regional medical center,200 med center drive,empty,empty,fort payne,al,35968.0,de kalb,2568453150.0,acute care hospitals,voluntary non-profit - church,yes,he@@art at??tack,ami-5,heart attack patients given beta blocker at discharge,95%,41 patients,al_ami-5
225,10012.0,dekalb regional medical center,200 med center drive,em#pty,empty,fort payne,al%,35968.0,de kalb,14142025699.878813,acute care hospitals,voluntary non-profit - church,yes,heart attack,ami-7a,heart attack patients given fibrinolytic medication within 30 minutes of arrival,100%,1 patients,al_ami-7a
226,10012.0,dekalb regional medical center,200 med center drive,empty,empty,fort payne,al,35968.0,de kalb,2568453150.0,acute care hospitals,voluntary non-profit - church,yes,hea$rt attack,ami-8a,heart attack patients given pci wi??thin 90 minutes of arrival,40%,5 patients,al_ami-8a
227,10012.0,dekalb regional medical center,200 med center drive,empty,empty,fort payne,al,111855.92745454483,de ka%lb,2568453150.0,acute care hospitals,voluntary non-profit - church,yes,heart failure,hf-1,heart failure patients given discharge instructions,89%,76 patients,al_hf-??1
228,10012.0,dekalb regional medical center,200 med center drive,empty$,empty,fort payne,al,35968.0,de kalb,2568453150.0,acute care hospitals,voluntary non-profit - church,yes,heart failure,hf-2,heart failure patients given an evaluation of left ventricular systolic (lvs) function,100%,94 patients,al_hf-2
229,10012.0,dekalb regional medical ce@@n#ter,200 med center drive,#empty@@,empty,fort payne,al,35968.0,de kalb,2568453150.0,acute care hospitals,voluntary non-profit - church,yes,heart failure,hf-3,heart failure patients given ace inhibitor or arb for left ventricular systolic dysfunction (lvsd),94%,36 patients,al_hf-3
230,10012.0,dekalb regional medical center,200 med center drive,empty,empty,fort payne,a#l,35968.0,de kalb,2568453150.0,acute care hospitals,voluntary non-profit - church,yes,heart failure,hf-4,heart failure patients given smoking cessation advice/counseling,100%,15 patients,al_hf-4
231,40581.354967741136,dekalb regional medical center,200 med center drive,empty,empty,fort payne,al,35968.0,de kalb,2568453150.0,acute care hospitals,voluntary non-profit - church,yes,pneumonia,pn-2,pneumonia patients assessed and given pneumococcal vaccination,97%%,69 patients,al_pn-2
232,10012.0,dekalb% reg@@ional medical center,200 med center drive,empty,empty,for%t p#ayne,al,35968.0,de kalb,2568453150.0,acute care hospitals,voluntary non-profit - church,yes,pneumonia,pn-3b,pneumonia patients whose initial emergency room blood culture was performed prior to the administration of the first hospital dose of antibiotics,93%,91 patients,al_pn-3b
233,10012.0,dekalb regional medical center,200 med center drive,empty,empty,fort payne,al,35968.0,de kalb,11870537382.924383,acute care hospitals,voluntary non-profit - church,yes,pneumonia,pn-4,pneumonia patients given smoking cessation advice/counseling,100%,37 patients,al_pn-4
234,10012.0,dekalb regional medical center,200 med center drive,empty,empty,fort payne,al,35968.0,de kalb,2568453150.0,acute care hospitals,voluntary non-profit - church,yes,pneum#oni#a,pn-5c,pneumonia patients given initial antibiotic(s) within 6 hours after arrival,99%,88 patients,al_pn-5c
235,10012.0,deka??lb regional medical center,200 med center drive,empty,empt??#y,fort payne,al,35968.0,de kalb,2568453150.0,acute care hospitals,voluntary non-profit - church,yes,pneumonia,pn-6,pneumonia patients given the most appropriate initial antibiotic(s),88%,82 patients,al_pn-6
236,10012.0,dekalb regional medical center,200 med center drive,empty,empty,f??ort pa%yne,al,35968.0,de kalb,2568453150.0,acute care hospitals,voluntary non-profit - church,yes,pneumonia,pn-7,pneumonia patients assessed and given influenza vaccination,98%,56 patients,al_pn-7
237,10012.0,dekalb regional medical center,200 med center drive,empty,empty,fort payne,al,35968.0,de kalb,2568453150.0,acute care hospitals,voluntary non-profit - church,yes,surgical infection prevention,scip-%ca%rd-2,surgery patients who were taking heart drugs called beta blockers before coming to the hospital who were kept on the beta blockers during the period just before and after their surgery,100%,16 patient??s,al_scip-card-2
238,10012.0,dekalb regional medical center,200?? med center# drive,empty,empty,fort payne,al,35968.0,de kalb,2568453150.0,acute care hospitals,voluntary non-p$rofit - church,yes,surgical infection prevention,scip-inf-1,surgery patients who were given an antibiotic at the right time (within one hour before surgery) to help prevent infection,97%,139 patients,al_scip-inf-1
239,59868.34771612653,dekalb regional medical center,200 med center drive,empty,empty,fort payne,al,35968.0,de kalb,2568453150.0,acute care hospitals,voluntary non-profit - church,y#e#s,surgical infection prevention,scip-inf-2,surgery patients who were given the  right kind  of antibiotic to help prevent infection,99%,147 patients,al_scip-inf-2
240,10012.0,dekalb regional medical center,200 med center drive,empty,empty,fort payne,al,153789.2394058137,de kalb,11536791983.827042,acute care hospitals,voluntary non-profit - church,yes,surgical infection prevention,scip-inf-3,surgery patients whose preventive antibiotics were stopped at the right time (within 24 hours after surgery),98%,136 patients,al_scip-inf-3
241,10012.0,dekalb regional medical center,200 med center drive,empty,empty,fort payne,al,35968.0,de kalb,2568453150.0,acute care hospitals,voluntary non-profit - church,yes,surgical infection prevention,scip-inf-4,all @@heart surgery patients whose blood sugar (blood glucose) is kept under good cont@@rol in the days right after surgery,empty,0 patients,al_scip-inf-4
242,10012.0,dekalb regional medical center,200 med center drive,empty,$emp??ty,fort payne,al,35968.0,de kal$b,2568453150.0,acute care hospitals,??voluntary non-profit -# church,yes,surgical infection prevention,scip-inf-6,surgery patients needing hair removed from the surgical area before surgery who had hair removed using a safer method (electric clippers or hair removal cream c not a razor),100%,179 patients,al_scip-inf-6
243,10012.0,dekalb regional medical center,200 med center drive,empty,empty,fort payne,al,35968.0,de kalb,2568453150.0,acute care hospitals,voluntary non-profit - church,yes,surgical inf@@ection prevention,scip-vte-1,surgery patients whose doctors ordered treatments to prevent blood clots after certain types of surgeries,97%#,90 patients,al_scip-vte-1
244,10012.0,dekalb regional medical center,200 med center drive,#empty,empty,fort payne,al,35968.0,de kalb,2568453150.0,acute care hospitals,voluntary non-profit - church,yes,surgical infection prevention,scip-vte-2,patients who got treatment  at the right time (within 24 hours before or after their surgery) to help prevent b#lood clots after certain types of surgery,97%,90 patients,al_scip-vte-2
245,10015.0,southwest alabama medical center,33700 highway 43,em$pt??y,empty,thomasville,a%l@@,36784.0,clarke,3346366221.0,acute care hospitals,government - federal,ye$s%,heart attack,ami-1,heart at#tack patients given aspirin at arrival,empty,0 patients,al_ami-1
246,10015.0,southwest alabama medical center,33700 highway 43,empty,empty,thomasville,al,36784.0,clarke,3346366221.0,acute care hospitals,government - federal,yes,heart attack,ami-2,heart attack patients given aspirin at discharge,@@empty,0 patients,al_ami-2
247,10015.0,southwest alabama medical center,33700 highway 43,empty,empty,thomasville,al,36784.0,clarke,3346366221.0,acute care hospitals,government - federal,yes$,heart attack,ami-3,heart attack patients given ace inhibitor or arb for left ventricular systolic dysfunction (lvsd),empty,0 patients,al_ami-3
248,10015.0,southwest alabama medical center,33700 highway 43,empty,empty,thomasville,al,36784.0,clarke,3346366221.0,acute care hospitals,government - federal,yes,heart attack,ami-4,heart attack patients given smoking cessation advice/counseling,empty,0 patients@@,al_ami-4
249,10015.0,southwest alabama medical center,33700 highway 43,empty,empty,thomasville,al,36784.0,clarke,3346366221.0,acute care ho%spitals,government - federal,yes,heart attack,ami-5%,heart attack patients given beta blocker at discharge,empty,0 patients,al_ami-5
250,10015.0,southwest alabama medical center,33700 highway 43,empty,empty,thomasvil??le,a@??@l,36784.0,clarke,3346366221.0,acute$ care @@hospitals,government - federal,yes,heart a$??ttack,ami-7a,heart attack patients given fibrinolytic medication within 30 minutes of arrival,empty,0 patients,al_ami-7a
251,10015.0,southwest alabama medica%%l center,33700 highway 43,empty,empty,thomasville,al,36784.0,clarke,3346366221.0,acute care hospitals,government - federal,yes,h@@eart attack,ami-8a,heart attack patients given pci within 90 minutes of arrival,empty,0 patients,al_ami-8a
252,50394.63931056646,southwest alabama medical center,33700 highway 43,empty,empty,thomasville,al,36784.0,clarke,14157911272.412144,acute care hospitals,government - federal,yes,heart failure,hf-1,heart failure patients given discharge instructions,100%,79 patients,al_hf-1
253,10015.0,southwest alabama medical center,33700 highway 43,empty,empty,thomasville,al,36784.0,clarke,3346366221.0,acute care hospitals,government - federal,yes,heart failure,hf-2,heart failure patients given an evaluation of left ventricular systolic (lvs) function,89%,91 patients,al_hf-2
254,10015.0,southwest alabama medical center,33700 highway 43,empty,empty,thomasville,al,36784.0,clarke,3346366221.0,acute care hospitals,government - federal,yes,h??eart failure,hf-3,heart failure patients given ace inhibitor or arb for left ventricular systolic dysfunction (lvsd),88%,25 patients,al_hf-3
255,10015.0,southwest alabama medical center,33700 highway 43,empty,em$pty,thomasville,??al$,36784.0,clarke,3346366221.0,acute care hospitals,government - federal,yes,heart failure,hf-4,heart failure patients given smoking cessation advice/counseling,88%,17 patients,al_hf-4
256,10015.0,southwest alabama medical center,??33700 highw$ay 43,empty,empty,thomasville,al,36784.0,clarke,3346366221.0,acu@@te care hospitals$,government - federal,yes,pneumonia,pn-2,pneumonia patients assessed and given pneumococcal vaccination,92%,25 pat@@ients,al_pn-2
257,10015.0,southwest alabama medical center,33700 highway 43,empty,empty,thomas@@v$ille,al,36784.0,clarke,11922141396.262459,acute care hospitals,government - federal,yes,pneumonia,pn-3b,pneumonia patients whose initial emergency room blood culture was performed prior to the administration of the first hospital dose of antibiotics,96%%,24 patients,al_pn-3b
258,10015.0,southwest alabama medical center,33700 highway 43,empty,empty,thomasville,al,36784.0,clarke,3346366221.0,acute care hospitals,government - federal,yes,pneumonia,pn-4,pneumonia patients given smoking cessation advice/counseling,100%,6 patients,al_pn-4
259,10015.0,southwest alabama medical center,33700 highway 43,empty,empty,thomasville,$al,36784.0,clarke,3346366221.0,acute care hospitals,government - federal,yes,pneumonia,pn-5c,pneumonia patients given initial antibiotic(s) within 6 hours after arrival,96%,24 patients,al_pn-5c
260,10015.0,southwest alabama medical center,33700 highway 43,empty,empty,thomasville,al,36784.0,cl$ar$ke,3346366221.0,acute care hospitals,government - federal,yes,pneumonia,pn-6,pneumonia patients given the most appropriate initial antibiotic(s),100%,26 patients,al_pn-6
261,10015.0,southwest alabama medical center,33700 highway 43,empty,empty,thomasville,al,36784.0,clarke,3346366221.0,acute care hospitals,government - federal,yes,pneumonia,pn-7,pneumonia patients assessed and given influenza vaccination,??92%,24 patients,al_pn-7
262,10015.0,south%wes%t alabama medical center,3%3700 highway %43,empty,empty,thomasville,al,36784.0,cla@@@@rke,3346366221.0,acute care hospitals,government - federal,yes,surgical infection prevention,scip-card-2,surgery patients who were taking heart drugs called beta blockers before coming to the hospital who were kept on the beta blockers during the period just before and after their surgery,empty,empty,al_%scip-card-2
263,10015.0,south$west alabama medical center,33700 highway 43,empty,empty,thomasville,al,36784.0,clarke,3346366221.0,acute care hospitals,government - federal,yes,surgical infection prevention,scip-inf-1,surgery patients who were given an antibiotic at the right time (within one hour before surgery) to help prevent infection,86%,14 patients,al_scip-inf%-1
264,10015.0,southwest alabama medical center,33700 highway 43,empty,empty,thomasville,al,36784.0,clarke,3346366221.0,acute care hospitals,government - federal,yes,surgical infection prevention,scip-inf-2,surgery patients who were given the  right kind  of antibiotic to help prevent infection,93%,14 patients,al_scip-inf-2
265,41670.71554793999,southwest alabama medical center,33700 highway 43,empty,empty,thomasville,al,179847.89029634788,clarke,3346366221.0,acute care hospitals,government - federal,yes,surgical infection prevention,scip-inf-3,surgery patients whose preventive antibiotics were stopped at the right time (within 24 hours after surgery),86%,14 patients,al_scip-inf-3
266,10015.0,southwest alabama medical center,33700 highway 43,empty,empty,thomasville,al,36784.0,clarke,3346366221.0,acute care hospitals,government - federal,yes,surgical infection prevention,scip-inf-4,all heart surgery patients whose blood sugar (blood glucose) is kept under good control in the days right after surgery,empty,0 patients,al_scip-inf-4
267,10015.0,southwest alabama medical center,33700 highway 43,empty,empty,thomasville,al,36784.0,clarke,15672474970.25364,acute care hospitals,government - federal,yes,surgical infection prevention,scip-inf-6,surgery patients needing hair removed from the surgical area before surgery who had hair removed using a safer method (electr@@ic clippers or hair removal cream c not a razor),100%,15 patients,al_scip-inf-6
268,10015.0,southwest alabama medical center,337@@00 hi$ghway 43,empty,empty,thomasville,al,36784.0,clarke,3346366221.0,acute care hospitals,government - federal,yes,surgical infection prevention,scip-vte-1,surgery patients whose doctors ordered treatments to prevent blood clots after certain types of surgeries,90%,10 patients,??al_??scip-vte-1
269,10015.0,southwest alabama medical center,33700 highway 43,empty,empty,thomasville,al,36784.0,clarke,3346366221.0,acute care hospitals,government - federal,yes%,surgical infection prevention,scip-vte-2,patients who got treatment  at the right time (within 24 hours before or after their surgery) to help prevent blood clots after certain types of surgery,90%,10 patients,al_scip-vte-2
270,10016.0,shelby baptist medical center,1000 first street north,empty,empty,alabaster,al,35007.0,shelby,2056208100.0,acute care hospitals,voluntary non-profit - church,yes,heart a#ttack,ami-1,heart attack patients given aspirin at arrival,9????9%,179 patients,al_ami-1
271,10016.0,shelby baptist medical center,1000 first street north,empty,empt$y,alabaster,al,35007.0,shelby,2056208100.0,acute care hospitals,voluntary non-profit - church,yes,h%eart attack,ami-2,heart attack patients given aspirin at discharge,97%,208 patients,al_ami-2
272,10016.0,shelby baptist medical center,100%0 first street north,empty,empty,alabaster,al,35007.0,shelby,2056208100.0,acute care hospitals,voluntary non-profit - church,yes,heart attack,ami-3,heart attack patients given ace inhibitor or arb for left ventricular systolic dysfunction (lvsd),100%,30 patients,al_ami-3
273,10016.0,shelby baptist medical cen%ter,1000 first street north,empty,empty,alabaster,al,35007.0,shelby,2056208100.0,acute care hospitals,voluntary non-profit - church,yes,heart attack,ami-4,heart attack patients given smoking cessation advice/counseling,100%,98 patients,al_ami-@@4
274,48513.56243646814,shelby baptist medical center,1000 first street n#orth,empty,empty,alabaster,al,177091.58402676063,shelby,2056208100.0,acute care hospitals,voluntary non-profit - church,yes,heart attack,ami-5,heart attack patients given beta blocker at discharge,97%,169 patients,#al_ami-5
275,10016.0,shelby baptist medical center,#1000 fir%st street north,empty,empty,alabaster,al,35007.0,shelby,2056208100.0,acute care hospitals,voluntary non-profit - church,yes,heart attack,ami-7a,heart attack pa$tients given fibrinolytic medica#tion within 30 minutes of arrival,empty,0 patients,al_ami-7a
276,10016.0,shelby baptist medical center,1000 first street north,empty,empty,alabaster,al,35007.0,shelby,2056208100.0,acute care hospitals,voluntary non-profit - church,yes,heart attack,ami-8a,heart attack patients given pci within 90 minutes of arrival,83%,36 patients,al_ami-8a
277,10016.0,shelby baptist medical center,1000 first street north,empt@@y,empty,alabaster,al,35007.0,shelby,2056208100.0,acute care hospital%s,voluntary non-profit - church,yes,heart failure,hf-1,heart failure patients given discharge instructions,86%#,210 patients,al_hf-%%1
278,10016.0,shelby baptist medical center,1000 first street north,empty,empty,alabas??te$r,al,35007.0,shelb??y,2056208100.0,acute care hospitals,voluntary non-profit - church,yes,heart failure,hf-2,heart failure patients given an evaluation of left ventricular systolic (lvs) function,100%,246 patie$nts,al_hf-2
279,10016.0,shelby baptist medical center,1000 first street north,empty,empty,alabaster,al,35007.0,shelby,2056208100.0,acute care hospitals,voluntary non-profit - church,yes,heart failure,hf-3,heart failure patients given ace inhibitor or arb for left ventricular systolic dysfunction (lvsd),97%,71 patients,al_hf-3
280,10016.0,shelby baptist medical center,1000 first street north,emp??ty,empty,alabaster,al,35007.0,shelby,2056208100.0,acute care hospitals,vo$lu??ntary non-profit - church,yes,heart failure,hf-4,heart failure patients given smoking cessation advice/cou??nseling,100%,48 patients,al_hf-4
281,10016.0,shelby baptist medical center,1000 first street north,empty,empt$@@y,alabaster,al,35007.0,shelby,12267990804.304451,acute care hospitals,voluntary non-profit - church,yes,pneumonia,pn-2,pneumonia patients assessed and given pneumococcal vaccination,97%,235 patients,al_pn-2
282,10016.0,shelby baptist medical center,1000 first street north,empty,empty,alabaster,al,35007.0,shelby,2056208100.0,acute care hospitals,voluntary non-profit - church,y#es,pneumonia,pn-3b,pneumonia patients whose initial emergency room blood culture was perfo??rmed prior to the administration of the first hospital dose of antibiotics,100%,110 patients,al_pn-3b
283,10016.0,shelby?? baptist medical ce%nter,1000 first street north,empty,empty,alabaster,al,35007.0,shelby,2056208100.0,acute care hospitals,vol@@untary non-profit #- church,yes,pneumonia,$pn-4#,pneumonia patients given smoking cessation advice/counseling,100%,131 patients,al_pn??-4
284,10016.0,shelby baptist medical ce#nter,1000 first street north,empty,$empty??,alabaster,al,35007.0,shelby,2056208100.0,acute care hospitals,voluntary non-profit - church,yes,pneumonia,pn-5c,pneumonia patients given initial antibiotic(s) within 6 hours after a%rrival,96%,239@@ pa@@tients,al_pn-5c
285,10016.0,shelby baptist medical center,1000 first street north,empty,empty,alabaster,al,35007.0,shelby,2056208100.0,acute care hospitals,voluntary non-profit - church,yes,pneumonia,pn-6,pneumonia patients given the most appropriate initial antibiotic(s),#@@93%,116??@@ patients,al_pn-6
286,10016.0,shelby baptist medical center,1000 first street north,empty,empty,alabaster,al,35007.0,shelby,2056208100.0,acute care hospitals%,voluntary non-profit - church,yes,pneumonia,pn-7,pneumonia patients assessed and given influenza vaccination,92%,1%9$9 patients,al_pn-7
287,10016.0,shelby baptist medical center,1000 first street north,empty,e#??mpty,alabaster,al,35007.0,shelby,2056208100.0,acute care hospitals,voluntary non-profit - church,yes,surgical infection prevention,scip-card-2,surgery patients who were taking heart drugs called beta blockers before coming to the hospital who were kept on the beta blockers during the period just before and after their surgery,89%,96 patients,al_scip-card-2
288,10016.0,shelby baptist medical center,1000 first street north,empty,empty,alabaster,al,35007.0,shelby,2056208100.0,acute care hospitals,voluntary non-profit - church,yes,surg#ical infection@@ prevention,scip-inf-1,surgery patients who were given an antibiotic at the right time (within one hour before surgery) to help prevent infection,98%,368 patients,al_scip-inf-1
289,10016.0,shelby baptist medical center,1000 first s#treet no@@rth,empty,empty,alabaster,al,35007.0,shelby,2056208100.0,acute care %ho$spitals,voluntary non-profit - ??church,yes,surgical infection prevention,scip-inf-2,surgery patients who were given the  right kind  of antibiotic to help prevent infection,99%,370 patients,al_scip-inf-2
290,10016.0,shelby baptist medical center,1000 first street north,empty,empty,alabas@@ter@@,al,136433.7430433705,s%h@@elby,2056208100.0,acute care hospitals,voluntary non-profit - church,yes,surgical infection prevention,scip-inf-3,surgery patients whose preventive antibiotics were stopped at the right time (within 24 hours after surgery),91%,331 patients,al_scip-inf-3
291,10016.0,shelby baptist medical center,1000 first street north,empty,empty,a@@labaste$r,al,35007.0,shelby,2056208100.0,acute care hospitals,voluntary non-profit - church,yes,surgical infection prevention,scip-inf-4,all heart surgery patients whose blood sugar (blood glucose) is kept under good control in the days right after surgery,93%,116 patients,al_scip-inf-4
292,10016.0,shelby baptist medical center,1000 first street north,#empty,em%pty,alabaster,al,35007.0,shelby,2056208100.0,acute care hospitals,voluntary non-profit - church,yes,surgical infection prevention,scip-inf-6,surgery patients needing hair removed from the surgical area before surgery who had hair removed using a safer method (electric clippers or hair removal cream c not a razor),100%,588 patients,al_scip-inf-6
293,10016.0,shelby baptist medical center,1000 first street north,empty,empty,alabaster,al,35007.0,shelby,2056208100.0,acute care hospitals,voluntary non-profit - church,yes,surgical# i$nfection prevention,scip-vte-1,surgery patients whose doctors ordered treatments to prevent blood clots after certain types of surgeries,97%,226 patients,al_scip-vte-1
294,42171.47203206541,s@@h%elby baptist medical center,1000 first street north,em%pty,empty,alabaster,al,35007.0,shel@@by,2056208100.0,acute care hospitals,voluntary non-profit - church,yes,surgical infection prevention,scip-vte-2,patients who got treatment  at the right time (within 24 hours before or after their surgery) to help prevent blood clots after certain types of surgery,9#4%??,225 patients,al_scip-vte-2
295,10018.0,callahan eye foundation hospital,1720 university blvd,empty,empty,birmingham,al,35233.0,jefferson,8173859621.200298,acute car#e hospit%als,voluntary non-profit - private,yes,heart attack,ami-1,heart attack patients given aspirin at arrival,empty,empty,al_ami-1
296,10018.0,callahan eye foundation hospital,1720 university blvd,empty,empty,birmingham,al,35233.0,jefferson,2053258100.0,acute care hospitals,voluntary non-profit - private,y#@@es,heart attack,ami-2,heart attack patients given aspirin at discharge,empty,empty,al_ami-2
297,10018.0,callahan eye foundation hospital,1720 university blvd,empty,empty,birmingham,al,35233.0,jefferson,2053258100.0,acute care hospitals,voluntary non-profit - private,yes,heart attack,ami-3,heart attack patients given ac??e inhibitor or arb for left ventricular# systolic dysfunction (lvsd),empty,empty,al_ami-3
298,10018.0,callahan eye foundation hospital,1720 university blvd,empty,empty,birmingham,al,35233.0,jefferson,2053258100.0,acute care hospitals,voluntary non-profit - private,@@y??es,heart attack,ami-4,heart attack patients given smoking cessation advice/counseling,empty,empty,al_ami-4
299,10018.0,callahan eye foundation hospital,1720 university blvd,empty,empty,birmingham,%al,35233.0,jefferson,2053258100.0,acute care hospitals,voluntary non-profit - private,yes,heart attack,ami-5,heart attack patients given beta blocker at discharge,empty,empty,al_ami-5
300,10018.0,callahan eye foundation hospital,1720 university blvd,empty,empty,birmingham,al,35233.0,jefferson,2053258100.0,acute care hospitals,voluntary non-profit - private,yes,heart attack,ami-7a,heart attack patients given fibrinolytic medication within 30 minutes of arrival,empty,empty,al_ami-#7a
301,10018.0,callahan eye foundation hospital,1720 university blvd,empty,empty,birmingham,a@@$l,35233.0,jeffer@@son,2053258100.0,acute care hospitals,voluntary non-profit - private,yes,heart attack,ami-8a,heart attack patients given pci within 90 minutes of arrival,empty,empty,al_ami-8a
302,10018.0,callahan eye foundation hospital,1720 university blvd,empty,empty,birmingham,al,35233.0,jefferson,2053258100.0,acute care hospitals,voluntary non-profit - private,yes,heart failure,hf-1,heart failure patients given discharge instructions,empty,empty,al_hf-1
303,10018.0,callahan eye foundation hospital,1720 university $blvd,empty,empty,birmingham,#%al,35233.0,jefferson,2053258100.0,acute care hospitals,voluntary non-profit - private,yes,heart fail??ure,hf-2,heart failure patients given an evaluation of left ventricular systolic (lvs) function,empty,empty,al_hf-2
304,10018.0,callaha$n eye foundation hospit??al,1720 university blvd,e%mpt$y,?%?empty,birmingham,al,35233.0,jefferson,2053258100.0,acute care hospitals,voluntary non-profit - private,yes,heart failure,hf-3,heart failure patients given ace inhibitor or arb for left ventricular systolic dysfunction (lvsd),empty,empty,al_hf-3
305,10018.0,callahan eye foundation hospital,1720 uni??versity b%lvd,empty,em@@pty@@,birmingham,al,35233.0,je@@@@fferson,2053258100.0,acute care hospitals,voluntary non-profit - private,yes,heart failure,hf-4,heart failure patients given smoking cessation advice/counseling,empty,empty,al_hf-4
306,10018.0,callahan eye foundation hospital,1720 university blvd,empty,empty,birmingham,al,35233.0,jefferson,2053258100.0,acute care hospitals,voluntary non-profit - private,yes,pneumonia,pn-2,pneumonia patients assessed and given pneumococcal vaccin%ati%on,empty,empty,al_pn-2
307,42722.51153805183,callahan eye foundation hospital,1720 university blvd,empty,empty,birmingham,al,35233.0,je%ffers#on,2053258100.0,acute care hospitals,voluntary non-profit - private,ye@@s,p#n$eumonia,pn-3b,pneumonia patients whose initial emergency room blood culture was performed prior to the administration of the first hospital dose of antibiotics,empty,empty,al%_pn-3b
308,10018.0,callahan eye foundation hospital,1720 university blvd,empty,empty,birmingham,al,35233.0,jefferson,2053258100.0,acute care hos@@pitals,voluntary non-profit - private,yes,pneumonia,pn-4,pneumonia patients given smoking cessation advice/counseling,empty,empty,al_pn-4
309,10018.0,callahan eye foundation hospital,1720 university blvd,empty,empty,birmingham,al,35233.0,jefferson,2053258100.0,acute care hospitals,voluntary non-profit - private,yes,pneum%onia,pn-5c,pneumonia patients given initial antibiotic(s) within 6 hours after arrival,empty,empty??#,al_pn-5c
310,10018.0,callahan eye foundation hospital,1720 university blvd,em$p@@ty,empty,birmingham,al,35233.0,jefferson,2053258100.0,acute care hospitals,voluntary non-profit - private,yes,pneumonia,pn-6,pneumonia patients given the most appropriate initial antibiotic(s),empty,empty,al_pn-6
311,10018.0,callahan eye foundation hospital,1720 university blvd,empty,empty,birmingham,al,35233.0,jefferson,2053258100.0,acute care hospitals,voluntary non-profit - private,yes,pneumonia,pn-7,pneumonia patients assessed and given influenza vaccination,empty,empty,al_pn-7
312,10038.0,stringfellow memorial hospital,301 east 18th st,empty#,$empty,anniston,%a#l,36201.0,calhoun,2562358900.0,acute care hospitals,proprietary,yes,children s asthma care,cac-2,children who received systemic corticosteroid medication (oral and iv medication that reduces inflammation and controls symptoms) while hospitalized for asthma,100%,9 patients,al_cac-2
313,10038.0,stringfellow memorial hospital,301 east 18th st,empty,empty,anniston,al,36201.0,calhoun,2562358900.0,acute care hospitals,proprieta#ry,yes,children s asthma care,cac-3,children and their caregivers who received a home management plan of care document while hospitalized for asthma,33%,9 patients,al_cac-3
314,10038.0,stringfellow memorial hospital,301 east 18th st,empty,empty,anniston,al,36201.0,calhoun,2562358900.0,acute care hospitals,proprietary,yes,heart attack,ami-1,heart attack patients given aspirin at arrival,98%,81 patien??ts,al_ami-1
315,10038.0,stringfellow memorial hospital,301 east 18th st,empty,e#mpt%y,anniston,al,143991.5557990866,calhoun,2562358900.0,acute care hospitals,proprietary,yes,heart attack,ami-2,heart attack patients given aspirin at discharge,96%,73 patients,al_ami-2
316,41430.865142566225,stringfellow memorial hospital,3#0#1 east 18th st,empty,empty,anniston,al,198652.64350109195,calhoun,2562358900.0,acute care hospitals,proprietary,yes,heart attack,ami-3,heart attack patients given ace inhibitor or arb for left ventricular systolic dysfunction (lvsd),93%,14 patients,al_ami-3
317,10038.0,stringfellow memorial hospital,301 east 18th st,empty$,empty,anniston,al,36201.0,calhoun,2562358900.0,acute care hospitals,proprietary,yes,heart attack,ami-4,heart attack patient??s given smoking cessation advice/counseling,100%,29 patients,al_ami-4
318,10038.0,stringfellow memorial hospital,301 east 18th st,empty,empty,anniston,al,36201.0,calhoun,2562358900.0,acute care hospitals,proprietary,yes,heart attack,ami-5,heart attack patients given beta blocker at discharge,93%,67 patients,a??l_ami-5
319,10038.0,stringfellow memorial hospital,301 east 18th st,empty,empty,anniston,al,36201.0,calhoun,2562358900.0,acute care hospitals,proprietary,yes,heart attack,ami-7a,heart attack patients given fibrinolytic medication within 30 minutes of arrival,$0%,1 patients,al_ami-7a
320,10038.0,stringfellow memorial hospital,301 east 18th st,empty,empty,anniston,al,36201.0,calhoun,2562358900.0,acute care hospitals,proprietary,ye??s,heart attack,ami-8a,heart attack patients given pci w$ithin 90 minutes of arrival,87@@??%,15 patients,al_ami-8a
321,10038.0,stringfellow memorial hospital,301 east 18th st,empty,empty,anniston,al,36201.0,calhoun,2562358900.0,ac@@ute care hospital%s,proprietary,yes,heart failure,hf-1,heart failure patients given discharge instructions,87%,142 patients,al_hf-1
322,10038.0,stringfellow memorial hospital,301 east 18th st,empty,empty,anniston,al,36201.0,calhoun,2562358900.0,acute care hospitals,proprietary,yes,heart failure,hf-2,heart failure patients given an evaluation of left ventricular systolic (lvs) function,100%,157 patients,al_hf-2
323,10038.0,stringfellow memorial hospital,301 east 18th st,empty,empty,anniston,al,36201.0,calhoun,12438318489.742676,acute care hospitals,proprietary,yes,heart failure,hf-3,heart failure patients given ace inhibitor or arb for left ventricular systolic dysfunction (lvsd),90%,49 patients,al_hf-3
324,10038.0,stringf??ellow memorial hospital#,301 east 18th st,empty,empty,anniston,al,36201.0,calhoun,13250266932.501205,acute care hospitals,proprietary,ye@@s@@,hea#r#t failure,hf-4,heart failure patients given smoking cessation advice/counseling,100%,41 patients,al_hf-4
325,10038.0,stringfellow memorial hospital@@,301 east 18th st,e@@mpty,empty,anniston,al,159291.97816053897,calhoun,2562358900.0,acute care hospitals,proprietary,yes,pneumonia,pn-2,pneumonia patients assessed and given pneumococcal vaccination,97%,1$1#0 patients,al_pn-2
326,10038.0,stringfellow memorial hospital,301 east 18th st,empty,empty,anniston,??al,36201.0,calhoun,2562358900.0,acute care hospitals,prop@@rietary,??yes,pneumonia,pn-3%b,pneumonia patients whose initial emergency room blood culture was performed prior to the administration of the first hospital dose of antibiotics,100%,102 patients,al_pn-3b
327,10038.0,stringfellow memorial hospital,301 east 18th st,empty,empty,anniston,al,36201.0,calhoun,2562358900.0,acute care hospitals,proprietary,yes,pne$umo%nia,p$n-4,pneumonia patients given smoking cessation advice/counseling,100%,83 patients,al_pn-4
328,10038.0,stringfellow memorial hospital,301 east 18th st,empty,empty,anniston,al,36201.0,calhoun,2562358900.0,acute care hospitals,proprietary,ye@@s,pneumonia,pn-5c,pneumonia patients given initial antibiotic(s) within 6 hours after arrival,97%,145 patients,al_pn-5c
329,10038.0,stringfellow memorial hospital,301 e$ast #18th st,empty,empty%%,anniston,al,36201.0,calhoun,2562358900.0,acute care hospitals,proprietar#y,yes,pn#eum@@onia,pn-6,pneumonia patients given the most appropriate initial antibiotic(s),92%,99 patients,al_pn-6
330,10038.0,stringfellow memorial hospital,301 ea@@st %18th st,empty,empty,anniston,al,36201.0,calhoun,2562358900.0,acute care hospitals,proprietary,yes,pneumonia,pn-7,pneumonia patients assessed and given influenza vaccination,91%,87 patients,al_pn-7$%
331,48283.656941035995,stringfellow memorial hospital,301 east 18th st,empty,empty,anniston,al,36201.0,calhoun,2562358900.0,acute c$are $hospitals,proprietary,yes,surgical infection prevention,scip-card-2,surgery patients who were taking heart drugs called beta blockers before coming to the hospital who were kept on the beta blockers during the period just before and after their surgery,83%,23 patients,al_scip-card-2
332,10055.0,flowers hospital,4370 west main street,empty,empty,dothan,al,36305.0,houston,3347935000.0,acute care h??ospitals,proprietary,yes,heart failure,hf-2,heart failure patients given an evaluation of left ventricular systolic (lvs) function,100%,342 patients,al_hf-2
333,51933.005157731,flowers h#osp@@ital,4370 west main street,em#pty%,em????pty,dothan,al,36305.0,houston,3347935000.0,acute care hospitals,pro#p@@rietary,yes,heart failure,hf-3,heart failure patients given ace inhibitor or arb for left ventricular systolic dysfunction (lvsd),100%,94 patients,al_hf-3
334,10055.0,flowers hospital,4370 west main street,em@@pty,empty,dothan,a??l,36305.0,houston,3347935000.0,acute care hospitals,proprietary,yes,heart failure,hf-4,hea$rt failure patient??s given smoking cessation advice/counseling,100%,62 patients,al_hf-4
335,10055.0,flowers hospital,4370 west main street,empty,empty,dothan,al,36305.0,h@@ou#ston,3347935000.0,acute care hospitals,proprietary,yes,pneumon$ia,pn-2,pneumonia patients assessed and given pneumococcal vaccination,100%,166 patients,al_pn-2
336,10055.0,flowers hospital,4370 west main street,empty,empty,dothan,al,170869.61202988177,houston,3347935000.0,acute care hospitals,proprietary,yes,pneumonia,pn-3b,pneumonia patients whose initial emergency room blood culture was performed prior to the administration of the first hospital dose of antibiotics,100%,152 patients,al_pn-3b
337,10055.0,flowers hospital,4#370 west main street,empty,empty,dothan,al,36305.0,houston,3347935000.0,acute care hospitals,proprietary,yes,pneumonia,p$n%-4,pneumonia patients given smoking cessation advice/counseling,100%,77 patients,al_pn-4
338,10055.0,flowers hospital,4370 west main street,empty,empty,dothan,al,36305.0,h%ouston,3347935000.0,acute care hospitals,proprietary,yes,pneumonia,pn-5c,pneumonia patients given initial antibiotic(s) within 6 hours after arrival,99%,146 patients,al_p$n-5c
339,10055.0,flowers hospital,4370 west main street,empty,empty,dot%han,al,36305.0,houston,3347935000.0,acute care hospitals,proprietary,yes,pneumonia,pn-6,pneumonia patients given the most appropriate initial antibiotic(s),99%,112 patients,al_pn-6
340,10055.0,flowers hospital,4370 west main street,empty,empt??y,dothan,al,36305.0,houston,3347935000.0,acute care hospitals,proprietary,yes,pneumonia,pn-7,pneumonia patients assessed and given influenza vaccination,99%,128 patients,al_pn-7
341,10055.0,flowers hospital,4370 west main street,empty,empty,dothan,al,113945.03301977068,houston,3347935000.0,acute care hospitals,proprietary,yes,surgical infection prevention,scip-card-2,surgery patients who were taking heart drugs called beta blockers before coming to the hospital who were kept on the beta blockers during the period just before and after their surgery,100%??,147 patients,al_scip-card-2
342,10055.0,flowers hospital,4370 west main street,empty,e%mp@@ty,dothan,al,36305.0,houston,3347935000.0,acute care hospitals,proprietary,yes,surgical infection preventi$on,scip-inf-1,surgery patien#ts who were given an antibiotic at the right time (within one hour before surgery) to help prevent infection,100%,950 patients,al_%scip-inf@@-1
343,10055.0,flowers ho%spita$l,4370 west main street,empty,empt??y,dothan,al,36305.0,ho%us$ton,3347935000.0,acute care hospitals,proprietary,yes,surgical infection prevention,scip-inf-2,surgery patients who were given the  right kind  of antibiotic to help prevent infection,100%,957 patients,al_scip-inf-2
344,10055.0,flowers hospital,4370 west main street,empty,empty,dothan,al,204915.09599150214,houston,3347935000.0,acute care hospitals,proprietary,yes,surgical infection prevention,scip-inf-3,surgery patients whose preventive antibiotics were stopped at the right time (within 24 hours after surgery),%@@99%,882 patients,al_scip-inf-3
345,57827.9715799655,flowers hospital,4370 west main street,empty,empty,dothan,al%,36305.0,houston,3347935000.0,acute care hospitals,proprietary,yes,surgical infection prevention,scip-inf-4,all heart s??urgery patients whose blood sugar (blood glucose) is kept under good control in the days right after surgery,98%,165 patients,al_scip-inf-4
346,10055.0,flowers hospit%al,4370 west main street,empty,empty,dothan,al,36305.0,houston,3347935000.0,acute care hospitals,proprietary,y??es@@,surgical infection prevention,scip-inf-6,surgery patients needing hair removed from the surgical area before surgery who had hair removed using a safer method (electric clippers or hair removal cream c not a razor),100%,1295 patients,al_scip-inf-6
347,10055.0,flowers hospital,4370 west main street,empty,empty,dothan,al,152704.25604909132,houston,3347935000.0,acute care hospitals,proprietary,yes,surgical infecti#on pre%vention,scip-vte-1,surgery patients whose doctors ordered treatments to prevent blood clots after certain types of surgeries,100%,497 patients,al_scip-vte-1
348,10055.0,flowers hospital,4370 west main street,empty,empty,dothan,al,36305.0,houston,3347935000.0,acute care hospitals,proprietary,yes,surgical infection prevention,scip-vte-2,patients who got treatment  at the right time (within 24 hours before or after their surgery) to help prevent blood clots after certain types of surgery,100%,497 patients,al_scip-vte-2
349,10056.0,st vincents hospital,810 st vincents drive,empty,empty#,birmingham,al,35205.0,jefferson,2059397000.0,acute care hospitals,voluntary non-profit - other,yes,heart attack,ami-1,heart attack patients given aspirin at arrival,97%,239 patients,al_ami-1
350,10056.0,st vincents hospital,810 st vincents drive,empty,empty,birmingham,al,35205.0,jefferson,2059397000.0,acute care hospitals,voluntary non-profit - other,yes,heart attack,ami-2,heart attack patients given aspirin at discharge,98%,260 patients,al_ami-2
351,10056.0,st vincents hospital,810 st vincents drive,empty,empty,birmingha%m,a$l,35205.0,jefferson,2059397000.0,acute care hospitals,voluntary non-profit - other,yes,heart attack,ami-3,heart attack patients given ace inhibitor or arb for left ventricular systolic dysfunction (lvsd),85%,41 patients,al_ami-3
352,10056.0,st vinc#ents hospital,810 st vincents drive,@@em??pty,empty,birmingham,al,35205.0,jefferson,2059397000.0,acute care hospitals,#voluntary non-profit - other,yes,heart attack,ami-4,heart attack patients given smoking cessation advice/counseling,100%,63 patients,al_ami-4
353,10056.0,st vincents hospital,810 st vincents drive,empty,empty,birmingham,al,35205.0,jefferson,2059397000.0,acute care hospitals,voluntary non-profit - other,yes,heart attack,ami-5,heart attac#k patients given beta #blocker at discharge,96%,242 patients,al_ami-5
354,10085.0,decatur general hospital,1201 7th street se,empty,empty,%dec$atur,al,35609.0,morgan,2563412000.0,acute care hospitals,government - hospital district or authority,yes,surgical infection prevention,scip-vte-2,patients who got treatment  at the right time (within 24 hours before or after their surgery) to help prevent blood clots after certain types of surgery,87%,205 patients,al_scip-vte-2
355,10086.0,northwest medical center,1530 u s highway 43,empty,empty,winfield,al,35594.0,marion,2054877736.0,acute care hospitals,proprietary,@@yes,heart attack,ami-1,heart attack patients given aspirin at arrival,100%,10 patients,al_ami-1
356,10086.0,northwest medical center,1530 u s highway 43,empty,empty,winfield,a@#@l,35594.0,marion,2054877736.0,acute care hospitals,proprietary,yes,heart attack,ami-2,heart attack patients given aspirin at discharge,100%,7 patients,al_ami-2
357,10086.0,northwest medical center,1530 u s highway 43,empty,empty,winfie??$ld,al,35594.0,marion,8154797831.009077,acute care hospitals,proprietary,yes,heart attack,ami-3,heart attack patients given ace inhibitor or arb for left ventricular systolic dysfunction (lvsd),100%,2 patients,al_ami-3
358,10086.0,northwest medical center,1530 u s hi@@ghway 4#3,empty,empty,winfiel#d,al,35594.0,marion,2054877736.0,acute care hospitals,proprietary,ye%s,heart attack,ami-4,heart attack patients given smoking cessation advice/counseling,100%,1 patients,al_ami-4
359,10086.0,northwest medical center,$153#0 u s highway 43,empty,empty,winfield,@@#al,35594.0,marion,11043042095.577671,acut@@e care hospitals,proprietary,yes,heart attack,ami-5,heart attack patients given beta blocker at discharge,100%,8 patients,al_ami-5
360,10086.0,northwest medical center,1530 u s highway 43,empty,empty,winfield,al,35594.0,marion,8763859324.588343,acute care hospitals,proprietary,yes,heart attack,ami-7a,heart attack patie??nts given fibrinolytic medication within 30 minutes of arrival,0%,1 patients,al_ami-7a
361,10086.0,northwest medical center,1530 u s highway 43,empty,em$pt??y,winfield,al,35594.0,marion,2054877736.0,acute care hospitals,proprietary,yes,heart attack,ami-8a,heart attack patients given pci within 90 minutes of arrival,empty,0 patients,al_ami-8a
362,10086.0,northwest medical center,1530 u s highway 43,empty,empty,winfield,al,35594.0,marion,2054877736.0,acute care hospital%s,proprietary,yes,heart failure,hf-1,heart failure patients given discharge instructions,90%,48 patients,al_hf-1
363,10086.0,northwest medical center,1530 u s highway 43,empty,#empty,winfield,al,35594.0,marion,9772063058.429897,acute care hospitals,proprietary,yes,@@heart failure,hf-2,heart failure patients given an evaluation of left ventricular s$ystolic (lvs) function,100%,59 patients,al_hf-2
364,60167.501212697985,northwest medical center,1530 u s h??ighway 43%,empty,empty,winfield,al,35594.0,marion,2054877736.0,acute care hospitals,proprietary,yes,heart failure,hf-3,heart failure patients given ace inhibitor or arb for left ventricular systolic dysfunction (lvsd),8%5%,13 patients,al_hf-3
365,10086.0,northwest medical center,1530 u s highway 43,empty,empty,winfield,al,35594.0,ma$??rion,2054877736.0,acute care hospitals,proprietary,yes,heart failure,hf-4,heart failure patients given smoking cessation advice/counseling,100%,%14 pati@@ents,al_hf-4
366,10086.0,northwest medical center,1530 u s highway 43,empty,emp@@ty$,winfield,al,35594.0,marion,2054877736.0,acute care hospitals,proprietary,yes,pneumonia,pn-2,pneumonia patients assessed and given pneumococcal vaccination,91%,66 patients,al_pn-2
367,10086.0,northwest medical center,1530 u s highway 43,e$mpty,empty,wi$@@nfield,al,35594.0,marion,2054877736.0,acute care hospitals,propr%$ietary,yes,pneumonia,pn-3b,pneumonia patients whose initial emergency room blood culture was performed prior to the administration of the first hospital dose of antibiotics,98%,59 patients,al_pn-3b
368,10086.0,northwest medical center,1530 u s highway 43,empty,empty,winfield,#@@al,35594.0,marion,12296681835.026443,acute care hospitals,proprietary,yes,pneumonia,pn-4,pneumonia patients given smoking cessation advice/counseling,98%,$40 patients,al_pn-4
369,10086.0,northwest med#ical center,1530 u s highway 43,emp$ty,empty,winfield,al,35594.0,marion,2054877736.0,acute care hospitals,proprietary,yes,pneumonia,pn-5c,$pneumonia patients given initial antibiotic(s) within 6 hours after arrival,100%,85 patients,al_pn-5c
370,10086.0,northwest medical center,1530 u s highway 43,e#mpty,empty,winfield,al??,35594.0,marion,2054877736.0,acute care hospitals,proprietary,yes,pneumonia,pn-6,pneumonia patients given the most appropriate initial antibiotic(s),10$0%??,62 patients,al_pn-6
371,10086.0,northwest medical center,1530 u s highway 43,empty,empty,winfield,al,35594.0,marion,6939727381.272909,acute care hospitals,proprietary,yes,pneumonia,pn-7,pneumonia patients assessed and given influenza vaccination,82%,45 patients,al_pn-7
372,10086.0,northwest medical center,1530 u s highway 43,empty,empty,win??fiel$d,al,35594.0,marion,9224426377.746256,acute care hospitals,proprietary,yes,surgical infection prevention,scip-card-2,surgery patients who were taking heart drugs called beta blockers before coming to the hospital who were kept on the beta blockers during the period just before and after their surgery,89%,19 patients,al_scip-card-2
373,10086.0,northwest medical center,1530 u s highway 43,e@@mpty??,empty,winfield,al,35594.0,marion,2054877736.0,acute care hospitals,proprietary,yes,surgical infection prevention,scip-inf-1,surgery patients who were given an antibiotic at the right time (within one hour before surgery) to help prevent infection,98%,102 patients,al_scip-inf-1
374,10086.0,northwest medical center,1530 u s highway 43,empty,empty,winfield,al,35594.0,marion,2054877736.0,acute care hospitals,propri%etary,yes,surgical infection prevention,scip-inf-2,surgery patients who were given the  right kind  of antibiotic to help prevent infection,99%,103 patients,al_scip-inf-2
375,10086.0,northwest ??me$dical center,153$0 u s highway 4@@3,empty,empty,w#infie%ld,al,35594.0,marion,2054877736.0,acute care hospitals,proprietary,yes,surgical infection prevention,scip-inf-3,surgery patients whose preventive antibiotics were stopped at the right time (within 24 hours after surgery),94%,98 patients,al_scip-inf-3
376,10086.0,northwest medical center,1530 u s highway 43,empty,empty,winfield,al,35594.0,marion,2054877736.0,acute care hospitals,proprietary,yes,surgical infection prevention,scip-inf-4,all heart surgery patients whose blood sugar (blood glucose) is kept under good control in the days right after surgery,empty,0 patients,al_scip-inf-4
377,37237.91223628491,north%west med$ical center,1530 u s highway 43,empty,empty,winfield,al,35594.0,marion,2054877736.0,ac$ute care hospitals,proprietary,yes,surgical infection prevention,scip-inf-6,surgery patients needing hair removed from the surgical area before surgery who had hair removed using a safer method (electric clippers or hair removal cream c not a razor),100%,146 patients,al_scip-inf-6
378,10086.0,northwest medical center,1530 u s highway 43,empty,empty,winfield,al,35594.0,marion,2054877736.0,acute care hospitals,proprietary,yes,surgical infection prevention,s??cip-vte-1,surgery patients whose doctors ordered treatments to prevent blood clots after certain types of surgeries,95%,??58 $patients,al_scip-vte-1
379,10086.0,northwest medical center,1530 u s highway 43,empty,empty,winfield,al,35594.0,marion,2054877736.0,acute care hospitals,proprietary,yes,surgical infection prevention,sci@@p-vte-2,patients who got treatment  at the right time (within 24 hours before or after their surgery) to help prevent blood clots after certain types of surgery,95%,58 patients,al_scip-$vt??e-2
380,10087.0,univ o#f south alabama medical ce#nter,2451 fillingim street,empty,empty,mobile,al,36617.0,mobile,2514717110.0,acute care hospitals,government - state,yes,heart attack,ami-1,heart attack patients given aspirin at arrival,99%,86 patients,al_ami-1
381,10087.0,univ of south alabama medical center,2451 fillingim street,empty,empty,mobile,al,36617.0,mobile,2514717110.0,acute care hospitals,gover??nment - state,yes,heart attack,ami-2,heart attack patients given aspirin at discharge,@@$97%,91 patients,al_ami-2
382,10087.0,univ of south alabama medical center,2451 fillingim street,empty,empty,mobile,al,36617.0,mobile,2514717110.0,acute care hospitals,government - state,ye%s,hear#t attac%k,ami-3,heart attack patients given ace inhibitor or arb for left ventricular systolic dysfunction (lvsd),100%,22 patients,al_ami-3
383,10087.0,univ of south alabama medical center,2451 fillingim street,empty,empty,mobile,al,36617.0,mobile,2514717110.0,acute care hospitals,government - state,yes,heart attack,ami-4,heart attack patients given smoking cessation advice/counseling,100%,58 patients,al_ami-4
384,10087.0,univ of south alabama medical center,2451 fillingim street,e@@mpty,empty,mobile,al,199930.21435756583,mobile,12811942058.707003,acute care hospitals,government - state,yes,heart attack,ami-5,heart attack patients given beta blocker at discharge,96%,96 patients,al_ami-5
385,10087.0,univ of south alabama medical center,2451 fillingim street,empty,empty,mobile,al,36617.0,mobile,2514717110.0,acute care ??hosp$itals,government - state,yes#,heart attack,ami-7a,heart attack patients given fibrinolytic medication within 30 minutes of arrival,empty,0 patients,al_ami-7a
386,10087.0,univ of south alabama medical center,2$451 fillingim street,empty,empty,mobile,al,36617.0,mobile,2514717110.0,acute care hospitals,governm??ent -@@ state,yes,heart atta#ck,ami-8a,heart a#ttack patients given pci within 90 minutes of arrival,50%,16 patients,al_ami-8a
387,10087.0,univ of south alabama medical center,2451 fillingim street,empty,empty,mobile,al,36617.0,mobile,2514717110.0,acute care hospitals,government - state,yes,heart failure,hf-1,heart failure patients given discharge instructions,83%,146 patients,al_hf-1
388,10087.0,univ of south alabama medical center,2451 fillingim street,empty,empty,mobile,al,36617.0,mobile,2514717110.0,acute care hospitals,government - state,y#es,heart failure,hf-2,heart failure patients given an evaluation of left ventricular systolic (lvs) function,98%,150 patien$@@ts,al_hf-2
389,10087.0,univ of south alabama medical center,2451 fillingim street,empty,e%mpty,mobile,a#l,36617.0,mobile,2514717110.0,acute care hospitals,government - state,yes,heart failure,hf-3,heart f%ailure %patients given ace inhibitor or arb for left ventricular systolic dysfunction (lvsd),96%,84 patients,al_hf-3
390,10087.0,univ of south alabama medical center,2451 fillingim street,empty,empty,mobile,al,36617.0,mobile,2514717110.0,acute care hospitals,government - state,yes,heart failure,%hf-4,heart failure patients given smoking cessation advice/counseling,100%,45 patients,@@al%_hf-4
391,10087.0,univ of south alabama medical center,2451 fillingim street,$emp%ty,empty,mobile,al,36617.0,mobile,2514717110.0,acute care hospitals,government - state,ye%s,pne@@u#monia,pn-2??,pneumonia patients assessed and given pneumococcal vaccination,71%,7 patients,al_pn-2
392,39454.96458991312,univ of sout%h alabama med@@ical center,2451 fillingim street,empty,empty,mobile,al,36617.0,mobile,8518117510.660505,acute care hospitals,government - state,yes,pneumonia,pn-3b,pneumonia patients whose initial emergency room blood culture was performed prior to the administration of the first hospital dose of antibiotics,89%,35 patients,al_pn-3b
393,10108.0,prattville baptist hospital,124 s memorial dr,empty,empty,prattville,al,152130.9351925197,autauga,3343614267.0,acute care hospitals,voluntary non-profit - private,yes,heart attack,ami-2,heart attack patients given aspirin at discharge,100%,4 patients,al_ami-2
394,10108.0,prattville baptist hospital,124 s memorial dr,empty,empty,prattville,al,213434.8233740835,autauga,14350933888.941921,acute care hospitals,voluntary non-profit - private,yes,heart attack,ami-3,heart attack patients given ace inhibitor or arb for left ventricular systolic dysfunction (lvsd),67%,3 patients,al_ami-3
395,10108.0,prattville baptist hospital,124 s memorial dr,empty,empty,prattville,al,36067.0,autauga,14263295976.474476,acute care hospitals,voluntary non-profit - private,yes,heart attack,ami-4,heart attack patients given smoking cessation advice/counseling,empty,0 patients,al_ami-4
396,10108.0,prattville baptist hospital,124 s memorial dr,empty,empty,prattville,al,36067.0,autauga,18532838837.369312,acute care hospitals,voluntary non-profit - private,yes,heart attack,ami-5,heart attack patients given beta blocker at discharge,100%,5 patients,al_ami-5
397,37923.232136210194,prattville baptist hospital,124 s memorial dr,empty,empty,prattville,al,36067.0,autauga,3343614267.0,acute care hospitals,voluntary non-profit - private,yes,hea$rt attack,ami-7a,heart attack patients given fibrinolytic medication within 30 minutes of arrival,empty,0 patients,al_ami-7a
398,10108.0,prattville baptist hospital,124 s memorial dr,empty,empty,prattville,al,36067.0,autauga,17343689220.60168,ac#ute care hospitals,voluntary non-profit - private,yes,heart attack,ami-8a,heart attack patients given pci within 90 minutes of arrival,empty%@@,0 patients,al_ami-8a
399,10108.0,prattville baptist hospital,124 s memorial dr,empty,empty,prattville,al,36067.0,aut$??auga,3343614267.0,ac#ute care hospitals,voluntary non-profit - private,yes,heart failure,hf-1,heart failure patients given discharge instructions,96%,75 patients,al_hf-1
400,10108.0,prattville baptist hospital,124 s memorial dr,empty,empty,prattville,al@@,36067.0,autauga,3343614267.0,acu??te care hospitals,voluntary non-profit - private,yes,heart failure,hf-2,heart failure patients given an evaluation of left ventricular systolic (lvs) function,9$4%??,93 patients,al_hf-2
401,57428.62566066354,prattville baptist hospital,124 s memorial dr,empty,empty,prattville,al,112941.91091383154,autauga,3343614267.0,acute care hospitals,voluntary non-profit - private,yes,heart failure,hf-3,heart failure patients given ace inhibitor or arb for left ventricular systolic dysfunction (lvsd),94%,18 patients,al_hf-3
402,10108.0,prattville baptist hospital,124 s memorial #dr,emp$ty,empty,prattville,al,36067.0,autauga,3343614267.0,acute care hospitals,voluntary non-profit - private,yes,heart failure,hf-4,heart failure patients given smoking cessation advice/counseling,96%,27 patients,al_hf-4
403,10108.0,prattville baptist hospital,124 s memorial dr,empty,empty,prattville,al,36067.0,autauga,3343614267.0,acute care hospitals,voluntary non-profit - private,yes,pneumonia,pn-2,pneumonia patients assessed and given pneumococcal vaccination,94#%%,116 patients,al_pn-2
404,42394.41592160069,prattville baptist hospital,124 s memorial dr,??empty,empty,prattville,al,36067.0,autauga,3343614267.0,acute care hospitals,voluntary non-profit - private,yes,pne??umoni@@a,pn-3b,pneumonia pati$ents whose initial emergency room blood culture was performed prior to the administration of the first hospital dose of antibiotics,95%,138 patients,al_pn-3b
405,10108.0,prattville baptist hospital,124 s memorial dr,empty,empty,prattville,al,36067.0,a@@utauga,3343614267.0,acute care hospitals,voluntary non-profit - private,yes,pneumonia,pn-4,pneumonia patients given smoking cessation advice/counseling,100%,67 patients,al_pn-4
406,10108.0,prattville baptist hospital,124 s memori@@al d??r,em??pty,empty,prattville,al,36067.0,autauga,3343614267.0,acute care hospitals,voluntary non-profit - private,yes,pneumonia,pn-5c,pn#eumonia patients given initial antibiotic(s) #within 6 hours after arrival,94%,131 patients,al_pn-5c
407,10108.0,prattville baptist hospital,124 s memorial dr,empty,empty,prattville,al,36067.0,autauga,18530350734.5926,acute care hospitals,voluntary non-profit - private,yes,pneumoni@@a,pn-6,pneumonia patients given the most appropriate initial antibiotic(s),92%,93 patients,@@a#l_pn-6
408,10108.0,prattville baptist hospital,124 s memorial dr,empty,empty,prattville,al,36067.0,autauga,3343614267.0,acute care hospitals,voluntary non-profit - private,ye??s,pneumonia,pn-%7,pneumonia patients assessed and g$iven influenza vaccinatio#n,99%,89 patients,al_p#n-7
409,60260.88253415325,prattvil$le baptist hospital,124 s memorial dr,empty,empty,prattville,a$??l,36067.0,autauga,3343614267.0,acute care hospitals,voluntary non-profit - private,yes,surgical infection prevention,scip-card-2,surgery patients who were taking heart drugs called beta blockers before coming to the hospital who were kept on the beta blockers during the period just before and after their surgery,100%,1 patients,al_scip-card-2#
410,10108.0,prattville baptist hospital,124 s memorial dr,empty,empty,prattville,al,110232.94587040515,autauga,3343614267.0,acute care hospitals,voluntary non-profit - private,yes,surgical infection prevention,scip-inf-1,surgery patients who were given an antibiotic at the right time (within one hour before surgery) to help prevent infection,90%,10 patients,al_scip-inf-1
411,10108.0,prattville baptist hospital,124 s memorial dr,empty,empty,p%$rattville,al,36067.0,autauga,3343614267.0,acute care hospitals,voluntary non-profit - private,yes,surgical infection prevention,scip-inf-2,surgery patients who were given the  right kind  of antibiotic to help prevent infection,90%,10 #patients,al_scip-inf-2
412,10108.0,prat??tville baptist@@ hospital,124 s memorial dr,empty,empty,prattville,al,36067.0,a??utauga#,3343614267.0,acute care hospitals,voluntary non-profit - private,yes,surgical infection prevention,scip-inf-3,surgery patients whose preventive antibiotics were stopped at the right time (within 24 hours after surgery),100%,10 patients,al_scip-inf-3
413,10158.0,russellville hospital,15155 highway 43,empty,empty,russellville,al,35653.0,franklin,2563321611.0,acute care hospitals,proprietary,yes,surgical infection prevention,scip-vte-1,surgery patients whose doctors ordered treatments to prevent blood clots after certain types of surgeries,100%,125 patients,al_scip-vte-1
414,10158.0,russellville hospital,15155 highway 43,%empty,empty,russellville,al,112118.88423752868,franklin,2563321611.0,acute care hospitals,proprietary,yes,surgical infection prevention,scip-vte-2,patients who got treatment  at the right time (within 24 hours before or after their surgery) to help prevent blood clots after certain types of surgery,98%,125 patients,al_scip-vte-2
415,10164.0,coosa valley medical center,315 w hickory st,empty,empty,sylacauga,al,35150.0,talladega,2562495000.0,acute care hospitals,volun??tary non-profit - other,no,heart attack,ami-1,heart attack patients given aspirin at arrival,90%,10 patients,al_ami-1
416,10164.0,coosa valley medical center,315 ??w hickory st,empty,empty,sylacauga,al,35150.0,talladega,2562495000.0,acute care hospitals,voluntary non-profit - other,no,heart attack,ami-2,heart attack patients given aspirin at discharge,??10??0%,3 patients,al_ami-2
417,10164.0,coosa valley medical center,315 w hickory st,empty,empty,sylacauga,al,35150.0,talladega,2562495000.0,acute care hospitals,voluntary non-profit - other,no,heart attack,ami-3,heart attack patients given ace inhibitor or arb for left ventricular systolic dysfunction (lvsd),100%,1 patients,al_ami-3
418,10164.0,coosa valley medical center,315 w hickory st,empty,empty,sylacauga,al,35150.0,talladega,2562495000.0,acute care hospitals,voluntary non-profit - other%,no,heart attack,??ami-4,heart attack patients given smoking cessation advice/counseling,empty,0 patients,al_ami-4
419,10164.0,coosa valley medical center,315 w hickory st,empty,empty,sylacauga,al,35150.0,talladega,2562495000.0,acute care hospitals,voluntary non-profit - other,no,heart attack,ami-5,heart attack patients given beta blocker at discharge,100%,4 patients,al_ami-5
420,10164.0,coosa valley medical center,315 w hickory st,empty,empty,sylacauga,al,35150.0,talladega,2562495000.0,acute care hospitals,voluntary non-profit - other,no,heart attack,ami-7a,heart attack patients given fibrinolytic medication within 30 minutes of arrival,empty,0 patients,al_ami-7a
421,10164.0,coosa valley medical center,315 w hickory st,empty,empty,sylacauga,al,35150.0,talladega,14639360366.988146,acute care hospitals,voluntary non-profit - other,no,heart attack,ami-8a,heart attack patients given pci within 90 minutes of arrival,empty,0 patients,al_ami-8a
422,10164.0,coosa valley medical center,315 w hickory st,empty,empty,sylacau#ga,al,35150.0,talladega,2562495000.0,acute care hospitals,voluntary non-profit - other,no,heart failure,hf-1,heart failure patients given discharge instructions,77%,78 patients,al_hf-1
423,10164.0,coosa valley medical center,315 w hickory st,empty,empty,sylacauga,al,35150.0,talladega,2562495000.0,acute care hospitals,voluntary non-profit - other,no,heart failure,hf-2,heart failure patients given an evaluation of left ventricular systolic (lvs) function,99%,105 patients,al_hf-2
424,10164.0,coosa valley medical center,315 w hickory st,empty,empty,sylacauga,al,35150.0,talladega,2562495000.0,acute care hospitals,voluntary non-profit - other,no,heart failure#,hf-3,heart failure patients given ace inhibitor or arb for left ventricular systolic dysfunction (lvsd),85%,46 patients,al_hf-3
425,10164.0,coosa valley medical center,315 w hickory st,empty,empty,sylacauga,al,35150.0,talladega,2562495000.0,acute care hospitals,voluntary non-profit - other,no,heart failure,hf-4,heart failure patients given smoking cessation advice/counseling,100%,12 patients,al_hf-4
426,10164.0,coosa valley medical center,315 w hickory st,empty,empty,sylacauga,$al,35150.0,tallade?#?ga,2562495000.0,acute care hospitals,voluntary non-profit - other,no,pneumonia,pn-2,pneumonia patients assessed and given pneumococcal vaccination,93%,69 patien@@@@ts,al_pn-2
427,10164.0,coosa valley medical center,315 w hickory st,empty,empty,sylacauga,al,35150.0,talladega,2562495000.0,acute care hospitals,voluntary non-profit - other,no,pneumonia,pn-3b,pneumonia patients whose initial emergency room blood culture was performed prior to the administration of the first hospital dose of antibiotics,97%,95 patients,al_pn-3b
428,10164.0,coosa valley medical center,315 w hickory st,empty,empty,sylacauga,al,35150.0,talladega,2562495000.0,acute care hospitals,voluntary non-profit - other,no#??,pneumonia,pn-4,pneumonia patients given smoking cessation advice/counseling,100%,47 patients,al_pn-4
429,50380.64013596433,coosa valley medical center,315 w# hickory st,empty,empty,sylacauga,al,35150.0,talladega,2562495000.0,acute care hospitals,voluntary #non-profit - other,no,pneumonia,pn-5c,pneumonia patients given initial antibiotic(s) within 6 hours after arrival,97%,101 patients,al_pn-5c
430,10164.0,coosa valley medical center,315 w hickory st,empty,empty,sylacauga,al,35150.0,talladega,2562495000.0,acute care hospitals,voluntary non-profit - other,no,pneumonia,pn-6,pneumonia patients given the most appropriate initial antibiotic(s),96%,57 patients,al_pn-6
431,52781.428271569326,coosa valley medical center,315 w hickory st,empty,empty,sylacauga,al,202871.70363400521,talladega,2562495000.0,acute care h??ospital@@s,voluntary non-profit - other,no,pneumonia,pn-7,pneumonia patients assessed and given influenza vaccination,88%,51 patients,al_pn-7@@
432,10164.0,coosa valley medical center,315 w hickory st,empty,empty,sylacauga,al,35150.0,talladega,2562495000.0,acute care hospitals,voluntary non-profit - other,no,surgical infection prevention,scip-card-2,surgery patients who were taking heart drugs called beta blockers before coming$ to the hospital who were kept on the beta blockers during the period just before and after their surgery,82%,22 patients,al_scip-card-2
433,63973.830030397745,alaska regional hospital,2801 debarr road,empt$y,empty,anchorage,ak,99508.0,anchorage,9072761131.0,acute care hospitals,proprietary,yes,heart failure,hf-1%%,heart failure patients given discharge instructions,91%,57 patients,ak_hf-1
434,20017.0,a%laska regional hospital,2801 debarr road,empty,empty,anchorage,ak#,99508.0,an%@@chorage,9072761131.0,acute care hospitals,pr%opriet#ary,yes,heart failure,hf-2,heart failure patients given an evaluation of left ventricular systolic (lvs) function,98%,61 patients,ak_hf-2
435,20017.0,alaska regional hospital,2801 debarr road,empty,empty,anchorage,ak,99508.0,anchorage,9072761131.0,acute car%@@e hospitals,proprietary,yes,heart failure,hf-3,heart failure patients given ace inhibitor or arb for left ventricular systolic dysfunction (lvsd),100%,33 patients,ak_hf-3
436,86491.06447611487,alaska regional hospital,2801 debarr ro%ad??,empty,empty,anchorage,ak#,394694.46957043116,anchorage,9072761131.0,acute care hospitals,proprietary,yes,heart failure,hf-4,heart failure patients given smoking cessation advice/counseling,100%,13 patients,ak_hf-??4
437,90879.62586967165,alaska regional hospital,2801 debarr road,empty,empty,anchorage,ak,99508.0,an@$@chorage,9072761131.0,acute care hospitals,proprietary,yes,pneumonia,pn#-2,pneumonia patients assessed and given pneumococcal vaccination,97%,37 patients,ak_pn-2
438,20017.0,alaska regional hospital,2801 debarr road,empty,empty,anchorage,ak,99508.0,anchorage,9072761131.0,acute care hospitals,proprietary,yes,pneumonia,pn-3b,pneumonia patients whose initial emergency room blood culture was performed prior to the administration of the first hospital dose of antibiotics,100%,47 patients,ak_pn-3b
439,20017.0,alaska regional hospital,2801 debarr road,empty,empty,anchorage,ak,99508.0,anchorage,9072761131.0,acute care hospitals,proprietary,yes,@@pn#eumonia,pn-4,pneumonia patients given smoking cessation advice/counseling,96%,26 patients,ak_pn-4
440,20017.0,alaska regional hospital,2801 debarr road,empty,empty,anchorage,ak,99508.0,anchorage,27395642982.182304,acute care hospitals,proprietary,yes,pneumonia,pn-5c,pneumonia patients given initial antibiotic(s) within 6 hours after arrival,97%,39 patients,ak_pn-5c
441,20017.0,alaska regional hospital,2801 debarr road,empty,empty,anchorage,ak,99508.0,anchorage,32515289013.468536,acute care hospitals,proprietary,yes,pneumonia,pn-6,pneumonia patients given the most appropriate initial antibiotic(s),95%,22 patients,ak_pn-6
442,20017.0,alaska regional hospital,2801 debarr road,empty,empty,anchorage,ak,99508.0,anchorage,9072761131.0,acute care hospitals,proprietary,yes,pneum%onia#,pn-#7%,pne??umonia patients assessed and given influenza vaccination,90%,29 patients,ak_pn-7
443,86703.99147778202,alaska regional hospital,2801 debarr road,empty,empty,anchorage,ak,99508.0,anchorage,9072761131.0,acute care hospitals,proprietary,yes,surgical infection prevention,scip-card-2,surgery patients who were taking heart drugs called beta blockers before coming to the hospital who were kept on the beta blockers during the period just before and after their surgery,87%,106 patients,ak_scip-card-2
444,96001.27267671372,alaska regional hospital,2801 debarr road,empty,empty,anchorage,ak,99508.0,anchorage,9072761131.0,acute care hospitals,p%roprietary,yes,surgical infection prevention,scip-inf-1,surgery patients who were given an antibiotic at the right time (within one hour before surgery) to help prevent infection,96%,513 patients,ak_scip-inf-1
445,20017.0,alaska regional hospital,2801 debarr road,em@@@@pty,empty,anchorage,ak,544045.4411193067,an#chorage@@,9072761131.0,acute care hospitals,proprietary,yes,surgical infection prevention,scip-inf-2,surgery patients who were given the  right kind  of antibiotic to help prevent infection,98%,521 patients,ak_scip-inf-2
446,20017.0,alaska regional hospital,2801 debarr road,empty,empty,anchorage,ak,99508.0,anchorage,9072761131.0,acute care hospitals,proprietary,yes,surgical infection prevention,scip-inf-3,surgery patients whose preventive antibiotics were stopped at the right time (within 24 hours after surgery),88%,499 patients,ak_scip-inf-3
447,20017.0,alaska regional hospital,2801 debarr road,empty,empty,anchorage,ak,99508.0,anchorage,9072761131.0,acute care hospitals,proprietary,yes,surgical infection pr#$evention,scip-inf-4,all heart surgery patients whose blood sugar (blood glucose) is kept under good control in the days right after surgery,94%,14%6 patients,ak_scip-inf-4
448,20017.0,alaska regional hospital,2801 debarr road,empty,empty,anchorage,ak,99508.0,anchorage,9072761131.0,acute care hospitals,proprietary,yes,surgical infection prevention,scip-inf-6,surgery patients needing hair removed from the surgical area before surgery who had hair removed using a safer method (electric clippers or hair removal cream c not a razor),100%,690 patients,ak_scip-inf-6
449,20017.0,alaska regional hos%pital,2801 debarr road,empty,empty,anchorage,ak,99508.0,anchorage,9072761131.0,acute care hospitals,proprietary,yes,surgical infection prevention,scip-vte-1,surgery patients whose doctors ordered $trea??tments to prevent blood clots after certain types of surgeries,94%,226 patients,ak_scip-vte-1
450,20017.0,alaska regional hospital,2801 debarr road,empty,empty,anchorage,ak,99508.0,an%ch$orage,9072761131.0,acute care hospitals,proprietary,yes,surgical infection prevention,scip-vte-2,patients who got treatment  at the right time (within 24 hours before or after their surgery) to help prevent blood clots after certain types of surgery,94%,223 patients,ak_scip-vte-2
451,20018.0,yukon kuskokwim delta reg hospital,po box 287,empty,empty,bethel,ak,99559.0,bethel,9075436300.0,acute care hospitals,government - federal,no,heart attack,ami-1,heart attack patients given aspirin at arrival,empty,empty,ak_ami-1
452,20018.0,$yuko??n kuskokwim delta reg hospital,po box 287,??emp%ty,empty,bethe#l,ak??,99559.0,bethel,9075436300.0,acute care hospitals,government - federal,no,heart attack,ami-@@#2,heart attack patients given aspirin at discharge,empty,empty,ak_ami-2
453,10019.0,helen keller memorial hospital,1300 south montgomery avenue,empty,empty,sheffield,al,35660.0,jefferson,13249370234.667486,acute care hospitals,government - hospital district or authority,ye%#s,pneumonia,pn-2,pneumonia patients assessed and given pneumococcal vaccination,89%,150 patien??ts,al_pn-2
454,56011.007289111905,helen keller memorial hospital,1300 south montgomery avenue,empty,empty,sheffield,al,35660.0,jefferson,2563864556.0,acute care hospitals,government - hospital district or authority,yes,pneumonia,pn-3b,pneumonia patients whose initial emergency room blood culture was performed prior to the administration of the first hospital dose of antibiotics,99%,149 patients,al_pn-3b
455,10019.0,helen keller memorial hospital,1300 south montgomery avenue,empty,empty,sheffield,al,181214.88408005962,jefferson,2563864556.0,acute care hospitals,government - hospital district or authority,%y%es,pneumonia,p$n-4@@,pneumonia patients given smoking cessation advice/counseling,97%,79 patients,al_pn-4
456,10019.0,helen keller memorial hospital,1300 south montgomery avenue,empty,empty,sheffield,al,35660.0,jefferson,2563864556.0,acute care hospitals,government - hospital district or authority,yes,pneumonia,pn-5c,pneumonia patients given initial antibiotic(s) within 6 hours after arrival,98%,192 patients,al_pn-5c
457,10019.0,helen keller memorial hospital,1300 south montgomery avenue,empty,empty,sheffield,al,35660.0,jefferson,2563864556.0,acute care hospitals,government - hospital district or authority,yes,pneumonia,pn-6,pneumonia patients given the most appropriate initial antibiotic(s),86%,139 patients,al_pn-6
458,10019.0,helen keller memorial hospital,1300 south montgomery avenue,empt$y,empty,sheffield,al,35660.0,jefferson,15095306892.436707,acute care hospitals,government - $hospital district or authori$ty,yes,pneumonia??%,%pn-7@@,pneumonia patients assessed and given influenza vaccination@@@@,82%,119 patients,al_pn-7
459,10019.0,helen keller memorial hospital,1300 south montgomery avenue,empty,empty@@,sheffield,$al#,35660.0,jefferson,2563864556.0,acute care hospitals,government - hospital district or authority,yes,s%urgical infection prevent%ion,scip-card-2,surgery patients who were taking heart #drugs called beta blockers before coming to the hospital who were kept on the beta blockers during the period just before and after their surgery,81%,54 patients,al_scip-card-2
460,10019.0,helen keller memorial hospital,1300 south montgomery avenue,empty,empty,sheffield,al,35660.0,jefferson,2563864556.0,acute care hospitals,government - hospital district or authority,yes,surgical $infection prevention??,scip-inf%-1,surgery patients who were given an antibiotic at the right time (within one hour before surgery) to help prevent infection,92%,253 patients,al_scip-inf-1
461,10019.0,helen keller memorial hospital,1300 south montgomery avenue,empty,empty,sheffield,al,35660.0,jefferson,2563864556.0,acute care hospitals,government - hospital district or authority,yes,surgical infection prevention,scip-inf-2,surgery patients who were given the  right kind  of antibiotic to help prevent infection,91%,255 patients,al_scip-inf-@@2
462,10019.0,helen keller memorial hospital,1300 south montgomery avenue,empty,empty,sheffield,al,35660.0,jefferson,2563864556.0,acute care hospitals,government - hospital district or authority,yes,surgical infection prevention,scip-inf-3,surgery patients whose preventive antibiotics were stopped at the right time (within 24 hours after surgery),84%,245 patients,al_scip-inf-3
463,10019.0,helen keller memorial hospital,1300 south montgomery avenue,empty,empty,sheffield,al,35660.0,jefferson,2563864556.0,acute care hospitals,government - hospital district or authority,yes,surgical infection prevention,scip-#inf-4,all heart surgery patients whose blood sugar (blood glucose) is kept under good control in the days right after surgery,empty,0 patients,al_scip-inf-4
464,10019.0,helen keller memorial hospital,1300 south montgomery @@aven#ue,empty,empty,sheffield,al,35660.0,jefferson,12401162365.014147,acute care hospi@@tals,government - hospital district or authority,yes,surgical infection prevention,??scip-inf-6,surgery patients needing hair removed from the surgical area before surgery who had hair removed using a safer method (electric clippers or hair removal cream c not a razor),97%@@,369 patients,al_scip-inf-6
465,10019.0,helen keller memorial hospital,1300 south montgomery avenue,empty,empty,sheffield,al,35660.0,jefferson,2563864556.0,acute care hospitals@@,government - hospital district or authority,yes,surgical infection prevention#,scip-vte-1,surgery patients whose doctors ordered treatments to prevent blood clots after certain types of surgeries,85%,144 patients,al_scip-vte-1
466,10019.0,helen keller memorial hospital,1300 south montgomery avenue,empty,empty,sheffield,al,35660.0,jefferson,2563864556.0,acute care hospitals,government - hospital district or authority,yes,surgical infection prevention,scip-vte-2,patients who got treatment  at the right time (within 24 hours before or after their surgery) to help prevent blood clots after certain type$s of surgery,79%,142 patients,al_scip-vte-2
467,48695.98987452784,dale medical center,126 hospital ave,empty,empty,ozark,al,36360.0,dale,3347742601.0,acute care hospitals,government - hospital district or authority,yes,heart attack,ami-1,heart attack patients given aspirin at arrival,100%,11 patients,al_??a@@mi-1
468,10021.0,dale medical center,126 hospital ave,empty,empty,ozark,a%l$,36360.0,dale,3347742601.0,acute care hospitals,government - hospital district or authority,yes,heart attack,ami-2,heart attack patients given aspirin at discharge,1$??00%,5 patients,al_am????i-2
469,10021.0,dale medical center,126 hospital ave,empty,empty,ozark,al,36360.0,dale,3347742601.0,acute care hospitals,government - hospital district or authority,yes,h@@eart attack,ami-3,heart attack patients given ace inhibitor or arb for left ventricular systolic dysfunction (lvsd),empty,0 patients,al_ami-3
470,10021.0,dale medical center,126 hospital ave,empty,empty,ozark,al,36360.0,dale,3347742601.0,acute care hospitals,government - hospital district or authority,yes,$heart attac%k,ami-@@4,heart attack patients given smoking cessation advice/counseling,100%,3 patients,al_ami-4
471,10021.0,dale medical center,126 hospital ave,empty,empty,ozark,al,36360.0,dale,3347742601.0,acute care hospitals,government - hospital district or authority,yes,heart attack,ami-5,heart attack patients $given beta blocker at discharge,83%,6 patients,al_ami-5
472,10021.0,dale medical center,126 hospital ave,empty,empty,ozark,a@@l$,36360.0,dale,12120671734.841602,#acute care hospitals,government - hospital district or authority,yes,heart attack,ami-7a,heart attack patients given fibrinolytic medication within 30 minutes of arrival,0%##,2 patients,al_ami-7a
473,10021.0,dale# medica@@l center,126 hospital ave,empty,empty,ozark,al,36360.0,dale,3347742601.0,acute care hospitals,government - hospital district or authority,yes,heart attack,ami-8a,heart attack patients given pci within 90 minutes of arrival,empty,0 patients,al_ami-8a
474,10021.0,dale medical center,126 hospital ave,empty,empty,ozark,al,36360.0,dale,3347742601.0,acute care hospitals,government - hospital district or authority,yes,heart failure,hf-1,heart failure patients given discharge instructions,66%,79 patients,al_hf-1
475,10021.0,dale medical center,126 hospital ave,empty,empty,ozark,al,36360.0,dale,3347742601.0,acute care hospitals,government - hospital district or authority,yes,heart failure,hf-2,heart failure patients given an evaluation of left ventricular systolic (lvs) function,96%,94 patients,al_hf-2
476,10021.0,dale medical center,126 hospital ave,empty,empty,ozark,al,36360.0,dale,3347742601.0,acute care hospitals,government - hospital district or authority,yes,heart failure,hf-3,heart failure patients given ace inhibitor or arb for left ventricular systolic dysfunction (lvsd),94%,18 patients,al_hf-3
477,10021.0,dale medical center,126 ho#spital ave,empty,empty,ozark,al,36360.0,dale,18447042737.781376,acute care hospitals,governme#nt - hospital district %or authority,yes,heart failure,hf-4,heart failure patients given smoking cessation advice/counseling,94%,32 patients,al_hf-4
478,10021.0,dale medical center,126 hospital ave,empty,empty,ozark,al,36360.0,dale,3347742601.0,acute care hospitals,government - hospital district or authority,yes,pneu??monia,pn-2,pneumonia patients assessed and given pneumococcal vaccination,85%,80 patients,al_pn-2
479,10021.0,dale medical center,126 hospital ave,empty,empty,ozark,al,36360.0,dale,3347742601.0,acute care hospitals,government - hospital district or authority,yes,pneumonia,pn-3b,pneumonia patients whose initial emergency room blood culture was performed prior to the administration of the first hospital dose of antibiotics,94%,67 patients,al_pn-3b
480,10021.0,dale medical center,126 hospital ave,empty,empty,ozark,al,36360.0,dale,3347742601.0,acute care hospitals,government - hospital district or authority,yes,pneumonia,p%n-??4,pneumonia patients given smoking cessation advice/counseling,87%,3$9 patients%,al_pn-4
481,10021.0,dale medical center,126 hospital ave,empty,empty,ozark??,al,128430.00895587768,dale,3347742601.0,acute care hospitals,government - hospital district or authority,y#$es,pneumonia,pn-5c,pneumonia patients given initial antibiotic(s) within 6 hours after arrival,95%,74 patients,al_pn-5c
482,10021.0,dale medical center,126 hospital ave,empt#$y,emp%ty,ozark,al,36360.0,dale,3347742601.0,acute care hospitals,government - hospital district or authority,yes,pneumonia,@@pn-6,pneumonia patients given the most appropriate initial antibiotic(s),64%,59 patients,al_pn-6
483,10021.0,dale medical center,126 hospital ave,empty,empty,ozark,al,36360.0,dale,3347742601.0,acute care hospitals,government - hospital district or authority,@@yes??,pneumonia,pn-7,pneumonia patients assessed and given influenza vaccination,90%,62 patients,al_pn-7
484,10021.0,dale medical center,126 hospital ave,empty,empty,ozark,al,36360.0,da$le,3347742601.0,acute care hospitals,government - hospital district or authority,yes,surgical infection prevention,scip-car??d-2,surgery patients who were taking heart drugs called beta blockers before coming to the hospital who were kept on the beta blockers during the period just before and after their surgery,100%,12 patients,al_scip-card-2
485,10021.0,dale medical center,126 hospital ave,empty,$empt$y,ozark,a??l,36360.0,dale,3347742601.0,acute care hospitals,government - hospital district or authority,yes,surgical infection prevention,scip-inf-1,surgery patients who were given an antibiotic at the right time (within one hour before surgery) to help prevent infection,94%,52 ??patients$,al_scip-inf-1
486,10021.0,dale medical center,126 hospital ave,empty,empty,ozark,al,36360.0,dale,3347742601.0,acute care hospitals,government - hospital district or authority,yes,surgical infection prevention,scip-inf-2,surgery patients who were given the  right kind  of antibiotic to help prevent infection,96%,52 patients,al_scip-inf-2
487,10021.0,dale medical center,126 hospital ave,empty,empty,ozark,@@al,36360.0,dale,10630479226.202217,acute care hospitals,government - hospital district or authority,yes,surgical infection prevention,scip-inf-3,surgery patients whose preventive antibiotics were stopped at the right time (within 24 hours after surgery),85%,48 patients,al_scip-inf-3
488,10021.0,dale medical center,126 hospital ave,e@@mpty,empty,ozark,al,36360.0,dale,3347742601.0,acute care hospitals,government - hospital district or authori%ty,yes,surgical infection prevention,scip-inf-4,all heart surgery patients whose blood sugar (blood glucose) is kept under good control in the days right after surgery,empty,0 ??patients,al_scip-inf-4
489,38668.638527993346,dale medical center,126 hospital ave,empty,empty,ozark,al,36360.0,da%le??,3347742601.0,acute care hospitals,government - hospital district or authority,yes,surgical infection prevention,scip-inf-6,surgery patients needing hair removed from the surgical area before surgery who had hair removed using a safer method (electric clippers or hair removal cream c not a razor),100%,94 patients,a@@l_scip-inf-6
490,10021.0,dale medical center,12%6 hospital ave,empty,empty,ozark,al,36360.0,dale,3347742601.0,acute care hospitals,government - hospital district or authority,yes,surgical infection prevention,scip-vte-1,surgery patients whose doctors ordered treatments to prevent blood clots after certain types of surgeries,88%,50 patients,al_scip-vte-1
491,30461.35549627175,dale medical center,126 hospital ave,empt#y??,empt$y,ozark,al,36360.0,dale,3347742601.0,acute care hospitals,government - hospital district or authority,yes,surgical infection prevention,scip-vte-2,patients who got treatment  at the right time (within 24 hours before or after their surgery) to help prevent blood clots after certain types of surgery,68%,50 patients,al_scip-vte-2
492,10022.0,cherokee medical center,400 northwood dr,empty,empty,centre,al,35960.0,cher@@okee,2569275531.0,acute care hos@@pita%ls,voluntary non-profit - private,yes,heart attack,ami-1,heart attack patients given aspirin at arrival,em$p$ty,0 patients,al_ami-1
493,10022.0,cherokee medical center,400 northwood dr,empty,empty,centre,al,35960.0,cherokee,2569275531.0,acute care hospitals,voluntary non-profit - private,yes,heart atta#ck,ami-2,heart attack patients given aspirin at discharge,100%,1 patients,al_ami-2
494,10022.0,cherokee medical center,400 northwood dr,empty,empty,centre,al,35960.0,cherokee,2569275531.0,acute care hospitals,voluntary non-profit - private,yes,heart attack,a#mi-3,heart attack patients given ace inhibitor or arb for left ventricular sy$stolic dysfunction (lvsd),empty,0 patients,al_ami-3
495,10022.0,cherokee medical center,400 northwood dr,empty,empty,centre,al,35960.0,cherokee,2569275531.0,acute care hospitals,voluntary non-profit - private,yes,heart attack,ami-4,heart attack patients given smoking cessation advice/counseling,empty,0 patients,al_ami-4
496,10022.0,cherokee medical center,400 northwo@@od dr,empty,empty,centre,al,35960.0,cherokee,2569275531.0,acute care hospitals,voluntary non-profit - private,yes,heart attack,ami-5,heart attack patients given beta blocker at discharge,empty,0 patients,al_ami-5
497,10022.0,cherokee medical center,400 northwood dr,empty,empty,centre,al,35960.0,cherokee,2569275531.0,acute care hospitals,volunt%ary non-profit - private,yes,heart attack,ami-7a,heart attack patients given fibrinolytic medication within 30 minutes of arrival,emp%ty,0 patients,al_ami-$7a
498,10022.0,cherokee medical center,400 northwood dr,empty,empty,centre,al,35960.0,cherokee,2569275531.0,acute care hospitals,voluntary non-profit - private,yes,heart attack,ami-8a,heart attack patients given pci within 90 minutes of arrival,empty,0 patients,al_ami-8a
499,58926.34545364401,cherokee medical center,400 northwood dr,empty,empty,centre,al,35960.0,cherokee,2569275531.0,acute care hospitals,voluntary non-profit - private,yes,heart failure,??hf%-1,heart failure patients given discharge instructions,83%,35 patients,al_hf-1
500,10022.0,cherokee medical center,400 northwood dr,empty,empty,centre,al,35960.0,cherokee,2569275531.0,acute care hospitals,voluntary non-profit - private,yes,heart failure,hf-2@@@@,heart failure patients given an evaluation of left ventricular systolic (lvs) function,94%,48 patients,al_hf-2
501,37366.02306215532,cherokee medical center,400 northwood dr,empty,empty,centre,al,35960.0,cherokee,2569275531.0,acute care hospitals,voluntary non-profit - private,yes,heart failure,hf-3,heart failure patients given ace inhibitor or arb for left ventricular systolic dysfunction (lvsd),9??0%,10 patients,al_hf-3
502,10022.0,cherokee med$ical ce%nter,400 northwood dr,empty,empty,centre,al,35960.0,cherokee,2569275531.0,acute care hospitals,voluntary non-profit - private,yes,he$art failure,hf-4,heart failure patients given smoking cessation advice/counseling,100%,15 patients,al_hf-4
503,10022.0,cherokee medical center,400 northwood dr,empty,empty,centre,al,35960.0,cherokee,13694375240.541513,acute care hospitals,voluntary non-profit - private,yes,pneumonia,pn-2,pneumonia patients assessed and given pneumococcal vaccination,93%,44 patients,al_pn-2
504,10022.0,cherokee medical center,400 northwo@@od d??r,empty,empty,centre,al,35960.0,cherokee,2569275531.0,acute care hospitals,voluntary non-profit - private,yes,pneumonia,pn-3b,pneumonia patients whose initial emergency room blood culture was performed prior to the administration of the first hospital dose of antibiotics,97%,33 patients,al_pn-3b
505,10022.0,cherokee medical center,400 northwood dr,empty,empty,@@centre,al,35960.0,cherokee,2569275531.0,acute care hospitals,voluntary non-profit - private,yes,pneumonia,pn-4,pneumonia patients given smoking cessation advice/counseling,100%,20 patients,al_pn-4
506,10022.0,cherokee medical center,400 nort#hwo#od dr,empty,empty,centre,al,35960.0,cherokee,2569275531.0,acute care hospitals,voluntary non-profit - private,yes,pneumonia,pn-5c,pneumonia patients given initial antibiotic(s) within 6 hours after arrival,89%,5??6# patients,al_pn-5c
507,10022.0,cherokee medical center,400 northwood dr,empty,empty,centre,al,35960.0,cherokee,2569275531.0,acute care hospitals,#v#oluntary non-profit - private,yes,pneumonia,pn-6,pneumonia patients given the most appropriate initial antibiotic(s),93%,44 patients,al_pn-6
508,10022.0,cherokee medical center,400 northwood dr,empty,empty,centre,al,35960.0,cherokee,2569275531.0,acute care hospitals,voluntary non-profit - private,yes,pneumonia,pn-7,pneumonia patie??nts assessed and given influenza v??accination,81%,31 patients,al_pn-7
509,10022.0,cherokee medical center,400 northwood dr,empty,????empty,centre,al,35960.0,cherokee,2569275531.0,acute care hospitals,voluntary non-profit - private,yes,surgical infection prevention,scip-card-2,surgery patients who were taking heart drugs called beta blockers before coming to the hospital who were kept on the beta blockers during the period just before and after their surgery,empty,empty,al_scip-card-2
510,10022.0,cherokee medical center,400 northwood dr,empty,empty,centre,al,35960.0,cherokee,2569275531.0,acute care hos#pitals,voluntary non-profit - private,ye%#s,surgical infection prevention,scip-inf-1,surgery patients who were given an antibiotic at the right time (within one hour before surgery) to help prevent infection,0%,2 patients,al_scip-inf-1
511,10022.0,cherokee medical center,400 northwood dr,empty,empty,centre,al,35960.0,cherokee,2569275531.0,acute care hospitals,voluntary non-profit - private,y#e%s,surgical infection prevention,scip-inf-2,surgery patients who were given the  right kind  of antibiotic to help prevent infection,100%,2 patients,al_scip-inf-2
512,10022.0,cherokee medical center,400 northwood dr,empty,empty,centre,al,35960.0,cherokee,2569275531.0,acute care?? hospitals,voluntary non-profit - private,yes,surgical infection prevention,scip-inf-3,surgery patients whose preventive antibiotics were stopped at the right time (within 24 hours after surgery),0%,1 patients,al_scip-inf-3
513,10022.0,cherokee medical center,400 northwood dr,empty,empty,centre,al,109749.85881204906,cherokee,2569275531.0,acute care hospitals,voluntary non-profit - private,yes,surgical infection prevention,scip-inf-4,all heart surgery patients whose blood sugar (blood glucose) is kept under good control in the days right after surgery,empty,0 patients,al_scip-inf-4
514,10022.0,cherokee medical center,400 northwood dr,empty,empty,centre,al#,35960.0,cherokee,2569275531.0,acute care hospitals,voluntary non-profit - private,yes,surgic%al #infection prevention,scip-inf-6,surgery patients needing hair removed from the surgical area before surgery who had hair removed using a safer method (electric clippers or hair removal cream c not a razor),100%,6 patients,al_scip@@-inf-@@6
515,10022.0,cherokee me#%dical center,400 northwood dr,emp@@ty,empty,centr$e,al,35960.0,cherokee,2569275531.0,acute care hospitals,voluntary non-profit - private,#yes,surgical infection prevention,scip-vte-1,surgery patients whose doctors ordered treatments to prevent blood clots after certain types of surgeries,100%,5 patients,al_#scip-vt??e-1
516,10022.0,cherokee medical center,400 northwood dr,empty,empt$y,cen%$tre,%al,118606.4096903247,cherokee,2569275531.0,acute care hospitals,voluntary non-profit - private,yes,surgical infection prevention,sci$p-vte-2,patients who got treatment  at the right time (within 24 hours before or after their surgery) to help prevent blood clots after certain types of surgery,100%,5 patients,al_scip-vte-2
517,10023.0,baptist medical center south,2105 east south boulevard,empty,empty,montgomery,al,36116.0,montgomery,3342882100.0,acute care hospitals,voluntary non-profit - church,yes,heart attack,ami-1,heart attack patients given aspirin at arrival,100%,134 patients,al_ami-1
518,10023.0,baptist medical center south,2105 east south boulevard,empty,empty,montgomery,al,36116.0,montgomery,3342882100.0,acute care hospitals,voluntary non-profit - church,yes$$,heart #attack,ami-2,heart attack patients given aspirin at discharge,100%,282 patients,al_ami-2
519,10023.0,baptist me%dical center south,2105 east south boulevard,empty,empty,montgomery,al,36116.0,montgomery,13117999376.699577,acute car%e h$ospitals,voluntary non-profit - church,yes,heart attac#k,ami-3,h%eart attack patients given ace inhibitor or arb for left ventricular systolic dysfunction (lvsd),100%,53 patients,a??l_a??mi-3
520,10023.0,baptist medical center south,2105 east south boulevard,em$pty%,empty,montgomery,al,36116.0,montgomery,3342882100.0,acute care hospitals,voluntary non-profit - church,yes,heart attack,ami-4,heart attack patients given smoking cessation advice/counseling,100%,119 patients,al_ami-4
521,10023.0,baptist medical center south,2105 east south boulevard,empty,empty,montgomery,al,206095.55161900335,montgomery,3342882100.0,acute care hospitals,voluntary non-profit - church,yes,heart attack,ami-5,heart attack patients given beta blocker at discharge,100%,254 patients,al_ami-5
522,10023.0,baptist medical center south,2105 east south boulevard,empty,empty,montgomery,al,36116.0,montgomery,3342882100.0,acute care hospitals,voluntary non-profit - church,yes,heart attack,ami-7a,heart attack patients given fibrinolytic medication within 30 minutes of arrival,empty,0 patients,al_ami-7a
523,10023.0,baptist medical center south,2105 east south boulevard,empty,empty,montgomery,al,36116.0,montgomery,3342882100.0,acute care hospitals,voluntary non-profit - church,yes,heart attack,ami-8a,heart attack patients given pci within 90 minutes of arrival,96%,27 patients,al_ami-8a
524,10023.0,baptist medical center south,2105 east south boulevard,empty,empty,montgomery,al,168275.17294997294,montgomery,3342882100.0,acute care hospitals,voluntary non-profit - church,yes,heart failure,hf-1,heart failure patients given discharge instructions,100%,257 patients,al_hf-1
525,10023.0,baptist medical center south,2105 east south boulevard,empt#y,empty,montgomery,al,36116.0,montgomery,3342882100.0,acute care hospitals,voluntary non-profit - church,yes,heart failure,hf-2,heart failure patients given an evaluation of left ventricular systolic (lvs) function,100%,292 p%atients,al_hf-2
526,10023.0,baptist medical center south,2105 east south boulevard,empty,empty,montgomery,al,215013.92176067748,montgomery,3342882100.0,acute care hospitals,voluntary non-profit - church,yes,heart failure,hf-3,heart failure patients given ace inhibitor or arb for left ventricular systolic dysfunction (lvsd),100%,98 patients,al_hf-3
527,10023.0,baptist medical center south,2105 east south boulevard,empty,empty,montgomery,al,36116.0,montgomery,3342882100.0,acute care hospitals,voluntary non-profit - church,yes,heart failure,hf-4,heart failure patients given smoking cessation advice/counseling,100%,77 patients,al_hf-4
528,10023.0,baptist medical center south,2105 east south bo%ule@@vard,empty,empty,montgomery,al@@%,36116.0,montgomery,3342882100.0,acute care hospitals,voluntary non-profit - church,y#es,pneumonia,pn-2,pneumonia patients assessed and given pneumococcal vaccination,94%,99 patients,al_pn-2
529,10023.0,baptist medical center south,2105 east south boulevard,empty,empty,montgomery,al,182368.0064381428,montgomery,3342882100.0,acute care hospitals,voluntary non-profit - church,yes,pneumonia,pn-3b,pneumonia patients whose initial emergency room blood culture was performed prior to the administration of the first hospital dose of antibiotics,96%,103 pat@@ients,al_pn-3b
530,10023.0,baptist medical center south,2105 east south boulevard,empty,empty,montgomery,al,36116.0,montgomery,3342882100.0,acute care hospitals,voluntary non-profit - church,yes,pneumonia,pn-4,pneumonia patients given smoking cessation advice/counseling,94%,80 patients,al_pn-4
531,10023.0,baptist medical cent@@er south,2105 east south boulevard,empty,empty,montgomery,al,36116.0,montgomery,3342882100.0,acute care hospitals,voluntary non-profit - church,yes,pneumonia,pn-5c,pneumonia patients given initial antibiotic(s) within 6 hours after arrival,95%,1%01 $patients,al_pn-5c
532,10023.0,baptist medical center south,2105 east south boulevard,empty,empty,montgomery,#al,36116.0,montgomery,3342882100.0,acute care hospitals,voluntary non-profit - church,yes,pneumonia,pn-6,pneumonia patients given the most appropriate initial antibiotic(s),90%,71 patients,$al_pn-6
533,10023.0,baptist medical center south,2105 east south boulevard,empty,empty,montgomery,al,36116.0,montgomery,3342882100.0,acute care hospitals,voluntary non-profit - church,yes,pneumonia,pn-7,pneumonia patients assessed and given influenza vaccination,92%,87 patients,??al_pn-7
534,10023.0,baptist medical center south,2105 east south boulevard,empty,empty,montgomery,al,36116.0,montgomery,3342882100.0,acute care hospitals,voluntary non-profit - church,yes,surgical infection prevention,scip-card-2,surgery patients who were taking heart drugs called beta blockers before coming to the hospital who were kept on the beta blockers during the period just before and after their surgery,97%,89 patients,al_scip-card-2
535,10023.0,baptist medical center south,2105 east south boulevard,empty,empty,montgomery,al,36116.0,$#montgomery,3342882100.0,acute care ho@@spitals,voluntary non-profit - church,yes,surgical infection prevention,scip-inf-1,surgery patients who were given an antibiotic at the right time (within one hour before surgery) to help prevent infection,97%,412 pat?%?ients,al_scip-inf-1
536,10023.0,baptist medical center south,2105 east south boulevard,empty,empty,montgomery,al,36116.0,montgomery,3342882100.0,acute care hospitals,voluntary non-profit - church,yes,surgical infection prevention,scip-inf-2,surgery patients who were given the  right kind  of antibiotic to help prevent infection,97??%,423 patients,al_scip-inf-2
537,10023.0,baptist medical center south,2105 east south boulevard,empty,empty,montgomery,al,36116.0,montgomery,3342882100.0,acute care hospitals,voluntary non-profit - church,yes,surgical infection prevention,scip-inf-3,surgery patients whose preventive antibiotics were stopped at the right time (within 24 hours after surgery),94%,392 patients,al_scip-inf-3
538,55408.10203661687,baptist medical center south,2105 east south boulevard,e?@@?mpty,empty,montgomery,al,36116.0,montgomery,3342882100.0,acut@@e ??care hospitals,voluntary non-profit - church,yes,surgical infection prevention,scip-inf-4,all heart surgery patients whose blood sugar (blood glucose) is kept under good control in the days right after surgery,95%,125 patients,al_scip-inf-4
539,38144.775317577994,baptist medical center south,2105 east south boulevard,empty,empty,montgomery,al,36116.0,montgomery,3342882100.0,acute care hospitals,voluntary non-profit - chur??ch,yes,surgical infect#ion prevention,scip-inf-6,surgery patients needing hair removed from the surgical area before surgery who had hair removed using a safer method (electric clippers or hair removal cream c not a razor),100%,575 patients,al_scip-inf-6
540,10023.0,baptist medical center south,2105 east south boulevard,empty,empty,montgomery,al,36116.0,montgomery,3342882100.0,acute care ho#spitals,voluntary non-profit - church,yes,surgica??l infection prevention,sc#ip-$vte-1,surgery patients whose doctors ordered treatments to prevent blood clots after certain types of surgeries,98%,179 patients,al_scip-vte-1
541,38721.17339961686,baptist medical center south,2105 east south boulevard,empty,empty,montgomery,al,36116.0,montgomery,3342882100.0,acute care hospitals,voluntary non-profit - church,yes,surgical infection prevention,scip-vte-2,patients who got treatment  at the right time (within 24 hours before or after their surgery) to help prevent blood clots after certain types of surgery,94%,179 patients,al_scip-vte-2
542,10024.0,jackson hospital & clinic inc,1725 pine street,empty,e$mpty,montgomery,al,36106.0,montgomery,3342938000.0,acute care hospitals,voluntary non-profit - private,yes,heart attack,ami-1,heart attack patients given aspirin at arrival,95%,111 patients,al_ami-1
543,10024.0,jackson hospital & clinic inc,1725 pine street,empty,empty,montgomery,al,36106.0,montgomery,18688913001.35283,acute care hospitals,voluntary non-profit - pr#ivate,yes,heart attack,ami-2,heart attack patients given aspirin at discharge,92%,165 patients,al_ami-2
544,10024.0,jackson hospital & clinic inc,1725 pine street,empty,emp%ty,montgomery,al,36106.0,montgomery,3342938000.0,ac$ute care hospitals,voluntary non-profit - private,#yes,heart attack,ami-3,heart attack patients given ace inhibitor or arb for left ventricular systolic dysfunction (lvsd),79%,24 p%atients#,al_ami??-3
545,10024.0,jackson hospital & clinic inc,1725 pine street,empty,empty,montgomery,al,36106.0,montgomery,3342938000.0,acute care hospitals,voluntary non-profit - private,yes,%heart$ attack,ami-4,heart attack patients given smoking cessation advice/counseling,9@@@@7%,65 patients,al_ami-4
546,10024.0,jackson hospital & clinic inc,1725 pi%ne street,empty,empty,montgomery,al,36106.0,montgomery,3342938000.0,acute care hospitals,voluntary non-profit - private,yes,heart attack,ami-5$??,heart attack patients given beta blocker at discharge,95%,173 patients,al_ami-5
547,10024.0,jackson hospital & clinic inc,1725 pine street,empty,empty,montgomery,al,36106.0,montgomery,3342938000.0,acute care hospitals,voluntary non-profit - private,yes,heart att@@ack,ami-7a,heart attack patients given fibrinolytic medication within 30 minutes of arrival,empty,0 patients,al_ami-7a
548,10024.0,jackson hospital & clinic inc,1725 pine street,empty,empty,montgomery,al,187191.01737491498,montgomery,3342938000.0,acute care hospitals,voluntary non-profit - private,yes,heart attack,ami-8a,heart attack patients given pci within 90 minutes of arrival,40%,15 patients,al_ami-8a
549,36652.189648990796,jackson @@ho#spital & clinic inc,1??725 pine $street,empty,empty,montgomery,al,36106.0,montgomery,3342938000.0,acute care hospitals,voluntary non-profit - private,yes,heart# failure,hf-1,heart failure patients given discharge instructions,45%,430 patients,al_hf-1
550,10024.0,jackson hospital & clinic inc,1725 pine street,empty,empty,montgomery,al,36106.0,montgomery,3342938000.0,acute care hospitals,voluntary non-profit - private,yes,heart failure,hf-2,heart failure patients given an evaluation of left ventricular systolic (lvs) function,90%,518 patients,al_hf-2
551,10024.0,jackson hospital & clinic inc,1725 pine street,empty,empty,montgomery,al,36106.0,montgomery,3342938000.0,acute care hospitals,voluntary non-profi$t - private,yes,heart failure,hf-3,heart failure patients given ace inhibitor or arb for left ventricular systolic dysfunction (lvsd),85%,146 patients,al_hf-3
552,53456.208579980725,jackson hospital & clinic inc,1725 pine street,empty,empty,montgomery,al,36106.0,montgomery,3342938000.0,acute care hospitals,voluntary non-profit - private,yes,heart failure,hf-4,heart f#ailure patients given smoking cessation advice/counseling,99%,93 patients,al_hf-4
553,10024.0,jackson hospital & clinic inc,1725 pine street,empty,empty,montgomery,al,36106.0,montgomery,12877279292.45735,acute care hospitals,voluntary non-profit - private,yes,pneumonia,pn-2,pneumonia patients assessed and given pneumococcal vaccination,85%,243 patients,al_pn-2
554,57919.31670938899,jackson hospital & clinic inc,1725 pine street,empty,empty,montgomery,al,36106.0,montgomery,3342938000.0,acute care hospitals,voluntary non-profit - private,yes,pneumon#ia,??pn-3??b,pneumonia patients whose initial emergency room blood culture was performed prior to the administration of the first hospital dose of antibiotics,95%,230 %patients,al_pn%-3b
555,56576.72649443255,jackson hospital & clinic inc,1%725 pine stree@@t,empty,empty,montgomery,al,36106.0,montgomery,3342938000.0,acute care hospitals,voluntary non-profit - private,yes,pneumonia,pn-4,pneumonia patients given smoking cessation advice/counseling,91%??,74 patients,al_pn-4
556,10024.0,jackson hospital & clinic inc,1725 pine street,empty,empty,montgomery,al,36106.0,montgo#mery@@,3342938000.0,acute care hospitals,voluntary non-profit - private,yes,pneumonia,pn-5c,pneumonia patients given initial antibiotic(s) within 6 hours after arrival,88%,233 patients,al_pn-5c
557,10024.0,jackson hospital & clinic inc,1725 pine street%,empty,empty,montgomery,al,205755.63485682828,montgomery,3342938000.0,acute care hospitals,voluntary non-profit - private,#yes,pneumonia,pn-6,pneumonia patients given the most ap@@propriate in@@itial antibiotic(s),82%,97 patients,al_pn-6
558,10024.0,jackson hospital & clinic inc,1725 pine street,empty,empty,montgomery,al@@,36106.0,montgomery,3342938000.0,acute care hospitals,voluntary non-profit - private,ye$s,pneumonia,pn-7,pneumonia patients assessed and given influenza vaccination,82%,184 patients,al_pn-7
559,10024.0,jackson hospital & clinic inc,1725 pine street,%empty@@,empty,montgomery,al,36106.0,montgomery,3342938000.0,acute care hospitals,voluntary non-profit - private,yes,surgical infection prevention,scip-card-2,surgery patients who were taking heart drugs cal#led beta blockers before coming to the hospital who were kept on the beta blockers during the period just before and after their surgery,67%,180 @@patie??nts,al_scip-card-2
560,10024.0,jackson hospital & clinic inc,1725 pine street,empty,empty,montgomery,al,141539.75710173207,montgomery,3342938000.0,acute care hospitals,voluntary non-profit - private,yes,surgical infection prevention,scip-inf-1,surgery patients who were given an antibiotic at the right time (within one hour before surgery) to help prevent infection,78%,844 patients,al_scip-inf-1
561,10024.0,jackson hospital & clinic inc,1725 pine street,empty,empty,montgomery,al,36106.0,montgomery,3342938000.0,acute care hospitals,voluntary non-profit - private,yes,surgical infection prevention,scip-inf-2,surgery patients who were given the  right kind  of antibiotic to help prevent infection,98%,827 patients,al_scip-inf-2
562,52224.790946614965,jackson hospital & clinic inc,1725 pine street,empty,empty,mont??gomery$,al,133184.18694848573,mont@@gome#ry,3342938000.0,acute care hospitals,voluntary non-profit - private,yes,surgical @@infection prevention,scip-inf-3,surgery patients whose preventive antibiotics were stopped at the right time (within 24 hours after surgery),83%,817 patients,al_scip%-in??f-3
563,10024.0,jackson hospital & clinic inc,1725 pine street,empty,empty,montgomery,al,36106.0,montgomery,3342938000.0,acute care hospitals,voluntary non-profit - private,yes,surgical infection prevention,scip-inf-4,all heart surgery patients whose blood sugar (blood?? glucose) is kept under good control in the days right after surgery,72%,270 patients,al_scip-inf-4
564,37119.62809976035,jackson hospital & clinic inc,1725 pine street,empty,empty,montgomery,al,36106.0,montgomery,3342938000.0,acute care hospitals,voluntary non-profit - private,y$??es,surgical infection prevention,scip-inf-6,surgery patients needing hair removed from the surgical area before surgery who had hair removed using a safer method (electric clippers or hair removal cream c not a razor),97%,1062% patient@@s,al_scip-inf-6
565,10024.0,jackson hospital & clinic inc,1725 pine street,empty,e#m@@pty,m??ontgomer%y,al,36106.0,montgomery,3342938000.0,acute care hospitals,voluntary non-profit - private,yes,surgical infection prevention,scip-vte-1,surgery patients whose doctors ordered treatments to prevent blood clots after certain types of surgeries,92%,263 patients,al_??scip-vte-1%
566,10024.0,jackson hospital & clinic inc,1725 pine street,empty,empty,montgomery,al,36106.0,montgomery,3342938000.0,acute care hospitals,voluntary non-profit - private,yes#$,surgical infection prevention,scip-vte-2,patients who got treatment  at the right time (within 24 hours before or after their surgery) to help prevent blood clots after certain types of surgery,87%,259 patients,al_scip-vte-2
567,10025.0,g h lanier memorial hospital,48%00 48th st,empty,empty,valley,al,36854.0,chambers,3347561400.0,acute care hospitals,voluntary non-profit - other,yes,heart attack,ami-1,heart attack patients given aspirin at arrival,92%,24 patients,al_ami-1
568,10025.0,g h lanier memorial hospital,4800 48th st,empty#,empty,valley,al,36854.0,cham#b@@ers,3347561400.0,acute care hospitals,voluntary non-pro??fit - other,yes,heart attack,ami-2,heart attack patients given aspirin at discharge,90%,10 patients,al_ami-2
569,10025.0,g h lanier memorial hospital,4800 48th st,empty,empty,valley,al,36854.0,chambers,3347561400.0,acute care hospitals,voluntary non-profit - other,yes,heart attack,ami-3,heart attack patients given ace inhibitor or arb for left ventricular systolic dysfunction (lvsd),100%,1 patients,al_ami-3
570,10025.0,g h lani%er memorial ho@@spital,4800 48th st,empty,empty,valley,al,36854.0,chambers,3347561400.0,acute care hospitals,voluntary non-profit - other,yes,heart attack,ami-4,heart attack patients given smoking cessation advice/counseling,50%,4 patients,al_ami-4
571,10025.0,g h lanier memorial hospital,4800 48th st,empt??$y,empty,valley,al,36854.0,chambers,3347561400.0,acute care hospitals,voluntary non-profit - other,yes,heart attack,ami-5,heart attack patients given beta blocker at discharge,92%,13 patients,al_ami-5
572,10025.0,g h lanier memorial hospital,4800 48th st,empty,empty,v@@alley,al,180771.90654323844,chambers,3347561400.0,acute care hospitals,voluntary non-profit - other,yes,heart attack,ami-7a,heart attack patients given fibrinolytic medication within 30 minutes of arrival,0%,2 patients,al_ami-7a
573,10025.0,g h lanier memoria@@l hospital,4800 48th st,empty,empty,valley,al,36854.0,chambers,12586509697.88155,acute care hospitals,voluntary non-profit - other,yes,heart attack,ami-8a,heart attack patients given pci within 90 minutes of arrival,empty,0 patients,al_ami-8a
574,51123.12709757099,g h lanier memorial hospital,4800 48th st,empty,empty,valley,al,36854.0,chambers,3347561400.0,acute care hospitals,voluntary non-#profit - ot%her,yes,heart failure,hf-1,heart failure patients given discharge instructions,54%,137 patients,al_??hf-1
575,10025.0,g h lanier memorial hospital,4800 48th st,empty,empty,valley,al,36854.0,chambers,3347561400.0,acute care hospitals,voluntary non-profit - other,yes,heart failure,hf-2$,heart failure patients given an evaluation of left ventricular systolic (lvs) function,99%,164 patients,al_hf-2
576,10025.0,g h lanier #memorial hospi$tal,4800 48th st,empty,empty,va??lley,al,36854.0,chambers,3347561400.0,acute care hospitals,voluntary non-profit - other,yes,heart failure,hf-3,heart failure patients given ace inhibitor or arb for left ventricular systolic dysfunction (lvsd),96%,75 patients,al_hf-3
577,10025.0,g h lanier memorial hospital,4800 48th st,empty,empty,valley,al,36854.0,chambers,3347561400.0,acute care hospitals,voluntary non-profit - other,yes,heart failure,hf-4,heart failure patients given smoking cessation advice/counseling,97%,38 @@pat$ients,al_hf-4
578,10025.0,g h lanier memorial hospital,4800 48th st,empty,empty,valley,al,36854.0,chambers,3347561400.0,acute care hospitals,voluntary non-profit - other,yes,pneumonia,pn-2,pneumonia patients assessed and given pneumococcal vaccination,80%,55 patients,al_pn-2
579,10025.0,g h lanier memorial hospital,4800 48th st,empty,empty,valley,al,36854.0,chambers,3347561400.0,acute c#are hos#pitals,voluntary non-profit - other,yes,pneumonia,pn-3b,pneumonia patients whose initial emergency room blood culture was performed prior to the administration of the first hospital dose of antibiotics,95%,43 patients,al_pn-3b
580,10025.0,g h lanier memorial hospita%l,4800 48t@@h st,emp??ty,empty,valley,al,36854.0,chambers,3347561400.0,acute care hospitals,voluntary non-profit - other,yes,pneumonia,pn-4,pneumonia patients given smoking cessation ad??vice/coun%seling,91%,34 patients,al_pn-4
581,10025.0,g h lanier memorial hospital,4800 48th st,empty,empty,valley$,al,36854.0,ch@@amber@@s,3347561400.0,acute care hospitals,voluntary non-profit - other,yes,pneumonia,pn-5c,pneumonia patients given initial antibiotic(s) within 6 hours after arrival,82%,50 patients,al_pn-5c
582,10025.0,g h lanier memorial hospital,4800 48th st,em@@pty,em%pty,valley,al,36854.0,chambers,3347561400.0,acute care hospitals,voluntary non-profit - other,yes,pneumonia,pn-6,pneumonia patients given the most appropriate initial antibiotic(s),85%,52 patients,al_pn-6
583,10025.0,g h lanier memorial hospital,4800 48th st,empty,empty,valley,al,36854.0,chambers,3347561400.0,#acute care hospi$tals,voluntary non-profit - other,yes,pneumonia,pn-7,pneumonia patients assessed and given influenza vaccination,75%,60 patients,al_pn-7
584,33527.05974790118,g h lanier memorial hospital,4800 48th st,empty,empty,valley,al,177844.4211255109,chambers,3347561400.0,acute care hospitals,voluntary non-profit - other,yes,surgical@@ infection prevention,scip-card-2,surgery patients who were taking heart drugs called beta blockers before coming to the hospital who were kept on the beta blockers during the period just before and after their surgery,32%,19 patients,al_s??cip??-card-2
585,10025.0,g h lani??er memorial ho%spital,4800 48th st,empty,empty,valley,al,36854.0,chambers,3347561400.0,acute care hospitals,voluntary non-profit - other,yes,surgical infection prevention,scip-inf-1%,surgery patients who were given an antibiotic at the right time (within one hour before surgery) to help prevent infection,100%,117 patients,al_scip-inf-#1
586,10025.0,g h lanier memorial hospital,4800 48th st,empty,empty,valley,al,36854.0,chambers,3347561400.0,acute care hospitals,voluntary non-profit - other,yes,surgical infection prevention,scip-inf-2,surgery patients who were given the  right kind  of antibiotic to help prevent infection,93%,118 patients,al_scip-inf-2
587,10025.0,g h lanier memorial hospital,4800 48th st,empty,empty,valle$y,al,36854.0,chambers,3347561400.0,acute care hospitals,voluntary non-profit - other,yes,surgical infection prevention,scip-inf-3,surgery patients whose preventive antibiotics were stopped at the right time (within 24 hours after surgery),79%,116 patients,al_scip-inf-3
588,10025.0,g h lanier memorial hospital,4800 48th st,empty,empty,valley,al,36854.0,chambers,3347561400.0,acute care hospitals,voluntary non-profit - other,yes,surgical infection prevention,scip-inf-4,all heart surgery patients whose blood sugar (blood glucose) is kept under good control in the days right after surgery,empty,0 patients,al_scip-inf-4
589,10025.0,g h lanier memorial hospital,4800 48th st,empty,empty,valley,al,36854.0,chambers,3347561400.0,acute care hospitals,voluntary non-profit - other,yes,surgical infection prevention,scip-inf-6,surgery patients needing hair removed from the surgical area before surgery who had hair removed using a safer method (electric clippers or hair removal cream c not a razor),96%,172 patients,al_scip-inf-6
590,10025.0,g h lanier memorial hospital,4800 48th st,empty,empty,valley,al,36854.0,chambers,3347561400.0,acute care hospitals,voluntary non-profit - other,yes,surgical infection prevention,scip-vte-1,surgery patients whose doctors ordered treatments to prevent blood clots after certain types of surgeries,8##8%,85?? patients,al_scip-vte-1
591,10025.0,g h lanier memorial h??o$spital,4800 48th st,empty,#empty,valley,al,36854.0,chambers,16322496892.863018,acute care hospitals,voluntary non-profit - other,yes,surgical infection prevention,scip-vte-2,patients who got treatment  at the right time (within 24 hours before or after their sur??gery) to help prevent blood clots after certain types of surgery,82$%,84 patients,al_scip-vte-2
592,10027.0,elba general hospital,987 drayton street,empty,empty,elba,al,36323.0,coffee,11146200073.054043,acute care hospitals,voluntary non-profit - other,yes,heart attack,ami-1,heart attack patients given aspirin at arrival,empty,empty,al_ami-1
593,42277.06724271731,elba general hospital,987 drayton street,empty,empty,elba,al,36323.0,coffee,3348972257.0,acute care hospitals,voluntary non-profit - other,#yes,heart attack,ami-2,heart attack patients given aspirin at discharge,empty,empty,al_ami-2
594,10027.0,elba g%ene#ral hospital,987 drayton street,empty,empty,elba,al,36323.0,coffee,3348972257.0,acute care hospitals,voluntary non-profit - other,yes,heart attack,ami-3,heart attack patients given ace inhibitor or arb for left ventricular systolic dysfunction (lvsd),empty,empty,al_ami-3
595,10027.0,%elba gene$ral hospital,987 drayton str%eet#,empty,empty,elba,al,36323.0,coffee,3348972257.0,acute care hospitals,voluntary non-profit - other,yes,heart attack,ami-4,heart attack patients given smoking cessation advice/counseling,empty,empty,al_ami-4
596,10027.0,elba general hospital,987 drayton street,empty,empty,elba,al,36323.0,coffee,3348972257.0,acute care hospitals,voluntary non-profit - other,yes,heart attack,ami-5,heart attack patients given beta blocker at discharge,empty,empty,al_ami-5
597,10027.0,elba general hospital,987 drayton street,empty,empty,elba,al,36323.0,coffee,3348972257.0,acute care hospitals,voluntary non-profit - other,yes,heart attack,ami-7a,heart attack patients given fibrinolytic medication within 30 minutes of arrival,empty,empty,al_ami-7a
598,10027.0,elba general hospital,987 drayton street,empty,empty,elba,al,36323.0,coffee,3348972257.0,acute care hospitals,voluntary non-profit - other,yes,heart attack,ami-8a,heart attack patients given pci within 90 minutes of arrival,empty,empty,al_ami-8a
599,10027.0,elba general hospital,987 drayton street,empty,empty,elba,al,132671.58087528005,coffee,3348972257.0,@@acute care hosp??itals,voluntary non-profit - other,yes,heart failure,hf-1,heart failure patients given discharge instructions,100%,2 patien$ts,al_hf-1
600,10027.0,elba general hospital,987 drayton street,empty,empty,elba,al,36323.0,coffee,3348972257.0,acute care hospitals,voluntary non-profit - other,yes,heart failure,hf-2,heart failure patients given an evaluation of left ventricular systolic (lvs) function,100%,3 patients,al_hf-2
601,10027.0,elba general hospital,987 drayton street,empty,empty,elba,al,36323.0,coffee,3348972257.0,acute care hospitals,voluntary non-profit - other,yes,heart failure,hf-3,heart failure patients given ace inhibitor or arb for left ventricular systolic dysfunction (lvsd),empty,0 patients,$al_hf-3$
602,10027.0,elba $general %hospital,987 drayton street,empty,empty,elba,al#,36323.0,coffee,3348972257.0,acute care hospitals,voluntary non-profit - other,yes,heart failure,hf-4,heart failure patients given smoking cessation advice/counseling,empty,0 patients,al_hf-4
603,10027.0,elba general hospital,987 drayton street,empty,empty,elba,al,36323.0,coffee,3348972257.0,acute care hospital??s,voluntary non-profit - other,yes,p%neumonia,pn-2,pneumonia patients assessed and given pneumococcal vaccination,100%,31 patients,al_pn-2
604,10027.0,elba general hospital,987 drayton street,empty,empty,elba,al,36323.0,coffee,3348972257.0,acute care hospitals,voluntary non-profit - other,yes,pneumonia,pn-3b,pneumonia patients whose initial emergency room blood culture was performed prior to the administration of the first hospital dose of antibioti??cs,100%,19 patients,$al_pn-3@@b
605,10027.0,elba general hospital,987 drayton street,empty,empty,elb%a,al,110591.2441244039,coffee,3348972257.0,acute care ho@@spitals,voluntary non-profit - other,yes,pneumonia,pn-4,pneumonia patients given smoking cessation advice/counseling,100%,12 patients,al_pn-4
606,10027.0,elba general hospital,987 drayton street,empty,empty,elba,al,36323.0,coffee,3348972257.0,acute care ho??spi#tals,voluntary non-profit - other,yes,pneumonia,pn-5c,pneumonia patients given initial antibiotic(s) within 6 hours after arrival,100%,40 patients,al_pn-5c
607,10027.0,elba general hosp#ital$,987 drayton street,empty,empty,elba,al,36323.0,coffee,3348972257.0,acute care hospitals,voluntary non-profit - other,yes,pneumonia,pn-6,pneumonia patients given the most appropriate initial antibiotic(s),93??#%,30 patients,al_pn@@-6
608,10027.0,elba general hospital,987 drayton$ street,empty,empty,el$ba$,al,36323.0,coffee,3348972257.0,acute care hospitals,voluntary non-profit - other,yes,pneumonia,pn-7,pneumonia patients assessed and given influenza vaccination,100%,??23 pat$ients,al_pn-7
609,10027.0,elba general hospital#,987 drayton street,empty,empty,elba,al,36323.0,coffee,3348972257.0,acute care hospitals,voluntary non-profit - other,yes,surgical infection prevention,scip-ca%rd-2,surgery patients who were taking heart drugs called beta blockers before coming to the hospital who were kept on the beta blockers during the period just before and after their surgery,empty,empty,al_scip-card-2
610,41959.49759279306,elba general hospital,987 drayton street,empty,empty,elba,al,36323.0,coffee,3348972257.0,acute care hospitals,voluntary non-profit - other,yes,surgical infection prevention,scip-inf-1,surgery patients who were given an antibiotic at the right time (within one hour before surgery) to help prevent infection,empty,empty,al_scip-inf-1
611,10027.0,elba general hospital,987 drayton street,empty,empty,elba,al,36323.0,coffee,3348972257.0,acute care hospitals,voluntary non-profit - other,yes,surgical infection prevention,scip-inf-2,surgery patients who were given the  right kind  of antibiotic to help prevent infection,empty,empty,al_scip-inf-2
612,10027.0,elba general hospital,987 drayton street,empt$y,empty,elba,al,36323.0,coffee,3348972257.0,acute care hospitals,voluntary non-profit - other,??yes,surgical infection prevention,scip-inf-3,surgery patients whose preventive antibiotics were stopped at the right time (within 24 hours after surgery),empty,empty,al_scip-inf-3
613,30233.578341751043,elba general hospital,987 drayton street,empty,empty,elba,al,36323.0,coffee%,3348972257.0,acute care hospitals,voluntary non-profit - other,yes,surg#ical infection prevention,scip-inf-4,all heart surgery patients whose blood sugar (blood glucose) is kept under good control in the days right after$ surgery,empty,empty,al_scip-inf-4
614,45682.51849570248,elba general hospital,987 drayton street,empty,empty,elba,??al,36323.0,coffee,17343599408.287178,acute care hospitals,voluntary non-profit - other,yes,surgical infection prevention,scip-inf-6,surgery patients needing hair removed from the surgical area before surgery who had hair removed using a safer method (electric clippers or hair removal cream c not a razor),empty,empty,al??_scip-inf-6@@
615,10027.0,elba general hospital,987 drayton street,empty,empty,el#ba,al,36323.0,coffee,3348972257.0,acute care hospitals,voluntary non-profit - other,yes,surgical infection prevention,scip-vte-1,surgery patients whose doctors ordered treatments to prevent blood clots after certain types of surgeries,empty,empty,al_scip-vte-1
616,10027.0,elba general hospital,987 drayton street,empty,empty,elba,al,36323.0,coffee%,3348972257.0,acute care hosp??itals,voluntary non-profit - other,yes,surgical infection prevention,scip-vte-2,patients who got treatment  at the right time (within 24 hours before or after their surgery) to help prevent blood clots after certain types of surgery,empty,em$pt#y,al_scip-vte-2
617,10029.0,east alabama medical center and snf,2000 pepperell ??parkway,e#mpty,empty,opelika,al??,36801.0,lee,3347493411.0,acute care hospitals,government - hospital district or authority,yes,heart attack,ami-1,heart attack patients given aspirin at arrival,98%,185 patients,al_ami-1
618,10029.0,east alabama medical center and snf,2000 pepperell parkway,empty,empty,opelika,al,36801.0,lee,3347493411.0,acute care hospitals,government - hospital district or authority,yes,heart attack,ami-2,heart attack patients given aspirin at discharge,97%,290 patients,al_ami-2
619,10029.0,east alabama medical center and snf,2000 pepperell parkway,empty,empty,opelika,al,36801.0,lee,3347493411.0,acute care hospitals,government - hospital district or authority,yes,heart attack,a??mi@@-3,heart attack patients given ace inhibitor or arb for left ventricular systolic dysfunction (lvsd),93%,72 patients,al_ami-3
620,10029.0,east alabama medical center and snf,2000 pepperell parkway,empty,empty,opelika,al,36801.0,lee,3347493411.0,acute care hospitals,government - hospital district or authority,yes,heart attack,ami-4,heart attack patients given smoking cessation advice/counseling,100%,122 patients,al_ami-4
621,10029.0,east alabama medical center and snf,2000 pepperell parkway,empty,empty,opelika,$??al,36801.0,lee,3347493411.0,@@acute ca$re hospitals,government - hospital district or authority,yes,heart attack,ami-5,heart attack patients given beta blocker at discharge,98%,281 patients,al_ami-5
622,10029.0,east alabama medical center and snf,2000 pepperell parkway,empt@@y%,em%p??ty,opelika,al,36801.0,lee,3347493411.0,acute care hospitals,government - hospital district or authority,yes,he$art at%tack,ami-7a,heart attack patients given fibrinolytic medication within 30 minutes of arrival,empty,0 patients,al_ami-7a
623,10029.0,east alabama medical center and snf,2000 pepperell parkway,empty,empty,opelika,al,36801.0,lee,3347493411.0,acute care hospitals,government - hospital district or authority,yes,heart attack,ami-8a,heart attack patients given pci within 90 minutes of arrival,85%,26 patients,al_ami-8a
624,10029.0,east alabama medical center and snf,2000 pepperell parkway,empty,empty,opelika,al,36801.0,lee,3347493411.0,acute care ho??spitals,government - hospital district or authority,yes,heart failure,hf-1$$,heart failure patients given discharge instructions,82%,527 patients,al_hf-1
625,10029.0,east alabama medical center and snf,2000 pepperell parkway,empty,empty,opelika,al,36801.0,lee,3347493411.0,acute care hospitals,government - hospital district or authority,yes,heart failure,hf-2,heart failure patients given an evaluation of left ventricular systolic (lvs) function,@@10@@0%,570 patients,a%l??_hf-2
626,10029.0,east alabama medical center and snf,2000 pepperell parkway,empty,emp%@@ty,opeli%ka,al,36801.0,lee,3347493411.0,acute ca$re ho#spitals,government - hospital district or authority,yes,heart failure,hf-3,heart failure patients given ace inhibitor or arb for left ventricular systolic dysfunction (lvsd),92%,272 patients,al_hf-3
627,10029.0,east alabama medical center and snf,2000 pepperell parkway,empty,e#mpty$,opelika,al,36801.0,lee,3347493411.0,acute care hospitals,government - hospital district or authority,yes,heart failure,hf-4,heart failure patients given smoking cessation advice/cou@@nseling,??100%,101 patients,al_hf-4
628,53842.94618472221,east alabama medical center and snf,2000 pepperell parkway,empty,empty,opelika,al,36801.0,lee,3347493411.0,acute care hospit$als,government - hospital district or authority,%%yes,pneumonia,pn-2,pneumonia patients assessed and given pneumococcal vaccination,??92??%,114 patients,al_pn-2
629,10029.0,east alabama medical center and snf,2000 pepperell parkway,empty,empty,opelika,al,36801.0,lee??@@,3347493411.0,acute care hospitals,government - hospital district or authority,yes,pneumonia,pn-3b,pneumonia patients whose initial emergency room blood culture was performed prior to the administration of the first hospital dose of antibiotics,91%,129 patients,al_pn-3b
630,10029.0,east alabama medical center and snf,2000 pepperell parkway,empty,empty@@#,opelika,al,36801.0,lee,3347493411.0,acute care hospitals,government - hospital district or authority,yes,pneumonia,pn-4,pneumonia patients given smoki??ng cessation advice??/counseling,100%,59 patients,al_pn-4
631,10029.0,east alabama medical center and snf,2000 pepperell parkway,empty,empty,opelika,al,36801.0,??lee,3347493411.0,acute care hospitals,government - hospital district or authority,yes,pneumonia,pn-5c,pneumonia patients given initial antibiotic(s) within 6 hours after arrival,96%,153 patients,al_p%n-5c
632,10029.0,east alabama medical center and snf,2000 pepperell parkway,empty,empty,o@@pe$lika,al,36801.0,lee,3347493411.0,acute care hospitals,government - hospital district or authority,yes,pneumonia,pn-6,pneumonia patients given the most appropriate initial antibiotic(s),97%,115 patients,al_pn-6
633,58624.447585648246,east alabama medical center and snf,2000 pepperell parkway,empty,empty,opelika,??al%,36801.0,lee,3347493411.0,acute care hospitals,government - hospital district or authority,yes,pneumonia,pn-7,pneumonia patients assessed and given influenza vaccination,88%,89 patients,al_pn-7
634,54894.65892546265,east alabama medical center and snf,2000 pepperell parkway,empty,empty,opelika,al,36801.0,lee,3347493411.0,acute care hospitals,government - hospital district or authority,yes,surgical infection prevention,scip-card-2,surgery patients who were taking heart drugs called beta blockers before coming to the hospital who were kept on the beta blockers during the period just before and after their surgery,98%,208 patients,al_scip-card-2
635,10029.0,east alabama medical center and snf,2000 pepperell parkway,empty,empty,opelika,al,36801.0,lee,3347493411.0,acute care hospitals,government - hospital district or authority,yes,surgical infection prevention,scip-inf-1,surgery patients who were given an antibiotic at the right time (within one hour before surgery) to help prevent infection,99%%,1001 patients,al_scip-inf-1
636,39848.730341584065,east alabama medical center and snf,2000 pepperell parkway,??empty,empty,opelika,al,36801.0,lee,3347493411.0,acute care hospitals,government - hospital district or authority,yes,surgical infection prevention,scip-inf-2,surgery patients who were given the  right kind  of antibiotic to help prevent infection,99%,1016 patients,al_scip-inf-2
637,10029.0,east alabama medical center and snf,2000 pepperell parkway,empty,empty,opelika,al,36801.0,lee,3347493411.0,acute care hospitals,government - hospital district or authority,yes,surgical infecti@@on preventio%n,scip-inf-3,surgery patients whose preventive antibiotics were stopped at the right time (within 24 hours after surgery),97%,962 patients,al_scip-inf-3
638,10029.0,east alabama medical center and snf,2000 pepperell parkway,empty,empty,opelika,al,36801.0,le??e%,19010563111.50362,acute care hospitals,government - hospital district $or authority,yes,surgical infection prevention,scip-inf-4,all heart surgery patients whose blood sugar (blood glucose) is kept under good control in the days right after surgery,98%,241 patients,al_scip-inf-4
639,10029.0,east alabama% medi??cal center and snf,2000 pepperell parkway,empty,empty,opelika,al,36801.0,lee,10970275349.597408,acute care hospitals,government - hospital district or authority,yes,surgical infection prevention,scip#-inf-6,surgery patients needing hair removed from the surgical area before surgery who had hair removed using a safer method (electric clippers or hair removal cream c not a razor),100%,1421 patients,al_scip-inf-6
640,10029.0,east alabama medical center?? and snf,2000 pepperell parkway,empty,empty,opelika,al,180332.478717644,lee,3347493411.0,acute care hospitals,government - hospital district o??r authority,yes,surgical infection prevention,scip-vte-1,surgery patients whose doctors ordered treatments to prevent blood clots after certain types of surgeries,92%,473 patients,al_scip-vte-1
641,10029.0,east alabama medical center and snf,2000 pepperell parkway,e@@m%pty,empty,opelika,al,36801.0,lee,3347493411.0,acute care hospitals,government - hospital district or authority,yes,surgical infection prevention,scip-vte-2,patients who got treatment  at the right time (within 24 hours before or after their surgery) to help prevent blood clots after certain types of surgery,$90$%,473 patients,al_sc??ip-vte-2
642,10032.0,wedowee hospital,209 north main street,empty,empty,wedowee,al,36278.0,randolph,2563572111.0,acute care hospitals,government - local,no,heart attack,ami-1,heart attack pati#ents given aspirin at arrival,50%,4 patients,al_ami-1
643,10032.0,wedowee hospital,209 north main street,empty,empty,wedowee,al,132307.6064307805,randolph,2563572111.0,acute care hospitals,governm#ent - local??,no,heart attack,ami-2,heart att$ack patients given aspirin at disch@@arge,67%,3 pa#tients,a#l_a#mi-2
644,10032.0,wedowee hospital,209 north main street,??#empty,empty,wedowee,al,36278.0,ran$dolph,2563572111.0,acute care hospitals,government - local,no,heart attack,ami-3,heart attack patients given ace inhibitor or arb for left ventricular systolic dysfunction (lvsd),empty,0 patients,al_ami-3
645,10032.0,w$edowee hospital,209# north?? main street,empty,empty,wedowee,al,135264.9537496255,randolph,2563572111.0,acute care hospitals,government - local,no,heart attack,ami-4,heart attack patients given smoking cessation advice/counseling,empty#,0 patients,al_ami-4
646,10032.0,wedowee hospital,2$09 north main street,empty,empty,wedowee,al,36278.0,randolph,2563572111.0,acute care hospitals,government - local,no,heart attack,ami-5,heart attack patients given beta blocker at discharge,67%,3 p??atients,al_ami-5
647,10032.0,wedowee hospital,209 north main street,empty,empty,w#edowee,al,36278.0,randolph,2563572111.0,acute care hospitals,government - local,no,heart attack,ami-7a,heart attack patients given fibrinolytic medication within 30 minutes of arrival,empty,0 patients,al_ami-7a
648,10032.0,wedowee hospital,209 north main street,empty,empty,wedowee,a#l%,36278.0,randolph,2563572111.0,acute care hospitals,government - local,no,heart attack,ami-8a,heart attack patients given pci within 90 minutes of arrival,empty,0 patients,al_ami-8a
649,47362.16110998757,wedowee hospital,209 north main street,empty,empty,wedowee,al,36278.0,randolph,2563572111.0,acute care hospitals,government - lo??c#al,no,heart failure,hf-1,heart failure patients given discharge instructions,0%,34 patients,al_hf-1
650,58459.20918554984,wedowee hospital,209 north main street,empty,empty,wedowee,al,36278.0,randolph,2563572111.0,acute care hospitals,government - local,no,heart failure,hf-2,heart failure patients given an evaluation of left ventricular systolic (lvs) function,38%,39 patients,al_hf-2
651,10032.0,wedowee hospital,209 north main street,empty,empty,wedowee,al,36278.0,randolph,2563572111.0,acute care hospital??s@@,government - local,??no,heart failure,hf-3,heart failure patients given ace inhibitor or arb for left ventricular systolic dysfunction (lvsd),25%,4 patients,al_hf-3
652,10032.0,wedowee hospital,209 north$ ma$in street,e??mpty,empty,wedowee,al,36278.0,randolph,2563572111.0,acute care hospitals,government - local,no,h#eart failure,hf-4,heart failure patients given smoking cessation advice/counseling,100%,2 patients,al_hf-4
653,10032.0,wedowee hospit??al,209 north main street,empty,empty,wedowee,a@@l,36278.0,randolph,2563572111.0,acute care hospitals,government - local,no,pneumonia,pn-2,pneumonia patients assessed and given pneumococcal vaccination,25%,28 patients,al_pn-2
654,10032.0,wedowee hospital,209 north main street,empty,empty,w$edowee,al,177236.19458170646,randolp??h,2563572111.0,acute care hospitals,government - local,no,pneumonia,pn-3b,pneumonia patients whose initial emergency room blood culture was performed prior to the administration of the first hospital dose of antibiotics,100%,14 patients,al_pn-3b
655,10032.0,wedowee hospital,209 north main street,empty,empty,wedowee,al,36278.0,randolph,2563572111.0,acute care hospitals,government - local,no,pneumonia,pn-4,pneumonia patients given smoking cessation advice/counseling,67%#,6 patients,al_pn-4
656,10032.0,wedowee hospital,209 north main street,empty,empty,wedowee,al,36278.0,randolph,2563572111.0,acute care hospitals,government - local,no,pneumonia,pn-5c,pneumonia patients given initial antibiotic(s) within 6 hours after arrival,90%,30 patients,al_pn-5c
657,10032.0,wedowee hospital,209 north main street,empty,empty,wedowee,#%al,36278.0,randolph,2563572111.0,acute care hospitals,government@@ - loc%al,no,pneumonia,pn-6,pneumonia patients given the most appropriate initial antibiotic(s),96%,23 patients,al_pn-6
658,10032.0,wedowee hospital,209 north main street,empty,empty,wedowee,al,36278.0,randolph,2563572111.0,acute care hospitals,government - local,no,pneumonia,pn-7,pneumonia patients assessed and given influenza vaccination,12%,16 patients,al_pn-7
659,59581.38833308819,wedowee hospital,209 north main street,empty,empty,wedowee,al,36278.0,randolph,14525214306.709621,acute care hospitals,government - local,no,surgical infection prevention,scip-card-2,surgery patients who were taking heart drugs called beta blockers before coming to the hospital who were kept on the beta blockers during the period just before and after their surgery,empty,empty,al_scip-card-2
660,43444.8247375862,wedowee hospital,209 north main street,empty,empty,wedowee,al,36278.0,randolph,2563572111.0,acute care hospitals,government - local,no,surgical infection prevention,scip-inf-1,surgery patients who were given an antibiotic at the right time (within one hour before surgery) to help prevent infection,empty,empty,al_scip-inf-1
661,10032.0,wedowee hospital,209 north main street,empty,empty,wedowee,al,36278.0,randolph,14065270387.787107,acute care hospita@#@ls,g??ov??ernment - local,no,surgica%l infection pre??vention,scip-inf-2,surgery patients who were given the  right kind  of antibiotic to help prevent infection,empty,empty,al_scip-inf-2
662,10032.0,wedowee hospital,209 north main street,empty,empty,wedowee,al,36278.0,randolph,2563572111.0,acute care hospitals,government - local,no,surgical infection prevention,scip-inf-3,surgery patients whose preventive antibiotics were stopped at the right time (within 24 hours after surgery),empty,empty,al_scip-inf-3
663,10032.0,wedowee hospital,209 north main street,empty,empty,wedowee,al,36278.0,rand#olph,2563572111.0,acute care hospitals,government - local,no,surgical infection prevention,scip-inf-4,all heart surgery patients whose blood sugar (blood glucose) is kept under good control in the days right after surgery,empty,empty,al_scip-inf-4
664,32233.61163534194,wedowee hospital,209 north main street,em@@pty@@,empty,wedowee,al,36278.0,randolph,2563572111.0,acute care hospitals,government - local,no,surgical infection prevention,scip-inf-6,surgery patients needing hair removed from the surgical area before surgery who had hair removed using a safer method (electric clippers or hair removal cream c not a razor),empty,empty,al_scip-inf-6
665,10032.0,wedowee hospital,209 north main s$treet,empty,empty,wedow@@ee%,al,36278.0,randolph,2563572111.0,acute care hospitals,government - local,no,surgical infection prevention,scip-vte-1,surgery patients whose doctors ordered treatments to prevent blood clots after certain types of surgeries,empty,empty,al_scip-vte-1
666,10032.0,wedowee hospital,209 north main street,empty,empty,wedowee,al,36278.0,??rando@@lph,2563572111.0,acute care hospitals,government - local,no,surgical infection prevention,scip-vte-2,patients who got treatment  at the right time (within 24 hours before or after their surgery) to help prevent blood clots after certain types of surgery,empty,empty,a$l_scip-vte-2
667,10033.0,university of alabama hospital,619 south 19th street,empty,empty,birmingham,al,35233.0,jefferson,2059344011.0,acute care hospitals,government - state,yes,heart attack,ami-1,heart attack patients given aspirin at arrival,98%,229 patients,al_ami-1
668,10033.0,university of alabama hospital,619 south 19th street,empty,e%mpty,birmingham,al,35233.0,jefferson,2059344011.0,acute care hospitals,government - state,yes,heart attack,ami-2,heart attack patients given aspirin at discharge,98%,316 patients,al_ami-2
669,10033.0,university of alabama hospital,619 south 19th street,empty,empty,bir#min??gham,al,35233.0,jefferson,2059344011.0,acute care hospitals,government - state,yes,heart attack,ami-3,heart attack patients given ace inhibitor or arb for left ventricular systolic dysfunction (lvsd),91%,87 patients,al_ami-3
670,10033.0,university of alabam@@a hospital,619 south 19th #st??reet,empty,empty,birmingham,al,35233.0,jefferson,2059344011.0,acute care hospitals,government - state,yes,heart attack,ami-4,heart attack patients given smoking cessation advice/counseling,100%,147 patients,al_ami-4
671,10033.0,university of alabama hospital,619 south 19th street,empty,empty,birmingham,al,35233.0,jefferson,2059344011.0,acute care hospitals,government - state,yes,heart?? attack,ami-5,heart attack patients given beta blocker at discharge,97%,331 patients,al_ami-5
672,10033.0,university of alabama hospital,619?? south 19th street,empty,empty,birmingham,al,35233.0,jefferson,2059344011.0,acute care hospitals,government - state,yes,heart attack,ami-7a,heart attack patients given fibrinolytic medication within 30 minutes of arrival,empty@@#,0 patients,al_ami-7a
673,10033.0,university of alabama hospital,619 south 1??9th stre@@et,empty,empty,birmingham,al,35233.0,jefferson,2059344011.0,acute care hospitals,government - state,yes,heart attack,ami-8a,heart attack patients given pci within 90 minutes of arrival,98%,47 patients,al_ami-8a
674,10033.0,university of alabama hospital,619 south 19th street,empty,empty,birmingham,al,35233.0,jefferson,2059344011.0,acute care hospitals,government - state,yes,heart #failure,hf-1,heart failure patients given discharge instructions,46%,618 patients,al_hf-1
675,10033.0,university of alabama hospital,619 south 19th street,empty,em$pty,birmingham,##al,35233.0,jefferson,2059344011.0,acute care hospitals,government - state,yes,heart failure,hf-2,heart failure patients given an evaluation of left ventricular systolic (lvs) function,96%,681 @@patie??nts,al_hf-2
676,10033.0,university of ala??bama hospital,619 south 19th street,empty,empty,birmingham,al,35233.0,jefferson,2059344011.0,acute care hospitals,government - state,yes,heart failure,hf-3,heart failure patients given ace inhibitor or arb for left ventricular systolic dysfunction (lvsd),94%,343 patients,al_hf-3
677,10033.0,university of alabama hospital,619 south 19th street,empty??,empty,birmingham,al,35233.0,jefferson,2059344011.0,acute care hospitals,government - state,yes,heart failure,hf-4,heart failure patients given smoking cessation advice/counseling,100%,130 patients,??#al_hf-4
678,10033.0,university of alabama hospital,619 south 19th street,empty,empty,birmingham,al,35233.0,jefferson,2059344011.0,acute care hospitals,government - state,yes,pneumonia,pn-2,pneumonia patients assessed and given pneumococcal vaccination,74%,247 patients,al_pn-2
679,10033.0,university of alabama hospital,619 south 19th street,empty,empty,birmingham,al,35233.0,jefferson,2059344011.0,acute care hospitals,government - state,yes,pneumonia,pn-3b,pneumonia patients whose initial emergency room blood culture was performed prior to the administration of the first hospital dose of antibiotics,92%,378 patients,al_pn-3b
680,10033.0,university of alabama hospital,619 south 19th street,empty,empty,birmingham,al,35233.0,jefferson,2059344011.0,acute care hospitals,gov@@ernment - state,yes,pneumonia,pn-4,pneumonia patie#nts given smoking cessation advice/#counseling,100%,169 patients,al_pn-4
681,10033.0,university of alabama hospital,619 south 19th street,empty,empty,birmingham,#a#l,127296.61455357938,jefferson,2059344011.0,acute care hospitals,government - state,yes,pneumonia,#p%n-5c,pneumonia patients given initial antibiotic(s) within 6 hours after arrival,92%,357 patients,al_pn-5c
682,33271.146166027516,university of alabama hospital,619 south 19th street,empty$,empty,birm$ingham,al,35233.0,jefferson,2059344011.0,acute care hospitals,government - state,$y@@es,pneumonia,pn-6,pneumonia patients given the most appropriate initial antibiotic(s),85%,155 patients,al_pn-6
683,10033.0,university of alabama hospital,619 south 19th street,empty,empty,birmingham,al,35233.0,jefferson,2059344011.0,acute care hospitals,government - state,yes,pneumonia,pn-7,pneumonia patients assessed and given influenza vaccination,79%,242 patients,al_pn-7
684,10033.0,university of alabama hospital,619 south 19th street,empty,empty,birmingham,al,35233.0,jefferson,2059344011.0,acute care hospitals,government - state,yes,surgical infection prevention,scip-card-2,surgery patients who were taking heart drugs called beta blockers before coming to the hospital who were kept on the beta blockers during the period just before and after their surgery,69%@@@@,94 pati%en??ts,al_scip-card-2
685,10033.0,university of alabama hospital,619 south 19th street,empty,empty,birmingham,al,35233.0,jefferson,2059344011.0,acute care hospitals,government - state,yes,surgical infection prevention,scip-inf-1,surgery patients who were given an antibiotic at the right time (within one hour before surgery) to help prevent infection,88%,324 patients,al_scip-inf-1
686,10033.0,university of alabama hospital,619 south 19th street,empty,empty,birmingham,al,35233.0,jefferson,2059344011.0,acute care hospitals,government - state,yes,surgical infection prevention,scip-inf-2,surgery patients who were given the  right kind  of antibiotic to help prevent infection,95%,350 patients,al_scip-inf-2
687,10033.0,universit$y of alabama hospital,619 south 19th# stree??t,empty,empty,birmingha$m#,al,192819.29453734294,jefferson,2059344011.0,acute care hospitals,government - state,yes,surgical infection prevention,scip-inf-3,surgery patients whose preventive antibiotics were stopped at the right time (within 24 hours after surgery),87%,317 patients,al_scip-inf-3
688,10033.0,university of alabama hospital,619 south 19th street,empty,empty,birmingham,al,35233.0,jefferson,2059344011.0,acute care hospitals,government - state,yes,surgical infection prevention,scip-inf-4,all heart surgery patients whose blood sugar (blood glucose) is kept under good control in the days right after surgery,76%,140 patients,al_scip-inf-4
689,10033.0,university of alabama hospital,619 south 19th street,empty,empty,birmingham,al,35233.0,jefferson,2059344011.0,acute care hospitals,government - state,yes,surgical infection prevention,scip-inf-6,surgery patients needing hair removed from the surgical area before surgery who had hair removed using a safer method (electric clippers or hair removal cream c not a razor),97%,585 patients,al_scip-inf-6
690,10033.0,university of alabama hospital,619 south 19th street,empty,empty,birmingham,al,35233.0,jefferson,2059344011.0,acute care hospitals,gov#er#nment - state,yes,surgical infection prevention,scip-vte-1,surgery patients whose doctors ordered treatments to prevent blood clots after certain types of surgeries,79%,230 patie??nt%s,al_scip-vte-1
691,10033.0,university of alabama hospital,619 south 19th street,empty,empty,birmingham,al,35233.0,jefferson,2059344011.0,acute care hospitals,government - state,yes,surgical infection prevention,scip-vte-2,patients who got treatment  at the right time (within 24 hours before or after their surgery) to help prevent blood clots after certain types of surgery,77%,224 patients,al_scip-vte-2
692,10034.0,community hospital inc,805 friendship road,empty,empty,??tal%lassee,al,36078.0,elmore,3342836541.0,acute care hospitals,voluntary non-profit - private,no,heart attac%??k,ami-1,heart attack patients given aspirin at arrival,77%,13 patients,al_ami-1
693,10034.0,community hospital inc,805 friendship road,empty,empty,tallassee,al?#?,36078.0,%elmore??,3342836541.0,acute care hospitals,voluntary non-profit - private,no,heart attack,ami-2,heart attack patients given aspirin at discharge,100%,4 patients,al_ami-2
694,10034.0,community hospital inc,805 friendship road,empt??y,empty,tallassee,al,36078.0,elmore,3342836541.0,acute care hospitals,voluntary non-profit - private,no,heart attack,ami-3,heart attack patients given ace inhibitor or arb for left ventricular systolic dysfunction (lvsd),100%,1 patients,al_ami-3
695,10034.0,community hospital inc,805 friendship road,empty,emp%ty#,tallassee,al,36078.0,elmore,3342836541.0,acute care hospitals,voluntary non-profit - priva#te,no,heart% at??tack,ami-4,heart attack patients given smoking cessation advice/counseling,empty,0 patients,al_ami-4
696,10034.0,community hospital inc,805 friendship road,empty,empty,tallassee,al,36078.0,elmore,3342836541.0,acute care hospitals,voluntary non-profit - private,no,heart attack,ami-5,heart attack patients given beta blocker at discharge,75%,4 patients,al_ami-5
697,10034.0,community hospital inc,805 friendship road,empty,empty,tallassee,a$$l,36078.0,elmore,3342836541.0,acute care hospitals,voluntary non-profit - private,no,heart attack,ami-7a,heart attack patients given fibrinolytic medication within 30 minutes of arrival,empty,0 patients,al_ami-7a
698,10034.0,community hospital inc,805 friendship road,empty,empty,tallassee,al,36078.0,elmore,3342836541.0,acute care hospitals,voluntary non-profit - private,no,heart attack,ami-8a,heart attack patients given pci within 90 %minutes of arrival,empty,0 patients,al_ami-8a
699,10034.0,community hospital inc,805 friendship road,em#pty%,empty,tallassee,al,36078.0,elmore,3342836541.0,acute care hospitals,voluntary non-profit - private,no,heart failure,hf-1,heart failure patients given discharge instructions,88%,65 patients,al_hf-1
700,10034.0,community hospital inc,80#5 friendshi??p road,empty,empt%y,tallassee,al,36078.0,e%l@@more,3342836541.0,acute care hospitals,voluntary non-profit - private,no,heart failure,hf-2,heart failure patients given an evaluation of left ventricular systol??ic (lvs) function,100%,87 patients,al_hf-2
701,36343.973880632664,community hospital inc,805 friends#hip road,empty,empty,tallassee,al,36078.0,elmor%e,15622584910.745964,acute care hospitals,voluntary non-profit - private,no,heart failure,hf-3,heart failure patients given ace inhibitor or arb for left ventricular systolic dysfunction (lvsd),100%,30 patients,al_hf-3
702,10034.0,community hospital inc,805 friendship road,empty,empty,tallassee,al,36078.0,elmore,3342836541.0,acute care hospitals,voluntary non-profit - private,no,heart failure,hf-4,h$eart% failure patients given smoking cessation advice/counseling,100%,9?? patients,al_hf-4
703,10034.0,community hospital inc,805 friendship road,empty,empty,tallassee,al,36078.0,elmo%re,3342836541.0,acute care hospitals,voluntary non-profit - private,no,pneumoni@$@a,pn-2$,pneumonia patients assessed and given pneumococcal vaccination,87%$#,70 patients,al_pn-2
704,10034.0,community hospital inc,805 friendship road,empty,empty,tallassee,#al,36078.0,elmore,3342836541.0,acute care hospitals,voluntary non-profit - private,no,pneumonia,pn-3b,pneumonia patients whose initial emergency room blood culture was performed prior to the administration of the first hospital dose of antibiotics,95%,76 patients,al_pn-3b
705,10034.0,community hospital inc,805 friendship road,empty,empty,tallassee,al,36078.0,elmore,3342836541.0,acute care hospitals,voluntary non-profit - private,no,pneumonia,pn-4,pneumonia patients given smoking cessation advice/counseling,90%,41 patients,al_pn-4
706,40346.59641617639,community hospital inc,805 friendship road,empty,empty,tallassee,al,36078.0,elmore,3342836541.0,acute care hospitals,voluntary non-profit - private,no,pneumonia,pn-5c,pneumonia patients given initial antibiotic(s) within 6 hours after arrival,97%,71 patients,al_pn-5c
707,10034.0,community hospital inc,805 friendship road,empty,empty,tallassee,a@@l,36078.0,elmore,3342836541.0,acute care hospitals,voluntary non-profit - private,n??o,pneumonia,pn-6,pneumonia patients given the most appropriate initial antibiotic(s),96%,52 patients,al_pn-6
708,10034.0,community hospital inc,805 friendship road,empty,empty,tallassee,al,36078.0,elmore,3342836541.0,acute care hospitals,voluntary non-profit - private,no,pneumonia,pn-7,pneumonia patients assessed and given influenza vaccination,93%,56 patients,al_$pn-??7
709,32752.05458012321,community hospital inc,805 friendship road,empty,empty,tallassee,al,36078.0,elmore,3342836541.0,acute care hospitals,voluntary non-profit - private,no,surgical infection prevention,scip-ca%rd-2??,surgery patients who were taking heart drugs called beta blockers before coming to the hospital who were kept on the beta blockers during the period just before and after their surgery,100%,3 patients,al_scip-card-2
710,10034.0,community hospital inc,805 friendship road,empty,empty,tallassee,al,36078.0,elm??ore@@,3342836541.0,acute care hospitals,voluntary non-profit - private,no,surgical infection prevention,scip-inf-1,surgery patients who were given an antibiotic at the right time (within one hour before surgery) to help prevent infection,100%,10 patients,al_scip-inf-1
711,10034.0,community hospital inc,805 friendship road,empty,empty,tallassee,al,151236.9106918471,elmore,3342836541.0,acute care hospitals,voluntary non-profit - private,no,surgical infection prevention,scip-inf-2,surgery patients who were given the  right kind  of antibiotic to help prevent infection,1%00%%,10 patients,al_scip-inf-2
712,10034.0,community hospital inc,805 friendship road,empty,empty,ta$ll#assee,al,36078.0,elmore,3342836541.0,acute care hospitals,voluntary non-profit - private,no,surgical infection prevention,scip-inf-3,surgery patients whose preventive antibiotics were stopped at the right time (within 24 hours after surgery),100%,9 patients,al_scip-inf-3
713,10034.0,community hospital inc,805 friendship road,empty,empty,tallassee,al,36078.0,elmore,3342836541.0,acute care hospitals,voluntary non-profit - private,no,surgical infection prevention,scip-inf-4,all heart surgery patients whose blood sugar (blood glucose) is kept under good control in the days right after surgery,empty,0 patients,al_scip-inf-4
714,10034.0,community hospital inc,805 friendship road,empty,empty,tallassee,@@al,36078.0,elmore,3342836541.0,acute care hospitals,voluntary non-profit - private,no,surgical infection prevention,scip-inf-6,surgery patients needing hair removed from the surgical area before surgery who had hair removed using a safer method (electric clippers or hair removal cream c not a razor),100%,33 patients,al_scip-inf-6
715,10034.0,community hospital inc,805 friendship road,empty,empty,tallassee,al,36078.0,elmore,3342836541.0,acute care hospitals,voluntary non-profit - private,no,surgical infec@??@tion prevention,scip-vte-1,surgery patients whose doctors ordered treatments to prevent blood clots after certain types of surgeries,8#8%@@,24 patients,al_scip-vte-1
716,10034.0,community hospital inc,805 friendship road,empty,empty,tallassee,al,36078.0,elmore,3342836541.0,acute care hospitals,voluntary non-profit - private,no,surgical infection prevention,scip-vte-2,patients who got treatment  at the right time (within 24 hours before or after their surgery) to help prevent blood clots after certain types of surgery,88%,24 patients,al_scip-vte-2
717,10035.0,cullman regional medical center,1912 alabama highway 157,em%pt$y,empty,cullman,al,35058.0,cullman,2567372000.0,acute care @@hospitals,government - hospital district or authority,yes,heart attack,ami-1,heart attack patients given aspirin at arrival,100%,51 patients,al_ami-1
718,10035.0,cullman regional medical center,1912 alabama highway 157,empty,empty,cullman,%al$,35058.0,cullman,2567372000.0,acute care hospitals,government - hospital district or authority,yes,heart attack,ami-2,heart attack patients given aspirin at discharge,100%,26 patients,al_ami-2
719,10035.0,cullman regional medical center,1912 alabama highway 157,empty,empty,cullman,al,35058.0,cullman,2567372000.0,acute care hospitals,government - hospital district or authority,yes,heart attack,ami-3,heart attack patients given ace inhibitor or arb for left ventricular systolic dysfunction (lvsd),67%,3 patients,al_ami-3
720,10035.0,cullman regional medical center,1912 alabama highway 157,em%pty,empty,cullman,al,35058.0,cullman,2567372000.0,acute care hospitals,government - hospital district or authority,yes,heart attack,ami-4,heart attack patients given smoking cessation advice/counseling,10%#0%,3 patients,al_ami-4#
721,10035.0,cullman regional medical center,1912 alabama highway 157,empty,empty,cullman,al,149502.44029639402,cullman,2567372000.0,acute care hospitals,government - hospital district or authority,@@yes,heart attack,ami-#5,heart attack patients given beta blocker at discharge,100%,23 patients,al_ami-5
722,10035.0,cullman regional medical center,1912 alabama highway 157,empty,empty,cullman,al,35058.0,cullman,2567372000.0,acute care hospitals,government - hospital district or authority,yes,heart attack,ami-7$a,heart attack patients given fibrinolytic medication within 30 minutes of arrival,empty,0 patients,al_ami-7a
723,10035.0,cullman regional medical center,1912 alabama highway 157,empty,empty,??cullman,al,35058.0,cullman,2567372000.0,acute care hospitals,government - hospital district or auth$ority,yes,heart attack,ami-8a,heart attack patients given pci within 90 minutes of arrival,empty,0 patients,al_ami-8a
724,10035.0,cullman regional medical center,1912 alabama highway 157,empty,empty,cullman,al,35058.0,cullman,2567372000.0,acute care hospitals,government - hospital district or authority,yes,h#eart failure,hf-1,heart failure patients given discharge instructions,99%,158 patients,al_h$f-1@@
725,10035.0,cullman regional medical center,1912 alabama highway 157,empty,empty,cullman,al,35058.0,cullman,2567372000.0,acute care hospitals,government - hospital district or authority,yes,heart failure,hf-2,heart failure patients given an evaluation of left ventricular systolic (lvs) function,100%,200 patients,al_hf-2
726,10035.0,cullman regional medical center,1912 alabam%a hig$hway 157,empty,empty,cullman,al,35058.0,cullman,2567372000.0,acute care hospitals,government - hospital district or authority,yes,heart failure,hf-3%,heart failure patients given ace inhibitor or arb for left ventricular systolic dysfunction (lvsd),97%,37 patients,al_hf-3
727,10035.0,cullman regional medical center,19??12 alabama highway 157,empty,empty,cullman,al@@,35058.0,cullman,2567372000.0,acute care hospitals,government - $hospital district #or authority,yes,heart failure,hf-4,heart failure patients given smoking cessation advice/counseling,100%,42 patients,al_hf-4
728,10035.0,cullman regional medical center,1912 alabama highway 157,empty,e%mpty$,cullman,al,35058.0,cullman,2567372000.0,acute care hospitals,government - hospital district or authority,yes,pneumonia,pn-2,pneumonia pati@@ents assessed and given pneumococc%al vaccination,100%,155 patients,al_pn-2
729,10035.0,cullman regional medical center,1912 alabama highway 157,$em%pty,empty,cullman,al,35058.0,cullman,2567372000.0,acute care hospitals,government - hospital district or authority,yes,pneumonia,pn-3b,pneumonia patients whose initial emergency room blood culture was performed prior to the administration of the first hospital dose of antibiotics,100%,138 patients,al_pn-3b
730,10035.0,cullman regional medical center,1912 alabama highway 157,empty,empty,cullman,al,35058.0,cullman,2567372000.0,acute care hospitals,government - hospital district or authority,yes,pneumonia,pn-4,pneumonia patients given smoking cessation advice/counseling,100%,????90 patients,al_#pn-4
731,10035.0,cullman regional medical center,1912 alabama highway 157,empty$@@,empty,cullman,al,35058.0,cullman,2567372000.0,acute care hospitals,government - hospital district or authority,yes,pneumonia,pn-5c,pneumonia patients given initial antibiotic(s) within 6 hours after arrival,99%,160 patients,al_pn-5c
732,10035.0,cullman regional medical center,1912 alabama highway 157,empty,empty,cullman,al,35058.0,cullman,2567372000.0,acute care hospitals,government - hospital district or authority,yes,pneumonia,pn-6,pneumonia patients given the most appropriate initial antibiotic(s),98%,136 pat@@ients,al_pn-6
733,10035.0,cullman regional medical center,1912 alabama highway 157,empty,empty,cullman,al,35058.0,cullma#n??,15292702035.660656,acute care hospitals,government - hospital district or authority,yes,pneumonia,pn-7,pneumonia patients assessed and given influenza vaccination,98%,125 patients,al_pn-7
734,10035.0,cullman regional medical center,1912 alabama highway 157,empty,empty,cullman,al,35058.0,cullman,2567372000.0,acute care hospitals,government - hospital district or authority,yes,surgical infection prevention,scip-card-2,surgery patients who were taking heart drugs called beta blockers before coming to the hospital who were kept on the beta blockers during the period just before and after their surgery,99%,68 pati@@e#nts,al_scip-card-2
735,33329.259153165905,cullman regional medical center,1912 alabama highway 157,empty,empty,cullman,al@%@,35058.0,cullman,2567372000.0,acute care hospitals,government - hospital district or authority,ye$s,surgical infection prev%ention,scip-inf-1,surgery patients who were given an antibiotic at the right time (within one hour before surgery) to help prevent infection,99%,411 patients,al_scip-inf-1
736,44740.375289118834,cullman regional medical center,1912 alabama highway 157,em??#pty,empty,cullman,al,176596.72592712624,cullman,2567372000.0,acute care hospitals,government - hospital district or authority,yes,surgical infection prevention,scip-inf-2,surgery patients who were given the  right kind  of antibiotic to help prevent infection,9@@@@8%,417 patients,al_scip-inf-2
737,10035.0,cullman regional medical center,1912 alabama highway 157,empty,empty,cullma%n,al,35058.0,cu??#llman,2567372000.0,acute care hospitals,government - hospital district or authority,yes,surgical i@@nfection prevention,scip-inf-3,surgery patients whose preventive antibiotics were stopped at the right time (within 24 hours after surgery),98%,405 p#ati@@ents,al_scip-inf-3
738,10035.0,cullman regional medical center,1912 alabama highway 157,empty,empty,cullman,%al,35058.0,cullman,2567372000.0,acute care hospitals,government - hospital district or authority,ye@@@@s,surgical infection prevention,scip-inf-4,all heart surgery patients whose blood sugar (blood glucose) is kept under good control in the days right after surgery,empty,0 patien#ts,al_scip-inf-4
739,10035.0,cullman regional medical center,1912 alabama hi$ghway 157,empty,empty,cullman,al,35058.0,cullman,2567372000.0,acute care hospitals,government - hospital district or authority,yes,surgical infect??ion ??prevention,scip-inf-6,surgery patients needing hair removed from the surgical area before surgery who had hair removed using a safer method (electric clippers or hair removal cream c not a razor),100%,5%98 patients,al_scip-inf-6
740,10035.0,cullman regional medical center,1912 alabama highway 157,empty,empty,cullman,al,35058.0,cullman,2567372000.0,acute care hospitals,government - hospital district or authority,yes,surgical infection prevention,scip-vte-1,surgery patients whose doctors ordered treatments to prevent blood clots after certain types of surgeries,95%,298 patients??,al_scip-vte-1
741,10035.0,cullman regional medical center,1912 alabama highway 157,empty,empty,cul@@$lman,al,35058.0,cullman,10413971669.315542,acute care hospitals,government - hospital district or authority,yes,surgical infec??tion prevention,scip-vte-2,patients who got treatment  at the right time (within 24 hours before or after their surgery) to help prevent blood clots after certain types of surgery,95%,298 patients,al_scip-vte-2
742,10036.0,andalusia regional hospital,849 south three notch street,empty,#$empty,andalusia,al,36420.0,covington,3342228466.0,acute care hospitals,proprietary,no,heart attack,ami-1,heart attack patients given aspirin at arrival,100%,8 patients,al_ami-1
743,40152.61369583601,andalusia regional hospital,849 south three notch street,empty,empty,andalusia,al,36420.0,covington,3342228466.0,acute care hospitals,proprietary,no,heart attack,ami-2,heart attack patients given aspirin at discharge,60%@@@@,5 patients,al_ami-2
744,10036.0,andalusia regional hospital,849 south three notch street,empty,empty,andalusia,al,36420.0,covington,3342228466.0,acute care hos%pitals,proprietary,no,heart ??at#tack,ami-3,heart attack patients given ace inhibitor or arb for left ventricular systolic dysfunction (lvsd),100%,3 patients,al_ami-3
745,10036.0,@@andalusia regional hospital,849 sout#h thre??e notch street,empty,em??p@@ty,a@@%ndalusia,al,36420.0,covington,3342228466.0,acute c%are hospitals,proprietary,no,heart attack,ami-4,heart attack patients given smoking cessation advice/counseling,empty,0 patients,al_ami-4
746,10036.0,andalusia regional hospital,849 south three notch street,empty,empty,andalusia,al,215165.66864708246,covington,3342228466.0,acute care hospitals,proprietary,no,heart attack,ami-5,heart attack patients given beta blocker at discharge,100%,6 patients,al_ami-5
747,10036.0,andalusia regional hospital,849 south three notch street,empty,empty,andalusia,al,36420.0,covington,3342228466.0,acute care hospitals,pr%o%prietary,n#o,heart attack,ami??-7$a,heart attack patients given fibrinolytic medication within 30 minutes of arrival,empty,0 patients,al??_ami-@@7a
748,10036.0,andalusia regional hospital,849 south three notch street,empty,empty,andalusia,al,36420.0,covington,3342228466.0,acute care hospitals,proprietary,no,heart a%tta#ck,ami-8a,heart attack patients given pci within 90 minutes of arrival,empty,0 patients,al_ami-8a
749,10036.0,andalusia regional hospital,849 south three notch street,empty,empty,andalusia,al,36420.0,c@@ovingto$n,3342228466.0,acute care hospitals,proprietary,no,heart failure,hf-1,heart failure patients given discharge instructions,100%,121 patients,al_hf-1
750,10036.0,andalusia regional hospital,849 south three notch street,empt%y,empty,andalusia,al,36420.0,covington,3342228466.0,acute care hospitals,proprietary,%no$,heart failure,hf-2,heart failure patients given an evaluation of left ventricular systolic (lvs) function,91%,139 patien#ts,al_hf-2
751,10036.0,andalusia regional hospital,849 south three notch street,empty,empty,andalusia,al,36420.0,covington,3342228466.0,acute care hospitals,proprietary,no,heart failure,hf-3,heart failure patients given ace inhibitor or arb for left ventricular systolic dysfuncti@@on (lvs@@d),8$6#%,21 patients,al_hf-3
752,10036.0,andalusia regional hospital,849 south three notch street,empty,empty,andalusia,al,36420.0,covington,3342228466.0,acute care hospitals,proprietary,no,heart failure,hf-4,heart failure patients given smoking cessation advice/counseling,100%,32 patients,al_hf-4
753,10036.0,andalusia regional hospital,849 south three notch street,empty,empty,andalusia,al,36420.0,covington,3342228466.0,acute care hospitals,proprietary,no,pneumonia,pn-2,pneumonia patients assessed and given pneumococcal vaccination,100%,77 patients,al_pn-2
754,48806.91115839776,andalusia regional hospital,849 south three notch street,empty,empty,andalusia,al,123895.83315895959,covington,3342228466.0,acute care hospitals,proprietary,no,pneumonia,pn-3b,pneumonia patients whose initial emergency room blood culture was performed prior to the administration of the first hospital dose of antibiotics,89%,55 patients,al_pn-3b
755,10036.0,andalusia regional hospital,849 south three notch street,empty,empty,andalusia,al,36420.0,covington,3342228466.0,acute care @@hospitals,proprietary,no#@@,pneumonia,pn-4,pneumonia patients given smoki$ng cessation advice/counseling,100%,43 pati#ents,al_pn-4
756,10036.0,andalusia regional hospital,849 south three notch street,empty,empty,andalusia,al,144462.52624743912,covington,17868178977.02511,acute care hospitals,propr@@i$etary,no,pneumonia,pn-5c,pneumonia patients given initial antibiotic(s) within 6 hours after arrival,97%,93 patients,al_pn-5c
757,10036.0,andalusia regional hospital,849 south three notch street,empty,em@@p@@ty,andalusia,al,36420.0,covington,3342228466.0,acute care hospitals,proprietary,no,pneu$m%onia,p@@n-6%,pneumonia patients given the most appropriate initial antibiotic(s),75%,%64 ??patients,al_pn-6
758,10036.0,andalusia regional hospital,849 south three notch street,empty,empty,andalusia,al,36420.0,%covingt$on,3342228466.0,acute care hospitals,proprietary,no,pneumonia,pn-7,pneumonia patients assessed and given influenza vaccination,92%,52 patients,al_pn-7
759,10036.0,andalusia regional hospital,849 south three notch street,empty,empty,andalusia,??al,36420.0,covington,3342228466.0,acute care hospitals,proprietary,no,surgica#l infectio#n prevention,scip-card-2,surgery patient%s who were taking heart drugs called beta blockers before coming to the hospital who were kept on the beta blockers during the period just before and after their surgery,89%,19 patients,@@al_%scip-card-2
760,10036.0,andalusia regional hospital,849 south three notch street,emp%ty??,empty??,andalusia,al,36420.0,%covin??gton,17335839771.519093,acute care hospitals,propri??etary,no,surgical infection prevention,scip-inf-1,surgery patients who were given an antibiotic at the right time (within one hour before surgery) to help prevent infection,97%,139 patients,al_scip-inf-1
761,10036.0,andalusia regional hospital,849 south three notch street,empty,empty,andalusia,al,36420.0,c@@ovingt#on,3342228466.0,acute care hosp??itals,proprietary,no,surgical infection prevention,scip-inf-2,surgery patients who were given the  right kind  of antibiotic to help prevent infection,88%,141 patients,al_scip-inf-2
762,10036.0,andalusia regional hospital,849 south three notch street,empty,empty,andalusia,al,36420.0,covington,3342228466.0,acute care hospitals,proprietary,no,surgical infection prevention,scip-inf-3,surgery patients whose preventive antibiotics were stopped at the right time (within 24 hours after surgery),99%,136 patients,al_scip-inf-3
763,10036.0,andalusia regional hospital,849 south three notch street,empty,empty,andalusia,al,36420.0,c@@??ovington,3342228466.0,acute care hospitals,proprietary,no,surgical infection prevention,scip-inf-4,all heart surgery patients whose blood sugar (blood glucose) is kept under good control in the days right after surgery,empty,0 patients,al_scip-inf-4
764,10036.0,andalusia regional hospital,849 south three notch street,empty,empty,andalusia,al,36420.0,covington,3342228466.0,acute care hospitals,proprie@@t$ary,no,surgical infection prevention,scip-inf-6,surgery patients needing hair removed from the surgical area before surgery who had hair removed using a safer method (electric clippers or hair removal cream c not a razor),100%,204 patients,al_scip-inf-6
765,10036.0,andalusia regional hospital,849 south thr$ee notch street,empty,empty,andalusia,al,36420.0,covington,3342228466.0,acute care hospitals,p#roprie#tary,no,surgical infection prevention,scip-vte-1,surgery patients whose doctors ordered treatments to prevent blood clots after certain types of surgeries,80%??,66 patients,al_scip-vte-1
766,10036.0,andalusia regional hospital,849 south three notch street,empty,empty,andalusia,al,36420.0,covington,3342228466.0,acute care hos$pit$als,proprietary,no,surgical infection prevention,scip-vte-2,patients who got treatment  at the right time (within 24 hours before or after their surgery) to help prevent blood clots after certain types of surgery,80%,66 patients,al_scip-vte-2
767,10038.0,stringfellow memorial hospital,301 east 18th st,%empty,empty,anniston,al,199522.07336414847,calhoun,2562358900.0,acute care hospitals,pr@@oprietary,yes,children s asthma care,cac-1,children who received reliever medication while hospitalized for asthma,100%,9 patients,al_cac-1
768,10038.0,stringfellow memorial hospital,301 east 18th st,empty,empty,anniston,al,36201.0,calhoun,2562358900.0,acute care hospitals,proprietar#y,yes,surgical infection prevention,scip-inf-1,surgery patients who were given an antibiotic at the right time (within one hour before surgery) to help prevent infection,99%,96 patients,al_scip-inf-1
769,10038.0,stringfellow memorial hospital,301 east 18th st,empty,empty,anniston,al,36201.0,calhoun,2562358900.0,acute care hospitals,proprietary,yes,surgical infection prevention,scip-inf-2,surge@@ry patients who were given the  right kind  of $antibiotic to help prevent infection,93%,9??8 pati%ents,al_scip-inf-2
770,10038.0,stringfellow memorial hospital,301 east 18th st,em#pty,empty,anniston,al,36201.0,calhoun,2562358900.0,acute care hospitals,proprietary,yes,surgical infection prevention,scip-inf-3,surgery patients whose preventive antibiotics were stopped at the right time (within 24 hours after surgery),93%,95 patients,al_scip-inf-3
771,47915.13527288974,stringfellow memorial hospital,301 east 18th st,empty,empty,anniston,al,36201.0,calhoun,2562358900.0,acute care hospitals,proprietary,yes,%surgical infection preve%ntion,scip-inf-4,all heart surgery patients whose blood sugar (blood glucose) is kept under good control in the days right after surgery,empty,0 patients,al_scip-inf-4
772,10038.0,stringfellow memorial hospital,301 east 18th st,empty,emp$ty,anniston,al,36201.0,calhoun,13999897602.671644,acute care hospitals,proprietary,yes,surg@@ical infection?? prevention,scip-inf-6,surgery patients needing hair removed from the surgical area before surgery who had hair removed using a safer method (electric clippers or hair removal cream c not a razor),100%,195 patients,al_scip-inf-6
773,10038.0,stringfellow memorial hospital,301 east 18th st,empty,em@@pty,anniston,al,36201.0,calhoun,2562358900.0,acute care hospitals,propr$ietar??y,yes,surgical infection prevention,scip-vte-1,surgery patients whose doctors ordered treatments to prevent blood clots after certain types of surgeries,90%%,117 patients,al_scip-vte-1
774,10038.0,stringfellow memorial hospital,301 east 18th st,empty,@@empty,anniston,al,36201.0,calhoun,2562358900.0,acu??te care %hospitals,proprietary,y%es,surgical infection prevention,scip-vte-2,patients who got treatment  at the right time (within 24 hours before or after their surgery) to help prevent blood clots after certain types of surgery,89%,116 patients,al_scip-vte-2
775,10039.0,huntsville hospital,101 sivley rd,empty,empty,huntsville,al,35801.0,ma%dison,2562651000.0,acute care hospitals,government - hospital district or authority,yes@@,children s asthma care,cac-1,children who received reliever medication while hospitalized for asthma,100%,193 patients,al_cac-1
776,10039.0,huntsville hospital,10??1 sivley% rd,empty,empty,huntsville,al,35801.0,madison,2562651000.0,ac??ute care hospita%ls,government - hospital district or authority,yes,children s asthma care,cac-2,children who received systemic corticosteroid medication (oral and iv medication that reduces inflammation and controls symptoms) while hospitalized for asthma,98%,1#93 patie@@nts,al_$cac-2
777,10039.0,huntsville hospital,101 sivley rd,empty,empt#y#,huntsville,al,35801.0,%ma@@dison,2562651000.0,acute care hospitals,government - hospital district or authority,yes,children s asthma care,cac-3,children and their caregivers who received a home management plan of care document while hospitalized for asthma,14%,193 patients,al_cac-3
778,10039.0,huntsville hospital,101 sivley rd,empty,empty,huntsville,al,35801.0,madison,2562651000.0,acute care hospitals,government - hospital district or authority,yes,heart attack,ami-1,heart attack patients given aspirin at arrival,98%,155 patients,al_ami-1
779,10039.0,huntsville hospital,101 si@@v#ley rd,empty,empty,hun%tsvi%lle,al,35801.0,m??adison,2562651000.0,acute care hospitals,government - hospital district or authority,yes,heart attack,ami-2,heart attack patients given aspirin at discharge,100%,323 patients,al_ami-2
780,10039.0,huntsville hospital,101 sivley rd,empty,empty,huntsville,al,35801.0,madison,2562651000.0,acute care hospitals,government - hospital district or authority,yes,heart attack,ami-3,heart attack patients given ace inhibitor or arb for left ventricular systolic dysfunction (lvsd),97%,77 patients,al_ami-3
781,10039.0,huntsville hospital,101 sivley rd,empty,empty,huntsville,al,35801.0,madison,2562651000.0,acute care ho%spit@@als,government - hospital district or authority,yes,heart at#tack#,ami-4????,heart attack patients given smoking cessation advice/counseling,100%,135 patients,al_ami-4
782,10039.0,huntsville hospital,101 sivley rd,empty,empty,huntsville,al,35801.0,madison,2562651000.0,acute care hospitals,governme$nt - hospital district or authority,yes,heart attack,ami-5,heart attack patients given beta blocker at discharge,100%,301 patients,al_ami-5
783,10039.0,huntsville hospital,101 sivley rd,empty,empty,huntsville,al,35801.0,madison,2562651000.0,acute care hospitals,government - hospital district or authority,yes,heart attack,ami-7a,heart attack patients given fibrinolytic medication within 30 minutes of arrival,empty,0 patients,al_ami-7a
784,10039.0,huntsville hospital,101 sivley rd,empty,empty,huntsville,al%,35801.0,madison,2562651000.0,acute care hospitals,government - hospi??tal district or authority,yes,heart attack,ami-8a,heart attack patients given pci within 90 minutes% of arrival,82%,44 patients,al_ami-8a
785,10039.0,huntsville hospital,101 sivley rd,empty,empty,huntsville,al,35801.0,mad$ison,2562651000.0,acute care hospitals,government - hospital district or authority,yes,heart failure,hf-1,heart failure patients given discharge instructions,72%,264 patients,al_hf-1
786,10039.0,huntsville hospital,101 sivley rd,empty,empty,hu??%ntsville,al,35801.0,madison,2562651000.0,acute care hospitals,government - hospital district or authority,yes,heart failure,hf-2,heart failure patients given an evaluation of left ventricular systolic (lvs) function,95%,303 patients,al_hf-2
787,10039.0,huntsville hospital,1@@01 sivley rd,empty,empty,huntsville,al,35801.0,madison,2562651000.0,acute care hospitals,government - hospital district or authority,yes,heart failure,hf-3,heart failure patients given ace inhibitor or arb for left ventricular systolic dysfunction (lvsd),98%,102 patients,al_hf-3
788,10039.0,huntsville hospital,101 sivley rd,empty,empty,huntsville,al,35801.0,madison,2562651000.0,acute care hospitals,government - hospital district or authority,ye$s,heart failure,hf-4,heart failure patients given smoking cessation advice/counseling,100%,51 patients,al_hf-4
789,44680.39446192109,huntsville hospital,101 sivley rd,empty,empty,huntsville,al,35801.0,madison,8040195256.778892,acute care hospitals,government - hospital district or authority,yes,pneu??m%onia,pn-2,pneumonia patients assessed and given pneumococcal vaccination,96%,509 patients,al_pn-2
790,10039.0,hunts@@ville hospital,101 sivley rd,empty,empty,huntsville,al,35801.0,madison,14415216598.502487,acute care hospitals,government - hospital district or authority,yes,pneumonia,pn-3b,pneumonia patients whose initial emergency room blood culture was performed prior to the administration of the first hospital dose of antibiotics,99%,??496 pa@@tients,al_pn-3b
791,10039.0,huntsville hospital,101 sivley rd,empty,empty,huntsville,a%l,35801.0,madison,2562651000.0,acute care hospitals,government - hospital district or authority,yes,pneumonia,pn-4,pneumonia patients given smoking cessation advice/counseling,97%,294 patients,al_pn-4
792,10039.0,huntsville hospital,101 sivley rd,empty,empty,huntsville,a%l,35801.0,madison,2562651000.0,acute care hospitals,government - hospital district or authority,ye@@s,pneumonia,p$n-5c,pneumonia patients given initial antibiotic(s) within 6 hours after arrival,93%,511 patients,al_pn-5c
793,10039.0,huntsville hospital,101 sivley #rd$,em$pty$,empty,huntsville,al,35801.0,madison,2562651000.0,acute care hospitals,government - hospital district or authority,yes,pn%eumo#nia,pn-6,pneumonia patients given the most appropriate initial antibiotic(s),89%,313 patients,al_pn-6
794,10039.0,huntsville hospital,101 sivley rd,empty,empty,huntsville,al,35801.0,madison,2562651000.0,acute care ho@@spitals,government - hospital district or authority,yes,pneumonia,pn-7,pneumonia patients assessed and given influenza vaccination,89%,409 patients,al_pn-7
795,10039.0,h??untsville hospital,101 sivley rd,empty,empty,%huntsville,al,35801.0,madison,2562651000.0,acute care hospitals,government - hospital district or authority,yes,surgical infection prevention,scip-card-2,surgery patients who were taking heart drugs called beta blockers before coming to the hospital who were kept on the beta blockers during the period just before and after their surgery,90%,123 patients,al_scip-card-2
796,10039.0,huntsville hospital,101 sivley rd,empty,empty,huntsville,al,35801.0,madison,2562651000.0,acute care hospitals,government - hospital district or authority,ye??@@s,surgical infection prevention,scip-inf-1,surgery patients who were given an antibiotic at the right time (within one hour before% s@@urgery) to help prevent infection,95%,6%01 patients,al_scip-inf-1
797,10039.0,huntsville %hospital#,101 sivley rd,empty,emp??ty@@,huntsville,al,185981.26809267438,madison,2562651000.0,acute care hospitals,government - hospital district or authority,yes,surgical infection prevention,scip@@-inf-2,surgery patients who were given the  right kind  of antibiotic to help prevent infection,99%,603 patients,al_scip-inf-2
798,10039.0,huntsville hospital,101 sivley rd,empty,empty,huntsville,al,35801.0,$ma@@dison,2562651000.0,acute care hospitals,government - hospital district or authority,yes,surgical infection prevention,scip-inf-3,surgery patients whose preventive antibiotics were stopped at the right time (within 24 hours after surgery),93%,561 patients,al_scip-inf-3
799,10039.0,huntsville hospital,101 sivley rd,empty,empty,huntsville,al,35801.0,madiso#n@@,2562651000.0,acute care hospitals,government - hospital district or authority,yes,surgical infection prevention,scip-inf-4,all heart surgery patients whose blood sugar (blood glucose) is kept under good control in the days right after surgery,95%,149 patients,al_scip-inf-4
800,10039.0,huntsville hospital,101 sivley rd,empty,empty,huntsville,al,35801.0,madison,2562651000.0,acute care hospitals,government - hospital district or authority,yes,#surgical infect??ion prevention,scip-inf-6,surgery patients needing hair removed from the surgical area before surgery who had hair removed using a safer method (electric clippers or hair removal cream c not a razor),99%,852 patients,al_scip-inf-6
801,10039.0,huntsville hospital,101 sivley rd,empty,empty,huntsville,al,35801.0,madison,8991598756.24873,acute care hospitals,government - hospital district or authority,yes,surgical infection prevention,scip-vte-1,surgery patients whose doctors ordered treatments to prevent blood clots after c#ertain types of surger@@ies,93%,2#69 patients,al_scip-vte-1
802,10039.0,huntsville hospital,101 sivley rd,empty,empty,hunts??vil%le,al,35801.0,madison,14254955589.119497,acute care hospitals,go#vernment - ho#spital district or authority,yes,surgical infection prevention,scip-vte-2,patients who got treatment  at the right time (within 24 hours before or after their surgery) to help prevent blood clots after certain types of surgery,90%,269 p??atients,al_scip-vte-2
803,60185.14178861196,gadsden regional medical center,1007 goodyear avenue,empty,empty,gadsden,al,35903.0,etowah,2564944000.0,acute care hospitals,proprie#tary,yes,heart attack,am@@i-1,heart attack patients given aspirin at arrival,94%,123 patients,al_ami-1
804,10040.0,gadsden regional medical center,1007 goodyear avenue,emp$ty,empty,gadsden,al,35903.0,etowah,2564944000.0,acute care hospitals,proprietary,yes,heart attack,ami-2,heart attack patients given aspirin at discharge,99%,134 patients,al_ami-2
805,10040.0,gadsden regional medical center,1007 goodyear avenue,empty,empty,gadsd@@en,a@@l,35903.0,etowah,2564944000.0,acute care hospitals,proprietary,yes,heart attack,ami-3,heart attack patients given ace inhibitor or arb for left ventricular systolic dysfunction (lvsd),89%,18 pat??ients$,al_ami-3
806,10040.0,gadsden regional medical center,1007 goodyear a#$venue,empty,%empty,gadsden,al,35903.0,etowah,2564944000.0,acute care hospitals,proprietary,yes,heart attack,ami-4,heart attack patients given smoking cessation advice/counseling,100%,79 patients,al_ami-4
807,10040.0,gadsden regional medical center,??%1007 goodyear avenue,empty,empty,gadsden,al,35903.0,etowah,2564944000.0,acute care hospitals,proprietary,@@yes,heart attack,ami@%@-5,heart attack patients given beta blocker at discharge,95%,117 patients,al_ami-5
808,36576.97452559424,gadsden regional medical center,1007 goodyear avenue,%em$pty,empty,gadsden,al%,35903.0,etowah,2564944000.0,acute care hospitals,proprietary,yes,heart attack,ami-7a,heart attack patients given fibrinolytic medication within 30 minutes of arrival,68%,25 pat??ients,al_ami-7a
809,10040.0,gadsden regional medical center,1007 goodyear avenue,empty,empty,gadsden,al,35903.0,etowah,2564944000.0,acute care hospitals,proprietary,yes,heart attack,ami-8a,heart attack patients given pci within 90 minutes of arrival,83%,12 patients,al_ami-8a
810,10040.0,gadsden regional medical center,1007 goodyear avenue,empty,empty,gadsden,al,35903.0,etowah,2564944000.0,acute care hospitals,proprietary,yes,heart failure,hf-1,heart failure patients given discharge instructions,47%,211 patients,al_hf-1
811,10040.0,gadsden regional medical center,1007 goodyear avenue,empty,empty,gadsden,al,35903.0,e??towah,8491288255.764818,acute care hospitals,proprietary,yes,heart failure,hf-2,heart failure patients given an evaluation of left ventricular systolic (lvs) function,100%,259 patients,al_hf-2
812,10040.0,gadsden regional medical center,1007@@ goodyear #avenue,empty,empty,gadsden,al,35903.0,etowah,15325459489.810884,acute care hospitals,proprietary,yes%,heart failure,hf-3,heart failure patients given ace inhibitor or arb for left ventricular systolic dysfunction (lvsd),93%,69 patients,al_hf-3
813,10040.0,gadsden regional medical center,1007 goodyear avenue,empty$,empty,gadsden,al,35903.0,etowah,2564944000.0,acute care hospitals,proprietary,yes,heart failure,hf-4,heart failure patients given smoking cessation advice/counseling,100%,70 patients,al_hf-4
814,10040.0,gadsden regional medical center,1007 goodyear avenue,empty,empty,gadsden,al,35903.0,etowah,2564944000.0,acute care hospitals,proprietary,yes,pneumonia,pn-2,pneumonia patients assessed and given pneumococcal vaccination,96%,255 patients,al_pn-2
815,51532.66215410861,gadsden regional medical center,1007 goodyear avenue,empty,empty,gadsden,al,35903.0,etowah,2564944000.0,acute care hospitals,proprietary,yes,pneumonia,pn-3b,pneumonia patients whose initial emergency room blood culture was performed prior to the administration of the first hospital dose of antibiotics,96%,187 patients,al_pn-3b
816,10040.0,gadsden regional medical center,1007 goodyear avenue,empty,empty,gadsden,al,35903.0,eto%wah@@,2564944000.0,acut@@#e care hospitals,proprietary,yes,pneumonia,pn-4,pneumonia patients given smoking cessation #advice/counseling,100%,130 patients,al_pn-4
817,10040.0,gadsden regional medical center,1007 goodyear avenue,empty,empty,gadsden,al,35903.0,%etowah,14073287185.696598,acute care hospitals,proprietary,yes,pneumonia,pn#-5c,pneumonia patients given initial antibiotic(s) within 6 hours after arrival,94%,266 patients,al_pn-5c
818,10040.0,gadsden regional medical c%enter,1007 goodyear avenue,empty$,empty,gadsden,al,35903.0,etowah,2564944000.0,acute care hospitals,proprietary,yes,pneumonia,pn-6,pneumonia patients given the most appropriate initial antibiotic(s),89%,153 patients,al_pn-6
819,10040.0,gadsden regional medical center,1007 g$oody@@ear avenue,empty,@@empty,gadsden,al,35903.0,%eto#wah,2564944000.0,acute care hospitals,proprietary,%ye#s,pneumonia,pn-7,pneumonia patients assessed and given influenza vaccination,96%,187 patients,al_pn-7
820,10040.0,gadsden regional medical center,1007 goodyear avenue,empty,empty,gadsden,al,35903.0,etowah,2564944000.0,acute care hospitals,proprietary,yes,surgical infection prevention,scip-card-2,surgery patients who were taking heart drugs called beta blockers before coming to the hospital who were kept on the beta blockers during the period just before and after their surgery,91%,109 patients,al_scip-card-2
821,10040.0,gadsden regional medic#al c??enter,1007 goodyear avenue,empty,empty,gadsden,al,154502.02124440955,etowah,2564944000.0,acute care hospitals,proprietary,yes,surgical infection prevention,scip-inf-1,surgery patients who were given an antibiotic at the right time (within one hour before surgery) to help prevent infection,98%,557 patients,al_s%cip-inf-1
822,10040.0,gadsden regional medical center,1007 goodyear avenue,e??mpty,empt%??y,gadsden,al,35903.0,etowah,2564944000.0,acute car??e hospitals,proprietary,yes,surgical infection prevention,scip-inf-2,surgery patients who were given the  right kind  of antibiotic to help prevent infection,97%,564 patients,al_scip-inf-2
823,10040.0,gadsden regional medical center,1007 goodyear avenue,empty,empty,gadsden,al,35903.0,etowah,2564944000.0,acute care hospitals,proprietary,yes,surgical infection prevention,sc#ip-in$f-3,surgery patients whose preventive antibiotics were stopped at the right time (within 24 hours after surgery),??%90%,520 patients,al_scip-inf-3
824,10040.0,gadsden regional medical center,1007 goodyear avenue,empty,empty,gadsden,al,168265.52248692905,etowah,2564944000.0,acute care hospitals,proprietary,yes,surgical infection prevention,scip-inf-4,all heart surgery patients whose blood sugar (blood glucose) is kept under good control in the$ days right afte$r surgery,@@%94%,186 patients,al_scip-inf-4
825,10040.0,gadsden regional medical center,1007 goodyear avenue,empty,empty,gadsden,al,35903.0,etowah,2564944000.0,acute care hospitals,proprietary,yes,surgical infection prevention,scip-inf-6,surgery patients needing hair removed from the surgical area before surgery who had hair removed using a safer method (electric clippers or hair removal cream c not a razor),100%,854 patient%s,al_scip-inf-6
826,10040.0,gadsden regional medical center,1007 goodyear avenue,empty,empty,g??adsden@@,al@@,35903.0,etowah,8245188699.493598,acute care hospitals,proprietary,yes,surgical infection prevention,sci%p-vte$-1,surgery patients whose doctors ordered treatments to prevent blood clots after certain types of surgeries,95%,315 patients,al_scip-vte-1
827,10040.0,gadsden regional medical center,1007 goodyear avenue,empty,empty,gadsden,al,182399.6718936925,etowah,2564944000.0,acute care hospitals,proprietary,yes,surgical infection prevention,scip-vte-2,patients who got treatment  at the right time (within 24 hours before or after their surgery) to help prevent blood clots after certain types of surgery,87%,315 patients,al_scip-vte-2$@@
828,10043.0,chilton medical center,1010 lay dam road,empty,empty,clanton,al,35045.0,chilto%n,2057552500.0,acute care hospitals,voluntary non-profit - private,yes,heart attack,ami-1,heart attack patients given aspirin at arrival,100%,1 patients,al_ami-1
829,10043.0,chilton medical center,1010 lay dam road,empty,empty,clanton,al,35045.0,chilton,2057552500.0,acute care hospitals,voluntary non-profit - private,yes,heart attack,ami-2,heart attack patients given aspirin at discharge,100%,1 patients,al_ami-2
830,10043.0,chilton medical center,1010 lay dam road,empty,empty,clanton,al,35045.0,chilton,2057552500.0,acute care hospitals,voluntary non-profit - private,yes,heart @@attack,ami-3,heart attack patients given ace inhibitor or arb for left ventricular systolic dysfunction (lvsd),100%,1 patients,al_ami-3
831,10043.0,chilton medical center,1010 lay dam road,empty,empty,clanton,al,35045.0,chilton,2057552500.0,acute care hospitals,voluntary non-profit - private,yes,heart attack,ami-4,heart attack patients given smoking cessation advice/counseling,empty,#0 patients,al_ami-4
832,10043.0,chilton medical center,1010 lay dam road,empty,em#p#ty,clanton,al,35045.0,chilton,2057552500.0,acute care hospitals,v%ol%untary non-profit - private,yes,heart attack,ami-5,heart attack patients given beta blocker at discharge,100%,1 patients,al_ami-5
833,10043.0,chilton medical center,1010 lay dam road,empty,empty,clanton,al,35045.0,chilton,2057552500.0,acute care hospitals,voluntary non-profit - private,yes,heart attack,ami-7a,heart attack patients given fibrinolytic medication within 30 minutes of arrival,empty,0 p#atients??,al_ami-7a
834,10043.0,chilton medical center,1010 lay dam road,empty,empty,clanton,al,35045.0,chilton,2057552500.0,acute care hospitals,voluntary non-profit - private,yes,heart attack,ami-8a,heart attack patients given pci within 90 minutes of arrival,empty,0 patients,al_ami-8a
835,10043.0,chilton medical center,1010 lay dam road,empty,empty,clan??ton,al,35045.0,chil$@@ton,2057552500.0,acute care hospitals,voluntary non-profit - private,yes,heart failure,hf-1,heart failure patients given discharge instructions,84%,19 patients,al_hf-1
836,10043.0,chilton medical center,1010 lay dam road,empty,em??#pty,clanton,al,35045.0,chilton,2057552500.0,acute care %hospitals,voluntary non-profit - private,yes,heart failure,hf-2,heart failure pat??ients given an evaluation of left ventricular systolic (lvs) function,8#9??%,28 patients,al_hf-2
837,10043.0,chilton medical center,1010 lay dam road,empty,empty,clanton,al,35045.0,chilton,2057552500.0,acute care hospitals,voluntary non-profit - private,yes,heart failure,hf-3,heart failure patients given ace inhibitor or arb for left ventricular systolic dysfunction (lvsd),75%,4 patients,al_hf-3
838,10043.0,chilton medical center,1010 lay dam road,empty,empty,clanton,al,186140.7120215004,chilton,8075907229.616669,acute care hospitals,voluntary non-profit - private,$yes,heart failure,hf-4,heart failure patients given smoking cessation advice/counseling,100%,4 patients,al_hf-4
839,10043.0,chilton medical center,1010 lay dam road,empty,empty,clanton,al,35045.0,chilton,2057552500.0,acute care hospitals,voluntary non-profit - private,yes,pneumonia,pn-2,pneumonia patients assessed and given pneumococcal vaccination,89%,47 patients,al_pn-2$
840,10043.0,chilton medical center,1010 lay dam road,empty,empty,??@@clanton,al,35045.0,chilton,2057552500.0,acute care hospitals,voluntary non-profit - private,yes,pneumonia,pn-3b,pneumonia patients whose initial emergency room blood culture was performed prior to the administration of the first hospital dose of antibiotics,@@92%,36 patients,al_pn-3b
841,10043.0,chilton medical center,1010 lay dam road,empty,empty,clanton,al,35045.0,chilton,7522941349.882944,acute care hospitals,voluntary non-pro$fit - pr??ivate,yes,pneumonia,pn-4,pneumonia patients given smoking cessation advice/counseling,@@94??%,16 patients,al_pn-4
842,10043.0,chilton medical center,1010 lay dam road,empty,empty,clanton,al,35045.0,chilton$,2057552500.0,acute care hospitals,voluntary non-profit - private,yes,pneumonia,pn-5c,pneumonia patients given initial antibiotic(s) within 6 hours after arrival,98%,44 patients,al_pn-5c
843,41714.47900730178,chilton medical center,1010 l#ay dam road,empty,empty,clanton,al,35045.0,chilton,8511975958.7427635,acute care hospitals,voluntary non-profit - private,yes,pneumonia,pn-6,pneumonia patients given the most appropriate initial antibiotic(s),95%,38 patients,al_pn-6
844,10043.0,chilton medical center,1010 lay dam road,empty,empty,clanton,al,35045.0,chilton,2057552500.0,acute care hospitals,voluntary non-profit - private,yes,pneumonia,pn-7,pneumonia patients assessed and given influenza vaccination,81%,37 p#atie@@nts,al_pn-7
845,10043.0,chilton medical center,1010 lay dam road,empty,empty,clanton,al,166340.21781975916,chilton,2057552500.0,acute care hospitals,voluntary non-profit - private,yes,surgical infection prevention,scip-card-2,surgery patients who were taking heart drugs called beta blockers before coming to the hospital who were kept on the beta blockers during the period just before and after their surgery,50%,2 patients,al_scip-card-2
846,10043.0,chilton medical center,1010 lay dam road,empty,empty,clanton,al,35045.0,chilton,2057552500.0,acute care hospitals,voluntary non-profit - private,yes,surgical infection prevention,scip-inf-1,surgery patients who were given an antibiotic at the right time (within one hour before surgery) to help prevent infection,@@1$00%,4 patients,al_scip-inf-1
847,10043.0,chilton medical center,1010 lay dam road,empty,empty,clanton,al,35045.0,chilton,2057552500.0,acute care hospitals,voluntary non-profit - private,yes,surgical infection prevention,scip-$inf-2,surgery patients who were given the  right kind  of antibiotic to help prevent infection,100%,4 patients,al_scip-inf-2
848,10043.0,chilton medical center,1010 lay dam road,empty,empty,cl$anton??,al,35045.0,chilton,2057552500.0,acute care hospitals,voluntary non-profit - private,yes,surgical infection prevention,scip-inf-3,surgery patients whose preventive antibiotics were stopped at the right time (within 24 hours after surgery),100%,4 patients,al_scip-inf-3
849,32392.271187528975,chilton medical center,101@@0 lay dam road,empty,empty,clanton,al,35045.0,chilton,2057552500.0,acute#@@ care hospitals,voluntary non-profit - private,yes,surgical infection prevention,scip-inf-4,all heart surgery patients whose blood sugar (blood glucose) is kept under good control in the days right after surgery,empty,0 patients,al_scip-inf-4
850,10043.0,chilton medical center,1010 lay dam road,emp@@ty,#em@@pty,clanton,al,35045.0,chilto$n,2057552500.0,acute care hospitals,voluntary non-profit - private,yes,surgical infection prevention,scip-inf-6,surgery patients needing hair removed from the surgical area before surgery who had hair removed using a safer method (electric clippers or hair removal cream c not a razor),100%,5 patients,al_scip-inf-6
851,10043.0,chilton medical center,1010 lay dam road,empty,empty,cla%nton,al,35045.0,chilton,2057552500.0,acute care hospitals,voluntary non-profit - private,yes,surgical infection prevention,scip-vte-1,surgery patients whose doctors ordered treatments to prevent blood clots after certain types of surgeries,empty,0 patients,al_scip-vte-1
852,10043.0,chilton medical center,1010 lay dam road,empty,empty,clanton,al,147652.96207115354,chilton,2057552500.0,acute care hospitals,voluntary non-profit - private,yes,surgical infection prevention,scip-vte-2,patients who got treatment  at the right time (within 24 hours before or after their surgery) to help prevent blood clots after certain types of surgery,empty,0 patients,al_scip-vte-2
853,10044.0,marion regional medical center,1256 military street south,empty,empty,hamilton,al,35570.0,marion,11518652312.598331,acute care hospitals,voluntary non-profit - pri??vate,yes,heart attack,ami-1,heart attack patients given aspirin at arrival,67%,3 patients,al_ami-1
854,10044.0,marion regional medical center,1256 military street south,empty,empty,hamilton,al,35570.0,marion,2059216200.0,acute care hospitals,voluntary non-profit - private,yes,heart attack,ami-2,heart attack patients given aspirin at discharge,67%,3 patients,al_ami-2
855,10044.0,marion regional medical center,1256 military street south,empty,empty,hamilton,al,35570.0,marion,2059216200.0,acute care hospitals,v@@oluntary non-p%rofit - private,y#es,heart attack,ami-3,heart attack patients given ace inhibitor or arb for left ventricular systolic dysfunc@@tion (lvsd),100%,1 patients,al_ami-3
856,10044.0,marion regional medical center,1256 military street south,empty,empty,hamilton,al??%,35570.0,marion,2059216200.0,acute care hospitals,voluntary non-profit - private,yes,heart attack,ami-4,heart attack patients given smoking cessation advice/counseling,empty,0 patients,al_ami-4
857,10044.0,marion regional medical center,1256 military street south,@@empty@@,empty,hamilton,al,35570.0,marion,2059216200.0,acute care hospitals,voluntary non-profit - private,yes,#heart attack,ami-5,heart attack patients given beta blocker at discharge,33%,3 patients,al_ami-5
858,10044.0,marion regional medical center,1256 military street south,empty,empty,hamilton,al,35570.0,marion,2059216200.0,acute care hospitals,voluntary non-profit - private,yes,heart attack,ami-7a,heart attack patients given fibrinolytic medication within 30 minutes of arrival,empty,0 patients,al_ami-7a
859,10044.0,marion regional medical center,1256 military street south,empty,empty,hamilton,al,35570.0,marion,2059216200.0,acut#e car@@e hospitals,voluntary non-profit - private,yes,heart attack,ami-8a,heart attack patients given pci within 90 minutes of arrival,empty,0 patients,al_ami-8a
860,10044.0,marion regional medical center,1256 military street south,empty,empty,hamilton,al,35570.0,marion,2059216200.0,acute care hospitals,voluntary non-profit - private,yes,heart failure,hf@@-@@1,heart %fa??ilure patients given discharge instructions,74%,38 patients,al_hf-1
861,10044.0,marion regional medical center,1256 military street south,empty,empt%y,hamilton,a#l,35570.0,$m%arion,2059216200.0,acute care hospitals,voluntary non-profit - private,yes%,heart failure,hf-2,heart failure patients given an evaluation of left ventricular systolic (lvs) function,80%,4#6 pati%ents,al_hf-2
862,10044.0,marion regi%onal medical center,1256 military street south,empty,empty,hamilton,al,35570.0,marion,2059216200.0,acute care hospitals,voluntary non-profit - private,yes,heart failure,h@@f#-3,heart failure patients given ace inhibitor or arb for left ventricular systolic dysfunction (lvsd),78%,18 patients,al_hf-3
863,37285.59417223686,marion regional medical center,1256 military street south,empty,empty,hamilton,al,113750.98196115524,marion,2059216200.0,acute care hospitals,voluntary non-profit - private,yes,heart failure,hf-4,heart failure patients given smoking cessation advice/counseling,80%,10 patients,al_hf-4
864,10044.0,marion regional medical center,1256 military street south,empty,empty,hamilton,al,35570.0,marion,2059216200.0,acute care hospitals,voluntary non-profit - private,yes,pneumonia,pn-2,pneumonia patients assessed and given pneumococcal vaccination,96%,101 patients,al_pn-2
865,10044.0,marion regional medical center,1256 military street south,empty,empty,hamilton,al,35570.0,marion,2059216200.0,acute care hospitals,voluntary non-profit - private,yes,pneumonia,pn-3b,pneumonia patients whose initial emergency room blood culture was performed prior to the administration of the first hospital dose of antibiotics,99%,78 patients,al_pn-3b
866,10044.0,marion regional medical center,1256 military street south,empty,empty,hamilton,al,35570.0,marion,2059216200.0,acute ca@@re hospital??s,voluntary non-profit - private,yes,p$neumon$ia,pn-4,pneumonia patients given smoking cessation advice/counseling,90%,42 patients,al_pn-4
867,10044.0,marion regional medical center,1256 military street south,empty,empty,hamilton,al,35570.0,marion,2059216200.0,acute $care hospitals,voluntary non-profit - private,yes,pneumonia,pn-5c,pneumonia patients given initial antibiotic(s) within 6 hours after arrival,98%,121 patients,al_pn-5c
868,10044.0,marion regional medical center,1256 military street south,empty,%empty$,hamilton,al,35570.0,marion,2059216200.0,acute care hospitals,voluntary non-profit - private,yes,pneumonia,pn-6,pneumonia patients given the most appropriate initial antibiotic(s),76%,97 patients,al_pn-6
869,10044.0,marion regional medical center$??,125#6 m$ilitary street south,empty,empty,hamilton,al,35570.0,marion,2059216200.0,acute care hospitals,voluntary non-profit - private,yes,pneumonia,pn-7,pneumonia patients assessed and given influenza vaccination,91%,85 patien@@ts,al_pn-7
870,10044.0,mari@@on @@regional medical center,1256 military street south,empty,empty#,hamilton,al,35570.0,marion,9953635084.802773,acute care hospitals,voluntary non-profit - private,yes,surgical infection prevention,scip-card-2,surgery patients who were taking heart drugs called beta blockers before coming to the hospital who were kept on the beta blockers during the period just before and after their surgery,67??%,3 patients,al_scip-card-2
871,10044.0,marion regional medical center,1256 military street south,empty,empty,hamilton,al,35570.0,marion,2059216200.0,acute care hospitals,voluntary non-profit - private,yes,surgical infection prevention,scip-inf-1,surgery patients who were given an antibiotic at the right time (within one hour before surgery) to help prevent infection,80%,15 patients,al_scip-inf-1
872,10044.0,marion regional medical center,1256 military street south,empty,empty,hamilton,al,35570.0,mar@@io??n,2059216200.0,acute care hospitals,voluntary non-profit - private,yes,surg@@ical infection prevention,scip-inf-2,surgery patients who were given the  right kind  of antibiotic to help prevent infection,87%,15 patients,al_scip-inf-2
873,10044.0,marion regional medical center,1256 military street south,empty,empty,hamilton,al,35570.0,marion,2059216200.0,acute care hospitals,voluntary non-profit - private,yes,surgical infection prevention,scip-inf-3,surgery patients whose preventive antibiotics were stopped at the right time (within 24 hours after surgery),87%,15 patients,al_scip-inf-3
874,10044.0,marion regional medical center,1256 military street south,empty,empty,hamilton,al,35570.0,marion,2059216200.0,acute care hospitals,voluntary non-profit - priv#ate,yes,surgical infection prevention,scip-inf-4,all heart surgery patients whose blood sugar (blood glucose) is kept under good control in the days right after surgery,$empty,0 patients,al_scip-inf-4
875,10044.0,marion regional medical center,1256 military street south,empty,empty,hamilton,al,35570.0,marion,2059216200.0,acute care hospitals,voluntary non#-profit - private,yes,surgical infection prevention,scip-inf-??6,surgery patients needing hair removed from the surgical area before surgery who had hair removed using a safer method (electric clippers or hair removal cream c not a razor),100%,19 patients,al_scip-inf-6
876,10044.0,marion regional medical center,1256 military street south,empty,empty,hamilton,al,35570.0,marion,2059216200.0,acute care $#hospitals,voluntary non-profit - private,yes,surgical infection prevention,scip-v#te-1,surgery patients whose doctors ordered treatments to prevent blood clots after certain types of surgeries,100%,4 patients,al_scip-vte-1
877,10044.0,marion regional medical center,1256 military street south,empty,empty,hamilton,al,35570.0,marion,2059216200.0,acute care hospitals,voluntary non-profit - private,yes,surgical infection prevention,scip-vte-2,patients who got treatment  at the right time (within 24 hours before or after their surgery) to help prevent blood clots after certain types of surgery,100%,4 patients,al_scip-vte-2
878,10045.0,fayette medical center,1653 temple avenue north,empty,empty,fayette,al,35555.0,fayette,2059325966.0,acute care hospitals,voluntary non-profit - other,yes,heart attack,ami-1,heart attack patients given aspirin at arrival,100%,18 patients,al_ami-1
879,10045.0,fayette medical center,1653$ tem#ple avenue north,empty%,empty,fayette,al,35555.0,fayette,10823945230.845802,acute care hospitals,voluntary non-profit - other,yes,heart attack,ami-2,heart attack patients given aspirin at discharge,100%,12 patients,al_ami-2
880,10045.0,fayette medical center,1653 temple avenue north,empty,e$mp%ty,fayette,al,35555.0,fayette,2059325966.0,acute care hospitals,voluntary non-profit - other,yes,heart attack,ami-3,heart attack patients given ace inhibitor or arb for left ventricular systolic dysfunction (lvsd),0%,1 patients,al_ami-3
881,10045.0,fayette medical center,1653 temple avenue north,empty,empty,fayette,al,35555.0,fayette,2059325966.0,acute care hospitals,voluntary non-profit - other,yes,heart attack,ami-4,heart attack patients given smoking cessation advice/counseling,100%,1 patients,al_ami-4
882,10045.0,fayette medical center,1653 temple avenue north,%empty#,emp@@ty,fayette,al,35555.0,fayette,2059325966.0,acu%te care% hospitals,voluntary non-profit - other,yes,heart attack,a#??mi-5,heart attack patients given beta blocker at discharge,82%,11 patients,al_ami-5
883,10045.0,fayette medical center,1653 temple avenue north,empty,empty,fayette,al,35555.0,fayette,7179658854.691959,acute care hospitals,voluntary non-profit - other,yes,heart% attack,ami-7a,heart attack patients given fibrinolytic medication within 30 minutes of arrival,empty,0 patients,al_ami-7a
884,10045.0,fayette medical center,1653 temple avenue north,e%mpty,empty,fayette,al,35555.0,fayette,2059325966.0,acute c%are hospitals,voluntary non-profit - other,yes,heart attack,ami-8a,heart attack patients given pci within 90 minutes of arrival,empty,0 patients,al_ami-8a
885,10045.0,fayette medical center,1653 temple avenue north,empty,e%mpty#,fayette,al,35555.0,fayette,2059325966.0,acute care hospitals,voluntary non-profit - other,yes,heart ??fa@@ilure,hf-1,heart failure patients given discharge instructions,??87%,67 patients,al_hf-1
886,10045.0,fayette medical center,1653 temple avenue north,empty,empty,fayette,al,35555.0,fayette,9664123270.789537,acute care hospitals,voluntary non-profit - other,yes,heart failure,hf-2,heart failure patients given an evaluation of left ventricular systolic (lvs) function,94%,85 patients,al_hf-2
887,10045.0,fayette medical center,1653 temple avenue north,empty,empty,fayette,a$@@l,35555.0,fayette,2059325966.0,acute care hospitals,voluntary non-profit - other,yes,heart failure,hf-3,heart failure patients given ace inhibitor or arb for left ventricular systolic dysfunction (lvsd),89#%,19 patient?#?s,al_hf-3
888,10045.0,fayette medical center,1653 temple avenue north,em??pty,empty,fayette,al,35555.0,fayette,2059325966.0,acute care hospitals,voluntary non-profit - other,yes,heart failure,hf-4,heart failure patients given smoking cessation advice/counseling,1#00%,16 patients,al_hf-4
889,10045.0,fayette medical@@ center,1653 te??mple avenue north,empty,empty,fayette,al$,35555.0,fayette,2059325966.0,acute care hospitals,voluntary non-profit - other,y@@es,pneumonia,pn-2,pneumonia patients assessed and given pneumococcal vaccination,85%,117 patients,al_pn-2
890,10045.0,fayette medical center,1653 temple avenue north,empty,empty,fayette,al,35555.0,fayette,2059325966.0,acute care hospitals,voluntary non-profit - other,yes,pneumonia,pn-3b,pneumonia patients whose initial emergency room blood culture was performed prior to the administration of the first %hospi$tal dose of antibiotics,100%,41 p$ati$ents,al_pn-3b
891,10045.0,fayette medical center,1653 temple avenue north,empty,empty,fayette,al,35555.0,fayette,11065961884.341227,acute care hospitals,volun$tary non??-profit - other,yes,pneumonia,pn-4,pneumonia patients given smoking cessation advice/counseling,100%,34 patients,al_pn-4
892,10045.0,fayette medical center,1653 temple avenue north,empty,empty,fayette,al??,35555.0,fayett#e,2059325966.0,acute care hospitals,voluntary non-profit - other,yes,pneumonia,pn-5c,pneumonia patients given initial antibiotic(s) within 6 hours after arrival,97%,109 patients,al_pn-5c
893,10045.0,fayette medical center,1653 temple avenue north,empty,??e%mpty,fayette,al,35555.0,fayette,2059325966.0,acute care hospitals,voluntary non-profit - other,yes,pneumonia,pn-6,pneumonia patients given the most appropriate initial antibiotic(s),87%,79 patients,al_pn-6
894,10045.0,fayette medical center,1653 temple avenue north,empty,empty,fayette,al,35555.0,fayette,7245939748.564362,acute care hospitals,voluntary non-profit - other,@@%yes,pneumonia,pn-7,pneumonia patients assessed and given influenza vaccination,$87%,86 patients,al_pn-7
895,10045.0,fayette medical center,1653 temple avenue north,empty,empty,fayette,al,35555.0,fa#yette,2059325966.0,acute care$ hospitals,voluntary% non-prof$it - other,yes,surgical infection prevention,scip-card-2,su%rgery patients who were taking heart drugs called beta blockers before coming to the hospital who were kept on the beta blockers during the period just before and after their surgery,empty,0 patients,al_scip-card-2
896,10045.0,fayette medical center,1653 temple avenue north,empty,e%m$pty,fayette,a#%l,35555.0,fayette,2059325966.0,acute care hospitals,voluntary non-profit - other,yes,surgical infection prevention,scip-inf-1,s??urgery patients who were given an antibiotic at the right t@@ime (within one hour before surgery) to help prevent infection,empty,0 patients,al_scip-inf-1
897,10045.0,fay@@ette medical center,1653 temple avenue north,empty,empty,fayette,al,35555.0,fayette,2059325966.0,acute care hospitals,voluntary non-profit - other,yes,surgical infection prevention,scip-inf-2,surgery patients who were given the  right kind  of antibiotic to help prevent infection,empty,0 patients,al_scip-inf-2
898,10045.0,fayette medical center,1653 temple avenue north,empty,empty,fayette,al,35555.0,fayette,2059325966.0,ac%$ute care hospitals,voluntary non-profit - other,yes,surgical infection prevention,scip-inf-3,surgery patients whose preventive antibiotics were stopped at the right time (within 24 hours after surgery),empty,0 patients,al_scip-inf-3
899,10045.0,fayette medical center,1653 temple avenue north,empty,empty,??fayette,al,35555.0,fayette,2059325966.0,acute care hospitals,v??oluntary non#-profit - other,yes,surgical infection prevention,scip-inf-4,all heart surgery patients whose blood sugar (blood glucose) is kept under good control in the days right after surgery,empty,0 patients,al_scip-inf-4
900,10045.0,fayette medical center,1653 temple avenue north,empty,empty,fayette,al,35555.0,fayette,2059325966.0,acute care hospitals,voluntary non-profit - other,yes#,surgical infection prevention,scip-inf-6,surgery patients needing hair removed from the surgical area before surgery who had hair removed using a safer method (electric clippers or hair removal cream c not a razor),100%,7 patients,al_scip-inf-6
901,48894.49245593619,fayette medical center,1653 temple avenue north,empty,empty,fayette,al,35555.0,fayette,2059325966.0,acute care hospitals,voluntary non-profit - other,yes,surgical infection p%revention,scip-vte-1,surgery patients whose doctors ordered treatments to prevent blood clots after certain types of surgeries,100%,3 patients,al_scip-vte-1
902,10045.0,fayette medical center,1653 temple avenue north,empty,empty,fayette,al,35555.0,f$aye@@tte,2059325966.0,acute care hospitals,voluntary non-profit - other,yes,surgical infection prevention,scip-v@@@@te-2,patients who got treatment  at the right time (within 24 hours before or after their surgery) to help prevent blood clots after certain types of surgery,100%,3 patients,al_scip-vte-2
903,10046.0,riverview regional medical center,600 south third street,empty,empty,gadsden,al,35901.0,etowah,2565435200.0,acute care hospitals,proprietary,yes,children s asthma care,cac-1,children who received reliever medication while hospitalized% for ast#hma,100%,4 patients,al_cac-1
904,39262.883028487595,riverview regional medical center,600 south third street,empty,empty,gadsden,a??l#,35901.0,etowah,2565435200.0,acute care hospitals,proprietary,ye%s??,children s asthma care,cac-2,children who received systemic corticosteroid medication (oral and iv medication that reduces inflammation and controls symptoms) while hospitalized for asthma,100%,4 patients,al_cac-2
905,10046.0,riverview regional medical center,600 south third street,empty,empty,gadsden,al,201877.4494472747,etowah,2565435200.0,acute care hospitals,proprietary,yes,children s asthma care,cac-3,children and their caregivers who received a home management plan of care document while hospitalized for asthma,100%,4 patients,al_cac-3
906,10046.0,riverview regional medical center,600 south third street,empty,empty,@@gadsden,@@al,35901.0,etowah,2565435200.0,acute care hospitals,proprietary,y#??es,heart attack,ami-1,heart attac@@k patients@@ given aspirin at arrival,100%,126 patients,al_ami-1
907,10046.0,riverview regional medical center,600 south third street,empty,empty,gadsden,al,35901.0,etowah,8344729962.351295,acute care hospitals,proprietary,yes,heart attack,ami-2,heart attack patients given aspirin at discharge,$100%,145 patients,al_ami-2
908,10046.0,riverview regional medical center,600 south third street,empty,empty,gads??den,al,35901.0,etowah,2565435200.0,acute care hospitals,proprietary,yes,heart attack,ami-3,heart attack patients given ace inhibitor or arb for left ventricular systolic dysfunction (lvsd),100%,25 patients,al_ami-3
909,10046.0,riverview regional medical center,600 south third street,empty,empty,gadsden,al,35901.0,etowah,2565435200.0,acute care hospitals,proprietary,y??@@es,heart attack,a@@mi-4,heart attack patients given smoking cessation advice/counseling,100%,68 patients,al_$ami-4
910,10046.0,riverview regional medical center,600 south third street,empty,empty,gadsden,al,164714.01248524207,etowah,2565435200.0,acute car#e% hospitals,proprietary,yes$#,heart attack,ami-5,heart attack patients given beta blocker at discharge,100%,125 patients,al_ami-5
911,10046.0,riverview regional medical center,600 south third street,empty,empty,gadsden,??al,35901.0,etowah,12566919391.529907,acute care hospitals,proprietary,ye@@s#,heart attack,ami-7a,heart attack patients given fibrinolytic medication within 30 minutes of arrival,88%,8 patients,al_ami-7a
912,10046.0,riverview regional medical center,600 #south th#ird street,emp??t#y,empty,gadsden,al,35901.0,etowah,11909052518.383986,acute care hospitals,proprietary,yes,hear%t attac$k,ami-8a,heart attack patients given pci within 90 minutes of arrival,100%,16 patients,al_ami-8a
913,10046.0,riverview regional medical center,600 south third street,empty,empty,gadsden,al,35901.0,etowah,2565435200.0,acute care hospitals,p#ropriet%ary,yes,heart failure,hf-1,heart failure patients given discharge instructions,100%,268 patients,al_hf-1
914,51071.484694978615,riverview regional medical center,600 south third street,e@@m$pty,empty,gadsden,al@??@,35901.0,etowah,2565435200.0,acute care hospitals,proprietary,yes,heart failure,hf-2,heart failure patients given an evaluation of left ventricular systolic (lvs) function,100%,350 patients,al_hf-2
915,10046.0,riverview regional medical center,600 south third street,empty,empty,gadsden,al@@,35901.0,etowah,2565435200.0,acute care hospitals,proprietary,yes,heart failure,hf-3,heart failure patients given ace inhibitor or arb for left ventricular systolic dysfunction (lvsd),100%,90 patients,al_hf-3
916,10046.0,riverview regional medical center,600 south third street,empty,empty,gadsden,al,35901.0,etowah,2565435200.0,acute care hospitals,proprietary,#yes,h??eart failure,hf-4,heart failure patients given smoking cessation advice/counseling,100%,85 patients,al_hf-4
917,10046.0,riverview regional medical center,600 south third street,empty,empty,gadsden,al,35901.0,etowah,2565435200.0,acute care hospitals,pro$@@prietary,yes,pneumonia,pn-2,pneumonia patients assessed and given pneumococcal vaccination,99%,239 patients,al_pn-2
918,10046.0,riverview regional medical center,600 south third street,#empty,empty,gadsden,al,35901.0,etowah,2565435200.0,acut#??e care hospitals,proprietary,yes,pneumonia,@@pn-3b#,pneumonia patients whose initial emergency room blood culture was performed prior to the administration of the first hospital dose of antibiotics,97%,196 patients,al_pn-3b
919,10046.0,riverview regional medical center,600 south third street,empty,empty,gadsden,al,35901.0,etowah,2565435200.0,acute care hospitals,proprietary,yes,pneumonia,pn-4,pneumonia patients given smoking cessation advice/counseling,100%,109 patients,al_pn-4
920,10046.0,riverview regional medical center,600 south third street,empty,empty,gadsden,al,35901.0,etowah,2565435200.0,acute care hospitals,proprietary,yes,pneumonia,pn-5c,pneumonia patients given initial antibiotic(s) within 6 hours after arrival,87%,261 patients,al_pn-5c
921,10046.0,riverview regional medical center,600 south third street,empty,empty,gadsden,al,35901.0,etowah,2565435200.0,acute care hospitals,proprietary,yes,pneumonia,pn-6,pneumonia patients given the most appropriate initial antibiotic(s),76%,212 patients,al_pn-6
922,32928.49406980363,riverview regional medical center,6??00 sou$th third street,empty,empty,gadsden,al,35901.0,etowah,2565435200.0,acute care hospitals,proprietary,yes,pneumonia,pn-7,pneumonia patients assessed and given influenza vaccination,99%,178 patient??s,al_pn-7
923,10046.0,riverview regional medical center,600 south third street,e#mpty,empty,gadsden,al@@,35901.0,etowah,2565435200.0,acute care hospitals,proprietary,yes,surgical infection prevention,scip-card-2,surgery patients who were taking heart drugs called beta blockers before coming to the hospital who were kept on the beta blockers during the period just before and after their surgery,95%@@%,107 patients,al_scip-card-2
924,10046.0,riverview regional medical center,600 south third street,empty,empty,gadsden,al,35901.0,etowah,10764155576.157536,acute care hospitals,proprietary,yes,surgical infection prevention,scip-inf-1,surgery patients who were given an antibiotic at the right time (within one hour before surgery) to help prevent infection,95%,402 patients,al_scip-inf-1
925,10046.0,riverview regional medical center,600 south third street,empty,empty,gadsden,al,35901.0,etowah,2565435200.0,acute care hospitals,propr%ietary,yes,surgical infection prevention,scip-inf-2,surgery patients who were given the  right kind  of antibiotic to help prevent infection,95%,404 patients,al_scip-inf-2
926,10046.0,riverview regional medical center,600 south third street,empty,empty,g????adsden,al,35901.0,etowah,9201411246.350101,acute care hospitals,proprietary,yes,surgical infection prevention,sci@@p-??inf-3,surgery patients whose preventive antibiotics were stopped at the right time (within 24 hours after surgery),79%,352 patients,al_scip-inf-3
927,10046.0,riverview regional medical center,600 south third street,empty,empty,gadsden,al,35901.0,etowah,2565435200.0,acute care hospitals,proprietary,yes,surgical infection prevention,scip-inf-4,all heart surgery patients whose blood sugar (blood glucose) is kept under good control in the days right after surgery,76%,114 patients,al_scip-inf-4
928,10046.0,riverview regional medical center,600 south third street,empty,empty,gadsden,al,35901.0,etowah,14074219009.534964,acute care hospitals,proprietary,yes,surgical infection prevention,scip-inf-6,surgery patients needing hair removed from the surgical area before surgery who had hair removed using a safer method (electric clippers or hair removal cream c not a razor),100%,607 patients,al_scip-inf-6
929,10046.0,riverview regional medical center,600 south third street,empty,empty,gadsden,al,35901.0,etowah,8736260792.567839,acute care hospitals,proprietary,yes,surgical infection prevention,scip-vte-1,surgery patients whose doctors ordered treatments to prevent blood clots after certain types of surgeries,91%,280 patients,al_scip-vte-1
930,10046.0,riverview regional medical center,600 south third street,empty,empty,gadsden,al,35901.0,etowah,2565435200.0,acute care hospitals,proprietary,yes,surgical infection prevention,scip-vte-2,patients who got treatment  at the right time (within 24 hours before or after their surgery) to help prevent blood clots after certain types of surgery,84%,280 patients,al_scip-vte-2
931,10047.0,georgiana hospital,515 miranda st,empty,empty,georgiana,al,36033.0,butler,3343762205.0,acute care hospitals,voluntary non-profit - private,no,heart attack,ami-@@1,heart attack patients given aspirin at arrival,53%,19@@ patients??,al_ami-1
932,10047.0,georgiana hospital,515 miranda st,empty,empty,georgiana,al,36033.0,butler,3343762205.0,acute c#are% hospitals,voluntary non-profit - private,no,heart attack,ami-2,heart attack patients giv%en aspirin at discharge,50%,16 patients,al_ami-2
933,10047.0,g??e@@orgiana hospital,515 miranda st,empty,empty,ge$orgiana,al,36033.0,butler,3343762205.0,ac#ute care hospitals@@,voluntary non-profit - private,no,heart attack,ami-3,heart attack patients given ace inhibitor or arb for left ventricular systolic dysfunction (lvsd),100%,1 patients,al_ami-3
934,10047.0,georgiana hospital,515 miranda st,empty,empty,geo#rg#iana,al,36033.0,butler,3343762205.0,acute care hospitals,voluntary non-profit - private,no,heart attack,ami-4,heart attack patients given smoking cessation advice/counseling,33%,6 patients,al_ami-4
935,58634.86965501093,georgiana hospital,515 miranda st,empty,empty,georgiana,al,211667.97556576607,butler,3343762205.0,acute care hospitals,voluntary non-profit - private,no,heart attack,ami#-5,heart attack patients given beta blocker at discharge,60%,15 patients,al_ami-5
936,10047.0,georgiana hospital,515 miranda st,$e#mpty,empty,georgiana,al,36033.0,butler,3343762205.0,acute care hospitals,voluntary non-profit - private,no,heart attack,ami-7a,heart #attack patients given fibrinolytic med#ication within 30 minutes of arrival,empt$$y,0 patients,al_ami-7a
937,10047.0,georgiana hospital,515 miranda st,empty,empty,georgiana,al,36033.0,butler,3343762205.0,acute care hospitals,voluntary non-profit - private,no,heart attack,$ami-8a,heart @@attack patients given pci within 90 min#utes of arrival,empty,0 patients,al_ami-8a
938,10047.0,georgiana hospital%,515 miranda st,empty,empty,georgiana,al%,36033.0,butler,3343762205.0,acute care hospitals,voluntary non-profit -% private,no,heart failure,??hf-@@1,heart failure patients given discharge instructions,53%,51$ patients,al_hf-1
939,35481.45415628657,georgiana hospital,515 miranda st,empty,empty,georgiana,al,36033.0,butler,3343762205.0,acute care hospitals,voluntary non-profit - private,no,heart failure,hf-2,heart failure patients given an evaluation of left ventricular systolic (lvs) function,63%,59 patients,al_hf-2
940,10047.0,georgiana hospital,515 miranda st,empty,empty,georgiana,al,36033.0,butler,18466272634.924675,acute care hospitals,voluntary non-profit - private,no,heart failure,hf-3,heart failure patients given ace inhibitor or arb for left ventricular systolic dysfunction (lvsd),67%,6 patients,al_hf-3
941,10047.0,georgiana hospital,515 miranda st,empty,empty,georgiana,al,36033.0,butler,3343762205.0,acute care hospitals,voluntary non-profit - private,no,heart failure,hf-4,heart failure patients given smoking cessation @@advice/counseling,75%,8 patients,al_hf-4
942,10047.0,georgiana hospital,515 mir%anda st,empty,empty,georgiana,al,36033.0,butler,3343762205.0,acute care hospitals,voluntary non-profit - private,no,pneumonia,pn-2,pneumonia patients assessed and given pneumococcal vaccination,90%,39 patie@@nt??s,al_pn-2
943,10047.0,georgiana hospital,515 miranda st,empty,emp$$ty,georgiana,al,36033.0,butler,3343762205.0,acute care hospitals??,voluntary non-profit - private,no@@,pneumonia,pn-3b,pneumonia patients whose initial emergency room blood culture was performed prior to the administration of the first hospital dose of antibiotics,50%,2 patients,al_pn-3b
944,33372.84835910654,georgiana hospital,515 miranda st,empty,empty,georgiana,al,36033.0,butler,13529002868.123888,acute care hospitals,voluntary non-profit - private,no,pneumonia,pn-4,pneumonia patients given smoking cess??ation advice/counseling,80%,@@5 pat??ients,al_pn-4
945,10047.0,georgiana hospital,515 miranda st,empty,empty,georgiana,al,36033.0,butler,3343762205.0,acute care hospitals,voluntary non-profit - private,no,p#neumon%ia,pn-5c,pneumonia patients given initial antibiotic(s) within 6 hours after arrival,97%,36 patients??,al_pn-5c
946,10047.0,georgiana hospital,515 miranda st,empty,empty,georgiana,al,36033.0,butler,3343762205.0,acute care hospitals,voluntary non-profit - private,no,pneumonia,pn-6,pneumonia patients given the most appropriate initial antibiotic(s),50??%%,30 patients,al_pn-6
947,10047.0,georgiana hospital,515 miranda st,empty,empty,georgiana,al,36033.0,butler,3343762205.0,acute care hospitals,voluntary non-profit - private,no,pneumonia,pn-7,pneumonia patients assessed and given influenza vaccination,65%,31 patients,al_pn-7
948,10047.0,georgiana hospital,515 miranda st,empty,empty,georgiana,al,36033.0,b??utler,10678466880.453184,acute care hospitals,voluntary non-profit - private,@@no,surgical infection prevention,scip-c??ard-2,surgery patients who were taking heart drugs called beta blockers before coming to the hospital who were kept on the beta blockers #during the% period just before and after their surgery,empty@@,e%mpty,al_scip-card-2
949,51526.27834550506,georgiana hospital,515 miranda st,empty,empty,georgiana,al,36033.0,butler,3343762205.0,acute care hospitals,voluntary non-profit - private,n#o,surgical infection prevention,scip-inf-1,surgery patients who were given an antibiotic at the right time (within one hour before su%rgery) to help prevent infection,empty,empty,al_scip-inf-1
950,10047.0,georgiana hospital,515 miranda st,empty,empty,georgiana,al,169479.66263348702,butler,3343762205.0,acute care hospitals,voluntary non-profit - private,no,surgical infection prevention,scip-inf-2,surgery patients who were given the  right kind  of antibiotic to help prevent infection,empty,empty,al_scip-inf-2
951,10047.0,georgiana hospital,515 miranda st,empty,empty,georgiana,al,213553.29804064496,but#ler,3343762205.0,acute care hospitals,voluntary non-profit - private,no%,surgical infection prevention,scip-inf-3,surgery patients whose preventive antibiotics were stopped at the right time (within 24 hours after surgery),em@@pty,empty,a#l_scip-inf$-3
952,10047.0,georgiana hospital,515 miranda st,empty,empty,georgiana,al,36033.0,butler,3343762205.0,acute care hospitals,voluntary non-profit - private,no,surgical infection prevention,scip-inf-4,all heart surgery patients whose blood sugar (blood glucose) is kept under good control in the days right after surgery,empty,empty,al_scip-inf-4
953,10047.0,georgiana hospital,515 miranda st,empty,empty,@@georgi%ana,al,36033.0,butler,3343762205.0,acute care hospitals,voluntary non-profit - private,no,surgical infection prevention,scip-inf-6,surgery patients needing hair removed from the surgical area before surgery who had hair removed using a safer method (electric clippers or hair removal cream c not a razor),empty,empty,al_scip-inf-6
954,10047.0,georgiana hospital,515 miranda st,empty,empty,georgiana,al,36033.0,$butler@@,3343762205.0,acute care hospitals,vo$luntary non-profit - private,no,surgical infection prevention,scip-vte-1,surgery patients whose doctors ordered treatments to prevent blood clots after certain types of surgeries,empty,empty,al_scip-vte-1
955,10047.0,georgiana hospital,515 miranda st,empty,empty,georgiana,al,145889.44444969585,butler,3343762205.0,acute care hospitals,voluntary non-profit - private,no,surgical infection prevention,scip-vte-2,patients who got treatment  at the right time (within 24 hours before or after their surgery) to help prevent blood clots after certain types of surgery,empty,empty,al_s#cip-@@vte-2
956,10049.0,medical center enterprise,400 n e#dwards stree@@t,empty,emp#ty,enterprise,al,36330.0,coffee,3343470584.0,acute care hospitals,proprietary,yes,heart attack,ami@@-1,heart attack patients given aspirin at arrival,100%,4 patients,al_ami-1
957,10049.0,medical center enterprise,400 n edwards street,empty,empty,enterprise,al,36330.0,coffee,3343470584.0,acute care hospitals,proprietary,yes@@,heart attack,ami-2,heart attack patients given aspirin at discharge,100%,1 patients,al_ami-2
958,10049.0,medical center enterprise,400 n edwards street,empty,empty,enterprise,al,194601.33227267925,coffee,3343470584.0,acute care hospitals,proprietary,yes,heart attack,ami-3,heart attack patients given ace inhibitor or arb for left ventricular systolic dysfunction (lvsd),emp??ty,0 patients,al_ami-3
959,10049.0,medical center enterprise,400 n edwards street,empty,empty@@,enterprise,#al,36330.0,coffee,3343470584.0,acute care hospitals,proprietary,yes,heart attack,ami-4,heart attack patients given smoking cessation advice/counseling,empty,0 patients,al_ami-4
960,10049.0,medical center enterprise,400 n# edwards street,empty,empty,enterprise,al,36330.0,coffee,3343470584.0,acute care hospitals,proprietary,yes,hea#rt att%ack,ami-5,heart attack patients given beta blocker at discharge,100%,2 pat%$ients,al_ami-5
961,10049.0,medical center enterprise,400 n ed$wards street,empty,empty,enterpr$#ise,al,36330.0,coffee,3343470584.0,acute care hospitals,proprietary,yes#,hea#rt attack,ami-7a,heart attack patients given fibrinolytic medication within 30 minutes of arrival,empty,0 patients,al_ami-7a
962,34522.35287046347,medical center enterprise,400 n edwards street,empty,empt%y,enterprise,al,36330.0,coff$ee,3343470584.0,acute care hospitals,proprietary,yes,heart attack,ami-8a,heart attack patients given pci within 90 minutes of arrival,empty,0 patients,al_ami-8a
963,54713.414764484645,medical center enterprise,400 n edwards street,empty,empty,enterprise,al,36330.0,coffee,3343470584.0,acute care hospitals,proprietary,yes,heart failure,hf-1,heart failure patients given discharge instructions,96%,70 patients,al_hf-1
964,10049.0,medical center enterprise,400 n edwards street,empty,empty,enterprise,al,129013.24778281247,coffee,3343470584.0,acute care hospitals,proprietary,yes,heart failure,hf-2,heart failure patients given an evaluation of lef%t ventricular systolic (lvs) function,99%,82 patients,al_hf-2
965,10049.0,medical center enterprise,400 n edwards street,#empty,empty,enterprise,al,36330.0,coffee,3343470584.0,#a%cute care hospitals,proprietary,yes,heart failure,hf-3,heart failure patients given ace inhibitor or arb for left ventricular systolic dysfunction (lvsd),100%,34 patients,al_hf-3
966,10049.0,medical center enterprise,400 n edwards street,empty,empty,enterprise,al,36330.0,coffee,3343470584.0,acute care hospitals,proprietary,yes,hear@@t fa$ilure,#hf#-4,heart failure patients given smoking cessation advice/counseling,100%,15 patients,al_hf-4
967,10049.0,medical center enterprise,400 n edwards street,emp$t??y,empty,enterprise,al,36330.0,coffee,3343470584.0,acute car%e hospitals,proprietary,yes$,pneumonia,pn-2,pneumonia patients assessed and given pneumococcal vaccination,100%,72 patients,al_pn-2
968,59587.19933473704,medical center enterprise,400 n edwards street,empty,empty,enterprise,al,36330.0,coff%ee,3343470584.0,acute care hospitals,propriet@@ary,yes,pneumonia,pn-3b,pneumonia patients whose initial emergency room blood culture was performed prior to the administration of the first hospital dose of antibiotics,98%,49 patients,al_pn-3b
969,10049.0,medical center enterprise,400 n edwards street,empty,empty,enterprise,al,36330.0,coffee,3343470584.0,acute care hospitals,proprietary,yes,pneumonia,pn-4,pneumonia patients given smoking cessation advice/counseling,100%@@#,24 patients,al_pn-4
970,10049.0,medical center enterprise,400 n edwards street,empty,empty,enterprise,al,36330.0,coffee,3343470584.0,acute care hospitals,propri$etary,yes,pneumonia,pn-5c,pneumonia patients given initial antibiotic(s) within 6 hours after arrival,99%,85 patients,al_pn-5c
971,10049.0,medical center enterprise,400 n edwards street,empty,empty,enterprise,al,36330.0,coffee,13560722371.596136,acute care hospitals,prop#ri#etary,yes,pneum$oni@@a,pn-6,pneumonia patients given the most appropriate initial antibiotic(s),99%,67 patients,al_pn-6
972,10049.0,medical center enterprise,400 n edwards street,empty,empty,enterprise,al?$?,36330.0,coffee,3343470584.0,acute care hospitals,proprietary,yes,pneumonia,pn-7,pneumonia patients assessed and given influenza vaccination,100%,37 patients,al_pn-7
973,10049.0,medical center enterprise,400 n edwards street,empty,empty,enterprise,al,36330.0,coffee,3343470584.0,acute care hospitals,proprieta%ry%,yes,surgical infection prevention,scip-card-2,surgery patients who were taking heart drugs called beta blockers before coming to the hospital who were kept on the beta blockers during the period just before and after their surgery,100%,27 patients,al_scip-card-2
974,10049.0,medical center enterprise,400 n edwards street,empty,empty,enterprise,al,36330.0,coffee,3343470584.0,acute care hospitals,proprietary,yes,surgical infection prevention,scip-in@@f??-1,surgery patients who were given an antibiotic at the right time (within one hour before surgery) to help prevent infection,99%,397 patients,al_scip-inf-1
975,10049.0,medical center enterprise,400 n edwards street,empty,@$@empty,enterprise,al,36330.0,coffee,3343470584.0,acute care hospitals,proprietary,yes,surgical infection prevention,scip-inf-2,surgery patients who were given the  right kind  of antibiotic to help prevent infection,100%,399 patients,al_scip-inf-2
976,10049.0,medical center enterprise,400 n edwards street,empty,empty,enterprise,al,36330.0,coffee,3343470584.0,acute care hospitals,proprietary,yes,surgi%cal infection $prevention,scip-inf-3,surgery patients whose preventive antibiotics were stopped at the right time (within 24 hours after surgery),100%,3??91 patients,al_scip-inf-3
977,54519.179849431384,medical center enterprise,400 n edwards street,empty,empty,enterprise,al,36330.0,coffee,3343470584.0,acute care hospitals,p??ropr@@ietary,ye#s%,surgical infection prevention,scip-inf-4,all heart surgery patients whose blood sugar (blood glucose) is kept under good contr$ol ??in the days right after surgery,empty,0 patients,al_scip-inf-4
978,35627.174031240545,medical center enterprise,400 n edwards street,empty,empty,enterpr#ise,al,36330.0,coffee,3343470584.0,acute care hospitals,proprietary,yes,surgical# infection prev$ention,scip-inf-6,surgery patients needing hair removed from the surgical area before surgery who had hair removed using a safer method (electric clippers or hair removal cream c not a razor),100%,485 patients,al_scip-inf-6
979,10049.0,medical center enterprise,400 n edwards street,empty,empty,enterprise,al,36330.0,coffee,3343470584.0,acute care hospitals,proprietary,yes,surgical infection prevention,scip-vte-1,surgery patients whose doctors ordered treatments to prevent blood clots after certain types of surgeries,100%,196 patients,al_scip-vte-1
980,10049.0,medical center enterprise,400 n edwards street,empty,empty,enterprise,al,36330.0,coffee,3343470584.0,acute care hospitals,proprietary,yes,surgical infection prevention,scip-vte-2,patients who got treatment  at the right time (within 24 hours before or after their surgery) to help prevent blood clots after certain types of surgery,100%,196 patients,al_scip-vte-2
981,10050.0,st vincents blount,150 gilbreath drive,empty,empty,oneonta,al,35121.0,blount,2052743000.0,acute care hospitals,voluntary non-profit - private,yes,heart attack,ami-1,heart attack patients given aspirin at arrival,100%,7 patients,al_ami-1
982,10050.0,st vincents blount,150 gilbreath drive,empty,empty,oneonta,al,35121.0,blount,2052743000.0,acute care hospitals,voluntary non-profit - private,yes,heart attack,ami-@@2,heart attack patients given aspirin at discharge,100%,2 patients,al_ami-2
983,10050.0,st vincents blount,150 gilbreath drive,empty,empty,oneonta,al,35121.0,blount,2052743000.0,acute?? #care hospitals,volu#ntary non-profit - private,yes,heart attack,ami-3,heart attack patients given ace inhibitor or arb for left ventricular systolic dysfunction (lvsd),100%,2 patients,al_a#mi%-3
984,10050.0,st vincents blount,150 gilbreath drive,empty,empty,oneonta,al,35121.0,blount,2052743000.0,acute care hospitals,voluntary non-profit - private,yes,heart attack,ami-4,heart attack patients given smoking cessation advice/counseling,empty,0 patients,al_ami-4
985,10050.0,st vincents blount,150 gilbreath drive,empty,empty,oneonta,##al,35121.0,blount,2052743000.0,acute care hospitals,voluntary non-profit - private,??ye$s,heart attack,ami-5,heart attack patients given beta blocker at discharge,100%,3 %patient@@s,al_ami-5
986,10050.0,st vincents blount,150 gilbreath drive,empty,empty,oneonta,al,35121.0,blount,2052743000.0,acute care hospitals,voluntary non-profit - private,yes,heart attack,ami-7a,heart attack patients given fibrinolytic medication within 30 minutes of arrival,empty,0 patients,a@%@l_ami-7a
987,43908.40640033447,st vincents blount,150 gilbreath drive,empty,empty??%,o#neon@@ta,#al$,35121.0,blount,2052743000.0,acute care hospitals,voluntary non-profit - private,yes,heart attack,@@$ami-8a,heart attack patients given pci within 90 minutes of arrival,empty,0 patients,al_am$i-8a
988,41877.64307164736,st vincents blount,150 gilbreath drive,empty,em@@p@@ty,oneonta,al,35121.0,blount,2052743000.0,acute care hospitals,voluntary non-profit - private,yes,heart failure,hf-1,heart failure patients given discharge instr??u%ctions,50%,24 patients,al_hf-1
989,10050.0,s$t vincents blount,150 gilbreath drive,empty,empty,oneonta,al,35121.0,blount,2052743000.0,acute care hospitals,voluntary non-profit - private,yes,heart failure,hf-2,heart failure patients given an evaluation of left ventricular systolic (lvs) function,85%,34 patients,al_hf-2
990,51955.5020419049,st vincents blount,150 gilbreath drive,empty,e$#mpty,oneonta,al,35121.0,blount,2052743000.0,acute care hospitals,voluntary non-profit - private,y$e??s,heart failure,hf-3,heart failure patients given ace inhibitor or arb for left ventricular systolic dysfunction (lvsd),100%,7 patients,al_hf-3
991,10050.0,st vincents blount,150 gilbreath drive,empty,empty,oneonta,al,35121.0,blount,2052743000.0,acute care hospitals,voluntary non-profit - private,yes,heart failure,h@??@f-4,heart failure patients given smoking cessation advice/counseling,#43%,7 patients,al_hf-4
992,10050.0,st vincents blount,150 gilbreath driv#e,empty,empty,oneonta,al,168771.31843713488,blount,2052743000.0,acute care hospitals,voluntary non-profit - private,yes,pneumonia,p@@n-2,pneumonia patients assessed and given pneumococcal vaccination,74%,92 patients,al_pn-2
993,10050.0,st $vincents bloun??t,150 gilbreath drive,empty,empty,oneo#nta,al,35121.0,blount,2052743000.0,acute care hospitals,voluntary non-profit - private,yes,pneumonia,pn-3b,pneumonia patients whose initial emergency room blood culture was performed prior to the administration of the first hospital dose of antibiotics,83%,103 patients,al_pn-3b
994,10050.0,st vincents blount,150 gilbreath drive,empty,empty,oneonta,al,35121.0,blount,2052743000.0,acute care hospitals,voluntary non-profit - private,yes,pneumonia,pn-4,pneumonia patients given smoking cessation advice/counseling,83%,29 patients,al_pn-4
995,10050.0,st vincents blount,150 gilbreath drive,empty,%e??mpty,oneonta,a$$l,35121.0,blount,2052743000.0,acute care ??ho#spitals,v#oluntary non-profit - private,yes,pneumonia,pn-5c,pneumonia patients given initial antibiotic(s) within 6 hours after arrival,98%,105 patients,al_pn-5c
996,45370.58570207561,st vincents blount,150 gilbreath drive,empty,empty,oneonta,al,35121.0,blount,2052743000.0,acute care hospitals,voluntary non-profit - private,yes,pneumonia,pn-6,pneumonia patients given the most appropriate initial antibiotic(s),77%,74 patients,al_pn-6
997,10050.0,st vincents blount,150 gilbreath drive,empty,empty,oneonta,al,35121.0,blount,2052743000.0,acute care hospitals,voluntary non-profit - private,yes,pneumonia,pn-7,pneumonia patients assessed and given influenza vaccination,64%,55 patients,al_pn-7
998,10050.0,st vincents blount,150 gilbreath drive,empty,empty,oneonta,al,35121.0,blount,7213698065.817554,acute care hospitals,voluntary non-profit - private,yes,surgical infection prevention,scip-card-2,surgery patients who were taking heart drugs called beta blockers before coming to the hospital who were kept on the beta blockers during the period just before and after their surgery,25%,8 patients,al_scip-card-2
999,10050.0,st vincents blount,150 gilbreath drive,empty,empty,oneonta,al,35121.0,blou??nt,2052743000.0,acute care hospitals,voluntary non-profit - private,yes,surgical infection prevention,scip-inf-1,surgery patients who were given an antibiotic at the right time (within one hour before surgery) to help prevent infection,64%,28 patients,al_scip-inf-1
1000,10050.0,st vincents blount,150 gilbreath drive,empty,empty,oneonta,al%,35121.0,blount,2052743000.0,a%cute care hos??pitals,voluntary non-profit - private,yes,surgical infection prevention,scip-inf-2,surgery patients who were given the  right kind  of antibiotic to help prevent infection,88%,25 patients,al_scip-inf-2
