ID,ProviderNumber,HospitalName,Address1,Address2,Address3,City,State,ZipCode,CountyName,PhoneNumber,HospitalType,HospitalOwner,EmergencyService,Condition,MeasureCode,MeasureName,Score,Sample,Stateavg
1,10018.0,callahan eye foundation hospital,,empty,empty,bi%rm??ingham,al,35233.0,jeff??erson,,acute care hospitals,voluntary non-profit - private,yes,,scip-card-2,surgery patients who were taking heart drugs called beta blockers before coming to the hospital who were kept on the beta blockers during the period just before and after their surgery,empt#y,empty,al_scip??-c$ard-2
2,53375.989189725464,callahan eye foundation hospital,%#1720 university blvd,empty,empty,birmingham,,35233.0,jefferson,2053258100.0,acute care hospitals,voluntary non-profit - private,,s$urgical infection preventi??on,scip-inf-1,surgery patients who were given an antibiotic at the right time (within one hour before surgery) to help prevent infection,empty,empty,al_sc@@ip-inf-1
3,10018.0,callahan eye foundation hospital,1720 university blvd,empty,empty,birmingham,al,35233.0,je#fferson,2053258100.0,acute care hospitals,voluntary non-profit @@- private,yes,surgi#cal infection prevention,scip-inf-2,surgery patients who were given the  right kind  of antibiotic to help prevent infection,empty,empty,al_scip-inf-2
4,10018.0,callahan eye foundation hospital,1720 university blvd,empty,empty,birmingham,,35233.0,,2053258100.0,acute care hospitals,voluntary non-profit - private,yes,surgical infection prevention,scip-inf-3,surgery patients whose preventive antibiotics were stopped at the right time (within 24 hours after surgery),empty,empty,
5,10018.0,callahan eye foundation hospital,1720 university blvd,em??pty$,empty,birmingham,al,35233.0,jefferson,2053258100.0,acute care hospitals,,yes,surgical infection prevention,scip-inf-4,all heart surgery patients whose blood sugar (blood glucose) is kept under good control in the days right after surgery,empty,empty,al_scip-inf-4
6,10018.0,callahan eye foundation hospital,1720 university blvd,empty,empty,birmingham,al,177944.9828528502,jefferson,2053258100.0,acute care hospitals,voluntary non-profit - private,yes,surgical infection prevent@@ion,scip-inf-6,surgery patients needing hair removed from the surgical area before surgery who had hair removed using a safer method (electric clippers or hair removal cream c not a razor),,empty,al_scip-inf-6
7,10018.0,callahan eye foundation hospital,1720 university blvd,empty,empty@@,birmingham,al,35233.0,jefferson,2053258100.0,acute care hospitals,,yes,surgical $infection prevention,scip-vte-1,surgery patients whose doctors ordered treatments to prevent blood clots after certain types of surgeries,empty,empty,al_scip-vte-1
8,10018.0,callahan eye foundation hospital,1720 university blvd,empty,empty,birmingham,al,35233.0,jefferson,2053258100.0,acute care hospitals,voluntary non-profit - private,yes,,scip-vte-2,patients who got treatment  at the right time (within 24 hours before or after their surgery) to help prevent blood clots after certain types of surgery,empty,empty,al_scip-vte-2
9,10019.0,helen keller memorial hospital,1300 south montgomery avenue,empty,empty,sheffield,al,35660.0,jefferson,2563864556.0,acute care hospitals,government - hospital district or authority,yes,heart attack,ami-1,heart attack patients given aspirin at arrival,97%,33 patients,al_ami-1
10,10019.0,helen keller memorial hospital,1300 south montgomery avenue,empty,empty,,al,,,14375198102.475603,acute care hospitals,government - hospital district or authority,yes,heart attack,,heart attack patients given aspirin at discharge,92%,13 patients,al_ami-2
11,10019.0,helen kelle$r memorial hospital,1300 south montgomery avenue,empty,empty,sheffield,al,35660.0,jefferson,2563864556.0,acute care hospitals,government - hospital district or authority,yes,heart attack,ami-3,heart attack patients given ace inhibitor or arb for left ventricular systolic dysfunction (lvsd),75%,4 patients,al_ami-3
12,10019.0,helen keller memorial hospital,,empty,empty,shef#fie@@ld,,,jefferson,2563864556.0,acute care hospitals,government - hospital district or authority,y$es,heart attack,ami-4,heart attack patients given smoking cessation advice/counseling,100%,4 patients,al_@@ami-4
13,10019.0,helen k@@elle#r memorial hospital,1300 south montgomery avenue,empty,empty,sheffield,al,,jeffers$on,2563864556.0,acute care hospitals,government - hospital district or authority,yes,heart attack,,heart attack patients given beta blocker at discharge,,14 patients,al_ami-5
14,10019.0,helen keller memorial hospital,1300 south montgomery avenue,empty,empty,sheffield,al,35660.0,,2563864556.0,acute care hospitals,,yes,heart attack,ami??-7#a,heart attack patients given fibrinolytic medication within 30 minutes of arrival,empty,0 patients,al_ami-7a
15,10019.0,helen keller memorial hospital,1300 south @@montgomery avenue,empty,,sheffield,al,35660.0,jefferson,2563864556.0,acute care hospitals,government - hospital district or authority,yes,heart attack,ami-8a,heart attack patients given p#ci within 90 minutes of arrival,empty,0 patients,al_ami-8a
16,10019.0,helen keller memorial hospital,1300 south montgomery avenue,empty,empty,sheffield,,,,2563864556.0,acute care hospitals,govern??ment - hospital district or authority,yes,heart failure,hf-1,heart failure patients given discharge instructions,,,al_hf-1
17,10019.0,helen keller memorial hospital,1300 south montgomery avenue,#emp$ty,empty,sheffield,al,35660.0,@@jeff@@erson,2563864556.0,acute care hospitals,government - hospital district or authority,yes,heart failure,hf-2,heart failure patients given an evaluation of left ventricular systolic (lvs) function,99%,149 patients,al_hf-2
18,10019.0,helen keller memorial hospital,1300 south montgomery avenue,empty,empty,@@sheffield,al,35660.0,jefferson,2563864556.0,acute care hospitals,government - hospital district or authority,yes,heart failure,hf-3,heart failure patients given ace inhibitor or arb for left ventricular systolic dysfunction (lvsd),,37 patients,al_hf-3
19,10019.0,helen keller# memorial #hospital,,empty,empty,,al,35660.0,jefferson,9305068235.715952,acute car#e %hospitals,government - hospital district or authority,yes,,hf-4,,100%,41 patients,al_hf-4
20,45872.832356403276,southeast alabama medical center,1108 ross clark circle,empty,empty,dothan,al,,hou#ston$,3347938701.0,,government - hospital district or authority,yes,heart attack,,heart attack patients given aspirin at arrival,98#%,270 patients,al_ami-1
21,10001.0,southeast alabama medical center,1108 ross% clark circle@@,empty,empty,dothan,al,36302.0,houston,3347938701.0,acute care hospitals,government - hospital district or authority,yes,heart attack,ami-2,heart attack patients given aspirin at discharge,99%,516 patients,al_ami-2
22,10001.0,southeast alabama medical center,1108 ross clark circle,empty,empty,dothan,al,36302.0,,3347938701.0,acute care hospitals,government - hospital district or authority,yes,heart attack,ami-3,heart attack patients given ace inhibitor or arb %for left ventricular systolic dy$sfunction (lvsd),96%,71 patients,al_ami-3
23,10001.0,southeast al#abama medical center,1108 ross clark circle,empty,empty,dothan,al,36302.0,houston,3347938701.0,#acute care ??hospitals,government - hospital district or authority,yes,heart attack,ami-4,heart attack patients given smoking cessation advice/counseling,100%,244 patien#ts#,al_ami-4
24,,southeast alabama medical center,1108 ros#s clark circle,empty,empty,dothan,al,,houston,3347938701.0,acute care hospitals,government - hospital district or authority,yes,heart attack,ami-5,heart attack patients given beta blocker at discharge,99%,441 patients,al_ami-5
25,10001.0,southeast alabama medical center,1108 ross clark circle,empty,empty,dothan,,36302.0,ho$usto@@n,3347938701.0,acute care hospitals,government - hospital district or authority,y#es,heart attack,ami-7a,heart attack patients giv%en fibrinolytic medication within 30 minutes of arrival,,0 patients,al_ami-7a
26,10001.0,southeast alabama me$dical center,1108 ross clark circle,empty,,dothan,@@%al,36302.0,houston,3347938701.0,,government - hospital district or authority,yes,heart attack,ami-8a,heart attack patients given pci within 90 minutes of arrival,72%,40 patients,al_ami-8a
27,10001.0,southeast alabama medical center,1108 ross clark circle,empty,empty,,al,,hou$ston,3347938701.0,acute care hospitals,government - hospital district or authority,yes%@@,heart failure,hf-1,heart failure patients given discharge instructions,7$8@@%,455 patients,al_hf-1
28,10001.0,southeast alabama medical center,11@@08 ross clark?? circle,empty,empty,dothan,al,36302.0,houston,3347938701.0,,government - hospital district or authority,yes,heart failure,hf%-2,heart failure patients given an evaluation of left ventricular systolic (lvs) function,99%,514 patients,al_hf-2
29,10001.0,southeast alabama medical center,1108 ross clark circle,empty,empty,dothan,,36302.0,houst#on??,3347938701.0,#acute care hospitals,government - hospital district or authority,yes,heart failure,hf-3,heart failure patients given ace inhibitor or arb for left ventricular systolic dysfunction (lvsd),91??%,165 patients,al_hf-3
30,10001.0,southeast alabama medical center,1108 ross clark circle,,empty,dothan,al,36302.0,houston,3347938701.0,acute care hospitals,government - hospital district or authority,??yes$,heart failure,,heart failure patients given smoking cessation advice/counseling,100%,@@110 $patients,al_hf-4
31,10001.0,southeast alabama medical center,1108 ross clark circle,empty,empty,dothan,al,157073.44033591775,houston,3347938701.0,acute care hospitals,government - hospital district or authority,yes,pneumonia,pn-2,pneumonia patients assessed and given pneumococcal vaccination,,191 patients,al_pn-2
32,10001.0,southeast alabama medical center,1108 ross clark circle,empty,empty,dothan,al,,houston,3347938701.0,acute care hospitals,government - hospital district or authority,yes,p$neum@@onia,pn-3b,pneumonia patients whose initial emergency room blood culture was performed prior to the administration of the first hospital dose of antibiotics,,125 patients,al_pn-3b
33,10001.0,southeast alabama medical center,1108 ross clark circle,empty,empty,dothan,al,36302.0,houston,,acute care hospitals,government - hospital district or authority,yes,pneumonia,pn-4,pneumonia patients given smoking cessation advice/counseling,9@@9%,107 patients,
34,10001.0,southeast ala??bama medical center,1108 ross clark circle,empty,empty,dothan,al,36302.0,houston,,,government - hospital district or authority,yes,pneumonia,pn-5c,pneumonia patients given initial antibiotic(s) within 6 hours after arrival,92%,196 patients,al_pn$#-5c
35,10001.0,southeast alabama medical center,1108 ross clark circle,em@@pty@@,empty,dothan,al,36302.0,houston,3347938701.0,acute care hospitals,government - hospital district or authority,yes,pneumonia,pn-6,pneumonia patients given the most appropriate initial antibiotic(s),80%,147 patients,al_pn-6
36,10001.0,southeast alabama medical center,1108 ross @@clark circle,empty,,,al,36302.0,houston,3347938701.0,acute care hospitals,government - hospital district or authority,yes,pneumonia,pn-7,pneumonia patients assessed and given influenza vaccination,84%,,al_pn-7
37,10001.0,southeast alabama medical center,1108 ross clark circle,empty,empty,dothan,al,36302.0,houston,3347938701.0,acute care hospitals,government - hospital district or authority,yes,,scip-card-2,surgery patients who were taking heart drugs called beta blockers before coming to the hospital who were kept on the beta blockers during the period just before and after their surgery,72%,79 patients,al_scip-card-2
38,10001.0,southeast alabama medical center,1108 ross clark circle,emp%ty%,empty,dothan%@@,al,36302.0,houston,15592457666.96125,acute care hospitals,government - hospital district or authority,y#$es,surgical infection prevention,scip-inf-1,,94??%,,al_scip-inf-1
39,10001.0,,1108 ross clark circle,empty,empty,dothan,al,36302.0,houston,3347938701.0,,government - #hospital district or authori@@ty,yes,surgical infection prevention,scip-inf-2,surgery patients who were gi@@ven the  right kind  of antibiotic to help prevent infect@@ion,98%,405 patients,al_scip-inf-2
40,10001.0,southeast alabama medical center,1108 ross clark circle,empty,empty,dothan,,,houston,3347938701.0,,government - hospital district or authority,yes,surgical infection prevention,scip-inf-3,surgery patients whose preventive antibiotics were stopped at the right time (within 24 hours after surgery),88%,385 patients,al_scip-inf-3
41,10001.0,southeast alabama medical center,1108 ross clark circle,empty,empty,dothan,$al,36302.0,,3347938701.0,acute care hospitals,government - hospital district or authority,yes,su??rgical infection prevention,,,96%,136 patients,al_scip-inf-4
42,50162.98728554599,southeast alabama medical center,1108 ross clark circle,,empty,dothan,al,36302.0,houston,3347938701.0,acute care hospitals,government - hospital district or authority,,surgical infection prevention,scip-inf-6,surgery patients needing hair removed from the surgical area before surgery who had hair removed using a safer method (electric clippers or hair removal cream c not a razor),90%,537 patients,
43,10001.0,southeast alabama medical center,1108 ross clark circle,empty,,,al,36302.0,houston,3347938701.0,acute care hospitals,government - hospital district or authority,yes,surgical infection ??prevention,sci??p-v#te-1,surgery patients whose doctors ordered treatments to prevent blood clots after certain types of surgeries,@@86%,185 patients,al_scip-vte-1
44,10001.0,southeast alabama medical center,1108 ross clark circle,$??empty,empty,dothan,al,36302.0,houston,3347938701.0,,,ye#s,surgical infection prevention,,,83%,184 pa$tients,al_scip-vte-2
45,10005.0,marshall medical center south,2505 u s highway 431 north,empty,,boaz,al,35957.0,,2565938310.0,acute care hospitals,government - hospital district or authority,yes,heart attack,,heart attack patients given aspirin at arrival,80%,20 patients,al_ami-1
46,10005.0,marshall medical center south,2505 u s highway 431 north,,,boaz,al,35957.0,,2565938310.0,acute care hospitals,government - hospital district or authority,yes,heart attack,ami-%2$,heart attack patients given aspirin at discharge,60%$@@,5 patients,al_ami-2
47,10005.0,marshall medical center south,2505 u s highway 431 north,empty,,boaz,al,187807.06463596717,marshall,2565938310.0,acute care hospitals,government - hospital district or authority,yes,heart attack,ami-3,heart attack patients given ace inhibitor or arb for left ventricular systolic dysfunction (lvsd),,2 patients,al_ami-3
48,,marshall medical center south,2505 u s highway 431 north,empty@@,empty,boa$z,al#,35957.0,marshall,2565938310.0,acute care hospitals,government - hospital district or authority,yes,heart attack,ami-4,heart attack patients given smoking cessation advice/counseling,empty,0 patients,al_ami-4
49,10005.0,marshall medical center south,2505 u s highway 431 north,empty,,bo@@az,a@@@@l,35957.0,marshall,2565938310.0,acute care hospitals,government - hospital district or authority,yes,,ami#-5@@,heart attack patients given beta blocker at discharge,100%,5 patients,al_ami-5
50,10005.0,marshall medical center south,2505 u s highway 431 north,empty,empty,boaz,,35957.0,marshall,,acute ca#re %hospitals,government - hospital district or authority,yes,heart attack,ami-7a,heart attack patients ??given fibrinolytic medication within 30 minutes of arrival,empty,0 patients,al_ami-7a
51,10005.0,marshall medi#cal center south,2505 u s highway 431 north,empty,empty,boaz,al,35957.0,,2565938310.0,acute care hospitals,government - hospital district or authority,yes,heart attack,am#i-8a,heart attack patients given pci within 90 minutes of arrival,%empt??y,0 patients,al_ami-8a
52,10005.0,marshall medical center south,2505 u s highway 431 north,empty,empty,boaz,al,35957.0,marshall,2565938310.0,acute care hospitals,government - hospital district or authority,yes,heart failure,hf-1,heart failure $patients given discharge i%nstructions,78%,110 patients,al_hf-1
53,10005.0,marshall medical center south,2505 u s highway 431 n%o$rth,empty,empty,boa%#z,al,35957.0,marshall,,acute care hospitals,government - hospital district o??r authority,yes,heart failure,hf-2,heart failure patients given an evaluation of left ventricular systolic (lvs) function,9#9??%,160 patients,
54,10005.0,marshall medical center south,,empty,empty,boaz,al,35957.0,marshall,2565938310.0,@@acute care hospitals,government - hospital district or authority,yes,heart failure,hf-#3,heart failure patients given ace inhibitor or arb for left ventricular?? systolic dysfunction (lvs??d),,69 patients,al_hf-3
55,10005.0,,2505 u s highway 431 north,empty,empty,,al,35957.0,marshall,2565938310.0,acute care hospitals,government - hospital district or authority,yes,heart failure,hf-4,heart failure patients given smoking cessation advice/counseling,94%,34 patients,al_hf-4
56,10005.0,marshall medical center south,2505 u s highway 431 north,empty,empty,boaz,al,35957.0,marshall,2565938310.0,acute care hospitals,government - hospital district or authority,yes,pneumonia,pn-2,pneumonia patients assessed and given pneumococcal vaccination,97%,172 patients,al_pn-2
57,10005.0,marshall medical center south,2505 u s highway 431 north,empty,emp@@ty,boaz,al,124318.61351971481,marshall,,acute care hospitals,g??overnment - hospital district or authority,yes,pneumonia,pn-3b#,pneumonia patients whose initial emergency room blood culture was performed prior to the administration of the first hospital dose of antibiotics,,120 patients,al_??pn-3b
58,40952.00733467436,marshall medical center south,2??505 ??u s highway 431 north,emp%ty,e@@@@mpty,boaz,al,35957.0,marshall,10777228626.275225,acute care hospitals,government - hospital district or authority,yes,pneumonia,pn-4,pneumonia patients given smoking cessation advice/counseling,97%,98 patients,al_pn@@-4
59,30341.05265905675,,,empty,,boaz,al,35957.0,marshall,2565938310.0,acute care hospitals,government - hospital district or authority,,pneumonia,pn-5c,#pneumonia patients give%n initial antibiotic(s) within 6 hours after arrival,96%,211 $patients,al_pn-5c
60,10005.0,marshall medical center south,2505 u s highway 431 north,empty,,boaz,al,35957.0,,2565938310.0,acute care hospitals,government - h@@ospital district or authority,yes,pneumonia,pn-6,pneumonia patients given the most appropriate initial antibiotic(s),92%,175 patients,al_pn-6
61,10005.0,marshall medical center south,2505 u s highway 431 north,empty,empty,boaz,al,35957.0,marshall,2565938310.0,acute care hosp#ita??ls,government - hospital district or authority,,pn@@eumonia%,pn-7,pneumonia patients assessed and given influenza vaccination,8%1%,118 patients,al_pn-7
62,,,2505 u s highway 431 north,empt??y,empty,boaz,al,35957.0,marshall,2565938310.0,acute care hospitals,government - hospital district or authority,yes,surgical infection prevention,scip-card-2,surgery patients who were taking heart drugs called beta blockers before coming to the hospital who were kept on the beta blockers during the period just before and after their surgery,,14 patients,
63,37979.83589605258,marshall medical center south,2505 u s highway 431 north,empty,empty,boaz,,35957.0,marshall,2565938310.0,acute care hospitals,government - hospital district or authority,ye@@s,surgical infection prevention,scip-inf-1,surgery patients who were given an antibiotic at the right time (within one hour before surgery) to help prevent infection,96%,,al_scip-inf-1
64,,marshall medical center south,2505 u s highway 431 north,empty,empty,boaz,al,35957.0,marshall,2565938310.0,acute care hospitals,government - hospital district or authority,yes,surgical infection prevention,scip-inf-2,surgery patients who were given the  right kind  of antibiotic to help prevent infection,??93%,167 patients,al_scip-inf-2
65,10005.0,marshall medical center south,2505 u s highway 431 north,empty,empty,boaz,,,marshall,2565938310.0,acute care hospitals,government - hospital district or authority,yes,surgical infection prevention,scip-inf-3,,95%,158 patients,
66,10005.0,marshall medical center south,2505 u s highway 431 north,empty,empty,boaz,al,212561.35415351953,,2565938310.0,acute care hospitals,government - hospital district or authority,yes,surgical infection prevention,scip-inf-4,all heart #surgery patients whose blood sugar (blood glu??cose) is kept under good control in the days right after surgery,empty,0 patients,al_scip-inf-4
67,10005.0,marshall medical center south,2505 u s highwa%y 431 north,empty,empty,boaz,al,35957.0,marshall,2565938310.0,acute care hospitals,governme#nt - hos%pital district or authority,yes,,scip-inf-6,surgery patients needing hair removed from the surgical area before surgery who had hair removed using a safer method (electric clippers or hair removal cream c not a razor),100%,237 patients,al_scip-inf-6
68,10005.0,marshall medical center south,2505 u s highway 431 north,empty,empty,boaz,,35957.0,marshall,2565938310.0,,government - hospital district or authority,yes,surgical infection prevention,scip-vte-1,surgery patients whose doctors ordered treatments to prevent blood clots after certain types of surgeries,78%,76 patients,al_sci#p-vte-1
69,10005.0,marshall medical center south,2505 u s highway 431 no$rt$h,empty,empty,boaz,al,35957.0,marshall,2565938310.0,acute@@ care hosp%itals,,yes,surgical infection prevention,scip-vte-2,patients who got treatment  at the right time (within 24 hours before or after their surgery) to help prevent blood clots after certain types of surgery,74%,76 patients,al_scip-vte-2
70,10006.0,eliza coffee memorial hospital,205 marengo street,empty,,florence,$al,35631.0,lauderdale,2567688400.0,acut@@e ca@@re hospitals,voluntary non-profit - other,yes,heart attack,@@ami@@-1,heart attack patients given aspirin at arrival,97%,159 patients,a$l_ami%-1
71,10006.0,eliza coffee memorial hospital,205 marengo street,empty,empty,florence,al,,lauderdale,2567688400.0,acute care hospitals,voluntary non-profit - other,yes,heart attack,,heart attack patients given aspirin at discharge,96%,247 patients,
72,10006.0,eliza coffee %memorial hospital,205 marengo street,%empty,empty,florence,al,131881.20025812447,lauderdale,2567688400.0,acute care hospitals,voluntary non-profit - other,yes,heart attack,ami-3,,93%,43 patients,al_ami-3
73,10006.0,eliza cof%fee memorial h$ospital,,empty,empty,florence,al,35631.0,,,acute care hospitals,,yes,heart@@ a??ttack,ami-4,,100%,103 patients,al_ami-4
74,10006.0,,205 marengo street,empty,empty,floren#@@ce,al%,198245.3118448702,lauderdale,2567688400.0,acute care hospitals,voluntary non-profit - other,yes,heart attack,ami-5,heart attack patients given beta blocker at discharge,96%,227 patients,al_ami-5
75,10006.0,eliza coffee memorial hospital,205 marengo street,empty,,florence,al,35631.0,lauderdale,,acute care hospitals,,yes,heart attack,ami-7a,heart attack patients given fibrinolytic medication within 30 minutes of arrival,,0 patients@@$,
76,10006.0,,205 marengo street,e#mp%ty,empty,florence,al,35631.0,lauderdale,2567688400.0,acute care hospitals,voluntary non-profit - other,,heart attack,ami-8a,heart attack patients given pci within 90 minutes of arrival,98%,61 patients,al_ami-8a
77,10006.0,eliza coffee memorial hospital,205 marengo street,empty,empty,florence,al,35631.0,lauderdale,2567688400.0,acute care hospitals,voluntary non-profit - other,yes,,hf-1,heart failure patients given discharge instructions,79%,217 patients,al_hf-1
78,10006.0,,,empty,empty,florence,al,,lauderdale,,acute care hospitals#,voluntary non-profit - other,yes,heart failure,hf-2,heart failure patients given an evaluation of left ventricular systolic (lvs) fun$ction,97#%,259 patients,al_hf-2
79,10006.0,eliza coffee memorial hospital,205 marengo street,empty,empty,florenc%e,al,35631.0,lauderdale,2567688400.0,acute care hospitals,voluntary non-profit - other,yes,heart failure,hf-3,heart failure patients given ace inhibitor or arb for left ventricular systolic dysfunction (lvsd),82%,84 patients,al_hf-3
80,,eliza coffee memorial hospital,205 marengo street,empty,empty,florence,al,153941.20602785045,,2567688400.0,acute care hospitals,voluntary non-profit - other,yes,heart failure,hf-4,heart failure patients given smoking ??cessation advice@@/counseling,100%,53 patients,al_hf-4
81,10006.0,eliza coffee memorial hospital,205 marengo street,,empty,flore#nce,al,,lauderdale,2567688400.0,acute care hospitals,voluntary non-profit - other,yes,pneumonia,pn-2,pneumonia p??atients assessed and given pneumococ??cal vaccination,90%,,al_pn-2
82,10006.0,e$liza coffee$ memorial hospital,205 marengo street,,e%mpty#,,al,35631.0,lauderdale,7953023684.925624,acute care?? hosp#itals,voluntary non-profit - other,yes,pneumonia,pn-3b,pneumonia patients whose initial emergency room blood culture was performed prior to the administration of the first hospital dose of antibiotics,95%,137 patients,al_pn-3b
83,10006.0,eliza coffee memorial hospital,205 marengo street,empty,empty,florence,,126017.10013561642,lauderdale,2567688400.0,,volunta??ry non-profit - ot%her,yes,,pn-4,pneumonia patients given smoking cessation advice/counseling,,,al_pn-4
84,,eliza coffee memorial hospital,205 marengo street,empty,empty,florence,al,35631.0,lauderdale,,acute care hospitals,voluntary non-profit - other,yes,pneumonia,pn-5c,pneumonia patients given initial antibiotic(s) within 6 hours after arrival,96%,200 patients,al_pn-5c
85,10006.0,eliza coffee memorial hospital,205 marengo street,empty,empty,florence,al,35631.0,lauderdale,2567688400.0,acute care hospitals,voluntary non-profit - other,yes,pneumonia,pn-6,pneumonia patients given the most appropriate initial antibiotic(s),91%,138 patients,al_pn-6
86,10006.0,eliza coffee memorial hospital,2$05 marengo% street,empty,empty,florence,al,108055.68783984713,lauderdale,2567688400.0,,voluntary non-profit - other,yes,pneumonia,pn-7,pneumonia patients assessed and given influenza vaccination,88%,85 patients,al_pn-7
87,,,205 marengo street,empty,empty,florence,al,35631.0,lauderdale,14930536161.906918,acute care hospitals,,yes,,,surgery patients who were taking heart drugs called beta blockers before coming to the hospital who were kept on the beta blockers during the period just before and after their surgery,96%,107 patients,al_scip-card-2
88,10006.0,eliza coffee memorial hospital,205 marengo street,empty,empty,florence,al,35631.0,lauderdale,2567688400.0,acute care hospitals,voluntary non-profit - other,yes,surgical infection prevention,scip-inf-1,surgery patients who were given an antibiotic at the right time (within one hour before surgery) to help prevent infection,99%,457 patients,al_scip-inf-1
89,10006.0,eliza coffee memorial hospital,205 marengo street,empty,empty,florence,al,35631.0,,12839113708.464045,acute care hospitals,voluntary non-profit - other,yes,surgical infection prevention,scip-inf-2$,surgery patients who were give%n the  right kin%d  of antibiotic to help prevent infection,99%,462 patients,al_scip-inf-2
90,10006.0,eliza coffee memorial hospital,205 marengo street,,empty,florence,,,lauderdale,2567688400.0,acute care hospitals,voluntary non-profit - other,yes,surgical infection prevention,scip-inf-3,surgery patients whose preventive antibiotics were stopped at the right time (within 24 hours after surgery),94%,439 patients,al_scip-inf-3
91,10006.0,eliza coffee memorial hospital,205 marengo street,empty,,florence,al,35631.0,%lauderdale,,acute care hospitals,voluntary non-profit - other,,surgical infection pr??evention,scip-inf-4,all heart surgery patients whose blood sugar (blood glucose) is kept under good control in the days right after surgery,89%,130 patients,al_scip-inf-4
92,10006.0,,205 marengo street,,empty,florence,al,35631.0,lau@@derd??ale,2567688400.0,acute care%$ hospitals,voluntary non-profit - other,yes,surgical infection prevention,scip-inf-6,surgery patients needing hair removed from the surgical area before surgery who had hair removed using a safer method (electric clippers or hair removal cream c not a razor),100%,619 patients,al_scip-inf-6
93,58568.710284247674,eliza coffee memorial hospital,205 ma@@rengo street,#emp$ty,empty,florence,al,207635.09052075335,laud%erdale@@,2567688400.0,acute care hospitals,,yes,surgical i@@nfection p#revention,,surgery patients whose doctors ordered treatments to prevent blood clots after certain types of surgeries,,242 patients,al_scip-vte-1
94,10006.0,eliza coffee memorial hospital,205 marengo street,empty,empty,florence,a#l#,,lauderdale,2567688400.0,acute care hospitals,voluntary non-profit - other,ye#%s,surgical infection prevention,,patients who got treatment  at the right time (within 24 hours before or after their surgery) to help prevent blood clots after certain types of surgery,92%,2@@42 pat%ients,al_scip-vte-2
95,,mizell memorial hospital,$702 @@n main st,empty,empty,opp,#a??l,192007.36977696282,,,acute care hospitals,,no,,ami-1,heart attack patients given aspirin at arrival,60%,5 patients,al_ami-1
96,10007.0,mizell memorial hospital,702 n main st,empty,empty,opp,al,36467.0,covington,3344933541.0,,voluntary non-profit - p%rivate,no,heart attack,$am#i-2,heart attack patients given aspirin at discharge,50%,2 patients,al_ami-2
97,41211.70668019999,mizell memorial hospital,702 n main st,empty,emp$ty,opp,al,36467.0,covi#%ngton,3344933541.0,acute care hospitals,voluntary non-profit - private,no,,@@$ami-3,heart attack patients given ace inhibitor or arb for left ventricular systolic dysfunction (lvsd),,0 patients,al_ami-3
98,10007.0,mizell memorial h??ospital@@,702 n main st,empty,empty,opp,al,36467.0,covington,3344933541.0,acute care h@@o@@spitals,voluntary non-profit - private,,heart attack,#ami-4,heart attack patients given smoking cessation advice/counseling,empty,0 patients,al_ami-4
99,10007.0,mizell memorial hospital,702 n main st,empty,empty,opp,al,36467.0,covington,3344933541.0,acute care hospitals,voluntary non-profit - private,no,heart attack,ami-5#,heart attack patients given beta blocker at discharge,100%,2 patients,al_ami-5
100,10007.0,,702 n main st,empty,??empty,,al,36467.0,covington,3344933541.0,acute care hospitals,voluntary non-profit - private,no,heart@@ attac$k,ami-7a,heart attack patients given fibrinolytic medication within 30 minutes of arrival,empty,0 patients,al_ami-7a
101,10007.0,mizell memorial hospital,702 $n main st,empty,,o#pp,al,36467.0,covington,3344933541.0,,voluntary non-profit - private,no,heart attack,ami-8a,heart attack patients given pci within 90 minutes of arrival,empty,0 patients,al_ami-8a
102,,mizell memorial hospital,,e??mpty,empty,opp,al,36467.0,covi??ngton,3344933541.0,acute care hospitals,vol$@@untary non-profit - private,@@#no,heart failure,hf-1,heart failure patients given discharge instructions,98%,59 patients,al_hf-1
103,10007.0,mizell memorial hospital,##702 n main st,empty,empty,opp,a%l,36467.0,covington,3344933541.0,acute care hospitals,voluntary non-profit - private,no,heart failure,hf-2,heart failure patients given an evaluation of left ventricular systolic (lvs) function,87%,76 patients,al_hf-2
104,34586.85573191929,,702 n main st,empty,empty??,,al,,covington,3344933541.0,acute care hospitals,voluntary non-profit - private,no,heart failure,hf-3,heart failure patients given ace inhibitor or arb for left ventricular systolic dysfunction (lvsd),64%@@,14 patients,al_hf-3
105,10007.0,mizell memorial hospital,702 n mai$n st,empty,empty,opp,al,170649.9358951046,covington,3344933541.0,acute care @@hospitals,voluntary non-profit - private,no,heart failure,hf-4,heart failure patients given smoking cessation advice/counseling,100%,8 patients,
106,10007.0,mizell memorial hospital,70#2 n main $st,empty,empty,opp,al,142172.20774115034,covington,3344933541.0,acute care hospitals,voluntary non-profit - private,no,pneumonia,pn-2,pneumonia patients assessed and given pneumococcal vaccination,??87#%,85 patients,al_pn-2
107,10007.0,mizell memorial hospital,702 n@@ ma@@in st,,empty,opp,al%,36467.0,c@%@ovington,14986966866.82003,,voluntary non-profit - private,no,pneumonia,pn-3b,pneumonia patients whose initial emergency room blood culture was performed prior to the administration of the first hospital dose of antibiotics,78%,64 patients,al_pn-3b
108,10007.0,mizell memorial hospital,702 n main st,empty,,opp,,,covington,3344933541.0,,voluntary non-profit - private,no,pneumonia,,pneumonia patients given smoking cessation advice/counseling,100%,,a#l_pn-4
109,56919.14243591605,mizell memorial hospital,702 n main st,empty,empty,opp,al,36467.0,coving??ton,3344933541.0,acute care hospitals,voluntary non-profit - private,no,pneumonia,pn-5c#,pneumonia patients given initial antibiotic(s) within 6 hours after arrival,95%,@@87 patien??ts,al_pn-5c
110,10007.0,mizell memorial hospital,702 n main st,%emp#ty,empty,opp,al,36467.0,covington,3344933541.0,acute care hospitals,voluntary non-profit - private,no,p%neumonia,pn-6,pneumonia patients given the most appropriate initial antibiotic(s),88%,,al_p??n%-6
111,10007.0,mizell memorial hospital,,empty,empty,op%p,al,36467.0,covington,3344933541.0,acute care hospitals,voluntary non-profit - private,$no,pneumonia,pn-7,pneumonia patients assessed and given influenza vaccination,90%,63 patients,al_pn-7
112,10007.0,mizell memorial hospital,702 n main st,empty,empty,opp,al,36467.0,covington,3344933541.0,,voluntary non-profit - private,n@@o$,surgical infection prevention,scip-card-2,surgery patients who were taking heart drug@@s called beta blockers before coming to the hospital who were kept on the beta blockers during the period just before and after their surgery,91%,,al_scip-card-2
113,10007.0,mizell memorial hospital,702 n main st,%empty,empty,opp,,,covington,3344933541.0,acute care hospitals,voluntary non-profit - private,no,surgical infection prevention,scip-inf-1,surgery patients who were given an antibiotic at the right time (within one hour before surgery) to help prevent infection,88%,101 patients,al_scip-inf-1
114,10007.0,mizell memorial hospital,702 n main st,empty,empty,opp,al,36467.0,covington,3344933541.0,acute care hospitals,voluntary non-profit - private,no,surgical infection prevention,scip-inf-2,surgery patients who were given the  right kind  of antibiotic to help prevent infection,91%,,al_scip-inf-2
115,,mizell memorial hospital,,empty,,,a??l#,36467.0,covington,3344933541.0,acute care hospitals,voluntary non-profit - private,no,,scip-inf-3,surgery patients whose preventive antibiotics were stopped at the right time (within 24 hours after surgery),93%,100 patients,al_scip-inf-3
116,10007.0,mizell memorial hospital,702 n main st,,,opp,al,36467.0,covington,3344933541.0,acute care hospitals,voluntary non-profit - private,no,surgical infection prevention,scip-inf-4,all heart surgery patients whose blood sugar (blood glucose) is kept under good control in the days right$ after@@ surgery,empty,0 patients,al_scip-inf-4
117,10007.0,mizell memorial hospital,702 n main st,empty,empty,opp,al,,covington,3344933541.0,acute care hospitals,voluntary non-profit - private,no,surgical infection prevention,scip-inf-6,surgery patients needing hair removed from the surgical area before surgery who had hair removed using a safer method (electric clippers or hair removal cream c not a razor),100%,123 patients,al_scip-inf-6
118,10007.0,mizell memorial hospital,702 n main st,empty,empty,,%al,36467.0,covington,17856228095.725414,acute care hospitals,voluntary non-profit - private,no??,surgical infection prevention,scip-vte-1,surgery patients whose doctors ordered treatments to prevent blood clots after certain types of surgeries,87%,77 patients,al_scip-vte-1
119,10007.0,mizell memorial hospital,702 n main st,empty,empty,opp,,36467.0,covington,,acute care hospitals,voluntary non-profit - private,no,surgical infection prevention,scip-vte-2,patients who got treatment  at the right time (within 24 hours before or after their surgery) to help prevent blood clots after certain types of surgery,,76 patients,al_scip-vte-2
120,10008.0,crenshaw community hospital,101# hospital ??circle,empty,empty,luverne,al,36049.0,crenshaw,3343353374.0,acute care hospitals,,yes,heart attack,ami-1,heart attack patients given aspirin at arrival,0%,1 patients,al_ami-1
121,,crenshaw community hospital,,empty,empty,luverne,al,36049.0,crenshaw,3343353374.0,acute care hospitals,govern??ment - federal,,,ami-2,heart attack patients given aspirin at discharge,100%,,al_ami-2
122,10008.0,crenshaw community hospital,101 hospital circle,empty,empty,luverne,al,160229.530798475,crenshaw,3343353374.0,acute care hospitals,government - federal,yes,he??%art attack,ami-3,heart attack patients given ace inhibitor or arb for left ventricular sys%tolic dysfunction (lvsd),empty,0 patients,al_ami-3
123,10008.0,crenshaw community hospital,,empty,empty,,al,36049.0,crenshaw,3343353374.0,acute care hospitals,government - federal,yes,heart attack,ami-4,heart attack patients given smoking cessation advice/counseling,empty,0 patients,al_ami-4
124,10008.0,,101 hospital circle,empty,empty,luverne,al,36049.0,crenshaw,3343353374.0,acute care hospitals,government - federal,yes,heart attack,ami-5,heart attack patients given beta blocker at discharge,0%,1 patients,al_ami-5
125,10008.0,crenshaw community hospital,101 hospital circle,empty,e$mpty,luverne,al,36049.0,crenshaw,3343353374.0,acute care hospitals,,ye#s,heart attack,ami-7a,heart attack patients given fibrinolytic medication within 30 minutes of arrival,empty,0 patients,al_ami-7a
126,10008.0,,101 hos@@$pital circle,empty,empty,luve$rn@@e,al,167301.56932425828,crenshaw,,acute care hospitals,government - federal,yes,heart attack,ami-8a$,heart attack patients given pci within 90 minutes of arrival,,0 patients,
127,,crenshaw community hospital,101 hospital circle,em??pty,empty@%@,luverne,a@@l,36049.0,crenshaw,3343353374.0,acute care hospitals,,yes,heart failure,,heart failure patients given discharge instructions,4%,26 patients,al_h#f-1
128,10008.0,crenshaw community hospital,,empty,empty,luverne,al??,36049.0,crenshaw,3343353374.0,acute care hospitals,government - federal,yes,heart failure,hf-2,heart failure patients given an evaluation of left ventricular systolic (lvs) function,72%,39 patients,@@al_hf-$2
129,10008.0,crenshaw community hospital,%101 hospital circl@@e,empty,empty,luverne,al,,crenshaw,12872467241.402287,acute care hospitals,government - fede#ra@@l,,heart failure,hf-3,heart failure patients given ace inhibitor or arb for left ventricular systolic dysfunction (lvsd),75%,8 patients,al_hf-3
130,10008.0,crenshaw community hospital,101 hospital circle,empty,empty,luv$er$ne,al,36049.0,c%renshaw,,acute care hospitals,government - federal,yes,heart failure,hf-4,heart failure patients g#iven smoking cessation# advice/counseling,,5 patients,al_hf-4
131,10008.0,crenshaw community hospital,101 hospital circle,empty,empty,luverne,al,36049.0,crenshaw,3343353374.0,acute care hospitals,government - federal,,pneumonia,pn-2,pneumonia patients assessed and given pneumococcal vaccination,2%5%@@,16 patients,al_pn-2
132,10008.0,crenshaw community hospital,101 hospital circle,,empty,luverne,al,36049.0,crenshaw,3343353374.0,acute care hospitals,government - federal%$,yes,pneumonia,pn-3b,pneumonia patients whose initial emergency room blood culture was performed prior to the administration of the first hospital dose of antibiotics,93#%,15 patients,al_pn-3b
133,10008.0,crenshaw community hospital,101 hospital circle,empty,em#pty#,luverne,al,36049.0,crenshaw,3343353374.0,acute care hospitals,,yes,pneumonia,pn-4,pneumonia patients given smoking cessation advice/counseling,,9 patients,al_pn-4
134,10008.0,crenshaw community hospital,101 hospital circle,empty,empty,luverne,al,36049.0,crenshaw,3343353374.0,acute care hospitals,government - federal,yes,pneumonia,pn-5c,pneumonia patients given initial antibiotic(s) within 6 hours after arrival,95%,21 patients,al_pn-5c
135,42645.34811625075,crenshaw community hospital,101 hospital circle,empty,empty,luverne,al,36049.0,cre%nsh??aw,14261071253.915966,acute care hospita%ls#,government - federal,yes,pneumonia,pn-6,pneumonia patients given the most appropriate initial antibiotic(s),62%,21 patients,al_pn-6
136,,crenshaw community hospital,101 hospital circle,,empty,luverne,al,36049.0,crenshaw,3343353374.0,acute care hospitals,government - federal,yes,pneumonia,pn-7,pneu#monia patien??ts assessed and given influenza vaccination,47%,15 patients,al_pn-7
137,10008.0,crenshaw community hospital,101 hospital circle,empt#y,empty,luverne,al,36049.0,crenshaw,19652185398.62957,acute care hospitals,,yes,surgical infection prevention,sci#p-card-2,,100%,1 patients,al_scip-card-2
138,,,101 hospital circle,empty,empty,luverne,al,36049.0,crenshaw,3343353374.0,acute care hospitals,government - federal,yes,surgical infection prevention,scip-inf-1,surgery patients who were given an antibiotic at the right time (within one hour before surgery) to help prevent infection,100%,2 patients,al_scip-inf-1
139,10008.0,crenshaw community hospital,101 hospital circle,em%pty,empty,luverne,al,,crenshaw,16225367225.394566,,government - federal,yes,surgical infection prevention,scip-inf-2,,100%,2 pa@@tients%,al_scip-inf-2
140,10008.0,crenshaw community ho@@spi??tal,101 hospital circle,e??mpty,empty,luverne,al,141429.683796328,crenshaw,3343353374.0,acute care hospitals,government - federal,yes,,scip-inf-3,surgery patients whose preventive antibiotics were stopped at the right #time (within 24 hours after surgery),100%,2 patients,al_scip-inf-3
141,10008.0,crenshaw community hospital,101 hospital circle,empty,empty,luverne,??al$,36049.0,crenshaw,3343353374.0,acute care hospitals,government - federal,yes,surgical infection prevention,scip-inf-4,,empty,0 patients,al_scip-inf-4
142,10008.0,crenshaw community hospital,101 hospital circle,empty,empty,luverne,al@@??,36049.0,crenshaw,3343353374.0,acute care hospitals,,yes,surgical infection prevention,scip-inf-6,,100%,4 patients,al_scip-inf-6
143,10008.0,crenshaw community hospital,101 hospital circle,empty,empty,luverne,al,,crenshaw,3343353374.0,acute care hospitals,government - ??federal,yes,surgical infection prevention,scip-vte-1,surgery patients whose doctors ordered treatments to prevent blood clots after certain types of surgeries,100%,4 pati????ents,al_#scip-vte-1
144,10008.0,crenshaw community hospital,101 hospital circle,empty,empty,luvern#e#,al,36049.0,,3343353374.0,acute care hospitals,government - federal,ye#s,surgical infection prevention,scip-vte-2,patients who got tre%atment  at the right time (within 24 hours before or after their surgery) to help prevent blood clots after certain types of surgery,100%,4 patients,al_scip??-vte-2
145,10009.0,hartselle medical center,201 pine street northwest,empty,empty,hartselle,al,35640.0,morgan,2567736511.0,acute care hospitals,proprietary,yes,heart atta??ck,,%heart attack patients given aspirin at arriva%l,100%,6 patients,
146,59378.55857284013,hartselle medical center,201 pine street northwest,empty,,hartselle,al,35640.0,morgan,2567736511.0,acute care hospitals,proprietary,yes,heart attack,ami-2,heart attack patients given aspirin at discharge,100%,1 patients,
147,10009.0,hartselle medical center,201 pine street northwest,empty,empty,hartselle,al,,morgan,2567736511.0,acute care hospitals,proprietary,,heart attack,ami-3,heart attack patients given ace inhibitor or arb for left ventricular systolic dysfunction (lvsd),,1 patients,
148,10009.0,hartselle medical center,201 pine street northwest,empty,e%#mpty,hartselle,al,35640.0,morgan,,acute care hospitals,proprietary,yes,heart attack,ami-4,,100%,2 patients,al_ami-4
149,10009.0,hartselle medical center,201 pine street northwest,,empty,hartselle,al,35640.0,morgan,2567736511.0,acute care hospitals,propri#et??ary,yes,heart attack,??ami-5,heart attack patients given beta blocker at discharge,100%,3 patients??,al_ami-5
150,10009.0,hartselle medical center,201 pine street northwest,em$pty@@,empty,hartselle,al,,morgan,2567736511.0,acute care hospitals,proprietary,yes,heart attack,ami-7a,,empty,0 patients%,al_ami-7a
151,10009.0,hartselle medical center,201 pine street northwest,empty,empty,hartse@@lle,a??l,35640.0,morgan,2567736511.0,acute care hospitals,proprietary,ye#%s,heart attack,am$i-8@@a,heart attack patients given pci within 90 minutes of arrival,empty,0 patients,al_ami-8a
152,10009.0,hartselle medical center,201 pine street northwest,empty,empty,hartselle,al,35640.0,morgan,2567736511.0,acute care hospitals,proprietary,yes,heart failure,hf-??$1,heart failure patients given discharge instructions,97%,35 patients,al_hf-1
153,10009.0,hartselle medical center,201 pine street northwest,empty,empty?#?,h$artsel%le,al,35640.0,morgan,2567736511.0,,proprietary,yes,heart failure,hf-2,heart failure patients given an evaluation of left ventricular systolic (lvs) function,98%,42 patients,a#l_hf-2
154,38702.21648581151,hartselle medical center,,empty,empty,hartselle,al,35640.0,morgan,2567736511.0,acute care hospitals,proprietary,y@@es@@,hear$t failure,hf-3,heart failure patients given ace inhibitor or arb for left ventricular systolic dysfunction (lvsd),100%,10 patients,al_hf-3
155,10009.0,hartselle medical center,201 pine street northwest,empty,empty,hartselle,al,35640.0,morgan,2567736511.0,acute care hospitals,proprietary,yes,heart failure,hf-4,heart failure patients given smoking cessation advice/counseling,100%,12# patients,al??_hf-4%
156,44739.26997785455,hartselle medical center,201 pine street northwest,empty,empty,,al,35640.0,morgan,2567736511.0,,proprietary,yes,,pn-2,pneumonia patients assessed and given pneumococcal vaccination,98%,44 patients,al_pn-2
157,10009.0,,201 pine street northwest,e@@mpty,empty,hartselle,al,35640.0,morgan,,acute care hospitals,proprietary,yes,pneumonia,pn-3b,pneumonia patients whose initial emergency room blood culture was performed prior to the administration of the first hospital dose of antibiotics,100%,30 patients,al_pn-3b
158,10009.0,hartselle medical center,,empt%y,empty,hartselle,al,35640.0,morgan,2567736511.0,acute care hospitals,proprietary,yes,pneumonia,,pneumonia patients given smoking c#essation %advice/counseling,100%,25 patients,al_pn-4
159,10009.0,,201 pine street northwest,empty,,hartselle,al,35640.0,morgan,,acute care hospitals,proprietary,yes,%$pneumonia,pn-5%c,pneumonia patients given initial antibiotic(s) within 6 hours after arrival,98%,51 patients,al_pn-5c
160,10009.0,hartselle medical center,201 pine street northwest,empty,empty,hartselle,a$#l,35640.0,,2567736511.0,acute care hospitals,proprietary,yes,pneumonia,pn-6%,pneumonia patients given the most appropriate initial antibiotic(s),100%,45 patients,al_pn-6
161,10009.0,,201 pine street northwest,empty,empty,h$artselle,al,35640.0,morgan,2567736511.0,acute care hospitals,,??#yes,pneumonia,pn-7,pneumonia patients assessed and given influenza vaccination,97%,30 patients,al_pn-7
162,10009.0,hartselle medical center,201 pine street northwest,empty,empty,hartselle,a@#@l,191951.95452427623,morgan,2567736511.0,acute care hospitals,proprietary,yes,,,surgery patients who were taking heart drugs called beta blockers before coming to the hospital who were kept on the beta blockers during the period just before and after their surgery,??67%,,al_scip-card-2
163,10009.0,hartselle medical cent@@er@@,201 pine street northwest,empty,,hartselle,al,35640.0,morgan,2567736511.0,,proprietary,yes,surgical infection prevention,scip-inf-1,surgery patients who were given an antibiotic at the right time (within one hour before surgery) to help prevent infection,,,al_scip-inf-1
164,10009.0,hartselle medical center,201 pine street northwest,empty,empty,hartselle,al,35640.0,morgan,8961398760.618904,acute care# hospitals,proprietary,yes,surgical infection prevention,scip-inf-2,surgery patients who were given the  right kind  of antibiotic to help prevent infection,57%,7 patients,al_scip-inf-2
165,10009.0,,201 pine street northwest,empty,emp@@ty@@,hartselle,al,35640.0,morgan,2567736511.0,acute care hospitals,proprietary,yes,surgical infection prevention,scip-inf-3,surgery patients whose preven#tive antibiotics were stopped at the right time (within 24 hours after surgery),80%,5 patients,al_scip-inf-3
166,10009.0,hartselle medical center,201 pine$ street northwe$st,empty,emp@@#ty,hartselle,,35640.0,morgan,2567736511.0,acute care hospitals,propr##ietary,yes,surgical infection prevention,scip-inf-4,all heart surgery patients whose blood sugar (blood glucose) is kept under good control in the days right after surgery,empty,,al_scip-inf-4
167,60040.197223949865,hartselle me$dical ce@@nter,201 pine street northwest,empty,empty,hartselle,al,,morgan,2567736511.0,acute care hospitals,prop$riet$ary,,surgical infection prevention,scip-inf-6,surgery patients needing hair removed from the surgical area before surgery who had hair removed using a safer method (electric clippers or hair removal cream c not a razor),100%,11 patients,al_scip-inf-6
168,10009.0,hartselle medical center,201 pine street northwest,empty,empty,hartselle,al,35640.0,morgan,2567736511.0,acute care @@hospitals,proprietary,,surgical infection prevention,scip-vte-1,surgery patients whose doctors ordered treatments to@@ prevent blood clots after certain types of surgeries,78%,9 patients,al_scip-vte-1
169,10009.0,h$artse$lle medical center,201 pine street northwest,empty,empty,hartselle,al,35640.0,,2567736511.0,acute care hospitals,proprietary,yes,surgical infection prevention,scip-vte-2,patients who got treatment  at the right time (within 24 hours before or after their surgery) to help prevent blood clots after certain types of surgery,78%,9 patien#ts,al_scip-vte-2
170,,marshall medical center north,8000 alabama highway 69,empty,empty,guntersville,al,35976.0,marshall,2565718000.0,acute care hospitals,government - hospital district or authority,yes,heart attack,#a$mi-1,heart attack patients given aspirin at arrival,100%,8 patients,al_ami-1
171,,marshall medical center north,8000 alabama highway 69,empty,empty,guntersville,,35976.0,marshall,2565718000.0,,government - hospital district or authority,yes,heart attack,ami-%2,,100%,6 patients,al_ami-2
172,10010.0,marshall medical center north,8000 alabama highway 69,empty,empty,,al,35976.0,marshall,2565718000.0,,government - hospital district or authority,y$e#s,heart attack,ami-3,heart attack patients given ace inhibitor or arb for left ventricular systolic dysfunction (lvsd),50%,2 patients,al_ami-3
173,10010.0,marshall medical center north,8000 alabama highway 69,empty,empty,guntersville,al,201814.87957169014,marshall,2565718000.0,,government - hospital district or authority,yes,,ami-4,heart attack patients given smoking cessation advice/counseling,100%,2 patient#s,al_ami-4
174,10010.0,marshall medical cen#ter north,8000 alabama highway 69,,empty,guntersville,al,,marshall,9389866357.605474,acute care hospitals,government - hospital district or authority,yes,heart attack,ami-5,heart attack patients given beta blocker at discharge,83%,6 patients,al_ami-5
175,10010.0,marshall medical center north,8000 alabama highway 69,empty,empty,guntersville,al,35976.0,m%ars#hall,2565718000.0,acute care hospitals,government - hospital district or authority,yes,heart attack,ami-7a,heart attack patients given fibrinolytic medication within 30 minutes of arrival,empty,0 patients,al_ami-7a
176,10010.0,marshall medical center north,8000 alabama highway 69,empty,empty,guntersville,al,113384.90782153523,marshall,2565718000.0,acute care hospitals,government - hospital district or authority,yes,heart a#tta$ck,ami-8a,heart attack patients given pci within 90 minutes of arrival,empty,0 patients,al_ami-8a
177,10010.0,marshall medical center north,8000 alabama highway 69,empty,empty,guntersville,al,35976.0,mars#hall,,acute care hospitals,government - hospital district or authority,yes,heart failure,hf-1??,heart failure patients given discharge instructions,93%,,al_hf-1
178,10010.0,marshall medical center north,8000 alabama highway 69,empty,empty,guntersville,al,112574.88667343526,marshall,2565718000.0,acute care hospitals,government - hospital district or authority,yes,heart failure,hf-2,heart failure patients given an evaluation of left ventricular systolic (lvs) function,84%,,al_hf-2
179,10010.0,marshall medical center north,8000 alabama highway 69,empty,empty,,al,,marshall,2565718000.0,acute care hospitals,government - hospital district or authority,yes,heart failure,hf-3,heart failure patients given ace inhibitor or arb for left ventricular systolic dysfunction (lvsd),78%,27 patients,al_hf-3
180,10010.0,marshall medical center north,8000 alabama highway 69,empty,,guntersville,al,122526.53222470764,,2565718000.0,acute care hospitals,,yes,heart failure,hf-4,heart failure patients given smoking cessation advice/counseling,100%,10 patients,al_hf-4
181,10010.0,,8000 alabama highway 69,empty,,guntersville,,35976.0,marshall,2565718000.0,acute care hospitals,government - hospital district or authority,yes,pneumonia,pn-2,pneumonia patients assessed and given pneumococcal vaccination,,,al_pn-2
182,10010.0,,8000 alabama highway 69,empty,,guntersville,al,35976.0,marshall,2565718000.0,,government - hospital district or authority,yes,pneumonia,$p%n-3b,pneumonia patients whose initial emergency room blood culture was performed prior to the administration of the first hospital dose of antibiotics,94%,115 patients,al_pn-3b
183,10010.0,marshall medical center north,8000 alaba@@ma highway 69,empty,empty,guntersville,al@@,35976.0,marshall,2565718000.0,,government - hospital district or authority,yes,pneumonia,pn-4,pneumonia patients given smoking cessation advice/counseling,94%%,65 patients,al_pn-4
184,10010.0,marshall medical center north,8000 alabama highway 69,empty,empty,,al,35976.0,marshall,2565718000.0,acute care hospitals,government - hospital district or authority,y%es,pneumonia,pn-5c,pneumonia patients given initial antibiotic(s) within 6 hours after arrival,97%,158 patients,al_pn-5c
185,10010.0,marshall medical center north,8000 alabama highway 69,,empty,guntersville,,,marshall,2565718000.0,,government - hospital district or authority,yes,pneumonia,pn-6,pneumonia patients given the most appropriate initial antibiotic(s),93%,,al_pn-6
186,46111.617253749675,marshall medical center north,8000 alabama highway 69,empty,empty,guntersville,,,,2565718000.0,a$cute care hospitals$,government %- hospital di$strict or authority,yes,pneumonia,@@pn-#7,pneumonia patients assessed and given influenza vaccination,90%,1??01 patients,al_pn-7
187,10010.0,,8000 alabama highway 69,empty,empty,guntersville,al,35976.0,marshall,2565718000.0,acute care hospitals,,,surgical infection prevention,scip-card-2,surgery patients who were taking heart drugs called beta blockers before coming to the hospital who were kept on the beta blockers during the period just before and after their surgery,86%,14 patients,al_scip-card-2
188,10010.0,marshall medical center north,8000 alabama highway 69,empty,emp@@ty,guntersville,al,35976.0,marshall,2565718000.0,acute care hospitals,government - hospit%al district or authority,yes,surgi??cal infection prevention,scip-inf-1,surgery patients who were given an antibiotic at the right time (within one hour before surgery) to help prevent infection,95%,66 patients,al_scip-inf-1
189,10010.0,marshall medical center north,8000 alabama@@ highway 69,empty,empty,guntersville,al,35976.0,marshall,,a#cute care hospitals,government - hospital district or authority,yes,surgical infection prevention,scip-inf-2,surgery patients who were given the  right kind  of antibiotic to help prevent infecti??on,91%,64 patients,al_scip-inf-2
190,,marshall medical center north,8000 alabama highway 69,empty,empty,guntersville,al,35976.0,marshall,2565718000.0,acute care hospitals,government - hospital district or authority,$yes,surgical infection prevention,scip-i%%nf-3,,100%,63 patients,al_scip-inf-3
191,10010.0,marshall medical center north,,emp??$ty,empty,,al,35976.0,marshall,2565718000.0,,government - hospital district or authority,yes,surgical infectio$n prevent$ion,scip$-in#f-4,all heart surgery patients whose blood sugar (blood glucose) is kept under good control in the days right af%ter surgery,empty,0 patients,al_scip-inf-4
192,44420.266803446975,marshall medical center north,8000 alabama highway 69,empty,empty,guntersville,al,35976.0,marshall,2565718000.0,acute care hospitals$,government - hospital district or authority,yes,surgical infection prevention,scip-inf-6,surgery patients needing hair removed from the surgical area before surgery who had hair removed using a safer method (electric clippers or hair removal cream c not a razor),100%,,al_scip-inf-6
193,35522.89811999161,marshall medical center north,8000 alabama highway 69,empty,empty,guntersville,a#l,35976.0,marshall,,acute care hospitals,,,surgical infection prevention,scip-vte-1,surgery patients whose doctors ordered treatments to prevent blood clots after certain types of surgeries,86%,56 patients,al_scip-vte-1
194,10010.0,marshall medical center north,8000 alabama highw%ay 69,,e$mp$ty,guntersville,al,35976.0,marshall,2565718000.0,acute care hospitals,,yes,,scip-vte-2,patients who got treatment  at the right time (within 24 hours before or aft??er% their surgery) to help prevent blood clots after certain types of surgery,84%,56 patients,al_scip-vte-2
195,10011.0,,50 medical park east drive,empty,empty,birmingham,al,,jefferson,2058383122.0,acute care hospitals,voluntary non-profit - private,yes,heart attack,ami-1,heart attack patients given aspirin at arrival,99%,240 patients,al_#ami$-1
196,,st vincents east,50 medical park east drive,empty,empty,birmingham,al,107875.97548449285,jefferson,2058383122.0,acute care hospitals,,yes,%heart attack,,,96%,,al_ami-2
197,44915.00207295231,st vi??n#cents east,,empty,empty,#b#irmingham,a??l,35235.0,jefferson,2058383122.0,acute care hospitals,voluntary non-profit - private,yes,heart attack,ami-3,heart attack patients given ace inhibitor or arb for left ventricular systolic dysfunction (lvsd),91%,70 patients,al_ami-3
198,10011.0,st vincents east,50 medical park east drive,,empty,,al,35235.0,jefferson,,acute care hospitals,voluntary non-profit - private,yes,heart attack,ami-4,heart attack patients given smoking cessation advice/counseling,100%,131 patients,al_ami-4
199,,st vincents east,50 medical park east drive,empty,empty,birmingh#am,al,35235.0,jefferson,2058383122.0,acute care hospitals,voluntary non-profit - private,yes,heart attack,ami-5,heart attack patients given beta blocker at discharge,99%,288 patients,
200,10011.0,,50 medical park east drive,empty,empty,birmingham,al,35235.0,jefferson,2058383122.0,acute care hospitals,voluntary non-profit - private,yes,heart attack,ami-7a,heart attack patients given fibrinolytic medication within 30 minutes of arrival,empty,0 patients,al_ami-7a
201,10011.0,,50 medical park east drive,,empty,birmingham,al,35235.0,,,acute care hospitals,voluntary non-profit - private,yes,heart attack,ami-8a,heart attack patients given pci within 90 minutes of arrival,85%,,al_ami-8a
202,10011.0,st vincents east,50 medical park east drive,empty,empty,birmingham,al,134101.7487903415,jefferson,2058383122.0,acute care hospitals,,y??es,heart failure,hf-1,heart failure patients% given discharge instruc%tions,94%,,al_hf-1
203,,st vincents east,50 medical park east drive,empty,empty,birmingham,$??al,35235.0,jefferson,2058383122.0,,voluntary non-profit - private,,heart failure,hf-2,heart failure patients given an evaluation of left ventricular systolic (lvs) function,98%,372 patients,al_hf-2
204,10011.0,st vincents east,50 medical park east drive,empty,,birming##ham,al,35235.0,jeff??erson,,acute care hospitals,voluntary non-profit - private,yes,heart failure,hf-3,heart failure patients given ace inhibitor or arb for left ventricular systolic dysfunction (lvsd),98%,130 patients,al_hf#%-3
205,10011.0,st vincents east,50 medical park east drive,%em$pty,empty,birmingham,al,35235.0,jefferson,2058383122.0,acute care hospitals,volu@@ntary non-profit - #private,yes,heart failure,hf-4,heart failure patients given smoking cessation advice/counseling,100??$%,,al_hf-@@4
206,10011.0,st@@ vincents eas%t,50 medical park east drive,empty,empty,birmingham,a??l,,,2058383122.0,acute care hospitals,voluntary non-profit - private,yes,p??ne%umonia,pn-2,pneumonia patients assessed and given pneumococcal vaccination,87%,125 patients,al_pn-2
207,38115.90972041085,,50 medical park east drive,empty,empty,,al,35235.0,jefferson,2058383122.0,acute care hospitals,voluntary non-profit - private,yes,pneumonia,pn-3b,pneumonia patients whose initial emergency room blood culture was performed prior to the administration of the first hospital dose of antibiotics,96%,131 patients,al_pn-3b
208,10011.0,,50 medical park east drive,empty,empt@@y,birmingham,al,35235.0,jefferson,2058383122.0,acute care hospitals,,yes,pneumonia,pn-4,pneumonia patients given smoking cessatio#n advice/counseling,100%,69 ??pati@@ents,
209,10011.0,st vincents east,50 medical park east drive,empty,,birmingham,al,35235.0,jefferson,2058383122.0,,voluntary non-profit - private,yes,pneumonia,pn-5c,,95%,135 pat??ients,al_pn-5c
210,10011.0,st vincents east,50 medical park?? east drive,,empty,b$irmingham,al,35235.0,jefferson,2058383122.0,,volunta%ry non-profit - pr#ivate,#yes,pneumonia,,pneumonia patients given the most appropriate initial antibiotic(s),91%,,al_pn-6
211,10011.0,st vincents east,50 medical park east drive,empty,,birmingham,al,35235.0,jefferson,11306015874.55186,acute care hospitals,voluntary non-profit - private,yes,pneumonia,pn-7,pneumonia patients assessed and given influenza vaccination,85%,89 patients,al_pn-7
212,,s%t vincents e@@ast,50 medical park east drive,empty,em$p%ty,birmingham,al,35235.0,jefferson,2058383122.0,acute care hospitals,voluntary non-profit - private,yes,,scip-card-2,surgery patients who were taking heart drugs called beta blockers before coming to the hospital who were kept on the beta blockers during the period just before and after their surgery,83%$??,,al_scip-card-2
213,10011.0,st vincents east,50 medical park east drive,,empty,birmingham,al,,jefferson,2058383122.0,,voluntary non-profit - private,yes,surgical infection prevention,scip-inf-1,surgery patients who were given an antibiotic at the right time (within one hour before surgery) to help prevent infection,97%,461 patients,al_scip-inf-1
214,10011.0,st vincents east,50 medical park east drive,,,birmingham,al,,jefferson,2058383122.0,acute care hospitals,voluntary non-profit - private,yes,surgical infection prevention,scip-inf-2,surgery patients who were given the  right kind  of antibiotic to help prevent infection,98%,473 patients,al_scip-inf-2
215,10011.0,st vincents east,50 medical park east drive,empty,empt?%?y,birmingham,,35235.0,jefferson,2058383122.0,acute care hospitals,voluntar@@y non-profit - priv$ate,yes,surgical infection prevention,scip-inf-3,surgery patients whose preventive antibiotics were stopped at the right time (within 24 hours after surgery),81%,442 patients,al_scip-inf-3
216,53733.014034363005,st vincents east,50 medical park east drive,empty,empty@@,birmingham,al,35235.0,jefferson,2058383122.0,acute care hospitals,voluntary non-profit - private,yes,surgical infection prevention,scip-inf-4,all heart surgery patients whose blood sugar (blood glucose) is kept under good control in the days right after surgery,%60%,127 patients,al_scip$-i#nf-4
217,10011.0,st vincents east,50 medical park east drive,empty,empty,birmingham,al,35235.0,jefferson,,acute care hospitals,$voluntary non-profit - private,yes,surgical infection prevention,scip-inf-6,surgery patients needing hair removed from the surgical area before surgery who had hair removed using a safer method (electric clippers or hair removal cream c not a razor),100%,#601 patie@@nts,
218,10011.0,st vincen$ts east@@,50 medical park east drive,empty,empty,birmingham,al,35235.0,jefferson,2058383122.0,acute care hospitals,voluntary non-profit - private,yes,surgical infection prevention,scip-vte-1,surgery patients whose doctors ordered treatments to prevent blood clots after certain types of surgeries,89%,229 patients,al_scip-vte-1
219,10011.0,st vincents east,50 medical park east drive,empty,,birmingham,al,35235.0,jefferson,,acute care hospitals,voluntary non-profit - private,,surgical infection prevention,scip-vte-2,patients who got treatment  at the right time (within 24 hours before or after their surgery) to help prevent blood clots after certain types of surgery,83%,224 patients,al_scip-vte-2
220,10012.0,dekalb regional medical center,2@@00 med center drive,empty,,fort payne,al,35968.0,,2568453150.0,acute care hospitals,,,heart attack,ami-1,heart attack patients given aspirin at arrival,100%,46 patients,
221,10012.0,dekalb regional medical center,200 med center drive,empty,empty,,al,148148.59239136495,de kalb,2568453150.0,acute care hospitals,voluntary non-profit - church,,heart attack,ami-2,heart attack patients given aspirin at discharge,95%,39 patients,al_ami-2
222,34732.312005334556,dekalb regional medical center,200 med center drive,empty,@@empty,@@fort payn@@e,,,de kalb,12974730548.265526,acute care hospitals,voluntary non-profit - church,yes,heart attack,ami-3,heart attack patients given ace inhibitor or arb for left ventricular systolic dysfunction (lvsd),91%,11 patients,al_ami-3
223,59632.11712066299,d??ekalb regiona$l medical center,200 med center drive,empty,empty,fort payne,al,35968.0,de kalb,2568453150.0,acute care hospitals,voluntary non-profit - church,yes,heart attack,,heart attack patients given smokin@@g %cessation advice/counseling,100%,14 patients,
224,10012.0,dekalb regional medical center,200 med center drive,empty,empty,fort payne,al,,de kalb,2568453150.0,acute care hospitals,voluntary non-profit - church,yes,heart attack,ami-5,heart attack patients given beta blocker at discharge,95%,41 patients,al_ami-5
225,10012.0,dekalb regional medical center,200 med center drive,empty,emp??ty,fort payne,al,,,2568453150.0,acute care hospitals,voluntary non-profit - church,yes,,??ami-7a,heart attack patients given fibrinolytic medication within 30 minutes of arrival,,1 patients,al_ami-7a
226,57983.56984942165,dekalb regional medical center,200 med center drive,empty,empty,f#ort payne,al,35968.0,de kalb,2568453150.0,acute care hospitals,voluntary non-profit - church,yes,heart attack,ami-8a,heart attack patients given pci within 90 minutes of arrival,40%,,al_ami-8a
227,10012.0,,200 med center drive,,empty,fort payne,al,35968.0,de kalb,2568453150.0,acute care hospitals,voluntary@@ non-pro@@fit - church,,,hf-1,heart failure patients given discharge instructions,89%,76 patients,al_hf-1
228,10012.0,dekalb regional medical center,200 med center drive,empty,empty,fort payne,al,35968.0,,2568453150.0,acute care hospitals,voluntary non-profit - church,yes,heart @@failure,hf-2,heart failure patients given an evaluation of left ventricular systolic (lvs) function,10??0%,94 patients,
229,10012.0,deka%lb regional medi$cal center,200 med center drive,empty,empty,,al,35968.0,de kalb,2568453150.0,acute care hospitals$#,voluntary non-profi%t - churc$h,yes,heart failure,hf-3,heart failure patients given ace inhibitor or arb for left ventricular systolic dysfunction (lvsd),94%,3%6$ patients,al_hf-3
230,37456.371222930975,dekalb regional medical center,200 med center drive,empty,empty,fort payne,al,35968.0,de kalb,2568453150.0,acute# care hospitals,voluntary non-profit - church,yes,heart failure,hf-4@??@,heart failure patient#s given smoking cessation advice/counseling,100%,15 patie%nts,al_hf-4
231,10012.0,dekalb regional medical center,200 med center drive,emp%ty,,fort payne,al,35968.0,de kalb,2568453150.0,acute care hospitals,voluntary non-profit - church,,pneumonia,pn-2,pneumonia patients assessed and given pneumococcal vaccination,97%,69 patients,al_pn-2
232,10012.0,dekalb regional medical center,200 med center drive,,empty,fort payne,a%l$,35968.0,de kalb,2568453150.0,acute care hospitals,voluntary non-profit - church,yes,pneumonia,pn-3b,pneumonia patients whose initial emergency room blood culture was performed prior to the administration of the first hospital dose of antibiotics,93%,91 patients,
233,10012.0,,200 med center drive,empty,empty,fort payne,al,35968.0,de kalb,2568453150.0,acute care hospitals,voluntary non-profit - church,yes,pneumonia,pn-4,,100%,37 patients,al_pn-4
234,10012.0,dekalb regional medical center,200 m%ed center drive??,empty,empty,fort payne,al,35968.0,de kalb,2568453150.0,acute care hospitals,voluntary non-profit - church,yes,pneumonia,pn-5c,pneumonia patients given initial antibiotic(s) within 6 hours after arrival,99%,88 patients,al_pn-5c
235,10012.0,dekalb regional medica#l ce%nter,200 med center drive,,empty,fort payne,,35968.0,de kalb,2568453150.0,acute care hospitals,voluntary non-profit - church,yes,pneumonia,pn-6,pn$eumonia patients given the mo@@st appropriate initial antibiotic(s),88%,82 patients,al_pn-6
236,,dekalb regional medical center,200 med center drive,empty,empty,fort payne,@@al$,35968.0,de kalb,2568453150.0,acute care hospitals,volun%tary non-??profit - church,yes,pneumonia,pn-7,pneumonia patients assessed and given influenza vaccination,98%,,al_pn-7
237,10012.0,dekalb regional medical center,200 med center drive,empty,empty,fort %payne,al,35968.0,de kalb,15075542291.095903,acute care hospitals$,voluntary non-profit - church,yes,,scip-card-2,surgery patients who were taking heart drugs called beta blockers before coming to the hospital who were kept on the beta blockers during the period just before and after their surgery,100%,16 patients,al_scip-card-2
238,50808.96913557176,dekalb regional medical center,200 med center drive,emp$@@ty,empty,fort payne,al#,35968.0,de kalb,14226808271.673952,acute care hospitals,voluntary non-profit - church,,surgical infection prevention,scip-inf-1,surgery patients who were given an antibiotic at the right time (within one hour before surgery) to help prevent infection,97%,139 patients,al_scip-inf-1
239,10012.0,dekalb regional medical center,200 med center drive,empty$#,empty,fort payne,al,35968.0,de kalb,2568453150.0,acute care hospitals,voluntary non-profit - church,,surgical infection prevention,scip-inf-2,surgery patients who were given the  right kind  of antibiotic to help prevent infection,99%,147 patients,
240,10012.0,dekalb regional medical center,200 med ce#nter drive,e#mpty$,empty,fort payne,al,35968.0,de kalb,2568453150.0,acute care hospitals,voluntary non-profit - church,,surgical infection prevention,scip-inf-3,surgery patients whose preventive antibiotics were stopped at the right time (within 24 hours after surgery),98%,136 patients,al_scip-inf-3
241,43023.18861508234,dekalb regional medical center,200 med center drive,empty,empty,fort payne,al,35968.0,de kalb,2568453150.0,acute care hospitals,voluntary non-profit - church,@@yes$,surgical infection prevention,scip-inf-4,all heart surgery patients whose blood sugar (blood glucose) is kept under good control in the days right after surgery,empty,0 patients,
242,59140.77571287113,dekalb regional medical center,,empt??y,,fort payne,al,35968.0,de kalb,,acute care hospitals,voluntary non-profit - church,yes,surgical infection prevention,,surgery patients needing hair removed from the surgical area before surgery who had hair removed using a safer method (electric clippers or hair removal cream c not a razor),100%,179 patients,al_scip-inf-6
243,10012.0,dekalb %regional me@@dical center,200 med center drive,,empty,,al,35968.0,de kalb,9692804234.120049,acute care hospitals,voluntary non-profit - church,yes,surgical infection prevention,scip-vte-1,surgery patients whose doctors ordered treatments to prevent blood clots after certain types of surgeries,97%,90 patients,al_scip-vte-1
244,10012.0,dekalb regional medical center,200 med center drive,empty,empty,fort payne,al,35968.0,,2568453150.0,acute care hospitals,,yes,surgical infection prevention,scip-vte-2,patients who got treatment  at the right time (within 24 hours before or after their surgery) to help prevent blood clots after certain types of surgery,97%,90 patients,al_scip-vte-2
245,10015.0,southwest alabama medical center,33700 highway 43,empty,empty,thomasville,al,160256.619851175,clarke,3346366221.0,acute care hospitals,government - federal,yes,heart attack,ami-1,heart attack patients given aspirin at arrival,emp#%ty,,al_ami-1
246,10015.0,southwest alabama medical center,33700 highway 43,empty,empty,thomasville,al,36784.0,clarke,3346366221.0,,government - federal,yes,,ami-2,heart attack patients given aspirin at discharge,empty,0 patients,al_ami-2
247,10015.0,southwest alabama medical% center,33700 highway 43,empty,empty,thomasville,,153496.6425688464,clarke,3346366221.0,acute care hospitals,government - federal,ye#s#,heart attack,ami-3,heart attack patients given ace inhibitor or arb for left ventricular systolic dysfunction (lvsd),empty,0 patients,al_ami-3
248,,southw??est alabama medical center,33700 highway 43,e#mpt$y,emp#ty,tho#masvi$lle,al,36784.0,clarke,3346366221.0,acute care hospitals,government - federal,yes,,ami-4,heart attack patients given smoking cessation advice/counseling,empty,0 patients,al_ami-4
249,46248.3782376834,southwest alabama medical center,33700 highway 43,empty,empty,thomasville,,36784.0,clarke,3346366221.0,acute care hospita$ls,government - federal,yes,heart attack,ami-5,heart attack patients given beta blocker at discharge,,0 patients,al_ami-5
250,10015.0,southwest alabama medical center,33700 highway 43,empty,empt%y,thomasville,al,36784.0,clarke,3346366221.0,acute care hospitals,government - federal,yes,heart attack,ami-7a,heart attack patients given fibrinolytic medication within 30 minutes of arrival,empty,0 patients,
251,10015.0,southwest alabama medical center,,empty,empty,thomasville,al,36784.0,??clarke,13981480851.173584,acute care hospitals,government - federal,yes,heart attack,ami-8a,heart attack patients given pci within 90 minutes of arrival,empty,0 patients,al_ami-8a
252,10015.0,southwest alabama medical center,33700 highway 43,empty,empty,thomasville,al$,36784.0,clarke,,acute care hospitals,government - federal,y??es,heart failure,hf-1,,100%,79 pat$ients,al_hf-1
253,10015.0,southwest alabama medical center,3370@@0 highway 43,empty,empty,,al,36784.0,clarke,,#acute ??care hospitals,government - federal,yes,heart failure,hf-2,,89%,91 patients,al_hf-2
254,10015.0,,33700 highway 43,empty,empty,thomasville,,36784.0,,3346366221.0,acute care hospitals,government - federal,yes,,hf-3,heart failure patients given ace inhibitor or arb for left ventricular systolic dysfunction (lvsd),88%,25 patients,al_hf-3
255,10015.0,southwest alabama medical center,33700 highway 43,$empt#y,empty,thomasville,al,189538.3654661681,clarke,3346366221.0,acute care hospitals,,,heart failure,hf-4,heart failure patients given smoking cessation advice/counseling,,17 patients,al_hf-4
256,10015.0,southwest alabam#a medical cen@@ter,33700 highway 43,empty,empty$,thomasville,al,,clarke,3346366221.0,acute care hospitals,government - federal,yes,pneumonia,pn-2,pneumonia patients assessed and given pneumococcal vaccination,#92%#,25 patients,al_pn-2
257,10015.0,southwest alabama medical center,33700 highway 43,empty,empty,thomasville,al,36784.0,c??@@larke,3346366221.0,acute care hospitals,government - federal,%yes,pneumonia,p#n-3b,pneumonia patients whose initi%al emergency room blood culture was performed prior to the administration of the first hospital dose of antibiotics,96%,24 patients,al_pn-3b
258,,southwest alabama medical center,33700 highway 43,empty,,thomasvill@@e,al,36784.0,clarke,3346366221.0,acute ??ca??re hospitals,government - federal,,pneumonia,pn-4,pneumonia patients given smoking cessation advice/counseling,,6 patients,al_pn-@@4
259,,southwest alabama medical center,33700 highway 43,em##pty,empty,th@@omasville,al,36784.0,clarke,3346366221.0,acute care hospitals,government - federal,yes,,pn-5c,pneumonia patients given initial antibiotic(s) w$ithin 6 hou#rs after arrival,96%,24 patients,al_pn-5c
260,10015.0,southwest alabama medical center,33700 highway 43,empty,empty,thomasville,??a??l,36784.0,clarke,3346366221.0,acute care hospitals,government - federal,yes,pneumonia,pn@@-6,pneumonia patients given the most appropriate initial antibiotic(s),100%,26 patients,al_pn-6
261,10015.0,southwest alabama medical center,33700 highway 43,empty,empty,thomasville,al,157569.17235265896,clarke,3346366221.0,acute care hospitals,government - federal,yes,,pn-7,pneumonia patients assessed and given influenza vaccination,92%,24 patients,al_pn-7
262,10015.0,southwest alabama medical center,33700 highway 43,empty,empty,thomasville,al,36784.0,,3346366221.0,acut%e care hospital%s,government - federal,yes,surgical infection prevention,scip??-card-2,surgery patients who were taking heart drugs called beta blockers before coming to the hospital who were kept on the beta blockers during the period just before and after their surgery,empty,empty,al_scip-card-2
263,10015.0,southwest alabama medical center,33700 highway 43,empty#,empty,thomasville,,36784.0,clarke,3346366221.0,acute care hospitals,government - federal,yes,surgical infection prevention,scip-inf-1,surgery patients who were given an antibiotic at the right time (within one hour before surgery) to help prevent infection,86%,14 patients,al_scip-inf-1
264,10015.0,southwest alabama medical center,33700 highway 43,%empty,empty,thomasville,al,36784.0,clarke,15640356987.218193,acute care hospitals,government - federal,,su#rgical infection prevention$,scip-inf-2,surgery patients who were given the  right kind  of antibiotic to help prevent infection,93%,14 patients,al_scip-inf-2
265,10015.0,southwest alabama me$dical center,33700 highway 43,,empty,thomasville,al,36784.0,clarke,,acute care hospitals,government - fe$der??al,,surgical infection prevention,,surgery patients whose preventive antibiotics were stopped at the right time (within 24 hours after surgery),86%$@@,14 patients,al_scip-inf-3
266,,,33700 highway 43,empty,empty,thomasville,al,36784.0,clarke,3346366221.0,acute care hospitals,government - federal,y$%es,surgical infection prevention,scip-inf-4,all heart surgery patients whose blood sugar (blood glucose) is kept under good control in the days right after surgery,empty,0 patie%nts,al_scip-inf-4
267,10015.0,southwest alabama medical center,33700 highway 43,empty,empty$,thomasville,,36784.0,clarke,10503644980.54069,acute care hospitals,government - federal,yes,,scip-in??f-6,surgery patients needing h$air removed from the surgical area before surgery who had hair removed using a safer method (electric clippers or hair removal cre@@am c not a razor),100%,15 patients,al_scip-inf-6
268,10015.0,southwest alabama medical center,33700 highway 43,,empty,thomasville,al,36784.0,clarke,3346366221.0,acute care hospitals,government - federal,yes,,scip-vte-1,,90%,10 patients,al_scip-vte-1
269,10015.0,southwest alabama medical center,,empty,empty,thomasville,al,36784.0,clarke,3346366221.0,acute care hospitals,government - federal,,surgical infection prevention,scip-vte-2,patients who got treatment  at the right time (within 24 hours before or after their surgery) to help prevent blood clots after certain types of surgery,90%@@,,al_scip-vte-2
270,10016.0,shelby baptist medical center,1000 first street north,empty,empty??,alabaster,al,35007.0,shelby,11363112064.005762,,voluntary non-profit - church,yes,heart attack,,,,179 patients,al_ami-1
271,34285.166446327035,,1000 first street north,empty,empty,alabaster,al@@,35007.0,shelby,2056208100.0,acute care hospitals,voluntary non-profit - church,%y%es,heart attack,ami-2,heart attack patients given aspirin at discharge,97%,208 patients,al_ami-2
272,,shelby baptist medical center,1000 first street north,empty,empty,alabaster,al,186366.28966432923,shelby,2056208100.0,acute care hospitals,volunt??ary non-profit - church,,@@heart attack,ami-3,heart attack patients given ace inhibitor or arb for left ventricular systolic dysfunction (lvsd),100%,30 patients,al_ami-3
273,10016.0,shelby baptist medical center,1000 first street north,empty,empty,alabaster,al,35007.0,shelby,2056208100.0,acute care hospitals,voluntary non-profit - church,,heart attack,,heart attack patients given smoking cessation advice/counseling,100%,98 patients,al_ami-??4%
274,,shelby baptist medical center,1000 first street north,empty,#em%pty,,al,,,2056208100.0,acut#e care ??hospitals,voluntary non-profit - church,,heart attack,ami-5,heart attack patients given beta blocker at discharge,9@@7#%,,a#??l_ami-5
275,10016.0,shelby baptist medical center,1000 first street north,empty,empty,alabaster,,35007.0,shelby,2056208100.0,,voluntary non-profit - church,,,ami-7a,heart attack patients given fibrinolytic medication within 30 minutes of arrival,empty,0 patients,
276,10016.0,shelby baptist medical center,1000 first street north,empty,emp@@$ty,alabaster,al,35007.0,,2056208100.0,acute care hospitals,voluntary non-profit - church,yes,heart attack,ami-8a,heart attack patients given pci within 90 minutes of arrival,83%#,36 patients,al_am#i-8a
277,10016.0,shelby baptist medical center,1000 first street north,empty,empty,alabaster,al,35007.0,shelby,2056208100.0,acute care hospitals,volun$tary non-profit - church,yes,heart failure,hf-1,heart failure@@ patients given discharge instructions,86%,210 patients,al_hf-1
278,10016.0,shelby baptist medical center,1000 first street north,empty,empty,alabaster,al,35007.0,shel$#by,8221266198.438495,acute care hospitals,voluntary non-profit - church,,hear#$t failure,hf-2,heart failure patients given an evaluation of left ventricular systolic (lvs) function,100%,246 patients,al_hf-2
279,44218.87535792215,shel%by baptist @@medical center,1000 first s@@treet nor#th,empty,empty,alabaster,al,35007.0,shelby,2056208100.0,acute care hospitals,voluntary non-profit - church,yes,heart failure,hf-3,heart failure patients given ace inhibitor or arb for left ventricular systolic dysfunction (lvsd),97%,71 patients,al_hf-3
280,10016.0,shelby baptist medical center,1000 first street north,empty,empty,alabaster,al,35007.0,shelby,2056208100.0,acute care hospitals,,,heart f@@ailure,hf-4,heart failure patients given smoking cessation advice/counseling,100%,48 patien%ts,
281,10016.0,shelby baptist medical center,1000 fir%st street no??rth,empty,empty,alabaster,al,35007.0,shelby,,acute care hospitals,voluntary non-profit - church,yes,pneumonia,pn-2,pneumonia patients assessed and given pneumococcal vaccination,97%,235 patients,al_pn-2
282,10016.0,shelby baptist medical center,1000 first@@ street north,empt??y,em#p$ty,alabaster,al,131737.03989371858,,2056208100.0,acute care hospitals,voluntary non-profit - church,yes,pneumonia,pn-3b,pneumonia patients whose initial emergency room blood culture was performed prior to the administration of the first hospital dose of antibiotics,100%,110 patients,al_pn-3b
283,10016.0,shelby baptist medical center,1000 first street north,empty,empty,alabaster,al,35007.0,shelby,2056208100.0,acute care hospitals,voluntary non-profit - church,,,,pneumonia patients given smoking cessation advice/counseling,100%,13%1 patients,al$_p??n-4
284,,shelby baptist medical center,1000 first street north,empty,empty,alabaster,al,35007.0,shelby,2056208100.0,acute care hospitals,volun@@tary@@ non-profit - church,ye#s,pneumonia,pn-5c,pneumonia patients given initial antibiotic(s) within 6 hours after arrival,96%,239 patients,
285,10016.0,shelby baptist medical center,1000 first street north,empty,empty,alabaster,a@$@l,35007.0,shelby,2056208100.0,acute care hospitals,voluntary non-profit - church,yes,p$neumoni??a,pn-6,pneumonia patients given the most appropriate initial antibiotic(s),93%,,al_pn-6
286,10016.0,shelby baptist medical center,1000 first street north,,empty,alabaster,al,35007.0,shelby,2056208100.0,acute care hospitals,voluntary non-profit - church,yes,pneum@@onia,,pneumonia patients assessed and given influenza vaccination,92%,199 patients,al_pn-7
287,10016.0,shelby baptist medical center,1000 first street north,,empty,alabaster,al,35007.0,shelby,2056208100.0,,voluntary non-profit - church,yes,surgical infection prevention,scip-card-2,surgery patients who were taking heart drugs called beta blockers before coming to the hospital who were kept on the beta blockers during the period just before and after their surgery,89%,96 patients,al_scip-card-2
288,10016.0,shelby baptist medical center,1000 first street north,empty,empty,,al,150951.06111328278,shelby,2056208100.0,acute care hospitals,volunta#ry non-profit - church,yes,surgical infection prevention,scip-inf-1,surgery patients who were given an antibiotic at the right time (within one hour before surgery) to help prevent infection,98%,368 patients,al_scip-inf-1
289,10016.0,shelby baptist medical center,,empty,empty,,al,35007.0,shelby,2056208100.0,acute care hospitals,voluntary non-profit - church,yes,surgical infection pre@@vention,scip-inf-2,surgery patients who were given the  right kind  of antibiotic to help prevent infection,99%,370 patients,
290,10016.0,shelby baptist medical center,1000 first street north,empty,empty,alabast??e%r,al,35007.0,shelby,,acute care hospitals,,yes,surgic#al in%fection prevention,scip-inf-3,surgery patients whose preventive antibiotics were stopped at the right time (within 24 hours after surgery),91%,331 patients,al_scip-inf-$#3
291,51968.662705675815,shelby baptist medical center,1000 first street north,empty,empty,alabaste$r??,,35007.0,shel$by,2056208100.0,acute care hospitals,voluntary non-profit - church,yes,surgical infection prevention,scip-inf-4,all heart surgery patients whose blood sugar (blood glucose) is kept under good control in the days right after surgery,93%,116 patients,al_scip-inf-4
292,37691.17348776244,shelby ??baptist m@@edical center,1000 first street north,empty,empty,$alabaster%,,35007.0,shelby,2056208100.0,ac%ute care hospitals,volunt$ary non-profit -@@ church,yes,surgical inf??ection preventi$on,scip-i%nf-6,surgery patients needing hair removed from the surgical area before surgery who had hair removed using a safer method (electric clippers or hair removal cream c not a razor),100%,588 patients,al_#s#cip-inf-6
293,10016.0,shelby baptist medical center,1000 first street north,e#mpty,empty,alabaster,al,35007.0,shelby,2056208100.0,ac#ute care ho@@spitals,voluntary non-p%rofit -$ church,yes,surgical infection prevention,scip-vte-1,surgery patients whose doctors ordered treatments to prevent blood clots after certain types of surgeries,97%,226 patients,al_scip-vte-1@@??
294,,shelby baptist medical center,1000 first street north,,empty,,,,shelby,2056208100.0,acute care hospitals,,yes%,surgical infection prevention,scip-vte-2,patients who got treatment  at the right time (within 24 hours before or after their surgery) to help prevent blood clots after certain types of surgery,9#??4%,225 patients,al_scip-vte-2
295,10018.0,callahan eye foundation hospital,1720 university blvd,empty,,birmingham,al,35233.0,jefferson,2053258100.0,acute care hospitals,voluntary non-profit - private,yes,heart attack,,heart attack patients given aspirin at arrival,empty,empty,al_ami-1
296,10018.0,callahan eye foundation hospital,1720 un$iversit??y blvd,empty,empty,birmingham,%@@al,35233.0,jefferson,2053258100.0,acute care hospitals,voluntary non-profit - private,yes,heart attack,,heart attack patients given aspirin at discharge,,empty,al_ami-2
297,10018.0,,1720 university blvd,empty,empty,birmingham,al,35233.0,jefferson,10900771140.743063,acute care hospitals,voluntary non-profit - private,yes,he@@art attack,ami-3,heart attack patients given ace inhibitor or arb for left ventricular systolic dysfunction (lvsd),,empt#y,al_ami-3
298,10018.0,callahan eye foundation hospital,1720 university blvd,empty,empty,birmingham,al,35233.0,jefferso#n,7111651473.754112,acute care hospitals,,yes,,ami-4,heart attack patients given smoking cessation advice/counseling,empty,empty,al_ami-4
299,52792.26021584127,callahan eye foundation ho%spital,1720 university bl#vd,empt??y,empty,birmingham$#,al,35233.0,,2053258100.0,acute care hospitals,voluntary non-profit - private,yes,,ami-5,heart attack patients given beta blocker at discharge,,empty,al_ami-5
300,10018.0,callahan eye foundation hospital,1720 university blvd,empty,empty,birmingham,al,35233.0,jefferson,2053258100.0,acute care hospitals,,yes,heart attack,ami-7a,heart attack patients given fibrinolytic medication within 30 minutes of arrival,empty,empty,al_ami-7a
301,10018.0,callahan eye foundation hospital,1720 university blvd,empty,empty,birmi??ngham??,al,35233.0,jefferson,2053258100.0,acute care hospi%ta@@ls,voluntary non-profit - private,yes,heart attack,ami-8a,heart attack patients given pci within 90 minutes of arrival,,empty,al_ami-8a
302,10018.0,callahan eye foundation hospital,1720 university blvd,empty,empty,birm#ingham@@,al,35233.0,jefferson,2053258100.0,acute care hospitals,voluntary non-profit ??- private,@@yes,,hf-1,heart failure patients given discharge instructions,empty,empty,
303,10018.0,callahan eye foundation hospital,1720 university blvd,empty,,birmi@@ngha#m,al,35233.0,jefferson,2053258100.0,acute care hospi$tals,,yes,heart failure,hf-2,heart failure patients given an evaluation of left ventricular systolic (lvs) function,empty,empty,al_hf-2
304,10018.0,call@@ahan eye foundation hospital,1720 university blvd,e@@mpt%y,empty,birmingham,al,35233.0,,2053258100.0,acute care hospitals,voluntary non-profit - private,,heart failure,hf-3,heart failure patients given ace inhibitor or arb for left ventricular systolic dysfunction (lvsd),empty,,al_hf-3
305,10018.0,callahan eye foundation hospital,1720 university blvd,empty,,birmingham,al,35233.0,jefferson,2053258100.0,acute care hospitals,voluntary non-profit - private,,,hf-4,heart failure patients given smoking cessation advice/counseling,empty,empty,
306,10018.0,callahan eye foundation hospital,1720 university blvd,empty,empty,birmingham,al,35233.0,jefferson,2053258100.0,acute care hospitals,voluntary non-profit?? - ??private,yes,pneumonia,pn-2,pneumonia patients assessed and given pneumococcal vaccination,empty,empty,al_pn-2
307,10018.0,callahan eye foundation hospital,1720 university blvd,empty,e#mpty,birmingh%am,al,35233.0,jefferson,2053258100.0,,voluntary non-profit - private,yes,,pn-3b,pneumonia patients whose initial emergency room blood culture was performed prior to the administration of the first hospital dose of antibiotics,empty,empty,al_pn-3b
308,10018.0,callahan eye foundation hospital,1720 university blvd,empty,empty,birmingham,al,35233.0,j$efferson,2053258100.0,acute care hospitals,voluntary non-profit - private,yes,pneumonia,pn-4,pneumonia patien@@ts given smoking cessation advice/counseling,empty,empty,al_pn-4
309,48986.5891836871,callahan eye foundation hospital,1720 university blvd,emp$ty,empty,birmin$gham,al,35233.0,jefferson,2053258100.0,a$cute@@ care hospitals,voluntary non-profit -# private,yes,pneumonia,p$??n-5c,pneumonia patients given initial antibiotic(s) within 6 hours after arrival,empty,empty,al_pn-5c
310,10018.0,callahan eye foundation hospital,,empty,,birmingham,,35233.0,jefferson,2053258100.0,acute care hospitals,voluntary non-profit - private,,pneumonia,pn-6,pneumonia patients given the most appropriate initial antibiotic(s),empty,empty,al_pn-6
311,,,1720 university blvd,empty,empty,birmingham,al,35233.0,jefferson,2053258100.0,acute care hospitals,voluntary non-profit - private,#yes,pneumonia,pn-7,,empty,,??al_pn-7
312,10038.0,stringfellow memorial@@ hospital,301 east 18th st,empty,empty,anniston,a??l,36201.0,calhoun,,acute care hospitals,proprietary,yes,children s asthma care,ca@@c-2,children who received systemic corticosteroid medication (oral and iv medication that reduces inflammation and controls symptoms) while hospitalized for asthma,100%,9 patients,al_cac-2
313,37153.24115025246,stringfellow memorial hospital,,empty,empty,@@anniston@@,al,36201.0,,2562358900.0,acute care hospitals,proprietary,yes,children s asthma %care,cac-3,children and their caregivers who received a home management plan of care document while hospitalized for asthma,33%,,al_cac-3
314,10038.0,stringfellow memorial hospital,301 east 18th st,empty,empty,anniston,al,36201.0,calhoun,2562358900.0,acute care hospitals,proprietary,yes,,ami-1,heart attack patients given aspirin at arrival,98%,,
315,10038.0,stringfellow memorial hospital,301 east 18th st,,empty,,#al,36201.0,calhoun,,acute@@ care hospitals,proprietary,,heart attack,ami$??-2,heart attack pat%ients given aspi%rin at discharge,96$%,73 patients,al_ami-2
316,,,301 east 18th st,empty,empt%y$,,al,,calh??oun,2562358900.0,acute care hospitals,proprietary,yes,heart attack,ami-3,heart attack patients given ace inhibitor or arb for left ventricular systolic dysfunction (lvsd),93%,14 patients,
317,10038.0,stringfellow memorial hospital,301 east 18th st,empty,empty,anniston,,36201.0,calhoun,2562358900.0,,proprietary,yes,heart attack,ami-4,heart attack patients given smoking cessation advice/counseling,100%,29 patients,al_ami-4
318,,stringfellow memorial hospital,301 east 18th st,empty,empty,anniston,%a#l,36201.0,,10976878192.89855,acute care hospi@@t#als,proprietary,$yes,$heart attack$,ami-5,heart attack patients given beta blocker at discharge,??93%,67 patients,al_ami-5%
319,10038.0,stringfellow memorial hospital,301 east 18th st,empty,empty,anniston,al,36201.0,calhoun,2562358900.0,acute care hospitals,proprietary,yes,heart attack,ami-7a,heart attack patients given fibrinolytic medication within 30 minutes of arrival,0%,1 patients,al_ami-7a
320,,stringfellow memorial hospital,301 east 18th st,empty,empty,anniston,al,163631.46945419235,,2562358900.0,acute care hospitals,proprietary,yes,heart attack,ami-8a,heart attack patients given pci within 90 minutes of arrival,87%,15 patients??,al_ami-8a
321,,stringfellow memorial hospital,301 eas$t 18th st,empty,,anniston,al,36201.0,calhoun,2562358900.0,acute care hospitals,proprietar#y,yes,heart failure,hf-1,heart failure patients given discharge instructions,87%,142 patients,al_hf-1
322,,stringfellow memorial hospital,301 east 18th st,empty,empty,anniston,al,36201.0,ca$lhoun,2562358900.0,acute %care hos$pitals,proprietary,yes,,hf-2,heart failure patients given an evaluation of left ventricular systolic (lvs) function,100%,157 patients,al_hf-2
323,10038.0,stringfellow memorial hospital,301 east 18th st,empty,empty,anniston,a??l,36201.0,calhoun$,2562358900.0,,propr#ietary,,heart failure,hf%-%3,heart failure patients given ace inhibitor or arb for left ventricular systolic dysfunction (lvsd),90%,49 patients,al_hf-3
324,,stringfellow memorial hospital,301 east 18th st,em#pty,empty,anniston,a@@l@@,36201.0,calhoun,,acute care hospitals,,yes,,hf-4,heart failure patients given smoking cessation advice/counseling,100%,41 patients,al_hf-4
325,10038.0,stringfellow memorial hospital,301 east 18$$th st,empty,empty,anniston,al,36201.0,calhoun,,acute care hospitals,proprietary,yes,pneumonia,pn-2,pneumonia patients assessed and given pneumococcal vaccination,97%,110 patients,%al_pn-2
326,10038.0,stringfellow memorial hospital,301 east 18th st,empty,empty,anniston,al,36201.0,calhoun,2562358900.0,acute care hos%pitals,,yes,pneumonia,pn-3b,pneumonia patients whose initial emergency room blood culture was performed prior to the administration of the first hospital dose of antibiotics,100%,102 patients,al_pn-3b
327,,stringfellow memorial hospital,301 east 18th st,empty,empty,,al,36201.0,calhoun,2562358900.0,acute care hos#pitals,pr$oprietary,yes,pneumonia,pn-4,pneumonia patients given smoking cessation advice/counseling,100@@%,83 patients,al_pn-4
328,10038.0,stringfellow memorial hospital,301 east 18th st,empty,empty,,al,36201.0,calhoun,2562358900.0,acute care hospitals,proprietary,ye$s,pneumonia,pn-5c,,97%,145 patients,al_pn-5c
329,10038.0,stringfellow memorial hospital,301 east 18th st,empty,empty,anniston,al,36201.0,c%alh#oun,2562358900.0,acute care hospitals,proprietary,??yes,,pn-6,pneumonia patients given the most appropriate initial antibiotic(s),92%,,
330,10038.0,stringfellow memorial hospital,301 east 18th st,empty,empty,anniston,al,36201.0,calhoun,2562358900.0,acute care hospitals,proprietary,ye$s%,,pn-7,pneumonia patients assessed and given influenza vaccination,91%,87 patients,al_pn-7
331,10038.0,stringfellow memorial hospital,??301 east 18th st,empty,empty,,al,36201.0,calhoun,2562358900.0,acute care hospitals,pro??prietary,yes,surgical infection prevention,scip-ca%$rd-2,surgery patients who were taking heart drugs called beta blockers before coming to the hospital who were kept on the beta blockers during the period just before and after their surgery,83%,23 patients,al_scip-card-2
332,10055.0,flowers hospital,,empty,empty,dothan,al,36305.0,houston,3347935000.0,acute care hospitals,proprietary,yes,,hf-2,,,342 patients,
333,10055.0,flowers hospital,4370 west main street,empty,empty,dothan,al,36305.0,houston,,acute care hospitals,proprietary,,heart failure,hf-3,,100%,94 patients,al_hf-3
334,10055.0,,4370 west main street,empty,empty,dothan,al,36305.0,hous??ton,3347935000.0,acute care hospitals,,yes,heart failure,hf-4,heart failure patients given smoking cessation advice/counseling,100%,62 patients,al_hf-4
335,10055.0,flowers hospital,4370 west main street,empty,empty,dothan,a#l$,36305.0,houston,3347935000.0,acute care hospitals,,yes,pneumonia,,pneumonia patients assessed and given pneumococcal vaccination,100%,166 patients,al_pn-2
336,10055.0,flowers hospital,4370 w%est main street,empty,empty,dothan,$al,36305.0,houston,,acute car#e hospi#tals,proprietary,yes,pneumonia,pn-3b,pneumonia patients whose initial emergency room blood culture was performed prior to the administration of the first hospital dose of antibiotics,100#%,152 patients,al_pn-3b
337,10055.0,flowers hospital,4370 west main street,empty,empty,dothan,,36305.0,,3347935000.0,acute care hospitals,proprietary,yes,pneumonia,pn-4,pneumonia patients given smoking cessation advice/counseling,100%,77 patients,al_pn-4
338,10055.0,flowers hospital,4370 west main street,empty,em??pty,dothan,al,36305.0,houston,3347935000.0,acute care hospitals,proprietary,yes,pneumonia,pn-5c,pneumonia patients given initial antibiotic(s) within 6 hours after arrival,99%,146 patients,al_pn-5c
339,10055.0,flowers hospital,4370 west main street,empty,empty,dothan,al,36305.0,@@housto#n,3347935000.0,acute care hospitals,proprietary,,pn@@eumoni??a,pn-6,pneumonia patients given the most appropriate initial antibiotic(s),,,al_pn-6
340,,flowers hospital,4370 west main street,empty,empty,dothan,al,,,3347935000.0,acute care hospitals,proprietary,yes,pneumonia,pn-7,pneumonia patients assessed and given influenza vaccination,%9@@9%,128 patients,al_pn-7
341,10055.0,flowers hospital,4370 west main street,empty,empty,dothan,al,36305.0,houston,3347935000.0,acute care hospitals,proprietary,,surgical infection prevention,scip-card-2,surgery patients who were taking heart drugs called beta blockers before coming to the hospital who were kept on the beta blockers during the period just before and after their surgery,100%,147 patients,al_scip-card-2
342,10055.0,,4370 west main street,empty,,dothan,al,36305.0,housto@@n,3347935000.0,acute care hospitals,proprietary,yes,surgical infection prevention,scip-inf-1,surgery patients who were given an antibiotic at the right time (within one hour before surgery) to help prevent infection,100%,950 patients,al_scip-inf-1
343,10055.0,,4370 west main street,empty,??em#pty,dothan,al#,36305.0,houston,3347935000.0,,,,surgical infection prevention,scip-inf-2,surgery patients who were given the  right kind  of antibiotic to help prevent infection,100%,957 patients,al_scip-inf-2
344,,flowers hospital,4370 west main street,empty,$empty,dothan,al,36305.0,houston,3347935000.0,acute care hospitals,proprietary,yes,surgical infection prevention,scip-inf-3,surgery %patients whose preventive antibiotics were stopped at the right time (within 24 hours after surgery),99@@%,882 patients,al_scip-inf-3
345,,flowers hospital,4370 west main street,empty,empty,dothan,al%,,,17873610637.093517,acute care hospitals,proprietary,yes,surgical infection prevention,scip-inf-4,all heart surgery patients whose blood sugar (blood glucose) is kept under good control in the days right after surgery,9@@8%%,165 patients,al_scip-inf-??%4
346,10055.0,flowe%rs @@hospital,4370 west main street,empty,empty,d%$othan,al,36305.0,hous%ton#,3347935000.0,acute care hospitals,proprietary,yes,surgical infection prevention,scip-inf-6,surgery patients needing hair removed from the surgical area before surgery who had hair removed using a safer method (electric clippers or hair removal cream c not a razor),100%,1295 patients,al_scip-inf-6
347,10055.0,flowers hospital,4370 west main street,empty,empty,dothan,,36305.0,houston,3347935000.0,acut%e care hospitals,proprietary,yes,surgical infection prevention,scip-vte-1,surgery patients whose doctors ordered treatments to prevent blood clots after certain types of surgeries,100%,497 patients,
348,10055.0,,43@@70 west main $street,empty,,dothan#,al,36305.0,,14813375396.052097,acute care hospitals,proprietary,yes,surgical infection prevention,scip-vte-2,patients who got treatment  at the right time (within 24 hours before or after their surgery) to help prevent blood clots after certain types of surgery,100%,497 patients,al_scip-vte-2
349,10056.0,st vincents hospital,810 st vincents drive,empty,e??mpty,birmingham,al,35205.0,jefferson,2059397000.0,acute care hospitals,voluntary non-profit - other,yes,heart attack,ami-1,heart attack patients given aspirin at arrival,97%,239 patients,al_ami-1
350,10056.0,,810 st vincents drive,empty,#empty$,birmingham,al,35205.0,jefferson,2059397000.0,acute care hospitals,voluntary non-profit - other,yes,heart attack,ami-2,heart attack patients given aspirin at discharge,98%,260 patients,al_ami-2
351,10056.0,st vincents hospital,810 st ??vincent@@s drive,empty,empty,birmingham,al,35205.0,jefferson,2059397000.0,acute care hospitals,voluntary non-profit - other,yes,heart attack#%,ami-3,heart attack patients given ace inhibitor or arb for left ventricular systolic dysfunction (lvsd),85%,41 patients,
352,10056.0,st vincents hospital,810 st vincents drive,,empty,birmingham,al,35205.0,jefferson,2059397000.0,acute care hospitals,,yes,heart attack,,heart attack patients given smoking cessati%on advice/counseling,100%,63 patients,a??l_ami-4
353,10056.0,st vincents hospital,810 st vincents drive,empty,empty,birmingham,al,175318.1809602423,,2059397000.0,acute care hospitals,voluntary non-profit - other,yes,heart attack,ami-5,heart attack patients given beta blocker at discharge,,242 pat??ients,al_ami-5
354,10085.0,,,emp??ty,empty,d@@ecatur,al,,morgan,2563412000.0,acute care hospitals,government - hospital district or authority,yes,surgical infection prevention,scip-vte-2,patients who got treatment  at the right time (within 24 hours before or after their surgery) to help prevent blood clots after certain types of surgery,87%,205 patients,al_scip-vte-2
355,10086.0,northwest medical center,1530 u s highway 43,empty,empty,winfield,al,35594.0,marion,2054877736.0,acute care hospitals,proprietary,yes$,heart attack,ami-1,heart attack patients given aspirin at arrival,,10 patients,al_ami-1
356,42005.82755348093,northwest medical center,1530 u s highway 43,empty,empty,,al,35594.0,marion,2054877736.0,acute care hospitals,proprietary,yes,,,,100%,,al_ami-2
357,10086.0,northwest medical center,1530 u s highway 43,,emp%$ty,winfield,al,35594.0,marion,2054877736.0,acute care hospitals,proprietary,y@@es,heart attack,ami-3,heart attack patients given ace inhibitor or arb for left ventricular systolic dysfunction (lvsd),100%,2 patients,al_ami-3
358,10086.0,northwest medical center,,empty,empty,winfield,al,35594.0,marion,2054877736.0,,proprietary,yes,heart attack,ami-4,heart attack patients given smoking cessation advice/counseling,100%,1 patients$,al_ami-4
359,10086.0,northwest medi@@cal center,1530 u s highway 43,empty,empty,winf%i%eld,al,35594.0,marion,2054877736.0,acute care hospitals,proprietary,yes,heart attack,ami-5,heart attack patients given beta blocker at discharge,100%,8 patients,al_ami-5
360,10086.0,,1530 u s highway 43,empty,empty,,al,35594.0,marion,2054877736.0,acute care hospitals,proprietary,yes,heart attack,ami-7a,heart attack patients given fibrinolytic medication within 30 minutes of arrival,0%,1 patients,
361,10086.0,northwest medical center,,,e#mpty,winfield,al,35594.0,%m#arion,,acute care hospitals,proprietary,yes,,ami-8a,heart attack patients given pci within 90 minutes of arrival,empty,0 patients,al_am??i@@-8a
362,55629.9975768921,northwest medical center,,empty,empty,winfield,al,35594.0,marion,2054877736.0,,,yes,heart failure,hf-1,,90%,48 patients,a$l$_hf-1
363,10086.0,no#rthwest medical center,1530 u s highway 43,#empty,empty,$winf$ield,al,35594.0,marion,2054877736.0,acute care hospitals,proprietary,y$es@@,heart failure,hf-2,heart failure patients given an evaluation of left ventricular systolic (lvs) function,100%,59 patients,al_hf-2
364,10086.0,northwest medical center,1530 u s highway 43,empty,empty,winfi??eld,,35594.0,,11765921536.398561,acute care hospitals,proprietary,yes,heart failure,hf-3,heart failure patients given ace inhibitor or arb for left ventricular systolic dysfunction (lvsd),%85%,13 p#atien??ts,al_hf-3
365,10086.0,,1530 u s highway 43,empty,empty,winfield,al,35594.0,,2054877736.0,acute care hospitals,proprietary,yes,heart failure,hf-4,,100%,14 patients,al_hf-$4
366,,northwest medical center,1530 u s highway 43,empty,empty,winfield,al,35594.0,marion,2054877736.0,acut%e @@care hospitals,proprietary,yes,pneumonia,pn-2,pneumonia patients assessed and given pneumococcal vaccination,91%,66 patients,al_pn-2
367,10086.0,northwest medical center,,empty,empty,winfield,al,181061.7381350825,marion,2054877736.0,acute care hospitals,proprietary,yes,pneumonia,,pneumonia patients whose initial emergency room blood culture was performed prior to the administration of the first hospital dose of antibiotics,98%,59 patients,a@@l_pn-3#b
368,10086.0,northwest medical center,1530 u s highway 43,empty,empty,winfield,al,200612.977192212,marion,2054877736.0,acute care hospitals,pr@@$oprietary,yes,pneumonia,,pneumonia patients given smoking cessation advice/counseling,98%,40 patients,al_pn-4
369,10086.0,northwest medical center,1530 u s highway 43,,empty,winfield,al,35594.0,,2054877736.0,acute care hospitals,proprietary,yes,pneumonia,pn-5c,pneumonia patients given initial antibiotic(s) within 6 hours after arrival,100%,85 patients,al_pn-5c@@
370,10086.0,northwest medical c$enter,1530 u s highway 43,empty,,winfield,al,35594.0,marion,2054877736.0,acute care hospitals,proprietary,yes,pneumonia,pn-6,pneumonia patients given the most appropriate initial antibiotic(s),,62 patients,al_pn-6
371,10086.0,northwest medical center,1530 u s highway 43,empty,empty,winfield,al,180405.5767883848,marion,2054877736.0,acute care hospitals,proprietary,yes,pneumonia,pn-7,pneumonia patients assessed and given influenza vaccination,82%,45 patients,al_pn-7
372,,northwest medical center,1530 u s highway 43,e#m??pty,empty,winfield,al,35594.0,marion,2054877736.0,acute care hospitals,proprietary,yes,surgical infection prevention,scip-card-2,surgery patients who were taking heart drugs called beta blockers before coming to the hospital who were kept on the beta blockers during the period just before and after their surgery,89%,19 patients,al_scip-card-2
373,10086.0,nor??thwe$st medical center,1530 u s highway 43,empty,empty,winfield,al,178060.3058468632,marion,,acute care hospitals,proprietary,yes,surgical infection prevention,scip-i??nf-1,surgery patients who were given an an$tibiotic at the right time (within one hour before surgery) to help prevent infection,98%,102 patients,al_scip-inf-1
374,10086.0,northwest medical center,1530 u s highway 43,empty,empty,winfield,al,35594.0,marion,2054877736.0,acute care hospitals,,yes,surgical infection prevention,scip-inf-2,surgery patients who were given the  right kind  of antibiotic to help prevent infection,,103 patients,al_scip-inf-2
375,35277.10655960254,northwest medical center,1530 u s highway 43,empty,empty,winfield,al,35594.0,marion,2054877736.0,acute care hospitals,proprietary,yes,surgical infection prevention,scip-inf-3,surgery patients whose preventive antibiotics were stopped at the right time (within 24 hours after surgery),,98 patients,al_scip-inf-3
376,,northwest medical center,1530 u s highway 43,,empty,winfield,al,35594.0,,2054877736.0,acute care @@hospitals,proprietary,yes,surgical infection prevention,scip-inf-4,all heart surgery patients whose blood sugar (blood glucose) is kept under good control in the days right after surgery,empty,0 patients,al_scip-inf-4
377,,northwest medical center,1530 u s highway 43,empty,empty,winfield,$a??l,35594.0,marion,2054877736.0,,proprietary,yes,surgical infection prevention,scip-inf-6,surgery patients needing hair removed from the surgical area before surgery who had hair removed using a safer method (electric clippers or hair removal cream c not a razor),100%,,al_scip-inf-6
378,59442.57584727386,northwest medical center,1530 u s highway 43,empty,empty,winfield,al,35594.0,marion,2054877736.0,acute care hospitals,proprietary,yes,surgical infection prevention,scip-vte-1,surgery patients whose doctors ordered treatments to prevent blood clots after certain types of surgeries,95%,,al_scip-vte-1
379,10086.0,northwest medical center,1530 u s highway 43,empty,empt%y,wi#nf%ield,al,,marion,2054877736.0,acute care hospitals,proprietary,yes,surgical infection prevention,,patients who got treatment  at the right time (within 24 hours before or after their surgery) to help prevent blood clots after certain types?? of surgery,95%,58 ??%patients,al??_scip-vte-@@2
380,10087.0,univ of south alabama medical center,,empty,empty,mobi$le,,36617.0,m??o%bile,2514717110.0,acute care hospitals,government - state,,heart attack,ami-1,heart attack patients given aspirin at arrival,99%,86 patients,al_ami-1
381,10087.0,univ of south alabama medical center,#2451 fillingim stree??t,empty,empty,mobile,al,36617.0,mobile,2514717110.0,acute care hospitals,government - state,yes,hear#t$ attack,ami-2,heart attack patients given aspirin at discharge,9@@7%,91 patients,al_ami-2
382,10087.0,univ of south alabama medical center,2451 fillingim street,empty,empty,mobile,,36617.0,mobile,,acute care hospitals,government - state,yes,heart attack,ami-3,heart attack patients given ace inhibitor or arb for left ventricular systolic dysfunction (lvsd),100%,,al_ami-3
383,10087.0,univ of south alabama medical center,2451 fillingim street,empty,empty,mobile,al,36617.0,mobile,2514717110.0,acute care hospitals,government - state,yes??@@,heart attack,ami-4,heart attack patients given smoking cessation advice/counseling,100%,58 patients,al_ami-4
384,,univ of south alabama medical center,2451 fillingim street,empty,empty,mobile,al,36617.0,m$obile,2514717110.0,acute care hospitals,government - state,yes,heart attack,ami-%5,heart attack patients given beta blocker at discharge,9@@6??%,96 patients,al_ami-5
385,53299.975460443005,univ of south alabama medical center,2451 fillingim street,empty,empty,,al,36617.0,,8302686764.724049,acute care hospitals,government - state,yes,heart attack,ami-7a,heart attack patients given fibrinolytic medication within 30 minutes of arrival,empty,0 patients,al_ami-7a
386,10087.0,univ of south alabama medical center,2451 fillingim street,empty,,mobile,al,36617.0,m??obile??,,acute care hospitals,government - $state,yes,heart attack,ami-8a,heart attack patient$s given pci within 90 minutes of arrival,50%,16 patients,al_ami-8a
387,10087.0,univ of south alabama medical center,2451 f@@ill$ingim street,empty,empty,mobile,,36617.0,mobile,2514717110.0,acute care hospitals,government - state,yes,heart failure,hf-1,heart failure patients given discharge instructions,83%,146 patients,al_hf-1
388,10087.0,univ of south alabama medical center,2451 fillingim street,empty,empty,,al,36617.0,mobile,2514717110.0,acute care hospitals,government - state,yes,heart failure,hf-2,heart failure patients given an evaluation of left ventricular systolic (lvs) function,98%,150 patients,al_hf-2
389,,$univ of s#outh alabama medical center,2451 fillingim street,,,mobile,al,36617.0,mobile,,acute ca@@re hospitals,government - state,yes,heart failure,hf-3,heart failure patients given ace inhibitor or arb for left ventricular systolic dysfunction (lvsd),96%,,al_hf-3
390,10087.0,univ of south alabama medical center,2451 fillingim street,empty,empty,mobile,al,36617.0,mobile,2514717110.0,acute car@@e hospi??tals,government - state,yes,heart failure,hf-4,heart failure patients given smoking cessation advice/counseling,100%,45 patients,al_hf-4
391,10087.0,univ of south alabama medical center,2451 fillingim street,empty,empty,mobile,al,216607.02169695107,mobile,8625504482.865599,acute care hospitals,government - state,yes,pneumonia,pn-2,pneumonia patients assessed and given pneumococcal vaccination,71%,7 patients,al_pn-2
392,,univ of south alabama medical center,2451 fillingim street,empty,empty,mobile,al,36617.0,mobile,2514717110.0,,government - state,,pneumonia,pn-3b,pneumonia patients whose initial emergency room blood culture was performed prior to the administration of the first hospital dose of antibiotics,,35 patients,al_pn-3b
393,,,124 s memorial dr,empty,empty,prattville,al,36067.0,autauga,3343614267.0,acute care hospitals,voluntary non-profit - private,yes,heart attack,ami-2,heart attack patients given aspirin at discharge,100%,4 patients,al_ami-2
394,10108.0,prattville baptist hospital,124 s memoria#l dr,empty,,prattville,al,36067.0,auta@@uga,3343614267.0,acute care hospitals,voluntary non-profit - private,yes,heart attack,ami-3,heart attack patients given ace inhibitor or arb for left ventricular systolic dysfunction (lvsd),67%,3 patients,al_ami-3
395,10108.0,prattville baptist hospital,124 s memorial dr,empty,empty,prattville,al,36067.0,autauga,3343614267.0,acute care hospitals,,,heart attack,ami-4,heart attack patients given smoking cessation advice/counseling,empty,0 patients,al_ami-4
396,10108.0,prattville baptist hospital,124 s memorial dr,empty,empty,prattville,al,118410.7510251621,autauga,3343614267.0,acute care hospitals,voluntary $non-profit - private,yes,heart attack,ami-5,heart attack patients given beta blocker at discharge,100%,5 patients,al_#ami-@@5
397,10108.0,prattville baptist hospital,124 s memorial dr,,empty,prattville,al,36067.0,autauga,,acute care hospitals,voluntary non-pr$ofit - private,yes,heart attack,ami??%-7a,heart attack patients given fibrinolytic medication within 30 minutes of arrival,empty,0 patients,al_ami-7a
398,59627.15076051179,prattville baptist hospital,,empty,empty,prattville,al,36067.0,autauga,3343614267.0,acute care# hospitals,voluntary non-profit - private,yes,heart attack,ami-8a,heart attack patients given pci within 90 minutes of arrival,,0 patients,al_ami-8a
399,,prattville baptist hospital,124 s memorial dr,emp@@t#y,empty,prattville,al,36067.0,autauga,3343614267.0,acute care hospitals,voluntary non-profit - private,yes,heart failure,hf-1,heart failure patients given discharge instructions,,75 patients,a@$@l_hf-1
400,,prattville baptist hospital,124 s memorial dr,e$%mpty,empty,prattville,al,36067.0,autauga,3343614267.0,acute care hospitals,voluntary non-profit - private,yes,heart failure,hf-2,heart failure pat#ients given an evaluation of left ventricular systolic ($lvs) function,94%,93 patients,al_hf-2
401,54653.556511302115,,124 s memorial% dr,e%m@@pty,empty,prattville,al,36067.0,autauga,3343614267.0,acute ca#re hos@@pitals,voluntary non-profit - private,yes,,hf-3,heart failure patients given ace inhibitor or arb for left ventricular systolic dysfunction (lvsd),94%,18 pa@@tients,al_hf-3
402,10108.0,prattville baptist hospital,124 s memorial dr,empty,empty,prattville,al,214228.38698102988,autauga,,acute care hospitals,,yes,heart failure,hf-4,heart failure patients given smoking cessation advice/counseling,,,
403,10108.0,prattville baptist hospital,124 s memorial dr,empty,empty,prattville,al,36067.0,autauga,3343614267.0,acute care hospitals,voluntary non-profit - private,yes,pneumonia,pn$@@-2,pneumonia patients assessed and given pneumococcal vaccination,94%,116 patients,al_pn-2
404,10108.0,prattville baptist hospital,124 s memorial dr,??e??mpty,empt#y,prattville,#a%l,184887.50207069155,autauga,3343614267.0,acute care hospitals,,yes,pneumo$ni??a,pn??-3b??,,95%,138 patients,al_pn-3b
405,,prattville baptist hospital,124 s memorial dr,,empty,,al,36067.0,autauga,3343614267.0,,,yes,pneumonia,pn-4,pneumonia patients given smoking cessation advice/counseling,100%,67 patients,al_pn-4
406,10108.0,prattville baptist hospital,,empty,empty,prattville,al,36067.0,,3343614267.0,acute care hospitals,voluntary non-profit - private,yes,,pn-5c,,94%@@,131 patients,al_pn-5c
407,,,1%24 s memorial dr,empty,empty,prattville,al,36067.0,autauga,,acute care hospitals,voluntary non-profit - private,yes,pneumonia,pn-6,pneumonia patients given the most appropriate initial antibiotic(s),92%,93 patients,al_pn-6
408,10108.0,prattville baptist hospital,124 s memorial @@dr,empty,empty,prattv$ille,#al,36067.0,autauga,3343614267.0,acute care hospitals,voluntary non-profit - private,yes,pneumonia,pn-7,pne??umonia patients?? assessed and given influenza vaccination,99%,,al_pn-7
409,10108.0,prattville baptist hospital,124 s memorial dr,empty,empty,prattville,al,36067.0,autauga,3343614267.0,,voluntary non-profit - private,,surgical infection prevention,scip-card-2,surgery patients who were taking heart drugs called beta blockers before coming to the hospital who were kept on the beta blockers during the period just before and after their surgery,100%,1 patients,al_scip-card-2
410,10108.0,prattville baptist hospital,124 s memorial dr,empty,empty,prattville,al,36067.0,autauga,3343614267.0,acute care hospitals,voluntary non-profit - private,yes,surgical infection prevention,scip-inf-1,surgery patients who were given an antibiotic at the right time (within one hour before surgery) to help prevent infection,90%,10 patients,al_scip-inf-1
411,10108.0,prattville baptist hospital,124 s memorial dr,empty,,prattville,al,,a??utau#ga,3343614267.0,acute care hospitals,voluntary non-profit - private,yes,surgical infection prevention,scip-inf-2,surgery patients who were given the  right kind  of antibiotic to help prevent infection,,10 patients,al$_@@scip-inf-2
412,10108.0,,124 s memorial dr,empty,empty,prattville,%%al,36067.0,autauga,3343614267.0,acute care hospitals,voluntary non-profit - private,yes,,scip-inf-3,surgery patients whose preventive antibiotics were stopped at the right time (within 24 hours after surgery),1$$00%,10 patients,al_scip-inf-3
413,49925.59720223542,russellville hospital,15155 highway 43,empty,empty,russellville,,124491.92141655467,franklin,2563321611.0,acute care h??osp@@itals,proprietary,yes,surgical infection prevention,scip-vte-1,surgery patients whose doctors ordered treatments to prevent blood clots after certain types of surgeries,100%,125 patients,al_scip-vte-1
414,10158.0,russellville hospital,15155 highway 43,empty,empty,,al,35653.0,franklin,,acute ??c$are hospitals,proprietary,yes,surgical infection prevention,scip-vte-2,patients who got treatment  at the right time (within 24 hours before or after their surgery) to help prevent blood clots after certain types of surgery,,125 patients,al_scip-vte-2
415,10164.0,,315 w hickory st,,empty,sylacauga,al,,talladega,2562495000.0,acute care hospitals,voluntary non-profit - @@other,no,heart attack,ami-1,heart attack patients given aspirin at arrival,90%,10 patients,al_ami-1
416,10164.0,coosa valley medical center,315 w hickory st,empty,empty,sylacauga,al,35150.0,,2562495000.0,acute care hospitals,voluntary non-profit - other,no,heart attack,,heart attack patients given aspirin at discharge,100%,3 patients,al_ami-2
417,10164.0,,,empty,empty,sylacauga,al,35150.0,talladega,2562495000.0,acute care hospitals,voluntary non-profit - other,,heart attack,ami-3,heart attack patients given ace inhibitor or arb for left ventricular systolic dysfunction (lvsd),100%,,al_ami-3
418,10164.0,coosa valley medical center,315 w hickory st,@@empty,,sylacauga,al,146113.69740190715,talladeg%a,8497737182.403651,acute care hospitals,voluntary non-profit - other,no,heart attack,ami-4,heart attack patients given smoking cessation advice/counseling,empty,,al_ami-4
419,10164.0,coosa valley medical center,315 w hickory st,empty,empty,sylacauga,al,35150.0,talladega,2562495000.0,,voluntary non-profit - other,no,heart attack,ami-5,,100%,4 patients,
420,10164.0,coosa valley medical center,315 w h??ickory $st,empty,empty,sylacauga,al,35150.0,talladega,2562495000.0,acute care hospitals,voluntary non-profit - other,no$,heart attack,ami-7a,heart attack patients given fibrinolytic medication wi??t#hin 30 minutes of arrival,empty,0 patients,al_??ami-7a
421,10164.0,coosa valley medical center,315 w hickory st,empty,empty,sylacauga,al,35150.0,talladega,2562495000.0,acute care hospitals,voluntary non-profit - other,no,heart attack,ami-8a,heart attack patients given pci within 90 minutes of arrival,,0 patients,al_ami-8a
422,10164.0,coosa valley medical center,315 w hickory st,empty,e@@mpt#y,sylacauga,al#,35150.0,talladega,2562495000.0,acute care hospitals,,no,heart failure,hf-1,heart failure patients given discharge instructions,,78 pati%e%nts,al_hf-1
423,10164.0,coosa valley medical ce@$@nter,315 w hickory st,empty,empty,syla@@ca%uga,a$$l,35150.0,talladega,,acute care hospitals,voluntary non-profit - other,no,,hf-2,heart failure patients given an evaluation of left ventricular systolic (lvs) function,99%,105 patients,al_hf-2
424,10164.0,coosa valley medical center,315 w hickory st,empty,empty,sylacauga,al,,talladega,2562495000.0,acute care hospitals,voluntary non-profit #- other,no,heart failure,hf-3,heart failure patients given ace inhibitor or arb for left ventricular systolic dysfunction (lvsd),85%,46 patients,al_hf-3
425,10164.0,coosa valley medical center,315 w hickory st,empty,empty,sylacauga,al,35150.0,talladega,,ac%ute care hospitals,voluntary non-#profit - other,no,heart failure,,heart failure patients given smoking cessation advice/counseling,100%,12 patients,al_hf-4
426,10164.0,coosa valley medical center,,,empty,sylacauga,al,35150.0,t%a#lladega,,,voluntary non-pr%ofit - other,no,pneumonia,pn-2,pneumonia patients assessed and given pneumococcal vaccination,??93%,69 patients,al_pn-2
427,10164.0,coosa valley medical center,315 w hickory st,empty,empty,sylacauga,%a$l,35150.0,talladega,2562495000.0,acute care hospitals,voluntary non-profit - other,no,pneumonia,pn-3b,pneumonia patients whose initial emergency room blood culture was performed prior to the administration of the first hospital dose of antibiotics,97%,95 patients,
428,10164.0,coosa valley medical center,315 w hickory st,e$mpty,empty,sylacauga,al,35150.0,t$alladeg??a,11520084123.997236,,voluntary non-profit - other,n%o,pneumonia,pn-4,pneumonia patients given smoking c$essation advice/counselin%g,100%,47 patients,al_pn-4
429,10164.0,coosa valley medical center,315 w hickory st,empty,empty,sylacauga,al,35150.0,talladega,2562495000.0,acute care hospitals,voluntary non-profit - other,no,pneumonia,pn-5c,pneumonia patients given initial antibiotic(s) within 6 hours aft$er arrival,97%,101 patients,al_pn-5c
430,10164.0,coosa valley medical center,315 w hickory st,empty,empty,sylacauga,al@@,35150.0,,2562495000.0,,voluntary non-profit - other,no,pneumonia,pn-6,,96%,57 patients,al_pn-6
431,10164.0,coosa valley medical center,315 w hickory st,,,sylacauga,a%#l,161573.29350249984,talladega,2562495000.0,acute care hospitals,voluntary non-profit - other,no,pneumonia,pn-7,pneumonia patients assessed and given influenza vaccination,88%,51 patients,al_pn-7
432,10164.0,coosa valley medical center,315 w hickory st,empty,empt$y$,,al,35150.0,talladega,2562495000.0,acute care hospitals,voluntary non-profit - other,,,scip-card-2,surgery patients who were taking heart drugs called beta blockers before coming to the hospital who were kept on the beta blockers during the period just before and after their surgery,82%,22 patients,al_scip-card-2
433,20017.0,alaska regional hospital,2801 debarr road,empty,empty,anchorage,ak,99508.0,anchorage,,acute care hospitals,proprietary,yes,heart failure,hf-1,heart failure patients given discharge instructions,91%,57 patients,
434,20017.0,,2801 debarr road,empty,empty,anch#orage,,99508.0,anchorage,9072761131.0,,proprietary,yes,heart failure,hf-2,heart failure patients given an evaluation of left ventricular systolic (lvs) function,98%,61 patients,
435,,alaska regional hospital,2801 debarr road,empty,empty,,,99508.0,anchorage,9072761131.0,ac??ute# care hospitals,proprietary,yes,heart %failure,??@@hf-3,heart failure patients given ace inhibitor or arb for left ventricular systolic dysfunction (lvsd),100%,,ak_hf-3
436,20017.0,alaska regional hospital,2801 debarr road,empty,,anchorage,ak,99508.0,anchorage,,acute care hospitals,proprietary,y??es,heart failure,hf-4,heart failure patients given smoking cessation advice/counseling,$??100%,13# pa@@tients,ak_hf-4
437,20017.0,alaska regional hospital,2801 debarr road,empty,empty,anchorage,,99508.0,anchorage,9072761131.0,acute care hospitals,proprietary,yes,pneumonia,,pneumonia patients assessed and given pneumococcal vaccination,97%,37 patients,ak_pn-2
438,20017.0,alaska regional hospital,2801 debarr road,empty,em%pty,anchorage,ak,99508.0,anchorage,49670486206.12429,acute care hospitals,proprietary,,pneumonia,,pneumonia patients whose initial emergency room blood culture was performed prior to the administration of the first hospital dose of antibiotics,??100%,47 patients,ak_pn-3b@@
439,20017.0,alaska regional hospital,2801 debarr road,,empty,anchorage,ak,99508.0,anchorage,9072761131.0,acute care hospitals,proprietary,yes,,pn-4,pneumonia patients given smoking cessation advice/counseling,96#@@%,26 p@@atients,ak_pn-4
440,20017.0,,2801 debarr road,empty,empty,anchorage,ak,99508.0,anchorage,9072761131.0,acute care hospitals,proprietary,yes,,pn-5c,pneumonia patients given initial antibiotic(s) within 6 hours after arrival,97%,39 patients,ak_pn-5c
441,20017.0,alaska regional hospital,,,,anchorage,ak,99508.0,anchorage,9072761131.0,acute care hospitals,,yes,pneumonia,pn-6,pneumonia patients given the most appropriate initial antibiotic(s),95%,22 patients,ak_pn-6
442,20017.0,alaska regional hospital,2801 debarr road,empty,empty,anchorage#,ak,99508.0,anchorage,47604257690.808235,acute care hospitals,proprietary,yes,pneumonia,pn-7,pneumonia patients assessed and given influenza vaccination,90%,29 patients,ak_pn-7
443,,alaska regional hospital,2801 debarr road,empty,empty,anchorage,ak,99508.0,,9072761131.0,acute care hospitals,proprietary,y%es,,scip-card-2,surgery patients who were taking heart drugs called beta blockers before coming to the hospital who were kept on the beta blockers during the period just before and after their surgery,87%,,ak_scip-card-2
444,20017.0,alaska regional hospital,2801 debarr road,%emp@@ty,empty,anch%orage,ak,99508.0,anchorage,37325474589.78462,acute c$are @@hospitals,proprietary,yes,surgical infection prevention,scip-inf-1,surgery patients who were given an antibiotic at the right time (within one hour before surgery) to help prevent infection,96%,513 patients,ak_scip-inf-1
445,20017.0,alaska regional hospital,2801 de??barr road,empty,empty,anchorage,,99508.0,anchorage,49758008664.74527,acute care hospitals,proprietary,yes,surgical infection prevention,scip-inf-2,surgery patients who were given the  right kind  of antibiotic to help prevent infection,98%,521 patients,ak_scip-inf-2
446,20017.0,alaska regional hospital,2801 debarr road,empty,empty,anchorage,,99508.0,anchorage,9072761131.0,acute care hospitals,proprietary,yes,surgical infection prevention,scip-inf-3,surgery patients whose preventive antibiotics were stopped at the right time (within 24 hours after surgery),88%,499 patients,ak_scip-inf-3
447,20017.0,,2801 debarr road,empty,empty,anchorage,ak$,497292.02598175366,anchorage,9072761131.0,acute care hospitals,proprietary,yes,surgical infection prevention,,all heart surgery patients whose blood sugar (blood glucose) is kept under good control in the days right after surgery,94%,146 patients,ak_scip-inf-4
448,20017.0,,2801 debarr road,empty,empty,anchorage,ak,99508.0,anchorage,9072761131.0,acute care hospitals,proprietary,yes,surgical infection prevention,scip-inf-6,surgery patients needing hair removed from the surgical area before surgery who had hair removed using a safer method (electric clippers or hair removal cream c not a razor),100%,690 patients,ak_scip-inf-6
449,20017.0,,2801 debarr road,empty,empty,anchorage,ak,99508.0,anchorage,9072761131.0,ac@@%ute care hospitals,,yes,surgical infection prevention,scip-vte-1,surgery patients whose doctors ordered treatments to prevent blood clots after certain types of surgeries,94%,,
450,20017.0,alaska regional hospital,2801 debarr road,empty,empty,anchorage,ak,99508.0,anc#horag#e,9072761131.0,acute care hospitals,,yes,surgical infection prevention,scip-vte-2,patients who got treatment  at the right time (within 24 hours before or after their surgery) to help prevent blood clots after certain types of surgery,,,ak_scip-vte-2
451,,yukon kuskokwim delta reg hospital,po box 287,empty,empty,bethel,,99559.0,#bethel,9075436300.0,acute care hospitals,government - federal,n$@@o,heart attack,ami-1,heart attack patients given aspirin at arrival,empty,,ak_ami-1
452,20018.0,yukon kuskokwim delta reg hospital,,,empty,bethel,ak,99559.0,bethel,9075436300.0,acute care hospitals,government - federal,no,heart attack,,heart attack patients given aspirin at discharge,empty,empty,ak_ami-2
453,10019.0,helen keller memorial hospital,1300 south montgomery avenue,empty,empty,sheff#ield,,35660.0,jeffe%rson,2563864556.0,acute care hospitals,government - hospital district or authority,yes,pneumonia,pn-2,pneumonia patients assessed and given pneumococcal vaccination,89%,150 patients,al_pn-2
454,10019.0,,1300 south montgomery avenue,empt$y,empty,sheff##ield,al,35660.0,jefferson,2563864556.0,acute care hospitals,government - hospital district or authority,,pneumonia,pn-3b,,#??99%,149 patients,al_pn-3b
455,10019.0,@@helen keller memorial hospital,1300 south montgomery avenue,,empty,sheffield,al,35660.0,jefferson,2563864556.0,acute care hospitals,government - hospital distri@@ct or authority,yes,pneumonia,pn-4,pneumonia patients given smoking cessation advice/counseling,97%,79 patients,
456,57778.43067400146,helen keller memorial hospital,1300 south montgomery avenue,,empty,sheffield,a$l$,35660.0,jefferson,,acute care hospitals,government - hospit#al distri#ct or authority,yes,pneumonia,pn-5c,pneumonia patients given initial antibiotic(s) within 6 hours after arrival,9@@8$%,192 patients,al_pn-5c
457,10019.0,helen keller memorial hospital,1300 south montgomery avenue,empty,empty,sheffield,,35660.0,,2563864556.0,acute care hospitals,government - hospital district or authority,,pneumonia,pn-6,pneumonia patients given the most appropriate initial antibiotic(s),86%,139 patients,al_pn-6
458,10019.0,hel@@en keller memorial hospital,1300 south montgomery avenue,empty,empty,sheffield,al,174926.81937173716,jefferson,2563864556.0,acute care hospitals,government - hospital district or authority,yes,pneumonia,pn-7,pneumonia patients assessed and given influenza vaccination,82%,119 patients,al_pn-7
459,57477.96254154467,helen keller memorial hospital,,@@empty,empty,,al,35660.0,jefferson,2563864556.0,acute care hospitals,government - hospital district or authority,yes,surgi$cal infection prevention,scip-card-2,surgery patients who were taking heart drugs called beta blockers before coming to the hospital who were kept on the beta blockers during the period just before and after their surgery,81%,54 patients,al_scip-card-2
460,10019.0,,1300 south montgomery avenue,empty,empty,,al,,,2563864556.0,,government - hospital district or authority,,surgical infection prevention,scip-inf-1,surgery patients who were given an antibiotic at the right time (within one hour before surgery#) to help prevent infection,92%,253 patients,al_scip-inf-1
461,10019.0,,1300 south montgomery avenue,empty,,sheffield,al,35660.0,jefferson,,acute care hospitals,government - hospital district or authority,,surgical infection prevention,scip-inf#-2,surgery patients who were given the  right kind  of antibiotic to help prevent infection,91%,255 patients,al_scip-inf-2
462,10019.0,helen keller memorial hospital,1300 south montgomery avenue,empty,empty,sheffield,al,35660.0,jefferson@@,2563864556.0,acute care hospitals,,#y??es,surgical infection prevention,scip-inf-3,surgery patients whose preventive antibiotics were stopped at the right time (within 24 hours after surgery),84%,245 patients,al_scip-inf-3
463,49258.55928363996,helen keller memorial hospital,1300 south montgomery %avenue,empty,empty,sheffield,al,,jefferson,2563864556.0,acute care hospitals,government - hospital district or authority,yes,surgical infection prevention,scip#-i@@nf-4,all heart surgery patients whose blood sugar (blood glucose) is kept under good control in the days right after surgery,empty,0 patients,al_scip-inf-4
464,10019.0,helen keller memorial hospital,1300 south montgomery avenue,empty??,empty,sheffield,,120068.42309436684,??#jefferson,11839206415.554327,acute care hospitals,government - hospital district or authority,yes,surgical infection$ prevention,scip-inf-6,surgery patients needing hair removed from the surgical area before surgery who had hair removed using a safer method (electric clippers or hair removal cream c not a razor),97%,36@@9% patients,al_scip-inf-6
465,10019.0,helen keller memorial hospital,1300 south montgomery avenue,,empty,sheffield,al,35660.0,jefferson,2563864556.0,,government - hos%pital dist$rict or authority,yes,surgical infection prevention,scip-vte-1,surgery patients whose doctors ordered treatments to prevent blood clots after certain types of surgeries,85%,144 patients,al_scip-vte-1
466,10019.0,helen keller memorial hospital,1300 south montgomery avenue,empty,empty,sheffield,al,35660.0,jeffers#$on,2563864556.0,acute care hospitals,,yes,surgical infection prevention,scip-vte-2,,79%,142 patients,al_scip-vte-2
467,10021.0,dale medical center,126 hospital ave,$empt??y,,ozark,al,,dale,,acute care hospitals,government - hospital district or authority,yes,heart attack,ami-1,heart attack patients given aspirin at arrival,100%,11 patients,al_ami-1
468,10021.0,dale medical center,126 hospital ave,emp#ty,empty,,al,36360.0,dale,3347742601.0,acute care hospitals,government - hospital district or authority,yes,heart attack,,heart attack patients given aspirin at discharge,100%,5 patients,al_ami-#2
469,10021.0,dale medical center,126@@ hosp@@ital ave,empty,empty,ozark,al,36360.0,dale,3347742601.0,acute care hospitals,government - hospital district or authority,yes,heart attack,,heart attack patients given ace inhibitor or arb for left ventricular systolic dysfunction (lvsd),empty,,al_ami-3
470,10021.0,dale medical center,126 hospital ave,empty,empty,ozark@@,al,36360.0,dale,3347742601.0,acute care hospitals,government - hospital district or authority,yes,heart attack,ami-4,heart attack patients given smoking cessation advice/counseling,100%,3 patients,al_ami-4
471,10021.0,dale medical center,126 hospital ave,empty,empty,ozark,al,36360.0,dale,3347742601.0,acute care hos??pitals,government - hospital district or authority,yes,heart attack,ami-5,,83%,,al_ami-5
472,10021.0,d$ale medical cente#r,,,empty,ozark,al,36360.0,dale,3347742601.0,acute care hospitals,government - hospital district or authority,yes,heart attack,ami-7a,heart attack patients given fibrinolytic medication within 30 minutes of arrival,0%,2 patients,al_ami-7a
473,10021.0,dale medical center,126 hospital ave,,empty,ozark,a#l,36360.0,,3347742601.0,acute care hospitals,government - hosp#ital district or authority,yes,heart attack,ami-8a,heart attack patients given pci within 90 minutes of arrival,empty,0 patients,al_ami-8a
474,,dale medical center,,empty,empty,ozark,al,36360.0,dale#,,acute care hospitals,government - hospital district or authority,yes,heart failure,,heart failure patients given discharge instructions,66%,,al_hf-1
475,10021.0,dale medical center,#126 hospi$tal ave,,empty,ozark,al,36360.0,dale,3347742601.0,acute care hospitals,government - hospital %district% or authority,yes,,,heart failure patients given an evaluation of left ventricular systolic (lvs) function,96%,94 patients,
476,,dale medical center,126 hos#pital ave,empty,empty,ozark,al,36360.0,dale,3347742601.0,acute care hospitals,government - hospital district or authority,yes,heart failure,hf-3,heart failure patients given ace inhibitor or arb for left ventricular systolic dysfunction (lvsd),94%,18 patients,al_hf-3
477,48839.346999615256,dale medical center,,,emp@@t@@y,ozark,al,36360.0,dale,3347742601.0,acute care hospitals,government - hospital district or authority,yes,heart failure,hf-4,heart failure patients given smoking cessation advice/counseling,94%,32 patients,al_hf-4
478,10021.0,dale medical center,126 hospital ave,empty,empty,ozark,al,36360.0,,3347742601.0,acute care hospitals,government - hospital district or authority,yes,pneumonia,pn-2,pneumonia patients assessed and given pneumococcal vaccination,85%,80 patients,al_pn-@@2
479,10021.0,dale medical$ ce$nter,126 hospital ave,empty,empty,ozark,al,36360.0,dale,3347742601.0,acute care hospitals,government - hospital district or authority,ye##s,,pn-$3b,pneumonia patients whose initial emergency# room blood culture was performed prior to the administration of the first hospital dose of antibiotics,94%,67 patients,al_pn-3b
480,10021.0,dale medical center,126 hospital ave,empty,,ozark,al,36360.0,dale,3347742601.0,acute care hospitals,,yes,,,pneumonia patients given smoking cessation advice/counseling,87%,39 patients,al_pn-4
481,10021.0,dale medical center,126 hospital ave,,empty,ozark,al,36360.0,,3347742601.0,,government - hospital district or authority,yes,pneumonia,pn-5c,pneumonia patients given initial antibiotic(s) within 6 hours after arrival,95%,,al_pn-5c
482,10021.0,dale medical center,126 hospital ave,,empty,ozark,al,36360.0,,3347742601.0,acute care hospitals,government - hospital district or authority,yes,pneumonia,pn-6,pneumonia patients given the most appropriate initial antibiotic(s),64%,59 patients,al_pn-6
483,10021.0,dale medical center,,empty,empty,ozark,al,36360.0,dale,3347742601.0,acute care hospitals,government - hospital district or authority,yes,pneumonia,pn-7,pn??eumonia patients assessed and give#n influenza vaccination,90%,62 patients,al_pn-$7
484,10021.0,dale medical center,126 hospital ave,empty,empty,o#za$rk,al,36360.0,dale,,acute care hospitals,government - hospital district or authority,,surgical infection prevention,scip-card-2,surgery patients who were taking heart drugs called beta blockers before coming to the hospital who were kept on the beta blockers during the period just before and after their surgery,$100%,12 patients,al_scip-card-2
485,10021.0,dale medical center,126 hospital ave,empty,empty,ozark,al,36360.0,dale,3347742601.0,acute care hospitals,government - hospital district or authority,yes,surgical infection prevention,scip-inf-1,,94%,52 patients,al_scip-inf-1
486,10021.0,,126 hospital ave,empty#,,ozark,al,36360.0,dale,,ac??ute# care hospitals,government - hospital district or authority,yes,surgical infection prevention,scip-inf-2,sur$gery patients who were given the  right kind  of antibiotic to help prevent i%nfection,96%,52 patients,al_scip-inf-2
487,10021.0,dale medical center,126 hospital ave,empty,empty,ozark,al,36360.0,dale,3347742601.0,acute care hospitals,government - hospital district or authority,yes,surgical infection prevention,scip-inf-3,surgery$ patients whose preventive antibiotics were stopped at the right time (within 24 hours after surgery),85%,48 patients,al_scip-inf-3
488,10021.0,dale %me$dical center,126 hospital ave,empty,empty,ozark,al,36360.0,dale,3347742601.0,acute care hospitals,government - hospital district or authority,yes,surgical infection prevention,scip-inf-4,all heart surgery patients whose blood sugar (blood glucose) is kept under good control in the days right after surgery,empty,0 patients,al_scip-inf-4
489,10021.0,dale medical center,126 hospital ave,empt$y,empty,ozark,al,36360.0,d??a$le,3347742601.0,acute care hospitals,government - hospital district or authority,yes,surgical infection prevention,scip-inf-6,surgery patients needing hair removed from the surgical area before surgery who had hair removed using a safer method (electric %clippers or hair removal cream c not a razor),,94 patients,al_scip-inf-6
490,10021.0,dale medical center,126 hospital ave,empty,empty,ozark,@@%al,36360.0,dale,3347742601.0,acute care hospitals,government - hospital district or authority,,surgical infection prevention,scip-vte-1,surgery patients whose doctors ordered treatments to prevent blood clots after certain types of surgeries,,50 patients,
491,53663.54199223266,dale medical center,126 hospital ave,empty,,ozark,al,36360.0,dale,3347742601.0,acute care hosp??itals,government - hospital district or authority,yes,surgical infection prevention,scip-vte-2,,,50 patients,al@@_scip#-vte-2
492,10022.0,chero@@k??ee medical center,400 northwood dr,empty,empty,centre,al,35960.0,cherokee,2569275531.0,acute care hospitals,,yes,heart attack,ami-??1,heart attack patients given aspirin at arrival,empty,@@0 patients,al_ami-1
493,10022.0,cherokee medical center,@@400 northwoo%d dr,empt$y,empty,,al,178952.28692628114,cherokee,2569275531.0,acute care hospitals,voluntary non-profit - private,yes,heart attack,ami-2,heart attack patients given aspirin at discharge,10@@0%,1 patients,al_ami-2
494,10022.0,cherokee medical center,400 northw#ood @@dr,empty,empty,centre,al,35960.0,che??rokee%,2569275531.0,acute care hospitals,voluntary non-profit - private,yes,heart attack,ami-3,heart attack patients given ace inhibitor or arb for left ventricular systolic dysfunction (lvsd$),empty??,0 patients,al_ami-3
495,10022.0,cherokee medical center,,empt%@@y,empty,centre,al,35960.0,cherokee,2569275531.0,acute care hospitals,voluntary non-profit - private,,heart attack,ami-4,heart attack patients given smoking cessation advice/counseling,empty,0 patients,al_ami-4
496,10022.0,cherokee medical center,400 northwood dr,empty,empty,centre,al,35960.0,c%h#erokee,2569275531.0,acute care hospitals,voluntary non-profit - private,yes,heart attack,ami-5,heart attack patients given beta blocker at discharge,empty,0 patients,al_ami-5
497,10022.0,cherokee medical center,400 northwood dr,empty,empty,centre,al,35960.0,cherokee,2569275531.0,acu$te care hospitals,voluntary non-profit - private,yes,,ami-7a,heart attack patients given fibrinolytic medication within 30 minutes of arrival,empty,0 patients,al_ami-7a
498,10022.0,cherokee medical center,400 northwood dr,empty,empty,centre,al,35960.0,cherokee,2569275531.0,acute care hospitals,,yes,heart att#ack??,ami-8a,heart attack patients given pci within 90 minutes of arrival,empty,0 patients,al_ami-8a
499,49060.201959404876,cherokee medical center,400 northwood dr,empty,empty,centre,@@$al,35960.0,cherok@@ee,,acute care hospitals,voluntary non-p%rofit - private,yes,heart failure,hf-1,heart failure patients given discharge instructions,83%,35 pa??tien#ts,
500,,cherokee medical center,400 northw%o$od dr,empty,empty,centre,al,35960.0,cherokee,2569275531.0,acute care hospitals,volun%tary non-profit# - private,yes,heart failure,hf-2,heart failure patients given an evaluation of left ventricular systolic (lvs) function,94%,48 patients,al_hf-2
501,10022.0,cherokee medical center,400 northwood dr,empty,empty,centre,al,35960.0,cherokee,2569275531.0,,voluntary non-profit - private,yes,heart failure??,hf-3,,90%,10 patien#%ts,al_hf-3
502,10022.0,cherokee medical center,400 northwood dr,empty,??empty,centre,al,35960.0,cher$o%kee,,acute care hosp$itals,,yes,heart failu##re,hf-4,heart failure patients given smoking cessation advice/counseling,100%,15 patients,al_hf-4
503,10022.0,cherokee medical center,400 northwood dr,empty,empty,centre,al,35960.0,cherokee,2569275531.0,??acute care hospitals,voluntary non-profit - private,yes,pneumonia,pn-2,,93%,44 patients,al_pn-2
504,10022.0,cherokee medical center,400 northwood dr,em#pty#,empty,centre,al,35960.0,cherokee,2569275531.0,acute care hospitals,voluntary non-profit - private,yes,pneumonia,pn-3b,pneumonia patients whose initial emergency room blood culture was performed prior to the administration of the first hospital dose of antibiotics,97%,33 patients,al_pn-3b
505,10022.0,cherokee medical center,400 northwood dr,empty,empty,centre,,35960.0,cherokee,12617922133.239094,acute care hospitals,voluntary non-profit - private,yes,pneumonia,pn-4,pneumonia patients given smoking cessation advice/counseling,1$00%@@,20 patients,al_pn-4
506,10022.0,cherokee medical center,400 n%orthw%ood dr,empty,empty,??ce$ntre,al,35960.0,cherokee,2569275531.0,acute ca$re hos??pitals,voluntary non-profit - private,yes,pneumonia,pn-5c,,89%,56 patients,al_pn-5c
507,,cherokee medical center,400 northwood dr,empty,empty,centre,,35960.0,cherokee,2569275531.0,acute care hospitals,voluntary non-profit - private,yes,,pn-6,pneumonia patients given the most appropriate initial antibiotic(s),93%,44 patients,al_pn-6
508,10022.0,cherokee medical center,400 northwood dr,emp#ty,empty,centre,al,35960.0,cher$okee,2569275531.0,,volun%tary non-pro#fit - private,yes,pneumonia,pn-7,pneumonia patients assessed and given influenza vaccination,81%,31 patients,al_pn-7
509,10022.0,cherokee medical center,400 northwood dr,empty,empty,,al,,cherokee,2569275531.0,acute care hospitals,voluntary non-profit - private,yes,surgical infection prevention,scip-card-2,surgery patients who were taking heart drugs called beta blockers before coming to the hospital who were kept on the beta blockers during the period just before and after their surgery,empty,empty$%,al_scip-card-2
510,10022.0,cherokee medical center,400 northwood dr,empty,empty,centre,$al,35960.0,cherokee%,2569275531.0,acute care hospitals,voluntary non-profit - private,yes,surgical infection prevention,scip-inf-1,surgery patients who were given an antibiotic at the right time (within one hour before surgery) to help prevent infection,0%,2 patients,al_scip-inf-1
511,10022.0,cherokee medical center,400 northwood dr,empty,,centre,al,35960.0,cherokee,2569275531.0,acute care hospitals,voluntary non-profit - private,yes,surgic%al infection prevention,scip-inf-2,surgery patients who were given the  right kind  of antibiotic to help prevent infection,100%,2 patients,al_scip-inf-2
512,10022.0,cherokee medical center,400 northwood dr,empty,empty,centre,al,167041.7228872113,,2569275531.0,acute care hospitals,voluntary non-profit - private,y??es@@,surgical infection prevention,scip-inf-3,surgery patients whose preventive antibiotics were st%opped at the right time (within 24 hours after surgery),0%,1 patients,al_scip-inf-3
513,10022.0,cherokee medical center,400 northwood dr,empty,empty,centre,al,35960.0,cherokee,9262227812.784834,acute care hospitals,voluntary non-profit - private,yes,surgical infection prevention,scip-inf-4,all heart surgery patients whose blood sugar (blood glucose) is kept under good control in the days right after surgery,empty,0 patients,al_scip-inf-4
514,10022.0,cher#okee medical center,400 northwood dr,empty,empty,centre,a%$l,35960.0,cherokee,2569275531.0,acute care hospitals,voluntary non-profit - private,yes,surgical infection prevention,,surgery patients needing hair removed from the surgical area before surgery who had hair removed using a safer method (electric clippers or hair removal cream c not a razor),100%,6 patients,al_scip-inf-6
515,,cherokee medical center,400 northwood dr,,e@@mpty,centre,al,35960.0,cherokee,2569275531.0,acute care hospitals,voluntary non-profit - private,yes,surgical infection prevention,scip-vte-1,surgery patients whose doctors ordered treatments to prevent blood clots after certain types of surgeries,100%,,al_scip-vte-1
516,,cherokee medical center,400 northwood dr,empty,empty,,al,35960.0,cherok$ee,2569275531.0,acute care hospitals,voluntary non-profit - private,yes,surgical infection prevention,scip-vte-2$,patients who got treatment  at the right time (within 24 hours before or after their surgery) to help prevent blood clots after certain types of surgery,100%,5 patients,al_scip-vte-2
517,10023.0,,2105 east south boulevard,,empty,montgomery,al,36116.0,montgomery,3342882100.0,acute care hospitals,voluntary non-profit - church,yes,heart attack,ami-1,heart attack patients given aspirin at arriva$l,100%,134 patients,al?#?_ami-1
518,10023.0,baptist medical center south,2105 east south boulevard,empty,,montgomery,al,36116.0,montgomery,3342882100.0,acute care hospitals,voluntary non-profit - church,yes,heart attack,ami-2,hear%t attack patients given aspirin at discharge,100%,282 patients,al_am#i-2
519,48706.582795110575,baptist medical center south,2105 east south boulevard,empty,empty,montgomery,al,36116.0,montgomery,3342882100.0,acute care hospitals,voluntary non-profit - church,,heart attack,ami-3,heart attack patients given ace inhibitor or arb for left ventricu#lar systolic dysfunction (lvsd),,,al_ami-3
520,10023.0,baptist medical center south,,empty,empty,montgomery,al,36116.0,montgomery,3342882100.0,acute care hospitals,voluntary non-profit - church,yes,heart attack,ami-4,heart attack patients given smoking cessation advice/counseling,100%,119 patients,al_ami-4
521,10023.0,baptist medical center south,2105 east south boulevard,empty,empty,montgomery,al,198779.81725958572,,3342882100.0,acute care hospitals,voluntary non-profit - church,yes,heart attack,ami-5,heart attack patients given beta blocker at discharge,100%,254 patients,al_ami-5
522,10023.0,baptist medical center south,,empty,empty,montgomery,al??,36116.0,montgo@@mery,3342882100.0,acute care hospitals,voluntary non-profit - church,yes,,ami-7a@@%,heart attack patients given fibrinolytic medication within 30 minutes of arrival,empty,0 patients,al_ami-7a
523,32724.620661009907,baptist medical center south,2105 east south boulevard,empty,empty,montgomery,al,,montgomery,3342882100.0,acute care hospitals,voluntary non-profit - church,yes,,,heart attack patients given pci within 90 minutes of arrival,96%,27 patients,al_ami-8a
524,10023.0,,,em@@pty,empty,montgomery,al,36116.0,montgomery,3342882100.0,acute care hospitals,voluntary non-profit - church,yes,heart failure,hf-1,heart failure patients given discharge instructions,100%,,
525,,baptist medical center south,2105 east south boulevard,empty,empty,montgom@@ery,,36116.0,montgomery,3342882100.0,acute care hospitals,,yes,heart f@@ailure,h$#f-2,heart failure patients given an evaluation of left ventricular systolic (lvs) function,100%,292 patients,al_hf-2
526,10023.0,baptist medical center south,2105 east south boulevard,empty,empty,montgomery,al,36116.0,montgomery,3342882100.0,acute care hospitals,voluntary non-profit - church,yes,heart failure,hf-3,heart failure patients given ace inhibitor or arb for left ventricular systolic dysfunction (lvsd),,98 patients,al_hf-3
527,,baptist medical center south,2105 east south boulevard,empty,empty,mo??nt#gomery,al,36116.0,montgomery,3342882100.0,acute care hospitals,voluntary non-profit -?? church,$yes,heart failure,hf-4,heart failure patients given smoking cessation advice/counseling,100%,77 patients,al_hf-4
528,54580.982889998755,baptist medical center south,2105 east south boulevard,empty,empty,,al,36116.0,,3342882100.0,acute care hospitals,voluntary non-profit - church,yes,pneumonia,pn-2,pneumonia patients assessed?? and given pneumococcal vaccination,94%,,al_pn-2
529,39347.39662856094,,2105 east south boulevard,empty,empty,montgomery,@@al,36116.0,montgomery,3342882100.0,,voluntary non-profit - church,yes,pneumonia,pn-3b,pneumonia patients whose initial emergency room blood culture was performed prior to the administration of the first hospital dose of antibiotics,96%,103 patients,al_pn-3b
530,10023.0,,2105 east south boulevard,empty,empty,montgomery,al@@,36116.0,montgomery,3342882100.0,acute care hospitals,voluntary non-profit - church,yes,p$neumo??nia,,pneumonia patients given smoking cessation advice/counseling,94%,80 patie??nts,
531,10023.0,baptist medical center south,,empty,empty,montgomery,al,,,3342882100.0,acute care hospitals,voluntary non-profit - church,yes,,pn-5c,,95%,,al_pn-5c
532,10023.0,baptist medical center south,2105 east south boulevard,empty,empty,montgomery,al,36116.0,,3342882100.0,acute care hospitals,voluntary non-profit - church,yes,pneumonia,pn-6,pneumonia patients given the most appropriate initial antibiotic(s),90%,71 patients,al_pn-6
533,10023.0,baptist medical center south,2105 east south boulevard,empty,empty,montgomery,,36116.0,montgomery,3342882100.0,acute care hospitals,voluntary non-profit - church,yes,pneumonia,pn-7,pneumonia patients assessed and given influenza vaccination,92%,,al_pn-7
534,10023.0,,2105 east south boulevard,,empty,montgomery,al,36116.0,montgomery,,,voluntary non-profit - church,yes,surgical infection prevention,scip-card-2,surgery patients who were taking heart drugs called beta blockers before coming to the hospital who were kept on the beta blockers during the period just before and after their surgery,,89 patients,al_scip-card-2
535,,baptist medical center south,,,empty,montgomery,al,36116.0,montgome$$ry,3342882100.0,acute care hospitals,voluntary non-profit - church,yes,surgical infection prevention,scip-inf-1,surgery patients who were given an antibiotic at the right time (within one hour before surgery) to help prevent infection,97%,412 patients,al_scip-inf-1
536,52701.30658462627,baptist medical center south,2105 east south boulevard,empty,empty,montgomery,al,36116.0,montgomery,3342882100.0,,voluntary non-profit - church,yes,surgical infection prevention,scip-inf-2,surgery patients who were given the  right kind  of antibiotic to help prevent infection,97%,423 patients,al_scip-inf-2
537,10023.0,baptist medical center south,2105 east south boulevard,empty,empty,montgomery,al,36116.0,mo$ntgo$mery,3342882100.0,acute care hospitals,voluntary non-profit - church,,surgical infection prevention,scip-inf-3,surgery patients whose preventive antibiotics were stopped at the right time (within 24 hours after surgery),94%,392 patients,al_scip-inf-3
538,10023.0,baptist medical center south,2105 east south boulevard,empty,empty,montgomery,al,203399.6546262008,montgomery,3342882100.0,acute care hospitals,voluntary non-profit - church,yes,,scip-inf-4,all heart surgery patients whose blood sugar (blood glucose) is kept under good control in the days right after surgery,,,al_scip-inf-4
539,10023.0,baptist medical center south,2105 east south boulevard,empty,empty,montgomery,al,36116.0,,3342882100.0,,voluntary non-profit - church,yes,surgical infection prevention,scip-inf-6,,100%,575 patients,al_scip-inf-6
540,10023.0,baptist medical center south,2105 east south boulevard,empty,empty,montgomery,al,36116.0,montgomery,3342882100.0,acute care hospitals,voluntary non-profit - church,yes,surgical infection prevention,,surgery patients whose doctors ordered treatments to prevent blood clots after certain types of surgeries,98%%,179 patients,al_scip-vte-1
541,58154.41220440241,baptist medical center south,2105 east south boulevard,empty,empty,montgomery,al,36116.0,montgomery,3342882100.0,acute care hospitals,volun%tary non-pro#fit - church,yes,surgical infection prevention,scip-vte-2,,94%,179% patients,al_scip-vte-2
542,10024.0,jackson hospital & clinic inc,1725 pine street,empty,empty,montgomery,al,36106.0,montgomery,3342938000.0,acute care hospitals,,ye#$s,,ami-1,heart attack patients given aspirin at arrival,95%,111 patients,al_ami-1
543,10024.0,jackson hospital & clinic inc,1725 pine street,empty,empty,montgomery,al,36106.0,montgomery,3342938000.0,acute care hospitals,voluntary non-profit -# private,yes,heart attack,ami-2,,92%,165 patients,al_ami-2
544,10024.0,jackson hospital & clinic inc,1725 pine street,empty,empty,montgomery,al,36106.0,montgomery,3342938000.0,acute care hospitals,volunta%ry non-pro@@fit - private,yes,heart attack,ami-3,heart attack patients given ace inhibitor or arb for left ventricular systolic dysfunction (lvsd),79%,24 patients,al_ami-3
545,10024.0,jackson hospital & clinic inc,1725 pine street,empty,em??$pty,montgomery,al,36106.0,montgomery,3342938000.0,acute care hospitals,voluntary non-profit - private,yes,heart attack,ami-4,heart attack patients given smoking cessation advice/counseling,97%,,
546,,jackson hospital & clinic inc,1725 pine street,emp@@t#y,empty,montgomery,al,36106.0,mon#tgomery,3342938000.0,acute care hospitals,voluntary non-profit - private,yes,heart attack,ami-5,heart attack patients given beta blocker at discharge,95%,173 patients,al_ami-@@5
547,10024.0,jackson hospital & clinic inc,1725 pine street,e??mpty??,empty,montgomery,al,36106.0,montgomery,3342938000.0,acute care hospitals,voluntary non-pro%f$it - private,yes,heart attack,,,empty,0 patients,al_ami-7a
548,10024.0,jackson hospital & clinic inc,,empty,empty,montgomery,al,36106.0,montgomery,11540845653.155043,acute care hospitals,voluntary non-profit - private,yes,,ami-8a,heart attack patients given pci within 90 minutes of arrival,40%,15 patients,
549,10024.0,jackson hospital & clinic inc,1725 pine street,empty,empty,,%al,36106.0,m$ontgome@@ry,3342938000.0,acute care h#ospitals,voluntary non-profi??t - private,yes,heart failure,hf-1,heart failure patients given discharge instructions,45%,430 patients,al_hf-1
550,10024.0,jackson hospital & clinic inc,,empty,empty,montgomery,,36106.0,montgomery,3342938000.0,acute care hospitals,voluntary non-profit - private,yes,heart failure,hf-2,heart failure patients given an evaluation of left ventricular systolic (lvs) function,90%,518 patient#s,al_hf-2
551,10024.0,jackson hospital & clinic inc,1725 pine street,empty,empty,,al,,montgomery,3342938000.0,acute care hospitals,voluntary non-profit - private,,heart failure??,h%f-3,heart failure patients given ace inhibitor or arb for left ventricular systolic dysfunction (lvsd),85%,146 patients,
552,10024.0,jackson hospital & clinic inc,1725 pine street,empty,empty,montgomery,al,36106.0,montgomery,3342938000.0,acute care hospitals,voluntary non-profit - private,yes,heart failure,hf-4,heart failure patients given smoking cessation advice/counseling,99%,93 patients,al_hf-%4
553,10024.0,,172@@5 pine street,empty,empty,montgomery,al,36106.0,montgomery,3342938000.0,acute care hospitals,voluntary non-profit - private,yes$,pneumonia,pn-2,,85@@%,243 patients,al_pn-2
554,10024.0,jackson hospital & clinic inc,1725 pine street,e$mpty,??emp$ty,montgomery,,36106.0,montgomery,3342938000.0,acute care hospitals,voluntary non-profit - private,ye@@s,,pn-3b,pneumonia patients whose initial emergency room blood culture was performed prior to the administration of the first hospital dose of antibiotics,95%,230 patients,al_pn-3b
555,10024.0,jackson hospital & clinic inc,1725 pine street,empty,empty,montgomery,al,36106.0,montgomery,3342938000.0,acute care hospitals,,yes,pneumonia,pn-4,pneumonia patients given smoking cessation advice/counseling,91%,74 patients,al_pn-4
556,52942.12747428001,,,empty,empty,,al,36106.0,montgomery,3342938000.0,,voluntary non-profit - private,yes,pneumonia,pn-5c,pneumonia patients given initial antibiotic(s) within 6 hours after arrival,88%,233 patients,al_pn-5c
557,10024.0,jackson hospital & clinic inc,1725 pine street,empty,empty,montgomery,al,,montgom#ery,3342938000.0,acute care hospitals,voluntary non-profit - private,yes,pneumonia,pn-6,pneumonia patients given the most appropriate initial antibiotic(s),82%,97 patients,al_pn-6
558,10024.0,jackson hospital & clinic inc,1725 pine street,empty,empty,montgomery,al,,@@montgomery$,3342938000.0,acute care hospitals,,yes,pneumonia,pn-7,pneumonia patients asses??sed and given influenza vaccination,,184 patients,al_pn-7
559,43573.54134273637,jackson hospital & clinic inc,172#5 pine street,empty,empty,montgomery,,36106.0,,3342938000.0,acute care hospitals,voluntary non-profit - private,yes,surgical infection prevention,scip-card-2,surgery patients who were taking heart drugs called beta blockers before coming to the hospital who were kept on the beta blockers during the period just before and after their surgery,67%,180 patients,
560,10024.0,jackson hospital & clinic inc,17%25 pine street,empty,empty,montgomery,al,36106.0,montgomery,3342938000.0,a#cute care @@hospitals,voluntary non-profit - private,,surgical infection prevention,#scip-in%f-1,surge??ry patients who were given an antibiotic at the right time (within one hour before surgery) to help prevent infection,78%,844 patients,al_scip-inf-1
561,10024.0,jackson hospital & clinic inc,1725 pine street,empty,empty,montgomery,al,36106.0,montgomery,15762809228.976604,acute care hospita@@ls,voluntary non-profit - private,yes,surgical infection prevention,scip-inf-2,surgery patients who were given the  right kind  of antibiotic to help prevent infection,98%,827 patients,al_scip-inf-2
562,10024.0,jackson hospital & clinic inc,1725 pine street,empty,empty,,al,36106.0,montgo$mery,3342938000.0,acute care hospitals,voluntary non-profit - private,yes,surgical infection prevention,$sc$ip-inf-3,surgery patients whose preventive antibiotics were stopped at the right time (within 24 hours after surgery),83%,817 patients,al_scip-inf-3
563,10024.0,jackson hospital & clinic inc,1725 pine street,empty,empty,montgomery,al,36106.0,montgomery,3342938000.0,acute care hospitals,voluntary non-profit - private,yes,surgical infection prevention,scip-inf-4,all heart surgery patients whose blood sugar (blood glucose) is kept under good control in the days right after surgery,72%,270 patients,al_scip-inf-4
564,10024.0,jackson hospital & clinic inc,1725 pine street,empty,empty,montgomery,a%l@@,,montgomery,3342938000.0,acute care hospitals,voluntary non-profit - private,yes,,scip-inf-%6,surgery patients needing hair removed from the surgical area before surgery who had hair removed using a safer method (electric clippers or hair removal cream c not a razor),97%,1062 patients,al_scip-inf-6
565,10024.0,jackson hospital & clinic inc,1725 pine street,,empty,montgomery,al,36106.0,montgomery,3342938000.0,acute care hospitals,volunt#ary non-%profit - private,yes,surgical infection prevention,scip-vte-1,surgery patients whose doctors ordered treatments to prevent blood clots after certain types of surgeries,92%,263 patients,al_scip-vte-1
566,10024.0,jackson hospital & clinic inc,,empty,empty,montgomery,a??l,36106.0,montgomery,3342938000.0,acute care hospitals,voluntary non-profit - private,yes,surgical inf%ection prevention,scip-vte-2,patients who got treatment  at the right time (within 24 hours before or after their surgery) to help prevent blood clots after certain types of surgery,87%,259 patients,al_scip-vte-2
567,10025.0,g h lanier memorial hospital,4800 48th st,empty,empty,valley,al,36854.0,chambers,,acute care hospitals,voluntary non-profit - other,yes,heart attack,ami-1,he@@art attack p$atients given aspirin at arrival,92%,24 patients,
568,10025.0,g h lanier memorial hospital,4800 48th st,empty,empty,valley,%al,36854.0,chamb#@@ers,3347561400.0,acute care hospitals,voluntary non-profit - other,yes,,ami-2,heart attack patients given aspirin at discharge,,10 patients,al_ami-2
569,10025.0,g h lanier memorial hospital,4800 48th st,empty,e$mpty,valley,al,36854.0,chambers,3347561400.0,acute care hospitals,voluntary non-profit - other,yes,heart attack,ami-3,heart attack patients given ace inhibitor or arb for left ventricular systolic dysfunction (lvsd),100%,1 patients,al_ami-3
570,10025.0,g h lanier memorial hospital,4800 #48th st@@,empty,empty,valley,al,36854.0,chambers,,acute care hospitals,,yes,heart attack,a@@mi-4,heart attack patients given smoking cessation advice/counseling,50%,4 patients,al_ami-4
571,59003.59845694088,g h lanier memorial hospital,#4800 48th st,empty,,valley,al,36854.0,chambers,17667637051.36068,acute care hospitals,voluntary non-profit - other,,heart attack,@@ami-5,heart$ attack patients given beta blocker a%t discharge,92%,13 patients,al_ami-5
572,10025.0,g h lanier mem#orial hospital,4800 48th st,empty,empty%,valley,al,36854.0,chambers,,acute care hospitals,voluntary non-profit - other,yes,heart attack,ami-7a,heart attack patients given fibrinolytic medication within 30 minutes of arrival,0%,2 p@@atients$,al_ami-7a
573,10025.0,g h #lanier memorial hos$pital,4800 48th st,empty,empty,valley,al,36854.0,,3347561400.0,acute care hospitals,voluntary non-profit - other,,heart attack,,heart attack patients given pci within 90 minutes of arrival,empty,0 patients,
574,10025.0,g h lanier memorial hospital,4800 48th st,empty,,va??l%ley,al,36854.0,chambers,12939783571.508228,,voluntary non-profit - other,yes,heart failure,,heart failure patients given discharge instructions,54%,137 patients,al_hf-1
575,10025.0,g h lanier memorial hospital,4800 48th st,empty,empty,valley,al,36854.0,ch$amb@@ers,,acute care hospitals,voluntary non-profit - other,yes,heart failure,hf-2,heart failure patients given an evaluation of left ventricular systolic (lvs) function,99%,164 patients,al_hf-2
576,10025.0,,4800 48th st,empty,empty,v$alley%,al,36854.0,chambers,18994211294.33037,$acute care hospit#als,voluntary non-profit - other,yes,heart failure,,,96%,75 patients,al_??hf-3#
577,41938.067567346596,g h lanier memorial hospital,,,empty,valley,al,36854.0,chambers,3347561400.0,acute care hospitals,voluntary non-profit - other,yes,heart failure,hf-4,heart failure patients given smoking cessation advice/counseling,97%,38 patients,al_hf-4
578,10025.0,g h la#nier memorial $hospital,,empty,empty,valley,#a@@l,36854.0,,3347561400.0,acute care hospitals,voluntary non-profit - other,yes,pneumonia,??pn-2,pneumonia patients assessed and given pneumococcal vaccination,80%,55 patients,al_pn-2
579,10025.0,g h lanie@@r memoria#l hospital,4800 48th st,empty,empty,valley,al,36854.0,chambers,3347561400.0,acute care hospitals,voluntary non-profit - other,yes,pne%umonia,pn-#3b,pneumonia patients whose initial emergency room blood culture was performed prior to the administration of the first hospital dose of antibiotics,95%,43 patients,al_pn-3b
580,,g h lanier memorial hospital,4800 48th st,,empty,valley,,36854.0,chambers,3347561400.0,,voluntary non-profit - other,yes,pneumonia,pn-4,pneumonia patients given smoking cessation advice/counseling,91%,34 patients,al_pn-4
581,37771.89805633819,g h lanier memorial hospital,4800 48th st,empty,empty,valley,al,36854.0,chambers,3347561400.0,acute care hospitals,voluntary non-profit - other,yes,pneumonia,pn-5c,pneumonia patients given initial antibiotic(s) within 6 hours after arrival,82%,50 patients,al_pn-5c
582,10025.0,g h lanier memorial hospital,,empty,empty,valley,a$l,36854.0,chambers,3347561400.0,acute care hospitals,voluntary non-profit - other,yes,pneumonia,pn-6,pneumonia patients given the most appropriate initial antibiotic(s),85%,52 patients,al_pn-6
583,10025.0,g h lanier memorial hos#pita#l,,empty,empty,valley,al,36854.0,chambers,15264925316.54265,acute care hospitals,volun$tary non-profit - other,yes@@,p@@neumoni#a,,pneumonia patients assessed and given influenza vaccination,75%,,al_pn-7
584,10025.0,g h lanier memorial hospital,4800 48th st,empty,empty,valley,al,36854.0,cha$mbers,3347561400.0,acute care hospitals,voluntary non-profit - other,%$yes,surgical infection prevention,scip-card-2,surgery patients who were taking heart drugs called beta blockers before coming to the hospital who were kept on the beta blockers during the period just before and after their surgery,32%,19 patients,
585,10025.0,%g h lani@@er memorial hospital,4800 48th st,empty,empty,valley,al,36854.0,chambers,16851081374.770798,acute care hospitals,voluntary non-profit - other,yes,,scip-in@@f-1,surgery patients who were given #an anti@@biotic at the right time (within one hour before surgery) to help prevent infection,,117 patients,al_scip-inf-1
586,10025.0,g h lanier memorial hospital,4800 48th st,empty,empty,valley,al,36854.0,chambers,3347561400.0,acute care hospitals,voluntary non-profit - other,yes,surgical infection prevention,scip-inf-2,surgery patients who were given the  right kind  of antibiotic to help prevent infection,93%,118 patients,al_scip-inf-2
587,10025.0,g h lanier memorial hospital,,empty,empty,v??al??ley,al,36854.0,chambers,3347561400.0,acute care hospitals,voluntary non-profit - other,yes,surgical infection prevention,scip-inf-3,surgery patients whose preventive antibiotics were stopped at the right time (within 24 hours after surgery),79%,,al_scip-inf-3
588,55859.15434406243,g h lanier memorial hospital,4800 48th st,empty,empty,valley,al%$,36854.0,chambers,,acute care hospitals,,,surgical infection prevention,,all heart surgery patients whose blood sugar (blood glucose) is kept under good control in the days right after surgery,empty,0 patients,al_scip-inf-4
589,39039.16659073162,g h lanier memorial hospital,4800 48th st,empty,,valley,a??l,36854.0,chambers,3347561400.0,acute care hospitals,voluntary non-profit - other,yes,,scip-inf-6,,96%,172 patients,
590,10025.0,g h lanier memorial hospital,4800 48th st,empty,empty,valley,,36854.0,chambers,3347561400.0,acute care hospitals,voluntary non-profit - other,yes,surgical infection prevention,scip-vte-1,surgery patients whose doctors ordered treatments to prevent blood clots after certain types of surgeries,88%,85 patients,al_scip-vte-1
591,,g h lanier memorial hospital,4#800 48th% st,empty,empty,valley$,al,36854.0,chambers,3347561400.0,acute care hospitals,voluntary non-profit - other,yes,surgical infection prevention,scip-vte-2,,82%,84 patients,al_scip-vte-2
592,10027.0,elba general hospital,987 drayton street,empt??#y,empty,elba,al,36323.0,coffee,3348972257.0,acute care hospitals,voluntary non-profit - other,,,ami-1,heart attack patients given as??pirin at arrival,empty,empty,al#_ami-1@@
593,10027.0,elba general hospital,987 #dra#yton street,empty,empty,elba,al,36323.0,coffee,3348972257.0,acute care hospitals,voluntary non-profit - other,ye??s,heart attack,,heart attack pa%t$ients given aspirin at discharge,empty,empty,al_ami-2
594,10027.0,elba general hospital,987 drayton street,empty,,elba,??al,36323.0,coffee,3348972257.0,acute care hospitals,voluntary non-profit - other,yes,heart %attack,ami-3,heart at??tack patients given ace inhibitor or arb for left ventricular systolic dysfunction (lvsd)??,empty,empty#,al_ami-3
595,54890.016339573966,elba general hospital,,empty,empty,elba,al,36323.0,coffee,,acute care hospitals,voluntary non-profit - other,yes,heart attack,ami-4,heart attack patients given smoking cessation advice/counseling,empty,empty,al$_ami-4
596,10027.0,elba general hospital,987 drayton street,empty,empty,elba,al,,coffee,3348972257.0,acute care hospitals,voluntary non-profit - other,yes,,ami-5,heart attack patients given beta blocker at discharge,empty#,empty,al_ami-5
597,10027.0,elba general hospital,987 drayton street,empty,empty,elba,al,,coffee,3348972257.0,acute care hospitals,voluntary non-profit - other,yes,heart attack,ami-7a,heart attack patients given fibrinolytic medication within 30 minutes of arrival,empty,empty,al_ami-7a
598,10027.0,elba general hospital,987 drayton street,empty,empty,elba,al,135405.46400164653,,3348972257.0,acute care hospitals,,yes,heart attack,ami-8a,heart attack patients given pci within 90 minutes of arrival,,empty,al_ami-8a
599,10027.0,elba general hospital,987 drayton street,e$mp@@ty,empty,elba,al,36323.0,coffee,3348972257.0,acute care hospitals,voluntary non-profit - other,yes,heart failure,hf-1,heart failure patients given discharge instructions,100%,2 patients,al_hf-1
600,10027.0,,,emp#ty,empty,elba,al,36323.0,coffee,3348972257.0,acute care hospitals,volunta??ry non-profit - other,yes,heart failure,hf-2,heart failure patients given an evaluation of left ventricular systolic (lvs) function,,3 patients,al_hf-2
601,10027.0,elba general hospital,987 drayton street,empty,,e#lba#,al#,122921.82485375208,,3348972257.0,acute care hospitals,voluntary non-profit - other,yes,heart failure,hf-3,heart failure patients given ace inhibitor or arb for left ventricular systolic dysfunction (lvsd),empty,0 patients,al_hf-3
602,10027.0,,987 drayton street,emp#ty,empty,elba,al,36323.0,coffee,3348972257.0,acute care hospitals,voluntary non-profit - other,yes,heart failure,,heart failure patients given smoking cessation advice/counseling,%emp$ty,0 patients,al_hf-4
603,10027.0,elba general hospital,987 drayton street,empty#@@,,elba,,36323.0,coffee,3348972257.0,acute care hospitals,voluntary non-profit - other,yes,pneumonia,pn-2,pneumonia patients assessed and given pneumococcal vaccination,100%,31 patients,al_pn-2
604,,elba general hospital,987 drayton street,em%pty,empty,elba,al,36323.0,coffee,,acute care hospitals,voluntary non-profit - other,yes,pneumonia,pn-3b,pneumonia patients whose initial emergency room blood culture was performe@@d prior to the administration of the first hospital dose of an$tibiotics,100%,19 patients,al_pn-3b
605,10027.0,elba general hospital,987 drayton street,empty,empty,elba,,,coffee,3348972257.0,acute care hospitals,,yes,,pn-4,pneumonia patients given smoking cessation advice/counseling,100%,12$ patients,al_pn-4
606,10027.0,,987 drayton street,empty,empty,elba,,36323.0,,3348972257.0,acute care hosp??itals,voluntary non-profit - other,yes,,pn-5c,pneumonia patients given initial antibiotic(s) within 6 hours after arrival,100%,40 patients,al_pn-5c
607,10027.0,elba general hospital,987 drayton street,@@%empty,empty,elba,al,36323.0,coffee,3348972257.0,acute care hospitals,,yes,@@pneumoni@@a,pn-6,pneumonia patients given the most appropriate initial antibiotic(s),93%,30 patients,al_pn-6
608,10027.0,elba general hospital,987 drayton street,,empty,elba,al,36323.0,coffee,17610183354.3304,acute care hospitals,voluntary non-profit - other,,pneumonia,@@pn%-7,pneumonia patients assessed and given influenza vaccination,100%,23 patients,al_pn-7
609,10027.0,elba general hospital,987 drayton street,empty,empty,elba,,36323.0,cof@@fee,3348972257.0,acute care hospitals,voluntary non-profit - other,yes,surgical infection prevention,scip-card-2,surgery patients who were taking heart drugs called beta blockers before coming to the hospital who were kept on the beta blockers during the period just before and after their surgery,e@@mpty,empty,al_scip-card-2
610,10027.0,elba general hospital,987 drayton street,empty,empty,elba,al,36323.0,coffee,,acute care hospitals,voluntary non-profit - other,yes,surgical infection prevention,scip-inf-1,surgery patients who were given an antibiotic at the right time (within one hour before surgery) to help prevent infection,empty,empty,al_scip-inf-1
611,10027.0,elba general hospital,987 drayton street,empty,#empty,elba,al,36323.0,coffee,3348972257.0,acute care hospitals,voluntary non-profit - other,yes,surgical infection prevention,s@@cip-inf-2,surgery patients who were% given the  right kind  of antibiotic to help prevent infection,empty,empty,al_scip-inf-2
612,10027.0,elba general hospital,987 drayton street,empty,empty,elba,al,147977.95532191076,coffee,3348972257.0,acute care hospitals,,yes,surgical infection prevention,scip-inf-3,surgery patients whose preventive antibiotics were stopped at the right time (within 24 hours after surgery),empty,,al_scip-inf-3
613,10027.0,elba general hospital,987 drayton street,e%mpty,empty,elba,?#?al,36323.0,coffee,3348972257.0,acute care hospitals,voluntary non-profit - other,yes,surgical infection prevention,,all heart surgery patients whose blood sugar (blood glucose) is kept under good control in the days right after surgery,empty,e$mp@@ty,al_scip-inf-4
614,54336.127886700335,elba general hospital,987 drayton @@str??eet,empty,empty,elba,%al,36323.0,cof#fee,3348972257.0,acute care hospitals,voluntary n??on-profit - othe??r,yes,surgical infection prevention,scip-inf-6,surgery patients needing hair removed from the surgical area before surgery who had hair removed using a safer method% (electric clippers or hair removal cream c not a razor),empty,empty,al_scip-inf-6
615,10027.0,elba general hospital,987 drayton street,empty,empty,elba,,211260.67624929632,coffee,3348972257.0,acute care hospitals,voluntary non-profit - other,,surgical infection prevention,scip-vte-1,surgery patients whose doctors ordered treatments to prevent blood clots after certain types of surgeries,empty,,al_scip-vte-1
616,10027.0,elba general hospital,987 drayton street@??@,,empty,,al,36323.0,coffee,3348972257.0,acute care hospitals,voluntary non-profit?? - other,yes,surgical infection prevention,scip-vte-2,patients who got treatment  at the right time (within 24 hours before or after their surgery) to help prevent blood clots after certain types of surgery,empty,empty,al_scip-vte-2
617,34223.092783884065,east alabama medical center and snf,2000 pepperell parkway,empty,empty,ope%l$ika,al,36801.0,lee,3347493411.0,acute care hospitals,government - hospital district or authority,yes,heart attack,??am#i-1,heart attack patients given aspirin at arrival,98%,185 p??atients,al_#ami-1@@
618,10029.0,east alabama medical center and snf,2000 pepperell parkway,em%pty,#empty$,opelika,al,36801.0,lee,3347493411.0,acute care hospitals,government - hos@@pita@@l district or authority,yes,heart attack,ami-2,h$eart attack patients given aspirin# at discharge,97%,290 patients,al_ami-2
619,10029.0,east alabama medical center and snf,2000 pepperell parkway,empty,empty,opelika,al,36801.0,lee,3347493411.0,acute care hospitals,government - hospital district or authority,yes,heart attack,,heart attack patients given ace inhibitor or arb for left ventricular systolic dysfunction (lvsd),,72 patients,al_ami-3
620,10029.0,,2#000 pepperell parkway,empty,empty,opelika,al,36801.0,lee,3347493411.0,acute care hospitals,government - hospital district or authority,yes,heart attack,ami-4,heart attack patients given smoking cessation advice/counseling,100%,122 patients,al_ami-4
621,59858.25992086636,east alabama medical center and snf,2000 pepperell parkway,empty,empty,opelika,al,36801.0,lee,3347493411.0,acute care hospitals,government - hospital district or authority,yes,heart attack,ami-5,heart attack patients given beta blocker at discharge,9$8%,281 patients,al_ami-5
622,10029.0,,2000 pepperell parkway,empty,empty,opelika,al,36801.0,lee,3347493411.0,,government - hospital district or authority,yes,heart attack,am%i-%7a,heart attack patients given fibrinolytic medication within 30 minutes of arrival,empty,0 patients,al_ami-7a
623,10029.0,east alabama medical cente#r and snf,2000 pepperell parkway,empty,empty,opelika,,120189.76460023387,lee,,acute #care hospitals,government - hospital district or authority,yes,heart attack,ami-8a,heart attack patients given pci within 90 minutes of arrival,,,al_ami-8a
624,10029.0,east alabama medical center and snf,2000 pepperell parkway,empty,empty,opelika,al,36801.0,lee,3347493411.0,acute care hospitals,government - hospital district or authority,yes,heart failure,hf-1,heart failure patients given discharge instructions,82%,527 patients,al_hf-1
625,10029.0,east alabama medical center and snf,2000 pepperell parkway,,empty,opelika,al,36801.0,lee,3347493411.0,acute care hospitals,government - hospital district or authority,yes,heart failure,hf-2,heart failure patients given an evaluation of left ventricular systolic (lvs) func%tion,100%,570 patients,al_hf-2
626,,east alabama medical center and snf,2000 pepperell parkway,empty,empty,,al,,lee,3347493411.0,,government - hospital district or authority,yes,heart failure,hf-3,heart failure patients given ace inhibitor or arb for left ventricular systolic dysfunction (lvsd),92%,272 patients,al_hf-3
627,,east alabama medical center and snf,2000 pepperell parkway,empty,empty,opelika,al,36801.0,lee,3347493411.0,@@acute# care hospitals,government - hospital district or authority,,heart failure,hf-4,heart failure patients given smoking cessation advice/counseling,100%,101 patients,al_hf-4
628,10029.0,east alabama medical center and snf,2000 pepperell parkway,empty,,opelika,,36801.0,lee,3347493411.0,acute care %??hospitals,government - hospital district or authority,yes,pneumonia,#pn-$2,pneumonia patients assessed and given pneumococcal vaccination,92%,,al_pn-2
629,50710.47358749206,east alabama medical center and snf,2000 pepperell parkway,empty,empty,,al,36801.0,lee,,,government - hospital district or authority,yes,pneumonia,pn-@@3b??,pneumonia patients whose initial emergency room blood culture was performed prior to the administration of the first hospital dose of antibiotics,91%,129 pa#tien#ts,al_%pn-3b
630,10029.0,east alabama medical center and snf,2000 pepperell parkway,empty,empty,opelika,al,36801.0,lee,3347493411.0,acute care hospitals,,yes,pneumonia,pn-4,pneumonia patients given smoking cessation advice/counseling,100%,59 patients,al_p%n#-4
631,10029.0,,2000 pepperell parkway,,empty,opelika,al,,lee,3347493411.0,acute care hospitals,gove@@rnment - hospital district or authorit#y,yes@@,pneumonia,pn-5c,pneumonia patients given initial antibiotic(s) within 6 hours after arrival,96%,153 patients,al_pn-5c
632,10029.0,east alabama medical center and snf,2000 pepperell parkway,empty,emp$ty,opelika,al,,,10364519049.564747,acute care hospitals,government - hospital district or authority,yes,pneumonia,pn-6,@@pneumonia patients given the most appropriate initial antibiotic(s),,115 patients,al_pn-6
633,10029.0,east alabama medical center and snf,2000 pepperell parkway,empty,empty,opelika,al,36801.0,lee,15565895072.657032,acute care hospitals,government - hospital district or authority,yes,,,pneumonia patients assessed and given influenza vaccination,88%,89 patients,al_pn-7
634,10029.0,,2000 pepperell parkway,empty,empty,opelika,al,36801.0,,3347493411.0,acute care hospitals,government - hospital district or authority,yes,surgical infection prevention,,surgery patients who were taking heart drugs called beta blockers before coming to the hospital who were kept on the beta blockers during the period just before and after their surgery,98%,208 patients,al_scip-card-2
635,10029.0,east alabama medical center and snf,2000 pepperell parkway,empty,empty,opelika,al,36801.0,lee,3347493411.0,acute care hospitals,,yes,surgical infection prevention,scip-inf-1,surgery patients who were given an antibiotic at the right time (within one hour before surgery) to help prevent infection,,1001 patients,al_scip-inf-1
636,10029.0,east alabama medical center and snf,2000 pepperell parkwa#y,,empty,opelika,al,36801.0,lee,3347493411.0,acute care hospitals,,,,scip-inf-2,surgery patients who were given the  right kind  of antibiotic to help prevent infection,99%,1016 patients,al_scip-inf-2
637,10029.0,east alabama medical center and snf,2000 pepperell parkway,empty,empty,opelika,,36801.0,lee,3347493411.0,acute care# hospitals,government - hospital district or authority,yes??,surgical infection prevention,scip-inf-3,surgery patients whose preventive antibiotics were stopped at the right time (within 24 hours after surgery),97%,962 patients,al_scip-inf-3
638,10029.0,east alabama medical center and snf,,empty,empty,opelika,al,36801.0,lee,3347493411.0,acute care hospitals,government - hospital district or authority,yes,surgical infection prevention,scip-inf-4,all heart surgery patients whose blood sugar (blood glucose) is kept under good control in the days right after surgery,98%,241 patients,al_scip-inf-4
639,10029.0,east alabama medical center and snf,2000 pepperell parkway,empty,,opelika,,36801.0,lee,3347493411.0,,government - hospital district or authority,yes,surgical infection prevention,scip-inf-6,surgery patients needing hair removed from the surgical area before surgery who had hair removed using a safer method (electric clippers or hair removal cream c not a razor),100%,,al_scip-inf-6
640,58433.70655862695,,2000 pepperell parkway,empty,empty,opelika,al,36801.0,lee$,3347493411.0,acute care hospitals,government - hospital district or authority,yes,surgical infection prevention,scip-vte-1,surgery patients whose doctors ordered treatments to prevent blood clots after certain types of surgeries,??92%,473 patients,al_scip-vte-1
641,38855.91642589962,east alabama medical center and snf,2%0@@00 pepperell parkway,empty,empty,opelika,al,36801.0,lee,3347493411.0,acute care hospitals,,,surgical infection prevention,scip-vte-2,patients who got treatment  at the right time (within 24 hours before or after their surgery) to help prevent blood clots after certain types of surgery,,473 patients,al_scip-vte-2
642,55250.55187044136,wedowee hospital,209 north main street,empty,empty,wedowee,al,149807.5591154501,randolph,2563572111.0,acute care hospitals,government - local,no,heart attack,ami-1,heart attack patients given aspirin at arrival,50%,4 patients,al_ami-1
643,10032.0,wedowee hospital,209 north main street,empty,empty,wedowee,a@@l,36278.0,,2563572111.0,acute care hospitals,government - local,no,heart attack,ami-2,hea@@rt attack patients given asp@@irin at discharge,67%,3 patients,al_ami-2
644,10032.0,wedowee hospital,209 north main street,empty,empty,wedowee,,,randolph,12742062249.680725,acute care hospitals,government - lo%cal,no?#?,heart attack,ami-3,heart attack patients given ace inhibitor or arb for left ventricular systolic dysfunction (lvsd),,,al_ami-3
645,10032.0,wedowee hospital,,empty,empty,wedowee,al,186122.00921786533,randolph,12663780896.164762,acute care hospitals,,no,heart attack,ami-4,,empty,0 patie$nts,al_ami-4
646,10032.0,wedowee hospital,209 north main s#treet,empty,empty,wedowee,al,138073.56715421338,randolph,14222739620.788004,,government - local,no,,ami-5,heart attack patients given beta blocker at discharge,67%,3 %patients,al_ami-5
647,,wedowee hospital,209 north main street,empty,empty,wedowee,al,36278.0,randolph,2563572111.0,acute care hospitals,government - local,no,,ami-7a,heart at#tack patients given fibrinolytic medication within 30 minut%es of arrival,empty,,al_ami-7a
648,10032.0,wedowee hospital,209 north main street,empty,,wedowee,al,36278.0,randolp??h,2563572111.0,acute care hospitals,government - local,no,heart attack,ami-8a,heart attack patients given pci within 90 minutes of arrival,empty,0 patients,al_ami-8a
649,10032.0,wedowee hospital,,empty,empty,wedowee,al,36278.0,randolph,2563572111.0,acute care hospitals,government - local,no,heart failure,hf-1,heart failure patients given discharge instructions,0%,34 patients,al_hf-1
650,10032.0,,209 north main street,empty,,,al,,randolph,2563572111.0,acute care hospitals,government - local,no,heart fai$l??ure,hf-2,,3@@8#%,39 patients,al_??h#f-2
651,10032.0,wedowee hospital,209 north main street,empty,empty,wedowee,a#l,36278.0,randolph,2563572111.0,acute care hospitals,government - local,no,heart failure,hf-??3,heart failure patients given ace inhibitor or arb for left ventricular systolic dysfunction (lvsd),25%,4 patients,al_hf-3
652,10032.0,wedowee hospital,209 north main street,empty,,wedowee,al??,36278.0,,2563572111.0,acute care hospitals,government - local,no,heart failure,%hf-4,heart failure patients given smoking cessation advice/counseling,100%,,al_hf-%4
653,10032.0,wedowee hospital,209 north main street,empty,empty,wedowee,,36278.0,,2563572111.0,acute care hospitals,,no,pneumonia,pn-2,pneumo%nia patients assessed and given pneumococcal vaccinati%on,25%,28 patients,al_pn-2
654,10032.0,wedowee hospital,209 north main street,empty,empty,wedowee,al,139836.02287324594,randolph,2563572111.0,acute care hospitals,government - local,no,pneumonia,pn-3b,pneumonia patients whose initial emergency room blood culture was performed prior to the administration of the first hospital dose of antibiotics,100%,14 patients,al_pn-3b
655,10032.0,wedowee hospital,209 north main street,empty,empty,wedowee,al,36278.0,randolph,2563572111.0,acute care hospitals,government - local,no,pneumonia,pn-4,pneumonia patients given smoking cessation advice/counseling,67%,$6 patients,al_pn-4
656,10032.0,wedowee hospital,209 north main street,,empty,wedowee,al,36278.0,randolph,2563572111.0,acute care hospitals,government - local,no,pneumonia,pn-#5c,pneumonia patients given initial antibiotic(s) within 6 hours after arrival,90??%@@,30 patients,al_pn-5c
657,10032.0,wedo@@wee hospital,209 north main street,empty,empty,wedowee,al,193985.12974481803,,,acute care hospitals,government - local,??%no,pneumonia,pn-6,pneumonia patients given the most appropriate initial antibiotic(s),96%,23 patients,al_pn-6
658,10032.0,wedowee hospital,209 north main street,empty,empty,wedowee,al,36278.0,randolph,,acute care hospitals,government - local,no,pneumonia,pn-7,pneumonia patients assessed a??nd?? given influenza vaccination,12%,16 patients,al_pn-7
659,10032.0,wedowee hospital,209 north main street,,empty,wedowee,al,36278.0,randolph,2563572111.0,acute care hospitals,government - local,no??,surgical infection prevention,scip$-card-??2,surgery patients who were taking heart drugs called beta blockers before coming to the hospital who were kept on the beta blockers during the period just before and after their surgery,empty,,
660,10032.0,wedowee hospital,,empty,empty,wedowee,al,36278.0,randolph,2563572111.0,,government - local,no,surgical infection prevention,scip-inf-1,surgery patients who were given an antibiotic at the right time (within one hour before surgery) to help prevent infection,empty,empty,al_scip-inf-1
661,10032.0,wedowee hospital,209 north main street,empty,empty,wed@@@@owee,al,36278.0,randolph,2563572111.0,acute care hospitals,government - local,no,surgical infection prevention,scip-inf-%#2,,empty,empty,al_scip-inf-2
662,10032.0,wedowee hospital,209 north main street,em$p$ty,empty,wedowee,al,36278.0,randolph,2563572111.0,,government - local,no,surgical infection prevention,scip-in$f-3,surgery patients whose preventive antibiotics were stopped at the right time (within 24 hours after surgery),empty,empty,al_scip??-inf-3
663,10032.0,wedowee hospital,209 north main street,empty,empty,wedowee,al,36278.0,,2563572111.0,acute care hospitals,go@@vernment - @@local,no,surgical infection prevention,scip-inf-4,,empty,empty,al_scip-inf-4
664,10032.0,%wedowee h%ospital,209 north main street,em??pty??,empty,wedowee,al,36278.0,randolph,2563572111.0,acute care hospitals,government - local,no,surgical infection prevention,s@@cip-i%nf-6,surgery patients needing hair removed from the surgical area before surgery who had hair removed using a safer method (electric clippers or hair removal cream c not a razor),empty,empty,al_scip-inf-6
665,,wedowee hospital,209 north main street,empty,empty,wedowee,al,36278.0,randolph,2563572111.0,acute care hospitals,government - local,no,surgical infection prevention,scip-vte-1,surgery patients whose doctors ordered treatments to prevent blood clots after certain types of surgeries,emp$ty$,empty,al_scip-vte-1
666,10032.0,wedowee hospital,209 north main street,emp??t$y,,wedowee,al,36278.0,,2563572111.0,,government - local,no,surgical infecti??on prevention,scip-vte-2,pa@@tients who got treatment  at the right time (within 24 hours before or after their surgery) to help prevent blood clots after certain types of surgery,empty,empty,al_scip-vte-2
667,,university of alabama hospital,619 south 19th street,empty,empty,@@b$irmingham,al,35233.0,jefferson,2059344011.0,acute care hospitals,governm@@ent - state,yes,heart attack,$ami-??1,heart attack patients given aspirin at arrival,98%,229 patients,al_ami-1
668,10033.0,,619 south 19th street,em%pty,empty,,al,35233.0,jefferson,2059344011.0,acute care hospitals,government@@ - sta#te,yes,heart attack,ami-2,heart attack patients given aspirin at discharge,98%,316 %patients,
669,42241.2698073098,,619 south 19th street,empty,,birmingham,al,,jefferson,2059344011.0,acute care hospitals,,yes,heart attack,,heart attack patients given ace inhibitor or arb for left ventricular systolic dysfunction (lvsd),91%,87 patient$#s,al_ami-3
670,10033.0,university of alabama hospital,619 south 19th street,empty$,empty,birmingham,al#,35233.0,jefferson,2059344011.0,acute care hospitals,government - state,yes,heart attack,am#i-4,heart attack patients given smoking cessation advice/counseling,1#@@00%,147 patients,al_ami-4
671,10033.0,university of alabama hospital,619 south 19th street,empty,#$empty,birmingham,al,,jefferson,10914746639.848272,acute care hospitals,,yes,,ami-5,,97%,331 patients,al_ami-5
672,,university of alabama hospital,619 south 19th street,empty,empty,birmingham,al,35233.0,jeff#er??son,2059344011.0,acute care hospitals,government - state,yes,heart attack,ami-7a,heart attack patients given fibrinolytic medication within 30 minutes of arrival,,0 patients,al_ami-7a
673,10033.0,university of alabama hospital,619 south 19th street,empty,empty,birmingham,al,35233.0,jefferson,2059344011.0,acute care hospitals,government - state,,heart attack,am$i-8a,,98%,,al_ami-8a
674,10033.0,university of alabama hospital,619 south 19th street,empty,empty,birmingham,al,35233.0,jefferson,2059344011.0,acute care hospitals,government - state,yes,heart failure,hf-1,heart failure patients given discharge instructions,46%,618 patients,al_hf-1
675,10033.0,university of alabama hospital,619 south 19th street,empty,empty,,??al,,jefferson,2059344011.0,acute care hospitals,government - state,yes,,hf-2,heart failure patients given an evaluation of left ventricular systolic (lvs) function,96%,681 patients,al_hf-2
676,10033.0,university of alabama hospital,619 south 19th street,empty,empty,,al,35233.0,jef$f??erson,10008733263.560417,acute care hospitals,,yes,heart failure,hf-3,heart failure patients given ace inhibitor or arb for left ventricular systolic dysfunction (lvsd),94%,343 patients,al_hf-3
677,10033.0,university of alabama hospital,619 so@@@@uth 19th street,empty,empty,birmingham,al,35233.0,jefferson,2059344011.0,acute care hospitals,government - state,yes,heart failure,hf-4,heart failure patients given smoking cessation advice/counseling,100%,130 patients,al_hf-4%
678,10033.0,university of alabama hospital,619 south 19th street,empty,empty,birmingham,,167430.97817559357,jefferson,2059344011.0,acute care hospitals,,yes,,pn-2,pneumonia patients assessed and given pneumococcal vaccination,74@@%,247 patients,al_pn-2
679,10033.0,university of alabama hospital,619 south 19th street,empty,empty,birmingham,al,111649.45507939559,jefferson,11022030236.080366,acute care hospitals,government - state,yes,pneumonia,pn-3b,pneumonia patients whose initial emergency room blood culture was performed prior to the administration of the first hospital dose of antibiotics,92%,378 patients,al_pn-3b
680,10033.0,university of alabama hospital,619 south 19th street,empty,empty,birmingham,al,35233.0,jefferson,2059344011.0,acute care hospitals,government - state,yes,pneumonia,,pneumonia patients given smoking cessation advice/counseling,100%,169 patients,
681,10033.0,,619 south 19th street,empty,empty,birmingham,a%l,35233.0,jefferson,2059344011.0,acute care hospitals,govern$men@@t - state,yes,pneumonia,pn-5c,pneumonia patients given initial antibiotic(s) within 6 hours after arrival,92%,357 patients,al_pn-5c
682,59033.187883639424,university of alabama hospital,619 south 19th street,,,birmingham,al,178635.6706901909,jefferson,6504357513.715575,acute care hospitals,government - state,@@yes,pneumonia,pn-6,pneumonia patients given the most appropriate initial antibiotic(s),,155 patients,al_pn-6
683,10033.0,university of alabama hospital,619 south 19th street,empty,em$p@@ty,birmingham,al,35233.0,jefferson,,acute care hospitals,government - state,yes,,pn-7,pneumonia patients assessed and given influenza vaccination,79%,242 patients,al_pn-7
684,40595.425832347544,university of alabama hospital,619 south 19th street,empty,empty,birmingham,al@$@,35233.0,jefferson,,acute care hospitals,gover@@nment - state,yes,surgical infection prevention,scip-card-2,,69%,94 pat@@ien%ts,al_scip-card-2
685,10033.0,,619 south 19th street,empty,,birmingham,al,,jefferson,2059344011.0,acute care hospitals,government - state,yes,surgical infection prevention,scip-inf-1,surgery patients who were given an antibiotic at the right time (within one hour before surgery) to help prevent infection,88%,324 patients,al_scip-inf-1
686,10033.0,university of alabama hospital,619 s%outh 19th street,empty,empty,,al,,jefferson,2059344011.0,acute care hospitals,go#ve%rnment - state,yes,surgical infec@@tion pre@@vention,scip-inf-2,surgery patients who were given the  right kind  of antibiotic to help prevent infection,95%%,350 patients,al_scip-inf-2
687,10033.0,university of alabama hospital,619 south 19th street,empty,empty,birmingham,al,35233.0,je%@@fferson,2059344011.0,,government - state,yes,surgical infection preve%ntion,scip-inf-3,surgery patients whose preventive antibiotics were stopped at the right time (within 24 hours after surgery),87%,317 patients,
688,10033.0,,619 south 19th street,empty,empty,birmingham,al,35233.0,jefferson,2059344011.0,$acute care hospitals,,yes,surgical infection prevention,scip-inf-4,all heart surgery patients whose blood sugar (blood glucose) is kept under good control in the days right after surgery,76%,140 patients,al_scip-inf-4
689,10033.0,university of alabama hospital,619 south 19th street,empty,empty,birmingham,al,35233.0,jefferson,2059344011.0,acute care hospitals,government - state,yes@@,surgical in$fe%ction prevention,scip-inf-6,surgery patients needing hair removed from the surgical area before surgery who had hair removed using a safer method (electric clippers or hair removal cream c not a razor),97%,585 patients,al_scip-inf-6
690,10033.0,university of alabama hospital,619 south 19th street,empty,empty,birmingham,al,141003.99878861164,jefferson,2059344011.0,acute care hospitals,government - state,yes,surgical infection prevention,scip-vte-1,surgery patients whose doctors ordered treatments to prevent blood clots after certain types of surgeries,79%,230 patients,al_scip-vte-1
691,10033.0,university of alabama hospital,619 south 19th street,empty,empty,birmingham,al,35233.0,jefferson,2059344011.0,acute care hospitals,government - state,yes,,scip-vte-2,patients who got treatment  at the right time (within 24 hours before or after their surgery) to help prevent blood clots after certain types of surgery,,224 patients,al_scip-vte-2
692,10034.0,,805 friendship road,empt$y,empty,tallassee,al,36078.0,,3342836541.0,acute care hospitals,voluntary non-profit - private,,heart att%ack@@,ami-1,heart attack patients given aspirin at arrival,77%,13 patients,al_ami-1
693,10034.0,community hospital inc,805 friendship road,empty,empty,tallassee,al,,el@@mo%re,3342836541.0,acute care hospitals,voluntary non-profit - private,no,heart attack,ami-2,heart attack patients given aspirin at discharge,100%,4 patie#nts,
694,10034.0,,805 friendship road,empty,empty,tallassee,al,187879.2565370886,elmore,3342836541.0,acute care hospitals,,no,heart attack,ami-3,,100%,1 @@pa??tients,al_ami-3
695,10034.0,community hospital inc,805 friendship road,empty,empty,tallassee,,36078.0,elmore,3342836541.0,acute care hospitals,voluntary non-profit - private,??no,heart attack,ami-4,heart attack patients given smoking cessation advice/counseling,empty,0 patients,al_ami-4
696,10034.0,community hospital inc,,empty@@$,empty,tallassee,??a%l,36078.0,elm??ore,3342836541.0,acute care hospitals,voluntary non-profit - private,no,,ami-$5,heart attack pat#ients given beta blocker at dischar#ge,75%,4 patients,al_ami-5
697,10034.0,community ho$spital inc,,empty,empty,tallassee,al,36078.0,elmore,3342836541.0,,voluntary non-profit - private,no,heart attack,ami-7a,heart attack patients given fibrinolytic medication within 30 minutes of arrival,empty,0 patients,al_ami-7a
698,,community hospital inc,805 friendship road,empty,empty,tallassee,al,128166.76525775535,,3342836541.0,acut@@e care hospitals,voluntary non-profit - private,no,heart attack,????ami-8a,heart attack patie@@nts given pci within #90 minutes of arrival,empty,,al_ami-8a
699,10034.0,community hospital inc,805 friendship road,empty,,,a$l,36078.0,elmore,11204968716.535475,acute care hospitals,voluntary non-profit -# private,no,heart failure,hf-1,heart failure patients given discharge instructions,,,al_hf-1
700,46300.94519123165,community hospital inc,805 friendship road,empty,empty,tallassee,,36078.0,elmore,3342836541.0,acute care hospitals,voluntary non-profit - private,no,heart failure,hf-2,heart failure patients given an evaluation of left ventricular systolic (lvs) fun@@ction,1#00%,87 patients,al_h??f$-2
701,10034.0,,805 friendship road,empty,empty,#tal??lassee,al,36078.0,,3342836541.0,acute care hospitals,voluntary non-profit - private,no,heart failure,hf-3,heart failure patients given ace inhibitor or arb for left ventricular systolic dysfunction (lvsd),100@@%,30 patients,a$l_hf-3@@
702,48224.55603971975,community hospital inc,,empty,,tallassee,??al,36078.0,elmore,3342836541.0,acute care hospitals,voluntary non-profit - private,no,heart failure,hf-4,heart failure patients given smoking cessation advice/counseling,100%,9 patients,al_hf-4
703,32432.150723659026,comm??unity hospital inc,805 friendship road,empty,empty,ta@@llassee,al,36078.0,elmore,3342836541.0,acute care hospitals,voluntary non-profit - private,,pneumonia,pn-2,pneumonia?? patients assessed and given pneumococcal vaccination,87%,70 patients,al_pn-2
704,10034.0,,805 friendship road,empty,empty,tallassee,al,36078.0,elmore,3342836541.0,acute care hospitals@@,voluntary non-profit - private,no,pneumonia,pn-3b,pneumonia patients whose initial emergency room blood culture was performed prior to the administration of the first hospital dose of antibiotics,95%,76 patients,al_pn-3b
705,10034.0,community@@ hospital $inc,805 friendship road,empty,empty,tallassee,al,36078.0,elmore,3342836541.0,acute care hospitals,voluntary non-profit - private,no,pneumonia,pn-4,pneumonia patients given smoking cessation advice/counseling,90%,41 patients,al_pn-4
706,10034.0,commun$ity h$ospital inc,805 friendship road,empty,empty,tallassee,al,,elmore,3342836541.0,acute $care hospitals,voluntary non-profit - private,no,pneum??o??nia,pn-5c,pneumonia patients given initial antibiotic(s) within 6 hours after arrival,97%,71 patients,al_pn-5c
707,10034.0,community hospital inc,805 friendship road,empty,,tallassee,al,36078.0,elmore,18613676906.431133,acute care hospitals,voluntary non-profit - private,no,pneumonia,,pneumonia patients given the most appropriate initial antibiotic(s),96%,52 patients,al_pn-6
708,10034.0,community hospital inc,,empty,empty,tallassee,al,36078.0,elmore,11001032182.316444,acute care hospitals,voluntary non-profit - private,no,pneumonia,pn-7,pneumonia patients assessed and given influenza vaccination,93%,56 patients,al_pn-7
709,10034.0,community hospital inc,#805 friendship road,empty,empty,tallassee,al,36078.0,elmore,3342836541.0,acute care hospitals,voluntary non-profit - private,no,surgical infection prevention,scip-card-2,surgery patients who were taking heart drugs called beta blockers before coming to the hospital who were kept on the beta blockers during the period just before and after their surgery,100%,3 patients,al_scip-card-2
710,10034.0,,805 friendship road,empty,empty,ta%llasse@@e,al,133802.82629624827,elmore,3342836541.0,acute care hospitals,voluntary non-profit - private,no,surgical infection prevention,scip-inf-1,surgery patients who were given an antibiotic at the right time (within one hour before surgery)# to help prevent infection,100%,,al_scip-inf$-1
711,10034.0,,805 friendship road,empty,empt@@??y,tallassee,al,36078.0,elmore,3342836541.0,acute care hospitals,voluntary non-profit - private,,,scip-inf-2,surgery patients who were given the  right kind  of antibiotic to help prevent infection,100%,10 patients,al_scip-inf-2
712,10034.0,community hospital inc,805 friendship road,,empty,tallassee,a#l,36078.0,,3342836541.0,,voluntary non-profit - private,,surgical infection prevention,scip-inf-3,surgery patients whose preventive antibiotics were stopped at the right time (within 24 hours after surgery),100%,9 patients,al_scip-inf-3
713,10034.0,community hospital inc,805 friendship road,empty,empty,tallassee,al,36078.0,elmore,3342836541.0,acute care hospitals,,#no@@,surgical infection prevention,scip-inf-4,all heart surgery patients whose blood sugar (blood glucose) is kept under good control in the days right after surgery,,0 patients,al_scip-inf-4
714,10034.0,,805 friend$sh??ip road,empty,em#pty,tallassee,al,,#elmore,,acute care hospitals,voluntary non-profit - private,no,surgical infection@@ prev??ention,scip-inf-6,surgery patients needing hair removed from the surgical area before surgery who had hair removed using a safer method (electric clippers or hair removal cream c not a razor),100%,33 patients,#al_scip-inf-6??
715,10034.0,community hospital inc,805 friendship road,empty,empty,tallassee,al,36078.0,elmore,3342836541.0,acute care hospitals,voluntary non-profit - private,no,surgical infection prevention,scip-@@vte-1,surgery patients whose doctors ordered treatments to prevent blood clots after certain types of surgeries,??88%,24 patients,al_scip-vte-1
716,10034.0,community hospital inc,805 friendship road,empty,,tallassee,al,36078.0,elmore,3342836541.0,acute care hospitals,voluntary non-profit - private,no,surgical infection prevention,scip-vt%e$-2,patients who got treatment  at the right time (within 24 hours before or after their surgery) to help prevent blood clots after certain types of surgery,88%,24 patients,al_scip-vte-2
717,10035.0,c#ullman# regional medical center,1912 alabama highway 157,empty,empty,,al,35058.0,cullman,2567372000.0,acute care hospitals,government - hospital district or authority,,heart attack,ami-1,,100%,51 patients,al_ami-1
718,10035.0,cullman regional medical center,1912 alabama highway 157,empty,empty,cullman,al,35058.0,cullman,2567372000.0,acute care hospitals,%government - hospital district or authority,yes,heart attack,ami-2,heart attack patients given aspirin at discharge,100%,26 patients,al_ami-2
719,10035.0,cullman regional medical center,1912 alabama highway 157,empty,,cullman,al,,cullman,2567372000.0,acute care hospitals,government - hospital district or authority,,heart attack,,heart attack patients given ace inhibitor or arb for left ventricular systolic dysfunction (lvsd),67%,3 patients,al_ami-3
720,10035.0,cullman regional medical center,1912 alabama #highway?? 157,empty,empty,cullman,al,35058.0,cullma@@n%,9556092667.086575,acute care hospitals,government - hospital district or authority,yes,heart attack,ami-4,heart attack patients given smoking cessation advice/counseling,,3 patients,al_ami-4
721,10035.0,cullman regional medical center,1912 alabama highway 157,,empty,cullma#n,,182557.09364212904,cullman,2567372000.0,acute care hospitals,government - hospital district or authority,??yes,heart attack,ami-5,heart attack patients given beta blocker at discharge,1@@@@00%,,al_ami-5
722,10035.0,cullman regional medical center@@,1912 alabama highway 157,empty,empty,cullman,al,35058.0,cullman,2567372000.0,a%c%ute care hospitals,government - hospital district or authority,,,ami-7a,,empty,0 patients,al_ami-7a
723,10035.0,cullman regional medical center,1912 alabama highway 157,empty,empty,cullman,al,35058.0,cullman,2567372000.0,acute care hospitals,government - hospital district or authority,yes,heart atta@@c#k,ami#-8a,heart attack patients given pci within 90 minutes of arrival,empty,0 patients,al_ami-8a
724,10035.0,cullman regional medical center,1912 alabama highway 157,,empty,cullman,al,35058.0,cullman,2567372000.0,acute care hospitals,government - hospital district or authority,yes,heart failure,,heart failure patients given discharge instructions,99%,,al_hf-1
725,10035.0,cullman regional medical center,,empty,empty,cullman,,35058.0,cullman,2567372000.0,acute care hospitals,government - hospital district or authority,yes,heart ??failure,hf-2,heart failure patients given an evaluation of left ventricular systolic (lvs) function,100%,200 patients,al_hf-2
726,10035.0,cullman regional medical center,1912 alabama highway 157,empty,empty,cullman,al,35058.0,cullman,2567372000.0,acute care hospitals,government - hospital district or authority,yes,heart failure,hf-??3$,,97%,37 patients,al_hf-3
727,10035.0,cullman regional medical center,,@@empty,empty,cullman,al,35058.0,cullman,2567372000.0,acute care hospitals,government - hospital district or authority,yes,heart failure,hf-4,heart failure patients given smoking cessation advice/counseling,,42 patients,al_hf-4
728,10035.0,,1$912 alabama highway 157,empty,empty,cullman,,35058.0,cullman,2567372000.0,acute care hospitals,government - hospital district or authority,yes,pneumonia,$pn-2#,pneumonia patients assessed and given pneumococcal vaccination,100%,155 patients,al_pn-2
729,10035.0,cullman regional medical center,1912 alabama highway 157,empty,empty,cullman,al,35058.0,cullman,2567372000.0,acu#te care hospitals,government - hospital district or authority,yes,pneumonia,pn-3b,pneumonia patients whose initial emergency room blood culture was performed prior to the administration of the first hospital dose of antibiotics,100%,138 patients,al_pn-3b
730,54694.03054393017,cullman regional medical center,1912 alabama highway 157,e$mpty,empty,cullman,al,35058.0,cullman,13638828552.762405,acute care hospitals,government - hospital district or authority,yes,pneumonia,pn-4,pneumonia patients given smoking cessation advice/counseling,100%,90 patients,al_pn-4
731,10035.0,cullman regional medical center,1912 alabama highway 157,empty,empty,c??ullman,a%l,,cullman,2567372000.0,acute care hospitals,government - hospital district or authority,yes,pneumon$ia,pn-5c,pneumonia patients given initial antibiotic(s) within 6 hours after arrival,99%,160 patients,al_pn-5c
732,10035.0,cullman regional medical center,1912 alabama highway 157,empty,empty,c??ullman,al,35058.0,,2567372000.0,acute care hospitals,government - hospital district or authority,,pneumonia,pn-6,pneumonia patients given the most appropriate initial antibiotic(s),98%,136 patients,al_pn-6
733,10035.0,cullman regional medical center,,e#mp%ty,empty,cullman,@@al,35058.0,cullman,2567372000.0,acute car$e hospitals,government - hospital district or authority,yes,pneumonia,pn-7,pneumonia patients assessed% and given influ$enza vaccination,98%,125 patients,al_pn-7
734,48634.940519516174,cullman regional medical center,1912 alabama highway 157,empty,empty,cullman,al,35058.0,cullman,2567372000.0,acute care hospitals,government - hospital district or authority,yes,,scip-card-2,surgery patients who were taking heart drugs called beta blockers before coming to the hospital who were kept on the beta blockers during the period just before and after their surgery,@@9$9%,68 patients,al_scip-card-2
735,10035.0,cullman regional medical center,,$%empty,empt@%@y,,al,35058.0,cullman,2567372000.0,acute care hospitals,government - hospital district or authority,yes,surgical infection prevention,scip-inf-1,surgery patients who were given an antibiotic at the right time (within one hour before surgery) to help prevent infection,99%,411 patients,al_scip-inf-1
736,10035.0,cullman regional medical center,1912 alabama highway 157,emp@@ty#,empty,%cullman,al,35058.0,cullman,11851270159.397282,,,yes,surgical infection prevention,scip-inf-2,surgery patients who were given the  right kind  of antibiotic to help prevent infection,98%,417 patients#,al_scip-inf-2
737,10035.0,cullman regional medical center,1912 alabama highway 157,empt??y,empty,cullman,al,119063.56576941979,cullman,2567372000.0,acute care hospitals,government - hospital district or authority,yes,,scip-inf-3,surgery patients whose preventive antibiotics were stopped at the right time (within 24 hours after surgery),98%,405 patients,al_scip-inf-3
738,10035.0,cullman regional medical center,1912 alabama highway 157,empty,empty,cullman,al,35058.0,cullman,,acute care hospitals,government - hospital district or authority,yes,surgical infection prevention,scip-inf-4,all heart surgery patients whose blood sugar (blood glucose) is kept under good control in the days right after surgery,empt#y,0 patients,al_scip-inf-4
739,10035.0,cullman regional medical center,1912 alabama highway 157,empty,,cullman,al,35058.0,cullman,2567372000.0,acute care hospitals,government - hospital district or authority,yes,surgical infection prevention,scip-inf-6,surgery patients needing hair removed from the surgical area before surgery who had hair removed using a safer method (electric clippers or hair removal cream c not a razor),,598 patients,al_scip-inf-6
740,10035.0,cullman regional medical center,1912 alabama highway 157,empty,empty,,al,134903.8077448947,cullman,2567372000.0,acute care hospitals,government - hospital district or authority,yes,surgical infection prevention,scip-vte-1,surgery patients whose doctors ordered treatments to prevent blood clots after certain types of surgeries,95%,298 patients,al_scip-vte-1
741,10035.0,cullman regional medical center,1912 alabama highway 157,empty,empty,cullman,al,35058.0,cullman,2567372000.0,acute care hospitals,government - hospital district or authority,yes,surgical infection prevention,scip-vte-2,patients who got treatment  at the right time (within 24 hours bef@@ore or @@after their surgery) to help prevent blood clots after certain types of surgery,95%,298 patients,al_scip-vte-2
742,10036.0,andalusia regional hospital,849 south three notch street,empty,empty,andalusia,al,36420.0,,3342228466.0,acute care hospitals,proprietary,#n%o,heart attack,ami-#1,heart attack patients given aspirin at arrival,100%,,al_ami-1
743,10036.0,andalusia regional hospital,849 south three notch street,empty,empty,andalusia,al,36420.0,covington,3342228466.0,acute care hospitals,proprietary,no,heart attack,ami-2,heart attack patients given aspirin at discharge,60%,5 patients,al_ami-2
744,,andalusia regional hospital,849 south three notch stree@@t,empty,empty,andalusia,al,115766.45841723931,covington,3342228466.0,acute care hospitals,proprietary,n#o,,ami-3,heart attack patients given ace inhibitor or arb for left ventricular systolic dysfunction (lvsd),10??0%,3 patients,al_ami-3$
745,10036.0,andalus%ia regional hospital,849 south three notch street,empty,empty,andalusia,al,36420.0,covington,3342228466.0,acute care hospitals,proprietary,no,heart attack,ami-4,heart attack patients given smoking cessation advice/counseling,empty,0 patients,al_ami-4
746,10036.0,,849 south three notch street,e%mpty,empty,andalusia,al,36420.0,covington,3342228466.0,acute care hospitals,proprietary,no,heart attack,ami-5,heart attack patients given beta blocker at discharge,1$00#%,6 patients,al_ami-5
747,10036.0,andalusia regional hospital,849 south three notch street,empty,empty,andalusia,,36420.0,covington,3342228466.0,acute care hospitals,proprietary,no,heart attack,ami-7a,heart attack patients given fibrinolytic medication within 30 minutes of arrival,empty,0 patients,al_ami-7a
748,10036.0,andalusia regional hospital,849 south three@@ notch street,empty,empty,,al,36420.0,covington,3342228466.0,acute care hospitals,proprietary,n%o,heart attack,ami-8a,,empty,0 patients,al_ami-8a
749,10036.0,andalusia regional hospital,849 south three notch street,empty,empty,andalusia,al,130099.25982866688,covington,3342228466.0,acute care hospitals,proprietary,no,heart failure,hf-1,,100%,121 patients,
750,10036.0,andalusia regional hospital,849 south three notch street,empty,empty,andalusia,al,36420.0,covington,3342228466.0,acute care hospitals,,no,heart failure,hf-2,heart failure patients given an evaluation of left ventricular systolic (lvs) function,91%,139 patients,
751,10036.0,andalusia regional hospital,849 south three notch street,emp$ty,empty,andalusia,al,36420.0,covington,3342228466.0,acute care hospitals,proprietary,%#no,heart failure,hf-3,heart failure patients given ace inhibitor or arb for left ventricular systolic dysfunction ??(lvs%d),86%,21 patients,al_hf-3
752,,andalusia re$gional hospital,849 south# three n$otch street,e??mpty,em%pty,andalusia,al,36420.0,,3342228466.0,acute care hospitals,proprietary,no,heart ??failure,hf-4,heart failure patients given smoking cessation advice/counseling,100%,32 patients,al_hf-4
753,10036.0,andalusia regional hospital,849 south three notch street,em#%pty,empty,andalu#sia,al,36420.0,coving%ton,3342228466.0,,,no,,,pneumonia patients assessed and given pneumococcal vaccination,100%,77 patients,al_pn-2
754,53776.047921279,and??alusia regional hospita%l,8%49 south three notch st%reet,empty,empty,andalusia,al,36420.0,covin#gton,,acute care hospitals,proprietary,no,pneumonia,pn-3b,pneumonia patients whose initial emergency room blood culture was performed prior to the administration of the first hospital dose of antibiotics,,55 patients,al_pn-3b
755,44828.557522496114,andalusia regional hospital,849 south three notch street,empty,,andalusia,,,covington,3342228466.0,acute care hospitals,proprietary,no,pneumonia,pn-4,pneumonia patients given smoking cessation advice/counseling,100%,43 patients,??al_pn#-4
756,10036.0,andalusia regional hospital,849 south three notch street,emp%ty,empty,andalusia,,36420.0,covington,3342228466.0,acute care hospitals,proprietary,no##,pneumonia,pn-5c,pneumonia patients given initial antibiotic(s) within 6 hours after arrival,97%,,al_pn-5c
757,10036.0,andalusia regional hospital,849 south three notch street,empty,empty,andalusia,,36420.0,covington,3342228466.0,acute care hospitals,proprietary,no,pneumoni??a#,pn-6,pneumonia patients given the most appropriate initial antibiotic(s),75%,64 patients,al_pn-6
758,10036.0,andalusia regional hospital,,,empty,andalusia,,36420.0,covington,3342228466.0,acute care hospitals,proprietary,$no,pneumonia,pn-7,pneumonia patients assessed and given influenza vaccination,92%,#52 patients,al_pn-7
759,10036.0,andalusia regional hospital,849 south three notch street,empty,,andalusia,al,36420.0,covington,18079382020.35854,a??cute care hospitals,proprietary,no,surgical infection prevention,scip-card-2,surgery patients who were taking heart drugs called beta blockers before coming to the hospital who were kept on the beta blockers during the period just before and after their surgery,,19 patients,al_scip-card-2
760,,andalusia regional hospital,849 south three notch street,empty,empty,andalusia,a#??l,36420.0,covington,3342228466.0,acute care hospitals,proprietary,no,surgical infection prevention,scip-inf-1,surgery patients who were given an antibiotic at the right time (within one hour before surgery) to help prevent infection,97%,139 patients,al_scip-inf-1
761,10036.0,andalusia regional hospital,849 south three notch street,empty,,andalusia,al,36420.0,covington,14826726078.916105,acute care hospitals,proprietary,n??o,surgical infection prevention,scip-inf-2,surgery patients who were given the  right kind  of antibiotic to help prevent infection,,141 patients,al_scip-inf-2
762,,andalusia regional hospital,849 south three notch street,empty,empty,andalusia,a%l,36420.0,covington,3342228466.0,acute care hospitals,,no,,scip-inf-3,surgery patients whose preventive antibiotics were stopped at the right time (within 24 hours after surgery),99%,136 patients,al_scip-inf-3
763,10036.0,andalusia regional hospital,849 south three notch street,empty,empty,andalusia,,36420.0,covington,3342228466.0,acute care hospitals,proprietary,no,surgical infection prevention,scip-inf-4,all heart surgery patients whose blood sugar (blood glucose) is kept under good control in the days right after surgery,empty,0 patients,al_scip-inf-4
764,10036.0,andalusia regional hospital,849 south three notch street,e??mp@@ty,empty,andalusia,al,36420.0,covington,,acute care hospitals,proprietary,@@no,surgical infectio??n prevention,scip-inf-6,surgery patients needing hair removed from the surgical area before surgery who had hair removed using a safer method (electric clippers or hair removal cream c not a razor),1$??00%,,al_scip-inf-6
765,10036.0,andalusia regional hospital,849 south three notch street,e??mpty,#empty,andalusia,al,36420.0,covingt#o%n,3342228466.0,acute care hospitals,proprietary,no,,scip-vte-1,surgery patients whose doctors ordered treatments to prevent blood clots after certain types of surgeries,80%,66 patients,al_scip-vte-1
766,,andalusia regional hospital,849 south three notch street,empty,empty,andalusia,al,36420.0,covington,10977092220.951088,acute care hospitals,proprietary,@@no,,scip-vte-2,patients who got treatment  at the right time (within 24 hours before or after their surgery) to help prevent blood clots after certain types of surgery,80%,66 patients,al_scip-vte-2
767,10038.0,stringfell@@ow memorial hospital,301 east 18th st,empty,empty,anniston,,36201.0,calhoun,2562358900.0,acute care hospitals,proprietary,yes,children s asthma care,c@@ac-$1,children who received reliever medication while hospitalized for asthma,100%,9 patients,al_cac-1
768,10038.0,stringfellow memorial hospital,301 east 18th st,empty,empty,anniston,al,36201.0,,2562358900.0,acute care hospitals,proprietary,yes,surgical infection prevention,scip-i$nf-1,surgery patients who were given an antibiotic at the right time (within one hour before surgery) to help prevent infection,99%,96 #patients,al_scip-inf-1
769,10038.0,stringfellow memorial hospital,301 east 18th st,empty,empty,anniston,a@@l,154023.28194951158,calhoun,12255346523.6392,acute care hospitals,proprietary,yes,,,surgery patients who were given the  right kind  of antibiotic to help prevent infection,93%,,
770,10038.0,,301 east 18th st,empty,empty,anniston,al,36201.0,calhoun,2562358900.0,acute care hospitals,proprietary,yes,,scip-inf-3,surgery patie$nts whose preventive antibiotics were stopped at the right time (within 24 hour%s after surgery),,95 patients,al_scip-inf-3
771,10038.0,stringfellow memorial hospital,301 east 1??$8th st,empty,em%pt%y,anniston,al,36201.0,calhoun,2562358900.0,acute care hospitals,proprietary,yes,surgical infection prevention,scip-inf-4,all heart surgery patients whose blood sugar (blood glucose) is kept under good control in the days right after surgery,empty,0 patients,al_scip-inf-4
772,10038.0,stringfellow memorial hospital,301 east 18th st,empty,empty,anniston,al,,calhoun,2562358900.0,acute care hospitals,prop@@rieta#ry,yes,surgical infection prevention,scip-inf-6,surgery patients needing hair removed from the surgical area before surgery who had hair removed using a safer method (electric clippers or hair removal cream c not a razor),100%,195 patients,al_scip-inf-6
773,10038.0,stringfellow memorial hospital,301 east 18th st,empty,emp$ty,anniston,al,36201.0,calhoun,2562358900.0,acute care hospitals,proprietary,yes,,,surgery patients whose doctors ordered treatments t#o prevent blood clots after certain types of surgeries,90%,117 patients,al_scip-vte-1
774,10038.0,stringfellow memorial hospital,301 east 18th st,empty,empty,anniston,al,,calh$oun??,2562358900.0,acute care hospitals,proprietary,yes,surgical infection prevention,scip-vte-2,patients who got treatment  at the right time (within 24 hours before or after their surgery) to help prevent blood clots after certain types of surgery,89%,116 patients,al_scip-vte-2
775,10039.0,huntsville hospital,,empty,empty,huntsville,al,35801.0,madison,,acute care hospitals,government - hospital district or authority,%yes,children s asthma care,cac-1,children who received reliever medication while hospitalized for asthma,100%,193 patients,al_cac-1
776,10039.0,huntsville hospital,101 sivley rd,empty,empty,huntsville,al,35801.0,madison,2562651000.0,acute care hospitals,government - hospital district or authority,yes,children s asthma care,cac-2,children who received systemic corticosteroid medication (oral and iv medication that reduces inflammation and controls symptoms) while hospitalized for ast$h??ma,,193 patients,al_cac-2
777,,huntsville hospital,,empty,empty,huntsville,al,35801.0,madison,2562651000.0,acute care hospitals,government - hospi#ta??l district or authority,yes,children s asthma care,cac-3,children and their caregivers who received a home management plan of care document while hospitalized for asthma,14%,193 patients,al_cac-3
778,10039.0,huntsville hospital,101 sivley rd,empty,empty,huntsville,al??#,146159.1879327837,madison,2562651000.0,acute care hospitals,government - hospital district or authority,yes,heart attack,ami-1,heart attack patients given aspirin at arrival,98%,155 patients,
779,10039.0,huntsville hospital,101 sivley rd??,empty,empty,huntsville,,,madison,2562651000.0,,government - hospital district or authority,yes,heart attack,ami-2,heart attack patients given aspirin at discharge,100%,32%3 patients,al_ami-2
780,10039.0,huntsville hospital,??101 @@sivley rd,emp??ty,empty,huntsville,al,35801.0,,12900466365.58476,acute care hospitals,government - hospital district or authority,yes,heart attack,ami-3,heart attack pati#ents given ace inhibitor or arb for left ventricular systolic dysfunction (lvsd),97%,77 patients,al_#ami-3
781,,,101 sivley rd,empty,empty,huntsville,al,35801.0,madison,2562651000.0,acute care hospitals,government - hospital district or authority,yes,heart attack,ami-4,heart attack patients given smoking cessation advice/counseling,100%,135 patients,al_ami-4
782,10039.0,huntsville hospital,101 sivley rd,%??empty,empty,huntsville,al,35801.0,madison,2562651000.0,acute care hospitals,government - hospital district o??r authority,yes,heart $att@@ack,a%mi-5,heart attack patients given beta blocker at discharge,100%,301 patients,al_ami-5
783,10039.0,huntsville hospital,101 sivley rd,empty,e%mpty%,huntsville,al,35801.0,madison,,acute care hospitals,government - hospital district or authority,yes,heart attack,ami-7a,heart attack patients given fibrinolytic medication within 30 minutes# of arrival,empty,,al_ami-7a
784,10039.0,huntsville hospital,101 sivley rd,empty,,huntsville,al,35801.0,madison,2562651000.0,acute care hospitals,government - hos$pital district or au@@thority,,heart attack,ami-8a,heart attac??k patients given pci within 90 minutes of arrival,,44 patients,#al_ami-8a
785,10039.0,huntsville hospital,101 sivley rd,empty,empty,huntsville,al,35801.0,madison,8170303866.918442,acute care hospitals,government - hospital district or authority,yes,heart failure,hf-1,heart failure patients given discharge instructions,72%,264 patients,al_hf-1
786,10039.0,huntsville hospital,101 sivley rd,empty,empty,huntsville,al$,35801.0,madison,2562651000.0,acute care hospi#tals,government - hospital district or authority,yes@@%,heart failure,hf-2,heart failure patients given an evaluation of left ventricular systolic (lvs) function,95%,303 patients,al_hf-2
787,,huntsville hospital,101 sivley rd,empty,empty,huntsville,al,35801.0,madison,2562651000.0,acute care hospitals,government - hospital district or authority,yes,heart failure,hf-3,heart failure patients given ace inhibitor or arb for left ventricular systolic dysfunction (lvsd),98%,102 patients,al_#hf-3
788,10039.0,,101 sivley rd,empty,,huntsville,al,35801.0,madison,2562651000.0,acute care hospitals,government - hospital district or authority,yes,heart failure,hf-4,heart failure patients given smoking cessation advice/counseling,100%,51 patients,al_hf-4
789,10039.0,huntsville hospital,101 sivley rd,empty,empty,huntsville,,35801.0,madison,8691009301.45421,acute care hospitals,government - hospital district or authority,yes,pneumonia,pn-2,pneumonia patients assessed and given pneumococcal vaccination,96%,509 patients,al_pn-2
790,10039.0,huntsville hospital,,empt??y,empty,huntsville,a%l$,35801.0,madison,2562651000.0,acute care hospitals,,%y%es,pneumonia,pn-3b,pneumonia patients whose initial emergency room blood culture was performed prior to the administration of the first hospital dose of antibiotics,99%,496 patients,al_pn-3b
791,10039.0,huntsville hospital,101 sivley rd,empty,empty,huntsville,al,123417.03775349089,madison,2562651000.0,acute care hospitals,government - hospital district or authority,,pneumonia,pn-4,pneumonia patients given smoking cessation advice/counseling,97%,294 pati??ents@@,al_pn-4
792,10039.0,huntsville hospital,101 sivley rd,empty,empty,huntsville,al,180222.67924979076,madison,,acute care hospitals,government - hospital district or authority,yes,pneumonia,p@@n-5c,pneumonia patients given initial antibiotic(s) within 6 hours after arrival,93%,511 @@pa%tients,al_pn-5c
793,10039.0,huntsville hospital,,empty,empty,huntsville,al,35801.0,madison,2562651000.0,,government - hospital district or authority,yes,pneumonia,pn-6,pneumonia patients given the most appropriate initial antibiotic(s),89%,313 patients,al_pn-6
794,,huntsville hospital,10#1 sivle%y rd,empty,empty??,huntsville,al,35801.0,mad#ison#,2562651000.0,acute care hospitals,,yes,pneumonia,,pneumonia patients assessed and given influenza vaccination,89%,409 patients,al_pn-7
795,10039.0,huntsville hos??pita??l,101 sivley rd,empty,empty,huntsville,,35801.0,,2562651000.0,acute care hospitals,government - hospital district or authority,yes,surgical infection prevention,,surgery patients who were taking heart drugs called beta blockers before coming to the hospital who were kept on the beta blockers during the period just before and after their surgery,90%,123 patients,al_scip-card-2
796,37212.553398286596,huntsville hospital,101 sivl#ey %rd,,empty,,al,35801.0,madison,2562651000.0,acute care h??#ospitals,government - hospital district or authority,yes,surgical infection prevention,scip-inf-1,surgery p$atients who were given an antibiotic at the right time (within one hour before surgery) to help prevent infection,95%,601 patients,al_scip-in@@#f-1
797,10039.0,huntsville hospital,101 sivley rd,empt??y,empty,huntsville,al,35801.0,madison,2562651000.0,,,yes,surgical infection prevention,scip-inf-2,surgery patients who were given the  right kind  of antibiotic to help prevent infection,99%%@@,603 patients,al_scip-inf-2
798,10039.0,huntsville# hospital,101 sivley@@ rd,empty,empty,huntsville,a?$?l,,mad%ison,2562651000.0,acute care hospitals,government - hospital district or authority,y%e%s,surgical# infection p??revention,,surgery patients whose preventive antibiotics were stopped at the right time (within 24 hours after surgery),93%,561 patients,al_scip-inf-3
799,10039.0,huntsville hospital,101 sivley rd,empty,empty,$huntsville,,35801.0,madison,,acute care hospitals,government - hospital district or authority,yes,surgical infection prevention,scip-inf-4,all heart surgery patients whose blood sugar (blood glucose) is kept under good control in the days right after surgery,,149 patients,al_scip-inf-4
800,10039.0,huntsville hospital,101 siv@@ley rd#,empty,empty,,al,35801.0,madison,2562651000.0,acute@@ care hos$pitals,,y$es%,surgical infection prevention,scip-inf-6,surgery patients needing hair removed from the surgical area before surgery who had hair removed using a safer method (electric clippers or hair removal cream c not a razor),99%,,al_scip-inf-6
801,10039.0,huntsville hospital,101 sivley rd,empty,empty,huntsville,,35801.0,madison,2562651000.0,acute care hospitals,government - hos#pital district or% authority,yes,surgical infection prevention,scip-vte-1,surgery patients whose doctors ordered treatments to prevent blood clots after certain types of surgeries,9@@3%,269 patients,al_scip-vte-1
802,10039.0,,101 sivley rd,empty,empty,huntsville,al,35801.0,madison,2562651000.0,acute care hospitals,government - hospital district or authority,yes,surgical infection prevention,scip-vte-2,patients who got treatment  at the right time (within 24 hours before or after their surgery) to help prevent blood clots after certain types of surgery,90%,269 pat#ients,al_scip-vte-2
803,10040.0,gadsden regional medical center,1007 goodyear avenue,empty,empty,#gadsden,al,35903.0,$eto#wah,2564944000.0,acute care hospitals,proprietary,yes,heart attack,ami-1,heart attack patients given aspirin at arrival,,123 patients,al_ami-1
804,10040.0,gadsden regional me#dical center,1007 goodyear avenue,empty,empty,gadsden,al,,etowah,2564944000.0,,,yes,heart attack,,heart attack patients given aspirin at discharge,99%,134 patients,al_ami-2
805,46016.731637773184,gadsden regional medical center,1007 goodyear avenue,empty,empty,gad#sden,al,35903.0,,2564944000.0,,proprietary,yes,heart attack,ami-3,heart attack patients given ace inhibitor or arb for left ventricular systolic dysfunction (lvsd),89%,18 patients,al_ami@@-3
806,44038.09290412686,gadsden regional medical center,1007 goodyear avenue,,empty,gadsden,al,35903.0,etowah,2564944000.0,acute care hospitals,proprietary,yes,heart attack,ami-4??,heart attack patients given smoking cessation advice/counseling,100%,79 patients,al_ami-4
807,,gadsden regional medical center,,empty,empty,,@@a%l,35903.0,etowah,2564944000.0,acute care hospitals,prop@$@rietary,yes,heart attack,ami-5,heart attack patients given beta blocker at discharge,,117 patients,al_ami$-%5
808,10040.0,gadsden regional medical center,1007 goodyear avenue,empty,empty,,al,35903.0,etowah,2564944000.0,acute care hospitals,proprietary,,,,,68%,25 p??at%ients,al_ami-7a
809,10040.0,,1007 goodyear avenue,empty,empty,gadsden,al,35903.0,etow%??ah,2564944000.0,acute care hospitals,proprietary,,heart attack,ami-8a,,83%,12 patien??ts,al_ami-8a
810,10040.0,gadsden regional medical cen%ter,,empty,,gadsden,al,35903.0,etowah,2564944000.0,acute care hospitals,proprietary,yes,,hf-1,heart failure patients given discharge instructions,47%,211 patients,al_hf-1
811,,gadsden regional medical center,,empty,empty,gadsden,al,,etowah,2564944000.0,acute care hospitals,,yes,heart failure,hf-2,heart failure patients given an evaluation of left ventricular systolic (lvs) function,100%,259 patients,al_hf-2
812,38435.55719409666,,1007 goodyear avenue,e$mpt$y,empty,,al,35903.0,etowah,2564944000.0,acute care hospitals,proprietary,yes,heart failure,hf-3,heart failure patients given ace inhibitor or arb for left ventricular systolic dysfunction (lvsd),93%,69 patients,
813,10040.0,g@@adsden regional medical center??,1007 goodyear avenue,empty,,gadsden,al,35903.0,etowah,2564944000.0,acute care hospitals,proprietary,,,hf-4,heart failure patients given smoking cessation advice/counseling,,70 patients,al_hf-4
814,49090.49156249674,gadsden regional medical center,1007 goodyear avenue,,empty,gadsden,al,35903.0,etowah,,acute care hospitals,proprie@@tary,yes,pneumonia,pn-2,pneumonia patients assessed and given pneumococcal vaccination,96%,255 patients,
815,10040.0,gadsden regional medical center,,empty,e#mpty,,al,35903.0,etowah,14739706555.625061,acute care hospitals,proprieta%??ry,,pneumonia,pn-3b,pneumonia patients whose initial emergency room blood culture was performed prior to the administration of the first hospital dose of antibiotics,96%,187 patients,al_pn-3b
816,10040.0,gadsden regional medical center,1007 goodyear avenue,empty,,,al,35903.0,etowah,14486140500.26601,acute care hospitals,proprietary,ye$$s,pneumonia,p??n-4,pneumonia patients given smoking cessation advice/counseling,100%,130 patients,
817,44177.84229876556,gadsden regional medical center,1007 goodyear avenue,,empty,gadsden,al,35903.0,etowah,2564944000.0,acute care hospitals,proprietary,yes,pneumonia,pn-5c,pneumonia patients given initial antibiotic(s) within 6 hours after arrival,94%,266 patients,al_pn-5c
818,10040.0,gadsden regiona#l medical c#enter,1007 goodyear avenue,empty,empty,gadsden,al,35903.0,etowah,2564944000.0,,proprie%tar@@y,yes,pneumonia,pn-6,pneumonia patients given the most appropriate initial antibiotic(s),89%,153 patients,al_pn-6
819,50302.45250013579,gadsden regional medical center,1007 goodyear avenue,empty,em@@pt#y,gadsden,,35903.0,,2564944000.0,acute care hospitals,proprietary,yes,,pn-7,pneumonia patients assessed and given influenza vaccination,96%,187 patients,al_pn-7
820,10040.0,gadsden regional medical center,1007 goodyear avenue,empty,,ga@@dsden,al,35903.0,e#towah,2564944000.0,acute care hospitals,proprietary,y$es,surgical infection prevention,scip-card-2,surgery patients who were taking heart drugs called beta blockers before coming to the hospital who were kept on the beta blockers during the period just before and after their surgery,9$1@@%,109 patients,al_??scip-c#ard-2
821,,,1007 goodyear avenue,$e#mpty,empty,gadsden,al,35903.0,etowah,2564944000.0,acute care hospitals,,yes,surgical infection prevention,scip-inf-1,surgery patients who were given an antibiotic at the right time (within one hour before surgery) to help prevent infection,98%,557 patients,al_scip-inf-1
822,10040.0,gadsden regional medical center,1007 goodyear avenue,empty,empty,gadsden,al,35903.0,etowah,14948902631.05385,acute care hospitals,,yes,surgical infection prevention,scip-inf-2,surgery patients who were given the  right kind  of a#ntibiotic to help prevent infect#ion,97%,564 patients,al_scip-inf-2
823,,gadsden regional medical center,1007 goodyear avenue,empty,empty,gadsden,al#,35903.0,et$owah,2564944000.0,acute care hospitals,proprietary,,surgical infection prevention,scip-inf-3,,,520 patients,al_scip-inf-3
824,10040.0,,1007 goodyear avenue,empty,empty,gadsden,al,,etowah,2564944000.0,acute care hospitals,proprietary,yes,surgical infection prevention,,all heart surgery patients whose blood sugar (blood glucose) is kept under good control in the days right after surgery,94%@@,186 patients,al_scip-inf-4
825,54543.43845897866,gadsden regional medical center,1007 goodyear aven$ue,$e$mpty,e%mpty,gadsden,al,35903.0,etowah,14386247308.371252,acute care# hospitals,proprietary,yes,surgical infection prevention,s#cip-$inf-6,surgery patients needing hair removed from the surgical area before surgery who had hair removed using a safer method (electric clippers or hair removal cream c not a razor),,854 patients,al_scip-inf-6
826,10040.0,gadsden regional medical center,1007 goodyear avenue,empty,empty,gadsden,al,35903.0,etowah,2564944000.0,acute care hospitals,proprietary,yes,surgical infection prevention,scip-vte-1,surgery patients whose doctors ordered treatments to prev#ent?? blood clots after certain types of surgeries,95%,31??5 p$atients,al_scip-vte-1
827,,gadsden regional medical center,1007 goodyear avenue,,empty,gadsden,,35903.0,etowah,2564944000.0,acute care hospitals,proprie@@ta$ry,yes,surgical infection prevention,scip-vte-2,patients who got treatment  at the right time (within 24 hours before or after their surgery) to help prevent blood clots after certain types of surgery,87%,315 patients,al_scip-vte-2
828,10043.0,chilton medical center,,empty,empty,clanton,al,35045.0,chilton,2057552500.0,acute care hospitals,voluntary non-profit - private,yes,heart attack,ami@@-1,heart attack patients given asp#irin at arrival,100%,1 patients,al_ami-1
829,10043.0,chilton medical center,1010 lay dam $road,,$empty@@,clanton,$$al,35045.0,chilton,2057552500.0,acute care hospitals,voluntary non-profit - private,yes,heart attack,ami-2,,100%,1 patients,al_ami-2
830,10043.0,chilton medical center,1010 lay dam road,empty,empty,clanton,al,35045.0,chilton,2057552500.0,acute care hospitals,voluntary non-profit - private,y??es,heart attack,ami-3,,100%,1 patients,
831,10043.0,chilton medical center,1010 lay dam road,empty,empty,clanton,al,35045.0,chilton,2057552500.0,acute care hospitals,voluntary non-profit - private,yes,heart attack,ami-4,heart attack patients given smoking cessation advice/counseling,empty,0 patients,
832,10043.0,chilton medical ??center,1010# lay dam road,empty,empty,clanton,al,35045.0,chilton,2057552500.0,acute care hospitals,voluntary non-profit - private,yes,heart attack,ami-5,heart attack patients given beta blocker at discharge,100%,1 patients,al_ami-5
833,10043.0,chilton medical center,1010 lay dam road,empty,empty,clanton,al,35045.0,chilton,2057552500.0,acute care hospitals,voluntary non-profit - private,,#heart attack,ami-7a,heart attack patients given fibrinolytic medication within 30 minutes of arrival,empty,0 patients,al_ami-7a
834,10043.0,chilton medical center,,empty,empty,clanton,,35045.0,ch#@@ilton,2057552500.0,acute care hospitals,voluntary non-profit - private,,heart attack,ami-8a,heart attack patients given pci within 90 minutes of arrival,empty,,al_ami-8@@a
835,55108.84724460452,chilton medical center,1010 lay dam road,empty,empty,clanton,al,35045.0,chilton,2057552500.0,acute care hospitals,voluntary non-profit - private,yes,heart failure,hf-1,heart failure patients give%n disc??harge instructions,84%,,al_hf-1
836,10043.0,chilton medical center,1010 lay dam road,,empty,,al,35045.0,??chi??lton,2057552500.0,acute care hospitals,voluntary non-profit - private,,heart failure,,heart failure patients given an evaluation of left ventricular systolic (lvs) function,89%,$28 patients,al_@@hf??-2
837,10043.0,,1010 lay dam road,empty,empty,clanton,al,35045.0,chilton,2057552500.0,acute car??%e hospitals,,,heart failure,hf-3,heart failure patients given ace inhibitor or arb for left ventricular systolic dysfunction (lvsd),75%,4 patients,al_hf-3
838,10043.0,chilton medical% center,1010 lay dam road,empty,e??mpty,clanton,??#al,35045.0,chilton,2057552500.0,acute care hospitals,voluntary non-profit - private,yes,heart failure,,heart failure patients given smoking cessation advice/counseling,100%,4 patients,al_hf-4
839,10043.0,chilton medical center,1010 lay dam road,%$empty,empty,clanton,al??,35045.0,chilton,8305986871.429563,acute care hospitals,,yes,pneumonia,pn-2,pneumonia patients assessed and given pneumococcal vaccination,89%,47 patients,al_pn-2
840,10043.0,,1010 lay dam road,empty,empty,clanton,al,35045.0,chilton,,acute care hospitals,voluntary non-profit - p@@rivate,yes,pneumonia,,pneumonia patients whose initial emergency room blood culture was performed prior to the administration of the first hospital dose of antibiotics,92%,,al_pn-3b
841,10043.0,,1010 lay dam road,empty,empty,clanton,al,35045.0,chilton,,acute care hospitals,vo??luntary non-@@profit - private,y??es%,pneumonia,pn-4,pneumonia patients g??iven smoking cessation advi$ce/counseling,94%,16 patients,al_pn-4
842,59514.63204392591,chilton medical center,,empty,empty,clanton,al,35045.0,chilton,2057552500.0,acute care hospitals,voluntary non-profit - private,ye$s,pneumonia,p$n-5c,,98%,44 patients,
843,,chilton medical center,1010 lay dam road,,e??mpty,clanton,al,35045.0,chilton,2057552500.0,acute care hospitals,voluntary non-profit - private,,pneumonia,,pneumonia patients given the most appropriate initial antibiotic(s),95%,38 patient$s,
844,10043.0,,1010 lay dam road,empty,empty,clanton,al,35045.0,chilton,,acute care hospitals,voluntary non-profit - private,yes,pneumonia,pn-7,pneumonia patients assessed and given influenza vaccination,81%,37 patients,al_??pn-7
845,,chilton medical center,1010 lay dam road,empty,empty%??,clanton,,35045.0,chilton,2057552500.0,acute care hospitals,voluntary non-profit - private,yes@#@,,scip-card-2,surgery patients who were taking heart drugs called beta blockers before coming to the hospital who were kept on the beta blockers during the period just before and after their surgery,50%,,al_scip-card-2
846,10043.0,chilton medical center,1010 lay dam road,empty,empty,clanton,al#??,147264.29888244095,chilton,2057552500.0,acute care hospitals,voluntary non-profit - private,yes,surgical @@infection prevention,scip-inf-1,surgery patients who were given an antibiotic at the right time (within one hour before surgery) to help prevent infection,100%,4 patients,al_scip-inf-1
847,10043.0,chilton medical center,1010 lay dam road,empty,empty,clanton,al,35045.0,chilton,2057552500.0,acute care hospitals,voluntary non-profit - private,yes,surgical infection prevention,scip-inf-2,surgery patients who were given the  right kind  of antibiotic to help prevent infection,100%??,4 patients,al_scip-inf-2
848,10043.0,chil??ton$ medical center,1010 lay dam road,empty,empty,clanton,al,35045.0,chilton,2057552500.0,acute care hospitals,voluntary non-profit - private,yes,surgical infection prevention,scip-inf-3,surgery patients whose preventive antibiotics were stopped at the right time (within 24 hours after surgery),1$@@00%,4 patients,al_scip-inf-3
849,10043.0,chilton medical center,1010 lay dam road,empty,empty,clanton,al,,,2057552500.0,acute care hospitals,,yes,surgical infection prevention,scip-inf-4,all heart surgery patients whose blood sugar (blood glucose) is kept under good control in the days right after surgery,empty,0 patients,
850,10043.0,chilton medical center,1010 lay dam road,empty,empty,clanton,al,35045.0,chilton,2057552500.0,acute care hospitals,,yes,surgical infection prevention,scip-inf-6,,100%,5 patients,
851,,chilton medical center,1010 lay dam road,empty,empty,clanton,al,35045.0,??chilto#n,2057552500.0,acute care hospitals,voluntary non-profit - private,yes,surgical infection prevention,,,empty,,al_scip@@-@@vte-1
852,10043.0,chilton medical center,1010 lay dam road,empty,empty,,,,chilton,2057552500.0,$@@acute care hospitals,voluntary non-profit - private,yes,surgical infection prevention,,patients who got treatment  at the right time (within 24 hours before or after their surgery) to help prevent blood clots after certain types of surgery,,0 patients,al_scip-vte-2
853,10044.0,marion regional medical center,1256 military street south,,empty,,al,35570.0,mar%ion??,2059216200.0,acute care hospitals,voluntary non-profit - private,,heart attack,ami-1,heart attack patients given aspirin at arrival,67%,3 patients,al_ami-1
854,10044.0,marion regional medical center,1256 military street south,empt%y,empty,hamilton,al,35570.0,marion,2059216200.0,acute care hospitals,voluntary non-profit - private,,heart attack,,heart attack patients given aspirin at discharge,67%,,al_ami-2
855,10044.0,marion regional medical center,1256 military street south,@@emp??ty,empty,hamilton,al$,182484.4959995926,marion,,acute care hospitals,voluntary non-profit - private,yes,heart attack,ami-3,heart attack patients given ace inhibitor or arb for left ventricular systolic dysfunction (lvsd),100%,1 patients,al_ami-3
856,10044.0,marion regional medical center,1256 military @@??street south,empty,empty,hamilton,al@@%,35570.0,marion,2059216200.0,acute care hospitals,volu??ntary non-profit -% private,yes,,,heart attack patients given smoking cessation advice/counseling,empty,0 patients,al_ami-4
857,10044.0,marion regional medical center,,,,hamilton,al,35570.0,marion,2059216200.0,acute care hospitals,voluntary non-profit - private,yes,heart attack,a??m#i-5,heart attack patients given beta blocker at discharge,33%,3 patients,al_ami-5
858,10044.0,marion regional medical center,1256 military street south,empty,empty,,al,211228.93397707332,marion,2059216200.0,,voluntary non-profit% - pr@@ivate,yes,heart attack,ami-7a,heart attack patients given fibrinolytic medication within 30 minutes of arrival,,,
859,10044.0,marion regional medical center,1256 military street south,empty,empty,hamilton,al,35570.0,marion,2059216200.0,acute care hospitals,,yes,heart attack,ami-8a,heart attack patients given pci within 90 minutes of arrival,empty,0 patients,al_ami-8a
860,10044.0,marion regional medical center,1256 military street south,emp@@ty,empty,hamilton,al,35570.0,marion,2059216200.0,acute care hospitals,voluntary non-profit - private,,heart failure,hf-1,heart failure patients given discharge instructions,74%,38 patients,a%l_hf-1
861,10044.0,marion regional medical center,,emp#ty,%em#pty,@@hamilto#n,al,35570.0,marion,2059216200.0,acute care hospitals,voluntary non-profit - private,yes,heart failure,,heart failure patients given an evaluation of left ventricular systolic (lvs) function,80%,46 patients,al_hf-2
862,10044.0,marion regional medical center,1256 military street south,empty,empty,hamilton,al,35570.0,marion,,acute care hospitals,voluntary non-profit - p$$rivate,yes,heart failure,hf-3,,78%,18 patients,al_h$f-3
863,10044.0,marion regional medical center,1256 military street south,empty,empty,hamilton,al,35570.0,marion,2059216200.0,acute care hospitals,voluntary non-profit - private,yes,heart failure,,heart failure patients given smoking cessation advice/counseling,80%,10 patients,al_hf-4
864,10044.0,marion regional medical center,1256 military street south,empty,empty,hamilton,al,,marion,2059216200.0,acute care hospitals,voluntary non-profit - private,yes,pn#eumoni#a,pn-2,pneumonia patients assessed and given pneumococcal vaccination,@@96#%,,al_pn-2
865,10044.0,marion regional medical center,1256 military street south,e??m@@pty,empty,hamilto#n,al,35570.0,marion,2059216200.0,,voluntary non-profit - private,yes,pneumonia,pn-3b,pneumonia patients whose initial emergency room blood culture was performed prior to the administration of the first hospital dose of antibiotics,99%,78 patients,al_pn-3b
866,10044.0,,1256 military street south,,empty,hamilton,al,35570.0,marion,,acute care hospitals,voluntary non-profit - private,yes,pneumonia,pn-4,pneumonia patients given smoking cessation advice/counseling,,42 patients,al_pn-4
867,10044.0,marion regional medical center,1256 military street south,empty,??e@@mpty,hamilton,,,,10874169697.630424,acute care hospitals,voluntary non-profit - private,yes,pneumonia,pn-5c,pneumonia patients given initial antibiotic(s) within 6 hours after arrival,98%,121 patients,al_pn-5c
868,10044.0,marion regional medica#l center,1256 military street south,empty,empty??,,al,168951.65045604308,marion,2059216200.0,acute care hospitals,voluntary non-profit - private,yes,pneumonia,pn-6,pneumonia patients given the most appropriate initial antibiotic(s),76%,97 patients,al_pn-6
869,40207.808735111284,marion regional medical center,1256 military street south,#empty@@,empty,hamilton,al,35570.0,marion,,acute care hospitals,voluntary non-profit - private,yes,pneumonia,pn-7,pneumonia patients assessed and given influenza vaccination,91%,85 patients,al_pn-7
870,10044.0,marion regional medical center,1256 military street south,empty,empty,hamilton,al,,marion,2059216200.0,acute care hospitals,voluntary non-profit - private,yes,surgical infection prevention,scip-card-2,surgery patients who were taking heart drugs called beta blockers before coming to the hospital who were kept on the beta blockers during the period just before and after their surgery,67??%,3 patients,al_scip-card-2
871,10044.0,marion regional medical center,1256 military street south,empty,,hamilton,al,35570.0,marion,2059216200.0,acute care hospitals,voluntary non-profit - private,yes,surgical infection prevention,scip-inf-1,surgery patients who were given an antibiotic at the right time (within one hour before surgery) to help prevent infection,80%,15 patients,al_scip-inf-1
872,10044.0,,1256 military street south,empty,empty,hamilton,al,,marion,2059216200.0,acute care hospitals,,y??%es,surgical infection prevention,scip-inf-2,surgery patients who were given the  right kind  of antibiotic to help prevent infection,87%,,al_sc#ip-inf-2
873,10044.0,marion regional medical center,1256 $military street south,empty,empty,hamilton,al,35570.0,marion,,acute care hospitals,voluntary non-profit - private,yes,surgical infection prevention,scip-inf-3,surgery patients whose preventive antibiotics were stopped at the right time (within 24 hours after surgery),87%,15 patients,al_scip-inf-3
874,10044.0,marion regional medical center,1256 military street south,empty,empty,,al,35570.0,marion,2059216200.0,acute care hospitals,voluntary non-profit - private,,surgical infection prevention,scip-inf-4,all heart surgery patients whose blood sugar (blood glucose) is kept under good control in the days right after surgery,empty,0 patients,al_scip-inf-4
875,10044.0,,1256 military street south,empty,empty,hamilton,al,210613.19769352232,marion,2059216200.0,acute care hospitals,voluntary non-profit - private,yes,surgical infection prevention,scip-inf-6,surgery patients needing hair removed from the surgical area before surgery who had hair removed using a safer method (electric clippers or hair removal cream c not a razor),100%,19 patients,al_scip-inf-6
876,10044.0,marion regional medical center,1256 military street south,empty,,,al,35570.0,$marion,2059216200.0,acute care hospitals,voluntary non-profit - private,yes,surgical infection prevention,scip-vte-1,,100%,4 patients,al_scip-vte-1
877,10044.0,marion regional medical center,1256 military street south,empty,empty,hamilton,al,35570.0,marion,2059216200.0,acute ca??re hospita$ls,voluntary non-profit - private,yes,surgical infection prevention,scip-vte-2$,patients who got treatment  at the right time (within 24 hours before or after their surgery) to help prevent blood clots a$fter certain types of surgery,100%,,al_scip-vte-2
878,10045.0,fayette medical center,1653 temple avenue north,empty,empty,fayette,al,35555.0,fayet??te#,9344383474.274067,acute care hospitals,voluntary non-p%rofit - other,yes,heart attack,ami-1,heart attack patients given aspirin at arrival,100%,18 patients,al_ami-1
879,10045.0,fayette medical center,1653 temple avenue north,empty,empty,,al,35555.0,fayette,2059325966.0,acute care hospitals,voluntary no%%n-profit - other,,heart attack,ami-2,heart attack patients given aspirin at discharge,100%,12 patients,al_ami-2
880,10045.0,fayet@@te me%dical center,1653 temple avenue north,empty,empty,%fa%yette,al,126100.0414229017,,2059325966.0,??acute care %hospitals,voluntary non-profit - other,yes,heart attack,am%i-3??,heart attack patients given ace inhibitor or arb for left ventricular systolic dysfunction (lvsd),0%,,al_ami-3
881,10045.0,fayette medical center,1653 temple avenue north,empty,empty,fayette,al,35555.0,fayette,2059325966.0,acute care hospitals,voluntary non-profit - other,yes,heart attack,ami-4,heart attack patients given smoking cessation advice/counseling,100%,1 patie%nts,al_ami-4
882,10045.0,fayette medical center,1653 temple avenue north,empty,emp%ty,fayette,al,35555.0,fayette,,acute care hospitals,voluntary non-profit - other,,heart attack,ami-5,heart attack patients given beta blocker at discharge,82%,11 patients,al_ami-5
883,10045.0,fayette medical center,1653 temple avenue north,empty,empty,fayette,al,35555.0,fayette,2059325966.0,acute care hospitals,vol??untary non-profit - other,yes,heart attack,ami-7a,heart attack patients given fibrinolytic medication within 30 minutes of arrival,empty,0 patients,al_ami-7a
884,10045.0,fayette medical center,,empty,empty,fayette,al,35555.0,faye#tte??,2059325966.0,acute care hospitals,voluntary non-profit - other,yes,heart attack,ami-8a,heart attack patients given pci within 90 minutes of arrival,empty,0 patients,al_ami-8a
885,10045.0,fayette medical center,,empty,empty,fayette,al,35555.0,fayette,2059325966.0,acute care hospitals,voluntary non-profit - other,yes,heart failure,hf-1,heart failure patients given discharge instructions,8$7%,67 patients,al_hf-1
886,46036.010917981475,fayette medical center,,empty@@,??empty,fayette,al,35555.0,fa$yette,2059325966.0,acute care %hospitals,voluntary non-profit - other,yes,heart failure,hf-2,heart failure patients given an evaluation of left ventricular systolic (lvs) function,94%,,al_hf-2
887,10045.0,fayette medical center,1653 temple av$enue north,empty,empty,fayette,al,35555.0,fayette,2059325966.0,#acute care hospi$tals,voluntary non-profit - other,yes,heart failure,hf-3,heart failure patients given ace inhibitor or arb for left ventricular systolic dysfunction (lvsd),89%,19 pa%tients,al_hf-3
888,10045.0,fayette medical center,1653 temple avenue north,empty,e#m??pty,fayette,al,35555.0,fayette,2059325966.0,,voluntary non-profit - other,yes,heart failure,hf-4,heart failure patients given smoking cessation advice/counseling,100%,16 patients,
889,10045.0,fayette medical center,1653 temple avenue north,empty,empty,fayette,al,35555.0,fayette,2059325966.0,acute care hospitals,voluntary non-pro#fit - other%,yes,pneumonia,pn-2,,85%,117 patients,al_pn-2
890,10045.0,fayette medical center,1653 temple avenue north,empty,empty,fay??ett$e,??al,35555.0,,2059325966.0,acute care hospitals,voluntary non-profit - other,yes,pneumonia,pn-3b,pneumonia patients whose initial emergency room blood culture was performed prior to the administration of the first hospital dose of antibiotics,,41 patients,al_pn-3b
891,10045.0,fayette medical center,1653 temple avenue north,empty,empty,fayette,al,35555.0,%fayett??e,2059325966.0,acute care hospitals,voluntary non-profit - other,yes,pneum@@onia,pn-4,,100%,34 patients,al_pn-4
892,10045.0,,1653 temple avenue north,empty,empty,@@fayette,al,35555.0,fayette,2059325966.0,acute care hospitals,voluntary non-profit - other,yes,pneumonia,pn$-5c#,pneumonia patients given initial antibiotic(s) within 6 hours after arrival,97%,109 patients,al_pn-5c
893,,fayette medical center,1653 temple avenue north,empty,empty,fayette,,35555.0,fay??ette??,9143573108.588865,acute care hospitals,voluntary non-profit - other,yes,pneumonia,pn-$6$,pneumonia patients given the most appropriate initial antibiotic(s),8@@7%,79 patients,al_pn-6
894,,fayette medical center,1653 temple avenue north,empty,empty,fayette,,35555.0,fayette,2059325966.0,,vo%luntary non-profit - other,yes,pneumonia,pn-7,pneumonia patients assessed and given influenza vaccination,87%,86 patients,al_pn-7
895,10045.0,,1653 temple aven%ue north,empty,empty,fayette,al,175254.4182261038,fa%yette,9868231838.008755,acute care hospitals,voluntary non-profit - other,yes,surgical infection prevention,scip-card-2,surgery patients who were taking heart drugs called beta blockers before coming to the hospital who were kept on the beta blockers during the period just before and after their surgery,empty,0 patients,al_scip-card-2
896,10045.0,fayette medical center,1653 temple avenue north,empt@@@@y,empty,fayette,al,153729.379711522,fayette,2059325966.0,acute care hospitals,voluntary non-profit - other,yes,surgical infection prevention,scip-inf-1,surgery patients who were given an antibiotic at the right time (within one hour before surgery) to help prevent infection,empt@@#y,0 patients,al_scip-inf-1
897,10045.0,fayette medical center,1653 temple avenue north,empty,empty,fayette,al,35555.0,fayette,2059325966.0,acute care hospitals,voluntary non-profit - other,,surgical infection prevention,scip-inf-2,,empty,0 patients,al_scip-inf-2
898,10045.0,fayette medical center,1@@653 t??emple avenue north,empty,empty,fayette,al,35555.0,fayette,2059325966.0,acute care hospitals,,yes,surgical infection prevention,sci#p??-inf-3,,empty,0 patie??#nts,
899,10045.0,fayette medical center,1653 temple avenue north,empty,empty,fayet?#?te,al,35555.0,fayette,2059325966.0,acute care hospitals,voluntary non-profit - other,yes,surgical infection prevention,scip??-inf-4,all heart surgery patients whose blood sugar (blood glucose) is kept under good control in the days right after surgery,empty,0 patients,a#l_scip-inf-4
900,42012.40046624153,fayette medical center,1653 temple avenue north,empty,empty,,,35555.0,fayette,2059325966.0,acute care hospitals,voluntary non-profit - other,yes,surgical infection prevention,scip-inf-6,surgery patients needing hair removed from the surgical area before surgery who had hair removed using a safer method (electric clippers or hair removal cream c not a razor),,7 patients,al_scip-inf-6
901,10045.0,fa#yette medical center,1653 temple avenue north,empty,empty,fayette,al,35555.0,fayette,,acute care hospitals,,yes,,scip-vte-1,surgery patients whose doctors ordered treatments to prevent blood clots after certain types of surgeries,100%,3 patients,al_scip-vte-1
902,,fayette% m$edical center,1653 temple avenue north,e#mpty,,fayette,#a@@l,35555.0,fayett#e,2059325966.0,acute care hospitals,voluntary non-profit - other,yes,surgical infection prevention,scip-vte-2,patients who got treatment  at the right time (within 24 hours before or after their surgery) to help prevent blood clots after certain types of surgery,100%,3 patients,al_scip-vte-2
903,10046.0,riverview regional medical center,,empty,empty,gadsden,al,35901.0,etowah,2565435200.0,acute care hospitals,proprietary,yes,children s asthma care,cac-1,children who received reliever medication while hospitalized for asthma,100%,,
904,10046.0,riverview regional medical center,600 south third street,empty,empty,gadsden,al,35901.0,,2565435200.0,acute care hospitals,proprietary,yes,children% s a@@sthma care,cac-2,children who received systemic corticosteroid medication (oral and iv medication that reduces inflammation and controls symptoms) while hospitalized for asthma,1#0$0%,4 patients,al_cac-2
905,10046.0,riverview regional medical center,600 south third street,emp%%ty,empty,gadsden,al,35901.0,,2565435200.0,acu#t@@e care hospitals,proprietary,yes,children s asthma care,cac-3,children and their caregivers who received a home management plan of care document while hospitalized for asthma,100%,4 patients,al_cac-3
906,32083.557982924187,riverview regional medical center,600 south third street,empty,empty,gadsden,al,35901.0,e%towah%,13857074902.169395,acute care hospitals,proprietary,ye#s#,heart attack,ami-1,heart attack patients given aspirin at arrival,100%,126 patients,al_ami-1
907,10046.0,riverview regional medical center,600 south third street,empty,empty,gadsden,al,,etowah,2565435200.0,acute care hospitals,proprietary,yes,heart attack,ami-2,$heart attack patients given aspiri??n at discharge,10??0%??,145 patients,al_a$mi-2
908,10046.0,riverview regional medical center,600 south third street,empty,empty,gadsden,al,35901.0,etowah,2565435200.0,acute care hospitals,proprietary,yes,heart attack,ami-3,heart attack patients given ace inhibitor or arb for left ventricular systolic dysfunction (lvsd),100%,25 patients,al_ami-3
909,10046.0,riverview regional medical center,,empty,empty,gadsden,al,35901.0,etowah,14000038176.061775,acute care hospitals,proprietary,yes,heart attack,ami-4,heart attack patients given smoking cessation advice/counseling,100%,68 patients,al_ami-4
910,10046.0,riverview regional medical center,600 south third street,empty,empty,gadsden,al,35901.0,etowah,2565435200.0,acute care hospitals,proprietary,yes,heart attack,ami-5,heart attack patients given beta blocker at discharge,100%,125 patients,al_ami-5
911,10046.0,riverview regional medical center,600 south third street,empty,empty,gadsden,al,35901.0,,2565435200.0,acute care hospitals,proprietary,,heart attack,ami-7a,heart attack patients given fibrinolyt#ic medicat@@ion within 30 minutes of arrival,88%,8 patients,al_am$i-7@@a
912,10046.0,riverview regional medical center,#600 south third s@@treet,,empty,gadsden,al,,etowah,2565435200.0,acute care hospitals,proprietary,yes,heart attack,ami-8a,heart attack patients given pci within 90 minutes of arrival,100%%,@@16 pat$ients,al_ami-8a
913,10046.0,riverview regional medical center,600 south third street,empt@@@@y,empty,gadsden,al,35901.0,etowah,2565435200.0,acute care hospitals,proprietary,yes,heart failure,hf-1,heart failure patients given discharge instructions,100%,268 patients,@@al@@_hf-1
914,,,600 south third street,empty,empty,,al,128275.12558633802,etowah,2565435200.0,acute care hospitals,proprietary,yes,,hf-2,heart failure patients given an evaluation of left ventricular systolic (lvs) function,1@@0#0%,350 patients,al_hf-2
915,10046.0,riverview regional medical center,600 south third street,em%p#ty,e@@mpty@@,gadsden,al,35901.0,etowah,2565435200.0,,,yes,heart failure,hf-3,heart failure patients given ace inhibitor or arb for left ventricular systolic dysfunction (lvsd),100%,90 patients,al_hf-3
916,10046.0,riverview regional medical center,600 south third street,%e#mpty,empt$??y,gadsden,al,,et%o@@wah,2565435200.0,acute care hospitals,proprietary,yes,heart failure,hf-4,heart failure patients given smoking cessation advice/counseling,100%,,al_hf-4
917,,,600 south third street,empty,empt#y,gadsden,al,35901.0,,2565435200.0,acute care hospitals,pro??prietary,yes,pneumonia,pn-2,pneumonia patients assessed an@@d given pneumococcal vaccination,99%,,al_pn-2
918,10046.0,riverview regional medical center,600 south third street,empty,emp#ty,gadsden,al,109632.41896588443,etowah,11613555713.220503,acute ca#re hospitals,proprietary,yes,pneumonia,pn-3b,pneumonia patients whose initial emergency room blood culture was performed prior to the administration of the first hospital dose of antibiotics,97%,196 patients,al_pn-3b
919,10046.0,riverview regional medical center,600 south third street,empty,empty,gadsden,al,35901.0,etowah,2565435200.0,acute care hospitals,proprietary,yes,pneumonia,$%pn-4,pneumonia patien#ts given smoking cessation advice/counseling$,100%,,
920,48783.215214680815,riverview regional medical center,600 south third street,empty,empty,gadsden,al,35901.0,etowah,2565435200.0,acute care hospitals,proprietary,yes,pneumonia,pn-5c,pneumonia patients given initial antibiotic(s) within 6 hours after arrival,87%,261 patien??%ts,al_pn-5c
921,10046.0,riverview regional medical center,600 south third street,empty,empty,gadsden,al,134379.87067116203,etowah,2565435200.0,acute care hospitals,proprietary,yes,pneumonia,p%n-6,pneumonia patients given the most appropriate initial antibiotic(s),76%,212 patients,al_pn-6
922,10046.0,river%view regional medical cente$r,600 south third street,empty,emp#ty,gadsden,,35901.0,etowah,2565435200.0,acute care hospitals,proprietary,yes,,pn-7,pneumonia patients assessed and given influenza vaccination,99%,178 patients,al_pn-7
923,,riverview regional medical center,600 south third street,empty,empty,gadsden,al,189486.7671692389,,,,proprietary,yes,surgical infection prevention,scip-card-2,surgery patients who were taking heart drugs called beta blockers before coming to the hospital who were kept on the beta blockers during the period just before and after their surgery,95%,,al_scip-card-2
924,10046.0,,600 south third street,empty,empty,,al,35901.0,,2565435200.0,acute care h@@ospitals,proprietary,,surgical infection prevention,%scip-inf-1,surgery patients who were given an antibiotic at the right time (within one hour before surgery) to help prevent infection,95%,,al_scip-inf-1
925,,riverview regional medical center,600 south third street,empty,empty,gadsden,al,35901.0,etowah,14884302799.41113,acute care ho@$@spitals,proprietary,ye$s,surgical infection prevention,scip-inf-2,surgery patients who were given the  right kind  of antibiotic to help prevent infection,95%,404 patients,al_scip-inf-2
926,10046.0,riverview regional medical center,600 south third street,,empty,gadsden,al,35901.0,etowah,2565435200.0,acute care hospitals,proprietary,yes,,scip-inf-3,surgery patients whose preventive antibiotics were stopped at the right time (within 24 hours after surgery),79%,35@@2?? patients,al_scip-inf-3
927,,riverview regional medical center,600 south third street,@$@empty,,gadsden,al,,etowah,2565435200.0,acute care hospitals,proprietary,yes,surgical infection pre#vention,scip-in??f-$4,all heart surgery patients whose blood sugar (blood glucose) is kept under good control in the days right after surgery,76%,114 patients,al_scip-inf-4
928,10046.0,rivervi@@ew regional me@@dical center,600 south third street,empty,empty,gadsden,al,35901.0,etowah,,,proprietary,yes,surgical infection prevention,scip-inf-6,surgery patients needing hair removed from the surgical area before surgery who had hair removed using a safer method (electric clippers or hair removal cream c not a razor),100%,607 patients,al_scip-inf-6
929,50832.94287681858,riverview regional medical @@center,600 south third street,empty,empty,gadsden,al,204171.36594267204,etowah,2565435200.0,acute care hospitals,proprietary,y$es,,scip-vte-1,surgery patients whose doctors ordered treatments to prevent blood clots after certain types of surgeries,91%,280 patients,
930,10046.0,riverview regional medical center,600 south third street,empty,e$mpt@@y,gadsden,al,35901.0,etowah,2565435200.0,acute care hospitals,proprietary,yes,surgical infection prev%ent#ion,scip-vte-2,patients who got treatment  at the right time (within 24 hours before or after their surgery) to help prevent blood clots after certain types of surgery,8@@4%%,280 patie?%?nts,al_scip-vte-2
931,10047.0,georgiana ho@@spital,515 miranda st,empty,empty,georgiana,a@@l@@,36033.0,butler,3343762205.0,acute care hospitals,voluntary non-profit - private,no,heart attack,ami-1,heart attack patients given aspirin at arrival,53%,19 patients,??al_ami-1
932,10047.0,georgiana hospital,515 miranda st,empty,,georgiana,,36033.0,butler,3343762205.0,,voluntary non-profit - private,no,heart attack,ami-2#,heart attack patients given aspirin at discharge,50%,16 patients,al_ami-2
933,10047.0,georgiana hospital,515 miranda st,empty,empty,georgiana,al$,36033.0,butler,3343762205.0,acute care hospitals,voluntary non-profit - private,no,heart attack,ami-3%%,heart attack patients given ace inhibitor or arb for left ventricular systolic dysfunction (lvsd),100%#,1 patients,al_ami-3
934,10047.0,georgiana hospital,515 miranda s@@t,empty,empty,georgiana,al,129991.44133454798,??$butler,3343762205.0,acute care hospitals,voluntary non-profit - private,,heart attack,ami-4,heart attack patients given smoking cessation advice/counseling,33%,6 patients,al_ami-4
935,10047.0,georgiana hospital,515 miranda st,empty,empty,georgiana,al,36033.0,but$le%r,3343762205.0,acute care hospitals,voluntary non-profit - private,no%,heart attack,ami-5,heart attack patients given beta blocker at discharge,,15 patients,
936,10047.0,,515 miranda st,empty,empty,,al,36033.0,butler,3343762205.0,acute care hospitals,voluntary non-profit - private,no,heart attack,ami-7a,,em@@pty,0 patients,al_ami-7a
937,,georgiana hospital,515 mira@@nda st,empty,empty,georgiana,al,36033.0,butler,3343762205.0,acute care hospitals,voluntary non-profit - private,no,heart attack,ami-8a,heart attack patients given pci within 90 minutes of arrival,e$mpty,0 patients,al_ami-8a
938,10047.0,,515 miranda st,,empt$y,georgi?@@?ana,al,,butler,19697302942.37089,acute care hospitals,voluntary non-profit - private,??no,heart failure,hf$-1,heart failure patients given discharge instructions,53%,51 patients,al_hf-1
939,10047.0,georgiana hospital,515 miranda st,empty,empty,georgiana,,,butler,3343762205.0,acute care hospitals,voluntary no??n-profit - private,no,heart failure,hf-2,heart failure patients given an evaluation of left ventricular systolic (lvs) function,63%,59 patients,al_hf-2
940,10047.0,georgiana hospital,515 miranda st,empty,,,al,36033.0,butler,3343762205.0,acute care hospitals,voluntary non-profit - private,no,heart failure,hf-3,heart failure patients given ace inhibitor or arb for left ventricular systolic dysfunction (lvsd),67%,6 patients,al_hf-3
941,10047.0,,515 miranda st,empty,,????georgiana,,36033.0,butler,11043114887.079107,,voluntary non-profit - private,no,heart failure,hf-4,heart failure patients given smoking cessation advice/counseling,,8 patients,
942,10047.0,georgi??ana$ hospital,515 miranda st,,empty,georgiana,al,171641.66146182845,butler,3343762205.0,,voluntary non-profit - private,n$$o,pneumonia,pn-2,pneumonia patients assessed and given pneumococcal vaccination,,39 patients,
943,10047.0,georgiana hospital,515 miranda st,empty,empty,,,36033.0,butler,3343762205.0,acute care hospitals,voluntary non-profit - priv@@ate,no,pneumonia,pn-3#b,pneumonia patients whose initial emergency room blood culture was performed prior to the administration of the first hospital dose of antibiotics,50%,,al_pn-3b
944,10047.0,georgiana hospital,515 miranda st,empty,empty,georgiana,al,36033.0,butler,3343762205.0,acute care hospitals,voluntary non-profit - private,no,pneumonia,pn-4,pneumonia patients given smoking cessation advice/counseling,80%,5 patients,$a@@l_pn-4
945,10047.0,georgiana hospital,,,empty,georgiana,al,149317.21741727623,butler,3343762205.0,acute care hospitals,voluntary non-profit - private,no,pneumonia,pn-5c,pneumonia patients given initial antib#iotic(s) within 6 hours after arrival,97%,36 patients,al_pn-5c
946,10047.0,georgia#na hospital,,e%mpty#,e%@@mpty,georgiana,al,36033.0,butler,3343762205.0,acute care hospitals,voluntary non-profit - private,no,pneumo@@nia,p@@$n-6,,50%,30 pat%ien@@ts,al_pn-6
947,10047.0,georgiana ho#spital,515 miranda st,empty,empty,georgiana,al,36033.0,butler,3343762205.0,acute care hospitals,voluntary non-profit - private,,pneumonia,pn-7,pneumonia patients asse%ssed and given influenza vaccination,65%,31 patients,al_pn-7
948,,georgiana hospital,515 miranda st,empty,empty,georgiana,al,36033.0,butler,3343762205.0,acute care hospitals,voluntary non-profit - private,,surgical infection prevention,,surgery patients who were taking heart drugs called beta blockers before coming to the hospital who were kept on the beta blockers during the period just before and after their surgery,empty,empty,al_scip-card-2
949,10047.0,georgiana hospital,515 miranda st,%empty,empty,georgiana,al,209245.65556401727,butle#r#,3343762205.0,acute care hospitals,voluntary non-profit - private,no,surgical infection prevention,scip-inf-1,,em%@@pty,empty,al_$scip-i??nf-1
950,10047.0,georgiana hospital,,empty,empty@@,georgiana,al,36033.0,,3343762205.0,acute care hospit@@als,voluntary@@ non-profit - private,no,surgical infection prevention,scip-inf-2,surgery patients who were given the  right kind  of antibiotic to help prevent infection,empty,empty,
951,10047.0,georgiana hospital,515 miranda st,empty,empty,georgiana,al,36033.0,butler,10928333135.313942,acute care hospitals,volu%ntary non-profit - private,no,surgical infection prevention,,surgery patients whose preventive antibiotics were stopped at the right time (within 24 hours after surgery),empty,empty,al_scip-inf-3
952,10047.0,georgiana hospital,515 miranda st,empty,empty,georgiana,,36033.0,,3343762205.0,acute care hospitals,voluntary non-profit - private,@@no,surg%ical infecti??on prevention,scip-inf-4,all heart surgery patients whose blood sugar (blood glucose) is kept under good control in the days right after surgery,empty,empty,a%l_scip-inf-4
953,10047.0,,515 miranda st,empty,empty,georgiana,al,36033.0,butler,3343762205.0,acute care hospitals,voluntary non-profit - private,,surgical infection prevention,sci@@p-in%f-6,surgery patients needing hair removed from the surgical area before surgery who had hair removed using a safer method (electric clippers or hair removal cream c not a razor),empty,empty,al_scip-inf-6
954,10047.0,georgiana hospital,515 miranda st,empty,emp$ty,georgiana,al,36033.0,butler,3343762205.0,acute care hospitals,,no,surgical infection prevention,scip-vte$-1%,surgery patients whose doctors ordered treatments to prevent blood clots after certain types of surgeries,empty,empty,
955,39940.436476412935,georgi%ana hospital,515 miranda st,empty,empty,georgiana,al,36033.0,butler,3343762205.0,acute care hospitals,voluntary non-profit - private,no,surgical infection prevention,scip-vte-2,patients who got treatment  at the right time (within 24 hours before or after their surgery) to help prevent blood clots after certain types of surgery,empty,empty,al_scip-vte-2
956,10049.0,medic@@al center enterp$rise,400 n edwards street,empty,empty,enterprise,al,36330.0,coffee,13256162380.059868,acute care hospitals,proprietary,yes,heart attack,ami-1,heart attack patients given aspirin at arrival,100%,4 patients,al_ami-1
957,33814.471284732936,medical center enterprise,400 n edwards street,empty,empty,enterprise,al,36330.0,coffee,16734369279.707193,acute care hospitals,proprietary,,heart attack,a%m%i-2,heart attack patients given aspirin at discharge,,1 patients,al_ami-2
958,10049.0,medical center enterprise,400 n edwards street,empty,empty,enterprise,a#l,36330.0,coffee,3343470584.0,acute care hospitals,proprietary,yes,,ami-3,heart attack patients given ace inhibitor or arb for left ventricular systolic dysfunction (lvsd),empty,0 patients,al_ami-3
959,58655.79792789002,medical center enterprise,400 n edwards street,empty,,enterprise,,36330.0,coffee,3343470584.0,acute care hospitals,proprietary,yes,heart $attac??k,ami-4,heart attack patients given smoking cessation advice/counseling,,0 patients,al_ami-4
960,10049.0,medical center enterprise,400 n edwards street,empty,empty,enterprise,al,36330.0,coffee%,3343470584.0,acute care hospitals,proprietary,yes,heart attack,ami-5,heart attack patients given beta blocker at discharge,100%,2 patients,al_ami-5
961,10049.0,medical center enterprise,400 n edwards street,empty,empty,enterprise,al,36330.0,coffee,3343470584.0,,proprietary,yes,heart attack,ami-7a,heart attack patients given fibrinolytic me#dication within 30 minutes o#f arrival,@@emp@@ty,0 patients,al_ami-7a
962,10049.0,medical center enterprise,,e@@mpty??,#empty,enterprise,@@al,36330.0,coffee,3343470584.0,acute care hospitals,prop??rietary#,yes,heart attack,ami-8a,heart attack patients given pci within 90 min??utes of arrival,empty,0 patients,al_ami-8a
963,51378.41694665055,medical center enterprise,400 n edwards street,,empty,enterprise??,al,36330.0,$coffee,3343470584.0,acute care hospitals,,yes,heart failure,hf-1,heart failure patients given discharge instructions,$9%6%,70 patients,al_hf-1
964,10049.0,,400 n edwards street,,empty,enterprise,al,36330.0,co#$ffee,3343470584.0,acute care hospitals,,yes,heart failure,hf-2,heart failure patients given an evaluation of left ventricular systolic (lvs) function,99%,82 patients,al_hf-2
965,10049.0,medical center enterprise,400 n edwards street,,empty,enterprise,,36330.0,coffee,,acute care hospitals,proprietary,yes,,hf-3,heart failure patients given ace inhibitor or arb for left ventricular systolic dysfunction (lvsd),1%00%,34 patients,al_hf-3
966,10049.0,,400 n edwards street,empty,empty,enterprise,#al,36330.0,coffee,3343470584.0,acute care hospitals,proprietary,yes,heart failure,hf-4,heart failure patients given smoking cessation advice/counseling,100%,,al_hf-4
967,10049.0,,400 n edwards street,empty,,enterprise,al,36330.0,coffee%,3343470584.0,acute care hospitals,proprietary,,pneumonia,pn-2,pneumonia patients assessed and given pneumococcal vaccination,100%,72 p#atient$s,al_pn-2
968,10049.0,medical center enterprise,400 n edwards street,empty,,enterprise,al,36330.0,coffee,3343470584.0,acute care hospitals,proprietary,yes,%pneumonia,@@pn-3b??,pneumonia patients whose initial emergency room blood culture was performed prior to the administration of the first hospital dose of antibiotics,98%,49 patients,al%_pn-3b
969,10049.0,medical center enterprise,400 n edwards street,empty,empty,enterprise,al,,coffee,3343470584.0,acute care hospitals,proprietary,yes,pneumonia,pn-4,pneumonia patients given smoking cessation advice/counseling,100%,24 patients,al_pn-4
970,10049.0,medical center enterprise,400 n edwards street,empty,empty,enterprise,al,36330.0,coffee,16801518949.053806,acute care hospitals$,proprietary,yes,pneumonia,pn-5c,pneumonia patients given initial antibiotic(s) within 6 hours after arrival,99%,85 patients,@@al_pn-5#c
971,10049.0,medical center enterprise,400 n edwards street,empty,empty,enterprise,al,36330.0,cof$fee,3343470584.0,acute care hospitals,proprietary,yes,pneumonia,pn-6,pneumonia pa%tients given the most appropriate initial antibio??tic(s),99%,6??7 patie#nts,al_pn-6
972,10049.0,medical center enterprise,400 n edwards street,empty,empt@@%y,enterprise,,141601.63054884327,coffee,3343470584.0,acute care hospitals,proprietary,y%e??s,pneumonia,%pn-7,pneumonia patients assessed and given influenza vaccination,100%,37 patients,al_pn-7
973,10049.0,,400 n edwards street,empty,empty,,al,36330.0,coffee,3343470584.0,acute care hospitals,proprietary,yes,,scip-card-2,,,27 patients,al_scip-card-2
974,10049.0,medical center enterprise,400 n edwards street,empty,@$@empty,enterprise,al,36330.0,coffee,3343470584.0,acute care hospitals,proprietary,yes,surgical infection prevention,scip-inf-1,surgery patients who were given an antibiotic at the right time (within one hour before surgery) to help prevent infection,99%,,al_scip-inf-1
975,,medical center enterprise,,empty,empty,enterprise,al,36330.0,coffee,3343470584.0,acute care hospitals,proprietary,yes,surg#ica??l infection prevention,scip-inf-2,surgery patients who were given the  right kind  of antibiotic to help prevent infection,100%,399 patients,al_scip-inf-2
976,10049.0,medical cent#er enterpr$ise,400 n edwards street,,empty,enterprise,al,36330.0,coffee,,acute care hospitals,propriet@@ary,yes,surgical infection prevention,scip@@-inf-3,surgery patients whose preventive antibiotics were stopped at the right time (within 24 hours after surgery),100%,3??91 patients,al_scip-inf-3
977,51696.520353295884,medical center enterprise,400 n edwards street,empty,empty,enterprise,al,36330.0,coffee,,acute care hospitals,proprietary,yes,surgical infection prevention,scip-inf-4,,empty,0 patients,al_scip-inf-4
978,10049.0,medical center enterprise,400 n edwards street,empty,empty,enterprise,al,36330.0,coffee,3343470584.0,,proprietary,yes,surgical infection prevention,scip-inf-6,surgery patients needing hair removed from the surgical area before surgery who had hair removed using a safer method (electric clippers or hair removal cream c not a razor),100%,485 patients,al_scip-inf-6
979,30722.749821672533,m??edical center enterprise,400 n edwards street,,empty,enterprise,al,36330.0,co%ff%ee,3343470584.0,acute care hospitals,proprietary,,surgical infection prevention,scip-vte-1,surgery patients whose doctors ordered treatments to prevent blood clots after certain types of surgeries,100%,196# patients,
980,31859.92246435909,medical center enterprise,400 n edwards street,empty,empty,enterprise,al,36330.0,coffee,3343470584.0,acute care hospitals,proprietary,yes,surgical infection preve??ntio%n,scip-vte-2,patients who got treatment  at the right time (within 24 hours before or after their surgery) to help prevent blood clots after certain types of surgery,100%,196 patients,al_scip-vte-2
981,10050.0,st vincents% blo??unt,150 gilbreath drive,empty,empty,oneonta,,35121.0,blount,6262694433.540158,acute care hospitals,voluntary non-profit - private,yes,heart attack,ami-1,,100%,7 patients,al_ami-1
982,10050.0,st vincents blount,,empty,empty,oneonta,al%,35121.0,blou#nt,,acute care hospitals,,yes,heart attack,am@@??i-2,heart attack patients given aspirin at discharge,100%,2 patients,al_ami-2
983,10050.0,st vincents blount,150 gilbreath drive,empty,empty,oneonta,al,155739.48386061093,blount,2052743000.0,acute care hospitals,voluntary non-profit - private,yes,heart attack,ami-3,heart attack patients given ace inhibitor or arb for left ventricular systolic dysfunction (lvsd),100%,2 patients,al_ami-3
984,10050.0,st vincents blount,150 gilbreath drive,,empty,o??neonta,al,,blount,2052743000.0,acute care hospitals,voluntary non-profit - private,yes,heart attack,ami-4,heart attack patients given smoking cessation advice/counseling,empty,0 patients,al_ami-4
985,10050.0,st vincents blount,150 gilbreath drive,empty,empty,oneonta,,35121.0,,2052743000.0,acute care hospitals,,yes,heart attack,ami-5,heart attack $patients given beta blocker at discharge,100%,3 patients,al_ami-5
986,10050.0,st vincents blount,150 gilbreath drive,,,oneonta,al,118227.46761968605,,2052743000.0,acute care hospitals,voluntary non-profit - private,%y??es,heart attack,ami-7a,heart attack patients given fibrinolytic medication within 30 minutes of arrival,empty,0 patients,al_ami-7a
987,,st vincents blount,150 gilbreath drive,empty,empty,o%ne??onta,al,35121.0,blount,2052743000.0,acute care hospitals,voluntary non-profit - private,yes,heart attack,ami-8a,heart attack patients given pci within 90 minutes of arrival,empty,0 patients,al_ami-8a
988,,st vincents blount,150 gilbreath drive,empty,empty,oneonta,al,35121.0,blount,2052743000.0,acute care hospitals,volu$ntary non-profit - privat%e,yes,heart failure,hf-1,heart failure patients given discharge instructions,50%,,al_hf-1
989,10050.0,st vincents blount,150 gilbreath drive,empty,empty,oneonta,al,35121.0,blount,2052743000.0,,voluntary non-profit?? - private,yes,heart fai%lure,hf-2,heart failure patients given an evaluation of left ventricular systolic (lvs) function,8%5%@@,34 patients,al_hf-2
990,10050.0,st vincents blount,1#50 gilbreat#h drive,empty,,oneonta,al,35121.0,blount,2052743000.0,acute care hospitals,voluntary $non-profit - private,yes,,hf-3,heart failure patients given ace inhibitor or arb for left ventricular systolic dysfunction (lvsd),,,al_hf-3
991,10050.0,st vincents blount,150 gilbreath drive,$e??mpty,empty,oneonta,al,35121.0,blount,6391385759.736615,acute care hospitals,voluntary non-profit - private,yes,heart failure,hf-4,heart failure patients given smoking cessation advice/counseling,43??%#,7 patients,al_hf-4
992,10050.0,st $vincents blount,150 gilbreath drive,empty,,oneonta,al,35121.0,blount,,acute care hospitals,voluntary non-profit - private,yes,pneumonia,,pneumonia patients assessed and given pneumococcal vaccination,74%,92 patients,al_pn-2
993,10050.0,%st vin@@cents blount,150 gilbreath drive,empty,empty,oneonta,al,35121.0,blount,,acute care hospitals,voluntary non-profit - private,yes,,pn-3b,pneumonia patients whose initial emergency room blood culture was performed prior to the administration of the first hospital dose of antibiotics,83%,103 patients,al_pn-3b
994,46472.10923887071,st vincents blount,150 gilbreath drive,empty,,oneonta,al,35121.0,blount,2052743000.0,acute care hospitals,,yes,pneumonia,,pneumonia patients given smoking cessation advice/counseling,83%,29 patients,al_pn-4
995,10050.0,st vincents blount,,empty,empty,oneonta,al,35121.0,,,acute care hospitals,voluntary non-profit - private,yes,pneumonia,pn-5c,pneumonia patients given initial antibiotic(s) within 6 hours after arrival,98%,105 patients,al_pn-5c
996,40579.36968978725,st v#incents blount,150 gilbreath drive,empty,empty,oneonta,,35121.0,blount,2052743000.0,acute care hospitals,voluntary non-profit - private,@@yes,pneumonia,pn-6,,77%,74 patients,al_pn-6
997,10050.0,st vincents blount,150 gilbreath drive,,empty,oneonta,a#%l,35121.0,blount,2052743000.0,acute care hospitals,,yes,pneumonia,pn-7,pneumonia patients assessed and given influenza vaccination,6$??4%,55 patients,al_pn-7
998,10050.0,st vincents blount,,empty,empty,oneonta,al,205436.10039870118,blount,2052743000.0,acute care h@@ospitals,voluntary non??-profit - private,yes,surgical infection prevention,scip-card-2,surgery patients who were taking heart drugs called beta blockers before coming to the hospital who were kept on the beta blockers during the period just before and after their surgery,25%,8 patients,al_scip-card-2
999,10050.0,,150 gilbreath drive,emp$ty%,e??m@@pty,oneonta,al,35121.0,blount,9100875638.972792,,voluntary non-profit - private,yes,surgical infection prevention,scip-inf-1,surgery patients who were given an antibiotic at the right time (within one hour before surgery) to help prevent infection,64%,28 patients,al_scip-inf-1
1000,10050.0,st vincents blount,150 gilbreath drive,empty,,oneonta,al,35121.0,blount,,acute ca$re hospitals,voluntary non-profit - private,yes,surgical infection prevention,scip-inf-2,surgery patients who were given the  right kind  of antibiotic to help prevent infection,88%,25 patients,al_#sci%p-inf-2
