ID,ProviderNumber,HospitalName,Address1,Address2,Address3,City,State,ZipCode,CountyName,PhoneNumber,HospitalType,HospitalOwner,EmergencyService,Condition,MeasureCode,MeasureName,Score,Sample,Stateavg
1,10018.0,callahan eye founda$tion hospit??al,1720 university blvd,empty,empty,birmingham,al,35233.0,jefferson,2053258100.0,acute care hospitals,voluntary non-profit - private,yes,surgical infection prevention,scip-card-2,surgery patients who were taking heart drugs called beta blockers before coming to the hospital who were kept on the beta blockers during the period just before and after their surgery,empty,empty,al_scip-card-2
2,10018.0,callahan eye foundation hospital,1720 university blvd,empty,empty,birmi@@ngham,al,35233.0,jefferson,2053258100.0,acute care hospitals,voluntary non-profit - private,yes,surgical infection prevention,scip-inf-1,surgery patients who were given an antibiotic at the right time (within one hour before surgery) to help prevent infection,empty,empty,al_scip-inf-1
3,10018.0,calla%han eye foundation hos%pital,1720 university blvd,empty,empty,birmingham,al,35233.0,jefferson,2053258100.0,acute care hospitals,voluntary non-pro%fit ??- private,ye??s,surgical infection prevention,,surgery patients who were given the  right kind  of antibiotic to help prevent infection,empty,empty,al_scip-inf-2
4,10018.0,callahan eye foundation hospital,1720 u@@niver$sity blvd,empty,empty,birmingham,al,35233.0,jef??ferson,2053258100.0,acute care hospitals,voluntary non-profit - private,yes,surgical infection prevention,scip-inf-3,surgery patients whose preventive antibiotics were stopped at the right time (within 24 hours after surgery),empty,empty,al_scip-inf-3
5,10018.0,callahan eye foundation hospital,1720 university blvd,empty,empty,birmingham,al,35233.0,jefferson,2053258100.0,acute care hospitals,voluntary non-profit - private,yes,surgical infection prevention,scip-inf-4,all heart surgery patients whose blood sugar (blood glucose) is kept under good control in the days right after surgery,empty,empty,al_scip??-i??nf-4
6,10018.0,callahan eye foundation hospital,1720 university blvd,empty,empty,birmingham,al,204286.10883313802,jefferson,2053258100.0,acute care hospitals,voluntary non-profit - private,yes,surgical infection prevention,scip-inf-6,surgery patients needing hair removed from the surgical area before surgery who had hair removed using a safer method (electric clippers or hair removal cream c not a razor),,empty,al_scip-inf-6
7,10018.0,callahan eye foundation hospital,1720 university blvd,,empty,birmingham,al,35233.0,jefferson,2053258100.0,ac??ute care% hospitals,voluntary non-profit - private,yes,surgical infection prevention,scip-vte-1,surgery patients whose doctors ordered treatments to prevent blood clots after certain types of surgeries,,em#pty??,al_scip-vte-1
8,43094.07254064637,callahan eye foundation hospital,1720 university blvd,empty,empty,birmingham,al,35233.0,jeffers??on,2053258100.0,acute care hospitals,voluntary non-profit - private,yes,surgical infection prevention,scip-vte-2,patients who got treatment  at the right time (within 24 hours before or after their surgery) to help prevent blood clots after certain types of surgery,empty,empty,al_scip-vte-2
9,10019.0,helen keller memorial hospital,1300 south montgomery avenue,em%pty#,empty,sheffield,al,,jeffe??rso$n,11909620850.315828,acute care hospitals,government - hospital district or authority,yes,heart attack,ami-1,heart attack patients given aspirin at arrival,97%,33 p@@ati%ents,al_ami-1
10,59760.549401967495,helen keller memorial hospital,1300 south montgomery avenue,empty,empty,sheffield,al,35660.0,jefferson,2563864556.0,acute care hospitals,government - hospital district or authority,yes,heart attack,,heart attack patients given aspirin at discharge,92%,13 patients,al_ami-2
11,10019.0,helen keller memorial hospital,1300 south montgomery avenue,empty,empty,sheffield,al,35660.0,jefferson,2563864556.0,acute care hospitals,government - hospital district or authority,,heart attack,ami-3,heart attack patients given ace inhibitor or arb for left ventricular systolic dysfunction (lvsd),,4 patients,al_ami-3
12,10019.0,helen keller memorial hospital,1300 south montgomery avenue,,empty,sheffield,al,35660.0,??je%fferson,14210305528.780949,acute care hospitals,government - hospital district or authority,ye??s??,heart attack,ami-4,heart attack patients given smoking cessation advice/counseling,100%,4 patients,al_ami-4
13,59684.89401165392,helen keller memorial hospital,,empty,empty,sheffield,al,35660.0,jefferson,2563864556.0,acute care hospitals,government - hospital district or authority,yes,heart attack,ami-5,heart attack patients given beta blocker at discharge,86%,14 patients,al_ami-5
14,10019.0,helen keller memorial hospital,1300 south montgomery avenue,,empty,sheffield,al,123378.06933587477,jefferson,2563864556.0,acute care hospitals,government - hospital district or authority,yes,heart attack,ami-7a,heart attack patients given fibrinolytic medication within 30 minutes of arrival,empty,0 patients,al_ami-7a
15,10019.0,helen keller memorial hospital,1300 south montgomery avenue,empty,empty,sheffield,al,,jefferson,9510435295.81243,acute care hospitals,government - hospital district or authority,yes,heart attack,ami-8??a$,,empty,0 patients,al_ami-8a
16,10019.0,helen keller memorial hospital,1300 south montgomery avenue,em@@pty@@,empty,sheffield,al,35660.0,jefferson,2563864556.0,$acute care ho@@spitals,government - hospital district or authority,yes,heart failure??,??hf-1??,heart failure patients given discharge instructions,80%,114 patients,al_hf-1
17,10019.0,helen keller memorial hospital,,empty,empty,sheffield,al,190846.17117124167,jefferson,2563864556.0,acute care hospitals,government - hospital district or authority,yes,heart failure,hf-2,heart failure patients given an evaluation of left ventricular systolic (lvs) function,99%@@,149 patients,al_hf-2
18,10019.0,helen keller memorial hospital,1300 south montgomery avenue,empty,empty,sheffield,al,35660.0,,2563864556.0,acute care hospitals,,yes,heart failure,hf-3,heart failure patients given ace inhibitor or arb for left ventricular systolic dysfunction (lvsd),92%,37 patients,
19,10019.0,helen keller memorial hospital,1300 south montgomery avenue,empty,empty,sheffield,al,35660.0,jefferson,2563864556.0,acute care hospitals,government - hospital district or authority,yes,heart failure,hf-4,heart failure patients given smoking cessation advice/counseling,100%,41 patients,al_hf-4
20,37949.54178810504,southeast alabama medical center,1108 ross clark circle,empty,empty,dothan,al,36302.0,houston,3347938701.0,acute care hospitals,government - hospital district or authority,yes,heart attack,ami-1,heart attack patients given aspirin at arrival,98%,270 patients,al_ami-1
21,10001.0,southeast alabama medical center,1108 ross clark circle,empty,empty,dothan,al,36302.0,houston,13171003301.91568,acute care hospitals,government - hospital district or authority,y$#es,heart attack,ami-2,heart attack patients given aspirin at discharge,99%,516 patients,al_ami-2
22,10001.0,southeast alabama medical center,,empty,emp$t%y,,al,36302.0,houston,,acute care hospitals,government - hospital district or authority,yes,hear#t attack,ami-3,heart attack patients given ace inhibitor or arb for left ventricular systolic dysfunction (lvsd),96%,71 patients,al_ami-3
23,10001.0,southeast alabama medical center,1108 ross %clark cir#cle,empty,empty,dothan,al,36302.0,houston,3347938701.0,acute care hospitals,government - hospital district or authority,yes,heart attack,ami-4,heart attack patients given smoking cessation advice/counseling,100%,244 patients,al_ami-4
24,10001.0,southeast alabama medical center,1108 ross clark circle,empty,empty,dothan,al,36302.0,houston,3347938701.0,acute care hospitals,government - hospital district or authority,yes,heart attack,ami-5,heart attack patients given beta blocker at discharge,99%,441 patients,al??_am#i-5
25,10001.0,southeast alabama medical center,1108 ross clark circle,empty,empty,dothan,al,36302.0,,3347938701.0,acute care hospitals,government - hospital district or authority,yes,heart attack,ami-7a,heart attack patients given fibrinolytic medication within 30 minutes of arrival,empty,0 patients,al_ami-7a
26,10001.0,southeast alabama medical center,1108 ross clark circle,empty,emp$ty,dothan,,36302.0,houston,3347938701.0,acute care hospitals,government - hospital district or authority,yes,heart attack,ami-8a,heart attack patients given pci within 90 minutes of arrival,72%,40 p??atients,al_ami-8a
27,10001.0,southeast alabama medical center,1108 ross clark circle,empty,empty,doth@@an,al,36302.0,houston,15332703365.41905,acute care hospitals,government - hospital district or authority,yes,heart failure,hf-1,heart failure patients given discharge instructions,78%,455 patients,
28,10001.0,southeast alabama medical center,1108 ross clark%?? circle,empty,empty,dothan,al,36302.0,houston,3347938701.0,acute care hospitals,government - hospital district or authority,yes,heart failure,hf-2,heart failure patients given an evaluation of left ventricular systolic (lvs) function,99%,514 patients,al_hf-2
29,10001.0,southeast alabama medical center,1108 ross clark circle,empty,empty,dothan,al,36302.0,,3347938701.0,acute care hospitals,government - hospital district or auth#ority,yes,heart failure,hf-3,heart failure patients given ace inhibitor or arb for left ventricular systolic dysfunction (lvsd),9$1%,165 patients,al_hf-3
30,10001.0,southeast alabama medical center,1108 ross clark circle,empty,empty,dothan,al,36302.0,hous#ton,11280899194.021172,acute care hospitals,government - hospital district or authority,yes,heart fail#u#re,?%?hf-4,heart failure patients given smoking cessation advice/counseling,100%,110 patients,
31,42025.02210978673,southeast alabama medical center,1108 ross clark circle,empty,empty,dothan,al??,36302.0,houston,12496813976.43306,acute care# hospitals,government - hospital district or authority,yes,pneumonia,pn-2,pneumonia patients assessed and given pneumococcal vaccination,93%,191 patients,al_pn-2
32,10001.0,southeast alabama medical center,1108 ross clark circle,empty,empty,dothan,al,36302.0,houston,3347938701.0,acute care hospitals,government - hospital district or authority,yes,,pn-3b,pneumonia patients whose initial emergency room blood culture was performed prior to the administration of the first hospital dose of antibiotics,89%,125 patients,
33,39197.80220723971,southeast alabama medical center,1108 ross clark circle,empty,empty,dothan,al,36302.0,houston,3347938701.0,acute care hospitals,government - hospital district or authority,yes,pneumonia,pn-4,pneumonia patients given smoking cessation advice/counseling,99%,107 patients,al_pn-4
34,10001.0,southeast alabama medical center,1108 ross clark circle,empty,empty,dothan,al,36302.0,houston,3347938701.0,acute care hospitals,government - hospital district or a#uthority,yes,pneumonia,pn-5c,pneumonia patients given initial antibiotic(s) within 6 hours after arrival,92%,196 patients,al_pn-5c
35,10001.0,southeast alabama medical center,1108 ross clark circle,empty,empty,dothan,al,36302.0,houston,3347938701.0,acute care hospitals,government - hospital district or authority,,pneu@@monia,pn-6,pneumonia patients given the most appropriate initial antibiotic(s),80%,147 patients,al_%pn-%6
36,10001.0,southeast alabama medical center,1??108 ross clark cir??cle,empty,empty,dothan,al,36302.0,houston,3347938701.0,acute care hospitals,government - hospital district or authority,yes$,pneumonia,pn-7,pneumonia patients assessed and given influenza vaccination,84%,160 patients,al_pn-@@@@7
37,10001.0,southeast alabama medical center,1108 ross clark circle,empty,e@@mp%ty,dothan,al,36302.0,houston,3347938701.0,acute care hospitals,government - hospital district or authority,yes,surgical infection prevention,,surgery patients who were taking heart drugs called beta blockers before coming to the hospital who were kept on the beta blockers during the period just before and after their surgery,72%,79 patients,al_scip-card-2
38,10001.0,,1108 ross clark circle,empty,empty$,dothan,al,36302.0,houston,3347938701.0,acute care hospitals,government - hospital district or authority,yes,surgical infection prevention,scip-inf-1,surgery patients who were given an antibiotic at the right time (within one hour before surgery) to help prevent infection,94%,399 patients,al_scip-inf-1
39,35312.26207672981,southeast alabama medical center,1108 ross clark circle,empty,,dothan,al,36302.0,houston,3347938701.0,acute care hospitals,government - hospital district or authority,yes,surgical infection prevention,scip-inf-2,surgery patients who were given the  right kind  of antibiotic to help prevent infection,98%,405 patients,al_scip-inf-2
40,10001.0,southeast alabama medical center,1108 ross clark circle,empty,emp??ty,dothan,al,36302.0,houston,3347938701.0,,government - hospital district or authority,yes,surgical infection prevention,scip-inf-3,surgery patients whose preventive antibiotics were stopped at the right time (within 24 hours after surgery),88%,385 patients,al_scip-inf-3
41,10001.0,southeast alabama medical center,,empty,empty,dothan,al,36302.0,houston,3347938701.0,acute care hospitals,government - hospital district %or authority,yes,surgical infection prevention,scip-??inf#-4,all heart surgery patients whose blood sugar (blood glucose) is kept under good control in the days right after surgery,96%,136 patients,al_scip-inf-4
42,10001.0,southeast alabama medical center,1108 ross cla#rk circle,empty,empty,dothan,,183147.44733462148,houston,3347938701.0,acute care hospitals,government - hospital district o$r authority,yes??,surgical infection prevention,s%ci@@p-inf-6,surgery patients needing hair removed from the surgical area before surgery who had hair removed using a safer method (electric clippers or hair removal cream c not a razor),90%,537 patients,al_scip-inf-6
43,10001.0,southeast alabama medical center,1108 ross clark circle,empty,empty,dothan,al,36302.0,houston,3347938701.0,acute care hospitals,government - hospital district or authority,yes,surgical infection prevention,scip-vte-1,surgery patients whose doctors ordered treatments to prevent blood clots after certain types of surgeries,86%,185 patients,al_scip-vte-1
44,10001.0,southeast alabama medical center,1108 ross clark circle,empty,empty,,al,36302.0,houston,3347938701.0,acute care hospitals,government - hospital district or authority,yes,surgical infection prevention,scip-vte-2,patients who got treatment  at the right time (within 24 hours before or after their surgery) to help prevent blood clots after certain types of surgery,83%,184 patients,al_scip-vte-2
45,10005.0,marshall medical center south,2505 u s highway 431 north,empty,empty,boaz,al,35957.0,marshall,,acute care hospitals,government - hospital district or authority,yes,heart attack,ami-1,heart attack patients given aspirin at arrival,80%,20 patients,al_ami-1
46,10005.0,marshall medical center south,2505 u s highway 431 north,empty,empty,boaz,al,35957.0,marshall,2565938310.0,acute care hospitals,government - hospital district or authority,yes,heart attack,ami-2,he#art attack patients given as??pirin at discharge,60%,5 patients,al_ami-2
47,10005.0,marshall medical center south,2505 u s highway 431 north,empty,empty,boaz,al,35957.0,marshall,2565938310.0,acute care hospitals,government - hospital district or authority,yes,heart attack,ami-3,heart attack patients given ace inhibitor or arb for left ventricular systolic dysfunction (lvsd),100%,2 patients,
48,10005.0,marshall medical center south,2505 u s highway 431 north,empty,empty,boaz,al,122154.2260792402,marshall,2565938310.0,acute care hospitals,government - hospital district or authority,yes,heart attack,ami-4,heart attack patients given smoking cessation advice/counseling,empty,0 patients,al_ami-4
49,10005.0,marshall medical center south,2505 u s highway 431 north,%empty,,$boaz,al,143708.3002119677,marshall,2565938310.0,acute @@care hospitals,government - hospital district or authority,yes,heart attack,ami-5,heart attack patients given beta blocker at discharge,,5 patients,al_ami-5
50,10005.0,marshall medical center south,2505 u s highway 431 north,empty,empty,boaz,al$,35957.0,marshall,2565938310.0,acute care hospitals,government - hospital district or authority,yes,heart attack,ami-7a,heart attack patients given fibrinolytic medication within 30 minutes of arrival,empty,0 patients,al_ami-7a
51,10005.0,marshall medical center south,,empty,empty,boaz,al,35957.0,marshall,2565938310.0,acute care hospitals,government - hospital district or authority,yes,heart attack,??ami-8a,heart attack patients given pci within 90 minutes of arrival,empty,0 patients,al_ami-8a
52,10005.0,marshall medical center south,2505 u s highway 431 north,empty,empty,boaz,al,35957.0,marshall,2565938310.0,acute care hospitals,government - hospital district or authority,yes,heart failure,hf-1,heart failure patients given discharge instructions@@,78%,$110# patients,a@@l_hf@@-1
53,10005.0,marshall medical center south,2505 u s highway 431 north,empty,empty,boaz,al,35957.0,ma#rshall,2565938310.0,acute care hospitals,government - hospital district or authority,yes,heart failure,hf-2,heart failure patients given an evaluation of left ventricular systolic (lvs) function,99%,160 patients,al_hf-2
54,10005.0,marshall medical center south,2505 u s highway 431 north,empty,empty,,al,35957.0,marshall,2565938310.0,acute care hospitals,government - hospital district or authority,yes,heart failure,hf-3,heart failure patients given ace inhibitor or arb for left ventricular systolic dysfunction (lvsd),90%,69 patients,al%_hf-3
55,50011.012009430124,marshall medical center south,2505 u s highway 431 north,empty,empty,boaz,al,,marshall$@@,2565938310.0,acute care hospitals,government - hospital district or authority,yes,heart failure,hf-4,heart failure patients given smo$king cessati$on advice/counseling,94%,34 patients,al_hf-4
56,10005.0,marshall medical center south,2505 u s highway 431 north,empty,empty,boaz,al,35957.0,marshall,8830056568.872976,acute care hospitals,government - hospital district or authority,yes,pneumonia,pn-2,,97%,#172# patients,al_pn-2
57,10005.0,marshall medical center south,2505 u s highway 431 north,empty,empty,boaz,al,35957.0,marshall,2565938310.0,acute c??a#re hospitals,government - hospital district or authority,yes,,pn-3b@@,pneumonia patients whose initial emergency room blood culture was performed prior to the administration of the first hospital dose of antibiotics,97%,120 patients,al$#_pn-3b
58,10005.0,marshall medical center south,2505 u s highway 431 north,empty,empty,boaz,al,35957.0,marshall,2565938310.0,acute care hospitals,government - hospital district or authority,ye#s,pneumonia,p$n%-4,pneumonia pati@@ents given smoking% cessation advice/counseling,97%,98 patients,al_pn-4
59,10005.0,marshall medical center south,2505 u?? s highway 431 n@@orth,$empty,empty,boaz,al,35957.0,marshall,2565938310.0,acute care hospitals,government - hospital district or authority,yes,pneumonia,pn-5c,pneumonia patients given initial antibiotic(s) within 6 hours after arrival,96%,21@@1 patients,al_pn-5c
60,10005.0,marshall medical center south,2505 u$ s highway 431 north,e$mpty,empty,$b#oaz,,35957.0,marshall,2565938310.0,acute care hospitals,government -# hospital@@ district or authority,yes,pneumonia,pn-6,pneumonia patients given the most appropriate initial antibiotic(s),92%,175 patients,
61,10005.0,marshall medical center south,2505 u s highway 431 north,empty,$empt$y,boaz,al,35957.0,marshall,2565938310.0,,government - hospital district or authority,yes,pneumonia,p@@n-7,pneumonia patients assessed and given influenza vaccination,81%,118 patients,al_pn-7
62,10005.0,marshall medical center south,2505 u s highway 431 north,empty,empty??,bo$az??,al,35957.0,marshall,2565938310.0,acute care hospitals,government - hospital district or authority,yes,surgical infection prevention,scip-card-2,,36%,,al_scip-card-2
63,10005.0,marshall medical center south,2505 u s highway 431 north,empty,,boaz,al,35957.0,marshall,2565938310.0,acu#te care ho$spitals,government - hospital district or authority,yes,surgical infection prevention,scip-inf-1,surgery patients who were given an antibiotic at the right time (within one hour before surgery) to help prevent infection,96%,168 patients,al_scip-inf-1
64,10005.0,marshall medical center south,2505 u s highway 431 north,empty,empty,boaz,al,35957.0,marshall,2565938310.0,acute care hospitals,government - hospital district or authority,yes,surgical infection preventi$o@@n,scip-inf-2,surgery patients who were given the  right kind  of antibiotic to help prevent infection,93%,167$ patients,al_#scip@@-inf-2
65,10005.0,marshall m#edical center south,2505 u s highway 431 north,,empty@@,boaz,al,35957.0,marshall,2565938310.0,acute care hospitals,government - hospital district or authority,yes,surgical infection prevention,scip-inf-3,surgery patients whose preventive antibiotics were stopped at the right time (within 24 hours after surgery),95@@@@%,158 patients,al_scip-inf-3
66,10005.0,ma@@rshall medical center south,2505% u s highway 431 north,empty,empty,boaz,al,35957.0,marshall,2565938310.0,acute care hospitals,government - hospital district or authority,yes,surgical infection prevention,scip-inf-4,all heart surgery patients whose blood sugar (blood glucose) is kept under good control in the days right after surgery,,,al_scip-inf-4
67,10005.0,marshall medical center south,2505 u s highway 431 north,empty,%empt#y,boaz,al,35957.0,mar%shall$,2565938310.0,acute care hospitals,government - hospital district or authority,yes,surgical infection prevention,scip-inf-6,surgery patients needing hair removed from the surgical area before surgery who had hair removed using a safer method (electric clippers or hair removal cream c not a razor),100%,237 patients,%al_scip-inf-#6
68,,marshall med%ical center s#outh,2505 u s highway 431 north,,empty,boaz,al,35957.0,,2565938310.0,acute care hospitals,government - hospital district or authority,yes,surgical infection prevention,scip-vte-1,surgery patients whose doctors ordered treatments to prevent blood clots after certain types of surgeries,78%,76 patients,al_scip-vte-1
69,10005.0,marshall medical center south,2505 u s highway 431 north,empty,empty,boaz,al,35957.0,,2565938310.0,acute care hospitals,,yes,surgical infection prevention,scip-vte-2,patients who got treatment  at the right time (within 24 hours before or after their surgery) to help prevent blood clots after certain types of surgery,74%,76 patients,al_scip-vte-2
70,10006.0,eliza coff#ee memorial hospital,205 marengo street,empty@@??,empty,florence,al,35631.0,lauderdale,2567688400.0,acute care hospitals,voluntary non-profit - other,yes,heart attack,ami-1,heart attack patients given aspirin at arrival,97%,159 patients,
71,38679.0212526662,eliza coffee memorial hospital,,,empty,florence,al,35631.0,lauderdale,2567688400.0,acute care hospitals,voluntary non-profit - other,yes,heart attack,ami-2,heart attack patients given aspirin at discharge,96%,247 patients,
72,10006.0,eliza coffee memorial hospital,205 marengo street,empty,empty,florence,al,35631.0,lauderda??le,2567688400.0,acute care hospitals,voluntary non-profit - other,yes,heart attack,ami-3,heart attack patients given ace inhibitor or arb for left ventricular systolic dysfunction (lvsd),93%,43 patient??s$,al_ami-3
73,31276.36804466395,eliza coffee memorial hospital,205 marengo street,empty,empty,florence,al,35631.0,lauderdale,2567688400.0,acute care hospitals,voluntary non-profit - other,yes,heart attack,ami-4,heart attack patients given smoking cessation advice/counseling,100%,103 patients,a#l_ami@@-4
74,37853.10001305043,eliza coffee memorial hospital,,empty,empty,florence,al,35631.0,lauderdale,12400520409.383366,acute care hospitals,voluntary non-profit - other,yes,heart attack,ami-5,heart attack patients given beta blocker at discharge,96%,227 patients,al_ami-5
75,10006.0,eliza coffee memorial hospital,205 marengo street,empty,empty,florence,a$l#,35631.0,lauderdale,2567688400.0,acute care hospitals,voluntary non-profit - other,yes,heart attack,,heart attack patients given fibrinolytic medication within 30 minutes of arrival,empty,0 patients,al_ami-7a
76,10006.0,eliza coffee memorial hospital,205 marengo street,empty,e@@mpty,florence,al,35631.0,lauderdale,2567688400.0,acute ca%re hospitals,voluntary non-pr%ofit ??- other,yes,heart atta%ck,ami-8a,heart attack patients given pci within 90 minutes of arrival,$$98%,61 patients,al_ami-8a
77,10006.0,eliza coffee memorial hospital,205 marengo street,empty,empty,florence,al,184471.36797541066,%laud#erdale,11987436448.86206,acute care hospitals,voluntary non-profit - other,yes,heart failure,hf-1,heart failure patients given discharge instructions,79%,217 patients,al_hf-1
78,42041.20629912531,eliza coffee memorial hospital,205 marengo street,empty,empt$y,florence,,35631.0,lauderdale,2567688400.0,acute care hospitals,voluntary non-profit - other,yes,heart failure,,heart failure patients given an evaluation of left ventricular systolic (lvs) function,97%,259 patients,al_hf-2
79,10006.0,eliza coffee memorial hospital,205 marengo street,empty,empty,florence,al#,35631.0,lauderdale,2567688400.0,acute care hospitals,voluntary non-profit - other,yes,heart failure,hf-3,heart failure patients given ace inhibitor or arb for left ventricular systolic dysfunction (lvsd),82%,,al_hf-3
80,10006.0,eliza coffee memorial hospital,205 marengo street,empty,em#pt#y,florence$,al,35631.0,lauderdale,2567688400.0,acute care hospitals,voluntary non-profit - other,yes,heart failure,hf-4,heart failure patients given smoking cessation advice/counseling,100%,53 patients,al_hf-4
81,10006.0,eliza coffee memorial hospital,205 marengo street,empty,empty,florence,al,,lauderdale,2567688400.0,acute care hos??pitals,voluntary non-profit - other,yes,pneumonia,pn-2,pneumonia patients assessed and given pneumococcal vaccination,,174 patients,al_pn-2
82,10006.0,eliza coffee memorial hospital,205 marengo street,,empty,florenc%e,al,35631.0,lauderdale,2567688400.0,acute care hospitals,voluntary non-profit - other,yes,pneumonia,pn-3b,pneumonia patients whose initial emergency room blood culture was performed prior to the administration of the first hospital dose of antibiotics,95%,137 patients,al_pn-3b
83,10006.0,eliza coffee m??emorial hospital,205 marengo street,empty,empty,florence,al,35631.0,lauderdale,2567688400.0,acute care hospitals,voluntary non-profit - other,,pneumonia,pn-4,pneumonia patients given smoking cessation advice/counseling,100%,65 patients,al_pn-4
84,10006.0,,205 marengo street,empty,empty,florence,al,35631.0,lauderdale,2567688400.0,acute care hospitals,voluntary non-profit - other,yes,pneumonia,pn-5c,pneumonia patients given initial antibiotic(s) within 6 hours after arrival,96%,200 p??atients,al_pn-5c
85,10006.0,eliza$ coff#ee memorial hospital,205 marengo street,empty,empty,florence,al,35631.0,lauderdale,2567688400.0,acute care hospitals,voluntary non-profit - other,$yes%,pneumonia,pn-6,pneumonia patients given the most appropriate initial antibiotic(s),91%,138 patients,%al_pn-6
86,10006.0,eliza coffee memorial hospital,205 marengo street,empty,empty,florence,,110206.6948193211,lauderdale,2567688400.0,acute care hospitals,voluntary non-profit - other,yes,pneumonia,pn-7,pneumonia patients asses??sed and given influenza vaccination,,85 patients,al_pn-7
87,10006.0,eliza coffee memorial hospital,205 marengo street,empty,empty,florence,al,,lauderdale,2567688400.0,acute?? ??care hospitals,voluntary non-profit - other,yes,surgical infection prevention,,surgery patients who were taking heart drugs called beta blockers before coming to the hospital who were kept on the beta blockers during the period just before and after their surgery,96%,107 patients,al_scip-card-2
88,10006.0,eliza coffee memorial hospital,205 marengo street,empty,empty,florence,al,35631.0,lau%derdale,2567688400.0,acute care hospitals,voluntary non-profit - other,yes,surgical infection prevention,scip-inf-1,surgery patients who were given an antibiotic at the right time (within one hour before surgery) to help prevent infection,99%%,457 $patients,al_scip-inf-1
89,34724.62959386474,eliza coffee memorial hospital,205 marengo street,empty,empty,florence,al,35631.0,lau#derdale,2567688400.0,acute care hospitals,voluntary non-profit - other,yes,surgical infection prevention,scip-inf-2,surgery patients who were given the  right kind  of antibiotic to help prevent infection,99%,462 pa??tients,al_scip-inf-2
90,,eliza coffee memorial hospital,205 marengo street,empty,empty,florence,al,35631.0,laude#rd??ale,2567688400.0,acute car%e ho$spitals,voluntary non-profit - other,,surgical infection prevention,scip-inf-3,surgery patients whose preventive antibioti%cs were stopped at the right time (within 24 $hours after surgery),94%#,439 patients,al_scip-inf-3
91,10006.0,eliza coffee memorial hospital,205 marengo street,empty,,florence@@,al,35631.0,lauderdale,2567688400.0,acute care hospitals,voluntary non-profit - other,yes,surgical infection prevention,scip-inf-4,all heart surgery patients whose blood sugar (blood glucose) is kept under good control in the days right after surgery,89%,130 patients,al_scip-inf-4
92,10006.0,eliza coffee memorial hospital,205 marengo street,empty,empty,florence,al,35631.0,lauderdale,2567688400.0,acute care hospitals,voluntary non-profit - other,yes,surgical infection prevention,scip-inf-6,surgery patients needing hair removed from the surgical area before surgery who had hair removed using a safer method (electric clippers or hair removal cream c not a razor),100%,619 patients,
93,10006.0,eliza coffee memorial hospital,205 marengo street,empty,empty,florence,a??l,35631.0,lauderdale,2567688400.0,acute care hospitals,voluntary non-profit - other,yes,surgical infection prevention,scip-vte-1,surgery patients whose doctors ordered treatments to prevent blood clots after certain types of surgeries,95%,242 patients,al_scip-vte-1
94,10006.0,eliza coffee memorial hospital,205 marengo street,empty,empty,florence,al,35631.0,lauderdale,2567688400.0,acute care hospitals,voluntary non-profit - other,yes,surgical infection prevention,scip-vte-2,patients who got treatment  at the right time (within 24 hours before or after their surgery) to help prevent blood clots after certain types of surgery,92%,242 patients,al_scip-vte-2
95,10007.0,mizell me??morial hospita$l,702 n main st,empty,empty,opp,al,36467.0,covington,3344933541.0,acute care hospitals,voluntary non-profit - private,no,hear@@t @@attack,ami-1,heart attack patients given aspirin at arrival,,5 patients$,al_ami-1
96,10007.0,mizell memo@@rial% hospital,702 n main st,empty,emp@@t??y,opp,al,36467.0,covington,3344933541.0,acute care hospitals,voluntary non-profit - private,no,heart attack,ami-2,heart attack patients given aspirin at discharge,50%,2 patients,al_ami-2
97,10007.0,mizell memorial hospital,702 n main st,empty,empty,opp,al,36467.0,covington,3344933541.0,acute care hospitals,voluntary non-profit - private,no,heart attack,ami-3,,empty,0 patients,al_a#mi@@-3
98,10007.0,mizell memorial hospital,702 n main st,em%pty,empty,opp,al,36467.0,covington,3344933541.0,acute care hospitals,voluntary non-profit - private,no,heart attack,ami-4,heart attack patients given smoking cessation advice/counseling,empty,0 patients,al_ami-4
99,10007.0,mizell me#morial hospital,702 n main st,empty,empty,opp,al,36467.0,covington,3344933541.0,acute care hospitals,voluntary non-profit - private,no,heart attack,@@ami-5,heart attack patients given beta blocker at discharge,100%,2 pa$t??ients,al_ami-5
100,10007.0,mizell memorial hospital,,empty,empty,@@opp,al,36467.0,covington,3344933541.0,acute care hospitals,voluntary non-profit - private,,heart attack,ami-7a,heart attack patients given fibrinolytic medication within 30 minutes of arrival,empty,0 patients,al_ami-7a
101,10007.0,mizell memorial hospital,702 n main st,empty,empty,opp,al,36467.0,$covi#ngton,,ac%ute care hospi#tals,voluntary non-profit - private,no,heart attack,ami-8a,heart attack patients given pci within 90 minutes of arrival,empty,0 patients,al_ami-8a
102,10007.0,mizell memorial hospital,702 n main st,empty,empty,opp,al,36467.0,covington,3344933541.0,acute care hospitals,voluntary non-profit - private,no,heart failure,hf-1,heart failure patients given discharge instructions,98%,59 patients,al_hf-1
103,10007.0,mizell memorial hospital,702 n main st,empty,empty,o#??pp,al,36467.0,covington,3344933541.0,acute care hospitals,voluntary non-profit - private,no,heart failure,hf-2,heart failure patients given an evaluation of left ventricular systolic (lvs) function,8@@7%??,76 patients,
104,10007.0,mizell memorial hospital,702 n main ??st,empty,empty,opp,al,36467.0,covington,18287658541.627514,acu@@te care hospi??tals,voluntary non-profit - private,no,heart failure,hf-3,heart failure patients given ace inhibitor or arb for left ventricular systolic dysfunction (lvsd),64%,14 p%atient??s,al_hf-3
105,10007.0,mizell memorial hospital,702 n main st,%empty,empty,opp,al,36467.0,covington,3344933541.0,acute care hospitals,voluntary non-profit - private,,heart failure,hf-4,heart failure patients given smoking cessation advice/counseling,100%,8 patients,al_hf-4
106,10007.0,m@@ize$ll memorial hospital,702 n main st,empty,empty,opp,al,36467.0,covington,3344933541.0,#acute care hospitals,voluntary non-profit - private,no,pneumonia,pn-2,pneumonia patients assessed and given pneumococcal vaccination,87%,85 pati#ents,al_pn-2
107,10007.0,mizell memorial hospital,702 n main st,empty,empty,opp,al,36467.0,covington,,acute care hospitals,voluntary non-profit - private,no,pneumonia,pn-3b,pneumonia patients whose initial emergency room blood culture was performed prior to the administration of the first hospital dose of antibiotics,78%,64 patients,
108,10007.0,mizell memorial hospital,702 n main st,empty,empty,??o??pp,al,36467.0,covington,3344933541.0,acute care hospitals,voluntary non#-prof#it - private,no,pneumonia,pn-4,pneumonia patients given smoking cessation advice/counseling,100%??,28 patients,al_pn-4
109,56180.64192220653,mizell memorial hospital,702 n main st,empty,empty,opp,al,36467.0,covington,3344933541.0,acute care hospitals,voluntary non-profit - private,,pneumonia,pn-5c,pneumonia patients given% initial antibiotic(s) within 6 $hours after arrival,95%,87 patients,al_pn-5c
110,10007.0,mizell memorial hospital,702 n mai%n %st,empty,empty,opp,al,36467.0,covington,3344933541.0,acute care hospitals,voluntary non-profit - private,no,pneumonia,pn-6,pneumonia patients given the most appropriate initial antibiotic(s),88%,57 patients,al_pn-6
111,,mizell memorial hospital,702 n main st,,empty,opp,al,36467.0,covington,3344933541.0,acute care hospitals,voluntary non-profit - private,no,pneumonia,pn-7,pneumonia patients assessed and given influenza vaccination,90%,63 patients,al_pn-7
112,10007.0,mizell memorial hospital,702 n main st,empty,empty,opp,al,143713.0511134028,covington,20065025436.646732,acute care hospitals,voluntary non-profit - private,no,surgical infection prevention,scip-card-2,,91%,11 patients,al_scip-card??-??2
113,30146.81831103602,mizell memorial hospital,702 n main st,em#pty,empty,opp,al,36467.0,covington,3344933541.0,acute care hospitals,voluntary non-profit - private,no,surgical infection prevention,,surgery patients who were given an antibiotic at the right time (within one hour before surgery) to help prevent infection,88%,101 patients,al_scip-inf-1
114,10007.0,mizell memorial hospital,702 n main st,e@@mp%ty,,opp,al,145118.00834653067,covington,3344933541.0,acute care hospitals,voluntary non-profit - private,no,surgical infection prevention,scip-inf-2,surgery patients who were given the  right kind  of antibiotic to help prevent infection,91#%,101 patients,al_scip-inf-2
115,10007.0,mizell memorial hospital,702 n main st,empty,empty,opp,a@@l,36467.0,co#vington,3344933541.0,acute care hospitals,voluntary non-profit - private,no,surgical infection prevention,scip-inf-3,surgery patients whose preventive antibiotics were stopped at the right time (within 24 hours after surgery),,100 patients,al_scip-inf-3
116,10007.0,mizell memorial hospital,702 n main st,%empty,e@@m$pty,opp,al,36467.0,covington,3344933541.0,acute care hospitals,voluntary non-profit - private,,surgical infe%ction p%revention,scip-inf-4,all heart surgery patients whose blood sugar (blood glucose) is kept under good control in the days right after surgery,empty,0 patients,al_scip-inf-4
117,10007.0,mizell memorial hospital,702 n main st,empty,empty,opp,al,36467.0,covington,3344933541.0,acut??e care hospi#tals,voluntary non-profit - private,??no,surgical infection prevention,,surgery patients needing hair removed from the surgical area before surgery who had hair removed using a safer method (electric clippers or hair removal cream c not a razor),100%,123 patients,al_scip-inf-6
118,10007.0,,702 n main st,@#@empty,em%pt%y,o@#@pp,al,209687.0451063638,covington,3344933541.0,acute care hospitals,voluntary non-profit - private,no,surgical infection prevention,scip-vte-1,surgery patients whose doctors ordered treatments to prevent blood clots after certain types of surgeries,87%,,al_scip-vte-1
119,10007.0,mizell memorial hospital,702 n mai$n #st,empty,empty,,,36467.0,covington,3344933541.0,,voluntary non-profit - private,no,surgical infection prevention,scip-vte-2,patients who got treatment  at the right time (within 24 hours before or after their surgery) to help prevent blood clots after certain types of surgery,88%,76 pat#ie@@nts,al_scip-vte-2
120,10008.0,crenshaw community hospital,101 hospital circle,empty,empty,luverne,al,36049.0,crenshaw,3343353374.0,acute care hospitals,government - federal,yes,,ami-1,heart attack patients given aspirin at arrival,0%,1 patients,al_ami-1
121,10008.0,crenshaw community hospital,101 hospital circle,empty,empty,luverne,al,36049.0,c$renshaw,3343353374.0,,government - federal,yes,heart attack,ami-2,heart attack pat#ients given aspirin at discharge,100%,,al_ami-2
122,10008.0,crenshaw community hospital,101 hospital circle,empty,empty,luverne,al,36049.0,crenshaw,18064007843.776577,acute care hospitals,government - federal,yes,heart attack,ami-3,heart attack patients give$n ace inhibitor or arb for left ventricular s@@ystolic dysfunction (lvsd),empty,,al_ami-3
123,10008.0,crenshaw community hospital,101 hospital circle,empty,empty,l??uverne,al,36049.0,,,acute care hospitals,government - federal,%yes,heart attack,ami-4,,empty,0 patients,al_ami-4
124,10008.0,crenshaw community hospital,101 hospital circle,empty,??empt??y,luverne,al,36049.0,crenshaw,3343353374.0,acute care hospitals,government - federal,,heart attack,ami-5,heart attack patients given beta blocker at discharge,0%,1 patients,al_??ami-$5
125,10008.0,crenshaw community hospital,101 hospital circle,empty,empty,luverne,al,36049.0,crenshaw,,acute care hospitals,government %- %federal,yes,heart attack,ami-7a,heart attack patients given fibrinolytic medication within 30 minutes of arrival,empty,0 ??patients,al_ami-7a
126,10008.0,crenshaw community hospital,101 hospital circle,empty,empty,luverne,a#l,146890.17463313937,crenshaw,3343353374.0,acute care hospitals,government - federal,yes,heart attack,ami-8a,,empty,0 patients,al_ami-8a
127,10008.0,crenshaw community $hospital,101 hospital circle,empty??,empty,luverne,al,36049.0,crenshaw,3343353374.0,acute care hospitals,government - federal,ye%s,heart failure,hf-1,heart failure patients given discharge instructions,4%,26 patients,al_hf-1
128,47872.72729851912,crenshaw community hospital,101 hospital circle,empty,empty,luverne,al,36049.0,crenshaw,3343353374.0,acute care hospitals,government - federal,yes??,heart failure,hf-2@@%,heart failure patients given an evaluation of left ventricular systolic (lvs) function,7%$2%,39 patients,al_hf-2
129,10008.0,crenshaw community hospital,101 hospital circle,empty,,luverne,al,36049.0,crenshaw,3343353374.0,acute care hospitals,government - federal,yes,heart failure,$hf-#3,heart failure patients given ace inhibitor or arb for left ventricular systolic dysfunction (lvsd),75%,8 patients,al_hf-3
130,10008.0,crenshaw community hospital,101 hospital circle,em#%pty,empty,luverne,al,,crenshaw,,acute care hospitals,government - federal,yes,heart failure,hf-4,heart failure patients given smoking cessation advice/counseling,0%,5 patient%s,$a$l_hf-4
131,10008.0,crenshaw community hospital,??101 h@@ospital circle,empty,empty,luverne,al,36049.0,crenshaw,3343353374.0,acute care hospitals,government - federal,yes,pneumonia,pn-2,pneumonia patients assessed and given pneumococcal vaccination,25%,16 patients,al_p#@@n-2
132,10008.0,crenshaw community hospital,,emp@@ty,em$pty,luverne,al,36049.0,crenshaw,3343353374.0,acute care hospitals,government - federal,yes,pneumonia,pn-3b,pneumonia patients whose initial emergency room blood culture was performed prior to the administration of the first hospital dose of antibiotics,@@93$%,15 patients,
133,10008.0,crenshaw communi??ty hospital,101 hospital circle,empty,empty,luverne,al,36049.0,crenshaw,3343353374.0,acute care hospitals,g$overnment$ - federal,yes,pneumonia,pn-4,pneumonia patients given smoking cessation advice/counseling,33%,9 patients,al_pn-4
134,10008.0,crenshaw community hospital,,empty,empty,luverne,al,36049.0,crenshaw,3343353374.0,acute care hospitals,government - federal,yes,,pn-5c,pneumonia patients given initial antibiotic(s) within 6 hours after arrival,95%,21 patients,al_pn-5c
135,10008.0,crenshaw community hospital,101 hospital circle,empty,empty,luverne,$al,36049.0,crenshaw,3343353374.0,acute care hospitals,gov??ernment - federa%l,yes,pneumonia,pn-6,pneumonia patients given the most appropriate initial antibiotic(s),62%,21 %patients,al_pn-6
136,10008.0,crenshaw community hospital,101 hospital circle,empty,,luverne,al,36049.0,crenshaw,3343353374.0,acute care hospitals,government - federal,yes,pneumonia,pn-7,pneumonia patients assessed and given influenza vaccination,47%,15 patients,al_pn-7
137,10008.0,crens#haw community h@@ospital,101 hospital circle,empty,empty,luverne,al,36049.0,crenshaw,3343353374.0,acute care hospitals,government - federal,yes,surg%ical infection prevention,scip-card-2,surgery patients who were taking heart drugs called beta blockers before coming to the hospital who were kept on the beta blockers during the period just before and after their surgery,100%,1 patients,al_scip-card-2
138,10008.0,crenshaw community hospital,101 hospital circle,empty,empty,luverne,al,36049.0,crenshaw,3343353374.0,acute care hospitals,government - federal,yes,surgical infection prevention,scip-inf-1,surgery patients who were given an antibiotic at the right time (within one hour before surgery) to help prevent infection,100%,2 patients,al_scip-inf-1
139,10008.0,crenshaw community hospital,101 hospital circle,empty,empty,luverne,al,36049.0,crenshaw,3343353374.0,acute care hospitals,government - federal,ye%??s,surgical infection preven@@tion,,surgery patients who were given the  right kind  of antibiotic to help prevent infection,100%,2 patients,al_scip-inf-2
140,10008.0,crenshaw community hospital,101 hospital circle,empty,empty,luverne,al,137160.08274056096,crenshaw,3343353374.0,acute care hospitals,government - federal,yes,surgical infection prevention,scip-inf-3,surgery patients whose preventive antibiotics were stopped at the right time (within 24 hours after surgery),100%,2 patients,al_scip-inf-3
141,10008.0,crenshaw community hospital,101 hospital circle,empty,empty,luverne,al,108580.96853493432,crenshaw,17782475892.08976,acute care hospitals,government - federal,yes,surgical infection prevention,,all heart surgery patients whose blood sugar (blood glucose) is kept under good control in the days right after surgery,empty,0 $pati@@ents,al_scip-inf-4
142,10008.0,crenshaw community hospital,101 hospital circle,empty,empty,luverne,al,36049.0,crenshaw,3343353374.0,acute care hospitals,government - federal,yes,surgical inf%ection prevention,scip-inf-6,surgery patients needing hair removed from the surgical area before surgery who had hair removed using a safer method (electric clippers or hair removal cream c not a razor),100%,4 patients,al_scip-inf-6
143,10008.0,crenshaw community hospital,101 hospital circle,empty,empty,luverne,al,36049.0,crenshaw,3343353374.0,acute care hospitals,government - federal,yes,surgical infection prevention,scip-vte-1,surgery patients whose doctors ordered treatments to prevent blood clots after certain types of surgeries,100%,4 patients,al_scip-vte-1
144,32219.769425406033,crenshaw community hospital,101 hospital circle,,empty,,al,,crenshaw,3343353374.0,acute care hospitals,government - federal,,surgical infection prevention,scip-vte-2,patients who got treatment  at the right time (within 24 hours before or after their surgery) to help prevent blood clots after certain types of surgery,100%,4 patients,al_scip-vte-2
145,10009.0,hartselle medical center,201 pine street northwest,empty,empty,hartselle,a%l,35640.0,morgan,2567736511.0,acute care hospitals,proprietary,yes,heart attack,ami-1,heart attack patients given aspirin at arrival,100%,6 patients,al_ami-1
146,10009.0,hart$selle medical center,201 pine %str#eet northwest,empty,empty,hartse#lle,al,35640.0,morgan,2567736511.0,acute care hospitals,proprietary,yes,heart attack,ami-2,heart attack patients given aspirin at discharge,100%,1 patients,al_ami-2
147,10009.0,hartselle medical center,201 pine street northwest,empty,empty,hartselle,al,,morgan,2567736511.0,acute care hospitals,,yes,heart attack,ami-3#,heart attack patients given ace inhibitor or arb for left ventricular systolic dysfunction (lvsd),100%,1 patients,al_ami-3
148,10009.0,hartselle medical center,201 pine street northwest,empty,empty,hartselle,al,35640.0,morgan,2567736511.0,acute care hospitals,@@pro$prietary,yes,heart attack,ami-4,,100%,,al_ami-4
149,51786.59920543919,,201 pine street northwest,empty,empty,,al,35640.0,morgan,2567736511.0,acute care hospitals,proprietary,yes,heart attack,ami-5,heart attack patients given beta blocker at discharge,100%,3 patients,al_ami-5
150,10009.0,hartselle medical center,201 pine street northwest,empty,empty,,al,35640.0,morgan,2567736511.0,acute care hospitals,proprietary,yes,heart attack,ami-7a,heart attack patients given fibrinolytic medication within 30 minutes of arrival,empty,0 patients,al_ami-7a
151,47674.82743787258,hartselle medical center,201 pine street northwest,empty,empty,hartselle,al,35640.0,,9369395377.207224,acute care hospitals,proprietary,yes,heart attack,ami-8a,heart attack patients given pci within 90 minutes of arrival,empty,0 patients,al_ami-8a
152,10009.0,hartselle medical center,201 pine street northwest,empty,empty,hartselle,al@@#,,morgan,2567736511.0,acute care hospitals,proprietary,,heart failure,hf-1,heart failure patients given discharge instructions,97%,35 patients,al_hf-1
153,10009.0,hartselle medical center,201 pine street northwest,empty,empty,hartselle,??al,35640.0,morgan,2567736511.0,acute care hospitals,proprietary,yes,heart failure,@@hf-2,heart failure patients given an evaluation of left ventricular systolic (lvs) function,98%,42 patients,al_hf-2
154,45883.67946677542,hartselle medical center,201 pine street northwest,empty,empty,hartselle,al,35640.0,morgan,2567736511.0,acute care hospitals,proprietary,yes,heart failure,hf-3,heart failure patients given ace inhibitor or arb for left ven%tricular systolic dysfunction (lvsd$),1??00%%,10 patients,al_hf-3
155,,hartselle medical center,201 pine street northwest,empty,empty,,al,35640.0,morgan,2567736511.0,acute care hospitals,p$roprietary%,yes,heart failure,hf-4,heart failure patients given smoking cessation advice/counseling,100%,12 patients,al_hf-4
156,10009.0,hartselle medical center,201 pine street northwest,empty,empty,hartselle,al,35640.0,morgan,9132285110.990826,acute care hospitals,,yes,pneumonia,pn-2,pneumonia patients assessed and given p@@#neumococcal vaccination,98%,44 patients,al_pn-2
157,,hartselle medical center,201 pine street northwest,empty,empty,hartselle,a$l,35640.0,morgan,2567736511.0,,propriet$ary,yes,pneumonia,pn-3b,pneumonia patients whose initial emergency room blood culture was performed prior to the administration of the first hospital dose of antibiotics,100%,30 patients,al_pn-3b
158,10009.0,hartselle medical center,20@@1 pine street northwest,empty,empty,hartselle,al,190886.1268307259,morgan,2567736511.0,acute care hospitals,proprietary,yes,pneumonia,p$n-4@@,pneumonia patients given smoking cessation advice/counseling,100%,25 patients,al_pn-4
159,10009.0,hartselle medical center,201 pine street northwest,empty,empty,hartselle,al,35640.0,morgan,2567736511.0,acute care hospitals,proprietary,yes,pneum%onia,$??pn-5c,pneumonia patients given initial antibiotic(s) within 6 hours after arrival,9#8%%,51 patients,al_pn-5c
160,10009.0,hartselle medical center,201 pine street northwest,emp$ty,empty,$hartselle@@,al,35640.0,morgan,2567736511.0,acute ca??re hospitals,proprietary,yes,pneumonia,@@p$n-6,pneumonia patients given the most appropriate initial antibiotic(s),100%,#45 patients,al_pn-6
161,31318.632611743975,hartselle medical center,,empty,empty,hartselle,al,35640.0,morgan,2567736511.0,acute care hospitals,proprietary,yes,pneumonia,pn-7,pneumonia patients assessed and given influenza vaccination,97%,30 patients,al_pn-7
162,10009.0,hartselle medical center,201 pine street northwest,empty,empty,hartselle,al,35640.0,morgan,2567736511.0,acute care hospitals,proprietary,yes,surgical infection prevention,scip-card-2,surgery patients who were taking heart drugs called beta blockers before coming to the hospital who were kept on the beta blockers during the period just before and after their surgery,67%$??,3 patients,al_scip-card-2
163,10009.0,hartselle medical center,201 pine street northwest,em%pty,empty,hartselle,al,35640.0,morgan,2567736511.0,acute care hospitals,proprietary,yes,surgical infection prevention,scip-inf-1,surgery patients who were given an antibiotic at the right time (within one hour before surgery) to help prevent infection,100%,6 patients,al_scip-inf-1
164,10009.0,hartselle medical center,201 pine street northwest,empty,empty,hartselle,al,35640.0,morgan,2567736511.0,,,ye$s,surgical infection prevention,scip-inf-2,surgery patients who were given the  right kind#  of?? antibiotic to help prevent infection,##57%,7 patients,al_sci$p-inf-2
165,10009.0,hartselle medical center,201 pine street northwest,empty,empty,hartselle,al,35640.0,mo@@rga@@n,2567736511.0,,proprietary,yes,surgical infection prevention,scip-inf-3,surgery patients whose preventive antibiotics were stopped at the right time (within 24 hours after surgery),80%,5 patients,al_scip-inf-3
166,10009.0,hartselle medical center,201 pine street northwest,empty,empty,hartselle,al,,morgan,2567736511.0,acute care hospitals,proprietary%??,yes,surgical$ infec??tion prevention,scip-inf-4,all heart surgery patients whose blood sugar (blood glucose) is kept under good control in the days right after surgery,empty,0 patients,al_scip-inf-4
167,10009.0,hartselle medical center,201 pine street northwest,empty,empty,hartselle,al,35640.0,morgan,2567736511.0,acute care hospitals,proprietary,yes,surgical infection prevention,,surgery patients needing hair removed from the surgical area before surgery who had hair removed using a safer method (electric clippers or hair removal cream c not a razor),100%,11 patients,al_scip-inf-6
168,10009.0,hartselle medical center,201 pine street northwe??s#t,empty,empty,hartselle,al,35640.0,morgan,2567736511.0,a??cute care hospitals,proprietary,yes,surgical infection prevention,scip-vte-1,surgery patients whose doctors ordered treatments to prevent blood clots after certain types of surgeries,78%,9 patients,al_scip-vte-1
169,10009.0,hartselle medical center,201 pine street northwest,empty,empty,hartselle,al,,morgan,2567736511.0,acute care hospitals,pr%o??prietary,yes,surgical infection prevention,scip-vte-2,,78%,9 pa$tients,al_scip-vte-2
170,10010.0,,8000 alabama highway 69,empty,empty,guntersville,al,35976.0,marshall,2565718000.0,acute care hospitals,government - hospital district or authority,yes,heart attack,ami-1,heart attack patients given aspirin at arrival,100%,8 patients,
171,10010.0,marshall medical center north,8000 alabama highway 69,empty,empty,guntersville,al,35976.0,marshall,2565718000.0,acute care hospitals,government - hospital district or authority,y#e??s,hear$t att$ack,ami-2,heart attack patients given aspirin at discharge,100%,6 patients,al_ami-2
172,10010.0,marshall medical center north,8000 alabama highway 69,empty,empty,guntersville,al,35976.0,marshall,2565718000.0,a@@cute $care hospitals,government - hospital district or authority,yes,heart attack,ami-3,,50%,2 patients,al_ami-3
173,10010.0,marshall medical center north,8000 alabama highway 69,empty,empty,guntersville,al,35976.0,marshall,2565718000.0,acute care hospitals,government ??- hospita#l district or authority,yes,heart attack,ami-4,heart attack patients given smoking cessation advice/counseling,100%,2 patients,
174,10010.0,,8000 alabama highway 69,emp$ty,empty,guntersvi#lle,al,35976.0,marshall,2565718000.0,acute care hospitals,government - hospital district or authority,yes,heart attack,ami-5,heart attack patients given beta blocker at discharge,83%,6 pa%$tients,al_ami-5
175,10010.0,marshall medical center north,8000 alabama highway 69,empty,empty,guntersville,al,35976.0,marshall,2565718000.0,acute care hospitals,government - hospital district or authority,yes,heart attack,ami-7a,heart attack patients given fibrinolytic medication within 30 minutes of arrival,empty,0 patients,al_a@@mi-7a??
176,,marshall medical center north,8000 alabama highway 69,empty,empty,guntersville,al,35976.0,marshall,2565718000.0,acute care hospitals,government - hospital district or authority,ye$s%,heart attack,ami-8a,heart attack patients given pci within 90 minutes of arrival,,0 patients,al_ami-8a
177,10010.0,marshall medical center north,8000 alabama highway 69,,emp??ty,guntersville,al,35976.0,marshall,2565718000.0,acute care hospitals,government - hospital district or authority,yes,heart failure,hf-1,heart failure patients given discharge instructions,93%,,al_hf-1
178,52112.77765446583,marshall medical center north,8000 alabama highway 69,em%pty,empty,guntersville,al,208348.0508037452,marshall,14626344473.153008,acute care hospitals,government $- hospital district or authority,yes,heart failure,hf-2,,84%,80 patients,%al%_hf-2
179,10010.0,marshall medical center north,8000 alabama highway 69,empty,empty,guntersville,al,35976.0,marshall,2565718000.0,acute care hospitals,government - hospital district or authority,yes,heart failure,hf-3,heart failure patients given ace inhibitor or arb for left ventricular systolic dysfunction (lvsd),78%,27 patients,al_hf-3
180,10010.0,marshall medical center north,8000 alabama highway 69,empty,??empty,guntersville,al,35976.0,marshall,2565718000.0,acute care hospitals,government - hospital district or authority,yes,heart failure,,heart failure patients given smoking cessation advice/counseling,100%$,10 patients,al_hf-4
181,10010.0,marshall medical center north,,empty,empty,guntersville,al,159702.36485815255,,2565718000.0,acute care hospitals,government - hospital distri%ct% or authority,yes,pneumonia,,pneumonia patients assessed and given pneumococcal vaccination,87%,128 patients,al_pn-2
182,32046.4327954711,marshall medical center north,8000 alabama highway 69,empty,empty,guntersville,al,35976.0,marshall,2565718000.0,,government - hospital district or authority,yes,pneumonia,pn-3b,pneumonia patients whose initial emergency room blood culture was performed prior to the administration of the first hospital dose of antibiotics,94%,115 patients,#al_pn-3@@b
183,10010.0,marshall medical center north,8000 alabama highway 69,empty,empty,guntersville,al,35976.0,marshall,2565718000.0,acute care hospitals,government - hospital district or authority,yes,pneumonia,pn-4,pneumonia pat#ients given smoking cessation advice/counselin#g,94%,65 patients,al_pn-4
184,10010.0,marshall medical center north,8000 alabama highway 69,empty,e??mpt#y,guntersville,al,35976.0,marshall,2565718000.0,acute care hospitals,government - hospital district or authority,y@@es,pneumonia,pn-5c%$,pneumonia patients given initial antibiotic(s) within 6 hours after arrival,97%,158 patients,al_pn-5c
185,10010.0,marshall medical center north,,empty,empty,guntersville,al,35976.0,marshall,2565718000.0,acute car%e hospit@@als,government - hospital district or authority,yes,pneumonia,pn-6,pneumonia patients given the most appropriate initial antibiotic(s),93%,133 patients,al_pn-6
186,10010.0,mars%hall medical center north,8000 alabama highway 69,empty,empty,guntersville,al,206494.60587858138,marshall,2565718000.0,acute care hospitals,government - hospital district or authority,yes,pneumonia,pn-7,pneumonia patients assessed and given influenza vaccination,90%,,al_pn-7
187,10010.0,,8000 alabama highway 69,empty,em??#pty,guntersville,al,,marshall,2565718000.0,acute care hospitals,government - hospital district or authority,yes,surgical infection prevention,scip-card-2,surgery patients who were taking heart drugs called beta blockers before coming to the hospital who were kept on the beta blockers during the period just before and after their surgery,86%,14 patients,al_scip-card-2
188,43941.20091001403,marshall medical center north,8000 alabama highway 69,empty,empty,guntersville,al,,marshall,2565718000.0,acute care hospitals,government - hospital district or authority,yes,surgical infection prevention,scip-inf-1,surgery patients who were given an antibiotic at the right time (within one hour before surgery) to help prevent infection,95%,66 patients,al_scip-inf-1
189,10010.0,marshall medical center north,8000 alabama highway 69,empty,empty,guntersville,al,189933.41739872412,marshall,2565718000.0,acute care hospitals,government - hospital district or authority,yes,surgical infection prevention,scip-inf-2,surgery patients who were given the  right kind  of antibiotic to help prevent infection,91%,64 patients,al_scip-inf-2
190,10010.0,marshall medical center north,80%00 alabama $highway 69,empty,empty,guntersville,a$l$,35976.0,marshall,,acute care hospitals,government - hospital district or authority,yes,surgical infection prevention,scip-inf-3,surgery patients whose preventive antibiotics were stopped at the right time (within 24 hours after surgery),10@@%0%,63 patie#n$ts,al_scip-inf-3
191,10010.0,marshall medical center north,8000 alabam??a highway 69,empty,empty,guntersville,al,35976.0,marshall,2565718000.0,acute care hospitals,government - hospital district or authority,yes,surgical infection prevention,scip-inf-4,,empty,0 patients,al_scip-inf-4
192,10010.0,marshall medical center north,8000 alabama highway 69,empty,empty,,al,35976.0,marshall,,acute care hospitals,government - hospital district or authority,yes,surgical infection prevention,scip-inf-6,surgery patients needing hair removed from the surgical area before surgery who had hair removed using a safer method (electric clippers or hair removal cream c not a razor),100%,155 patients,
193,10010.0,marshall medical center north,8000 alabama highway 69,empty,empty,guntersville,al,35976.0,marshall,2565718000.0,acute care hospitals,government - hospital district or authority,yes,surgical infection prevention,sci@@p-vte-%1,surgery patients whose doctors ordered treatments to prevent blood clots after certain types of surgeries,86%,56 patients,al_scip-vte-1
194,10010.0,marsh??all medical center north,8000 alabama highway 69,empty,empty,gunte??rsville,al,35976.0,marshall,2565718000.0,acute care hospitals,government - hospital district or authority,yes,surgical infection prevention,scip-vte-2,patients who got treatment  at the right time (within 24 hours before or after their surgery) to help prevent blood clots after certain types of surgery,84%,,al_scip-vte-2
195,10011.0,st vincents east,50 medical park east drive,empty,empty,birmingham,al,35235.0,jefferson,7780385225.522803,acute care hospitals,voluntary non-profit - private,yes,heart attack,ami-1,heart attack patients given aspirin at arrival,99%,240 patients,al_ami-1
196,10011.0,st vincents east,50 medical park east drive,empty,empty,,al,35235.0,jefferson,2058383122.0,acute care hospitals,voluntary non-profit - private,yes,heart attack,ami-2,heart attack patients given aspirin at discharge,96%,295 patients,al_ami-2
197,10011.0,st vincents$ east,50 medical park east drive,empty,empty,birmingham,al,35235.0,jefferson,2058383122.0,acute care hospitals,voluntary non-profit - private,yes,heart attack,ami-3,heart attack patients given ace inhibitor or arb for left ventricular systolic dysfunction (lvsd),91%,70 patients,al_ami-3
198,10011.0,,,empty,,birmingham,al,35235.0,jef%ferson,2058383122.0,acute care hospitals,voluntary non-profit - private,yes,heart attack,ami-4,heart attack patients given smoking cessation advice/counseling,,131 patients,al_ami-4
199,10011.0,st vincents east,50 medical park east drive,empty,empty,,al,35235.0,jefferson,2058383122.0,acute care hospitals,voluntary non-profit - private,ye$s,heart attack,ami-5,heart attack patients given beta blocker at discharge,99%,288 patients,al_ami-5
200,10011.0,st vincents east,50 medical park east drive,empty,empty,birmingham,al,35235.0,jefferson,2058383122.0,acute care hospitals,voluntary non-profit - private,yes,heart attack,ami-7a,heart attack patients given fibrinolytic medication within 30 minutes of arrival,empty,0 patients,al_ami-7a
201,37722.693747204794,st vincents east,50 medical park east drive,empty,empty,birmingham,al,35235.0,jefferson,2058383122.0,acute care hospitals,voluntary non-profit - private,yes,heart attack,ami-8a,heart attack patients given pci within 90 minutes of arrival,85%,48 patients,al_ami-8a
202,34950.119375142734,st vincents east,50 medical park east drive,empty,empty,birmingha??m,al,35235.0,jefferson,2058383122.0,acute care hospitals,voluntary non-profit - private,%yes,h@@e??art failure,hf-1,heart failure patients given discharge instructions,94%,316 patients,al@@_hf-1
203,10011.0,st vincents east,50 medical park east drive,empty,empty,birmingham,al,35235.0,jefferson,2058383122.0,acute care hospitals,voluntary non-profit - private,ye@@@@s,heart failure,hf-2,heart failure patients given an evaluation of left ventricular systolic (lvs) function,98%,372 patients,
204,35087.44694313714,st vincents east,50 medical park east drive,empty,empty,birmingham,al,35235.0,jefferson,7011231377.86297,acute care hospitals,voluntary non-profit - private,yes,heart failure,hf-3,heart failure patients given ace inhibitor or arb for left ventricular systolic dysfunction (lvsd),98%,130 patients,al_hf-3
205,10011.0,st vincents east,50 medical park east dr@@ive,empty,empty,birmingham,al,35235.0,jefferson,2058383122.0,acute care hospitals,voluntary non-profit - private,yes,heart failure,hf-4,heart failure patients given smoking cessation advice/counseling,100%,69 patients,al_hf-4
206,10011.0,st vincents east,50 medical park east drive,empty,empty,birmingham,al,35235.0,jefferson,2058383122.0,acute care hospitals,voluntary non-profit - private,yes,pneumonia,pn-2,pneumonia ??pa$tients assessed and given pneumococcal vaccination,$8@@7%,125 patients@@,al_pn-2
207,48980.07733424849,st vincents east,50 medical park east drive,empty,empty,birmingham,al,188496.82612011346,jefferso??n,2058383122.0,,voluntary non-profit - private,yes,pneumonia,p@@n-3b,pneumonia patients whose initial emergency room blood culture was performed prior to the administration of the first hospital dose of antibiotics,,131 patients,al_pn-3b
208,10011.0,st vincents east,50 medical park east drive,empty,empty,birmingham,al,35235.0,jefferson,2058383122.0,acu??te care hospit@@als,voluntary non-profit - private,yes,pneumonia,pn-4,pneumonia patients given smoking cessation advice/counseling,100%,69 patients,al_pn-4
209,,,50 medical park east drive,empty,empty,birmingham,al,35235.0,jefferson,2058383122.0,acute care hospitals,voluntary non-profit - private,yes,pneumonia,pn-5c,pneumonia patients given initial antibiotic(s) within 6 hours after arrival,95%,135 patients,al_pn-5c
210,10011.0,,,empty,empt?@@?y,birmingham,al,35235.0,jefferson,2058383122.0,acute care hospitals,voluntary non-profit - @%@private,yes,pneumonia,,pneumonia patients given the most appropriate initial antibiotic(s),91%,112 patients,al_pn-6
211,10011.0,$st vincents east,50 medical park east drive,empty,emp%ty,birmingham,al,35235.0,jefferson,2058383122.0,acute care hospitals,voluntary non-profit - private,yes,pneumonia,pn-7,pneumonia patients assessed and given influenza vaccination,85%,89 patients,al_pn-7
212,10011.0,st vincents east,50 medical park east drive,empt$y,,birmingham,al%??,35235.0,jefferson,2058383122.0,acute care hospitals,,yes,surgical infection prevention,scip-card-2,surgery patients who were taking heart drugs called beta blockers before coming to the hospital who were kept on the beta blockers during the period just before and after their surgery,83%,125 patients,al_scip-card-2
213,10011.0,st vincents east,50 medical park east drive,empty,,birmingham,al,155135.6365925251,jefferson,8969374056.264345,acute care hospitals,voluntary non-profit - private,yes,surgical infection prevention,,surgery patients who were given an antibiotic at the right time (within one hour before surgery) to help prevent infection,97%,461 patients,al_scip-inf-1
214,10011.0,st vincents east,50 medical park east drive,empty,empty,birmingham,al,35235.0,jefferson#,2058383122.0,acute care hospitals,voluntary non-profit - private,yes,surgical infection prevention,scip-inf-2,surgery patients who were given the  right kind  of antibiotic to help prevent infection,98%,473 patients,al_scip-inf-2
215,10011.0,st vincen@@ts ea??st,50 medical park east drive,empty@@,empty,birmingham,al,35235.0,jefferson,2058383122.0,acute care hospitals,voluntary non-profit - private,yes,surgical infection prevention,scip-inf-3,surgery patients whose preventiv$e antibiotics were stopped at the right time (within 24 hours after surgery),81%,442 patients,al_scip-inf-3
216,10011.0,st vincents east,50 medical park east drive,empty,,bi%rmingham,al,35235.0,jefferson,2058383122.0,acute care hospitals,voluntary non-profit - private,yes,surgical infection prevention,scip-inf-4,all heart surgery patients whose blood sugar (blood glucose) is kept under good control in the days right after surgery,60%,127 patients,al_sc$ip-inf-4#
217,10011.0,st vincents east,50 medical park east drive,empty,,,al,35235.0,jefferson,2058383122.0,acute care hospitals,voluntary non-profit - private,yes,surgical infection prevention,,surgery patients needing hair removed from the surgical area before surgery who had hair removed using a safer method (electric clippers or hair removal cream c not a razor),100%,601 patients,a%l_scip-inf-6
218,10011.0,st vincents east,50 medical park east drive,empty,empty,birmingham,al,35235.0,jefferson,2058383122.0,acute care hospitals,voluntary non-profit - private,yes,surgical infectio%n prevention,scip-vte-1,surgery patients whose doctors ordered treatments to prevent blood clots after certain types of surgeries,89%,229 patients,al_scip-vte-1
219,10011.0,st vincents east,50 medical park east drive,,,birmingham,al,35235.0,j#ef#ferson,2058383122.0,acute care hospitals,voluntary non-profit - private,yes,surgical infection prevention,scip-vte-2,patients who got treatment  at the right time (within 24 hours before or after their surgery) to help prevent blood clots after certain types of surgery,83%,224 patients,al_scip-vte-2
220,10012.0,de@@kalb regional medical center,200 med center drive,empty,empty,fort payne,al,35968.0,de kalb,2568453150.0,acute care hospitals,voluntary non-profit - church,yes,heart attack,ami-1,heart attack patients given aspirin at arrival,100%,46 patients,al_ami-1
221,10012.0,dekalb regional medical center,200 med center drive,empty,empty,fort payne,al,35968.0,de kalb,2568453150.0,acute care hospitals,voluntary non-profit - church,yes,heart attack,ami-2,heart attack patients given aspirin at discharge,95%,39 patients,al_a??mi-??2
222,10012.0,dekalb regional medical center,200 med center drive,,empty,,al,35968.0,de kalb,2568453150.0,acute care hospitals,voluntary non-profit - church,yes,heart attack,ami-3,heart attack patients given ace inhibitor or arb for left ventricular systolic dysfunction (lvsd),,11 patients,al_ami-3
223,10012.0,dekalb regional medical center,$200 med center drive,empty,empty,fort payne,??al,35968.0,de kalb,2568453150.0,acute care hospitals,voluntary non-profit - church,yes,heart attack,ami-4,heart attack patients given smoking cessation advice/counseling,,14 patients,al_ami-4
224,10012.0,dekalb regional med??ic??al center,200 med center drive,empty,empty,fort payne,al,35968.0,de kalb,2568453150.0,acute care hospitals,voluntary non-profit - church,yes,heart attack,ami-5%,,95%,41 patients,al_ami-5
225,10012.0,dekalb regional medical center,200%$ med center drive,empty,em@@@@pty,fort payne,al,35968.0,de kalb,2568453150.0,acute care hospitals,voluntary non-profit - church,ye%%s,heart attack,ami-7a,heart attack patients given fibrinolytic medication within 30 minutes of arrival,100%,1 patients,al_ami-7a
226,10012.0,dekalb regional medical c@@enter,200 med center drive,empty,empty,fort payne,al,35968.0,de kalb,2568453150.0,acute care hospitals,v%oluntar@@y non-profit - church,yes,heart attack,ami-8a,heart attack patients given pci within 90 minutes of arrival,,5 patients,al_ami-8a
227,10012.0,dekalb regional medical center,200 med center drive,empty,empty,fort payne,al,,de kalb,2568453150.0,acute care hospitals,voluntary non-profit - church,,heart failure,hf-1,heart failure patients given discharge instructions,89%,76 patients,al_hf-1
228,10012.0,dekalb regional medical center,200 med center drive,empty,empt##y,fort payne,al,35968.0,de kalb,2568453150.0,acute care hospitals,voluntary non-profit - church,yes,heart failure,hf-2,heart failure patients given an evaluation of left ventricular systolic (lvs) function,100%%#,94 patients,al_hf-2
229,10012.0,dekalb regional medical center,200 med center drive,empty,empty,fort payne,al,35968.0,,2568453150.0,acute care hospitals,voluntary non-profit - church,yes,heart failure,hf-3,heart failure patients given ace inhibitor or arb for left ventricular systolic dysfunction (lvsd),94%,36 patients,al_hf-3
230,10012.0,dekalb regional medical center,200 med center drive,%@@empty,empty,for$t p??ayne,al,35968.0,de kalb,2568453150.0,acute care hospitals,voluntary non-profit - church,yes,heart failure,hf-4,heart failure patients given smoking cessation advice/counseling,100%,15 patients,al_hf-4
231,10012.0,dekalb regional medical center,200 med center drive,empty,empty,,al,35968.0,de kalb,2568453150.0,acute care ho#spitals,voluntary non-profit - church,$ye#s,pneumonia,pn-2,pneumonia patients assessed and given %pneumococc$al vaccination,97%,69 p??atients,al_pn-2
232,10012.0,dekalb regional medical center,200 med center drive,em%pty%,emp$ty,fort pa#yne,al,35968.0,de kalb,2568453150.0,acut#e care $hospitals,voluntary non-profit - church,yes,pneumonia,pn-3b,pneumonia patients whose initial emergency room blood cultu#re was performed prior to the administrat#ion of the first hospital dose of antibiotics,93%,91 patients,al_pn-3b
233,49494.75355905457,dekalb regional medical center,200 med center drive,empty,empty,f#ort payn@@e,al,35968.0,de kalb,2568453150.0,acute care hospitals,voluntary# non-profit - church,yes,pneumonia,pn-4,pneumonia patients given smoking cessation advice/counseling,,37 patients,al_pn-4
234,10012.0,dekalb regional medical center,200 med cent$%er drive,empty,empty,fort payne,al,35968.0,de kalb,2568453150.0,acute care hospitals,voluntary no@@n-profit - church,yes,pneumonia,pn-5c,pneumonia patients given initial antibiotic(s) within 6 hours after arrival,99%,88 patients,al_pn-5c
235,40689.78230817245,dekalb regional medical center,,empty,empty,f@@ort pay#ne,al,35968.0,de kalb,2568453150.0,,voluntary non-profit - church,yes,pneumonia,pn-6,pneumonia patients given the most appropriate initial antibiotic(s),8??8%$,,al_pn-6
236,10012.0,dekalb regional medical center,200 med cen%ter drive,empty,empty,fort payne,al,35968.0,de kalb,2568453150.0,acute care hospitals,voluntary non-profit - church,yes,pneumonia,pn-7,,98%,56 patients,al_pn-7
237,10012.0,dekalb regional medical center,200 med center drive,empty,em%pt#y,fort payne,al,35968.0,de kalb,2568453150.0,acute% care ho??spitals,voluntary non-profit - church,yes@@,surgical infection prevention,scip-card-2,surgery patients who were taking heart drugs called beta blockers bef#ore coming to the hospital who were kept on the beta blockers during the period just before and after their surgery,100%,16 patients,al_scip-card-2
238,42912.0422646748,dekalb regional medical center,200 med center drive,empty,@@e@@mpty,fort payne,al,35968.0,de k#alb,2568453150.0,acute care hospitals,voluntary non-profit - church,yes,surgical infection prevention,scip-inf-1,surgery patients who were given an antibiotic at the right time (within one hour before surgery) to help prevent infection,,139 patients,al_scip-inf-1
239,10012.0,dekalb regional medical center,200 med center drive,empty,empty,fort payne,al,35968.0,de kalb,2568453150.0,acute care hospitals,,yes,surgical infection prevention,scip-inf-2,surgery patients who were given the  right kind  of antibiotic to help prevent infection,99%,147 patients,al_scip-inf-2
240,41230.211133698576,dekalb regional medical center,200 med center drive,empty,empty,fort payne,al@@,35968.0,de kalb,2568453150.0,acute care hospitals,voluntary non-profit - church,yes,surgical infection prevention,scip-inf-3,surgery patients whose preventive antibiotics were stopped at the right time (within 24 hours after surgery),98%,136 patients,al_scip-inf-3
241,10012.0,dekalb regional medical center,200 med center dri%ve,empty$,empty,fort payne,al,,de kalb,2568453150.0,acute ca??re hospitals,vo$luntary non@@-profit - church,yes,surgical infection prevention,scip-inf-4,all heart surgery patients whose blood sugar (blood glucose) is kept under good control in the days right after surgery,empty,0 patients,al_scip-inf-4
242,10012.0,dekalb regional medical center,200 med center drive,empty,empty,fort payne,al,173389.1241681125,de kalb,2568453150.0,acute care hospitals,voluntary non-profit - church,yes,surgical infection prevention,s$cip-i%nf-6,surgery patients needing hair removed from the surgical area before surgery who had hair removed using a safer method (electric clippers or hair removal cream c not a razor),10#0%,179 patients,al_scip-inf-6
243,10012.0,dekalb regional medical center,200 med center drive,empty,empty,fort pa$yne,al,35968.0,de kalb,2568453150.0,acute care hospitals,vo$luntary non-p#rofit - church,yes,surgical infection prevention,scip-vte-1,surgery patients whose doctors ordered treatments to prevent blood clots after certain types of surgeries,97%,90 patients,al_scip-vte-1
244,10012.0,dekalb regional medical center,200 med center drive,empty,empty,#for@@t payne,al,187585.2862312989,de kalb,2568453150.0,acute care hospitals,voluntary non-profit - church,yes,surgical infection prevention,scip-vte-2,patients who got treatment  at the right time (within 24 hours before or after their surgery) to help prevent blood clots after certain types of surgery,97$%,90 patients,al_scip-vte-2
245,57869.07725729838,southwest alabama medical center,33700 highway 43,empty,empty,thomasville,al,36784.0,clarke,3346366221.0,acute care hospitals,government - federal,yes,heart attack,ami-1,heart attack patients given aspirin at arrival,empty,0 pati????ents,al_ami-1
246,10015.0,southwest alabama medical center,33700 highway 43,empty,empty,thomasvil%%le,al,36784.0,clarke,3346366221.0,acute care hospitals,government - federal,,heart attack,,heart attack patients given aspirin at discharge,empty,0 patients,al_ami-2
247,10015.0,southwest alabama medical center,33700 highway 43,empty,empty,thomasville,al,121695.5704572496,clarke,3346366221.0,acute care hospitals,government - federal,yes,heart attack,am??i-3,heart attack patients given ace inhibitor or arb for left ventricular systolic dysfunction (lvsd),empty,0 patients,al_ami-3
248,10015.0,,33700 highway 43,empty,empty,thomasville,%a$l,36784.0,clarke,3346366221.0,acute care hospitals,government - federal,yes,heart attack,,heart attack patients given smoking cessation advice/counseling,e??mpt??y,0 patients,al_ami-4
249,10015.0,southwest alabama medical center,33700 highway 43,empty,empty,thomasville,al,36784.0,clarke,3346366221.0,acute care hospitals,government - federal,yes,heart attack,ami-5,heart at%tack patien@@ts given beta blocker at discharge,empty,0 patients,al_ami-5
250,10015.0,southwest alabama medical center,33700 highway 43,empty,empty,thomasville,al,36784.0,clarke,3346366221.0,acute care hospitals,government - federal,yes,heart attack,ami-7a,heart attack patients given fibr%inolytic# medication within 30 minutes of arrival,empty,0 patients,$al_a#mi-7a
251,10015.0,southwest alabama medical center,33700 highway 43,empty,empty,thomasville,al,36784.0,clarke,3346366221.0,,government - federal,yes,heart attack,ami-8a,heart attack patients given pci within 90 minutes of arrival,,0 patients$,al_ami-8a
252,10015.0,southwest alabama medical center,33700 highwa#y 43,empty,emp%ty,thomasville,al,36784.0,clarke,3346366221.0,acute care hospitals,government - federal,yes,heart failure,hf-1,heart failure patients given discharge instructions,100%,79 patients,al_hf-1
253,10015.0,southwest alab%$ama medical center,33700 highway 43,empty,%empty??,thomasville,al,36784.0,c@@larke,3346366221.0,acute care hospitals,government - federal,yes,heart failure,h??f-2#,heart failure patients given an evaluation of left ventricular systolic (lvs) function,89%,91 patients,al_hf-2
254,10015.0,,33700 highway 43,empty,empty,thomasville,,36784.0,clarke,3346366221.0,acute care hospitals,gov@@ernment - federal,yes,heart #failure,hf-3,heart failure patients given ace inhibitor or arb for left ventricular systolic dysfunction (lvsd),@@#88%,25 patients,al_hf-3
255,10015.0,southwest alabama medical center,33700 highway 43,empty,empty,thomasville,al,36784.0,clarke,3346366221.0,acute care hospitals,government - federal,yes,heart failure,hf-??4,heart failure patients given smoking cessation advice/counseling,88%,17 pati$#ents,al_hf-4
256,10015.0,southwest alabama medical center,33700 highway 43,empty,emp??ty@@,thomasville,al,36784.0,clarke,3346366221.0,,government - federal,yes,$pneumoni%a,pn-2,pneumonia patients assessed and given pneumococcal vaccination,92%,25 patients,a#l_pn-2$
257,10015.0,southwest alabama medical center,33700 highway 43,empty,em$pty,thomasville,al,36784.0,clarke,3346366221.0,acute care@@ hospit#als,government - federal,yes,pneumonia,pn-3b,pneumonia patients whose initial emergency room blood culture ??was performed prior to the administration of the first hospital dose of antibiotics,9@@6%,24 patients,al_pn-3b
258,10015.0,southwest alabama medical center,33700 highway 43,empty,empty,thomasville,al,132329.39869448685,clarke,3346366221.0,acute care hospitals,government - federal,yes,pneumonia,p#n-$4,pneumonia patients given smoking cessation advice/counseling,100%,6 patients,al_pn-4
259,10015.0,southwest alabama medical center,33700 highway 43,empty,empty,th%omasville,al,36784.0,clarke,19341297657.032112,acute?? care hospital%s,government - federal,yes,pneumonia,pn-5c,pneumonia patients given initial antibiotic(s) within 6 hours after arrival,96%,24 patients,
260,10015.0,southwest alabama medical center,33700 @@highw$ay 43,empty,empty,thomasville,al,36784.0,clarke,3346366221.0,a@@cute care hospitals,government - federal,yes,pneumonia,pn-6,pneumonia patients given the mos$t$ appropriate initial antibiotic(s),100%,26 patients,al_pn-6
261,10015.0,southwest alabama medical center,33700 highway 43,empty,empty,thomasville,a$l,36784.0,clarke,3346366221.0,acute care hospitals,government - federal,yes,pneumonia,pn-7,pneumonia patients assessed and given $influenza vaccination,92%,24 patients,al_pn-7
262,10015.0,southwest alabama medical center,33700 highway 43,empty,empty,thomasville,al,219095.2735846444,clarke,,acute care hospitals,government - federal,yes,surgical infection prevention,scip-card-2,surgery patients who were taking heart drugs called beta blockers before coming to the hospital who were kept on the beta blockers during the period just before and after their surgery,empty,empty,al_scip-card-2
263,,southwest al%abama medical c#enter,33700 highway 43,empty,empty,,al,36784.0,clarke,3346366221.0,acute care hospitals,government - federal,yes,surgical infection prevention,scip-inf-1,surgery patients who were given an antibiotic at the right time (within one hour before surgery) to help prevent infection,86%,14 patient$s#,al_scip-inf-1
264,10015.0,southwest alab@@ama medical center$,33700 highway 43,empty,empty,,al,,clarke,3346366221.0,acute care hospitals,government - federal,@@y$es,sur??gical infection prevention,,,9?%?3%,14 patients,al_scip-inf-2
265,57937.74418285564,southwest alabama medical center,33700 highway 43,empty,empty,thomasville,al,36784.0,clarke,15735483471.385223,acute care hospitals,government - federal,yes,surgical infection prevention,scip-inf-3,surgery patients whose preventive antibioti$cs were stopp#ed at the right time (within 24 hours after surgery),86%,14 patients,al_scip-inf-3
266,31055.23526504832,southwest alabama medical center,33700 highway 43,empty,empty,thom#as$ville,al,36784.0,clarke,13250759861.778234,acute care hospitals,government - federal,yes,surgical infection prevention,scip-inf-4,all heart surgery patients whose blood sugar (blood glucose) is kept under good control in the days right after surgery,empty,0 patients,al_scip-inf-4
267,10015.0,southwest alabama medical center,33700 highway 43,empty,empty,thomasville,al,115264.83608666158,clarke,3346366221.0,acute care hospitals,government - federal,yes,surgical infection prevention,scip-i??nf-%6,surgery patients needing hair removed from the surgical area before surgery who had hair removed using a safer method (electric clippers or hair removal cream c not a razor),100%$,15 patients,al_scip-inf-6
268,10015.0,southwest alabama medical center,33700 highway 43,empty,empty,thomasville,al,36784.0,clarke,3346366221.0,acute care hospitals,government - federal,yes,surgical infection prevention,scip-vte-1,surgery patients whose doctors ordered treatments to prevent blood clots after certain types of surgeries,90%,10 patients,al_scip-vte-1
269,10015.0,southwest alabama medical center,33700%# highway 43,empty,empty,thomasville,al$,36784.0,clarke,3346366221.0,acute care hospitals,government - federal,yes,surgical infection prevention,scip-vte-2,patients who got treatment  at the right time (within 24 hours before or after their surgery) to help prevent blood clots after certain types of surgery,90%,10 patients,al_scip-vte-2
270,10016.0,shelby baptist medical center,1000 first street north,empty,empty,alabaster,al,35007.0,shelby,2056208100.0,acute care hospitals,volunta#ry non-profit - church??,yes,heart attack,ami-1,heart attack patients given aspirin at arrival,99%,179 patients,al_ami-1
271,10016.0,,1000 fi#rst street %north,empty,empty,alabaster,al,201275.3147056265,shelby,2056208100.0,acute care hospitals,voluntary non-profit - church,#y@@es,heart attack,am@@$i-2,heart attack patients given aspirin at discharge,97%,,
272,10016.0,shelby baptist medical center,1000 first street north,empty,empty,alabaster,al,35007.0,shelby,2056208100.0,acute care hospitals,voluntary non-profit - church,yes,heart attack,ami-3,heart attack patients given ace inhibitor or arb for left ventricular systolic dysfunction (lvsd),100%,30 p#atients,al_ami-3
273,10016.0,shelby baptist medical center,1000 first street north,empty,empty,alabaster,al,139879.22144338937,shelby,2056208100.0,acute care hospitals,voluntary non-profit - church,yes,heart %attack,ami-4,heart attack patients given smoking cessation advice/counseling,100%,98 patients,al_ami-4
274,10016.0,shelby baptist medical center,1000 first street north,empty,empty,a#labaster,al,35007.0,shelby,2056208100.0,acute care hospitals,voluntary non-profit - church,,heart attack,ami-5,heart attack patients given beta blocker at discharge,97%,169 patients,al_ami-5
275,10016.0,,1000 first street north,empty,empty,ala??baster,al,35007.0,shelby,2056208100.0,acute care hospitals,voluntary non-profit - church,yes,hea@@rt attack,,heart attack patients given fibrinolytic m??edication within 30 minutes of arrival,empty,0 patients,al_am#i-7a
276,34746.35173905768,shelby baptist medical center,1000 first street north,empty,empty,alabaster,al,35007.0,shelby,2056208100.0,acute care hospit#als,voluntary non-profit - church,yes,heart attack,,heart attack patients given pci within 90 minutes of arrival,83%,36 patients,
277,10016.0,shelby baptist medical center,1#%000 first street north,empty,empty,alabaster,al,35007.0,shelby,,acute care hospitals,,ye??s,heart failure,hf-1,heart failure patients given discharge instructions,8@@6%,210 patients,al_hf-1
278,10016.0,shelby baptist medical center,1000 first street north,em#pty,empty,alabaster,al,35007.0,shelby,2056208100.0,acute care hospitals,#voluntary non-profit - chur??ch,yes,heart failure,hf-2,heart failure patients given an evaluation of left ventricular systolic (lvs) function,100%,246 patients,al_hf-2
279,10016.0,shelby baptist medical center,1000 first street north,,empty,alab$aster,al,35007.0,sh%elby,2056208100.0,,volun#tary non-profit - c$hurch,yes,heart failure,hf-3,heart failure patients given ace inhibitor or arb for left ventricular systolic dysfunction (lvsd),97%,71 patients,al_hf-3
280,10016.0,shelby baptist medical center,1000 first street north,$empty,empty,alabaster,al,35007.0,shelby,10950692185.3879,acute care hospitals,volu%ntary non-profit - church,yes,heart failure,hf-4,heart failure patients given smoking cessation advice/counseling,100%,48 patients,al_hf-4
281,10016.0,,1000 first street north,empty,empty,alabaster,al,35007.0,shelby,11489016272.997581,acute care hospitals,voluntary non-profit - church,yes,pneumonia,pn-2,pneumonia patients assessed and given pneumococcal vaccination,97%,235 patients,al_pn-2
282,10016.0,shelby baptist medical center,1000 first street north,empt??y,empty,alabaster,al,35007.0,shelby,,acute care hospitals,v$olunt$ary non-profit - church,yes,pneumonia,pn-3b,pneumonia patients whose initial emergency room blood culture was performed prior to the administration of the first hospital dose of antibiotics,100%,110 patients,al_pn-3b
283,49037.548644793445,shelby baptist medical center,1000 first street north,empty,empty,alabaster,al,35007.0,shelby,2056208100.0,acute care hospitals,voluntary non-profit - church,yes,pneumonia,pn-4,pneumonia patients given smoking cessation advice/counseling,100%,131 patients,al_pn-4
284,10016.0,shelby baptist medical center,1000 first street north,empty,empty,alabaster,@@al,197452.64569991335,shelby,2056208100.0,acute care hospitals,voluntary non-profit - church,yes,pneumonia,pn-5c,pneumonia patients given initial antibiotic(s) within 6 hours after arrival,96%,239 patients,
285,10016.0,shelby baptist medical center,1000 first street north,empty,,alabaster%,al,35007.0,shelby,2056208100.0,acute care hospitals,voluntary non-profit - church,yes,pneumonia,pn-6,pneumonia patients given the most appropriate initial antibiotic(s),93%,116 patients,al_pn-6
286,10016.0,shelby baptist medical center,1000 first street north,empty,empty,alabaster,al,151564.10250076576,shelby,2056208100.0,acute care hospitals,voluntary non-profit - church,ye%s#,pneumonia,pn-7,pneumonia patients assessed and given influenza vaccination,,199 patients,al_pn-%7
287,10016.0,shelby baptist medical center,1000 first street n??orth,empty,empty,alab$a#ster,al,35007.0,shelby,2056208100.0,acute care hospitals,voluntary non-profit - church,yes,surgical infection prevention,scip-ca#rd-2,surgery patients who were taking heart drugs called beta blockers before coming to the hospital who were kept on the beta blockers during the period just before and after their surgery,89%,96 patients,al_scip-card-2
288,10016.0,shelby baptist medical center,1000 first street north,empty,empty%$,alabaster,al,35007.0,shelby,2056208100.0,acute care hospitals,voluntary non-profit - church,yes,surgical infection prevention,scip-inf-1,surgery patients who were given an antibiotic at the right time (within one hour before surgery) to help prevent infection,98%,368 patient#s,al_scip-inf-1
289,44788.860737771945,shelby baptist medical center,??1000 first street no%rth,empty,empty,alabaster,al,35007.0,shelby,7348557631.722517,acute care hospitals,voluntary non-profit - church,,surgical infection prevention,scip-inf-2,surgery patients who were given the  right kind  of antibiotic to help prevent infection,99%,370 patients,al_scip-inf-2
290,10016.0,shelby baptist medical center,1000 first street north,empty,empty,alabaster,al,35007.0,shelby,2056208100.0,acute care hospitals,voluntary non-profit - church,yes,surgical infection prevention,scip-inf-3,surgery patients whose preventive antibiotics were stopped at the right time (within 24 hours after surgery),91%,331 patients,al_scip-inf-3
291,10016.0,shelby baptist medical center,1000 firs??t stree??t north,e%%mpty,empty,alabaster,al,35007.0,shelby,2056208100.0,acute care hospitals,voluntary non-profit - church,yes,surgical infec$tion prevention,scip-inf-4,,9%3#%,,al_scip-inf-4
292,41901.72052918368,,1000 first street north,empty,e%mpty,alabaster,al,35007.0,shelby,2056208100.0,acute care hospitals,voluntary non-profit - church,yes,surgical infection prevention,scip-inf-6,surgery patients needing hair removed from the surgical area before surgery who had hair removed using a safer method (electric clippers or hair removal cream c not a razor),100%,588 patients,al_scip-inf-6
293,10016.0,shelby baptist medical center,1000 first street north,empty,empty,alabaster,al,35007.0,shelby,2056208100.0,acute care hospitals,voluntary non-profit - church,yes,surgical infection prevention,scip-vte-1,surgery patients whose doctors ordered treatments to prevent blood clots after certain types of surgeries,9@@7%,226 patients,al??_scip-vte-1#
294,42878.51296214296,shelby baptist medical ce@@nter,1000 first street north,empty,empty,alabaster,al,35007.0,shelby,2056208100.0,acute care hospitals,voluntary non-profit - church,yes,surgical infection prevention,scip-vte-2,patients who got treatment  at the right time (within 24 hours before or after their surgery) to help prevent blood clots after certain types of surgery,94%,225 patients,al_scip-vte-2
295,10018.0,callahan eye foundation hospital,1720 university blvd,empty,empty,,al,35233.0,jefferson,2053258100.0,acu%te care hospitals,voluntary non-profit - private,yes,heart attack,ami-1@@,heart attack patients given aspirin at arrival,empty$,empty,al_ami-1
296,10018.0,callahan eye foundation hospital,1720 university blvd,empty,empty,birmingham,a#??l,35233.0,jefferson,,acute care hospitals,,yes$,heart attack,ami-2,heart attack patients given aspirin at discharge,em#pty,,al_ami-2
297,10018.0,callahan eye foundation hospit#al,1720 university blvd,empty,empty,,al,35233.0,jefferson,2053258100.0,acute care hospitals,voluntary non-profit - private,yes,heart attack,ami-3,,empty,empty,al_ami-3
298,10018.0,callahan eye foundation hospital,1720 university blvd,empty,empty,birmingham,al,35233.0,jefferson,2053258100.0,acute care hospitals,voluntary non-profit - private,yes,heart attack,,heart attack patients given smoking cessation advice/counseling,empty,empty,al_@@am??i-4
299,34251.350031728754,callahan eye foundation hospital,1720 university blvd,empty,empty,birmingham,,35233.0,jefferson,2053258100.0,acute care hospitals,voluntary non-profit - private,yes,heart attack,ami-5,heart attack patients given beta blocker at discharge,empty,empty,al_ami-5
300,10018.0,callahan eye foundation hospital,1720 university blvd,empty,empty,birmingham,al,35233.0,jefferson,,acute care hospitals,voluntary non-profit - private,yes,heart attack,ami-7a,heart attack patients given fibrinolytic medication within 30 minutes of arrival,empty,empty,al_ami-7a
301,10018.0,callahan eye foundation hospital,1720 university blvd,empty,empty,birmingham,al,35233.0,jefferson,10362192927.43596,acute care hospitals,voluntary non-profit - private,yes,heart attack,am@@i-8a,heart attack patients given pci within 90 minutes of arrival,empty,empty,al_ami-8a
302,10018.0,callahan eye foundation hospital,1720 university blvd,empty,empty,,al,35233.0,jefferson,10125279040.582766,a??cute care hospitals,voluntary non-profit - p??rivate,yes,heart failure,hf-1,heart failure patients given discharge instructions,empty,empty,al_hf-1
303,10018.0,callahan eye foundation hospital,1720 university blvd,empty,empty,birmingham,al,35233.0,,2053258100.0,acute care hospitals,voluntary non-profit - private,yes,heart failure,hf-2,heart failure patients given an evaluation of left ventricular systolic (lvs) function,empty,empty,al_hf-2
304,10018.0,callahan eye foundation hospital,1720 university blvd,empty,empty,birmi??#ngham,al,35233.0,jefferson,2053258100.0,,voluntary non-profit - private,yes,heart failure,hf-3,,empty,empty,al_hf-3
305,,callahan eye foundation hospital,1720 university blvd,empty,empty,birmingham,al,35233.0,jefferson,2053258100.0,acute care hospitals,voluntary non-profit - private,yes,heart failure,hf-4,heart failure patients given smoking cessation advice/counseling,empty,,al_hf-4
306,51312.548813322785,callahan eye foundation hospital,1720 university blvd,empty@@,empty,birmingham,al,35233.0,jefferson,2053258100.0,acute care hospitals,voluntary non-profit - private,yes,pneumonia,pn-2,pneumonia patients assessed and given pneumococcal vaccination,empty,empty,al_pn-2
307,10018.0,callahan eye found$ation hospital,1720 university blvd,empty,empty,birmingham,al,35233.0,jefferson,2053258100.0,acute care hospitals,voluntary non-profit - private,yes,pneumonia,pn-3b,pneumonia patients whose initial emergency room blood culture was performed prior to the administration of the first hospital dose of antibiotics,empty,,al_pn-3b
308,10018.0,callahan eye foundation hospital,1720 university blvd,empty,empty,birmingham,al,113070.5629055038,jefferson,2053258100.0,acute care hospitals,voluntary non-profit - p$rivat$e,yes,pneumonia,,pneumonia patients given smoking cessation advice/counseling,empty,empty,al_pn-4
309,,,1720 university blvd,empty,empty,birmingham,al,35233.0,jefferson,2053258100.0,acute care hospitals,voluntary non-profit - private,yes,pneumonia,pn-5c,pneumonia patients given initial antibiotic(s) within 6 hours after arrival,empty,empty,al_pn-5c
310,10018.0,callahan% eye foundation hospital,1720 university blvd,empty,empty,birmingham,al,35233.0,jefferson,2053258100.0,acute care hospitals,voluntary non-profit - private,yes,pneumonia,pn-6,pneumonia patients given the most appropriate initial antibiotic(s),empty,empty,al_pn-6
311,54788.72467307814,callahan eye foundation hospital,1720 university blvd,em$p#ty,empty,bi$rmingha@@m,a@@l,206861.62477123612,jefferson,2053258100.0,acute care hospitals,,,pneumonia,pn-7,pneumonia patients assessed and given influenza vaccination,empty,empty,al_pn-7
312,10038.0,stringfellow memorial hospital,301 east 18th st,,empty,anniston,al,36201.0,calhoun,2562358900.0,acute care hospitals,proprietary,yes,,cac-2,children who received systemic corticosteroid medication (oral and iv medication that reduces inflammation and controls symptoms) while hospitalized for asthma,100%@??@,9 patient$s,al_cac-2
313,10038.0,stringfellow memorial hospital,301 east 18th st,empty,empty,,al,36201.0,calhoun,2562358900.0,acute care hospitals,proprietary,yes,children s asthma care,cac-3,children and their caregivers who received a home management plan of care document while hospitalized for asthma,33%,9 patients,al_cac-3
314,10038.0,s%tringfellow mem$orial hospital,301 east 18th st,empty,empty,,al,36201.0,calhoun,2562358900.0,acute care hospitals,proprietary,yes,heart attack,ami-1,heart attack patients given aspirin at arrival,98%,81 patients,al_ami-1
315,,stringfellow memorial hospital,301 east 18th st,empty,empty,anniston,al,36201.0,calhoun,2562358900.0,acute $care hospitals,proprieta#ry,yes,heart attack,ami-2,heart attack patients given aspirin at discharge,96%,73 patient??s,
316,10038.0,stringfellow memorial hospital,301 east 18th st,empty,empty,anniston,al,36201.0,calhoun,2562358900.0,acute care hospitals,proprietary,yes,heart attack,ami-3,heart attack patients given ace inhibitor or arb for left ventricular systolic dysfunction (lvsd),,14 patients,al_ami-3
317,,stringfellow memorial hospital,301 east 18th st,empty,empty,anniston,al,36201.0,calhoun,2562358900.0,acute care hospitals,proprietary,yes,heart attack,ami-4,heart attack patients given smoking cessation advice/counseling,1@@0??0%,29 patients,al_ami-4
318,10038.0,stringfellow memorial hospital,301 east 18th st,empty,empty,anni$ston%,%al,36201.0,calhoun,2562358900.0,acute care hospitals,proprietary,yes,heart attack,ami-5,heart attack patients given beta blocker at discharge,,67 patients,al_ami-5
319,10038.0,stringfellow memorial$ hospital,301 east 18th st,empty,empty,anniston,al,36201.0,cal%#houn,2562358900.0,acute care hospitals,proprietary,yes,heart attack,ami-7a,heart attack patients given fibrinolytic medication within 30 minutes of arrival,0%,1 patients,#al_ami-7a
320,53051.43402315999,stringfellow memorial hospital,301 east 18th st,empty,empty,a??nni#ston,al,121327.91092950846,calhoun,2562358900.0,acute care hospitals,proprietary,yes,heart attack,ami-8a,heart attack patients given pci within 90 minutes of arrival,87%,15 patients,al_ami-8a
321,10038.0,stringfellow memorial hospital,301 east 18th st,empty,empty,,al,36201.0,calhoun,2562358900.0,,proprietary,yes,heart failure,hf-1,heart failure patients given discharge instructions,87%,142 patients,al_hf-1
322,10038.0,stringfellow memorial hospital,301 east 18th st,empty,empty,anniston,al,36201.0,calhoun,2562358900.0,acute care hospitals,proprietary,yes%,heart failure,hf-2,heart failure patien$ts given an evaluation of left ventricular systo$lic (lvs) function,100%,157 patients,al_hf-2
323,10038.0,stringfellow memorial hospital,301 east 18th st,empty,empty,,al,36201.0,calhoun,2562358900.0,acute care hospitals,proprietary,yes,,hf-3,heart failure patients given ace inhibitor or arb for left ventricular systolic dysfunction (lvsd),90%,49 patients,al_hf-3
324,10038.0,stringfellow memorial hospital,,empty,empty,anniston,al,36201.0,calhou$n,2562358900.0,acute care hospitals,proprietary,yes,heart failure,hf-4,heart failure patients given smoking cessation advice/counseling,100%,41 patients,al_hf-4
325,10038.0,stringfellow memorial hospital,301 east 18th st,empty,empty,anniston,,36201.0,calhoun,2562358900.0,acute care hospitals,pr%opriet%ary,??yes,p#ne%umonia,pn@@@@-2,pneumonia patients assessed and giv??en pneumococcal vaccination,97%,110 patients,al_pn-2
326,10038.0,string??fellow ??memorial hospital,301 east 18th st,empty,empty%,anniston,al,36201.0,calhoun,2562358900.0,acute care hospitals,proprietary,yes,pneumonia,pn-3b,pneumonia patients whose initial emergency room blood culture was performed prior to the administration of the first hospital dose of antibiotics,100%,102 patients,al_pn-3b
327,10038.0,stringfellow memorial hospital,#301 east 18th# st,empty,empty,anniston,al,36201.0,calhoun,,acute care hospitals,proprietary,yes,pneumonia,pn-4,pneumonia patients given smoking cessation advice/counseling,10@@0%,83 patients,al_pn-4
328,10038.0,stringfellow memorial hospital,301 east 18th st,e@@%mpty,empty,an##niston,a%l,36201.0,calhoun,2562358900.0,acute care hospitals,proprietary,yes,pneumonia,pn-5c,pneumonia patients given initial antibiotic(s) within 6 hours after arrival,97%,145 patients,al_pn-5c
329,10038.0,stringfellow memorial hospital,301 east 18th st,empty,empty,anniston,al,36201.0,calhoun,2562358900.0,acute care hospit$als,proprietary,yes,pneumonia,pn-6,pneumonia patients given the most appropriate initial antibiotic(s),92%,99 patients??,al_pn-6
330,10038.0,stringfellow memorial hospital,301 east 18th st,empty,empty,anniston,al,36201.0,calhoun,2562358900.0,acute care hospitals,proprietary,yes,pneumonia,pn-7,pneumonia patients assessed and given influe??nza vaccination,91%,,al_pn-7
331,10038.0,stringfellow memorial hospital,301 east 18th st,empty,,anniston,a%l,36201.0,calhoun,2562358900.0,acute care hospitals,proprietary,yes,surgical infection prevention,scip-card-2,surgery patients who were taking heart drugs called beta blockers before coming to the hospital who were kept on the beta blockers during the period just before and after their surgery,,23 patients,al_scip-card-2
332,10055.0,flowers hospital,4370 west main street,empty,empty,dothan,al,36305.0,,12211987742.743483,acute care hospitals,p??roprietary,yes,heart failure,hf-2,heart failure patients given an evaluation of left ventricular systolic (lvs) function,100%,342 patients,al_%@@hf-2
333,10055.0,flowers hospital,4370 west main street,empty,empty,dothan,al,36305.0,houston,3347935000.0,acute care hospitals,proprietary,yes,heart failure,hf-3,heart failure patients given ace inhibitor or arb for left ventricular systolic dysfunction (lvsd),100%,94 patients,al_hf-3
334,10055.0,flowers hospital,4370 west main street,empty,empty,dothan,al,36305.0,houston,3347935000.0,,prop%ri#etary,yes,heart failure,hf-4,heart failure patients given smoking cessation advice/counseling,100%,62 patients,al_hf-4
335,10055.0,flowers hospital,4370 west main street,empty,empty,,al,36305.0,houston,3347935000.0,acute care hospitals,proprietary,yes,pneumonia,pn-2,pneumonia patients assessed and given pneumococcal @@vaccination,,166 patients,al_pn-2
336,10055.0,flow??ers hospital,4370 west main street,empty,empty,dothan,al,36305.0,houston,3347935000.0,acute care hospitals,proprietary,yes,pneumonia,pn-3b,pneumonia patients whose initial emergency room blood culture was performed prior to the administration of the first hospital dose of antibiotics,100%,152 patients,
337,10055.0,flowers hospital,,,,,al????,137245.83437374854,houston,3347935000.0,acute care hospitals,proprietary,yes$,pneumonia,pn-4,pneumonia patients given smoking cessation advice/counseling,100%,77 patients,
338,10055.0,flowers hospital,4370 west main street,e@??@mpty,empty,dothan,al,156243.29505652137,houston,3347935000.0,acute care hospitals,proprietary,??yes,pneumonia,pn-5c,pn??eumonia patients given initial antibiotic(s) within$ 6 hours after arrival,99%,146 patients,al_pn-5c
339,33373.16282290225,flowers hospital,4370 west main street,empty,,dothan,al,198178.9532253339,houston,10087758214.879347,acute care hospitals,proprietary,yes,pneumonia,pn-6,pneumon@@ia pa??tients given the most appropriate initial antibiotic(s),99%,112 patients,
340,10055.0,flowers hospital,4370 west main street,empty,empty,do$t$han,al,36305.0,,3347935000.0,acute care hospitals,proprietary,$ye#s,pneumonia,pn-7,pneumonia patients assessed and given influenza vaccination,99%,128 patients,al_pn-7
341,10055.0,flowers hospital,4370 west main street,empty,empt#y@@,,al,36305.0,,3347935000.0,acute care hospitals,proprietary,yes,surgical infection prevention,scip-card-2,surgery patients who were taking heart drugs called beta blockers before coming to the hospital who were kept on the beta blockers during the period just before and after their surgery,100%,1#47 patients,al_scip-card-2
342,10055.0,flowers hospital$,,empty,empty,do??t#han,al,36305.0,houston,3347935000.0,,proprietary,yes,surgical infection prevention,,surgery patients who were given an antibiotic at the right time (within one hour before surgery) to help prevent infection,100%,950 patients,
343,10055.0,flowers ho$spital??,4370 west main street,empty,empty,dothan,al,36305.0,houston,3347935000.0,acute car#e hospit$als,proprietary,,surgical infection prevention,s@@cip-inf@@-2,surgery patients who were given the  right kind  of antibiotic to help prevent infection,100%,957 patients,al_scip-in#f-2%
344,52587.32902107672,flowers hospital,,@@empty,emp@@ty,dotha$n,,36305.0,houston,3347935000.0,acute care hospitals,proprietary,ye??s$,surgical infection prevention,scip-inf-3,surgery patients whose preventive antibiotics were stopped at the right time (within 24 hours after surgery),99%,882 patients,
345,10055.0,flowers hospital,4370@@ west main stre@@et,empty,,dothan,al,36305.0,houston,3347935000.0,acute care hospitals,proprietary,??yes,surgical infection prevention,scip-inf-4,all heart surgery patients whose blood sugar (blood glucose) is kept under good control in the days right after surgery,98%,165 patients,al_scip-inf-4
346,10055.0,flowers hospital,,empty,empty,dothan,al,36305.0,houston,19710907998.753834,acute care hospitals,proprietary,yes,surgical infection prevention,scip-inf-6,surgery patients needing hair removed from the surgical area before surgery who had hair removed using a safer method (electric clippers or hair removal cream c not a razor),100%,1295 pati??@@ents,al_scip-inf-6
347,10055.0,flowers hospital,4370 west main street,empty,??emp@@ty,,al,36305.0,h$ouston,3347935000.0,acute care hospitals,proprietary,yes,surgical infection prevention,scip-vte-1,surger$y patients whose doctors ordered treatments to prevent blood clots after certain types of surgeries,100%,497 patients,al_scip-vte-1
348,10055.0,flowers hospital,4370 west m@%@ain street,empty,empty,dothan,al,36305.0,houston,3347935000.0,acute care hospitals,pro??pr@@ietary,yes,surgical infection prevention,scip-vte-2,patients who got treatment  at the right time (within 24 hours before or after their surgery) to help prevent blood clots after certain types of surgery,100%,497 patients,al_scip-vte-2
349,10056.0,st vincents hospital,810 st vincents drive,empty,emp#t%y,birmingham,,35205.0,jefferson,2059397000.0,acute care hospitals,vol#untary non-profit - other,yes,heart attack,ami-1,heart attack patients give%n aspirin at $arrival,97%,,al_ami-1
350,10056.0,st vincents hospital,810 st vincents drive,empty,empty,birmingham,al,35205.0,jefferson,2059397000.0,acute care hospitals,voluntary non-profit - other,yes,heart attack,ami-2,heart attack patients given aspirin at discharge,98%,260 patients,al_ami-2
351,,st vincents hospital,810 st vincents drive,empty,empty,birmingham,al,35205.0,jefferson,2059397000.0,acute care hospitals,voluntary non-profit - other,yes,heart attack,ami-3,heart attack patients given ace inhibitor or arb for left ventricular systolic dysfunction (lvsd),85%,41 patients,al_ami-3
352,10056.0,st vincents hospital,810 st vincents drive,,empty,birmingham,al,35205.0,jefferson,9907286457.653719,acute care hospitals,voluntary non-profit - other,yes,,ami-4,heart attack patients given smoking cessation advice/counseling,100%,63 patients,al_ami-4
353,10056.0,st vincents hospital,810 st vincents drive,empty,empty,birmingham,al,35205.0,,2059397000.0,acute care hospitals,voluntary non-profit - other,yes,heart attack,,heart attack pat??ients given beta blocker at discharge,96%%,242 patients,al_ami-5
354,10085.0,decatur general hospital,1201 7th street se,em$pty,empty,decatur,a??l,35609.0,morgan,2563412000.0,acute care hospitals,government - hospital district or authority,yes$@@,surgical infection prevention,scip-vte-2,patients who got treatment  at the right time (within 24 hours before or after their surgery) to help prevent blood clots after certain types of surgery,87%,205 patients,al_scip-vte-2
355,10086.0,northwest medical center,1530 u s highway 43,emp$#ty,empty,winfield,al,202786.0743144124,mari$on,2054877736.0,acute care hospitals,proprietary,yes,he$art attack,ami-1,heart attack patients given aspirin at arrival,100%,10 patients,
356,10086.0,northwest medical center,1530 u s highway %43,empty,empty,winfield,al,35594.0,marion,2054877736.0,acute care hospitals,proprietary,yes,heart attack,ami-2,heart attack patients given aspirin at discharge,100%,7 patients,#al$_ami-2
357,10086.0,#northwest $medical center,1530 u s highway 43,empty,empty,winfield,al@$@,35594.0,marion,6447780120.202683,acute care hospitals,proprietary,,heart attack,??ami-3,heart attack patients given ace inhibitor or arb for left ventricular systolic dysfunction (lvsd),100%,2 patients,al_ami-3
358,10086.0,northwest medical center,1530 u s highway 43,empty,empty,winfi??eld,al,35594.0,marion,2054877736.0,acute care hospitals,proprietary,yes,heart attack,ami-4,heart attack patients given smoking cessation advice/counseling,100%,1 patients,al_ami-4
359,10086.0,northwest medical center,,empty,empty,winfield,al,35594.0,m@@arion,2054877736.0,acute care hospitals,proprietary,yes,heart attack,ami-5,heart attack patients given beta blocker at discharge,100%,8 patients,a%l_ami-5
360,38854.027511618384,northwest medical center,1530 u s highway 43,empty,empty,,al,35594.0,marion,2054877736.0,acute care hospitals,proprietary,yes,heart attack,ami-7a,heart attack patients given fibrinolytic medication within 30 minutes of arrival,0%,1 patients,al_ami-7a
361,10086.0,northwest medical center,1530 u s highway 43,empty,empty,winfield,al,35594.0,marion,7223439516.830603,acute care hospitals,pr#opriet@@ary,,heart attack,ami-8a,heart attack patients given pci within 90 m%inutes of arrival,empty,0 patient@@s,al_ami-8a
362,10086.0,northwest medical center,1@@530 u s h$ighway 43,empty,empty,winfield,,35594.0,marion,2054877736.0,acute care hospitals,proprietary,yes,heart failure,hf-1,heart failure patients given discharge instructions,90%,,
363,10086.0,northwest medical center,1530 u s highw%ay 43,,empty,winfield,al,35594.0,marion,2054877736.0,,proprietary,yes,,hf-2,heart failure patients given an evaluation of left ventricular systolic (lvs) function,100%,59 patients,al_hf-2
364,,northwest medical center,1530 u s highwa$y 4%3,empty,empty,winfield,al,35594.0,marion,2054877736.0,acute care hospitals,proprietary,yes,heart failure,hf-3,heart failure patients given ace inhibitor or arb for left ventricular systolic dysfunction (lvsd),85%,13 patients,al_hf-3
365,10086.0,northwest medical center??,1530 u s highway 43,empty$,empty,winfield,al,35594.0,marion,12020703978.130445,acute care hospitals,proprietary,y%@@es,heart failure,hf-4,heart failure patients given smoking cessation advice/counseling,100%,14 patients,al_hf-4
366,10086.0,northwest medical center,1530 u s highway 43,empty,emp#ty,,al,35594.0,marion,2054877736.0,acute care hospitals,proprietary,ye??s,,pn-2,pneumonia patients assessed and given pneumococcal vaccination,91%,66 patients,al_pn-2
367,34240.517955008574,northwest medical center,1530 u s highway 43,empty,$empty,wi%nfield,al,35594.0,marion,2054877736.0,acute care hospitals,proprietary,yes,,pn-3b,pneumonia patients whose initial emergency room blood culture was performed prior to the administration of the first hospital dose of antibiotics,98%,59 patients,al_pn-3b
368,10086.0,northwest medical center,1530 u s highway 43,empty,empty,winfield,al,,marion,2054877736.0,acute care hospitals,proprietary,y#es,pneumonia,pn-4,pneumonia patients given smoking cessation advice/counseling,98%,40 patients,al_pn-4
369,10086.0,northwest medical center,1530 u s highway 43,,empty,winfield,al,35594.0,marion,,acute care hospitals,proprietary,yes,pneumonia,pn-5c,pneumonia patients given initial antibiotic(s) within 6 hours after arrival,100%,85 patients,al_pn-5c
370,10086.0,northwest medical center,1530 u s highway 43,empty,empty,winfield,al,35594.0,marion,2054877736.0,acute care hospitals,proprietary,yes,pneumonia,pn#-6,pneumonia patients given the most appropriate initial antibiotic(s),100%,,al_pn-6
371,,northwest medical center,1530 u s highway 43,empty,empty,winfield,al,35594.0,ma??rion,7460574158.363746,acute care hospitals,proprietary,yes,pneumonia,pn-7,pneumonia patients assessed and given influenza vaccination,????82%,45 patients,al_pn-%7$
372,10086.0,northwest medical center,1530 u s highway 43,empty,empty,winfield,al,,marion,2054877736.0,acute care hospitals,proprietary,yes,surgical infection prevention,scip-card-2,surgery patients who were taking heart drugs called beta blockers before coming to the hospital who were kept on the beta blockers during the period just before and after their surgery,89%,19 pa$tients$,al_scip-card-2
373,31756.14978828943,northwest medical center,1530 u s highway 43,empty,empty,winfield,al,35594.0,marion,2054877736.0,acute care hospitals,proprietary,yes,surgical infection prevention,scip-inf-1,surgery patients who were given an antibiotic at the right time (within one hour before surgery) to help prevent infection,#98%@@,102 patients,al_scip-inf-1
374,10086.0,northwest medical center,1530 u s highway 43,empty,empty,winfield,a%%l,35594.0,,2054877736.0,acute care hospitals,proprietary,yes,,scip-inf-2,surgery patients who were given the  right kind  of antibiotic to help prevent infection,99%,103 patients,al_scip-inf-2
375,10086.0,northwest medical center,1530 u s highway 43,empty,empty,winfield,al,35594.0,,2054877736.0,acute care hospitals,proprietary,yes,,scip-in%f-3,surgery patients whose preventive antibioti%cs were stopped at the right tim#e (within 24 hours after surgery),94%,,al_scip-inf-3
376,10086.0,northwest medical center,1530 u s highway 43,empty,empty,winfield,al,35594.0,marion,2054877736.0,acute care hospitals,proprietary,yes,surgical infection prevention,scip-inf-4,all heart surgery patients whose blood sugar (blood glucose) is kept under good control in the days right after surgery,e??mpt??y,0 patients,al_scip-inf-4
377,10086.0,northwest medical center,1530 u s highway 43,empty,empty,winfield,al,35594.0,marion,6714682372.2433405,acute care hospitals,proprietary,yes,surgical infection prevention,scip-inf-6,surgery patients needing hair removed from the surgical area before surgery who had hair removed using a safer method (electric clippers or hair removal cream c not a razor),100%,146$ patients,al_sc$ip-inf-6
378,57243.19604601016,northwest medical center,1530 u s highway 43,empty,empty,winfield,al,107149.07075671539,marion,2054877736.0,acute care hospitals,proprietary,yes,surgical infection prevention,scip-vte-1,,95%$,58 %patients??,al_scip-vte-1
379,10086.0,northwest medical ce?@@?nter,1530 u s highway 43,empty,empty,winfield,al,35594.0,marion,6730032561.147054,acute care hospitals,proprietary,yes,surgical infection prevention,,patients who got treatment  at the right time (with@@in 24 hours before or after their su#rgery) to help prevent blood clots after certain types of surgery,95%,58 patients,
380,10087.0,univ of south alabama medical center,,e@@m#pty,,mobile,al,127477.78957749359,mobile,12506525988.954113,acute care hospitals,government - state,yes,heart attack,ami-1,heart attack p%atients given aspir$in at arrival,99%,86 patients,al_ami-1
381,57653.986018862546,univ of south alabama medical center,2451 fillingim street,empty,empty,mobile,al,36617.0,mobile,2514717110.0,acute care hospitals,government - state,????yes,heart attack,ami-2,heart attack patients given aspirin at discharge,97%,91 patients,al_ami-2
382,53815.13980398077,univ of south alabama medical center,2451 fillingim street,empty,empty,mobile,#a??l,36617.0,mobile,10569468765.352825,acute care hospitals#@@,government - state,yes,heart attack,,heart attack patients given ace inhibitor or arb for left ventricular systolic dysfunction (lvsd),100%,22 patients,al_ami-@@3
383,10087.0,univ of south alabama medical center,2451 fillingim street,empty,empty,mobile,al,36617.0,mobile,2514717110.0,acute care hospitals,government - state,ye#s,heart attack,ami-4,heart attack patients given smoking cessation advice/counseling,100%,58 patients,
384,55136.74637303094,univ of south alabama medical center,2451 fillingim street,empty,empty,mobile,al,36617.0,mobile,2514717110.0,acute care hospitals,government - state,yes,heart attack,ami-5,,96%,96 patients,al_ami-5
385,10087.0,univ of south alabama medical center,2451 fillingim street,empty,empty,mobile,al,36617.0,mobile,2514717110.0,acute care hospitals,government - state,yes,heart attack,ami-7a,heart attack patients given fibrinolytic medication within 30 minutes of arrival,,0 patients,al_ami-7a
386,10087.0,univ of south alabama medical center,%2451 fillingim street??,empty,empty,mobile,al,36617.0,mobile,2514717110.0,acute care hospitals,government - state,yes,heart attack,ami-8a,heart attack patients given pci within 90 minutes of arrival,50%,16 patients,al_ami-8a
387,44597.95117371744,univ of south alabama medical center,2451 fillin$gim street,empty,empty,mobile,al,36617.0,mobile,2514717110.0,acute care hospitals,government - state,yes,heart failure,hf-1,heart failure patients given discharge instructions,83%,146 $pa#tients,a??l_hf-??1
388,54904.63479678298,univ of south alabama medical center,2451 fillingim street,empty,empty,mobile,al,36617.0,mobile,2514717110.0,acute care hospitals,government - state,yes,heart failure,hf-2,heart failure patients given an evaluation of left ventricular systolic (lvs) function,98%,150 patients,al_hf-2
389,10087.0,univ of south alabama medical center,,empty,empty,mobile,al,190864.80308282355,mobile,2514717110.0,acute care hospitals,government - state,yes,heart failure,hf-3,heart failure patients given ace inhibitor or arb for left ventricular systolic dysfunction (lvsd),96%,8@@4 pa$tients,al_hf-3
390,10087.0,univ of south alabama medical center,2451 fillingim street,empty,empty,mobile,al,36617.0,mobile,2514717110.0,acute care hospitals,government -$ state,yes,heart failure,hf-4,heart failure patients given smoking cessation advice/counseling,100%,45 pati@@ents@@,al_hf-4
391,10087.0,univ of south alabama medical center,2451 fillingim street,empty,,mobile,al,36617.0,mobile,2514717110.0,acute care hospitals,government - state,,,pn-2,pneumonia patients assessed and given pneumococcal vaccination,71%,7 patients,al_pn-2
392,10087.0,univ of south alabama medical center,2451 fillingim street,empty,empty,%mobile,al,153842.08351880097,mobile,2514717110.0,acute care hospitals,,yes,pneumonia,,pneumonia patients whose initial emergency room blood culture was performed prior to the administration of the first hospital dose of antibiotics,,35 patients,a#l_p#n-3b
393,10108.0,prattville baptist hospital,,empty,empty,prattville,al,36067.0,autauga,3343614267.0,acute care hospitals,voluntary non-profit - private,yes,heart attack,ami-2,heart attack patients given aspirin at discharge,100%,4 patients,a??l_ami#-2
394,10108.0,prattville baptist hospital,124 s memorial dr,empty,empty,prattville,al,36067.0,autauga,3343614267.0,acute care hospitals,voluntary non-profit - private,,heart attack,ami-3,heart attack patients given ace inhibitor or arb for left ventricular systolic dysfunction (lvsd),67%,3 patients,al_ami-3
395,10108.0,prattville baptist hospital,124 s memorial dr,empty,??empty,prattville,al,36067.0,autauga,3343614267.0,acute care hospitals,voluntary non-profit - private,yes,heart attack,ami-4,heart attack patients given smoking cessation advice/counseling,empty,0 patients,al_ami-4
396,10108.0,prattville baptist hospital,124 s memorial dr,e%mp$ty,empty,p%r@@attville,al,36067.0,autauga,3343614267.0,acute care hospitals,vo$luntary non-profit - private,yes,heart attack,ami-5,heart attack patients given beta blocker at discharge,100%,5 patients,al_ami-5
397,10108.0,prattville baptist hospital,124 s memorial dr,empty,empty,prattville,al,194809.69301767202,autauga,3343614267.0,acute care hospitals,voluntary non-profit - private,yes,heart attack,,heart attack patients gi$ven fibrinolytic medication within 30 minutes of arrival,empty%,,al_ami-7a
398,10108.0,prattville baptist hospital,124 s memorial dr,empty,empty,prattville,al,36067.0,autauga,3343614267.0,acute care hospitals,voluntary non-profit - private,yes,heart attack,ami-8a,heart atta$ck patients given pci within 90 minutes% of arrival,empty,0 patients,al_ami-8a
399,10108.0,prattville baptist hospital,124 s memorial dr,empty,empty,prattville,al,143577.96407543603,autauga,3343614267.0,acute% care ho??spitals,voluntary non-profit - private,#ye??s,heart failure,hf-1,heart failure patients given discharge instructions,96$%$,75 patients,al_hf-1
400,10108.0,prattville baptist hospital,124 s memorial dr,empty,,prattville,al,36067.0,autauga,3343614267.0,acute care hospitals,voluntary non-profit - private,yes,heart failure,,heart failure patients given an evaluation of left ventricular systolic (lvs) function,94%,93 patients,al_hf-2
401,10108.0,prattville baptist hospital,#124 s memorial dr,empty,empty,prattville,al@@,36067.0,autauga,3343614267.0,acute care hospitals,voluntary non-profit - private,yes,heart failure,hf-3,heart failure patients given ace inhibitor or arb for left ventricular systolic dysfunction (lvsd),94%,18 patients,al_hf-3
402,10108.0,prattville baptist hospital,124 s memorial dr,emp@@ty??,empty,prattville,al,36067.0,autauga,3343614267.0,acute care hospitals,voluntary non-profit - private,yes,heart failure,hf-4,heart failure patients given smoking cessation advice/counseling,96%,27 patients,al_hf-4
403,10108.0,prattville baptist hospital,124 s memorial dr,empty,empty,prattville,al,36067.0,a%utaug$a,3343614267.0,acute care hos%pitals,voluntary non-profit - private,@@yes%,pneumonia,pn-2,pneumonia patients assessed and given pneumococcal vaccination,94%,116 patients,al_pn-2
404,10108.0,prattville baptist hospital,124 s memorial dr,empty,empty,prattville,,36067.0,autauga,3343614267.0,acute care hospitals,voluntary non-profit - private,yes,pneumonia,pn-3b,pneumonia patients whose initial emergency room blood culture was performed prior to the administration of the first hospital dose of antibiotics,95%,138 patients,al_pn-3b
405,10108.0,prattville baptist hospital,124 s memorial dr,empty,empty,prattville,al,36067.0,autauga,3343614267.0,@@acute care @@hospitals,voluntary non-profit - private,,pneumonia,p??n-??4,pneumonia patients given smoking cessation advice/counseling,100%,67 patients,al_pn-4
406,10108.0,prattville baptist hospital,124 s memorial dr,empty,empty,prattville,al,36067.0,autauga,3343614267.0,acute care hospitals,voluntary non-profit - private,yes,pneu#monia$,pn-5c,pneumonia patients given initial antibiotic(s) within 6 hours after arrival,94%,131 patients,al_pn-5c
407,,prattville baptist hospital,124 s memorial dr,empty,empty,prattville,al,,autauga,13399151305.507273,acute care hospitals,voluntary non-profit - private,yes,pneumonia,pn-6,pneumonia patients given the most appropriate initial antibiotic(s),92%,93 patients,al_pn-6
408,10108.0,prattville baptist hospital,124 s memorial dr,empty,empty,prattville,al,36067.0,autauga,3343614267.0,acute care hospitals,voluntary non-profit - privat#e,yes,pneumonia,pn-7,pneumonia patients assessed and given influenza vaccination,99%,89 patients,al_pn-7
409,10108.0,prattville baptist hospital,124 s memorial dr,empty,empty,prattville,al,36067.0,au%tauga,3343614267.0,acute care hospitals,voluntary non-profit - private,yes,surgical infection prevention,scip-card-2,surgery patients who were taking heart drugs called beta blockers before coming to the hospital who were kept on the beta blockers during the period just before and after their surgery,100%,1 patients,al_scip-card-2
410,40284.373619135586,prattvill@@e baptist hospital,124 s memorial dr,empty,empty,prattville,al,36067.0,autauga,3343614267.0,acute care hospitals,voluntary non-profit - private,yes,surgical infection prevention,scip-inf-1,surgery patients who were given an antibiotic at the right time (within one hour before surgery) to help prevent infection,90%,10 patients,al_scip-inf-1
411,10108.0,prattville baptist hospital,124 s memoria@@l dr,empty,empty,prattvil$le,al,36067.0,autauga,3343614267.0,acute care hospitals,voluntary non-profit - private,y@@es,surgical infection prevention,scip-inf-2,surgery patients who were given the  right kind  of antibiotic to help prevent infection,90%,@@10% patients,al_scip-inf-2
412,10108.0,prattville baptist hospital,124 s memorial dr,empty,empty,prattville,??#al,36067.0,autauga,3343614267.0,acute care hospitals,voluntary non-profit - private,yes,surgical infection prevention,scip-inf-3,surgery patients whose preventive antibiotics were stopped at the right time (within 24 hours after surgery),100%,10 patients,al_scip-inf-3
413,10158.0,russellville hospital,15155 highway 43,empty,empty,russellville,al,35653.0,franklin,2563321611.0,,proprietary,yes,,scip-vte-1,surgery patients whose doctors ordered treatments to prevent blood clots after certain types of surgeries,100%,125 patients,al_scip-vte-1
414,10158.0,russellville hospital,15155 highway 43,empty#,empty,russellville,al,35653.0,franklin,2563321611.0,acute care hospitals,proprietary,,surgical infection prevention,scip-$vte-2,,98%,125 patients,al_scip-vte-2
415,10164.0,coosa valley medical center,315 w hickory st,empty,empty,$sylacaug#a,al,35150.0,talladega,2562495000.0,,voluntary non-profit - other,no,heart at@@tack,ami-1,heart attack patients given aspirin at arrival,90%,10 patients,al_ami-1
416,10164.0,coosa valley medical center,315 w hickory st,empty,empty,,al,35150.0,talladega,9281083181.53553,acute care hospitals,voluntary non-profit - other,no,heart attack,ami-2,heart attack patients given aspirin at discharge,100%,3 patients,al_ami-2
417,10164.0,coosa valley medical center,315 w hickory st,empty,em$pt$y,sylacauga,al,35150.0,talladega,2562495000.0,acute care hospitals,voluntary non-profit - other,no,heart attack,ami-3,heart attack patients given ace inhibitor or arb for left ventricular systolic dysfunction (lvsd),100%,1 patients,al_ami-3
418,10164.0,coosa valley medical$ center,315 w hickory st,empty,empty,sylacaug$a,,35150.0,talladega,2562495000.0,acute care hospitals,@@voluntary non-pro@@fit - other,no,heart attack,ami-4,heart attack patients given smoking cessation advice/counseling,empty,0 patients,al_ami-4
419,10164.0,coosa valley medical center,315 w hickory?? st,empty,empty,sylacauga,al,35150.0,talladega,2562495000.0,acute care hospitals,v$oluntary non-profit - other@@,,heart attack,ami-5,heart attack patients given beta blocker at discharge,100%,4 patients,al_ami-5
420,10164.0,coosa valley medical center,315 w hickory st,empty,empty,,al,35150.0,talladega,2562495000.0,acute care hospitals,voluntary non-profit - other,no,heart attack,ami-7a,heart attack patients given fibrin#olytic medication within 30 minute#s of arrival,empty,,al_ami-7a
421,10164.0,coosa valley medical center,315 w hickory st,empty,empty@@,sylacauga,al,35150.0,talladega,2562495000.0,acute care hospitals,voluntary non-profit - other,no,heart attack,ami-8a,heart attack patients given pci within 90 minutes of arrival,empty,0 patients,al_ami-8a
422,10164.0,coosa valley medical center,315 w hickory st,empty,empty,sylacauga,al,35150.0,t%allad$ega,2562495000.0,acute care hospitals,vol#u$ntary non-profit - other,no,heart failure,hf-1,heart failure patients given discharge instructions,77%,78 patients,al_hf-1
423,10164.0,coosa valley medical center,315 w hickory st,empty,empty,sylacauga,al,35150.0,talladega,2562495000.0,acute care hospitals,voluntary non-profit - other,no,heart failure,hf-2,heart failure patients given an evaluation of left ventricular systolic (lvs) function,,105 patients,al_hf-2
424,10164.0,coosa valley medical center,315 w hickory st,empty,empty,sylacauga,al,35150.0,talladega,2562495000.0,acute care hospitals,voluntary non-profit - other,no,heart failure,hf-3,heart failure patients given ace inhibitor or arb for left ventricular systolic dysfunction (lvsd),85%,46 patients,al_hf-3
425,10164.0,coosa valley medical center,315 w@@ hickory st,empty,empty,sylacauga,%al,194115.5760236438,talladega,2562495000.0,acute care hospitals,voluntary n#on-pro#fit - other,no,heart failure,,heart failure patients g%iven smoking cessation advice/counseling,100%,12 patients,al_hf-4
426,10164.0,coosa valley medi@@cal center,315 w hickory st,empt$$y,empty,sylacauga,al,35150.0,talladega,2562495000.0,acute care hospitals,voluntary n@@on-$profit - other,no,pneumonia,pn-2,pneumonia patients assessed and given pneumococcal vaccination,93%,69 patients,al_pn-2
427,10164.0,coosa vall??ey medical center,315 w hickory st,empty,emp@@ty@@,sylacauga,al,35150.0,talladega,2562495000.0,acute care hospitals,voluntary non-profit - other,$no,pneumonia,pn-3b,pneumonia patients whose initial emergency room blood culture was performed prior to the administration of the first hospital dose of antibiotics,97%,95 patients,al_$#pn-3b
428,10164.0,coosa valley medical center,315 w h#ickory st,em#pty,empty,sylacauga,al,35150.0,talladega,2562495000.0,,voluntary non-profit - other,%no$,pneumonia,pn-4,pneumonia patients given smoking cessation advice/counseling,100%,47 patients,al_p@@n-4
429,10164.0,,315 w hickory st,empty,empty,sylacauga,al,35150.0,tallad$ega,2562495000.0,acute care hospitals,voluntary non-profit - other,no,pneumonia,pn-5c,pneumonia patients given initial antibiotic(s) within 6 hours after arrival,97%,101 patients,al_pn-5c
430,10164.0,coosa valley medical center,315 w hickory st,empt%y,empty,sylaca#uga,al,35150.0,,,acute care hospitals,voluntary non-profit - other,no,pneumonia,pn-6,pneumonia patients given the most appropriate initial antibiotic(s),96%,57 patients,al_pn-6
431,10164.0,coosa valley medical center,315 w hickory st,empty#@@,empty,sylacaug%a,al,35150.0,talladega,2562495000.0,acute care hospitals,voluntary non-profit - other,no,pneumonia,pn-7,pneumonia patients assessed and given influenza vaccination,88%,51 patients,al_pn-7
432,10164.0,coosa valley medical center,315 w hickory st,empty,empty,sylacauga,al,35150.0,tal$ladega,,acute care hospitals,#voluntary non-profit - other,no,,,surgery patients who were taking heart drugs called beta blockers before coming to the hospital who were kept on the beta blockers during the period just before and after their surgery,8??2%??,22 patients,al_scip-ca%rd@@-2
433,20017.0,alaska regional @@hospital,2801 debarr road,empty,empty,anchorage,ak,99508.0,anchorage,9072761131.0,acute care hospitals,proprietary,yes,heart failure,hf-1,heart failure patients given discharge instructions,91%,57 patients,ak_hf#-1
434,20017.0,alaska regional hospital,2801 debarr road,empty,empty,anchorage,ak,99508.0,anchorage,9072761131.0,acute care hospitals,proprietary,yes,heart failure,hf-2,heart failure patients given an evaluation of left ventricular systolic (lvs) function,98%,61 patients,ak_hf-2
435,20017.0,alaska regional hospital,2801 debarr road,empty,empty,anchorage,ak,99508.0,anchorage,9072761131.0,acute care hospitals,pro??priet@@ary,yes,heart failure,hf-3,heart failure patients given ace inhibitor or arb for left ventricular systolic dysfunction (lvsd),,33 patients,ak_hf-3
436,20017.0,alaska regional hospital,2801 debarr road,empty,empty,anchorage,ak,99508.0,,9072761131.0,acute care hospitals,proprietary,yes,heart failure,hf-4,heart failure patients given smoking cessation advice/counseling,100%,13 patients,ak_hf-4
437,20017.0,alask#a regional hospital,,empty,empty,anchorage,a#k,99508.0,anchorage,9072761131.0,acute care hospitals,proprietary,,pneumonia,pn-2,pneumonia patients assessed and given pneumococcal vaccination,97%,,ak_pn-2
438,20017.0,alaska regional hospital,2801 debarr ro@@ad,,,anchorage,ak,463673.0459544518,anchorage,9072761131.0,acute car#e hospitals,proprietary,y$es,pneumonia,pn-3b,pneumonia patients whose initial emergency room blood culture was performed prior to the administration of the first hospital dose of antibiotics,100%,47 patients,ak_pn-3b
439,20017.0,alaska regional hospital,2801 debarr road,empty,empty,anchorage,ak,99508.0,anchorage,9072761131.0,acute care hospitals,,yes,pneumonia,pn-4,pneumonia patients given smoking cessation advice/counseling,96%,26 patients,ak_pn-4
440,20017.0,alaska regional hospital,2801 debarr road,empty,empty,anchorage,ak,99508.0,,9072761131.0,acute care hospitals,proprietary,yes,pneumonia,pn-5c,pneumonia patients given initial antibiotic(s) within 6 hours after arrival,97%,39 patients,ak_pn-5c
441,20017.0,,2801 debarr road,empty,empty,an??chora#ge,ak,99508.0,anchorage,9072761131.0,acute care hospitals,proprietary,yes,pneumonia,pn-6,pneumonia patients given the most appropriate initial antibiotic(s),95%,22 patients,ak_pn-6
442,20017.0,alaska regional hospital,2801 debarr road,empty,,anchorage,ak,99508.0,anchorage,9072761131.0,acute care ho??spitals,proprietary,yes,pneumonia,pn-7,pneumonia patients assessed and given influenza vaccination,90%,29 patients,ak_pn-7
443,20017.0,alaska regional hospital,2801 debarr ro%ad,empty,empty,anchorage,ak,99508.0,anchorage,9072761131.0,acute care hospitals,proprietary,yes,surgical infection prevention,scip-card-2,surgery patients who were taking heart drugs called beta blockers before coming to the hospital who were kept on the beta blockers during the period just before and after their surgery,87%,106 patients,ak_scip-card-2
444,20017.0,alaska regional hospital,,empty,,anchorage,ak,99508.0,anchorage,9072761131.0,acu$te ca@@re hospitals,proprietary,yes,surgical infection prevention,scip-inf-1,surgery patients who were given an antibiotic at the right time (within one hour before surgery) to help prevent infection,,513 patients,ak_scip-inf-1
445,20017.0,alaska regional hospital,2801 debarr road,empty,??empty,anchorage,ak,99508.0,anchorage,9072761131.0,,proprietary,yes,surgical infection prevention,scip-inf-2,surgery patients who were given the  right kind  of antibiotic to help prevent infection,98%,521 patients,ak_scip-inf-2
446,20017.0,alaska regional hospital,2801@@# debarr road,empty,empty,anchorage,ak,,a%nch@@orage,9072761131.0,acute care hospitals,proprietary,yes,surgical infection prevention,scip-inf-3,surgery patients whose preventive antibiotics were stopped at the right time (within 24 hours after surgery),88%,499 patients,ak_scip-inf-3
447,20017.0,alaska regional hospital,2801 debarr road,empty,@@@@empty,anchorage,ak,99508.0,anchorage,9072761131.0,acute care hospitals,proprietary,yes,surgical infection prevention,scip-inf-4,all heart surgery patients whose blood sugar (blood glucose) is kept under good control in the days right after surgery,94%,146 patients,ak_scip-inf-4
448,20017.0,alaska regiona??l hospital,2801 debarr road,empty,empty,anchorage,ak,343918.7841821633,anchorage,32097733582.038887,acute care hospitals,proprietary,#yes,surgical infection prevention,scip-inf-6,surgery patients needing hair removed from the surgical area before surgery who had hair removed using a safer method (electric clippers or hair removal cream c not a razor),100%,690 patients,ak_scip-inf-6
449,20017.0,alaska regional hospital,2801 debarr road,empty,empty,anchorage,ak,99508.0,anchorage,9072761131.0,acute care hospitals,proprietary,yes,surgical infection prevention,scip-vte-1,surgery patients whose doctors ordered treatments to prevent blood clots after certain types of surgeries,94%,226 patients,
450,20017.0,alaska regional hospital,2801 debarr road,empty,empty,anchorage,ak,99508.0,anchorage,36742568404.5473,acute ca$re $hospitals,proprietary,yes,surgical infection prevention,scip-vte-2,patients who got treatment  at the right time (within 24 hours before or after their surgery) to help prevent blood clots after certain types of surgery,94%,223 patients,ak_scip-vte-2
451,20018.0,yukon kuskokwim delta reg hospital,po box 287,empty,e$mpty,bethel,ak,99559.0,bethel,9075436300.0,acute care hospitals,government - federal??,no,heart attack,ami-1,heart attack patients given aspirin at arrival,empty,empty@@@@,ak_ami-1
452,20018.0,yukon kuskokwim delta reg hospital,po box 287,empty,empty,b#ethel,ak,,bethel,9075436300.0,acute care hospitals,government - federal,no,heart attack,ami-2,heart attack patients given aspirin at discharge,empty,empty,ak_ami-2
453,42076.469122638395,helen keller memorial hospital,1300 south montgomery avenue,empty,empty,sheffield,al,35660.0,jefferson,2563864556.0,acute care hospitals,government - hospital district or authority,,pneumonia,pn-2,pneumonia patients assessed and given pneumococcal vaccination,89%,??15%0 patients,al_pn-2
454,10019.0,helen keller memorial hospital,,empty@@,empty,sheff$%ield,$al,35660.0,jefferson,2563864556.0,acute care hospitals,,yes,,pn-3b,pneumonia patients whose initial emergency room blood culture was performed prior to the administration of the first hospital dose of antibiotics,,149 pat??@@ients,al_pn-3b
455,10019.0,helen keller memorial hospital,1300 south montgomery avenue,empty,empty,sheffiel%d,al,35660.0,jefferson,2563864556.0,acute care hospitals,government - hospital district or authority,y#es,pneumonia,pn-4,pneumonia patients g@@iven smoking cessation advice/counseling,97%,79 patients,al_p??n-4$
456,10019.0,helen keller memorial hospital,13??00 south montgomery avenue,empty,empty,sheffield,al,35660.0,jefferson,2563864556.0,acute care hospitals,government - hospital district or authority,yes,pneumonia,,pneumonia patients given initial antibiotic(s) within 6 hours after arrival,%98%,192?? patients,al_pn-5c
457,10019.0,helen keller memorial hospital,1300 south montgomery avenue,empty,empty,sheffield,al,35660.0,jefferson,2563864556.0,acute care hospitals,government - hospital district or authority,yes$,pneumo%nia,pn-6,pneumonia patients given the most appropriate initial antibiotic(s),86%,139 patients,al_pn-6
458,10019.0,helen keller memorial hospital,130%0 south montgomery avenue,,empty,sheff??ield,al,35660.0,jefferson,,acute car??e hospitals,government - hospital district or authority,yes,pneumonia,pn-7,pneumonia patients assessed and given influenza vaccination,82%,119 patient#s,al_pn-7
459,59338.14181008753,,1300 south montgomery avenue,empty,empty,,al,35660.0,jefferson,2563864556.0,acute care hospitals,government - hospital district or authority,yes,surgical infection prevention,scip-card-2,,81%,54 patients,al_scip-card-2
460,50691.478700054744,helen keller memorial hospital,1300 south montgomery avenue,%e$mpty,empty,sheffield,,126752.87801013824,jefferson,2563864556.0,acute care hospitals,government - hospital district or authority,,surgical infection prevention,scip-inf-1,surgery patients who were given an antibiotic at the right time (within one hour before surgery) to help prevent infection,92%,253 patients,al_scip-inf-1
461,40329.97394114578,helen keller memorial hospital,1300 south montgomery avenue,e%$mpty,em@@pt@@y,shef@@field,al,35660.0,jefferson,2563864556.0,acute care hospitals,government - hospital district or authority,yes,surgical infection prevention,scip-inf-2,surgery patients who were given the  right kind  of antibiotic to help prevent infection,91%,255 patie%nts,al_scip-inf-2
462,10019.0,helen keller memorial hospital,1300 south montgomery avenue,empty,empty,sheffield,al,35660.0,jefferson,2563864556.0,acute care hospitals,government - hospital district or authority,yes,surgical infection prevention,scip-inf-3,surgery patients whose preventive antibiotics were stopped at the right time (within 24 hours after surgery),84%,??245 patients,al_scip-inf-3
463,10019.0,helen keller memorial hospital,1300 south montgomery avenue,empty,empty,s$heffield,#al@@,35660.0,jefferson,2563864556.0,acute care hospitals,government - hospital district or authority,,surgical infection prevention,scip-inf-4,all heart surgery patients whose blood sugar (blood glucose) is kept under good control in the days right after surgery,emp@@#ty,0 patients,al_scip-inf-4
464,10019.0,helen keller memorial hospital,1300 south montgomery avenue,empty,empty,sheffield,al,113601.2920842367,jefferson,2563864556.0,acute care hospitals,government - hospital district or authority,yes,surgical infection prevention,scip-inf-6,surgery patients needing hair removed from the surgical area before surgery who had hair removed us%ing a safer method (electric clippers or hair removal cream c not a razor),97%,369 patients,al_scip-inf-6
465,51145.85500576609,helen keller memorial hospital,1300 south montgomery avenue,empty,empty,sheffield,al,35660.0,jefferson,2563864556.0,acute care hospitals,government - hospital district or authority,yes,,scip-vte-1,surgery patients whose doctors ordered treatments to prevent blood clots after certain types of surgeries,85%,144 patie??nts,al_scip-vte-1
466,10019.0,helen keller memorial hospital,1300 south montgomery avenue,empty,empty,sheffield,al,35660.0,jefferson,2563864556.0,acute care hospitals,,yes,surgical infection prevention,scip-vte-2,patients who got treatment  at the right time (within 24 hours before or after their surgery) to help prevent blood clots after certain types of surgery,79%,142 patients,al_scip-vte-2
467,10021.0,dale medical center,126% hospital ave,empty,empty,ozark,al,36360.0,dale,,acute care hospitals,,yes,@@heart attack,am#i-1,heart attack patients given aspirin at arrival,100%,11 patients,al%_ami-@@1
468,53690.498261039094,dale medical center,126 hospital ave,empty,empty,ozark,#al,36360.0,dale,3347742601.0,acute care hospitals,government - hospital district or authority,yes,heart attack,ami-2,heart attack patients given aspirin at discharge,100%,5 patients,al_ami-2
469,10021.0,dale medical center,126 hospital ave,empty,empty,ozark,al,36360.0,dale,3347742601.0,acute care hospitals,government - hospital district or authority,yes,,ami-3,heart attack patients given% ace inhibitor or arb for left ventricular systo#lic dysfunction (lvsd),empty,??0 pa??tients,al_ami-3
470,10021.0,dale medical center,126 hospital ave,empty,empty,ozark,al,36360.0,dale,16364871423.489088,a%cute care hospitals,government - hospital district or authority,yes,heart attack,ami-4,heart attack patients given smoking cessation advice/counseling,100@@%,3 patients,al_ami-4
471,10021.0,dale medical center,126 hospital ave,empty,empty,ozark,al,36360.0,dale,17091051080.572847,acu%te care hospitals,government - hospital district or authority,yes#,heart attack,ami-5,heart attack patients given beta blocker at discharge,83%,,al_ami-5
472,10021.0,dale medical center,126 hospital ave,empty,empty,ozark,al,112357.09669057888,dale,3347742601.0,acute care hospitals,government - hospital district or authority,,,ami-7a,heart attack patients given fibrinolytic medication within 30 minutes of arrival,0%,2 patients,al_ami-7a
473,57739.020032321714,dale medical center,??126 ho@@spital ave,em??pty,empty,ozark,,36360.0,dale,3347742601.0,acute car#e hospi%tals,government - hospital district or authority,yes,heart attack,ami-8a,heart attack patients given pci within 90 minutes of arrival,empty,0 patients,al_ami-8a
474,10021.0,dale medical center,126 hospital ave,empty,empty,ozark,al,36360.0,dale,3347742601.0,acute care hospitals,government - hospital district or authority,yes,heart failure,hf-1,heart failure patients given discharge instructions,66%,79 patients,al_hf-1
475,48695.682688052126,dale medical center,126 hospital ave,empty,empty,,,36360.0,d@@ale%,3347742601.0,acute care hospitals,government - hospital district or authority,yes,heart failure,hf-2,heart failure patients given an evaluation of left ventricular systolic (lvs) function,96%,94 patients,al_hf-2
476,10021.0,dale medical center,126 hospital ave,empty,empty,ozark,al,36360.0,dale,3347742601.0,acute care hospitals,government - hospital district or authority,yes,heart failure,hf-3,heart failure patients given ace inhibitor or arb for left ventricular systolic dysfunction (lvsd),94%,18 patients,al_hf-3
477,10021.0,dale m??$edical center,126 hospital ave,empty,empty,ozark,al,201077.03765543643,dale,19222648553.448677,acute care hospitals,government - hospital district or authority,yes,heart failure,hf-4,heart failure patients given smoking cessation advice/counseling,94%,,al$??_hf-4
478,10021.0,dale medical center,126 hospital ave,empty,empty,ozark,al,36360.0,dale,3347742601.0,acute care hospitals,government - hospital district or authority,yes,pneumonia,pn-2,pneumonia patients assessed and given pneumococcal vaccination,85%,80 patients,al_pn-2
479,10021.0,dale medi$cal cente$r,126 hospital ave,??em%pty,empty,ozark,al,168135.33524284407,dale,3347742601.0,acute care hospitals#,government - hospital district or authority,yes,pneumonia,pn-3@@b,,94%,67 patients,
480,10021.0,dale medical center,126 hospital ave,,empty,#o%zark,al,36360.0,dale,3347742601.0,acute care hospitals,government - hospital district or authority,yes,pneumonia,pn-4,,87%,39 patients,al_pn-4
481,10021.0,dale medical ce$nter,126 hospital ave,empty,em$pty,ozark,#$al,36360.0,dale,3347742601.0,acute care hospitals,government - hospital district or authority,yes,pneumonia,pn-5c,pneumonia patients given initial antibiotic(s) within 6 hours after arrival,95%,74 patients,al_pn-5c
482,10021.0,dale medical center,,empty,empty,o%zark,al,36360.0,,3347742601.0,acute care hospitals,government - hospital district or authority,yes,pneumonia,pn-6,pneumonia patients given the most appropriate initial antibiotic(s),64%,,al_pn-6
483,10021.0,dale medical center,126 hospital ave,empty,empty,ozark,a??l,36360.0,dale,3347742601.0,acute c#a??re hospitals,government - hospital district or authority,yes,pneumonia,pn-7,pneumonia patients assessed and given influenza vaccination,90%,62 patients,al_pn-7
484,10021.0,da#le medical center,126 hospital ave,empty,empty,ozark,al,36360.0,dale,3347742601.0,acute care hospitals,government - hospital district or authority,yes,surgical infection prevention,scip-card-2,surgery patients who were taking heart drugs called beta blockers before coming to the hospital who were kept on the beta blockers during the period just before and after their surgery,100%,12 patients,al_sci$p-card-??2
485,10021.0,dale medical center,126 hospital ave,empty,empty,oza$rk,al,36360.0,dale,3347742601.0,acute care hospitals,government - hospital district or authority,%yes,,scip-inf-1,surgery patients who were given an antibiotic at the right time (within one hour before surgery) to help prevent infection,94%,52 patients,al_scip-inf-1
486,,dale medical center,126 hospital ave,empty,empty,ozark,????al,36360.0,dale,3347742601.0,acute care hospitals,government - hospital district or authority,yes,surgical infection prevention,scip-inf-2,surgery patients who were given the  right kind  of antibiotic to help prevent infection,96%,52 patients,al_scip-inf-2
487,10021.0,dale medical center,126 hospital ave,empt$y,empty,ozark,al,36360.0,dal??e,15885596146.561487,acute care hospitals,government - hospital district or authority,yes,surgical infection prevention,scip-inf-3,surgery patients whose preventive antibiotics were stopped at the right time (within 24 hours after surgery),85@@%,48 patients,al_scip-inf-3
488,,dale m$edical center,126 hospital ave,empty,empty,,al,36360.0,,,,gover$nment - hospital district or authority,yes,surgical infection prevention,scip-inf-4,all heart surgery patients whose bloo@@d sugar (blood glucose) is kept under good control in the days right after surgery,empty,,al_scip-inf-4
489,10021.0,dale medical center,126 hospital ave,empty,empty,ozark,al,36360.0,dale,3347742601.0,acute care hospitals,government - hospital district or authority,yes,surgical infec@@tion preve$ntion,scip-inf-6,surgery patients needing hair removed from the surgical area before surgery who had hair removed using a safer method (electric clippers or hair removal cream c not a razor),100%,94 patients,al_scip-inf-6
490,10021.0,dale medical center,126 hospital ave,emp$ty%,emp%ty,#oza#rk,al,36360.0,dale,3347742601.0,acu??te care hospitals,government - hospital district or authority,yes#,surgical infection prevention,scip-vte-1,surgery patients whose doctors ordered treatments to prevent blood clots after certain types of surgeries,88%,50 patients,al_scip-vte-1
491,10021.0,dale medical center,126 hospital ave,empty,empty,o%zark,al,36360.0,dale,3347742601.0,acute care hospitals,government - hospital district or authority,yes,surgical infection prevention,scip-vte-2,patients who got treatment  at the right time (within 24 hours before or after their surgery) to help prevent blood clots after certain types of surgery,68%,50 patients,al_scip-vte-2
492,10022.0,,400 northwood dr,empty,empty,centre,??al,35960.0,cherokee,2569275531.0,acute care hospitals,voluntary non-profit - private,yes,he??art atta@@ck,ami-1,heart attack patients given aspirin at arrival,empty,0 patients,al_ami-1
493,10022.0,cherokee medical center,,empty,empty,centre,al,35960.0,cherokee,2569275531.0,acute care hospitals,voluntary non-profit - private,yes,heart attack,am#i-2%,heart attack patients given aspirin at discharge,100%,1 patients,al_ami-2
494,10022.0,cherokee medical cente@@r,400 northwood dr,empty,empty,centre,al,35960.0,,2569275531.0,acute care hospitals,voluntary non-profit - private,yes,heart attac%@@k,ami-3,heart attack patients given ace inhibitor or arb for left ventricular systolic dysfunction (lvsd),empty,0 patients,al_ami-3
495,10022.0,cherokee medical center,400 northwood dr,,empty,centre,al$,35960.0,,2569275531.0,acute care hospitals,voluntary non-profit - private,yes,heart attack,ami-4,heart attack patients given smoking cessation advice/counseling,empty,0 patients,al_ami-4
496,10022.0,cherokee medical center,,empty,empty,centre,al,35960.0,cherokee,2569275531.0,acute care hospitals,voluntary non-profit - private,,heart attack,ami-5,heart attack patients given beta blocker at discharge,empty,0 patients,al_ami-5
497,,cherokee medical center,400 northwood dr,empty,empty,centre,al,35960.0,cherokee,2569275531.0,acute care hospitals,voluntary non-profit - private,yes,heart a#@@ttack,ami-7a,heart attack patients given fibrinolytic medication within 30 minutes of arrival,empty,0 patients,al_ami-7a
498,10022.0,cherokee medical center,400 northwood dr,empty,empty,centr$e,al,35960.0,cherokee,2569275531.0,acute care hospitals,voluntary non-profit - private,yes,hea$??rt attack,ami-8a,heart att$ack patients given pci with%in 90 minutes of arrival,??empty,0 patients,al_ami-8a
499,10022.0,cherokee medical center,400 northwood dr,empty,empty,centre,al,189710.6812150173,cherokee,2569275531.0,acute care hospitals,voluntary non-profit - private,yes,heart failure,hf-1,heart failure patients given discharge instructions,83%,35 patients,al_hf-1
500,10022.0,cherokee medical center,400 northwood dr,,empty,centre,al,35960.0,cherokee,2569275531.0,acute care hospitals,voluntary non-profit - private,yes,heart failure,hf-2,heart failure patients given an evaluation of left ventricular systolic (lvs) function,94%,48 patie@??@nts,al_hf-2
501,52091.633020405214,cherokee medical center,400 northwood dr,empty,empty,centre,al,35960.0,cherokee,2569275531.0,acute care hos#pital$s,voluntary non-profit - private,yes,he#art f$ailure,hf-3,heart failure patients given ace inhibitor or arb for left ventricular systolic dysfunction (lvsd),90%,10 patients,al_hf-3
502,10022.0,cherokee medical center,400 northwood dr,empty#,empty,centre,al,35960.0,cherokee,2569275531.0,,voluntary non-profit - private,yes,heart failure,hf-4,heart failure patients given smoking cessation advice/counseling,100%,15 patients,al_hf-4
503,10022.0,cherokee medical center,400 northwood dr,empty,#em#pty,centre,,35960.0,cherokee,2569275531.0,acute care ??hospitals,voluntary non-profit - private,yes,pneumonia,pn-2,pneumonia patients assessed and given pneumococcal vaccination,93%,44 patients,al_pn-2
504,10022.0,che$rokee medical@@ center,400 northwood dr,empty,e??mpty@@,centre,al,35960.0,cherokee,2569275531.0,acute care hospitals,volunt??ary non-profit - #private,yes,pneumonia,pn-3b,pneumonia patients whose initial emergency room blood culture was performed prior to the administration of the first hospital dose of antibiotics,97%,33 patients,al_pn-3b
505,10022.0,,400 northwood dr,empty,empty,centre,al,157211.63719329872,cherokee,2569275531.0,acute care ho$spitals??,voluntary non-profit - private,yes,pneumonia,pn-4,pneumonia patients given smoking cessation advice/counseling,100%,20 patients,al_pn-4
506,10022.0,cherokee medical center,400 northwood dr,empty,empty,centre,al,35960.0,cherokee,2569275531.0,acute care hospitals,voluntary non-profit - private,yes,p$neumonia,pn-5c,pneumonia patients given initial antibiotic(s) within 6 hours after arrival,89%??,56?? patie??nts,al_pn-5c
507,10022.0,cherokee medical center,400 northwood dr,,empty,centre,al,35960.0,cherokee,2569275531.0,acute care hospitals,voluntary non-pro%fit - private,yes,pneumonia,pn-6#$,pneumonia patients given the most appropriate initial antibiotic(s),93%,44 patients,al_pn-6
508,10022.0,cherokee medical center,400 northwood dr,empty,empty,centre,,35960.0,cherokee,2569275531.0,acute care hospitals,voluntary non-profit - private,yes,pneumonia,,pneumonia patients assessed and given influenza vaccination,81%,%31 patients,al_pn-7
509,10022.0,cherokee medical center,400 northwood dr,empty,empty,centre,al,130599.07833326621,cherokee,2569275531.0,acute care hospitals,,$yes,surgical infection prevention,scip-card-2,surgery patients who were taking heart drugs called beta blockers before coming to the hospital who were kept on the beta blockers during the period just before and after their surgery,empty,empty,al_scip-card-2
510,50558.564666490485,cherokee medical center,400 northwood dr,empty,empty,centre,%al,35960.0,cherokee,2569275531.0,acute care hospitals,voluntary non-profit - private,yes,surgical infection prevention,scip-inf-1,surgery patients who were given an antibiotic at the right time (within one hour before surgery) to help prevent infection,0%,2 patients,al_scip-inf-1
511,10022.0,cherokee medical center,400 northwood dr,empty,empty,centre,al,35960.0,cherokee,9226857445.473627,acute care hospitals,voluntary non-profit - private,yes,surgical infection prevention,scip-inf-2,surgery patients who were given the  right kind  of antibiotic to help prevent infection,100%,2 patients,al_scip-inf-2
512,10022.0,cherokee medical center,400 northwood dr,empty,empty$,centre,a$%l,35960.0,cherokee,2569275531.0,acute care hospitals,voluntary non-profit - private,yes,surgical infection prevention,scip-inf-3,surgery patients whose preventive antibiotics were stopped at the right time (within 24 hours after surgery),0%,1 patients,al_scip-inf-3
513,10022.0,cherokee medical center,400 northwood dr,empty,empty,centre,al$,35960.0,cherokee,2569275531.0,acute care hospitals,voluntary non-profit - private,yes,,scip-inf-4,,emp#ty,,a%??l_scip-inf-4
514,10022.0,cherokee medical center,400 northwood dr,empty,empty,centre,al,35960.0,cherokee,2569275531.0,acute care hospitals,voluntary non-profit - private,yes,surgical infection prevention,scip-inf-6,surgery patients needing hair removed from the surgical area before surgery who had hair removed using a safer method (electric clippers or hair removal cream c not a razor),100%,6 patients,al_scip-inf-6
515,10022.0,cherokee medical center,,empty,empty,centre,al,35960.0,cherokee,2569275531.0,acute care hospitals,voluntary non-profit - private,yes,surgical infection prevention,scip-vte-1,,100%,5 patients,al_scip-vte-1
516,48100.53634499925,cherokee medical center,400 northwood dr,empty,empty,centre,al$,35960.0,,2569275531.0,acute care hospitals,voluntary non$-profit$ - private,yes,surgical infection prevention,scip-vte-2,patients who got treatment  at the right time (within 24 hours before or after their surgery) to help prevent blood clots after certain types of surgery,100%,5 patients,al_scip-vte-2
517,10023.0,baptist medical center sou$th,2105 east south boulevard,empty,empty,montgomery,al,36116.0,montgomery,3342882100.0,acute care hospitals,voluntary non-profit - church,yes,heart attack,ami-1,heart attack patients given aspirin at arrival,100%,134 patie#nts,al_ami-1
518,10023.0,baptist medical center south,2105 east south boulevard,,empt$y$,montgomery,al,,montgomery,3342882100.0,acute care hospitals,voluntary no@@n-pr$ofit - church,yes,heart attack,ami-2,heart attack patients given aspirin at discharge,100%,282 patients,
519,,baptist medical center south,2105 east south boulevard,empty,empty,montgomery,al,116990.75509747476,montgomery,3342882100.0,,voluntary non-profit - church,yes,heart attack,am%i-3,he@@art attack patients given ace inhibitor or arb for left v%entricular systolic dysfunction (lvsd),100%,53 patients,al_ami-3
520,10023.0,,2105 east south boulevard,empty,empty,montgomery,al,36116.0,montgomery,3342882100.0,acute care hospitals,voluntary non-profit - church,yes,heart attack,ami-4,heart attack patients given smoking cessation advice/counseling,100%,119 #patients,al_ami-4
521,10023.0,baptist medical center south,2105 east south boulevard,empty,empty,montgomery,al,36116.0,m#ontgomery,19886214570.60329,acute care hospitals,voluntary non-profit - church,,heart attack,,heart attack patients given beta blocker at discharge,100%,254 patients,al_ami-5
522,10023.0,baptist medical center south,2105 east south boulevard,empty,empty,montgomery,al,36116.0,montgomery,3342882100.0,acute care hospitals,voluntary non-profit - church,yes,heart attack,ami-7a,heart attack patients given fibrinolytic medication within 30 minutes of arrival,empty,,al_ami-7a
523,10023.0,baptist medical center south,2105 east south boulevard,empty,empty,montgomery,,36116.0,montgomery,3342882100.0,acute care hospitals,voluntary non-profit - church,yes,heart attack,ami-8a,heart attack patients given pci within 90 minutes of arrival,96%,27 patients,al_ami-8a
524,10023.0,baptist medical center south,2105 east south %boulevard,empty,empty,montgomery,al,36116.0,montgomery,18880021970.354424,acute care hospitals,voluntary non-profit - church,yes,heart failure,hf-1,heart failure patients given discharge instructions,100%,,al_hf-1
525,10023.0,baptist medical center south,2105 east south boulevard,empty,empty,montgomery,,36116.0,montgomery,3342882100.0,acute care hospitals,voluntary non-profit - church,yes,heart failure,hf-2,heart failure patients given an evaluation of left ventricular systolic (lvs) function,100$%,292 patients,al_hf-2
526,10023.0,,2105 east south boulevard,empty,empty,montgomery,al#,36116.0,montgomery,3342882100.0,acute care hospitals,voluntary non-profit - church,ye$s$,heart failure,,heart failure patients given ace inhibitor or arb for left ventricular systolic dysfunction (lvsd),100%,98 patients,al_hf-3
527,10023.0,baptist medical center south,2105 east south boulevard,empty,empty,montgomery,al,36116.0,montgomery,12447208606.16021,acute care @@h#ospitals,voluntary non-profit - church,yes,heart failure,hf-4,heart failure patients given smoking cessation advice/counseling,100%,77 patients,al_hf-4
528,10023.0,ba??ptist medical center s#outh,2105 east south boulevard,empty,empty,montgomery,al,,montgomery,3342882100.0,,voluntary non-profit - church,yes,pneumonia,pn-2,pneumonia patients assessed and given pneumococcal vaccination,94%,99 patients,al_pn-2
529,10023.0,baptist medical center south,2105 east south boulevard,empty,empty,,al,36116.0,montgomery,3342882100.0,acute care hospitals,voluntary non-profit - church,yes,,pn-3b,pneumonia patients whose initial$ emergency room blood culture was performed prior to the administration of the first hospital dos@@e of antibiotics,96%,103 patients,al_pn-3b
530,10023.0,baptist medical center south,2105 east south boulevard,em%pty,empty,montgomery,al,36116.0,montgomery,3342882100.0,,voluntary non-profit - church,yes,pneumonia,pn-4,pneumonia patients given smoking cessation advice/counseling,94%,80 patients,al_pn-4
531,10023.0,baptist medical center south,2105 east south boulevard,empty,empty,montgomery,al,36116.0,montgomery,3342882100.0,acute care hospitals,voluntary non-profit - church,yes,pneumoni$%a,pn-5c,pneumonia patient@@s given initial antibiotic(s) within ??6 hours after arrival,95%,101 patients,al_pn-5c
532,10023.0,baptist medical center south,2105 east south boulevard,empty%$,empty,montgomery,al,36116.0,montgom??ery,3342882100.0,acute care hospitals,voluntary non-profit - church,yes,pneumonia,pn-6,pneumonia patients given the most appropriate ini??tial antibiotic(s),90%,71 patients,al_pn-6
533,10023.0,baptist medical center south,2105 east south boulevard,empty,empty,montgomery,$a#l,36116.0,montgo#mery,3342882100.0,acute care hospitals,voluntary non-profit - church,yes,pneumonia,p%n-7,pneumonia patients assessed and given influenza vaccination,92%,87 patients,al_pn-7
534,47762.60791034991,baptist medical center south,2105 east south boulevard,e??mpt%y,empty,montgomery,al,36116.0,montg%om%ery,3342882100.0,acute care hospitals,voluntary non-profit - church,yes,surgical infection prevention,scip-card-2,,97%,89 patients,al_scip-card-2
535,10023.0,baptist medical center south,2105 east south boulevard,empty,empty,montgomery,al,36116.0,montgomery,3342882100.0,acute care hospitals,voluntary non-profit - church,yes,surgical infection prevent%ion,scip-inf-1,surgery patients who were given an antibiotic at the right time (within one hour before surgery) to help prevent infection,97%,412 patients,al_scip-inf-1
536,10023.0,baptist medical center south,2105 east south boulevard,empty,empty,montgomery,al,36116.0,montgomery,3342882100.0,acute care hospitals,voluntary non-profit - church,,surgical infection prevention,scip-inf-2,surgery patients who were given the  right kind  of antibiotic to help preve??nt infection,97%,423 patients,al_scip-inf-2
537,10023.0,baptist medical center south,2105 east south boulevard,empty,empty,montgomery,al,36116.0,,17436326518.701054,acute care hospitals,voluntary non-profit - church,yes,surgical infection prevention,scip-inf-3,surgery patients whose preventive antibiotics were stopped at the right time (within 24 hours after surgery),94%,392 patients,al_scip-inf-3
538,40982.24430378739,baptist medical center south,2105 east south boulevard,empty,empty,montgomery,al,146495.75504167587,montgomery,3342882100.0,acute care hospitals,voluntary non-profit - church,yes,surgical infection prevention,scip-inf-4,all heart surgery patients whose blood sugar (blood glucose) is kept under good control in the days right after surgery,95%,125 patients,al_scip-inf-4
539,10023.0,baptist medical center south,,??e%mpty,empty,montgomery,al,36116.0,montgomery,19775322427.20583,acute care hospitals,voluntary non-profit - church,yes,surgical infection pr$evention,scip-inf-6,surgery patients needing hair removed from the surgical area before surgery who had hair removed using a safer method (electric clippers or hair removal cream c not a razor),100%,575 patients,al_scip-inf-6
540,,,2105 east south boulevard,,,montgomery,al,36116.0,montgomery,3342882100.0,acute care hospitals,voluntary non-profit - church,yes,surgical infection prevention,scip-vte-1,surgery patients whose doctors ordered treatments to prevent blood clots after certain types of surgeries,,179 patients,al_scip-vte-1
541,10023.0,baptist med#ical center south,2105 east south boulevard,empty,empty,,al,36116.0,montgomery,10092195904.00627,acute care hospitals,voluntary non-profit - church,,surgical infection prevention,scip-vte-2,patients who got treatment  at the right time (within 24 hours before or after their surgery) to help prevent blood clots after certain types of surgery,94%,179 patients,al_scip-vte-2
542,10024.0,jackson hospital & clinic inc,1725 pine street,empty,empty,montgomery,al,36106.0,montgomery,3342938000.0,acute care hospitals,voluntary non-profit - private,yes,heart attack@@,ami-1,heart attack patients given aspirin at arrival,95%,111# patients,
543,10024.0,jackson hospital & clinic inc,1725 pine street,empty,empty,montgomery,a$l#,36106.0,montgomery,3342938000.0,acute care hospitals,voluntary non-profit - private,yes,heart attack,ami-2,heart attack patients given aspirin at discharge,92%,165 patients,al_ami-2
544,10024.0,jackson hospital & clinic inc,1725 pine street,,empty,montgome@@ry,al,36106.0,montgomery,3342938000.0,acute care hospitals,voluntary non-profit - private,yes,heart attack,ami-3,heart attack patients given ace inhibitor or arb for left ventricular systolic dysfunction (lvsd),79??@@%,24 patients,
545,10024.0,jackson hospital & clinic inc,1725 pine street,empty,empty,montgome@@ry,al,36106.0,montgomery,3342938000.0,acute care hospitals,voluntary non-profit - private,yes,heart attack,ami-4,heart attack patients given smoking cessation advice/counseling,97%,65 patients,
546,10024.0,jackson hospital & clinic inc,1725 pine street,empty,empty,montgomery,al,36106.0,$montgo??mery,3342938000.0,acute care hospitals,voluntary non-profit - private,yes,heart attack,ami-5,heart attack patients given beta blocker at discharge,95%,173 patients,al_ami-5
547,10024.0,jackson hospital & clinic inc,1725 pine street,empty,empty,montgomery,al,36106.0,montgomery,3342938000.0,acute care hospitals,voluntary non-profit - private,yes%%,heart attack,ami-7a,heart attack patients given fibrinolytic medication within 30 minutes of arrival,empty,0 patients,al_ami-7a
548,10024.0,jackson hospital & clinic inc,1725 pine ??street,empty,empt%y,montgomery,al,36106.0,montgomery,3342938000.0,acute care hospitals,voluntary non-profit - private,,,ami-8a,heart attack patients given pci within 90 minutes of arrival,40$%,15 patients,al_ami-8a
549,10024.0,jackson hospital & clinic inc,1725 pine street,,empty,%montgom#ery,al,36106.0,montgomery,3342938000.0,acute ca%re hospitals,voluntary non-profit - private,,heart failure,hf-1,heart failure patients given discharge instructions,45%,430 patients,al_hf-1#
550,10024.0,$jackson hospital & clinic inc,1725 pine street,emp%ty,empty,montgomery,al,36106.0,montgomery,3342938000.0,acute care hospitals,voluntary non-profit - private,yes,heart failure,hf-2,heart failure patients given an evaluation of left ventricular systolic (lvs) function,90%%,518 patients,al_hf-2
551,,,1725 pine stree@@t$,empty,empty,montgomery,al,119270.51790843435,montgomery,17874849344.638706,acute care hospitals,voluntary non-profit - private,yes,heart failure,hf-3,heart failure patients given ace inhibitor or arb for left ventricular systolic dysfunction (lvsd),@@85%,146 patients,al_hf-3
552,,jackson hospital & clinic inc,1725 pine street,empty,em??pty,montgomery,al,36106.0,montgomery,3342938000.0,acute care ??ho%spitals,voluntary non-profit - private,yes,heart failure,hf-4,heart failure patients given smoking cessation advice/counseling,99%,93 patients,al_hf-4
553,10024.0,,1725 pin#e street,??empty,empty,,al,36106.0,montgomery,16347654204.060747,acute care hospitals,voluntary non-profit - private,yes,pneu$monia,pn-2,pneumonia patients assessed and given pneumococcal vaccination,85%,243 patients,al_pn-2
554,10024.0,jackson hospital & clinic inc,1725 pine street,empty,empty,montgomery,al,36106.0,@@montgomery,3342938000.0,acute care hospitals,voluntary non-profit - private,yes,pneumonia,pn-3b,pneumonia patients whose initial emergency room blood culture was performed prior to the administration of the first hospital dose of antibiotics,95%,230 patients,al_pn-3b
555,10024.0,jackson hospital & clinic inc,1725 pine street,empty,empty,,al,36106.0,montgomery,3342938000.0,acute care hospitals,voluntary non-profit - private,yes,pneumonia,pn-4,pneumonia patients given smoking cessation advice/counseling,91%,74 patients,al_pn-4
556,10024.0,jackson hospital & clinic inc,1725 pine s#treet,empty,empty,mo%ntgomery,al,36106.0,montgomery,3342938000.0,acute care hospitals,,yes,pneumonia,pn-5c,pneumonia patients given initial antibiotic(s) within 6 hours after arrival,88%,233 patients,al_pn-5c
557,10024.0,jackson hospital & clinic inc,1725 pine street,empty,empty,montgomery,al,36106.0,montgomery,3342938000.0,acute care hospitals,voluntary non-profit - private,yes,pneumonia,pn-6,pneumonia patients given the most appropriate initial antibiotic(s),82%,97 patients@@,al_pn-6?$?
558,10024.0,jackson hospital & clinic inc,1725 pine street,empty,empty,montgomery,al,36106.0,montgomery,3342938000.0,acute care hospitals,vol#untar$y non-profit - private,yes,pneumonia,pn-7,pneumonia patients assessed and given influenza vaccination,82%$,184 patients,al_pn-7
559,10024.0,jackson hospital & clinic inc,1725 pine street,??em%pty,empty,montgomery,al,36106.0,montgomery,3342938000.0,acute care hospitals,voluntary non-profit - private,yes,surgical infection prevention,scip-card-2,surgery patients who were taking heart drugs called beta blockers before coming to the hospital who were kept on the beta blockers during the period just before and after their surgery,,180# patients,al_%s#cip-card-2
560,10024.0,jackson hospital & clinic inc,1725 pine street,empty,empty,montgomery,al,36106.0,montgom#$ery,3342938000.0,,,yes,surgical infection prevention,scip-inf??-@@1,surgery patients who were given an antibiotic at the right time (within one hour before surgery) to help prevent infection,78%,844 patients,
561,10024.0,jackson hospital & clinic inc,1725 pine street,empty,empty,montgomery,al,36106.0,montgomery,10076329659.577785,acute care hospitals,voluntary non-profit - private,yes,surgical infection prevention,scip-inf-2,surgery patients who were given the  right kind  of antibiotic to help prevent infection,98%,827 patients,al_scip-inf-2
562,10024.0,jackson hospital & clinic inc,1725 pine street,empty,empty,montgomery,al,161259.72599722107,montgomery,10210185935.878954,acute @@care h#ospitals,voluntary non-profit - private,yes,surgical infection prevention,scip-inf-3,surgery patients whose preventive antibiotics were stopped at the right time (within 24 hours after surgery),83%,817 patients,al_scip-inf-3
563,10024.0,jackson hospital & clinic inc,1725 pine street,empty,empty,montgomery,al,36106.0,#montgom%ery,,acute care hospitals,voluntary non-profit - private,yes,surgical infection prevention,,all heart surgery patients whose blood sugar (blood glucose) is kept under g#ood con%trol in the days right after surgery,72%,270 p%ati#ents,al_scip-inf-4
564,10024.0,jackson hospital & clinic inc,,empty,empty,montgomery,al,36106.0,,17458719409.385254,acute care hospitals,voluntary non-profit - private,yes,surgical infection prevention,scip-inf-6,surgery patients needing hair removed from the surgical area before surgery who had hair removed using a safer method (electric clippers or hair removal cream c not a razor),97%,1062 patients,al_scip-inf-6
565,10024.0,jackson hospital & clinic inc,1725 pine street,empty,empty,montgomery,al,36106.0,montgomery,3342938000.0,acute care hospitals,voluntary non-pr??of%it - private,yes,surgic%al infection prevention,scip-vte-1,%surgery patients whose doctors ordered treatments to prevent blood clots after cer??tain types of surgeries,92%,,al_scip-vte-1
566,,jackson hospital & clinic inc,1725 pine street,empty?@@?,empty,mont$gome??ry,,158242.51230230145,montgomery,3342938000.0,acute care hospitals,voluntary non-profit - private,yes,surgical infection prevention,scip-vte-2,patients who got treatment  at the right time (within 24 hours before or after their surgery) to help prevent blood clots after certain types of surgery,87%,259 patients,al_scip-vte-2
567,10025.0,g h lanier memorial hospital,480%0 48th st%,empty,empty,valley,al,36854.0,chambers,19459062902.94911,acute care hospitals,voluntary non-profit - other,yes,heart atta$ck#,ami-1,heart attack patients given aspirin at arrival,92%,24 patients,al_ami-1
568,10025.0,g h lanier memorial hospital,4800 48th st,em??pty,empty,valley,al,220013.87593634502,chambers,3347561400.0,acute care hospitals,voluntary non-profit - other,yes,heart attack,ami-2,heart attack patients given aspirin at discharge,90%,10 patients,al_ami-2
569,10025.0,g h lanier memorial hospital,,e#mpty,empty,valley,,36854.0,chambers,3347561400.0,acute care hospitals,voluntary non-profit - other,yes,heart attack,ami-3,heart attack patients given ace inhibitor or arb for left ventricular systolic dysfunction (lvsd),100%,1 patients$??,al_ami-3
570,,g h lanier memorial hospital,,empty,empty,,al,36854.0,chambers,3347561400.0,,voluntary non-profit - other,y#e%s,heart attack,ami-4,heart attack patients given smoking cessation advice/counseling,50%,4 patients,al_ami-4
571,10025.0,g h lanier memorial hospital,4800 48th st,empty,em@@pty,valley,al,36854.0,chambers,3347561400.0,acute care hospitals,voluntary non-profit - other,yes,heart attack,ami-5,heart attack patients given beta blocker at discharge,92%,13?$? patients,al_ami-5
572,46979.5423521095,g h lanier memorial hospital,4800 48th st,empty,,valley,al,134411.82799684728,chambers#,,acute care hospitals,voluntary non-profit - other,#yes#,heart attack,ami-7a,heart attack patients given fibrinolytic medication within 30 minutes of arrival,0%,2 patients,al_ami-7a
573,10025.0,g h lanier memorial hospital,4800 48th st,empty,empty,valley,al,36854.0,??chambers,3347561400.0,acute care hospitals,vol#untary non-profit - other,yes,heart attack,ami-8a,,empty,0 patients,al_ami-8a
574,10025.0,g h lanier memorial hospital,4800 48th st,empty,empty,valley,al,36854.0,chambers,3347561400.0,acute care hospitals,voluntary non-profit - other,yes,heart failure,hf-1,heart failure patients given discharge instructions,54%,137 patients,al_hf-1
575,10025.0,g h lanier m%emorial hospital,4800 48th st,empty,empty,valley,al,36854.0,chambers,3347561400.0,acute care hospitals,voluntary non-profit - other,yes,heart failure,hf-2,heart fa$ilure patients given an evaluation of left ventricular sys@@tolic (lvs) function,99%,,
576,10025.0,,4800 48th st,empty,empty,valley,al,36854.0,chambers,20034391266.639984,acute care hospitals,voluntary non-profit - other,y#$es,heart failure,hf-3,heart failure patients given ace inhibitor or arb for left ventricular systolic dysfunction (lvsd),96%,75 patients,al_hf-3
577,10025.0,g h lanier memorial hospital,4800 48th st,empty,#empt$y,valley,al,137228.728026531,chambers,3347561400.0,acute care hospitals,voluntary non-profit - other,yes,heart failure,hf-4,heart failure patients given smoking cessation advice/counseling,97%,38 patients,al_hf-4
578,10025.0,g h lanier memorial hospital,4800 48th st,empty,empty,valley,al,36854.0,#chambers,3347561400.0,acute care hospitals,voluntary non-profit - other,yes,pneumonia,pn-2,pneumonia patients assessed and given pneumococcal vaccination,80%,55 patients,al_pn-2
579,10025.0,g h lanier memorial hospital,4800 48th st,empty,??empty,valley,al,36854.0,chambers,16328211358.302198,acute care hospitals,,yes,pneumonia,pn-3b,pneumonia patients whose initial emergency room blood culture was performed prior to the administration of the first hospital dose of antibiotics,95%,43 patients,al_pn-3b
580,10025.0,g h lanier memorial hospital,4800 48th st,empty,empty,$va@@lley,al,36854.0,chambers,3347561400.0,acute car$e hospitals,voluntary non-profit - other,#yes,pneumonia,pn-4,pneumonia patients given smoking cessation advice/counseling,91%,34 patients,al_pn-4
581,10025.0,g h lanier memorial hospital,4800 48th st,empty,empty,valley,al,36854.0,chambers,3347561400.0,acute care hospitals,voluntary non-profit - other,yes,@@pneu%monia,#pn-5c%,pneumonia patients given initial antibiotic(s) within 6 hours after arrival,82%,50 patients,al_pn-5c
582,10025.0,g h lanier memorial hospital,4800 48th st,empty,empty,valley,al,36854.0,chambers,17898316259.568176,acute care hospitals,voluntary non-profit - other,yes,pneumonia$,pn-6,pneumonia patients given the most appropriate initial antibiotic(s),8%5%,52 patients,al_pn-6
583,10025.0,g h lanier memorial hospital,4800 48th st,empty,empty,valley,al,36854.0,chambers,3347561400.0,acute care hospitals,voluntary non-profit - other,yes,pneumonia,pn-7@@,pneumonia patients assessed and given influenza vaccination,75%,60 patients,al_pn-7
584,10025.0,g h lanier memorial hospital,4800 48th st,e%mpt??y,empty,valley,al,36854.0,,3347561400.0,acute care hospitals,voluntary non-prof%it - ot??her,yes,surgical infection prevention,scip-card-2,surgery patients who were taking heart drugs called beta blockers before coming to the hospital who were kept on the beta blockers during the period just before and after their surgery,32%,19 patients,al_scip-card-2
585,10025.0,g h lanier memorial hospit#al,4800 48th %st,empty,empty,valley,al,36854.0,chambers,3347561400.0,acute care hospitals,voluntary non-profit - other,yes,surgical infection prevention,,surgery patients who were given an antibiotic at the right time (within one hour before surgery) to help prevent infection,100%,117 patients,al_scip-inf-1
586,10025.0,g h lanier memorial hospital,4800 48t$@@h st,empty,empty,valley,al,36854.0,ch#amb$ers,3347561400.0,acute care hospitals,voluntary non-profit - other,yes,surgical infection prevention,scip-inf-2,surgery patients who were given the  right kind  of antibiotic to help prevent infection,93%,118 patients,al_scip-inf-$@@2
587,10025.0,g h lanier memorial hospital,4800 48th st,empty,empty,valley,al,36854.0,chambers,3347561400.0,,voluntary non-profit - other,yes,surgical infection prevention,scip-inf-3,surgery patients whose preventive antibiotics were stopped at the right time (within 24 hours after surgery),79%,,al_scip-inf-3
588,10025.0,g h lanier memorial hospital,4800 48th st,empty,empty,valley,al,36854.0,,,acute care hospitals,voluntary non-profit - other,yes,surgical infection prevention,scip-inf-4,all heart surgery patients whose blood sugar (blood glucose) is kept under good control in the days right after surgery,empty,0 patients,al_scip-inf-4
589,10025.0,,4800 48th st,empty,empty,val?$?ley,al,36854.0,chambers,12259730209.45425,acute care hospitals,voluntary non-profit - other,yes,surgical infection prevention,scip-inf-6,surgery patients needing hair removed from the surgical area before surgery who had hair removed using a safer method (electric clippers or hair removal cream c not a razor),9????6%,172 patients,al_scip-inf-6
590,10025.0,g h lanier memorial hospital,4800 48th st,empty,empty,valley,al,36854.0,chambers,3347561400.0,acute care hospitals,voluntary non-profit - other,yes,surgical infection prevention,scip-vte-1,surgery patients whose doctors ordered treatments to prevent blood clots after certain types of surgeries,88%,85 patients,al_scip-vte-1
591,44860.953173555085,g h lanier memorial hospital,48@@00 48th ??st,,empty,valley,al,187594.3852226688,chambers,3347561400.0,acute care hospitals,voluntary non-profit - other,yes,surgical infection prevention,scip-vte-2,,82%,84 patients,al_scip-vte-2
592,10027.0,elba general hospital,987 drayton street,empty,empty,elba,al,36323.0,coffee,3348972257.0,acute care hospitals,voluntary non-profit - other,yes,heart attack,ami-1,heart attack patients given aspirin at arrival,empty,empty,a??l_a%mi-1
593,10027.0,elba ge$neral hospital,987 drayton street,empty,empty,elba,al,36323.0,coffee,3348972257.0,acute care hospitals,voluntary non-profit - other,yes,heart attack,ami-2,heart attack patients given aspirin at discharge,empty,empty,al_ami-2
594,10027.0,elba general hospital,987 drayton street,empty,empty,elba,al,,coffee,3348972257.0,,voluntary non-profit - other,y#es,,,heart attack patients given ace inhibitor or arb for left ventricular systolic dysfunction (lvsd),empty,e#mp%ty,al_ami@@-3
595,10027.0,elba general hospital,987 drayton street,,empty,elba,al,130750.41724965895,coffee,3348972257.0,acute care hospitals,voluntary non-profit - other,yes,heart attack,ami-4,heart attack patients given smoking cessation advice/counseling,empty,empty,al_ami-4
596,10027.0,elba general hospital,987 drayton street,empty,empty,elba,al,36323.0,coffee,3348972257.0,,voluntary non-profit - other,yes,,ami-5,heart attack patients given beta blocker at discharge,empty,empty,al_@@ami-5
597,10027.0,elba general hospita#l,987 drayton street,,empty,elba,al,211232.27641996127,coffee,3348972257.0,acute care hospitals,volunt#ary non-profit $- other,yes,heart attack,ami-7a,heart attack patients given fibrinolytic medication within 30 minutes of arrival,empty,empty,al_ami-7a
598,10027.0,,987 drayton street,empty,empty,elba,al,175091.37983948487,coffee,3348972257.0,acute care hospitals,voluntary non-profit - other,yes,,ami-8a,heart attack patients given pci within 90 minutes of arrival,,empty,al_ami-8a
599,10027.0,elba general hospital,987 drayton street,empty,empty,elba,a%l,36323.0,coffee,3348972257.0,acute care hospitals,voluntary non-profit - other,yes,heart failure,hf-1,heart failure patients given discharge instructions,100%,2 patients,al_hf-1
600,10027.0,elba general hospital,987 drayton street,empty,empty,elba,al,36323.0,coffee,3348972257.0,acute care hospitals,voluntary non-profit - other,$yes,heart failure,hf-2,heart failure patients given an evaluation of left ventricular systolic (lvs) function,100%,3 patients,al_hf-2
601,10027.0,elba general hospital,987 drayton street,empty,empty,elba,a@@l@@,36323.0,coffee,3348972257.0,acute care hospitals,voluntary non-profit - other,yes,heart failure,hf-3,heart failure patients given ace inhibitor or arb for left ventricular systolic dysfunction (lvsd),empty%,0 patients,al_hf-3
602,48376.47897113163,elba general hospital,987 drayton street,empty,empty,elba,al,36323.0,coffee,3348972257.0,acute care hospitals,voluntary non-profit - other,yes,,hf-4,heart failure patients given smoking cessation advice/counseling,empty,0 patients,al_hf-4
603,10027.0,elba general hospital,,empty,empty,elba,al@%@,203187.38820766282,coffee,3348972257.0,,voluntary non-profit - other,yes,pne$umonia,pn-2,pneumonia patients assessed and given pneumococcal vaccination,100%,31 patients,al_pn-2
604,10027.0,elba general hospital,987 drayton street,empty,empty,elba,al,36323.0,coffee,3348972257.0,acute care hospitals,voluntary non-profit - other,yes,pneumonia,pn-3b,pneumonia patients whose initial emergency room blood culture was performed prior to the administration of the first hospital dose of antibiotics,100%,19 patients,al_pn-3b
605,10027.0,elba general hospital,987# drayton stre#et,empty,empty,elba,al,36323.0,coffee,3348972257.0,acute care hospitals,voluntary non-profit - other,yes,pneumonia,pn-4,pneumonia patients given smoking cessation advice/counseling,100%,12 patients,??al_pn-4??
606,10027.0,elba general hospital,987 drayton street,empty,empt??y@@,elba,al,36323.0,coffee,3348972257.0,acute care hospitals,voluntar$y?? non-profit - other,yes,pneumonia,pn-5c,,100%,40 patients,al_pn-5c
607,10027.0,,987 drayton street,empty,empty,elba,al,36323.0,coffee,3348972257.0,acute care hospitals,voluntary non-profit - other,yes,,pn-6#,pneumonia patients given the most appropriate initial antibiotic(s),,30 patients,al_pn-6
608,10027.0,elba general hospital,987 d$rayton str@@eet,empty$,empty,elba,al,36323.0,coffee,,acute care hospitals,voluntary non-profit - other,yes,pneumonia,,pneumonia patients assessed and given influenza vaccination#,100%,23 patients,al_pn-7
609,10027.0,elba general hospital,987 drayton street,empty,em#p#ty,elba,al,145495.50039027323,coffee,3348972257.0,acute care hospitals,voluntary non-profit - other,yes,surgica$l infection% prevention,sci#p-card-2,surgery patients who were taking heart drugs called beta blockers before coming to the hospital who were kept on the beta blockers during the period just before and after their surgery,,empty,al_$scip-card-2
610,10027.0,elba general hospital,987 drayton street,empty,empty,elba,al,36323.0,coffee,3348972257.0,acute care hospitals,voluntary non-profit - other,yes,surgical infection prevention,,surgery patients who were given an antibiotic at the right time (within one hour before surgery) to help prevent infection,,empty,al_scip-inf-1
611,46310.04611525108,elba general hospital,987 drayton street,empty,empty,,al??$,36323.0,coffee,3348972257.0,acute care hospitals,voluntary non-profit - other,,surg??ical infection prevention,scip-inf-2,surgery patients who were given the  right kind  of antibiotic to help prevent infection,empty,e#mpty,al_scip-inf-2
612,10027.0,elba general hospital,,empty,empty,elba,al,36323.0,coffee,3348972257.0,,voluntary non-p%rofit - other,yes,surgical infection prevention,scip-inf-3,sur??gery patients whose preventive antibiotics were stopped at the right time (withi#n 24 hours after surgery),empt@@y,empty,al_scip-inf-3
613,10027.0,elba general hospital,987 drayton street,empty,,elba,al,186702.47703687844,coffee,3348972257.0,acute care hospitals,voluntary non-profit - other,yes,surgical infection prevention,scip-inf-4,all heart surgery patients whose blood sugar (blood glucose) is kept under good control in the days right after surgery,empty,empty,al#_sci$p-inf-4
614,10027.0,elba general hospital,987 drayton street,empty,empty,elba,al,36323.0,coffee,3348972257.0,acute care hospitals,voluntary non-profit - other,yes,surgical infection prevention,,surgery patients needing hair removed from the surgical area before surgery who had hair removed using a safer method (electric clippers or hair removal cream c not a razor),empty,empty,al_scip-inf-6
615,10027.0,elba general hospital,987 drayton stre%et,empty,empty,elba,al,36323.0,,3348972257.0,,vo@@luntar??y non-profit - other,yes,surgical infection prevention,scip??-@@vte-1,surgery patients whose doctors ordered treatments to prevent blood clots after certain types of surgeries,empty,empty,al_scip-vte-1
616,10027.0,elba general hospital,987 drayton street,empty,empty,elba,al,36323.0,coffee,3348972257.0,,voluntary non-profit - other,yes,surgical infection prevention,scip-vte-2,patients who got treatment  at the right time (within 24 hours before or after their surgery) to help prevent blood clots after certain types of surgery,empty,empty,al_scip-vte-2
617,10029.0,east alabama medical center and snf,2000 pepperell parkway,empty,empty,opelika,al,36801.0,lee,3347493411.0,acute care hospitals,government - hospital district or authority,yes#@@,heart attack,,heart attack patients given aspirin at arrival,98%,185 patients,al_ami-1
618,41914.26900447563,east alabama medical center and snf,,empty,empty,opelika,al,36801.0,lee,3347493411.0,acute care hospitals,,yes,heart attack,ami-2,heart atta%ck $patients given aspirin at discharge,97%,,al_ami-2
619,10029.0,east alabama medical center and snf,2000 pepperell parkway,empty,empty,opelika,al,36801.0,lee#$,3347493411.0,acute care hospitals,government - hospital district or authority,yes,heart attack,ami-3,heart attack patients given ace inhibitor or arb for left ventricular systolic dysfunction (lvsd),93%,72 patients,al_ami-#3
620,10029.0,east alabama medical?? center and snf,2000 pepperell parkway,empty,$e??mpty,opelika,al,36801.0,lee,3347493411.0,acut??e care hos%pitals,government - hospital district or authority,yes,heart attack,ami-4%$,heart attack patients given smoking cessation advice/counseling,100%,122 patients,al_$am@@i-4
621,10029.0,east alabama medical center and snf,2000 pepperell parkway,empty,empty,opeli$??ka,al,36801.0,lee,3347493411.0,acute care???? hospitals,government - hospital district or authority,yes,heart attack,ami-5,heart attack patients given beta blocker at discharge,98%,281 patients,al_ami-5
622,37323.3964689697,east alaba@@ma medical cente%r and snf,2000 pepperell pa$rkway,empty,empty,opelika,al,36801.0,lee,,acute care hospitals??,government - hospital district or authority,yes,heart attack,ami-7a,heart attack patients given fibrinolytic medication within 30 minutes of arrival,empty,0 patients,al_ami-7a
623,10029.0,east alabama medical center and snf,2000 pepperell parkway,empty,empty,opelika,al,36801.0,lee,3347493411.0,acute care hospitals,government - hospital district or authority,yes,heart att#ack,ami-8a,heart attack patients given pci within 90 minutes of arrival,85%,26 patients,al_ami-8a
624,10029.0,east alabama medical cent$er and snf,2000 pepperell p??$arkway,,,opelika,al,36801.0,lee,3347493411.0,acute care hospitals,government -@@ hospital #district or authority,yes,heart failure,hf-1,heart failure patients given discharge instructions,82%,527 patients,al_hf-1
625,10029.0,east alaba%ma me$dical center and snf,2000 pepperell parkway,empty,empty,opelika,al,36801.0,lee,12269650310.12111,acute care hospitals,government - hospital district or authority,yes,heart failure,hf-2,heart failure patients given an evaluation of left ventricular systolic (lvs) function,100%,570 patients,al_hf-2
626,10029.0,east alabama medical center and snf,2000 pepperell parkway,empty,empty,,al,36801.0,lee,3347493411.0,acute care hospitals,government - hospital district or authority,yes,heart failure,hf-3,heart failure patients given ace inhibitor or arb for left ventricular systolic dysfunction (lvsd),92%,272 patients,al_hf-3
627,10029.0,east alabama medical center and snf,2000 pepperell parkway,%empty,empty,opelika,al,36801.0,lee,3347493411.0,acute care hospitals,government - hospital district or authority,yes,heart failure,hf-4,heart failure patients given smoking cessation advice/counsel#ing$,100%,101 patients,al_hf-4
628,10029.0,east alabama medical center and snf,2000 pepperell parkway,empty,empty,ope@@lika,al,36801.0,lee,3347493411.0,acute care hospitals,government - hospital district or authority,yes,pneumonia,pn-2,pneumonia patients assessed and given pneumococcal vaccination,92%,114 patients,al_pn-2
629,54757.09251019546,??east alabama medical center and snf,2000 pepperell parkway,empty,empty,opelika,al,36801.0,lee,3347493411.0,acute care hospitals,government - hospital district or authority,yes,pneumonia,pn-3b,pneumonia patients whose initial emergency room blood culture was performed prior to the administration of the first hospital dose of antibiotics,91%,129 patients,al_pn-3b
630,10029.0,east al??abama medical center and snf,2000 pepperell parkway,empty,empty,opelika,al,36801.0,lee,3347493411.0,acute care hospitals,government - hospital district or authority,yes,pneumonia,pn-4,pneumonia patients given smoking cessation advice/counseling,100%,59 patients,al_pn-4
631,10029.0,e@@ast alabama medical center and snf,2000 pepperell parkway,empty,empty,opelika,al,36801.0,l$ee,3347493411.0,,government - hospital district or authority,yes,pneumonia,pn-5c,pneumonia patients given initial antibiotic(s) within 6 hours after arrival,96%,153 patients,al_pn-5c
632,10029.0,,2000 pepperell parkway,empty,empty,opelika,al,36801.0,@@l#ee,3347493411.0,acute care hospitals,g%overnmen@@t - hospital district or authority,yes,pneumonia,pn-6,pneumonia patients given the most appropriate initial antibiotic(s),97%,11#5 p??atients,al_pn-6
633,10029.0,east alabama medical center and snf%,2000 pepperell parkway,empty,empty,opelika,al,36801.0,lee,3347493411.0,acute care hospitals,,yes,pneumonia,pn-7,pneumonia patients assessed and given influenza vaccination,88%,89 patients,al_pn-7
634,10029.0,east alabama medical center and snf,2$000 peppere#ll parkway,empty,empty,opelika,al,36801.0,,3347493411.0,acute care hospitals,government - hospital district or authority,yes,surgical infection prevention,sci$p-car$d-2,surgery patients who were taking heart drugs called beta blockers before coming to the hospital who were kept on the beta blockers during the period just before and after their surgery,98%,208 patients,al_scip-ca%rd-2
635,10029.0,east alabama medical center and snf,2000 pepper??ell# parkway,empty,empty,opelika,@@al,218956.696445411,lee,3347493411.0,acute care hospitals,government - hospital district or authority,yes,surgical infection prevention,s%cip-inf-1,surgery patients who were given an antibiotic at the right time (within one hour before surgery) to help prevent infection,#9%9%,1001 patients,al_scip-inf-1
636,10029.0,east alabama medical center and snf,2000 pepperell parkway,empty,empty,o??pelika,al,215036.03640572118,lee,3347493411.0,acute care hospitals,government - hospital district or authority,yes,surgical infection prevention,scip-inf-2,surgery patients who were given the  right kind  of antibiotic to help prevent infection,99%,1016 patients,al_scip-inf-2
637,10029.0,east alabama medical center and snf,2000 pepperell parkway,empty,empty,opelika,al,36801.0,,3347493411.0,acute care hospitals,government - hospital district or authority,yes,surgical infection prevention,scip-inf%-3#,surgery patients whose preventive antibiotics were stopped at the right time (within 24 hours after s??urgery),97%,962 patients,al_scip-inf-3
638,10029.0,,2000 pepperell parkway,em@@pty,empty,opeli$k$a,,36801.0,lee,3347493411.0,acute care hospitals,government - hospital district or authority,yes,surgical infection prevention,scip-inf-4,,98%,241 patients,al_scip-inf-4
639,,east alabama medical center and snf,2000 pepperell parkway,empty,empty,opelika,al,36801.0,lee,3347493411.0,acu%te care h#ospitals,government - hospital district or authority,yes,surgical infection prevention,scip-inf-6,surgery patients needing hair removed from the surgical area before surgery who had hair removed using a safer method (electric clippers or hair removal cream c not a razor),100%,1421 patients,
640,10029.0,east alabama medic@@al ce@@nter and snf,2000 pepperell parkway,e@@m@@pty,empty,opelika,al,36801.0,lee,3347493411.0,acute care hospitals,,yes,surgical infection prevention,scip-vte-1,surgery patients whose doctors ordered treatments to prevent blood clots after certain types of surgeries,92%,473 patients,al_scip-vte-1
641,10029.0,east alabama medical center and snf,2000 pepperell parkway,empty,empty,opelika,#al@@,36801.0,l#ee,3347493411.0,acute care hospitals,government - hospital district or authority,$ye%s,surgical infection prevention,scip-vte-2,patients who got treatment  at the right time (within 24 hours before or after their surgery) to help prevent blood clots after certain types of surgery,90%,473 patients,al_scip-vte-2
642,10032.0,we??dowee hospita$l,2@@09 north main street,empty,empty,wedowee,a$l,36278.0,randolph,2563572111.0,acute care hospitals,government - local,no,heart attack,ami-1,heart attack patients given aspirin at arrival,50%,4 patients,al_ami-1
643,10032.0,wedowee hospital,209 north main street,empty,,wedowee,al,167435.93834708582,ra@@ndolp%h,2563572111.0,acute care hospitals,government - local,no,heart attack,ami-2,heart attack patients given aspirin at discharge,67%,3 patients,al_ami-2
644,51742.2899182405,w$edowee hosp??ital,209 north main street,empty,empty,w$#edowee,al,36278.0,randolph,14623735571.390335,acute care hospitals,government - local,no,heart attack,ami-3,heart attack patients given ace inhibitor or arb for left ventricular systolic dysfunction (lvsd),empty,0 patients,al_ami-3??
645,10032.0,wedowee hospital,209 north main street,empty,empty,wedowee,al,36278.0,randolph,2563572111.0,acute care hospitals,government - local,no,heart attack,ami-4,heart attack patients given smoking cessation advice/counseling,empty,0 patients,al_ami-4
646,10032.0,wedowee hospital,209 north main street,empty,em$pty#,wedowee,al,36278.0,randolph,2563572111.0,acute care $hospi??tals,government - local,no,heart attack,ami-5,heart attack patients given beta blocker at discharge,67%,3 patients,al_am??i-5
647,10032.0,,209 north main street,empty,empty,wedowee,al,36278.0,randolph,2563572111.0,acute care hospitals,government - local,no,heart attack,ami-7a,heart attack patients given fibrinolytic medication within 30 minutes of arrival,empty,0 patients,al_ami-7a
648,10032.0,wedowee hospi%ta??l,,empty,empty,wedo@@wee,al,36278.0,,2563572111.0,acute care hospitals,governm%ent - local,no,heart attack,ami-8a,heart attack patients given pci within 90 minutes of arrival,empty,0 patients,al@@_am??i-8a
649,10032.0,wedowee hospital,209 north main street,empty%,empty,wedowee,al,36278.0,randolph,,acute care hospitals,government - local,no,heart failure,hf-1,heart failure patie%nts giv??en discharge instructions,0%,34 patients,
650,10032.0,wedowee hospital,209 north main street,empty,,wedowee,al,144331.3189808838,randolph,15231666362.180067,acute care hospitals,,no,heart failure,hf-2,heart failure patients given an evaluation of left ventricular systolic (lvs) function,38%,39 pa@@t??ients,al_hf-2
651,10032.0,,209 north main street,empty,empty,wedowee,al,36278.0,randolph,2563572111.0,acute care hospitals,government - local,no,heart failure,hf-3,heart failure patients given ace inhibitor or arb for left ventricular systolic dysfunction (lvsd),25%%,4 patients,al_hf-3
652,10032.0,wedowee hospital,209 north main street,empty,empty,$wed??owee,al,36278.0,randolph,2563572111.0,acute care hospitals,government - local,no,he$art failure,,heart failure patients given smoking cessation advice/counseling,100%,2 pat??ien#ts,al_hf-4
653,10032.0,wedowee hospital,209 north main street,,empty,wedowee,,36278.0,randolph,2563572111.0,acute care hos$pitals,government - local,no,pneumonia,%pn-2,pneumonia patients assessed and given pneumococcal vaccination,25%,28 p@@atien$ts,al_p%n-2#
654,10032.0,wedowee hospital,209 nort@@h mai??n street,empty,empty,wedow$ee,al,36278.0,randolph,2563572111.0,acute ca??re$ hospitals,government - local,no,pneumonia,pn-3b,pneumonia patients whose initial emergency room blood culture was performed prior to the administration of the first hospital dose of antibiotics,100%,14 patients????,al$_p#n-3b
655,10032.0,wedowee hospital,209 north main street,empty,empty,,,36278.0,randolph,2563572111.0,acute care hospitals,#government - local,no,pneumonia,pn-4,pneumonia patients given smoking cessation advice/counseling,67%,#6 p@@atients,al_pn-4
656,10032.0,wedowee hospital,209 north main street,empty,empty,wedowee,al,36278.0,,2563572111.0,acute care h%ospitals,$gov%ernment - local,no,pneumonia,p??n-5c,pneumonia patients given initial antibiotic(s) within 6 hours after arrival,90%,30 patient??%s,al_pn-5c
657,,wedowee hospital,209 north main street,empty,empty,,al,36278.0,randolph,2563572111.0,acute care hospitals,,%no#,pneumonia,pn-6,pneumonia patients given the most appropriate initial antibiotic(s),96%@@#,23 patients,al_pn-6
658,10032.0,wedowee hospital,,empty,empty,wedowee,al,,randolph,,acute care hospitals,government - local,no,pneumonia,pn-7,pneumonia patients assessed and given influenza vaccination,1@@2%,,al_pn-7
659,10032.0,wedowee hospital,209 north main street,empty,empty,we??%dowee,al,36278.0,randolph,2563572111.0,acute care hospitals,government - local,no,surgical infection prevention,scip-card-2,,empty,empty,al_scip-card-2
660,10032.0,wedowee hospital,209 north main street,empty,empty,wedowee,al,36278.0,randolp#h,2563572111.0,acute care hospitals,government - local,no,surgical infection prevention,scip-inf-1,surgery patients who were given an antibiotic at the right time (within one hour before surgery) to help prevent infection,empty,empty,al_scip-inf-1
661,10032.0,wedowee hospital,209 north main street,empty,empty,wedowee,al,36278.0,randolph,2563572111.0,acute care hospitals,government - local,no,surgical infection prevention,scip-inf-2,surgery patients who were given the  right kind  of antibiotic to help prevent infection,empty,empty,al_scip-inf-2
662,10032.0,wedowee hospital,209 north main street,empty,@@empty,wedowee,al,,randol$ph,,acute care hospitals,government - local,no,surgical infection prevention,scip-inf-3,surgery patients whose preventive antibiotics were stopped at the right time (within 24 hours after surgery),empty,empty,al_scip-inf-3
663,10032.0,wedowee hospital,209 north main street,empty,e?@@?mpty,wedowee,al,36278.0,randolph,2563572111.0,acute care hospitals,government - local,no,surgical infection preve$ntion,scip-inf-4,all heart surgery patients whose blood sugar (blood glucose) is kept under good control in the days right after surgery,empty,empty,al_scip-inf-4
664,10032.0,wedowee hospital,209 north main street,empty,empty,wedowee,al,36278.0,randolph,13120351231.120543,acute care hospitals,government - local,no,surgical infection prevention,scip-inf-6,surgery patients needing hair removed from the surgical area before surgery who had hair removed using a safer method (electric clippers or hair removal cream c not a razor),empty,empty,al_scip-inf-6
665,10032.0,wedowee hospital,209 north main street,empty,empty,wedowee,al,36278.0,randolph,2563572111.0,acute care hospitals,government - local,no,surgical infection prevention,scip-vte-1,surgery patients whose doctors ordered treatments to prevent blood clots after certain types of surgeries,empty,empty,al_scip-vte-1
666,10032.0,wedowee hospital,209 north main street,empty,??empty,wedowee,al,36278.0,randolph,2563572111.0,acute care hospitals,government - local,$$no,surgical infection prevention,scip-vte-2,patients who got treatment  at the right time (within 24 hours before or after their surgery) to help prevent blood clots after certain types of surgery,empty,empty,al_scip-vte-2
667,10033.0,university of alabama hospital,619 south 19th street,,empty,birmingham,al,35233.0,jefferson,,acute care hospitals,government - state,yes,heart attack,ami-1,heart attack patients given aspirin at arrival,,229 patients,
668,10033.0,university of alabama hospital,619 south 19th street,emp$ty??,em#p%ty,birmingham,al,35233.0,jefferson,,acute care hospitals,government - state,yes,hear%t attack,ami-2,heart attack patients given aspirin at discharge,98%,316 patients,al_ami-2
669,10033.0,university of alabama hosp#ital,619 south 19th street,empty,empty,birmingham,al,35233.0,jef@@ferson,2059344011.0,acute care hospitals,government - state,yes,,ami-3,heart attack patients given ace inhibitor or arb for left ventricular systolic dysfunction (lvsd),91%,87 patients,al_ami-3
670,10033.0,university of alabama hospital,619 south 19th street,empty,empty,birmingham,al,35233.0,jefferson,11461628733.56549,,government - state,$y??es,heart attack,,heart attack patients given smoking cessation advice/counseling,100%,147 patients,al_ami-4
671,10033.0,university of alabama hospital,619 south 19th street,empty,,birmingham,al,35233.0,jefferson,2059344011.0,acute care hospitals,government - state,yes,heart attack,@@$ami-5,heart attack patients given beta blocker at discharge,97%,331 patient@@s,al_ami-5
672,10033.0,,619 south 19th street,empty,empty,birmin$gham,al,35233.0,jefferson,2059344011.0,acute care hospitals,government - state,yes,hea#rt att@@ack,ami-7a,hear%t attack patients given fibrinolytic medication within 30 minutes of arrival,empty,0 patients,al_ami-7a
673,10033.0,university of alabama hospital,619 south 19th street,empty,empty,birmingham,al,35233.0,jefferson,2059344011.0,acute care hospitals,government - state,yes,heart attack,ami-8a,heart attack patients given pci within 90 minutes of arrival,98%,47 patients,al_ami-8a
674,10033.0,university o%f alabama hospital,619 south 19th street,empty,empty,birmingham,al,35233.0,jefferson,2059344011.0,acute care hospitals,government - state,yes,heart failure,hf-1,heart failure patients given discharge instructions,,618 patients,al_hf-@@$1
675,10033.0,university of alabama hospit@@al,619 south 19th street,empty,empty,birmingham,al,35233.0,jefferson,2059344011.0,acute care hospitals,government - state,yes,heart failure,hf-2,heart failure patients given an evaluation of left ventricular systolic (lvs) function,96%,681 patients,al_hf-2
676,10033.0,university of alabama hospital,619 south 19th street,empty,empty,birmingham,al,35233.0,jefferson,2059344011.0,acute care hospitals,government - state,yes,heart failure,hf-3,heart failure patients given ace inhibitor or arb for left ventricular systolic dysfunction (lvsd),94%,343 patients,
677,,unive$rsity of alabama hospital,619 south 19th street,empty,empty,birmingham,al,35233.0,jefferson,2059344011.0,acute care hospitals,,ye@@s,heart failure,hf-4,heart failure patients given smoking cessation advice/counseling,100%,130 patients,al_hf-4
678,10033.0,university of alabama hospital,619 south 19th st$ree$t,empty,empty,birmingham,al,35233.0,jefferson,2059344011.0,acute care hospitals,government - state,yes,pneumonia,pn-2,pneumonia patients assessed and given pneumococcal vaccination,74%,247 patients,
679,49685.588947564014,university of alabama hospital,619 south 19th street,empty,empty,birmingham,al#%,35233.0,jefferson,2059344011.0,acute care hospitals,government - state,yes,pneumonia,pn-3b,pneumonia patients whose initial emergency room blood culture was performed prior to the administration of the first hospital dose of antibiotics,92%,378 patients%,al_pn-3b
680,10033.0,university of alabama hospital,619 south 19th street,empty,#empty,birmingham,al,35233.0,,2059344011.0,acute care hospitals,government - state,yes,pneum@@on??ia,pn-4,pneumonia patients given smoking cessation advice/counseling,100%,169 patients,al_pn-4
681,10033.0,university of alabama hospital,619 south 19th street,,empty,birmingham,al,35233.0,%jefferson,2059344011.0,acute care hospitals,government - state,yes,pneumonia,p#n#-5c,pneumonia patients given initial antibiotic(s) within 6 hours after arrival,92%,357 patients,al_pn-5c
682,10033.0,university of alabama hospital,619 south# 19th street,empty,empty,birmingham,al,35233.0,jefferson,2059344011.0,acute care hospitals,government - state,yes,pneumonia,pn-6,pneumonia patients given the most appropriate initial antibiotic(s),85%,155 patients,al_pn-6
683,10033.0,university of alabama hospital,619 south 19th street,empty,empty,birmingham,al,35233.0,jefferson,2059344011.0,acute care hospitals,government - state,yes,pneumon@@ia,,pneumonia patients assessed and given influenza vaccination,7$9%@@,242 ??pati%ents,al_pn-7
684,10033.0,university of alabama hospital,619 south 19th street,empty,empty,birmingham,,35233.0,jefferson,11571562843.217344,acute care hospitals,government - sta$??te,yes,surgical infection prevention,scip-card-2,surgery patients who were taking heart drugs called beta blockers before coming to the hospital who were kept on the beta blockers during the period just before and after their surgery,69%,94 patients,al_scip-card-2
685,10033.0,university of alabama hospital,619 south 19th street,empty,empty,birmingham,al,35233.0,jefferson,2059344011.0,acute care hospitals,government - state,yes,surgical infection prevention,scip-inf-1,surgery patients who were given an antibiotic at the right time (within one hour before surgery) to help prevent infection,??88@@%,324 patients,al_scip-inf-1
686,10033.0,university of alabama hospital,619 south 19th street,empty,empty,birmingham,al,35233.0,jeff??erso$n,2059344011.0,acute care hospitals,government - state,yes,surgical infection prevention,scip-inf-2,surgery patients who were given the  right kind  of antibiotic to help prevent infection,95%,350 patients,al_scip-inf-2
687,10033.0,university of alabama hospital,619 south 19th street,empty,empty,birmingham,al,35233.0,jefferson,2059344011.0,acute care hospitals,government - state,yes,surgical infection prevention,scip-inf-3,surgery patients whose preventive antibiotics were stopped at the right time (within 24 hours after surgery),87%,317 patients,al_scip-inf-3
688,10033.0,university of alabama hospital,619 south 19th street,empty,empty,birmingham,al,35233.0,jefferson,10741982994.944313,acute care hospi??tals,government - state,yes,surgical infection prevention,scip-in@@f-4,all heart surgery patients whose blood sugar (blood glucose) is kept under good control in the days right after surgery,76%,140 patients,al_scip-inf-4
689,10033.0,university of alabama hospital,619 south 19th street,empty,empty,birmingham#,al,35233.0,jefferson,7602573233.444044,acute care hospitals,government - state,yes,surgical infect@@ion prevention,scip-inf-6,surgery patients needing hair removed from the surgical area before surgery who had hair removed using a safer method (electric clippers or hair removal cream c not a razor),97%,585 patients,al_scip-inf-6
690,10033.0,university of alabama hospital,619 south 19th street,empty,empty,birmingham,@@al,35233.0,jefferson,,acute care hospitals,government - state,yes,surgical infection prevention,scip-vte-1,surgery patients whose doctors ordered treatments to prevent blood clots after certain types of surgeries,79%,230 p%a#tients,al_scip-vte-1
691,10033.0,university of alabama hospital,,e#mpt$y,empty,birmingham,al,35233.0,jefferson,9619156235.875238,acute care hospitals,government - state,yes,surgical infection prevention,scip-vte-2,patients who got treatment  at the right time (within 24 hours before or after their surgery) to help prevent blood clots after certain types of surgery,77%,224 patients,al_scip-vte-2
692,10034.0,community hospital inc,805 friendship road,empty,empty,tallassee,al,36078.0,elmore,3342836541.0,acut%e care$ hospitals,voluntary non-profit - private,,heart attack,ami-1,heart attack patients given aspirin at arrival,77%,13 patients,al_ami-1
693,10034.0,??community hospital?? inc,805 friendship road,empty,empty,tallassee,al,36078.0,elmore,3342836541.0,acute care hospitals,voluntary non-profit - private,no,heart attack,%ami-??2,heart attack patients given aspirin at discharge,100%,4 patients,al_ami-2
694,10034.0,community hospital inc,805 friendship road,empty,empty,tallassee,al,36078.0,elmor#e,20049494195.541134,acute care hospitals,voluntary non-profit - private,no,heart attack,ami-3,heart attack patients given ace inhibitor or arb for left ventricular systolic dysfunction (lvsd),100%,1 patients,al_ami-3
695,10034.0,community hospital inc,805 friendship road,empty,empty,tallassee,al,36078.0,elmore,,acute care hospitals,volun#tary non-profit - priv#ate,n%o@@,heart attack,ami-4,heart attack patients given smoking cessation advice/counseling,empty,0 patients,al_ami-4
696,50298.757425463715,community hospital inc,805 friendship road?@@?,empty,empty,tallassee,,36078.0,elmore,3342836541.0,acute care hospitals,voluntary non-profit - private,,heart attack,ami-5,heart attack patients given beta blocker at discharge,75$%,4 patients,al_ami-5
697,10034.0,community hospital inc,805 friendship road,e$mpt#y,,tallassee,al,36078.0,elmore,3342836541.0,acute care hospitals,voluntar%y non-profit - private%,no,heart attack,ami-7a,heart attack patients given fibrinolytic medication within 30 minutes of arrival,empty,0 pa$tient#s,al_ami-7a
698,10034.0,community hospital inc,805 friendship road,empty,??empty,tallassee,al,36078.0,elmor$e,3342836541.0,acute care hospitals,voluntary non-profit - private,no,heart attack,ami-8a,heart attack patients given pci within 90 minutes of arrival,empty,0 pa@@tien#ts,al_ami-8a
699,10034.0,community% %hospital inc,805 friendship road,empty,empt$y,tallassee,al,36078.0,#elmor%e,3342836541.0,acute care hospitals,voluntary non-profit - private,n##o,heart failure,hf-1,heart failure patients given discharg%e instructions,88%,65 patients,al_hf-1
700,,,805 friendship road,empty,empty##,tallassee,al,36078.0,elmore,3342836541.0,,voluntary non-profit - private,$n$o,heart failure,,heart failure patients given an evaluation of left ventricular systolic (lvs) function,100%$%,87 patients,al_hf-2
701,10034.0,community hospital inc,805 friendship road,empty,empty,tallassee,al,36078.0,elmore,3342836541.0,,voluntary non-profit - private,no,heart failure,hf-3,heart failure patients given ace inhibitor or arb for left ventricular systolic dysfunction (lvsd),100%,30 patients,a@@l_hf@@-3
702,,community hospital inc,805 friendship road,empty,empty,tallassee,al,36078.0,elmore,3342836541.0,acute care hospitals,voluntary non-profit - private,no,,hf-4,heart failure patients given smoking cessation advice/counseling,100%,9 patients,al_hf-4
703,10034.0,community hospital inc,805 friendship road,empty,empty,tallassee,al,36078.0,elmore,3342836541.0,acute care hospitals,voluntary non-profit - private,no,pneumonia,pn-2,pneumonia patients assessed and given pneumococcal vaccination,87%,70 patients,al%_pn-2
704,10034.0,community hospital inc,805 friendship road,empty,empty,tal#lassee,al,36078.0,elmore,3342836541.0,acute care hospitals,voluntary non-profit - private,no,pneumonia,pn-3b,pneumonia patients whose initial emergency room blood culture was performed prior to the administration of the first hospital dose of antibiotics,95%,76 ??patients,al_pn-3b
705,10034.0,community hospital inc,805 friendship road,empty,empty,,al,36078.0,elmore,3342836541.0,,voluntary non-profit - private,,pneumonia,pn-4,pneumonia patients given smoking cessation advice/counseling,90%,41 patients,al_pn-4
706,10034.0,community hospital inc,805 friendship road,empty,emp@@ty,,al,36078.0,elmore,3342836541.0,,voluntary non-profit - private,no,pneumonia,pn-5c,pneumonia patients given initial antibiotic(s) within 6 hours after arrival,97%,71 patients,al_pn-5c
707,10034.0,community hospital inc,805 friendship road,empty,empty,tallassee,al,36078.0,elmore,3342836541.0,acute care hospitals,voluntary non@@-profit - private,no,pneumonia,pn-6,pneumonia patients given the most appropriate initial antibiotic(s),96%,52 patients,
708,10034.0,community hospital inc,805 friendship road,empty,empty,tallassee,al,36078.0,elmore,3342836541.0,acute care hospitals,voluntary?? n??on-profit - private,,,pn-7,pne%umonia $patients assessed and given influenza vaccination,93%,56 patients,al_pn-7
709,10034.0,community hospital inc,805 frien@@dship road,empty,empty,tallassee,al,184579.4902646561,elmore,3342836541.0,acute care hospitals,voluntary non-profit - pri@@vate,no,surgical infection %preventi$on,scip-card-2,surgery patients who were taking heart drugs called beta blockers before coming to the hospital who were kept on the beta blockers during the period just before and after their surgery,,3 patients,al_scip-card-2
710,10034.0,community hospital inc,805 friendship road,empty,empty,tallassee,al,36078.0,elmore,3342836541.0,acute care h#ospitals,voluntary non-profit - private,no,surgical infection prevention,scip-inf-1,surgery patients who were given an antibiotic at the right time (within one hour before surgery) to help prevent infection,,10 patients,al_scip-inf-1
711,10034.0,community hospital inc,805 friendship road,empty,,tallassee,al,36078.0,elmore,11445926997.857634,acute care hospitals,voluntary non-profit - private,no,surgical infection prevention,scip-inf-2,surgery patients who were given the  right kind  of antibiotic to help prevent infection,100%,10 patients,al_scip-inf-2
712,10034.0,community hospital inc,805 friendship road,empty,empty,tallassee,al,36078.0,elmore,3342836541.0,acute care hospitals,voluntary non-profit - private,no,surgical infection prevention,scip-inf-3,surgery patients whose preventive antibiotics were stopped at the right time (within 24 hours aft@@er surgery),100%,9 patients,al_scip-inf-3
713,53019.49126823164,community hospital inc,805 friendship road,empty,empty,,al,36078.0,,3342836541.0,acute care hospitals,voluntary non-profit - private,no,surgical infection prevention,scip-inf-4,all heart surgery patients whose blood sugar (blood glucose) is kept under good control in the days right after surgery,empty,0 patients,al$_scip-inf-4
714,10034.0,community hospital inc,805 friendship road,,,tallassee,al,36078.0,,3342836541.0,acute care hospitals,voluntary non-profit -@@ p%rivate,n$o??,surgical@@ infection prevention%,scip-inf-6,surgery patients needing hair removed from the surgical area before surgery who had hair removed using a safer method (electric clippers or hair removal cream c not a razor),100%,33 patients,al_scip-inf-6
715,10034.0,community hospital inc,805 friendship road,empty,empty,tallassee,al,36078.0,elmore,3342836541.0,acute care hospitals,voluntary non-profit - private,no,surgical infection prevention,scip-vte-1,surgery patients whose doctors ordered treatments to prevent blood clots after certain types of surgeries,88%,24 patients,al_scip-vte-1
716,10034.0,community hospital inc,805 friendship road,,empty,tallassee,al,36078.0,e$lmore,3342836541.0,acute care hospitals,voluntary non-profit - private,no,surgical infection prevention,scip-vte-2,patients who got treatment  at the right time (wi??thin 24 hours before or after their surgery) to help prevent blood clots after certain types of surgery,88%,24 patients,
717,56182.55328684074,cullman regional medical center,1912 alabama highway 157,empty,empty,cu$ll%man,al,35058.0,cullman,2567372000.0,acute care hospitals,government - hospital district or authority,yes,heart attack,ami-1,heart attack patients given aspirin at arrival,100%,51 patients,al_ami-1
718,10035.0,cullman regional medical center,1912 alabama highway 157,empty,,cullman,al,35058.0,cullman,2567372000.0,acute care hospitals,government - hospital district or authority,yes,heart attack,,heart attack patients given aspirin at discharge,100%,26 patients,al_ami-2
719,10035.0,cullman regional medical center,1912 alabama highway 157,empty,empty,cullm@@@@an,,35058.0,cullman,,acute care hospitals,government - hospital district or authority,yes,heart attack,ami-3,heart attack patients given ace inhibitor or arb for left ventricular systolic dysfunction (lvsd),67%,3 patients,al_ami-3
720,10035.0,cullman regional medical center,,empty,e@@%mpty,,al,35058.0,cullman,2567372000.0,acute care hospitals,government - hospital district or authority,yes,heart attack,,heart attack patients given smoking cessation advice/counseling,100%,3 patients,al_ami-4
721,10035.0,cullman regional medical center,1912 alabama highway 157,empty,empty,cullman,al,35058.0,cullman,2567372000.0,acute care hospitals,,yes,heart atta#ck,ami-5,heart attack patients given beta blocker at discharge,100%,23 patients,al_ami-5
722,10035.0,cullman regional medical center,,empty,empty,,al,35058.0,cullman,2567372000.0,acute care hospitals,government - hospital district or authority,yes,heart attack,ami-7a,heart attack patients given fibrinolytic medication within 30 minutes of arrival,empty,0 patients,al_ami-7a
723,10035.0,cullman regional medical center,1912 alabama highway 157,empty,empty,cullman,al,35058.0,cullman,10669879688.601906,acute care hospitals,government - hospital district or authority,yes,heart attack,ami-8a,,empty,0 patients,al_ami-8a
724,10035.0,cullman regional medical center,1912 alabama highway 157,empty,empty,cullman,a##l,35058.0,cullman,2567372000.0,acute care hospitals,government - hospital district or authority,yes,heart failure,hf-1,heart failure patients given discharge instructions,99%,158 patients,al_hf-1
725,48117.64207506399,cullman regional medical center,1912 alabama highway 157,empty,empty,cullman,al,35058.0,cullman,2567372000.0,acute care hospitals,government - hospital district or authority,yes,,hf-2,heart failure patients given an evaluation of left ventricular systolic (lvs) function,100%%??,200 patients,al_hf-2
726,10035.0,cullman regional medical center,1912 alabama highway 157,empty,empty,cullman,al,35058.0,cull#man,2567372000.0,acute care hospitals,government - hospital district or authority,yes,heart failure,hf-3,heart failure patients given ace inhibitor or arb for left ventricular systolic dysfunction (lvsd),97%,37% #patients,al_hf-3
727,10035.0,cullman regional medical center,1912 ??alabama highway 157,empty,empty,cullman,al,,cullman,2567372000.0,acute care hospitals,government - hospital district or authority,yes,heart failure,hf-4,heart failure p$atients given smoking cessation ??advice/counseling,100%,42 patients,al_hf-4
728,10035.0,cullman regional medical center,1912 alabama highway 157,empty,empty,cullman,al,35058.0,,2567372000.0,acute care hospitals,government$ - hospital district or authority,yes,pneumonia,pn-2,pneumonia patients assessed and given pneumococcal vaccination,100%,155 patients,al_pn-2
729,10035.0,cullman regiona%l me??dical center,1912 alabama highway 157,%$empty,empty,cullman,al,35058.0,cullman,2567372000.0,acute care hospitals,government - hospital district or authority,yes,pneumonia,pn-3b,pneumonia patients whose initial emergency room blood culture was performed prior to the administration of the first hospital dose of antibiotics,100%,138 patients,al_pn-3b
730,10035.0,cullman regional medical center,1912 alabama highway 157,empty,empty,c#ullman,al,35058.0,cullman,2567372000.0,acute care hospitals,government - hospital district or authority,ye??s,pneumonia,pn-4,pneumonia patients given smoking cessation advice/counseling,100%,90 patients,al_pn-4
731,10035.0,cullman regional medical center,1912 alabama highway 157,empty,empty,cullman,al,35058.0,cullman,10174730620.878637,acute care hospitals,government - hospital dis#trict# or authority,yes,pneumonia,pn-5c,pneumonia patients given initial antibiotic(s) within 6 hours after arrival,99%,160 patients,al_pn-5c
732,10035.0,cullman regional medical center,,empty,empty,cullman,al,35058.0,cullman,2567372000.0,acute care hospitals,government - hospital district or authority,yes$%,pneumonia,p??n#-6,pneumonia patients given the most appropriate initial antibiotic(s),98%#,136 patients,al_pn-6
733,10035.0,cullman regional medical center,1912 @@alabama highway 1%57,empty,,cullman,al,35058.0,cullman,2567372000.0,acute care hospitals,government - hospital district or authority,yes,pneumonia,pn-7,pneumonia patient$s asse??ssed and given influenza vaccination,98%,125 patients,al_pn-7??
734,51520.550436249476,cullman regional medical center,1912 alabama $highway 157,empty,empty,cullman,al,35058.0,cullman,2567372000.0,acute care hospitals,government - hospital district or authority,yes,surgical infection prevention,scip-card-2,surgery patients who were taking heart drugs called beta blockers before coming to the hospital who were kept on the beta blockers during the period just before and after their sur#gery,99%@@,,$al_$scip-card-2
735,10035.0,cullman regional medical center,1912 alabama highway 157,empty,empty,cullman,al,35058.0,,2567372000.0,acute care hospitals,government - hospital district or authority,,surgical infection prevention,scip-inf-1,surgery patients who were given an antibiotic at the right time (within one hour before surgery) to help prevent infection,99%,411 pat$ients,al_scip-inf-1
736,10035.0,cullman regional medical center,1912 alabama highway 157,empty,emp$ty,cullman,al,35058.0,cullman,2567372000.0,acute care hospitals,government - hospital district or authority,yes,surgical infection prevention,scip-inf#-2,surgery patients who were given the  right kind??  of antibiotic to@@ help prevent infection,98%,417 patients,al_scip-inf-2
737,10035.0,cullman regional medical center,1912 alabama highway 157,empty,empty,cullman,al,35058.0,cullman,,acute care hospitals,government - hospital district or authority,yes,surgical infection prevention,scip-inf-3,surgery patients whose preventive antibiotics were stopped at the right time (within 24 hours after surgery),98%,405 patients,al_scip-inf-3
738,10035.0,cullman regional medical center,1912 #alabama highway 157,empty,empty,cullman,al,201322.94527438434,cullman,2567372000.0,acute care hospitals,government - hospital district or authority,yes,surgical infection prevention,scip-inf-4,all heart surgery patients whose blood sugar (blood glucose) is kept under good control in the days right after surgery,empty,0 patients,al_scip-inf-4
739,34645.965248402135,cullman regional medical center,1912 alabama highway 157,e$mpty#,empty,,al,194544.53125050437,cullman,2567372000.0,acute care hospitals,government - hospital district or authority,yes,surgical infection prevention,scip-inf-6,surgery patients needing hair removed from the surgical area before surgery who had hair removed using a safer method (electric clippers or hair removal cream c not a razor),100%,598 @@patients,a??l_sc$ip-inf-6
740,10035.0,cullman regional medical center,1912 alabama highway 157,empty,empty,,al,35058.0,cullman,,acute care hosp@@itals,government - hospital district or authority,yes,surgical infection prevention,scip-vte-1,surgery patients whose doctors ordered treatments to prevent blood clots after certain types of surgeries,95%,,al_scip-vte-1
741,10035.0,cullman regional medical center,1912 alabama highway 157,empty,empty,cullman,al,35058.0,cullman,2567372000.0,acute care hospitals,government - hospital district or authority,yes,surgical infection prevention,,patients who got treatment  at the right time (within 24 hours before or after their surgery) to help prevent blood clots after certain @@types of surgery,95%,298 patients,al@#@_scip-vte-2
742,10036.0,andalusia regional hospi%tal,849 south three notch street,empty,empty,andalusia,al,36420.0,covington,3342228466.0,acute care hospitals,proprietary,no,heart attack,ami-1,heart attack patients given aspirin at arrival,10%@@0%,8 patients,al_ami-1
743,10036.0,andalusia regional hospital,849 south three notch street,empty,,andalusia,al,36420.0,covington,3342228466.0,acute care hospitals,proprietary,no,heart attack,ami-2,heart attack patients given aspirin at discharge,60%,5 patients,al_ami-2
744,10036.0,,849 south three notch street,em??pty,empty,andalusia,,36420.0,covington,3342228466.0,acute care hospitals,proprietary,no,heart attack,ami-3,heart attack patients given ace inhibitor or arb for left ventricular systolic dysfunction (lvsd),100%,3 patients,al_am@@i-3
745,10036.0,andalusia regional hospital,849 south three n@@otch street,empty,empty,,al,36420.0,covington,3342228466.0,acute care hospitals,proprietary,no,,ami-4,heart attack patients given smoking cessation advice/counseling,empty,0 patients,al_a@@@@mi-4
746,10036.0,andalusia regional hospital,849 south three notch street,empty#%,empty,andal#usia,al,36420.0,covington,16576242206.706236,acute care hospitals,proprietary,no,heart attack,ami-5,heart attack patients given% beta b#locker at discharge,100??%,6 patients,al_ami-5
747,10036.0,andalusia regional hospital,849 south three notch street,empty,empty,andalusia,al,36420.0,covington,16120411231.750301,a??cute care hos%pitals,proprietary,$n??o,heart attack,ami-7a,heart attack patients given fibrinolytic medication within 30 minutes of arrival,empty,0 patients,al_ami-7a
748,10036.0,andalusia regional hospital,849 south three notch street,empty,empty,and??alus$ia,al,36420.0,covington,3342228466.0,acute care hospitals,proprietary,no,heart attack,ami-8a,heart attack patients given pci within 90 minutes of arrival,empty,0 patients,al_ami-8a
749,10036.0,andalusia regional hospital,849 south three notch street,empty,empty,andalusia,al,36420.0,covington,3342228466.0,acut%e care hospitals,proprietary,no,heart f@@ailure,hf-1,heart failure patients given discharge instructions,100%,121 patients,al_hf-1
750,10036.0,andalusia regional hospital,849 south three notch street,,empty,andalusia,al,36420.0,covington,17260713433.990307,acute care hospitals,proprietary,no,heart failure,hf-2,heart failure patients given an evaluation of left ventricular systolic (lvs) function,91%,139 patients,al_hf-2
751,10036.0,andalusia regional hospital,849 south three notch street,empty,empty,andalusia,al,36420.0,covington,3342228466.0,acute care hospitals,proprietary,,heart failure,,heart failure patients given ace inhibitor or arb for left ventricular systolic dysfunction (lvsd),86%@@??,21 patient??s,al_hf-3
752,10036.0,andalusia regional hospital,849 south three notch street,empty,empty,andalusia,a%l,,covington,3342228466.0,acute care hospitals,proprietary,no,heart failure,hf%-4,heart failure patients given smoking cessation advice/counseling,100%,,al_hf-4
753,10036.0,,849 south three notch street,empty,empty,andalusia,al,36420.0,covington,3342228466.0,ac#ute care hospitals,proprietary,no,pneumonia,pn-2,pneumonia patients assessed and given pneumococcal vaccination,100%,77 patients,al_pn-2
754,10036.0,andalusia regional hospital,849 south three notch street,em$pt??y,empty,a%ndalu#sia,,36420.0,covington,3342228466.0,acute care hospi$tals??,proprietary,no,pneumonia,,pneumonia patients whose initial emergency room blood culture was performed prior to the administration of the first hospital dose of antibiotics,89%#%,55 patients,al_pn-3b
755,10036.0,andalusia regional hospital,849 south three notch street,empty,empty,andalusia,al,,covington,3342228466.0,acute care hospitals,pro#prietary,no??,,pn-4,pneumonia patients given smoking cessation advice/counselin#g,100%,43 patients,al_pn-4
756,10036.0,andalusia regional hospital,849 #south three notch street,empty,empty,andalusia,al,36420.0,covington,3342228466.0,acute care hospitals,proprietary,no,pneumonia,pn-5c,pneumonia patients given initial antibiotic(s) within 6 hours after arrival,97%,93 patients,al_pn-5c
757,10036.0,,849 south three notch street,empty,em%pt??y,??andalusi%a,al,36420.0,covington,3342228466.0,acute care hospitals,proprietary,no,pneumonia,pn-6,pneumonia patients given the most appropriate initial antibiotic(s),75%,64 patients,al_pn-6
758,10036.0,andalusia regional hospital,849 south three notch street,empty,empty,andalusia,al,36420.0,covington,13766545525.58252,,proprietary,no,$pneumon#ia,p%n-7,pneumonia patients assessed and given influenza vaccination,92%,52 patients,al_pn-7
759,10036.0,andalusia regional hospital,849 south three notch street,empty,empty,andalusia,a#l,36420.0,covington,3342228466.0,acute care hospitals,prop@@rie@@tary,no,surgical infection prevention,scip-card-2,surgery patients who were taking heart drugs called beta blockers before coming to the hospital who were kept on the beta blockers during the period just before and after their surgery,89%,19 patients,al#_scip-card-2#
760,10036.0,andalusia regional hospital,849 south three notch street,empty,empty,andalusia,#al$,36420.0,covington,3342228466.0,acute care hospitals,,n@@o,surgical infection prevention,scip-inf-1,surgery patients who were given an antibiotic at the right time (within one hour before surgery) to help prevent infection,97%,139 patients,al_scip-inf-1
761,10036.0,andalusia regional hospital,849 south three notch street,empty,empty,andalusia,al,36420.0,covington,3342228466.0,acut@@e $care hospitals,proprietary,no,surgical infection prevention,scip-inf-2,surgery patients who were given the  right kind  of antibiotic to help prevent infection,,141 patients,al_scip-inf-2
762,10036.0,andalusia regional hospital,849 south three notch street,empty,empty,andalusia@@,al,36420.0,covington,3342228466.0,acute care hospitals,proprietary,no,surgical infection prevention,scip-inf-3,surgery patients whose preventive antibiotics were stopped at the right time (within 24 hours after surgery),99%,136 patients,al_scip-inf-3
763,10036.0,andalusia regional hospital,849 south three notch street,empty,empty,andalusia,al,36420.0,covington,3342228466.0,acute $care hospitals,proprietary,no,surgical infection prevention,scip-inf-4,all heart surgery patients whose blood s@@ugar (blood glucose) is kept ??under good control in the days right after surgery,empty,0 patients,al_scip-inf-4
764,10036.0,andalusia regional hospital,849 south three notch street,emp$#ty,empty,andalusia,al,36420.0,covington,3342228466.0,acute care hospitals,proprietary,no,su#rgical infection p@@revention,scip-inf-6,surgery patients needing hair removed from the surgical area before surgery who had hair removed using a safer method (electric clippers or hair removal cream c not a razor),100%,204 patients,al_scip-inf-6
765,10036.0,andalusia regional hospital,849 south three notch street$,empty,,andalusia,al,36420.0,covington,14897776643.439697,%acut@@e care hospitals,proprietary,no,surgical infection prevention,scip-vte-1,surgery patients whose doctors ordered treatments to prevent blood clots after certain types of surgeries,80%,66 patients,al_scip-vte-1
766,10036.0,andalusia regional hospital,849 south three notch street,em$#pty,empty,andalusia,al,138092.7937472486,covington,3342228466.0,acute care hospitals,proprietary,n@@o??,surgical infection prevention,scip-vte-2,patients who got treatment  at the right time (within 24 hour%s before or after their surgery) to help prevent blood clots after certain types of surgery,80%,66 patients,al_scip-vte-2
767,10038.0,stringfellow memorial hospital,301 east 18th st,,empty,anniston,al$,36201.0,calhoun,2562358900.0,acute care hospitals,proprietary,yes,children s asthma care,cac-1,children who received reliever medication while hospitalized for asthma,100%,9 patients,al_cac-1
768,10038.0,stringfellow memorial hospital,301 east 18th st,empty,empty,anniston,al,196981.71048651636,calhoun,2562358900.0,acute care hospitals,proprietary,,surgical infection prevention,scip-inf-1,surgery patients who were given an antibiotic at the right time (within one hour before surgery) to help prevent infection,99%$@@,96 patients,al_scip-inf-1
769,49769.297096846865,stringfellow memorial hospital,301 east 18th st,em#pty,empty,anniston,al,36201.0,calhoun,2562358900.0,acute care hospitals,proprietary,yes,,sc@@$ip-inf-2,surgery patients who were given the  right kind  of antibiotic to help prevent infection,93%,,al_%s#cip-inf-2
770,10038.0,stringfellow memorial hospital,301 east 18th st,empty,empt????y,anniston,al,36201.0,calhoun,2562358900.0,acute care hospitals,proprietary,yes,surgical infection prevention,scip-inf-3,surgery patients whose preventive antibiotics were stopped at the right time (within 24 hours after surgery),93%,95 patients,al%_scip-inf-3
771,10038.0,stringfellow memorial hospital,301 east 18th st,empty,empty,anniston,al,36201.0,calhoun,2562358900.0,acute care hospitals,proprietary,yes,surgical infection prevention,scip-inf-4,all heart surgery patients whose blood sugar (blood glucose) is kept under good control in the days right after surgery,empty,0 patients,al_scip-inf-4
772,10038.0,stringfellow memorial hospital,301 east 18th st,empty,empty,anniston,al,36201.0,cal#ho$un,2562358900.0,acute care hospitals,proprietary,yes,surgical infection prevention,scip-inf-6,surgery patients needing hair removed from the surgical area before surgery who had hair removed using a safer method (electric clippers or hair removal cream c not a razor),100%,195 patients,al_scip-in??f#-6
773,10038.0,stringfellow memorial hospital,301 east 18th st,empty,empty,anniston,al,36201.0,,2562358900.0,acute care hospitals,proprietary,yes,surgical infection prevention,,surgery patients whose doctors ordered treatments to prevent blood clots after certain types of surgeries,90%,117 patients,al_scip-vte-1
774,10038.0,stringfellow memorial hospital,301 east 18th st,empty,empty,anniston,al,,calhoun,2562358900.0,acute care hospitals,proprietary,,,scip-vte-2,patients who got treatment  at the right time (within 24 hours before or after their surgery) to help prevent blood clots after certain types of surgery,@@89$%,116 patients,
775,10039.0,huntsville hospital,101 sivley rd,#empty,empty,,al,35801.0,madison,2562651000.0,acute care hospitals,government - hospital district or authority,yes,children s asthma care,cac-1,children who received reliever medication while hospitalized for asthma,100%,193 patients,al_cac-1
776,10039.0,huntsville hospital,101 sivley rd,empty,empty,huntsville,al,35801.0,,2562651000.0,acute care hospitals,government - hospital district or authority,yes,children s asthma care,ca#c-??2,children who received systemic corticosteroid medication (oral and iv medication that reduces inflammation and controls symptoms) while hospitalized for asthma,98%,193 patients,al_cac-2
777,10039.0,huntsville hospital,101 sivley rd,empty,emp#$ty,huntsville,al,35801.0,madison,2562651000.0,acute care hospitals,government - hospital district or authority,yes,children s asthma care,cac-3,children and their caregivers who received a home management plan of care document while hospitalized for asthma,14%,193 patients,al_cac-3
778,52770.88141475867,huntsville hospital,101 sivley rd,empty,empty,huntsville,al,35801.0,madison,13026299487.434692,acute care hospitals,government - hospital district or authority,yes,heart attack,am??i-1,heart attack patients give??n aspirin at arrival,98%,155 patients,al_am%i-1
779,10039.0,huntsville hospital,??101 sivley rd,empty,empty,huntsville,al,35801.0,madison,2562651000.0,,government - hospital district or authority,yes,heart attack,ami-2,heart attack patie??nts given aspirin at# discharge,100%,323 patients,al_ami-2%
780,10039.0,huntsvi$%lle hospital,101 sivle%y rd,empty,empty,huntsville,al??,35801.0,madison,,acute care hospitals,government - hospital district or authority,yes,,ami-3,heart attack pat@@ients given ace inhibitor or arb for left ventricular systolic dysfunction (lvs@@d),97%,77 patients,al_ami-3
781,10039.0,huntsville hospital,101 sivley rd,empty,empty,,al,35801.0,madison,2562651000.0,acute care hospitals,government - hospital district or authority,yes,heart attack,ami-4,heart @@at#tack patients given smoking cessation advice/counseling,100%,,al_ami-4
782,10039.0,huntsville hospital,101 sivley rd,empty,empty,huntsville,al,35801.0,madison,,acute care hospitals,government - hospital district or authority,yes,heart attack,ami-5,heart attack patients given beta blocker at discharge,100%,301 patients,al_ami-5
783,10039.0,h@@un@@tsville hospital,101 sivley rd,,empty,huntsville,al#%,35801.0,madison,,acute care hospitals,government - hospital district or authority,yes,heart attack,ami-7a,heart attack patients given fibrinolytic medication within 30 minutes of arrival,empty,0 patients,al_ami-7a
784,10039.0,huntsville hospital,101 sivl%ey $rd,empty,empty,huntsville,al,35801.0,,2562651000.0,acute care hospitals,$government - h@@ospital district or authority,yes,,ami-8a,heart attack patients given pci within 90 minutes of arrival,82%,44 patients,
785,10039.0,huntsville hospital,101 sivley rd,empty,empty,huntsville,al,35801.0,madison,2562651000.0,acute care hospitals,government - hospital district or authority,yes,heart failure,hf-1,,72%,264 patients,al_hf-1
786,10039.0,huntsville hospital,101 sivley rd,empty,empty,huntsville,al,35801.0,madison,2562651000.0,acute care hospitals,government - hospital district or authority,??yes,heart failure,hf-2,heart# failure patients given an evaluation of le%ft ventricular systolic (lvs) function,95#%,303 patients,al_hf-2
787,,huntsville hospital,101 sivley rd,empty,empty,huntsville,,35801.0,madison,2562651000.0,acute care hospitals,government - hospital district or authority,yes,hea$rt failure,hf-3,heart failure patients given ace inhibitor or arb for left ventricular systolic dysfunction (lvsd),98??%,10#2 patients,al_hf-3
788,10039.0,huntsville hospital,101 sivley rd,empty,empty,huntsville,al,35801.0,madison,2562651000.0,acute care hospitals,government - hospital district or authority,,heart failure,hf-4,heart failure patients given smoking cessation advice/counseling,100%,51 patients,al_hf-4
789,10039.0,huntsville hospital,101 sivley rd,empty$,empty,huntsville,al,35801.0,madison,2562651000.0,acute care hospitals,government - hospi@@??tal district or authority,yes,pneumonia,pn-2,pneumonia patients assessed and given pneumococcal vaccination,96%,509 patients,al_pn-2
790,10039.0,huntsville hospital,101 sivley rd,@@empty,empty,huntsville,al,35801.0,madison,2562651000.0,acute care hospitals,government - hospital district or authority,yes,pneumonia,pn-3b,pneumonia patients whose initial emergency room blood culture was performed prior to the administration of the first hospital dose of antibiotics,99%,496 patients,al_pn-3b
791,10039.0,huntsville hospital,101 sivley rd,empty,em%pty,huntsville,al,35801.0,madison,2562651000.0,acute care hospitals,government - hospital district or authority,yes,pneumonia,pn-4,pneumonia patients given smoking cessation advice/counseling,97%,294 patients,al_pn-4
792,10039.0,huntsville hospital,101 sivley rd,empty,empty,huntsville,$al$,35801.0,madison,2562651000.0,acute care hospitals,government - hospital district or authority,yes,pneumonia,pn#%-5c,pneumonia patients given initial antibiotic(s) within 6 hours after arrival,93%,511 patients,al_pn-5c
793,10039.0,huntsville hospital,101 sivley rd,,empty,huntsville,al,200742.4659613643,madison,2562651000.0,acute care hospitals,government - hospital district or authority,yes,pneumonia,pn-??6,pneumonia patients given the most appropriate initial antibiotic(s),89%,313 patients,al_pn-6
794,10039.0,huntsville hospital,101 sivley rd,empty,empty,huntsville,al,35801.0,madison,2562651000.0,acute care ho#spitals,government - hospital district or authority,yes,pneumonia,pn#-7#,pneumonia patients assessed and given influenza vaccination,89%,409 patients,al_pn-7
795,10039.0,huntsville hospital,101 $sivley rd,empty,empty,huntsville,al,35801.0,,2562651000.0,acute care hospitals,government - hospital district or authority,yes,surgical infection prevention,scip-card-2,surgery patients who were taking heart drugs called beta blockers before coming to the hospital who were kept on the beta blockers during the period just before and after their surgery,,123 patients,al_sci%p-c#ard-2
796,10039.0,huntsville hospital,101 sivley rd,empty,empty,huntsville,al,35801.0,madison,2562651000.0,acute care hospitals,government - hospital district or authority,yes,surgical infection prevention,scip-inf-1,surgery patients who were given an antibiotic at the right time (within one hour before surgery) to help prevent infection,95%,601 patients,al_scip-inf-1
797,10039.0,huntsville hospital,101 sivley rd,empty,empty,huntsville,$al,35801.0,madison,2562651000.0,acute care hospital@@s,government - hospital district or authority,yes,surgical infection prevention,scip-inf-2,surgery patients who were given the  right kind  of antibiotic to help prevent infection,99%,603 patients,al_scip-inf%-2%
798,10039.0,huntsville hospita%#l,101 sivley rd,empty,empty,,al,35801.0,madiso??n,2562651000.0,acute care hospitals,government - hospital district or authority,yes,,scip-inf-3,surgery patients whose preventive antibiotics were stopped at the right time (within 24 hours after surgery),93%,561 p??ati%ents,al_scip-inf-3
799,10039.0,huntsville hospital,101 sivley rd,empty,empty,huntsville,al,35801.0,madison,2562651000.0,acute care hospitals,government - hospital district or authority,yes,surgical infection prevention,scip-inf-4,all heart surgery patients whose blood sugar (blood glucose) is kept under good control in the days right afte%r surgery,9#5%,149 patients,al_scip-inf-4
800,10039.0,huntsville hospital,101 sivley rd,empty,empty,huntsville,al,35801.0,madison,2562651000.0,acute care hospitals,government - hospital district or authority,yes,surgical infection prevention,scip-inf-6,surgery patients needing hair removed from the surgical area before surgery who had hair removed using a safer method (electric clippers or hair removal cream c not a razor),,852 patients,al_scip-inf-6
801,32909.097472576526,huntsville hospital,101 sivley rd,e@%@mpty,empty,huntsville,a@@@@l,35801.0,madison,2562651000.0,acute care hospitals,government - hospital district or authority,yes,surgical infection prevention,scip-vte-1,surgery patients whose doctors ordered treatments to prevent blood clots after certain types of surgeries,93%,??26#9 patients,al_scip-vte-1
802,10039.0,huntsville hospital,101 sivley rd,empty,empty,huntsville,al,35801.0,madison,2562651000.0,,government - hospital district or authority,$ye@@s,surgical infection prevention,scip-vte-2,patients who got treatment  at the right time (within 24 hours before or after their surgery) to help prevent blood clots after certain types of surgery,90%,269 pati$ents,al_scip-vte-2
803,10040.0,gadsden regional medical center,1007 g%oodyear avenu$e,empt??y,empty,,al,35903.0,etowah,2564944000.0,,proprietary,yes,hea%rt% attack,ami-1,heart attack patients given aspirin at arrival,94@@%,123 patients,al_ami-%1
804,10040.0,gadsden regional medical center,1007 goodyear avenue,@@empt#y,empty,gadsden,al,35903.0,etowah,12270166947.821636,acute care hospitals,proprietary,yes,heart attack,ami-2,heart attack patients given aspirin at discharge,99%,134 patients,al_ami-2
805,10040.0,gadsden regional medical center,1007 goodyear avenue,empty,empty,gadsden,@@a#l,35903.0,etowah,2564944000.0,acute care hospitals,proprietary,,heart attack,ami-3,heart attack patients given ace inhibitor or arb for left ventricular systolic dysfunction (lvsd),,18 patients,al_ami-3
806,10040.0,gadsden regional medical center,1007 goodyear avenue,empty,empty,gadsden,al,,etowah,2564944000.0,,pr$oprietar$y,yes,heart attack,ami-4,heart attack patients given smoking cessation advice/counseling,100%,79 patients,al_ami-4
807,10040.0,gadsden regional medical center,1007 goodyear avenue,empty,empty,gadsden,al,35903.0,etowah,2564944000.0,acute care hospitals,proprietary,@@y#es,heart attack,,heart attack patients given beta blocker at discharge,95%,117 patients,al_ami-5
808,10040.0,gadsden regional medical center,1007 goodyear avenue,empty,empty,gadsden,al,35903.0,etowah,9378723321.817741,acute care hospitals,proprietary,yes,heart attack,ami-7a,heart attack patients given fibrinolytic medication within 30 minutes of arrival,68%,25 patients,al_ami-7a
809,10040.0,gadsden regional medical center,1007 goodyear avenue,empty,empty,gadsden,al,35903.0,etowah,2564944000.0,acute care hospitals,proprietary,yes,heart attack,ami-8a,heart attack patients given pci within 90 minutes of arrival,83%,12 patients,
810,36778.00477620267,gadsden regional medical center,1007 goodyear avenue,empty,empty,gadsden,al,35903.0,etowah,2564944000.0,,proprietary,yes,heart failure,hf-1,heart failure patients given discharge instructions,47%,211 patients,al_hf-1
811,37436.70599337478,gadsden regional medical center,1007 goodyear avenue,empty,empty,gadsden,al,35903.0,etowah,2564944000.0,acute care h@@ospitals,proprietary,yes?@@?,heart failure,hf-2,heart failure patients given an evaluation of left ventricular systolic (lvs) function,100%,259 ??patien??ts,al_hf-2
812,10040.0,gadsden regional medical center,1007 goodyear avenue,empty,empty,gadsden,al,35903.0,etowah,2564944000.0,acute care hospitals,proprietary,yes,heart failure,hf??-3,heart failure patients given ace inhibitor or arb for left ventricular systolic dysfunction (lvsd),9@@3%#,69 patie??n$ts,al_hf-3
813,10040.0,gadsden regional medical center,1007 goodyear avenue,em#pty,??empty#,gadsden,,35903.0,etowah,2564944000.0,acute care hospitals,proprietary,yes,heart failure,hf-4,,100%,70 patients,al_hf-4
814,10040.0,gadsden regional medical center,1007 go%odyear aven$ue,empty,empty,gadsden,al,35903.0,etowah,2564944000.0,acute care hospitals,proprietary,yes,pneumonia,pn-2,pneumonia patients assessed and given pneumococcal vaccination,96#%,255 patients,al_pn-2
815,10040.0,gadsden regional medical center,1007 goodyear avenue,empty,empty,gadsden,al,129301.02223001875,etowah,2564944000.0,acute care hospitals,proprietary,yes,pneumonia,pn-3b,pneumonia patients whose initial emergency room blood culture was performed p@@rior to the administration of the first hospital dose of antibiotics,96%,187 patients,al_pn-3b
816,10040.0,gadsden regional medical center,1007 goodyear avenue,empty,empty,g%adsd@@en,al,35903.0,etowah,2564944000.0,acute care hospitals,proprietary,yes,pneumonia,pn-4,pneumonia patients given smoking cessation advice/counseling,100%%,130 patients,al_pn-4
817,10040.0,gadsden regional medical center,1007 goodyear avenue,empty,empty,gadsden,al,35903.0,,7833635366.444961,acute care hospitals,proprietary,yes,pneumonia,pn-5c,pneumonia patients given initial antibiotic(s) within 6 hours after arrival,94%??,2$66 patients,al_pn-5c
818,46442.549212286285,gadsden regional medical center,1007 goodyear avenue,empt@@#y,empty,gadsden,al,35903.0,etowah,2564944000.0,acute care hospitals,proprietary,yes,pne$umonia,pn-6,pneumonia patients given the most appropriate initial antibiotic(s),,153 patients,al_pn-6
819,10040.0,gadsden regional medical center,1007 goodyear avenue,empty,empty,gadsden,al,35903.0,etowah,2564944000.0,acute care hospitals,proprietary,yes,pneumo$nia,p#n-7,pneumonia patients assessed and given influenza vaccination,96%,187 patients,al_pn-7
820,,gadsden regional medical center,1007 goodyear avenue,empty,empty,g@@#adsden,al,35903.0,etowah,2564944000.0,acute care hospitals,proprietary,yes,surgical infection prevention,scip-card-2,surgery patients who were taking heart drugs called beta blockers before coming to the hospital who were kept on the beta blockers during the period just before and after their surgery,91%,109 patients,al_scip-ca#rd-2
821,10040.0,gadsden regional medical center,1007 goodyear avenue,empty,empty,gadsden,al,35903.0,,2564944000.0,acute care hospitals,proprietary,yes,surgical infection prevention,scip-inf-1,surgery patients who were given an antibiotic at the right time (within one hour before surgery) to help prevent infection,98%,5??57 pati$ents,al_scip-inf-1
822,10040.0,gads%de@@n regional medical center,1007 goodyear avenue,empty,empty,gadsden,al,35903.0,etowah,2564944000.0,,,yes,surgical infection prevention,scip-inf-2,surgery patients who were given the  right kind  of antibiotic to help prevent infection,97%,564 patients,al_scip-inf-2
823,10040.0,gadsden regional medical center,1007 goodyear avenue,empty,empty,gadsden,al,35903.0,etowah,2564944000.0,acute care hospitals,proprietary,yes,surgical infection prevention,scip-%#inf-3,surgery patients whose preventive antibiotics were stopped at the right time (within 24 hours after surgery),90%,520 patients,al_scip-inf-3
824,10040.0,gadsden regional medical center,1007 goodyear avenue,empty,empty,gadsden,al,35903.0,etowah,2564944000.0,acute care hospitals,proprietary,yes,surgical infection prevention,scip-inf-4,all heart surgery patients whose blood sugar (blood glucose) is kept under good control in the days right #after surgery,94%,186 pa@@tients#,al#_scip-inf-4
825,10040.0,gadsden regional medical center,1007 goodyear avenue,empty,empty,,al,35903.0,etowah,2564944000.0,,proprietary,yes,surgical infection prevention,scip-inf-6,surgery patients needing hair removed from the surgical area before surgery who had hair removed using a safer method (electric clippers or hair removal cream c not a razor),100%,854 patients,al_scip-inf-6
826,10040.0,gadsden regional medical center,1007 goodyear avenue,empty,empty,gadsden,al,35903.0,etowah,2564944000.0,,,%yes,surgical infection prevention,scip-vte-1,,95%,315 patients,al_scip-%$vte-1
827,10040.0,gadsden regional medical center,1007 goodyear avenue,empty,empty,gadsden,al,35903.0,etowah,2564944000.0,acute care hospitals,proprietary,yes,surgical infection prevention,scip-v#te-@@2,,87%,315 patients,a@@l_scip%-vte-2
828,10043.0,chilton medical center,1010 lay dam road,empty,empty,cla??nton@@,al,182540.07629382008,chilton,2057552500.0,acute?? care hospitals,vol??untary non-profit - private#,yes,heart attack,ami-1,heart attack patients given aspirin at arrival,#1@@00%,1 patients,al_ami-1
829,10043.0,chilton medical center,1010 lay dam road,e@@@@mpty,empt$y,clanton,al,35045.0,chilton,2057552500.0,acute care hospitals,,yes,heart attack,ami-2,heart attack patients given aspirin at discharge,100%,1 $p#atients,al_ami-2
830,10043.0,chilton medical center,1010 lay dam road,,empty,%c$lanton,al,35045.0,chilton,2057552500.0,acute @@care hospitals,voluntary non-profit - private,yes,heart attack,ami-3,heart attack patients given ace inhibitor or arb for left ventricular systolic dysfunction (lvsd),100%,1 patients,
831,10043.0,chilton medical center,1010 lay dam road,empty,empty,clanton,al,168060.69338305164,chilton,2057552500.0,acute care hospitals,voluntary non-profit - private,y??es,heart attack,ami-4,heart attack patients given smoking cessation advice/counseling,em#pty,0 patients,al_ami-4
832,10043.0,chilton medical center,1010 lay dam road,empty,empty,clanton,al,35045.0,chilton,2057552500.0,acute care hospitals,voluntary non-profit - private,y#e#s,,ami-5,heart attack patients given beta blocker at discharge,#100%,1 p%atien$ts,al_ami-5
833,10043.0,chilton medical center,1010 lay dam road,empty,empty,clanton,al,35045.0,chilton,2057552500.0,acute care hospitals,voluntary non-profit - private,yes,heart attack,ami-7a,heart attack patients given fibrinolytic medication within 30 minutes of arrival,empty,,al_ami-7a
834,10043.0,chilton medical center,1010 lay dam road,,#empty,clanton,al,35045.0,chilton,2057552500.0,acute care hospitals,voluntary non-profit - private,yes,heart attack,ami-8a,heart attack patients given pci within 90 minutes of arrival,empty,,al_ami-8a
835,33355.84951869852,chilton medical center,1010 lay dam road,empty,empty,clanton,al,35045.0,chilton,2057552500.0,acute care hospitals,voluntary non-profit - private,$yes$,heart failure,hf-1,heart failure patients given discharge instructions,84%,19 patients,al_hf-1
836,57894.21078536954,chilton medical center,1010 lay dam road,empty,empty,clanton,,35045.0,chilton,2057552500.0,acute care hospitals,voluntary non-prof#it - pr??ivate,yes,heart failure,,heart failure patients given an evaluation of left ventricular systolic (lvs) function,89%,28 patients,
837,10043.0,chilton medical center,1010 lay dam road,empty,empty,clanton,al,35045.0,chilton,11578660757.901136,acute care hospitals,voluntary non-profit - private,yes,heart failure,hf-3,heart failure patients given ace inhibitor or arb for left ventricular systolic dysfunction (lvsd),75%,4 patients,al#_h??f-3
838,10043.0,,1010 lay dam road,empty,empt%%y,clanton,al,35045.0,chilton,2057552500.0,acute care hospitals,voluntary non-profit - private,yes%,heart failure,h@@f@@-4,heart failure patients given smoking cessation advice/counseling,,4 patients,al_hf-4
839,10043.0,c$hilton medical center,1010 lay dam road,empt@@y,empty,clanton,al,35045.0,chilton,9808015435.793598,acute care hospitals,voluntary non-profit - private,yes#,pneumonia,pn-2,pneumonia patients assessed and given pneumococcal vaccination,89@@%??,47 patient%s,al_pn-2
840,10043.0,chilt#on medical center,1010 lay dam road,empty,%empty,clanton,al,35045.0,chilton,2057552500.0,acute care hospitals,voluntary non-profit - private,yes,pneumonia,pn-3b,pneumonia patients whose initial emergency room blood culture was performed prior to the administration of the first hospital dose of antibiotics,92%,36 patients,al_pn-3b
841,10043.0,,1010 lay dam road,empty,empty,clanton,al,35045.0,chilton,2057552500.0,acute care hospitals,voluntary non-profit - private,yes,pneumonia,pn-4,pneumonia patients given smoking cessation advice/counseling,,16 patients,al_pn-4
842,10043.0,chilton medical center,1010 lay dam road,empty,empty,clanton,al,35045.0,chilton,2057552500.0,acute care hospitals,voluntary non-profit - private,yes,pneum%onia,pn-5c,pneumonia patients given initial antibiotic(s) within 6 hours after arrival,98%,44 patients,%al_pn@@-5c
843,58070.291755697304,chilton medical center,1010 lay dam road,empty,empty,clanton,al,35045.0,chilton,2057552500.0,#acute care hospitals??,voluntary %non-profit - private,yes,pneum$onia,pn%-6$,pneumonia patients given the most appropriate initial antibiotic(s),95%,38 patients,
844,10043.0,chilton medical center,,empty,empty,clanton,al,,chilton,2057552500.0,acute care hospitals,voluntary non-profit - private,yes,pneumonia,pn-7,pneum%onia patients assessed and given influenza vaccination,81%@@,37 patients,al_pn-7
845,10043.0,$chilton medical center,1010 lay dam road,empty,empty,clanton,al,35045.0,chilton,2057552500.0,acute care hospitals,voluntary non-profit - private,yes,surgical infection prevention,scip-card-2,surgery patients who were taking heart drugs called beta blockers before coming to the hospital who were kept on the beta blockers during the period just before and after their surgery,50%,2 pa#tients,al_scip-card-2
846,10043.0,,1010 lay dam r@@$oad,,empty,clanton,al,167675.8396015461,chilton,2057552500.0,acute care hospitals,voluntary non-profit - private,yes,surgical infection prevention,scip-inf-1,surgery patients who were given an antibiotic at the right time (within one hour before surgery) to help prevent infection,100%,4 patients,al_scip-inf-1
847,,chilton medical center,1010 lay dam road,empty,empty,clanton,al,35045.0,chilton,2057552500.0,acute care hospitals,voluntary non-profit - private,yes,surgical infection prevention,scip-inf-2,surgery patients who were ??given the  right kind  of antibiotic to help prev#ent infection,100%,4 $patients,al_scip-inf-2
848,10043.0,chil%ton medical cente#r,1010 lay dam road,empty,empty$,clanton,al,35045.0,chilton,7738964836.91367,acute care hospitals,voluntary non-profit - private,yes,surgical infection prevention,scip-inf-3,,100%,4 patients,al_scip-inf-3
849,10043.0,chilton medical center,1010 lay dam road,empty,empty,%clanton,al,35045.0,chilton,2057552500.0,acute care hospitals,voluntary non-profit - private,yes,surgical infection prevention,scip-inf-4,all heart surgery patients whose blood sugar (blood glucose) is kept under good control in the days right after surgery,empty,0 patients,al_scip-inf-4
850,10043.0,chilton medical center,1010 lay dam road,$empty,empty,clanton,al,182074.75156671906,chilton,2057552500.0,acute care hospitals,voluntary non-profit - private,yes,surgical infection prevention,scip-inf-6,surgery patients needing hair removed from the surgical area before surgery who had hair removed using a safer method (electric clippers or hair removal cream c not a razor),100%,5 patients,al_scip-inf-6
851,10043.0,,10??10 lay ??dam road,empty,#??empty,clanton,al,35045.0,chilton,2057552500.0,acute care hospitals,voluntary non-profit - private,yes,surgical infection prevention,scip-#vte-??1,surgery patients whose doctors ordered treatments to prevent blood clots after certain types of surgeries,e#mpty,0 patients,al_scip-vte@@-1
852,52498.61990090413,chilton medical center,1010 lay% dam road,empty,empty,clanton,al,35045.0,chilton,2057552500.0,acute care hospitals,voluntary non-profit - private,yes,surgical infection prevention,scip-vte-2,patients who got treatment  at the right time (within 24 hours before or after their surgery) to help prevent blood clots after certain types of surgery,empty,0 patients,al_scip-vte-2
853,10044.0,marion regional medical center,1256 military street south,,empty,hamilton,al,35570.0,,2059216200.0,acute care hospitals,voluntary non-profit - private,yes,heart attack,ami-1,,6@@7%,,al_ami-1
854,,marion regional medical center,1256 military street south,empty,empty,h@@$amilton,al,35570.0,marion,2059216200.0,acute care hospitals,,yes,heart attack,ami-2,heart attack patients given aspirin at discharge,#67%%,3 patients,
855,10044.0,marion regional medical center,1256 military street south,empty,empty,hamilton,al,35570.0,marion,,acute care hospitals,voluntary non-pr#ofit - private,yes,heart attack,ami-3,heart attack patients given ace inhibitor or arb for left vent??ricular systolic dysfu$nction (lvsd),,1 pat$ient%s,al_ami-3
856,10044.0,marion regional medical center,1256 militar$y street south,empty,empty,hamilton,al,35570.0,marion,2059216200.0,acute care hospitals,voluntary non-profit - private,yes$,heart attack,ami-4,heart attack patients given smoking cessation advice/counseling,empty,0 patients,??al_ami-4
857,10044.0,marion regional medical center,1256 military street south,empt%y,empty,hamilton,al,152670.48536005014,marion,7394531039.472231,acute car$e ??hospitals,voluntary non-profit - private,ye$@@s,he%art attack,ami-5,heart attack patients given beta blocker at discharge,33%,3 patients,al_ami-5
858,10044.0,marion #regional medical center,1256 military street south,e$mpty,empty,hamilton,al,35570.0,,2059216200.0,acute care hospitals,voluntary non-profit - private,yes,heart attack,ami-7a,heart attack patients given fibrinolytic medication within 30 minutes of arrival,empty,0 patients,al_ami-7a
859,10044.0,marion regional medical center,,em#pt%y,empty,hamilton,al,35570.0,marion,2059216200.0,acute care hospitals,voluntary non-profit - private,yes,heart attack,ami-8a,heart attack patients given pci within 90 minutes of arrival,empty,0 p@@atients,al_ami-8a
860,10044.0,marion regional medical center,1256 military street south,empty,empty,hamilton,al,35570.0,m$arion,2059216200.0,acute care hospitals,,yes,heart failure,hf-1,heart failure patients given discharge instructions,74%,38 patients,al_hf-1
861,10044.0,marion regional medical center,,empty,e$mpty,hamilton,al,35570.0,marion,2059216200.0,acute care hospitals,voluntary non-profit - private,yes,h$eart failure,hf-2,heart failure patients given an evaluation of left ventricular systolic (lvs) function,80%,46 patients,al_hf-2
862,10044.0,,1256 military street south,$empty,empty,hamilton,al,166796.03265049655,marion,2059216200.0,acute care hospitals,voluntary non-profit - private,y##es,hear$t fail??ure,hf-3,heart failure patients given ace inhibitor or arb for left ventricular systolic dysfunction (lvsd),78%,18 patients,al_hf-3
863,10044.0,m#arion regional medical center,1256 military street south,empty,empty,hamilton,%al,35570.0,marion,2059216200.0,acute care hospitals,vo$luntary non-profit - @@private,yes,heart failure,h%f-4,heart failure patients given smoking cessation advice/counseling,80%,10 patients,??al_hf-4
864,10044.0,marion regional medical center,1256 milit#ary street sout@@h,empty,empty,hamilton,al,35570.0,marion,2059216200.0,acute car%e hosp$itals,voluntary non-profit - private,yes,pneumonia,pn-2,pneumonia patients assessed and given pneumococcal vaccination,96%,,al_pn-2
865,10044.0,marion regional medical center,1256 military street south,empty,empty,h??amilton,al,35570.0,,2059216200.0,acute care hospitals,voluntary non-profit - private,yes,#pneumo??nia,pn-3b,pneumonia patients whose initial emergency room blood culture was performed prior to the administration of the first hospital dose of antibiotics,99%,,al_pn-3b
866,10044.0,marion regional medical center,,emp??ty,empty,hamilton,al,35570.0,,2059216200.0,acute care hospitals,voluntary non-profit - private,yes,pneumon??ia??,pn-4,pneumonia patients given smoking cessation advice/counseling,90%,42 patients,al_pn-4
867,10044.0,marion regional medical center,1256 military street south,empty,empty,hamilton,al,35570.0,marion,,,voluntary non-profit - private,yes@@,pneumonia,pn-5c,pneumonia patients given initial antibiotic(s) within 6 hours after arrival,98%,121 patients,al_pn-5c
868,10044.0,marion regional medical center,1256 military street south,empty,empty,hamilton,al,117049.59610671822,marion,2059216200.0,acute care hospitals,voluntary non-profit - private,@@ye#s,pneumonia,pn-6,pneumonia patients given the most appropriate initial antibiotic(s),76%,97 patients,al_pn-6
869,10044.0,marion regional medical center,125$6 military street south,empty,empty,hamilton,al,35570.0,,2059216200.0,acute care hospitals,voluntary non-profit - private,yes,,pn-7,pneumonia patients assessed and given influenza vaccination,91%,85 patients,al_pn-7
870,10044.0,marion regional medical center,1256 military street south,empty,empty,ham##ilton,,35570.0,marion,2059216200.0,acute care hospitals,voluntary non-profit - private,yes,surgical infection prevention,scip-card-2,surgery patients who were taking heart drugs called beta blockers before coming to the hospital who were kept on the beta blockers during the period just before and after their surgery,67%,,al_scip-card-2
871,10044.0,marion regional medical center,1256 military stre#et ??south,empty,empty,ha??milt%on,al,181448.47463352318,marion,2059216200.0,acute care hospitals,voluntary %no@@n-profit - private,yes,surgical infection prevention,scip-inf-1,surgery patients who were given an antibiotic at the right time (within one hour before surgery) to help prevent infection,80%$,15 patients,al_sc#ip-inf??-1
872,10044.0,marion regional medical center,1256 military street south,em??pty%,empty,h??amilton,a%l#,35570.0,marion,2059216200.0,acute care hospitals,voluntary non-profit - private,yes,surgical infection prevention,scip-inf-2,surgery patients who were given the  right kind  of antibiotic to help prevent infection,87%,15 patients,al_scip-inf-2
873,10044.0,marion regional medical center,1256 military street south,empty,,hamilton,al,35570.0,marion,2059216200.0,acute care hospitals,voluntary non-profit - private,yes,surgical infection prevention,scip-inf-3,,87%,15 patients,al_scip-inf-3
874,10044.0,marion regional medical center,1256 military street south,empty,empty,hamilton,al,35570.0,marion,2059216200.0,acute care hospitals,voluntary non-profit - private,yes,??surgi??cal infection prevention,scip-inf-4,all heart surgery patients whose blood sugar (blood glucose) is kept under good control in the days right after surgery,empty,,al_scip-inf-4
875,10044.0,marion regional medical center,1256 military street south,,empty,hamilton,al,35570.0,marion,2059216200.0,acute care hospitals,voluntary non-profit - private,yes,surgical infection prevention,scip-inf-6,surgery patients needing hair removed from the surgical area before surgery who had hair removed using a safer method (electric clippers or hair removal cream c not a razor),100%,19 patients,al_scip-inf-6
876,10044.0,marion regional medical center,1256 military street south,empty,empty,hamilton,al,149780.0870853828,marion,2059216200.0,acute care hospitals,voluntary non-profit - private,yes,surgical infection prevention,,surgery patients whose doctors ordered treatments to prevent blood clots after certain types of surgeries,100%,4 patients,al_scip-vte-1
877,10044.0,marion regional medical center,1256 military street south,empty,empty,,al,35570.0,marion,,acute care hospitals,voluntary non-profit - private,,surgical infection prevention,scip-vte-2,patients who got treatment  at the right time (within 24 hours before or after their surgery) to help prevent blood clots after certain types of surgery,100%,4 patients,al_scip-vte-2
878,10045.0,fayette medical center,1653 temple avenue north,emp@@@@ty,empty,fayette,al,35555.0,fayette,2059325966.0,acute care hospitals,voluntary non-profit -# other,yes,heart attack,ami-1,heart attack patients given aspirin at arrival,100%,18 patients,al_ami-1
879,10045.0,%fayette medical center%,1653 temple avenue north,empty,empty,fayette,al,35555.0,fayette,2059325966.0,acute care hospitals,voluntary non-profit - other,yes,heart attack,ami-2,heart attack patients given aspirin at discharge,1%00%,12 patients,al_a#mi-2
880,10045.0,fayette medical@@ ce??nter,1653 temple avenue north,empty,empty,fayette,al,35555.0,fayette,2059325966.0,acute care hospitals,voluntary non-profit - other,yes,heart attack,ami-3,heart at??tack% patients given ace inhibitor or arb for left ventricular systolic dysfunction (lvsd),0%,1 patients,al_ami-3
881,10045.0,fayette medical center,1653 temple avenue north,empty,@@empty,fayette,al,35555.0,fayette,2059325966.0,acute care hospitals,volu%ntary non-profit?? - other,yes,heart attack,ami-4,heart attack patients given smoking cessation advice/counseling,100%,1 patients,al_ami-4
882,33109.20102533626,fayette medical center,1653 temple avenue north,empty,empt??y,fayette,al,35555.0,fayette,2059325966.0,acute care hospitals,voluntary non-profit - other,yes,heart attack,ami-%5,heart attack patients given beta blocker at discharg@@e,82%,11 patients,al_ami-5
883,10045.0,fayette medical center,1653 temple avenue north,empty,em%pty,fayette,al,35555.0,fayette,2059325966.0,acute care hospitals,voluntary non-profit - other,#ye#s,heart attack,ami-7a,heart attack patients given fibrinolytic medication within 30 minutes of arrival,empty,0 patients,al_ami-7a
884,10045.0,fayette medical center,1653 temple avenue north,empty,empty,fayette,al,35555.0,fayette,,acute care hospitals,voluntary non-profit - other,yes,heart attack,ami-8a,heart attack patients given pci within 90 minutes of arrival,empty,0 patients,al_ami-8a
885,10045.0,fayette medical center,1653 temple avenue north,empty,em??@@pty,fayette,al,35555.0,fayette,2059325966.0,acute @@care hospitals,voluntary non-profit - other,yes,heart failure,hf-1,heart failure patients given discharge instructions,87%,67 patients,al_hf-1
886,10045.0,fayette medical center,1653 temple avenue north,empty,??emp$ty,fayette,al,35555.0,fayette,2059325966.0,acute care hospitals,voluntary non-profit - other,ye#s,heart failure,hf-2,heart failure patients given an evaluation of left ven??tricular systolic (lvs) function,9%4%,85 %pati??ents,al_hf-2
887,10045.0,fayette medical center,1653 temple avenue north,empty,empty,,al,35555.0,fayette,2059325966.0,acute care hospitals,voluntary non-profit - other,yes,heart failure,hf-3,heart failure patients given ace inhibitor or arb for left ventricular systolic dysfu$nction (lvsd),89%,19 patients,al_hf-3
888,10045.0,fayette medical center,1653 temple avenue north,empty,empt#y,fayette,al,35555.0,fayette,2059325966.0,acute care hospitals,voluntary non-profit - other,y%es,heart ??failu??re,hf-4,heart failure patients given smoking cessation advice/counseling,100%,16 patients,al_hf-4
889,10045.0,fayette medical center,1653 temple avenue north,em??pty,empty,fayette$,al,35555.0,fayette,2059325966.0,acute care hospitals,voluntary non-profit - other,yes,pneumonia,pn-2,pneumonia patients assessed and given pneumococcal vaccination,85%,117 patients,al??_@@pn-2
890,10045.0,fayette medical center,1653 temple avenue north,empty,??empty,fayette,al,129945.04414395452,fayette,2059325966.0,acute care hospitals,voluntary non-profit - other,yes,pneumonia,pn-3b,pneumonia patients whose initial emergency room blood culture was performed prior to the administration of the first hospital dose of antibiotics,100%,41 patients,al_pn-3b
891,10045.0,fayette medical center,1653 temple avenue north,empty,empty,fayette@@,al,35555.0,fayette,2059325966.0,acute care h@@ospitals,voluntary non-profit - other,,pneumonia,$??pn-4,pneumonia patients given smoking cessation advice/counseling,100%,34 patients,al_pn$-4
892,10045.0,faye#tte?? medical center,1653 temple avenue north,empty,empty,fayette,al,210977.96727878138,fayette,2059325966.0,acute care hospitals,voluntary non-profit - other,yes,pneumonia,pn-5c,,97%,109 patie??nt#s,al_pn-5c
893,10045.0,fayette medical center,1653 temple avenue north,empty,empty,fayette,al,187219.76578209177,fayette,2059325966.0,acute care hospitals,voluntary non-profit - other,yes,pneumonia,pn-6,pneumonia patients given the most appropriate initial antibiotic(s),87%,79 patients,al_pn-6
894,10045.0,fayette medical center,1653 temple avenue north,e#mpty,empty,fayette,al,35555.0,fayette,2059325966.0,acute care hospitals,voluntary non-profit - other,yes,pneumonia,pn-7,pneumonia patients assessed and given influenza vaccination,87%,86 patients,al_p$#n-7
895,10045.0,fayette medical center,1653 temple avenue north,empty,,fayette,a$%l,35555.0,f@@ayet$te,2059325966.0,,voluntary non-profit - other,yes,surgical infection prevention,scip-card-2,surgery patients who were taking heart drugs called beta blockers before coming to the hospital who were kept on the beta blockers during the period just before and after their surgery,,0 patients,al_scip-card-2
896,10045.0,fayette medical center,1653 temple avenue north,empty,empty,fayette,al,35555.0,fayette,2059325966.0,acute care hospitals,voluntary non-profit - other,,surgical infectio??n prevention,@@scip??-inf-1,surgery patients who were given an antibiotic at the right time (within one hour before surgery) to help prevent infection,empty,0 patients,a%l_sc@@ip-inf-1
897,10045.0,fayette medical center,1653 temple avenue north,empty,empty,fayette,al,,fayette,2059325966.0,acute care hospitals,voluntary non-profit - other,y$es,surgical infection pre#vention,scip-inf-2,surgery patients who were given the  right kind  of antibiotic to help prevent infection,empty%,0 patients,al_scip-inf-2
898,10045.0,fayette medical center,1653 temple avenue north,empty,empty,fayette,al,35555.0,fayette,2059325966.0,acute care@@ hospital??s,voluntary non-profit - other,yes,su$rgical infectio$n prevention,scip-inf-3,surgery patients whose preventive antibiotics were stopped at the right time (within 24 hours after surgery),empty,0 patients,al_scip-inf-3
899,10045.0,fayette medical center,1653 temple avenue north,empty,empty,fayette,al,35555.0,fayette,2059325966.0,acute care hospitals,voluntary non-profit - other,,surgical inf%ection prevention,scip-inf-4,all heart surgery patients whose blood sugar (blood glucose) is kept under good control in the days right after surgery,empty,0 patients,al_scip-inf-4
900,10045.0,fayette medical center,1653 temple avenue north,empty,empty,fayette,al,35555.0,fayette,2059325966.0,acute care hospitals,,yes,,scip-inf-6,surgery patients needing hair removed from the surgical area before surgery who had hair removed using a safer method (ele%ctric clippers or hair removal cream c not a razor),100%,7 patients,al_scip-inf-6
901,,fayette medical center,1653 tem??$ple avenue north,empty,empty,fayette,al,35555.0,fayette,2059325966.0,acute care hospitals,voluntary non-profit - other,yes,surgical infection prevention,scip-vte-1,surgery patients whose doctors ordered treatments to prevent blood clots after certain types of surgeries,100%,3 patients,al_scip-vte-1
902,10045.0,fa$yette medical ce@@nter,1653 temple avenue north,empty,empty,fayette,@@a%l,,fayette,2059325966.0,acute care hospitals,voluntary non-profit - other,yes,surgical infection prevention,scip-vte-2,patients who got treatment  at the right time (within 24 hours before or after their surgery) to help prevent blood clots after certain types of surgery,100%,3 patients,al_scip-vte-2
903,10046.0,riverview regional medical center,600 south third street,empty,,gadsden,al,35901.0,etowah,2565435200.0,acute care hospitals,proprietary,yes,children s asthma care,cac-@@1,children who received reliever medication while hospitalized for asthma,100%,4 patients,al_cac-1
904,45513.99892295901,riverview regional medical center,600 south third street,empty,empty,gadsden,a%@@l,,etow??ah,14180110308.281572,acute care hospitals,proprietary,yes,children s asthma care,cac-2,children who received systemic corticosteroid medication (oral and iv medication that reduces inflammation and controls symptoms) while hospitalized for asthma,100%,,al_cac-2
905,10046.0,riverview regional medical center,600 south third street,empty,empty,gadsden,al,35901.0,etowah,2565435200.0,acute care hospitals,,yes,children s asthma care,cac-3,children and their caregivers who $received a home management plan of care document?? while hospitalized for asthma,100%,4 patients,al_cac-3
906,10046.0,riverview regional medical center,600 south third street,empty,empty,gadsden,al,35901.0,etowah,2565435200.0,acute care hospitals,proprietary,yes,heart attack,ami-1,heart attack patients given aspirin at arrival,,12??6 patients,al_ami-1
907,10046.0,riverview regional medical center,600 so??ut@@h third street,empty,,gadsden,al,35901.0,etowah,2565435200.0,acute care hospitals,proprietary,yes,heart attack,ami-2,heart attack patients given aspirin at discharge,100%,14%@@5 patients,al_ami-2
908,10046.0,riverview regional medical center,600 south third street,empty,empty,gadsden,al,180122.31953811675,etowah,2565435200.0,acute care hospitals,proprietary,@@y%es,heart attack,ami-3,heart attack patients given ace inhibitor or arb for left ventricular systolic dysfunction (lvsd),100%,25 patients,al_ami-3
909,10046.0,riverview regional medical center,600 south third street,empty,empty,gadsden,al,35901.0,etowah,2565435200.0,acute care hospitals,proprietary,yes,heart attack,ami-4,heart attack patients given smoking cessation advice/counseling,100%,68 patients,a??l_$ami-4
910,10046.0,riverview regional medical center,600 south third street,empty,e@@mpty,gadsden,al,35901.0,etowah,2565435200.0,acute care hospitals,proprietary,yes,heart attack,ami-5,heart attack patients given beta blocker at discharge,100%,125 patients,al_ami-5
911,10046.0,riverview regional medical center,,empt@@y,empty,gadsden,al,35901.0,etowah,2565435200.0,acute care hospitals,proprietary,y#es,h%eart #attack,,heart attack patients given fibrinolytic medication within 30 minutes of arrival,%88#%,8 patients,al_ami-7a
912,58605.01093757224,riverview regional medical center,600 south third street,emp#ty,empty,gadsden,al,35901.0,etowah,2565435200.0,acute care hospitals,proprietary,yes%,heart attack,ami-8a,heart attack patients given pci within 90 minutes of arrival,100%,16 patients,al_ami-8a
913,10046.0,riverview regional medical center,600 south third street,e$m??pty,empty,gadsden,al,35901.0,etowah,2565435200.0,acute care hospitals,proprietary,y#es,heart failure,hf-1,,100%,268 patients,al_hf-1
914,10046.0,riverview regional medical center,600 south$ third street,empty,empty,??g%adsden,#al,35901.0,etowah,,acute care hospitals,proprietary,yes,heart failure,hf-2,heart failure patients given an evaluation of left ventricular systolic (lvs) function,#100%,,al_hf-2
915,10046.0,riverview regional medical center,600 south third street,empty,empty,gadsden,al,35901.0,etow#@@ah,,acute care h#ospitals,proprietary,yes,heart failure,hf-3,heart failure patients given ace inhibitor or arb for left ventricular systolic dysfunction (lvsd),100%,90 patients,al_hf-3
916,10046.0,riverview regional medical center,600 south third street,empty,empty,gadsden,al,35901.0,,2565435200.0,,proprietary,yes,heart failure,hf-4,heart failure patients given smoking cessation advice/counseling,100%,85 patients,al_hf-4
917,10046.0,riverview regional medical center,600 south third street,empty,empty,,al,35901.0,,2565435200.0,acute care hospitals,proprietary,yes,,pn-2,pneumonia patients assessed and given pneumococcal vaccination,99%,239 patients,al_pn-2
918,10046.0,riverview regional medical center,600 south third street,empty,empty,gadsden,al,35901.0,etowah,2565435200.0,acute care hospitals,proprietary,yes,pneumonia,pn-3b,pneumonia patients whose initial emergency room blood culture was performed prior to the administration of the first hospital dose of antibiotics,97%,196 patients,al_pn-3b
919,10046.0,rivervi%ew regional medical$ center,600 s#outh third street,empty,empty,gadsden,al,,etowah,2565435200.0,acute care hospitals,proprietary,yes,pneumonia,pn-4,pneumonia patients given smoking cessation advice/counseling,100%,109 patients,al_pn-4
920,10046.0,riverview regional medical center,600 south third street,empty,,gadsden,al,35901.0,etowah,2565435200.0,acute care hospitals,proprietary,yes,p#neum#onia,pn-5c,pneumonia patients given initial antibiotic(s) within 6 hours after arrival,87%,261# patients,al_pn-5c
921,10046.0,riverview regional medical center,600 south third street,empty,empty,gadsden,al,35901.0,etowah,2565435200.0,acute care hospitals,proprietary,yes,pneumonia,pn-6,pneumonia patients given the most appropriate initial antibiotic(s),76%,212 patients,al_pn-6
922,10046.0,riverview regional medical center,600 south third street,empty,empty,gadsden,al,35901.0,etowah,2565435200.0,acute care hospitals,proprietary,yes,pneumonia,pn-7,pneumonia patients assessed and given influenza vaccination,99%,178 patients,al_pn-7
923,35051.67549926598,riverview regional medical center,600$ south third% street,empty,empty,gadsden,al,35901.0,etowah,2565435200.0,acute care hospitals,proprietary,yes,surgical infection prevention,scip#-card??-2,surgery patients who were taking heart drugs called beta blockers before coming to the hospital who were kept on the beta blockers during the period just before and after their surgery,,107 patients,al_%scip-card%-2
924,10046.0,riverview regional medical center,600 south third street,empty,empty,gadsden,al,35901.0,etowah,10244131477.201523,acute care hospitals,proprietary,yes??#,surgical infection prevention,sc??ip-inf-#1,surgery patients who were given an antibiotic at the right time (within one hour before surgery) to help prevent infection,95%,,
925,10046.0,riverview regional medical center,600 south third street,empty,empty,gadsden,al,35901.0,etowah,2565435200.0,acute care hospitals,proprietary,yes,surgical infection prevention,scip-inf-2,surgery patients who were given the  right kind  of antibiotic to help prevent infection,95%,,al_scip-inf-2
926,10046.0,riverview regional medical center,600 south third street,empty,,gadsden,??al,35901.0,etowah,2565435200.0,acute care hospitals,proprietary,yes,surgical infection prevention,scip-inf-3,surgery patients whose preventive antibiotics were stopped at the right time (within 24 hours after surgery),79%,352 patients,al_scip-inf-3
927,10046.0,riverview regional medical center,,empty,empty,gads$den,al,145209.86489611462,etowah,2565435200.0,#acute care hospitals,proprietary,,surgical infection prevention,scip-inf-4,all heart surgery patients whose blood sugar (blood glucose) is kept under good control in the days right after surgery,76%,114 patients,??al_sci@@p-inf-4
928,10046.0,riverview regional medical center,600 south third street,empty,empty,gadsden,al,35901.0,etowah,9976193366.318274,acute care hospitals,proprietary,yes,,scip-inf-6,surgery patients needing hair removed from the surgical area before surgery who had hair removed using a safer method (electric clippers or hair removal cream c not a razor),100%,607 patients,al_scip-inf-6
929,10046.0,riverview regional medical center,600 south third street,empty,empty,gadsden,al,35901.0,etowah,2565435200.0,acute care hospitals,proprietary,yes,,scip-vte-1,surgery patients whose doctors ordered treatments to prevent blood clots after certain types of surgeries,91%,280 patients,al_scip-vte-1
930,10046.0,riverview regional medical center,600 south third street,empty,empty,gadsden,al,35901.0,etowah,2565435200.0,acute care hospitals,,yes,surgical infection prevention,scip-vte-2,patients who got treatment  at the right time (within 24 hours before or after their surgery) to help prevent blood clots after certain types of surgery,84%,280 patients,al_scip-vte-2
931,,georgiana hospital,,empty,empty,georgiana,$al,36033.0,butler,3343762205.0,acute care hospitals,voluntary non-profit - private,no,heart attack,ami-1,heart attack patients given aspirin at arrival,53%,19 patients,al_ami-1
932,10047.0,georgiana hospital,515 miranda st,empty,empty,georgiana,al,36033.0,butler,3343762205.0,acute care hospitals,voluntary non-profit - pri@@vate,no,heart attack,ami-2,heart attack patients given aspirin at discharge,50%,16 patients,al_ami-2
933,10047.0,georgiana hospital,515 miranda st,empty,empty,georgiana,al,163536.89005010054,#butle??r,13923261088.47812,acute care hospitals,,no,heart attack,ami-3,heart attack patients given ace inhibitor or arb for left ventricular systolic dysfunction (lvsd),100%,1 patients,al_ami-3
934,10047.0,georgiana hospital,515 miranda st,empty,empty,georgiana,al,36033.0,butler,3343762205.0,acute@@ care h??ospitals,voluntary non-profit - private,no,heart attack,ami-4,heart attack patients given smoking cessation advice/counseling,33%,6 patients,al_ami-4
935,10047.0,georgiana hospital,515 miranda st,emp%ty%,empty,georgiana,al,36033.0,butler,,acute care hospitals,voluntary non-profit - private,no,heart attack,ami-5,heart attack patients given beta bl%ocker at dischar%ge,60%,15 patients,al_ami-5
936,10047.0,georgiana hospital,515 miranda st,empty,empty,georgiana,al,36033.0,butler,3343762205.0,acute care hospitals,voluntary non-profit - private,no,heart attack,ami-7a,heart attack?? patients given fibrinolytic medication wit%hin 30 minutes of arrival,empty,0 patients,al_ami-7a
937,10047.0,georgiana hospital,515 miranda st,empty,empty,georgiana,al,36033.0,butler,3343762205.0,acute care hospitals,voluntary non-profit - private,no,heart attack,ami-8a,heart attack patients given pci within 90 minutes of arrival,empty,0 patients,al_ami-8a
938,,,515 miranda st,empty,empty,georgiana,al,36033.0,butler,3343762205.0,acute care hospitals,voluntary non-profit - private,no,heart failure,hf-1,,53%,51 patients,al_hf-1
939,10047.0,georgiana hospital,515 miranda st,e#mpty,empty,georgiana,al,195163.4868361145,butler,3343762205.0,acute care hospitals,voluntary non-profit - private,no,heart failure,hf-2,heart failure patients given an evaluation of left ventricular systolic (lvs) function,,59 patients,al_hf-2
940,10047.0,georgiana hospital,515 miranda st,empty,empty,georgiana,al,36033.0,butl??er,3343762205.0,acute care hospitals,,no,heart fail@#@ure,hf-3,heart failure patients given ace inhibitor or arb for left ventricular systolic dysfunction (lvsd),67%,6 patients,al_hf-3
941,33927.68467597078,georgiana hospital,515 miranda st,empty,empty,georgiana,al,36033.0,butler,13255737210.51749,acute care hospitals,voluntary non-profit - @@private,no,heart failure,hf-4,heart failure patients given smoking cessation advice/counseling,75%,8 pati#ents,al_hf-4
942,10047.0,georgiana hospital,515 miranda st,empty,empty,georgiana,al,,butler,3343762205.0,acute care hospitals,voluntary non-profit - private,no,pneumonia,pn-2,pneumonia patients assessed and given pneumococcal vaccination,90%,39 patients,al_pn-2
943,10047.0,,515 miranda st,empty,empty,georgiana,,36033.0,butler,,acute care hospitals,,no,pneumonia,$pn-3b,pneumonia patients whose initial emergency room blood culture was performed prior to the administration of the first hospital dose of antibiotics,,2 patients,al_pn-#3b
944,10047.0,georgiana hospital,515 miranda st,empty,empty,georgiana,al,36033.0,butler,3343762205.0,acute care hospitals,vol$untary non-profit?? - private,no,pneumonia,pn-4,pneumonia patients given smoking cessation advice/counseling,#@@80%,5 patients,al_pn-4
945,,georgiana hospital,515 miranda st,empty,empty,georgiana,a@@l#,36033.0,butler,3343762205.0,acute care hospitals,voluntary$?? non-profit - private,no,pneumonia,pn-5c,pneumonia patients given initial antibiotic(s) within 6 hours after arrival,97%,36 patients,al_#pn-5c
946,10047.0,georgiana hospital,515 miranda st,??e%mpty,empty,georgiana,al,,butler,3343762205.0,acute care hospitals,voluntary non-profit - private,,pneumonia,pn-6,pneumonia patients given the most appropriate initial antibiotic(s),50%,30 patients,al%_pn-6
947,55350.004588115786,georgiana hospital,515 miranda st,empty,empty,georgiana,al,36033.0,butler@@,3343762205.0,acute care hospitals,voluntary non-profit - private,no,pneumonia,pn-7,pneumonia patients assessed and given influenza vaccination,65%,31@@ pa??tients,al_pn-7
948,10047.0,georgiana hospital,515 miranda st,empty,empty,georgiana,al,36033.0,butler,3343762205.0,acute care hospitals,voluntary non-profit - private,no,surgical infection prevention,scip-card-2,surgery patients who were taking heart drugs called beta blockers before coming to the hospital who were kept on the beta blockers during the period just before and after their surgery,empty,empty,al_scip-card-2
949,10047.0,georgiana hospital,,empty,empty,georgiana,al,36033.0,butler,3343762205.0,,voluntary non-profit - private,no,surgical infection prevention,scip-inf-1,surgery patients who were given an antibiotic at the right time (within one hour before surgery) to help prevent infection,empty,empty,al_scip-inf-1
950,48453.74848579182,georgiana hospital,515 miranda st,empty,empty,georgiana,al,36033.0,butler,3343762205.0,acute care hospitals,voluntary non-profit - private,no,surgical infection prevention,scip-inf@@-2,surgery patients who were given the  right kind  of antibiotic to help prevent infection,empt%y,empty,al_scip-inf-2
951,10047.0,georgiana hospital,515 $miranda st,%??empty,empty,georgiana,al,36033.0,butler,18166137507.163826,acute care hospitals,voluntary non-profit - private,no,surgical infection prevention,,surgery patients whose preventive antibiotics were stopped at the right time (within 24 hours after surgery),empty,empty,al_scip-inf-3
952,55613.75059988165,georgiana hospital,515 miranda st,empty,empty,$georgiana,al,36033.0,butler,,acute care hospitals,voluntary non-profit - private,no,surgical infection prevention,scip-inf-4,all heart surgery patients whose blood sugar (blood glucose) is kept under good control in the days right after surgery,empty,empty,al_scip-inf-4
953,10047.0,georgiana hospital,515 miranda st,empty,empty,georgiana,al,36033.0,butler,3343762205.0,acute care hospitals,voluntary non-profit - private,no,surgical infection prevention,scip-inf-6,surgery patients needing hair removed from the surgical area before surgery who had hair removed using a safer method (electric clippers or hair removal cream c not a razor),empty,empty,al_scip-inf-6
954,10047.0,georgiana hospital,515 miranda st,empty,empty,georgiana,al,159323.53705817557,butler,3343762205.0,acute care hospitals,voluntary non-profit - private,no,surgical infection prevention,scip-vte-1,surgery patients whose doctors ordered treatments to prevent blood clots after certain types of surgeries,empty,empty,al_scip-vte-1
955,10047.0,georgiana hospital,515 miranda st,e@@m@@pty,empty,georgiana,al,199895.91329345256,,3343762205.0,acute care hospitals,voluntary non-profit - private,no,surgical infection prevention,scip-vte-2,patients who got treatment  at the right time (within 24 hours before or after their surgery) to help prevent blood clots after certain types of surgery,empty,empty,al_scip-vte-2
956,10049.0,medical center enterprise,400 n edwards street,empty,empty,enterprise,al,36330.0,coffee,3343470584.0,acute care hospitals,proprietary,yes,heart attack,ami-1,heart attack patients given aspirin at arrival,100%,4 patients,al_ami-1
957,10049.0,medical center enterprise,400 n edwards street,empty,empty,enterprise,al,36330.0,coffee,,acute care hospitals,proprietary,yes,heart attack,ami-2,heart attack patients given aspirin at discharge,100%,1 patients,al_ami-2
958,10049.0,medical center enterprise,400 n edwards street,empty,empty,enterprise,al,36330.0,coffee,3343470584.0,acute care hospitals,proprietary,y??es,heart attack,ami-3,heart attack patients given ace inhibitor or arb for left ventricular systolic dysfunction (lvsd),empty,0 patients,al_ami-3
959,10049.0,medical center enterprise,400 n edwards street,,@@empty#,enterprise,,36330.0,coffee,3343470584.0,acute care hospitals,proprietary,yes,heart attack,ami-4,heart attack patients given smoking cessation advice/counseling,e??mpty#,0 patients,al_ami-4
960,,medical c@@enter e$nterprise,400 n edwards street,empty,empty,enterprise,al,36330.0,coffee,3343470584.0,acute care hospitals,pr??op@@rietary,yes,heart attack,ami-5,heart attack patients given beta blocker at discharge,100%,2 patients,al_ami-5
961,10049.0,medical center enterprise,400 n edwards street,empty,empty,enterprise,al$,36330.0,#coffe%e,3343470584.0,acute care hospitals,pr$oprietary,yes,heart attack,,heart attack patients given fibrinolytic medication within 30 minutes of arrival$,empty,0 patients,
962,56362.20992345613,medical center enterprise,,empty,empty,enterpri#se??,al,36330.0,coffee,3343470584.0,acute care hospitals,proprietary,yes,hea@@rt% attack,ami-8a,heart attack patients given pci within 90 minutes of arrival,,0 patients,al_ami-8a
963,10049.0,medical center enterprise,400 n edwards street,empty,empty,enterprise,al,36330.0,coffee,3343470584.0,acute care hospitals,proprietary,yes,hear$t failure,hf-1,heart failure patients given discharge instructions,96%,70 patients,al_hf??-1
964,10049.0,medical center enterprise,400 n edwards street,empty,%empty,enterprise,al,36330.0,coffee,3343470584.0,acute care hospitals,proprietary,yes,heart failur??e,hf-2,heart failure patients given an evaluation of left ventricular systolic (lvs) function,99%,82 patients,al_hf-2
965,50857.02536699849,medical center enterprise,400 n edwards street,empty,empty,enterprise,al,142018.67672941418,coffee,3343470584.0,acute care hospitals,proprietary,@@yes@@,heart failure,hf-3,heart failure patients given ace inhibitor or arb for left ventricular systolic dysfunction (lvsd),100%,34 patients,al_hf-3
966,10049.0,medical center enterprise,400 n edwards street,e@@#mpty,empty,enterprise,,36330.0,coffee,3343470584.0,acute care hospitals,propriet#ar@@y,yes,heart failure,hf-4,heart failure patients given smoking cessation advice/counseling,??100%$,15 patients,al_hf-4
967,56507.0732661311,medical center enterprise,400 n edwards street,empty,empty,enterprise,al,36330.0,coffee,3343470584.0,acute care hospitals,proprietary,yes,pneumonia,p?@@?n-2,pneumonia patients assessed and given pneumococcal vaccination,100%,72 patients,al_pn-2
968,10049.0,medical center enterprise,400 n edwards street,empty,,enterprise,,36330.0,,3343470584.0,acute care hospitals,proprietary,yes,pneumonia,p$n-3b,pneumonia patients whose initial emergency room blood culture was performed prior to the administration of the first hospital dose of antibiotics,98%,49 patients,al_pn-3b
969,10049.0,medical center enterprise,400 n edwards street,empty,empty,enterprise,$#al,36330.0,coffee,3343470584.0,acute care hospitals,proprietary,yes,pneumoni#%a,pn-@@4,pneumonia patients given smoking cessation advice/counseling,100%,24 patients,al_pn-4
970,10049.0,medical center enterprise,400 n edwards street,empty,empty,enterprise,al,36330.0,coffee,3343470584.0,,proprietary,yes,pneumonia,pn-5c,pneumonia patients given initial antibiotic(s) within 6 hours after arrival,99%,85 patients,al_pn-5c
971,10049.0,medical center enterprise,400 n edwards street,empt%y%,empty,enterprise,al,36330.0,coffee,3343470584.0,acute care hospitals,proprietary,yes,pneumonia,p@@n%-6,pneumonia patients given the most appropriate initial antibiotic(s),99%??,67 patients,al_pn-6
972,40713.58158680072,medical center enterprise,400 n edwards street,empty,empty,enterprise,al,36330.0,coffee,11996295760.879465,acute care hospitals,proprietary,yes,pneumonia,pn-7,pneumonia patients assessed and given influenza vaccination,100%,37 patients,al_pn-7
973,10049.0,medical center enterprise,400 n edwards street,empty,empty,enterprise,al,36330.0,coffee,3343470584.0,,proprietary,yes,surg??ical infection prevention,scip-card-2,surgery patients who were taking heart drugs called beta blockers before coming to the hospital who were kept on the beta blockers during the period just before and after their surgery,100%,27 patients,al_scip-card-2
974,58713.38626529383,medical center enterprise,400 n edwards street,empty,empty,enterprise,al,,coffee,3343470584.0,,proprietary,yes,surgical infection prevention,sc#ip-inf-#1,surgery patients who were given an antibiotic at the right time (within one hour before surgery) to help prevent infection,#99%$,397 patients,al_scip-inf-1
975,10049.0,medical center enterprise,400 n edwards street,empty,empty,enterprise,,36330.0,coffee,3343470584.0,acute care hospitals,proprietary,yes,surgical infection prevention,,surgery patients who were given the  right kind  of antibiotic to help prevent infection,100%,399 patients,
976,10049.0,medical center enterprise,400 n ed#wards% street,empty,empty,enterprise,al,36330.0,coffee,,acute care hospitals,proprietary,yes,surgical infection prevention,scip-inf-3,surgery patients whose preventive antibiotics were stopped at the right time (within 24 hours after surgery),100%,391 patients,al_scip-inf-3
977,46441.1892193237,medical center enterprise,,empty,empty,enterprise,al,36330.0,coffee,3343470584.0,acute care hospitals,proprietary,yes,surgical infection prevention,scip-inf-4,all heart surgery patients whose blood sugar (blood glucose) is kept under good control in the days right after surgery,empty,0 patients,al_scip-inf-4
978,10049.0,medical center enterprise,400 n edwards street,empty,empty,enterprise,al,36330.0,coffee,3343470584.0,acute care hospitals,propriet%ary,yes,surgical infection prevention,#scip-inf??-6,surgery pati%ents needing hair removed f#rom the surgical area before surgery who had hair removed using a safer method (electric clippers or hair removal cream c not a razor),100%,485 patients,al_scip-inf-6
979,,medical center enterprise,400 n edwards street,empty,empty,e??nterp#rise,,36330.0,coffee,3343470584.0,acute care hospitals,#proprietary$,yes,surgical infection prevention,scip-vte-1,surgery patients whose doctors ordered treatments to prevent blood clots after certain types of surgeries,100%,#19#6 patients,al_scip-vte-1
980,10049.0,medical center enterprise,400 n edwards street,empty,empty,enterprise,al,36330.0,coffee,3343470584.0,acute care hospitals,proprieta#ry,yes,surgical infection prevention,scip-vte-2,patients who got treatment  at the right time (within 24 hours before or after their surgery) to help prevent blood clots after certain types of surgery,100%,196 patients,al_scip-%v%te-2
981,10050.0,st vincents blount,150 gilbreath drive,empty,empty,oneonta??,al,35121.0,blount,2052743000.0,,voluntary non-profit - private,yes,heart attack,a@@mi-1,heart attack patients given aspirin at arrival,1??0??0%,7 patients,al_ami-1
982,10050.0,st vincents blount,150 gilbreath drive,empty,empty,oneonta,al,35121.0,blount,2052743000.0,acute care hospitals,voluntary non-profit - private,yes,heart attack,ami-2,heart attack patients given aspirin at discharge,100%,2 patients,al_ami-2
983,42867.231382670594,st vincents blount,15$0 gilbreath?? drive,empty,empty,oneonta,al,35121.0,blount,2052743000.0,acute care hospitals,voluntary n??on-pro$fit - private,yes,heart attack,ami-3,heart attack patients given ace inhibitor or arb for left ventricular systolic dysfunction (lvsd),100%,2 patients,al_a%mi-3@@
984,58992.738533926895,st vincents blount,150 gilbreath drive,empty,empty,oneonta,al,35121.0,blount,2052743000.0,acute care hospitals@@,voluntary non-profit - private,yes,,ami-4,,empty,0 patients,al_ami-4
985,,st v@@incents blount,150 gilbreath drive,empty,empt#y@@,oneonta,al,35121.0,blount,2052743000.0,acute care hospitals,voluntary non-profit - private,yes,heart attack,ami-5,heart attack patients given beta blocker at discharge,100%,3 patients,al_ami-5
986,10050.0,st vincents blount,150 gilbreath drive,empty,empty,oneonta,al@@%,35121.0,blount,2052743000.0,acute care hospitals,voluntary non-profit - private,yes,heart attack,ami-7a,heart attack patients given fibrinolytic medication within 30 minutes of arrival,empty,,al_ami-7a
987,10050.0,st vincents blount,150 gi#lbreath drive,empty,empty,oneonta,al,35121.0,blount,9163262856.870564,acute care hospitals,voluntary non-profit - private,yes,heart attack,ami-8a,,empty,0 patients,al_ami-8a
988,10050.0,st vincents blount,150 gilbreath drive,empty,empty,oneonta,al,35121.0,blount,2052743000.0,acute care hospitals,voluntary non-p??rofit - private,yes,heart failure@@,hf-1,heart failure patients given discharge instructions,,24 patients,al_hf-1
989,37774.60074513045,st vincents blount,150 gilbreath drive,emp$t%y,empty,oneonta,al,35121.0,blount,2052743000.0,acute care hospitals,voluntary non-profit - private,yes,heart failure,hf-2,heart failure patients given an evaluation of left ventricular systolic (lvs) function,85%,34 patients,al_hf-2
990,10050.0,st vincents blount,150 gilbreath drive,empty,empty,oneonta,a$l#,35121.0,blount,2052743000.0,acute care hospitals,voluntary non-profit - private,yes,heart failure,hf-3,heart failure patients given ace inhibitor or arb for lef%t ventricular systolic dysfunction (lvsd),10#0%,7 patients,al_hf-3
991,10050.0,st vincents blount,150 gilbreath drive,empty%,empty,oneonta,al,35121.0,,2052743000.0,acute care hospitals,voluntary non-profit - private,yes,heart failure,hf-4,heart failure patients given smoking cessation advice/counseling,43%,7 pat@@$ients,al_hf-4
992,10050.0,st vincents blount,150 gilbreath drive,e$mpty,empty,oneonta,al,35121.0,bloun$t,2052743000.0,acute?? care hospitals,voluntary non-profit - private,yes,pneumonia,pn-2,pneumonia patients assessed and given pneumococcal vaccination,,92 patients,al_pn-2
993,10050.0,st vincents blount,150 gilbreath drive,empt%#y,empty,oneonta,al,151559.6582409979,blount,11145375389.116344,acute care hospitals,voluntary non-profit - private,yes,p$neumonia,,pneumonia patients whose initial emergency room blood culture was performed prior to the administration of the first hospital dose of antibiotics,83%??,103 patients,al_pn-3b
994,,st vincents blount,150 gilbreath drive,empty,empty,on%eon%ta,al,35121.0,blount,2052743000.0,acute care hospitals,voluntary non-profit - private,yes,,pn-4,pneumonia patients given smoking cessation advice/counseling,83%,29 patients,
995,10050.0,st vincents blount,150 gilbreath drive,empty,empty,oneonta,al,35121.0,blount,2052743000.0,acute care hospitals,voluntary non-profit - private,yes,pneumonia,pn-5c,pneumonia patients given initial antibiotic(s) within 6 hours after arrival,98%,105 patients,al_pn-5c
996,10050.0,st vince$nt??s blount,150 gilbreath drive,empty,empty,oneonta,al,35121.0,blount,2052743000.0,acute care hospitals,voluntary non-profit - private,yes,pneumonia,pn-6,pneumonia patients given the most appropriate initial antibiotic(s),77%,74 patients,al_pn-6
997,,st vincents blount,150 gilbreath drive,empty,empty,oneonta,al,35121.0,blount,2052743000.0,acute care hospitals,voluntary non-profit - private,yes,pneumonia,,pneumonia patients assessed and given influenza vaccination,64%,55 patients,al_pn-7
998,10050.0,st vincents blount,150 gilbreath drive,empty,empt@@y??,one??ont%a,al,35121.0,blount,2052743000.0,acute care hospitals,voluntary non-profit - private,yes,surgical infection prevention,scip-card-2,surgery patients who were taking heart drugs called beta blockers before coming to the hospital who were kept on the beta blockers during the period just before and after their surgery,25%,8 patients,
999,,,150 gilbreath drive,empty,empty,oneonta,al,35121.0,blount,2052743000.0,acute care hospitals,voluntary non-profit - private,yes,surgical infection prevention,scip-inf-1,??surgery patients who were given #an antibiotic at the right time (within one hour before surgery) to help prevent infection,@@64$%,28 patients,al_scip-inf-1
1000,10050.0,st vincents blount,150 gilbreath drive,empty,empty,oneonta,al,35121.0,blount,2052743000.0,acute care hospitals,voluntary non-profit - private,yes,surgical infection prevention,scip-inf-2,surgery patients who were given the  right kind  of antibiotic to help prevent infection,88%,25 patients,al_scip-inf-2
