ID,id,article_title,article_language,journal_title,jounral_abbreviation,journal_issn,article_jvolumn,article_jissue,article_jcreated_at,article_pagination,author_list
1,235295.0,Late repair of injuries of the anal sphincter,eng,,Proceedings of the Royal Society of Medicine,0035-9157 (Print) 0035-9157,64.0,12.0,1/1/71,118@@7-9,{A. G. ParksJ. F. McPartlin}
2,498345.0,Ebola Virus GP Ge$ne Polyadenylation Versu$s RNA Editing.,ENG,The Journal of infectious diseases,J. %Infect. Dis.,1537-6613,-1.0,-1.0,2/15/04,,{Valentina A VolchkovaJaroslav VoracPhilip LawrenceLaurie Repiquet-PaireViktor E Volchkov}
3,789958.0,,eng,,Indian J Op%hthalmol,0301-4738,,4.0,1/6/12,283$-4$,{Jitendra JethaniShashikant ShettySucheta ParijaP Vijayalakshmi}
4,169865.0,[Noninvasive prenatal diagnosis of trisomy 21 18 and 13 using cell-free fetal DNA],pol,,,,84.0,0.0,1/13/01,714-9 ST  - [Noninvasive prenatal diagnosis of trisomy 21 18 and 13 using cell-free fetal DNA]-,
5,803653.0,Diagnosis and Management of Cutaneous B-cell Lymphoma.,eng,Dermatologic clinics,Dermatol Clin,,33.0,4.0,1/15/10,835-40,{Lauren C Pinter-Brown}
6,98234.0,Pregabalin celecoxib and their combination for treatment of chronic low-back pain,eng,,,,10.0,4.0,1/9/01,185-91,{C. L. RomanoG. MineoC. BonoraD. Romano}
7,823730.0,Activation and blockade of beta adrenoceptors in common cardiac disorders,,Br Med Bull,British medical bulletin,000%7-1420,29.0,2.0,1/1/73,163-7,{B N PrichardJ W Black}
8,729712.0,Long-term effects of spontaneous breathing during ventilatory support in patients with acute lung injury,English; ABSTRACT LANGUAGE:English,American journal of respiratory and critical care medicine,,,164.0,4.110554501168059,1/1/07,43-49,{St_ber FMutz NWrigge HPutensen CZinserling JZech SVon Spiegel T}
9,396821.0,Awareness of deficits and on-road driving performance,English,Clinical Neuropsychologist,,1385-4046,25.0,7.0,1/11/01,1158-78,{L. J. RapportJ. A. GriffenL. A. BieliauskasC. BurtR. C. Bryer}
10,,A comparative evaluation of two head and neck immobilization devices using electronic portal imaging,,The British journal of radiology,,,79.0,938.0,1/6/01,158-61,{K. FlemingK. DonatoK. Leszczynski}
11,184417.0,Disparities in childhood asthma hospitalizations: A spatial analysis of contextual effects,,Transportation Research Part D-Transport and Environment,,1361-9209,14.0,5.0,1/9/01,317-325,{J. L. LiP. Newcomb}
12,729686.0,Local anaesthetic wound infiltration used for caesarean section pain relief: a     meta-analysis,English,International journal of clinical and experimental medicine,Int J Clin Exp Med,1@@940-5901,8.0,6.0,1/15/01,10213-10224,{Yang MLi JLi %YZhou MYang HShi XLi XYuan H}
13,,Smoking is accompanied by a suppressed cervical nitric oxide release in women with high-risk human papillomavirus infection,eng,Acta Obstet Gynecol Scand,Acta obstetricia et gynecologica Scandinavica,0001-6349 (Print) 0001-6349,92.0,6.0,1/$13/??01,711-@@5,{T. S. MikkolaS. VuorentoO. YlikorkalaM. Vaisanen-TommiskaP. Rahkola-Soisalo}
14,,Imaging of scar in patients with ventricular arrhythmias of right ventricular origin: Cardiac magnetic resonance versus electroanatomic mapping,,,,1547-5271,8.0,5.0,1/11/01,S40,{C. Hamilton-CraigS. BartolettiM. CasellaF. PernaM. L. NarducciP. SantangeliF. PintusA. NataleA. Dello RussoG. PelargonioG. BencardinoJ. D. BurkhardtF. BellocciL. Di Biase}
15,53321.0,Monoaxial versus polyaxial locking systems: a biomechanical analysis of $different locking systems for the fixation of proximal humeral fractures,eng,,,,113.09724200940218,8.0,1/11/01,1245-50,{T. ToppC. KuhneS. RuchholtzU. LewanA@@. KrugerT. MullerR%. Zettl}
16,,Latex allergy in@@ atopic #children.,eng,,,0007-0963,140.0,5.0,5#/1/#99,9$19-21,{R S LeverS A Holme}
17,668310.0,A randomized controlled trial of Tai chi for balance sleep quality and cognitive performance in elderly Vietnamese.,eng,Clinical Interventions In Aging,Clin Inte$rv Agi#ng,1178-1998,7.0,-1.0,1/12/01,185-90,
18,1399565.849046636,Multisystemic Therapy for social emotional and behavioral problems in youth aged 10-17,eng,Cochrane Database Syst Rev,,1469-493X,0.0,4.0,,Cd0047#97#,
19,478292.0,Haemodynamic ischaemia in paediatric moyamoya disease associated with renovascular hypertension.,%eng,Acta Neurochirurgica,,Jan-68,139.0,3.0,1/1/97,257-#%8,{Y TakagiN HashimotoY Goto}
20,43736.0,Effect of pedaling technique on mechanical effectiveness and efficiency in cyclists.,eng,Medicine and science in sports and exercise,Med Sci Sports Exerc,,39.0,,1/7/06,991-5,{James C MartinIan MayhewLee M RomerThomas Korff}
21,82614.0,,eng,,Cancer Prev Res (Phila),1940-6215,24.541409193626976,12.0,1/13/12,,{Lynne M AusmanMartin S ObinXiang-Dong WangChun LiuBlanche C IpDonald E SmithKang-Quan Hu}
22,163526.0,A performance improvement process to tackle tachysystole??,English,,,,130.93105656999583,0.0,1/11/01,512-9 ST  - A performance improvement process to tackle tachysystole-,{V. E. CN  - medline DA  - Sep-Oct DB  - MEDLINE DO  - http://dx.doi.org/10.1111/j.1552-6909.2011.01275.x DP  - Ovid Technologies von GruenigenA. M. BurkettJ. DoyleT. H. Kenny}
23,514411.0,Osteoid osteoma treated by percutaneous thermal ablation: when do we fail? A systematic review and guidelines for future reporting.,eng,Cardiovascular and interventional radiology,,1432-086X,135.53279657369495,6.0,1/14/12,1530-9,{Luca Maria SconfienzaEzio LanzaGianpaolo CornalbaDario PorettiCatherine CytevalPierre VialaFrancesco SardanelliYann Thouvenin}
24,569841.0,Effects of chemotherapy in AIDS-associated non-Hodgkin's lymphoma on Kaposi's sarcoma herpesvirus DNA in blood.,eng,Journal of clinical oncology?? : official journal of the American Society of Clinical Oncology,J. Clin. Oncol.,1527-7755,27.0,72.30665577361665,5/20/09,2496-502,{Ariela NoyLawrence D KaplanYanxing YuAlexandra M LevineRichard F AmbinderSusan E KrownBruce J DezubeLan LinJeannette Y LeeGary S Hayward}
25,6207.0,Serum MMPs 7-9 and their inhibitors during glucocorticoid and anti-TNF-alpha therapy in pediatric inflammatory bowel disease,,Scandinavian Journal of Gastroenterology,,,229.42481057538876,7.0,1/12/01,785-794,
26,21910.0,Examining waiting placement in hospital: utilization and the lived experience.,eng%,Global journal of health science,Glob J Health Sci,1916-9736,6.0,2.0,1/14/03,22-Dec,{Donna M WilsonJessica A HewittRalph MagnusJill Viho$sKaren PetersonNancy Barnes}
27,378490.0,A prospective observational study of obesity body composition and insulin resistance in 18 women with bipolar disorder and 17 matched control subjects.,eng@@,The Journal of clinical psychiatry,J Clin Psychiatry,1555-2101,69.0,12.0,,1892-900,{Isabella SorecaAndrea FagioliniDavid J KupferBret H GoodpasterSara B Fleet-MichaliszynAmy D OttoJohn M Jakicic}
28,971878.0,Diminished A-cell secretion in the early phase of type I diabetes mellitus,English,Metabolism: Clinical and Experimental,,,35.0,11.0,1/1/86,1074-1077,{S. SrikantaO. P. GandaR. E. Gleason}
29,793918.0,Strong stability and host specific bacterial community in faeces of ponies.,eng,PLoS One,PloS one,@@1932-6203,8.0,,1/13/01,e7507#9@@,{Tina M BlackmoreKirsty DougalHilary J WorganEric PinlocheGemma CurtisC Jamie NewboldNeil R McEwanSusan E GirdwoodPat A HarrisCaroline McG ArgoAlex Dugdale}
30,2518556.88342658,,English,American Journal of Bioethics,,,9.0,9.0,1/9/01,W1-W4,{G.R. Gillett}
31,880881.0,[A case of giant Brunner's gland hyperplasia combined with adenomyomatous hyperplasia].,,The Korean journal of gastroenterology = Taehan Sohwagi Hakhoe chi,Korean J Gastroenterol,1598-9992,52.0,6.0,1/8/12,384-8,{Seung Woo ParkJae Bock ChungSang Kyum KimSi Young SongJoo Won ChungHo Keun KimJoo Hee SeoSeungmin Bang}
32,2968453.070355055,Efficacy and safety of the low-molecular weight heparin enoxaparin compared with unfractionated heparin across the acute coronary syndrome spectrum: a meta-analysis.,eng,Eur. Heart J.,,0195-668X,28.0,17.0,1/7/09,2077-86,{Carolyn H McCabeShaun G GoodmanFrans Van de WerfDavid A MorrowElliott M AntmanEugene BraunwaldKenneth W MahaffeyMarc CohenIan B MenownSabina A MurphyCharles Michael Gibson}
33,4898458.028621533,Optimal Starting Age for School Attendance: FY76 Issue Analysis,English,,,,0.0,0.0,1/1/74,46,{Maril#ou Madden??}
34,379737.0,Bone density and body composition in young women with chronic fatigue syndrome.,eng,Neuroprotective Agents,,0077$-8923,904.0,-1.0,%5/1/00,#625-7,{F GatesP Clifton-BlighG FulcherL HoskinR Hansen}
35,676042.0,Prognostic value of morning blood pressure surge in clinical events: a meta-analysis of longitudinal studies.,eng,Journal of stroke and cerebrovascular diseases : the official journal of National Stroke Association,J Stroke Cerebrovasc Dis,1532-8511,,2.0,,362%$-9,{Yan-Xin ZhaoJun-Chao XieXue-Yuan LiuHan Yan}
36,353972.0,Child sexual abuse as a risk factor for sexual risk behaviours among socially disadvantaged adolescents in Ibadan Nigeria.,,Vulnerable Children and Youth Studies,,1745-0128 1745-0136,3.0,,1/8/01,243-248,{B O Olley}
37,5526154.636255675,,English,,Respiration,,,2.0,1/14/01,144-147,{T. NakajimaI. YoshinoK. YasufukuS. YoshidaY. SakairiK. Shibuya}
38,660168.0,Fat and neurosurgery: does obesity affect outcome after intracranial surgery?,eng,,,1524-$4040,64.0,2.0,1/9/02,316-26; discussion 326-7,
39,732534.0,Out of harm's way: curbing violence in the ED,English,Health Facilities Management,,0899-6210,8.0,32.37037277856218,1/1/95,20-6 28,{K. Sandrick}
40,473026.0,The incidence of contrast-induced nephropathy in trauma patients.,eng,European journal of emergency medicine : official journal of the European Society for Emergency Medicine#,Eur J Emerg Med,1473-5695,15.0,3.0,1/8/06,134-9,{Rich SinertShoma DesaiAntonia HippCarmen L%opez}
41,,Dosimetric analysis of proton pencil beam scanning radiation therapy versus dose painted intensity modulated radiation therapy for squamous cell carcinoma of the anal canal,,Int. J. Radiat. Oncol. Biol. Phys.,,0360-3016,376.43429585560176,1.0,,S398,{Kooy H.Hong T.S.Symonifka J.Depauw N.Wo J.Y.}
42,110072.0,Brain BDNF levels elevation induced by physical training is reduced after unilateral common carotid artery occlusion in rats.,eng,Journal of cerebral blood flow and metabolism : official journal of the International Society of Cerebral Blood Flow and Metabolism,J. Cereb. Blood Flow Metab.,1559-7016,34.0,10.0,1/14/10,1681-7,{Jacques Van HoeckeHayat BanoujaafarChristine MarieClaude M Mossiat}
43,1288381.3084084578,,,Intensivmedizin und Notfallmedizin,,017%5-3851@@,34.0,7.0,1/1/97,655-663,{G. PetersK. BeckerC. Von Eiff}
44,23215.0,Co%loRectal Cancer Predicted Risk Online (CRC-PRO) calculator using data from the $Multi-Ethnic Cohort Study.,eng,Journal of the American Board of Family Medicine : JABFM,J Am Board Fam Med,,27.0,1.0,1/14/01,,{Leila JacksonBrian J WellsGregory S CooperSiran KoroukianMichael W Kattan}
45,719532.0,,,Energy and Buildings,,0378-7788,42.0,12.0,1/10/01,2331-2337,{R. LuckP. MagoN. Fumo}
46,272586.12280647026,Evidence that serum levels of the soluble receptor for advanced glycation end products are inversely associated with pancreatic cancer risk: a prospective study.,,Cancer research,Cancer Res.,1538-7445,256.1113150945085,10.0,5??#/15/11,Sep$-82,{Stephanie J WeinsteinRachael Z Stolzenberg-SolomonPhilip R TaylorBarry I GraubardJarmo VirtamoDemetrius AlbanesLi Jiao}
47,433667.0,Norton Waterlow and Braden scores: a review of the literature and a comparison between the scores and clinical judgement,,,,,0.0,0.0,,,{NULL}
48,530323.0,Strategies for partner notification for sexually transmitted infections including HIV.,,Cochrane Database Syst. Rev.,,1469-493X,34.04056945115016,-1.0,1/13/%01,,{Catherine MathewsMoleen ZunzaAdel FerreiraNicola LowTaryn Young}
49,102893.0,A cohort study of the prevalence and impact of comorbid medical conditions in pediatric bipolar disorder.,#eng,The Journal of clinical psychiatry,J Clin Psychiatry,1555-2101,71.0,11.0,1/10/11,1518-25,{Roger S McIntyreAvnish TripathiJeanette M Jerrell}
50,864817.0,,,Annals of Oncology,,,21.0,,1/10/01,,{B. EscudierA. RavaudF. RollandA. BlesiusB. BeuzelinkS. OudardC. Chevreau}
51,217725.0,Use of alendronate in peri-implant defect regeneration,English,,,,70.0,2.0,1/1/99,151-158,{P. C. WollanS. J. MerawC. M.???? Reeve}
52,,Prevention of phantom pain after major lower limb amputation by epidural infusion of diamorphine clonidine and bupivacaine,English; ABSTRACT LANGUAGE:English,Annals of the Royal College of Surgeons of England,Ann R Coll Surg Engl,0035-8843,76.0,5.0,1/1/94,324-326,{Jayatunga APDark CHJahangiri MBradley JWP}
53,659297.0,How assistive technology use by individuals with disabilities impacts their caregivers: a systematic review of the research evidence.,eng,Ameri%can Journal Of Physical Medicine & Rehabilitation / Association Of Academic Physiatrists,Am J Phys Med Rehabil,,91.0,11.0,1/12/11,984-98,{James LenkerW Ben MortensonFrank DeRuyterLouise DemersJeffrey W JutaiMarcus J Fuhrer}
54,42247.0,Gender differences in personal social and environmental influences on active travel to and from school for Australian adolescents.,eng,Journal of science and medicine in sport / Sports Medicine Australia,J Sci Med Sport,1878-1861,13.0,6.0,1/10/11,597-601,{John W ToumbourouEva LesliePeter KremerJoanne W Williams}
55,1508243.1083500565,Adolescent overscheduling: The relationship between levels of participation in scheduled activities and self-reported clinical symptomology,,,,,90.0,3.0,1/7/01,18-30,{Steven G LittleK Angeleque Akin-LittleShari Melman}
56,,Quantitative Analysis of Robustness of Dynamic Response and Signal Transfer in Insulin mediated PI3K/AKT Pathway.,ENG,Computers & chemical engineering,,0098-1354,71.0,,4/14/12,,{Shibin MathewIpsita Banerjee}
57,616298.0,Does neuraxial anesthesia reduce intraoperative blood loss? A meta-analysis.,eng,Jo$urnal of clinica#l anesthesia,J Clin Anesth,0952-8180,,,,427-35,{David N MaineGenevieve E CourpasJames F WellerJeffrey M RichmanAndrew J RowlingsonChristopher L Wu}
58,221086.0,Novel genetic linkage of rat Sp6 mutation to Amelogenesis imperfecta,eng,,,,7.0,0.0,1/12/01,34,{K. MiyoshiT. NomaT. MutoH. HagitaT. Horiguchi}
59,548616.0,Educating Emergent Bilinguals: Policies Programs and Practices for English Language Learners. Language & Literacy Series,,Teachers College Press,,0-8077-4913-3,0.0,0.0,1/10/10,,{Ofelia GarciaJo Anne Kleifgen}
60,669596.0,Similar survival between uncemented and cemented fixation prostheses in total knee arthroplasty: a meta-analysis and systematic comparative analysis using registers.,eng,Knee surgery sports traumatology arthroscopy : official journal of the ESSKA,Knee Surg Sports Traumatol Arthrosc,1433-7347,22.0,12.0,1/14/12,Jul-91,{Junwei JiangHongchuan WangHua LouKai LiuHuiwei Zhang}
61,474288.0,Current palliative chemotherapy trials in the elderly neglect patient-centred outcome measures.,eng,Journal of geriatric oncology,J Geriatr Oncol,1879-4076,6.0,,1/15/01,15-22,
62,108424.0,Outcome of gastric bypass patients.,,Obesity surgery,Obes Surg,0960-8923,52.10664713116916,,1/2/04,261-4,{Ryan HolzwarthBasir TareenAlicia MajkrzakDarren Huber}
63,841679.0,A Modified Technique for Pulmonary Valve Replacement with a Homograft,English,J. Card. Surg.,,-7977,26.0,2.0,1/11/01,144-147,{S. K. ChoudharyG. S. GulatiP. SharmaS. TalwarB. AiranS. Mishra}
64,173830.0,Advances in allergic skin disease anaphylaxis and hypersensitivity reactions to foods drugs and insects,,Journal of Allergy and Clinical Immunology,,0091-6749 (Print),116.0,,1/5/01,,{S. H. SichererD. Y. M. Leung}
65,2686594.137838651,Phase II study of epirubicin oxaliplatin and docetaxel combination in@@ metastatic gastric or gastroesophageal junction adenocarcinoma.,eng,J. Exp. Clin. Cancer Res.,,1756-9966,28.0,-1.0,1/9/01,34,{Laura GiacintiSilvia Ileana FattorusoMaria Grazia ArenaLuigi Di LauroMassimo LopezDomenico SergiDiana Giannarelli}
66,237623.0,Neck pain.,eng,Clinical evidence,Clin Evid (Online),1752-8526,2008.0,1.0,1/8/01,,
67,912884.0,A guide to physiotherapy in cerebral palsy,,Paediatrics and Child Health,,,18.0,0.0,1/8/01,410-413,{C. E. Barber}
68,318931.0,Community associated methicillin-resistant Staphylococcus aureus in HIV-infected patients,,AIDS Reviews,,1$139-6121$,,12.016553447768295,1/10/01,153-163,{M. PujolP. BarragnJ.M. TiraboschiA. ImazM.. Dom_nguezD. Podzamczer}
69,,[The anxiety level of the patients who will have ultrasound-guided puncture biopsy: a survey study].,chi,Sheng wu yi xue gong cheng xue za zhi = Journal of biomedical engineering = Shengwu yixue gongchengxue zazhi,Sheng Wu Yi Xue Gong Cheng Xue Za Zhi,1001-5515,29.0,11.643907789753113,1/12/06,453-5 459,{Rujun ZhengYulan PengShuzhen ZhaoHong HuangIi LiangXiaoli He}
70,349150.0,The relationship between capsulorhexis size and anterior chamber depth relation.,eng,,Ophthalmic Surg Lasers,1082-3069,30.0,,3/1/99%,,{O Ceki_C Batman}
71,572010.0,A pilot study of rituximab in patients with recurrent classic Hodgkin disease.,eng,CANCER,,0008-543X,98.0,2.0,7/15/03,%310-#4,{Anas YounesL Jeffrey MedeirosFrederick HagemeisterMaria Alma RodriguezSima JehaPaolo FiumaraLynne V AbruzzoJohn T ManningJorge RomagueraAndre GoyDan JonesPeter McLaughlin}
72,826030.0,A cognitive behavior intervention program in women with unexplained chest pain--a pilot study,eng,European journal of cardiovascular nursing : journal of the Working Group on Cardiovascular Nursing of the European Society of Cardiology,Eur J Cardiovasc Nurs,1474-5151,50.02867538853151,2.0,1/12/01,183-9,{Cecilia Bj_rkelundMargaretha Jerlock}
73,34962.0,Assessing social isolation in motor neurone disease: a Rasch analysis of the MND Social Withdrawal Scale.,eng,Journal of the neurological sciences,J. Neurol. Sci.,1878-5883,334.0,1.0,11/15/1??3,112-8,{Everard W ThorntonCarolyn A YoungAlan TennantJohn EalingKevin Talbot[Collective Name] UKMND-QoL GroupChris J GibbonsPamela J Shaw}
74,574309.0,Three-year Outcomes in de Novo Liver Transplant Patients     Receiving Everolimus with Reduced Tacrolimus: Follow-Up Results from     a Randomized Multicenter Study,En??#glish,Transplantation,Transplantation,0041-1337,99.0,30.467571284914584,1/15/01,1455-1#462,
75,,,eng,Indian Journal of Pathology and Microbiology,,0377-4929,198.39236572585122,3.0,1/3/07,484-7,{T K DuttaPampa Ch ToiBhawana A BadheL H GhotekarDebdatta Basu}
76,421512.0,CABG again outshines stenting for some patients with coronary artery blockage,,,,,309.0,1.0,1/13/01,17-Aug,{M. Mitka}
77,715052.0,Health-promoting behaviors of low-income cancer survivors,,,,,25.0,3.0,1/11/01,118-124 7p,{Alexa StuifbergenMartha Gene Meraviglia}
78,,Food allergy in children,,Archives De Pediatrie,,0929-693X,13.0,10.0,1/6/01,1349-1353,
79,140274.0,Here to stay. An interview with Dr. David Satcher Director@@ U.S. Centers for Disease Control and Prevention.,eng,Nepal Medical College journal : NMCJ,Nepal Med Coll J,,1.0,17.0,11/1/96,9-Jun,{J Stilkind}
80,282039.0,,,,,0041-1132,48.0,9.0,1/8/01,1925-1929,{M. MartinengoD. F. ArdenghiG. RealiG. Tripodi}
81,835177.0,KRAS mutational status assessment in patients with metastatic colorectal cancer: are the clinical implications so clear?,eng,,,,19.0,2.0,1/10/01,167-71,{M. HebbarP. FournierO. Romano}
82,519732.0,Classifying radiographic progression status in early rheumatoid arthritis patients using propensity scores to adjust for baseline differences.,eng,Statistical methods in medical research,Stat Methods Med Res,0962-2802,16.0,1.0,1/7/02,13-29,
83,761104.0,Infusing Tolerance Diversity and Social Personal Curriculum into Inclusive Social Studies Classes Using Family Portraits and Contextual Teaching and Learning,,TEACHING Exceptional Children Plus,,,1.0,3.0,1/5/01,,{Milagros M. SessionsKevin J. Miller}
84,408062.0,Adherence to fesoterodine in women with overactive bladder in routine clinical practice.,engspa,Actas urologicas espanolas,,1699-7980,39.0,4.0,1/15/05,222-8,{E HuguetO PortaE Mart_nezI MoraM Sim_J PubillJ A OrtegaM T Castillo}
85,889481.0,Chronic pain related to quality of sleep,eng     por,Einstein (Sao Paulo),Einstein (Sao Paulo Brazil),1679-4508,12.0,,1/14/01,159-63,{W. HummigJ. Stechman NetoL. F. Tonial}
86,4951506.026817393,On the role of pre and post-processing ??in@@ environmental data mining,,Proc. iEMSs 4th Biennial Meeting - Int. Congress on Environmental Modelling and Software: Integrating Sciences and Information Technology for Environmental Assessment and Decision Making iEMSs 2008,,9790000000000,3.0,0.0,1/8/01,1937-1958,{??Miquel S_nchez-MarrGeoff HolmesJoaqu_n IzquierdoJoaquim ComasIoannis AthanasiadisKarina Gibert}
87,604985.0,,eng,J Med Toxicol,Journal of medical toxicology : official journal of the American College of Medical Toxicology,1556-9039,2.0,16.704079723031086,1/6/12,152-5,{Robert S HoffmanBrian W CotterBarbara M KirraneFermin BarruetoLewis S Nelson}
88,220950.0,Forensic odontology: A prosthodontic view,eng,,,,4.0,,1/12/01,38-41,
89,770196.0,FIGO staging of gynecologic cancer. 1994-1997 FIGO Committee on Gynecologic Oncology. International Federation of Gynecology and Obstetrics,eng,Int J Gynaecol Obstet,International journal of gynaecology and obstetrics: the official organ of the International Federation of Gynaecology and Obstetrics,0020-7292,64.0,3.325608416267449,1/1/99,10-May,{W. T. CreasmanS. PecorelliJ. L. BenedetJ. H. Shepherd}
90,914468.0,Effect of neuromuscular electrical stimulation and isotonic exercises in flexor and extensor@@ muscles of knee of hemiplegic patients,,Revista de Neurologia,Rev.Neurol.,0210-0010,46.0,9.996938831894719,1/8/01,135-138,
91,346326.0,,eng,J Cardiovasc Med (Hagerstown),,@@1558-2027,10.0,3.0,1/9/03,261-3,{Giovanni TeodoriMarta LeveroneEraldo OcchettaMiriam BortnikPaolo MarinoMarco Marcolongo}
92,2886631.2525311476,[Assessment of prognostic factors of thoracic synovial sarcoma].,fre??,Pathologie non allergique et exposition aux moisissures domestiques.,,1776-2588,27.0,1.0,,Jul-93,{B H Mbatchou NgahaneG DevouassouxH BaudrandB GuibertN FreymondY PachecoA Traverse-Glehen}
93,282053.0,Secondary school tobacco policy and prevention curricula in South Carolina,,Nicotine% Tob Re??s,Nicotine & tobacco research : official journal of the Society for Research on Nicotine and Tobacco,1462-2203,1.0,,1/1/99,,{M. W. MartinR. SaundersS. Levin}
94,870257.0,Intimate Partner Violence Survivors' Unmet Social Service Needs,English,,,1540-7314 0148-8376,37.0,5.0,,481-4$89,
95,417578.0,Partial fill strategies for oral oncolytics to reduce waste and drive persistency,eng,Am$ J Manag Care,The American journal of managed care,1088-0224,,1.0,1/13/01,SP26-7,{A. A. Kaddis}
96,949067.0,The impact of advancing age on P-glycoprotein expression and activity: %current knowledge a%nd future directions,eng,Expert Opin Drug Metab Toxicol,Expert opinion on drug metabolism & toxicology,1742-5255,12.429619383465226,3.0,,315-20,{A. A. Mangoni}
97,931323.0,Prevalence of allergic diseases in Poland - ECAP study,,Allergy: European Journal of Allergy and Clinical Immunology,,,64.0,0.0,1/9/01,326-327,
98,752456.0,The changing patterns of systemic fluoride intake,,,Journal of dental research,#002??2-0345,71.0,5.0,1/1??/92,1228-37,{B. A. Burt}
99,377284.0,Normal insulin sensitivity and IMCL content in overweight humans are associated with higher fasting lipid oxidation.,eng,Am J Physiol Endocrinol Metab,American journal of physiology. Endocrinology and metabolism,0193-1849,283.0,3.0,1/2/09,E556-64,
100,1848729.7225653024,Dietary practices of ballet jazz and modern dancers,,Journal of the American Dietetic Association,,1878-3570,,,1/1/92,319-324,{Stensland SHSobal J}
101,444273.0,Iatrogenic perforation at colonic imaging.,,,,,0.0,,,,
102,816680.0,The embodied nature of medical concepts: Image schemas and language for pain,English,,,1612-4782     1612-4790,15.0,3.0,1/1$4/0??1,283-296,{M. Tercedor SnchezJ.A. Prieto Velasco}
103,491006.0,,,,,,24.0,2.0,1/15/01,160-6,
104,628299.0,Risk of gestational diabetes mellitus in women with polycystic ovary syndrome: a systematic review and a meta-analysis.,eng,Fertility and sterility,,1556-5653,92.0,2.0,,667-77,{Christos A VenetisBasil C TarlatzisKonstantinos A ToulisEfstratios M KolibianakisDimitrios G GoulisIoannis Papadimas}
105,72089.0,Clinical pharmacokinetics of Icotinib an anti-cancer drug: evaluation of dose proportionality food effect and tolerability in healthy subjects.,eng,,Cancer @@Chemother. Pharma#col.,1432-0843,73.0,4.0,1/14/04,721-7,{Fenlai TanJi JiangDon ZhangDongyang LiuYingxiang WangLi ZhangPei Hu}
106,847287.0,A qualitative exploration of the cancer experience among long-term survivors: comparisons by cancer type ethnicity gender and age.,eng,Psycho-oncology,Psychooncology,,15.0,3.0,1/6/03,248-58,{Sarah McGrawVida M PetronisCharles S CarverNancy AvisKristie Long FoleyDeborah F FarmerRoselyn G SmithKevin Smith}
107,764224.0,,,,,,,,1/12/01,255-62,{Y. FengyingY. HainaiW. JianxiongT. Sijie}
108,591619.0,Effect of antibiotic prescribing in primary care on meticillin-resistant Staphylococcus aureus carriage in community-resident adults: a controlled observational study,eng,,,,39.0,2.0,1/12/01,135-41,{A. D. HayA. LoveringC. CostelloeA. MontgomeryD.?? LewisC. $McNulty}
109,125072.0,Ghrelin improves left ventricular dysfunction and cardiac cachexia in heart failure.,eng,Current opinion in pharmacology,Curr Opin Pharmacol,,3.0,2.0,1/3/##04,146-51,{Noritoshi NagayaKenji Kangawa}
110,255432.0,Pool fencing for preventing drowning in children.,eng,The Cochrane Database Of Systematic Reviews,Cochrane Database Syst Rev,1469-493X,-1.0,2.0,1/1/00,,
111,689284.0,Intrinsically de-sialylated CD103(+) CD8 T cells mediate beneficial anti-glioma immune responses.,eng,Cancer immunology immunotherapy : CII,Cancer Immunol. Immunother.,1432-0851,220.54334905818843,9.0,1/14/09,,{HongQiang WangDwain K IrvinAshley GraggXiao-xue ZhangChristopher J WheelerKeith L BlackLucia VeigaRyan CordnerMandana ZandianAkanksha PanwarEmmanuel JouanneauYuying ZhaiShyam GoverdhanaArmen Mardiros}
112,781141.0,,English,BMJ Open,,2044-6055,,10.0,1/13/01,,{T. L. DaviesB. BovillS. JohnstonM. T. MayM. Gompels}
113,148787.0,Cardiac atrophy in women following bed rest,eng,,,,103.0,0.0,1/7/01,8-16 ST  - Cardiac atrophy in women following bed rest-,
114,779281.0,Patent abstractsnull,,Industrial Robot: An International Journal,,0143-991X,38.0,4.0,1/11/01,,{NULL}
115,684757.0,The value of a continuous ambulatory activity monitor to quantify the amount and intensity of daily activity in patients with rheumatoid arthritis.,,The Journal Of Rheumatology,J Rheumatol,0315-162X,28.0,4.0,1/1/04,,{A H ZwindermanM MunnekeG J TijhuisZ de JongJ M HazesT P Vliet Vlieland}
116,447382.0,Antiplatelet therapy in patients with ST-elevation myocardial infarction undergoing myocardial revascularisation: Beyond clopidogrel.,,,,,0.0,0.0,,,{NULL}
117,585766.0,Thermoregulatory response of women to intermittent work in the heat,,Journal of applied physiology,J Appl Physiol,,41.0,1.0,1/1/76,57-61,{B. L. DrinkwaterJ. E. DentonS. M. HorvathP. B. Raven}
118,185291.0,Perceived barriers that impede provider relations and medication delivery: Hospice providers' experiences in nursing homes and private homes,,,,,,0.0,1/10/01,305-310,{Denys T. LauBrass Buchanan Deandrea Glaser Guest Hodgson Huerta Lau Lau Miles Miller Parker-Oliver Raina Teno Weller BostickCelia BerdesJonathan Masin-PetersMegan Ong}
119,886237.0,Effet d'une intervention non mdicamenteuse Voix d'Or sur les troubles du comportement dans la maladie d'Alzheimer ou une maladie apparente. [Effect of a non-pharmacological intervention Voix d'Or on behavior disturbances in Alzheimer disease and associated disorders.],,Griatrie et Psychologie Neuropsychiatrie du Vieillissement,,,11.0,,,323-330,
120,5127601.073706248,The Hierarch@@ical Organization #of Intellectual Structures,English,,,,0.0,,1/1/66,13,{Sheldon H. White}
121,922646.0,Desflurane and isoflurane increase lumbar cerebrospinal fluid pressure in normocapnic patients undergoing transsphenoidal hypophysectomy.,e%ng,Anesthesiology (Hagerstown),,22-Mar,85.0,5.0,,999-1004,{P TalkeJ CaldwellB DodsontC A Richardson}
122,843485.0,Pathways of care-seeking during fatal infant illnesses in under-resourced South African settings.,eng,Transactions of the Royal Society of Tropical Medicine and Hygiene,Trans. R. Soc. Trop. Med. Hyg.,1878-3503,,2.0,1/12/02,110-6,{Peter J WinchMickey ChopraCynthia S MinkovitzDebra JacksonAlyssa B Sharkey}
123,668845.0,Impact of education and provision of complementary feeding on growth and morbidity in children less than 2 years of age in developing countries: a systematic review.,eng,BMC public Health,,1471-2458,13.0,,1/13/01,S13,{Jai K DasZohra S LassiZulfiqar A Bhu#ttaGuleshehwar ZahidA%amer Imdad}
124,863844.0,Sustained complete remission of a limited-stage blastic plasmacytoid dendritic cell neoplasm followed by a simultaneous combination of low-dose DeVIC therapy and radiation therapy: a case report and review of the literature.,e#ng,International journal of clinical and experimental pathology,,1936-2625,6.0,33.59564498968494,1/13/01,3-Aug,{Yasunori OtaMasaaki NoguchiKei-Ji SugimotoHiroshi IzumiNorio KomatsuNanae YamaguchiHidenori ImaiAsami ShimadaYasunobu SekiguchiMutsumi Wakabayashi}
125,946006.0,P#rimary vagina#l cancer and chemoradiotherapy: a patterns-of-care analysis,eng,Int J Gynecol Cancer,International journal of gynecological cancer : official journal of the International Gynecological Cancer Society,1048-891X (Print)     1048-891x,21.0,2.0,1/11/01,378-84,{A. J. GhiaV. J. GonzalezJ. D. TwardA. M. StroupD. K. GaffneyL. Pappas}
126,36429.0,[Neurological dysfunction induced by bilirrubin].,spa,Neurologia (Barcelona Spain),Neurologia,1578-1968,27.0,4.0,1/12/05,202-11,{V Cus_H GalvezM IriondoJ CampistolI MlagaA Garc_a Cazorla}
127,259367.0,A comparison of recovery characteristics of sevoflurane and propofol-remifentanil anesthesia in geriatric patients,,,,,14.0,0.0,1/11/01,208-213??,{A. ErolJ. B. CelikI. KaraA. TopalS. Guven}
128,977276.0,Data mining usage in health care management: literature survey and decision tree application,,Medicinski G%lasnik,,1840-0132 1840-2445 (electronic),,1.0,1/8/01,,{M. P. BachD. Cosic}
129,369578.0,Predicting infection in localized intraabdominal fluid collections: value of pH and pO2 measurements.,eng,Scientific Session and ??Scientiftc Poster Abstracts,,1051-0443,10.0,23.05187722539801,4/1/99,,{D J SadlerR R GrayB D SchoutenJ M BohnenJ K WongR MustardG DoyleR A PugashJ Sanabria}
130,772616.0,,,Curr. Vasc. Pharmacol.,,-7518,11.0,,,817-823,{di Raimondo D.Pinto A.Lucifora B.Tuttolomondo A.Licata G.Butt_ C.}
131,1103719.2785939781,Teaching medical student geriatrics competencies in 1 week: an efficient model to teach and document selected competencies using clinical and community resources,,Journal of the American Geriatrics Society,J.Am.Geriatr.Soc.,14-Feb,61.0,7.0,1/13/01,1182-7,
132,757463.0,Low prevalence and increased household clustering of Mycobacterium tuberculosis infection in high altitude villages in Peru.,eng,Am. J. Trop. Med. Hyg.,,Feb-37,68.0,6.0,1/3/06,721-7,{Mayuko SaitoSusan OlenderRo@@bert H GilmanChristian$ T BautistaEvelyn J HsiehLuz CaviedesKari GillenwaterJane ApgarPedro MoroAndres G Lescano}
133,,A literature review on chronic pain: the daily overcoming of a complex problem.,,,,,0.0,0.0,,,{NULL}
134,368072.0, Mobilisation with movement and exercise corticosteroid injection or wait and see for tennis elbow,, BMJ 2006 333:939,,,0.0,0.0,,,{Vicenzino B Bisset L Beller E Jull G Brooks P Darnell R}
135,812893.0,Clinical outcomes and cost-effectiveness of strategies for managing people at high risk for diabetes (Structured abstract),,Annals of Internal Medicine,,,,,1/5/01,251-264,{L. SchlessingerD. M. EddyR. Kahn}
136,1496166.213332749,,eng,The Journals of Gerontology: Series A: Biological Sciences and Medical Sciences,,1079-5006,55.0,12.0,12/1/00,B570-9,{G R ChalmersK M Knutzen}
137,513829.0,CT false-profile view of the hip: a reproducible method of measuring anterior acetabular coverage using volume CT data.,,Skeletal Radiology,Skeleta??l Rad$iol,1432-2161,43.0,53.31477293235681,1/14/11,1605-11,{Dominic S CarreiraRoss M BorzykowskiJohn KozySteven D Needell}
138,862798.0,A pharmacoeconomic evaluation of statins in the treatment of hypercholesterolaemia in the primary care setting in Spain (Structured abstract),,Pharmacoeconomics,,,23.0,3.0,1/5/01,275-287,{P. Tarraga-LopezJ. M. Ocana-LopezJ. Miguel-ClaveJ. Solera-AlberoM. Cerdan-OliverM. A. Lopez-CaraA. Celada-Rodriguez}
139,316632.0,When is carotid angioplasty and stenting the cost-effective alternativ??e for revascularization of symptomatic carotid stenosis? A Canadian health system perspective,,,,,35.0,2.0,1/14/01,327-32,{M. GoyalS. WiebeM. D. HillF. M. ClementJ. H. WongM. A. AlmekhlafiD. Yavin}
140,38413.0,Proximal migration of a 5 French pancreatic stent during bile stone extraction: a successful retrieval using mini-snare,eng,,,,17.0,0.0,1/14/01,384-6 ST  - Proximal migration of a 5 French pancreatic stent during bile stone extraction: a successful retrieval using mini-snare-,{J. DA  - May-Jun DO  - 10.4103/1119-3077.130253 DP  - NLM% ET  - 2014/04/10 WuQ. ZhaoY. FanY. S. Liao}
141,595469.0,Carriage of methicillin-resistant Staphylococcus aureus by veterinarians in Australia,eng,,,,89.0,5.0,%1/#11/01,152-9,
142,49698.0,Multicenter randomized placebo-controlled trial of amitriptyline in children with functional gastrointestinal disorders,eng??#,,,,137.0,0.0,@@1/9/01,1261-9 ST  - Multicenter randomized placebo-controlled trial of amitriptyline in children with functional gastrointestinal disorders-,{C. C2  - Pmc2827243 C6  - Nihms132141 DA  - Oct DO  - 10.1053/j.gastro.2009.06.060 DP  - NLM ET  - 2009/07/15 Di LorenzoM. SapsS. NurkoP. HymanN. YoussefA. MirandaJ. Cocjin}
143,900624.0,Terbutaline pump for the prevention of preterm birth (Structured abstract),,Health Technology Assessment Database,,,0.0,4.0,1/11/01,,{R. DanielM. T. AnsariL. WeeksS. DoucetteA. TsertsvadzeB. SkidmoreK. SinghL. GaudetM. WalkerS. Tsouros}
144,246528.0,Complex regional pain syndrome type 1 after fractures of the distal radius: a prospective study of the role of psychological factors,eng,J Hand Surg Br,Journal of hand surgery (Edinburgh Scotland),0266-7681 (Print) 0266-7681,30.0,6.0,,574-80,{A. ZylukP. Puchalski}
145,347144.0,,eng,Journal of cardiova$scular electro$physiology,J. Cardiovasc. Electrophysiol.,1540-8167,18.0,3.0,1%$/7/03,$290-5,{Abdi RasekhJie ChengAli MassumiMichael R UjhelyiVadim LevinMehdi RazaviJames A ColesMargit NemethIlyas Colombowala}
146,,Clinical comparison of the effects of nimesulide and ibuprofen on fever in children. [Chinese],Chinese     Chinese English,Chinese Journal of New Drugs,,,,4.0,1/12/01,451-457,
147,269313.0,Usefulness of a myofascial trigger point injection for groin pain in patients with chronic prostatitis/chronic pelvic pain syndrome: a pilot study,,,,,94.0,5.0,,930-936,{Yong-Kyun KimTae Yoong JeongWon Hyuk ChangSang Chul LeeJeong-Gyu YoonDong Suk Kim}
148,267879.0,The value of routine radiography in patients with knee osteoarthritis consulting primary health care: a study of agreement,e%ng,Eur J Gen Pract,The European journal of general practice,,20.0,1.0,1/14/01,6-Oct,{O. H. SimonsenS. T. SkouH. Thomsen}
149,,Studies with the maximal histamine test.,eng,Gut,Gut,,6.0,4.0,,36%4-71,{A M MulekarB J Vakiland}
150,62306.0,Mandibular second molar with C-shaped canal morphology and five canals: report of a case.,eng,General dentistry,Ge%n?? Dent,,52.0,12.662204843061936,1/4/05,253-4,{Fred W Benenati}
151,182986.0,Assessing food safety system in sub-Saharan countries: An overview of key issues,,Food Control,,0956-7135,18.0,,1/7/01,1$31-134,
152,663994.0,Hearing feelings: a quantitative meta-analysis on the neuroimaging literature of emotional prosody perception.,eng,,,1873-3514,50.0,12.0,1/12/10,2752-6@@3,{Vincent J P Van HeuvenNiels O SchillerJurriaan Witteman}
153,520771.0,[Skeletal maturation in assessing u@@nderage asylum @@seekers].,dut,Euthanasie en andere medische beslissingen rond het levenseinde 1990-1995,,0028-2162,149.0,22.0,5/28/05,1@@241; author reply 1241,{R R van RijnS G F Robben}
154,754594.0,The ex vivo antimicrobial activity and colonization rate of two antimicrobial-bonded central venous catheters,eng,,,,27.0,6.0,1/1/99,1128-31,{G. AbrahamJr. Fromm R. E.P. E. MarikJ. VaronP. Careau}
155,817046.0,Acupuncture anes@@thesia used in rabbit abdominal operations,English,American Journal of Acupuncture,AM. J. ACUPUNCT.,00913960 (ISSN),,2.0,1/1/76,149-156,
156,736183.0,,eng,Swiss Med. Wkly,,1424-7860,137.0,25.0,@@6/30%/07,368-72,{D KalinaS de RibaupierreO VernetP -F LeyvrazB RillietB Cavin}
157,963532.0,Cardiac MRI in ischemic heart disease,,Circulation Journal,,,274.8982849037111,9.0,1/9/01,1577-1588,{S. KatoM. IshidaH. Sakuma}
158,131820.0,Twisting the night away: a review of the neurobiology genetics diagnosis and treatment of shift work disorder.,eng,CNS spectrums,CNS Spectr,1092-8529,18.0,-1.0,1@@/13/12,45-53; quiz 54,{Debbi Ann Morrissette}
159,704093.0,[Evaluation of treatment outcomes in tuberculosis of knee and hip joints in 2005-2012].,cze,Paliativn_ Schanzova osteotomie p_i nereponibiln_ luxaci kyeln_ho kloubu u pacient s d_tskou mozkovou obrnou v adolescentn_m v_u,,15-Jan,80.0,4.0,1$/13/01,256-62,{D ChocholR ChaloupkaB KalaJ GalloM Netval}
160,912377.0,Assessing quality of life in patients after partial laryngectomy,English,Hippokratia,Hippokratia,1790@@-80@@19,18.0,2.0,1/14/01,#156-61,
161,203935.0,Application of a stress and coping model to positive and negative adjustment outcomes in colorectal cancer caregiving,,Psycho-Oncology,,,19.0,11.0,,1171-1178,{Pakenham K.I.Fitzell A.}
162,68354.0,Cyclin d1 gene expression in oral mucosa of tobacco chewers-an immunohistochemical study.,,Journal of Clinical and Diagnostic Research,J.Clin.Diagn.Res.,2%249-782X%,8.0,5.0,1/14/05,,{Maharudrappa BasnakerSatish BnvsSrikala Sp}
163,259916.0,Single bolus parecoxib attenuates sore throat after laryngeal microsurgery: A randomized double-blind control study,,,,,144.24499420116382,0.0,,574-578,{K. Y. TsengH. F. HuangK. I. ChengH. T. HsuP. Y. ChangY. C. ChenI. C. Lu}
164,199407.0,,,,,,24.0,0.0,,551-561 ST  - Scar Management Practice and Science: A Comprehensive Approach to Controlling Scar Tissue and Avoiding Hypertrophic Scarring.... Reprinted and adapted with permission from Wound Healing South Africa and Medpharm. Widgerow AD. Scar management,
165,790756.0,Sporadic Duane's Retraction Syndrome Associated with Imperforate Anus: Case Report.,,Strabismus,,0927-3972,3.0,3.0,1/1/95,123-6,{M SchmidR SalatiP E BianchiA M BezzinaC Barone}
166,592893.0,Prevalence and antibacterial susceptibility of mef(A)-positive macrolide-resistant streptococcus pneumoniae over 4 years (2000 to 2004) of the PROTEKT US study,,,,,45.0,2.0,1/7/01,290-293,{S. G. JenkinsT. M. @$@FileD. J. Farrell}
167,232775.0,Yoga may help manage binge eating disorder,,Focus on Alternative and Complementary Therapies,,,15.0,1.0,1/10/0%1,,{S. McIver}
168,631610.0,Meta-analyses of experimental data in animal nutrition.,eng,Animal,,175#$1-7311,2.0,,1/8/08,1203-14,{N R St-PierreD SauvantP SchmidelyJ J Daudin}
169,901298.0,Castor oil bath and/or enema for cervical priming and induction of labour,,Cochrane Database of Systematic Reviews,,,0.0,7.0,1/13/01,,{J. Kelly AnthonyJane ThomasJosephine Kavanagh}
170,,The Role of Radiology in Preclinical Anatomy. A Critical Review of the Past Present and Future.,,,,,0.0,0.0,,,
171,429995.0,Insulin detemir lowers the risk of hypoglycaemia and provides more consistent plasma glucose levels compared with NPH insulin in Type 1 diabetes.,e$ng$,Diabet Med,Diabetic medicine : a journal of the British Diabetic Association,0742-3071,97.19437915940668,7.0,1/6/07,729-35,{A PhilotheouS R HellerJ JendleM-A GallK$ KlendorfG P RossG PerrielloI Pavlic-Renar}
172,709359.0,Remote presence proctoring by using a wireless remote-control videoconferencing system,eng,,,,12.0,,,139-43,{C. D. SmithJ. E. Skandalakis}
173,690938.0,Association of transforming growth factor-_1__T869C G915C and C509T gene polymorphisms with rheumatoid arthritis risk.,eng,Journal of receptor and signal transduction research,J. Recept. Signal Transduct. Res.,1532-4281,34.0,6.0,,469-75,{Tian-Biao ZhouSi-Lian FangHui-Liu ZhaoGregor P C Drummen}
174,910604.0,Sinus arrhythmia and pupil size in Chiari I malformation: Evidence of autonomic dysfunction,English,,,$0393-5264,8.0,4.0,1/1/93,251-257,{P. KruszewskiDept of Neurology Trondheim University Hospital L.J. StovnerNorway TrondheimJ. M. ShenTrondheim Norway University HospitalL. J. StovnerTrondheim Dept. of NeurologyAddress CorrespondenceAddresses Author}
175,730191.0,An observational study on the prevalence and pattern of opioid use in 25479 patients with spine and radicular pain,English; ABSTRACT LANGUAGE:English,Spine,Spine,0362-2436,27.0,2.0,1/??2/01,201-205,{Girault GRose RJWeinstein JNBall PAHanscom BFanciullo GJ}
176,42135.0,Selective loss of anterior pituitary volume with severe pituitary-gonadal insufficiency in poorly compliant male thalassemic patients with pubertal arrest.,eng,Annals of the New York Academy of Sciences,Ann. N. Y. Acad. Sci.,007%7-8923,3923.7129269054763,-1.0,6/30/98,479-82,{M KatzR ChatterjeeA OatridgeJ B PorterG M Bydder}
177,4441957.92159364,Localized deficiencies of folic acid in aerodigestive tissues,eng,Ann N Y Acad Sci,Annals of the New York Academy of Sciences,0077-8923 $(Print) 00#77-8923,3407.457810864664,,1/1/92,,{D. C. Heimburger}
178,335521.0,Overweight and obesity in young and middle age and early retirement: the ARIC study,,Obesity (Silver Spring Md.),Obesity (Silver Spring),1930-7381,86.94564026069042,1.0,1/9/01,143-9,{Jianwen CaiJune StevensDenise K. Houston}
179,22708.0,Comparing modelling techniques for analysing urban pluvial flooding.,eng,Water science and technology : a journal of the International Association on Water Pollution Research,Water Sci. Technol.,0273-1??223,,11.28478998458834,1/14/01,305-11,{J van der MeulenJ KluckE van DijkJ H M Straatman}
180,3818086.578759873,Unique failure mechanism of a femoral component after revision total hip arthroplasty.,eng,Orthopedics,Orthopedics,1938-2367,,10.0,1/13/%??10,e1327-9,{Robert T TrousdaleJ Ryan Martin}
181,804762.0,The impact of bleeding complications in patients receiving novel oral anticoagulants: A systematic review and metaanalysis,English,Haematologica,,0390-6078,0.0,0.0,1/14/01,19th Congress of the European Hematology Association Milan Italy. Conference Start: 20140612 Conference End: 20140615. Conference Publication: (var.pagings). 99 (pp 233),{T. IsayamaM. CrowtherC. Chai-AdisaksophaW. Lim}
182,657210.0,From task characteristics to learning: A systematic review.,E@@NG,,Scand J Psychol,1467-9450,-3.420052640028343,-1.0,%2/17/10,,{Michiel A J KompierEtt#y G A Wielenga-MeijerDani_l H J WigboldusToon W Taris}
183,1503615.5814775527,Daily step goal of 10000 steps: A literature review.,,,,,0.0,0.0,,,{NULL}
184,490584.0,[Effects of hand acupuncture therapy on sleep quality in sleep disrupted adults: verification by polysomnography and cerebral blood flow test],Korean,,,,,23.696701617345333,1/7/01,1108-18,{E. H. Hw@@an@@g}
185,929252.0,Supporting patient adherence to antiretrovirals using mobile phone reminders: patient responses from South India,,AIDS Ca#re,,0954-@@0121$,24.0,5.0,1/12/01,612-7@@,{K. SidneyJ. AntonyA. De CostaA. ShetR. RodriguesS. KrishnamurthyG. D'SouzaK. Arumugam}
186,821382.0,Amyloid neuropathies,English,Mount Sinai Journal of Medicine,,,79.0,6.0,1/12/01,733-748,{J. Robinson-PappS.C. Shin}
187,961741.0,A randomized study with a hyaluronic acid and chondroitin sulfate lotion for radiodermitis in breast cancer patients,,Radiotherapy and Oncology,,,0.0,0.0,,,{Pardo-Masferrer J. Murcia M. Soto R. Gonzalez J. Alastuey I. Montemuino S. Ortiz I. Mena A}
188,925885.0,A systematic review on acupuncture for trigeminal neuralgia (Provisional abstract),,Alternative Therapies in Health and Medicine,,1078-6791,16.0,6.0,1/10/01,30-35,{H LiKf ChungH LiuSp ZhangM Xu}
189,717315.0,Using Debate as a Pedagogical Tool in Enhancing Pre-Service Teachers' Learning and Critical Thinking,,Jo$ur$nal of International Education Research,,2158-0979,8.0,2.0,1/12/01,,
190,967781.0,Current status of diagnostic and therapeutic endoscopic ultrasonography,English,Radiologic Clinics of North America,,0033-8389 DO  - http://dx.doi.org/10.1016/j.rcl.2010.07.015,39.0,3.0,1/1/01,449-+,{S. MalleryJ. Van Dam}
191,4740287.721218272,Are physicians and patients in agreement? Exploring dyadic concordance,,Health Education & Behavior,,??1090#-1981,40.0,5.0,1/13/01,603-11,{J. J. CoranT. Koropeckyj-@@CoxC$. L. Arnold}
192,225002.0,Services for children and adolescents with autism spectrum disorders: payment issues.,eng,,Pediatr Ann,0090-4481,38.0,1.0,1/9/01,57-61,{Lynn M WegnerMichelle M Macias}
193,1669632.8169126736,Mapping Curriculum to Ed Tech and Industry Standards,,Learning & Leading with Technology,,,33.0,6.0,1/6/03$,14-17,{OR. International Society for Technology in Education EugeneBjorn Norstrom}
194,2954835.425767958,Processed meat consumption and stomach cancer risk: a meta-analysis.,eng,Journal of the National Cancer Institute,,1460-2105,98.0,15.0,2/6/08,1078-87,{Nicola OrsiniSusanna C LarssonAlicja Wolk}
195,501663.0,The epidemiology of injury for an elite junior Australian Football cohort,,Journal of Science & Medicine in Sport,,46847841.94690036,15.0,12.928254367735796,1/12/01,207-212,{John PetkovSteve BaileySamuel ChalmersMichael HeynenEbonie ScaseMary E Magarey}
196,48738.0,Prebiotics immune function infection and inflammation: a review of the evidence,#eng$,,,,101.0,0.0,1/9/@@01,633-58 ST  - Prebiotics immune function infection and inflammation: a review of the evidence-,{A. R. LomaxP. C. CN  - Pubmed DA  - Mar DO  - 10.1017/s0007114508055608 DP  - NLM ET  - 2008/09/26 Calder}
197,143029.0,Steroids and antihistamines synergize to inhibit rat's airway smooth muscle contractility.,ENG,European archives of oto-rhino-laryngology : official journal of the European Federation of Oto-Rhino-Laryngological Societies (EUFOS) : affiliated with the German Society for Oto-Rhino-Laryngology - Head and Neck Surgery,,1434-4726,-1.0,-1.0,8/13/14,,{Shao-Cheng LiuChi-Chung WuHsing-Won WangChuan-Hsiang KaoYueng-Hsiang Chu}
198,667611.0,,eng,BMC Medical Research Methodology,,1471-22??88,12.0,-1.0,1/12/01,25,{Marion HabersackIrmina-Anna GerlichGero Luschin}
199,565079.0,The effect of preservation solutions for storage of liver allografts on transplant outcomes: a systematic review and meta-analysis.,eng@@,Annals Of Surgery,Ann#?? Surg,1528-1140,260.0,1.0,@@1/1#4/07,46-55,{John M O__CallaghanRobert D MorganPeter J MorrisSimon R Knight}
200,348006.0,Ultrasonically enhanced vancomycin activity against Staphylococcus epidermidis biofilms in vivo.,eng,J@@ournal of biomaterials applications,J Biomater Appl,0885-3282?$?,60.8397357097553,4.0,1/4/04,237-45,{R A RobisonJ L NelsonB L RoederB L BecksteadG B SchaaljeJ C CarmenW G PittC M Runyan}
201,210865.38840504337,Cuneus and fusiform cortices thickness is reduced in trigeminal neuralgia.,e@@n@@g,The journal of headache and pain,J Headache Pain,1129-2377,15.0,-1.0,1/14/12,17,{Thomas Martin DoringMaud PariseGustavo TukamotoEmerson Leandro GasparettoTadeu Takao Almodovar KuboMaurice Vincent}
202,546048.0,The Impact of Read Right: Semester-Only versus Year-Long Inplementation,,ProQuest LLC,,978-1-2673-2110-7,0.0,0.0,1/13/01,,{John B. Sell}
203,979292.0,Muscle - tendon unit mechanical and morphological properties and sprint performance.,#eng%,Journal of s??ports sciences,J Sports Sci,0264-0414,25.0,9.0,1/7/%07,1035-46,{Sa#vvas StafilidisAdamant$ios Arampatzis}
204,971456.0,An insulin-like growth factor-I gene polymorphism modifies the risk of microalbuminuria in subjects with an abnormal glucose tolerance,English,European Journa??l of Endocr??inology,,,154.0,,1$/6/01,715-721,{H. A. P. PolsC. M. van DuijinS. W. J. LambertsI. RietveldA. HofmanJ. A. M. J. L. Janssen}
205,533193.0,Biofeedback dialysis for hypotension and hypervolemia: a systematic review and meta-analysis.,eng,Nephrology dialysis transplantation : official publication of the European Dialysis and Transplant Association - European Renal Association,Nephrol. Dial. Transplant.,14%60-2385,28.0,1.0,1/13/01,182-91,{Elie A AklGordon GuyattStephen D WalterRita S SuriReem A MustafaGihad E NesrallahRobert M Lindsay}
206,970436.0,Cytokine profiling of young overweight and obese female African American adults with prediabetes,English,Cytokine,Cyt??okine,1096-0023,64.0,1.0,1/13/01,310-5,{J. BhagatwalaW. CaldwellD. H. GuoA. Mello#rH. ZhuR. CaldwellR. LucasS. J. ParikhY. DongS. SridharY. Dong}
207,,Review of prasugrel for the secondary prevention of atherothrombosis.,,,,,0.0,0.0,,,{N$UL??L}
208,464335.0,Stereotactic radiosurgery for spinal metastases: a literature review. [Review],,,,,0.0,0.0,,,{N@@ULL%}
209,417782.0,Pancreatic surgery. A paradigm for progres%s in the age of the?? bottom line,eng,Arch Surg,Archives of surgery (Chicago Ill. : 1960),0004-0010 (Print) 0004-0010,130.0,3.0,1/1/95,240-6,{A. L. Warshaw}
210,979059.0,Difference in fascicle behaviors between superficial and deep quadriceps muscles #during isometric contraction%s.,ENG,Muscle & nerve,Muscle Nerve,10@@97-4598,,3.148679132470088,10/15/09,,{Hiroshi AkimaKazunori NosakaAya TomitaAnthony J BlazevichTakayuki InamiRyosuke AndoKohei Watanabe}
211,661572.0,Losing life and livelihood: a systematic review and meta-analysis of unemployment and all-cause mortality.,eng,Social science# & medicine (1982),Soc Sci Med,1873-5347,72.0,6.0,1/11/03,840-54,{David J RoelfsJoseph E SchwartzEran ShorKarina W Davidson}
212,132901.0,Evaluation of a rapidly rotating shift system for tolerance of nurses to nightwork.,eng,International archives of occupational and environmental health,Int Arch Occup Environ Health,0340-0131,,5.0,1/1/94,305-11,{D MinorsJ WaterhouseG GhirlandaG CostaG Tarondi}
213,803525.3749446374,[Osteoporosis prevention in patients with low energy hip fractures hospitalized in the orthopedic department],dan,Ugeskr Laeger,Ugeskrift for laeger,,164.0,27.0,,Apr-41,{C. B. MogensenI. B.# JacobsenL. Wiboe}
214,440401.0,American palm ethnomedicine: a meta-analysis..,,,,,0.0,,,,{NULL}
215,245231.83092741872,Symptoms tell it all: a systematic review of the value of symptom assessment to predict survival in advanced cancer patients.,en??g??,Critical reviews in oncology/hematology,Crit. Rev. Oncol. Hematol.,@@1879-0461,389.7422833361064,1.0,1/12/10,130-4$%8,{Emile E VoestSaskia C C M TeunissenAlexander de GraeffMarija Trajkovic-Vidakovic}
216,592817.0,,eng,,,,19.0,4.0,1/12/01,361-3,{M. M. ParvareshM. HashemiR. SoodiS. NekoozadehS. A. AlemzadehK. G. FalavarjaniM. Modarres}
217,169270.0,Public health impact of the 1992 Los Angeles civil unrest,,Public health reports (Washington D.C. : 1974),,0033-3549,108.0,3.0,1/1/93,265-72,{NULL}
218,,Laparoscopic reversal of Hartmann's rectosigmoidectomy,,Colorectal disease : the official journal of the Association of Coloproctology of Great Britain and Ireland,Colorectal Dis,1462-8910,10.0,1.0,1/8/01,,{S. SlawikA. R. Dixon}
219,184949.0,The situation of Romanian HIV-positive adolescents: Results from the first national representative survey,,,,,22.0,0.0,,562-569,{D. BuzduceaBuzducea Cohen Johnson Lazar Lazar Lejars Lyon Marin McDowell Mardarescu O'Leary Paxton Wood BergerF. LazarE. I. Mardare}
220,833251.0,Life stress and the long-term treatment course of recurrent depression: III. Nonsevere life events predict recurrence for medicated patients over 3 years,,Journal of Consulting and Clinical Psychology,,,74.0,1.0,1/6/01,,{E. FrankL.D. TorresD. KupferK.L. HarknessJ. GuillaumotJ.E. RobertsS.M. Monroe}
221,,Value of spiral CT in hemodynamically stable patients following blunt chest trauma.,eng,Computerized Medical Imaging and Graphics: The Official Journal of the Computerized Medical Imaging Society,Comput Med Imaging Graph,0895-6111,22.0,6.0,11/1/98,447-52,{R TelloK KandarpaR F MundenS HootonR Pugatch}
222,315926.0,,,,,,,4.0,1/1/99,,{I. RobertsE. HeitmanC. DiguiseppiT. Dinh-Zarr}
223,901385.0,,,American Journal of Clinical Nutrition,,,72.0,1.0,,291S-297S,{O. A. LadipoJ. C.$ Konj$e}
224,787529.0,Rationale design and methods of the HEALTHY study nutrition intervention component,eng,Int $J Obes (L@@ond),International journal of obesity (2005),@@0307-056??5,181.8144420391566,0.0,1/9/01$$,S29-3%6$,
225,431348.0,Atomoxetine treatment of children and adolescents with ADHD: Clinical questions and answers. (German),,,,,0.0,0.0,,,
226,1593065.5568689639,The novel applications of the quantitative analysis of neutrophil cell surface FcgammaRI (CD64) to the diagnosis of infectious and inflammatory diseases.,,,,,0.0,0.0,,,{NULL}
227,1733254.098786266,Inhibition of cisplatin-induced lipid c??atabolism and weight loss by ghrelin in male mice.,eng,Endocrinolo$gy,En??docrinology,1945-7170,481.40891030928,,1/13/09,3118-29,{Thomas SchererJose M GarciaVictor PapushaJi-an ChenMark AsnicarJoanna SmiechowskaBobby GuilloryChristoph BuettnerRoy G SmithAnriada Nassif}
228,572425.0,,eng,,,0277-3732,24.0,,,237-40,{D M Aboulafia}
229,581864.0,Improving Implementation of Classroom Instruction through Teacher-Directed Behavioral Consultation: A Single-Case Demonstration,,International Journal of Behavioral Consultation and Therapy,,1555-7855,2.0,3.0,1/6/01,432-438,{Marcie W. HandlerJames K. LuiselliJennifer A. Mautone}
230,455406.0,Green tea in dermatology. [Review],,,,,0.0,0.0,,,{NULL}
231,696362.0,Teaching Calculus and Other Challenging Courses to Nontraditional and At-Risk Students at a Research University.,,McNeill Mathematics Program,College Teaching,87567555,54.0,,1/6/01,291-297,
232,504206.0,Tropical infection after a case of total hip arthroplasty.,eng,The Journal of hospital infection,J. Hosp. Infect.,,474.9133411306284,3.0,1/14/07,179-81,{E SennevilleH MelliezV LoviC JosephM DouaudM PradierT BoyerA MeybeckL Fortin-Lebraud}
233,800900.0,Chronic pelvic pain.,eng,,Best Pract Res Clin Gastroenterol,15%32%-1916,,4.0,,593-610,{Andrew Paul Baranowski}
234,235689.0,Obstetrical anal sphincter laceration and anal incontinence 5-10 years after childbirth,eng,Am J Obstet Gynecol,American journal of obstetrics and gynecology,0002-9378 (Print) 0002-9378,207.0,5.0,1/12/01,425.e1-6,{K. C. McDermottJ. L. BlomquistV. L. HandaE. C. Evers}
235,2595046.0911919526,Comparative effectiveness of instructional design features in simulation-based education: systematic review and meta-analysis.,eng,Medical teacher,Med Teach,1466-187X,35.0,1.0,1/13/01,e867-98,{Benjamin ZendejasStanley J HamstraRose HatalaDavid A CookAmy T WangJason H SzostekPatricia J ErwinRyan Brydges}
236,84944.0,Body mass index and outcome of ASC-H-interpreted cervical smears in postmenopausal women.,eng,Acta cytologica,Acta Cytol.,J#an-47,56.0,3.0,1/12/01,259-65,{Jae Jun LeeSang Yong SongSoomin AhnYoung Lyun OhJi-Youn SungChang Ohk SungYoo-Young Lee}
237,,Plasma concentration of asymmetric dimethylarginine and the risk of coronary heart disease: rationale and design of the multicenter CARDIAC study.,eng,Atherosclerosis. Supplements,Atheroscler Suppl,1567-5688,4.0,4.0,1/3/12,29-32,%{Andreas M_ggeChristoph HanefeldRainer H B_ger[Collective Name] CARDIAC study investigators}
238,922795.0,[Toxicology and clinical significance of base-catalized deg??radation of sevoflurane to Compound A].,ger,,,17-Mar,45.0,-1.0,2/1/96,,{R M JonesP Conzen}
239,768486.0,Functionality and feedback: a protocol for a realist synthesis of the collation interpretation and utilisation of PROMs data to improve patient care,eng,BMJ Open,,2044-6055,4.0,7.0,1/14/01,e005601,{C. MillsS. DalkinJ. GreenhalghC. WoodL. WoodJ. WrightE. GibbonsN. BlackJ. M. ValderasR. PawsonD. Meads}
240,,Case report. Cutaneous cryptococcosis in a patient with systemic erythematous lupus.,eng,Mycoses,Mycoses,0933-7407,,9.0,1/1/11,419-21,{L RamosS Mathur_nA MateoC L_pezC G_mez}
241,519287.0,A method for determining skeletal lengths from DXA images.,e$$ng,BMC Musculoskelet Disord,BMC musculoskeletal disorders,1471-2474,8.0,-1.0,,113,{Glen M BlakeTim D SpectorIgnac FogelmanUsha Chinappen-Horsley}
242,,Imaging for target volume delineation in rectal cancer radiotherapy--a systematic review.,eng,Clinical Oncology (Royal College of Radiologists),,1433-298%@@1,24.0,5.088362304819211,1/12/02,52-63,{R WebsterE SpeziS MukherjeeR AdamsS GwynneJ StaffurthB Coles}
243,111336.0,The influence of smoking and impaired glucose homoeostasis on the outcome in patients presenting with an acute@@ coronary syndrome: a cross-sectional study.,eng,B#MJ Open,,2044-6055,4.0,7.0,1/14/01,e00$5077@@,{Anders HallingHkan OdebergHenrik ForssellJacob OdebergMarie-Louise PerssonLe??nnart RstamIvar VaaraUlf Lindbl%adMichael Freitag}
244,747279.0,Systematic review exploring the effect of exercise in pulmonary rehabilitation on depression levels in patients with chronic obstructive pulmonary disease,,Physiotherapy,Physiotherapy,1873-1465,97.0,0.0,,eS502-eS503,{Patil S.Horobin H.}
245,674696.0,Environmental and genomic factors as well as interventions influencing smoking cessation: a systematic review of reviews and a proposed working model.,eng,Public health genomics,Public Health Genomics,1662-8063,16.0,,1/13/01,159-73,{A BrandJ Van der HeydenS de VironH Van OyenN Malats}
246,258108.0,Impact of seasonality on recruitment retention adherence and outcomes in a web-based smoking cessation intervention: randomized controlled trial,,,,,15.0,,1/13/01,e249-,{Mushro ANiaura R SGraham A LCobb N KFang YCha S}
247,,White matter diffusivity predicts memory in patients with subjective and mild cognitive impairment and normal CSF total tau levels.,%eng,Jou@@rnal of the International Neuropsychological Society : JINS,J Int Neuropsychol Soc,1469-7661,16.0,1.0,1/10/01,58-69,{Ramune GrambaiteAnders M FjellTormod FladbyKristine B WalhovdVidar StensetIvar Reinvang}
248,3271544.6520137344,Comparison between open and closed suction systems: a systematic review.,ENGPOR,Revista Brasileira de terapia intensiva,Rev Bras Ter Intensiva,1982-4335,20.0,12.190096174549556,1/8/12,331-338,{Luiz Rogrio de Carvalho OliveiraNilza Aparecida Almeida de CarvalhoFlvio C L Cavalcanti Ara_joIzabela Menezes PagottoPaulo Chiavone}
249,631704.0,Association between interleukin-10 promoter polymorphisms and endometriosis: a meta-analysis.,eng,Gene,Gene,1879-0038,515.0,1.0,2/15/13,49-55,{Qiong ChenWei FanQianhong MaZhongying HuangZhun XiaoShangwei Li}
250,846537.0,Overactive bladde??r: Optimizing quality of c??are,,Am. J. Managed Care,,1088-0224,7.0,2.0,,S46-S61,{Lemack G.E.}
251,,,,Journal of Clinical Gastroenterology,,,35.0,3.0,1/2/09,245-8,
252,931402.0,Providing access to specialty care for severely disabled institutional residents: an academic health center telemedicine model,,Journal of Health Care for the Poor & Underserved,,1049-2089,20.0,2.0,1/9/01,415-422 8p,{A. K. MarceeS. P. RoatenJ. B. MorrowK. J. KowalskeL. E. SnellL. L. Goetz}
253,908690.0,A robust method for diagnosis of morphological arrhythmias based on Hermitian model of higher-order statistics,English,Biomedical engineering online,Biomed Eng Online,1475-925X,10.0,0.0,1/11/01,,{Address CorrespondenceS. KarimifardAddresses Authorahmadian@sina.tums.ac.ir Tehran Medical PhysicsTehran Medical PhysicsDepartment of Biomedical Systems S. KarimifardTums Tehran Iran Email University of Medical SciencesA. AhmadianTums Tehran Iran University of Medical SciencesSystems Department of Biomedical}
254,417373.0,Shared decision making and the future of managed care,,Disease Management and Clinical Outcomes,,,1.0,1.0,1/1/97,1@@5-16,
255,759329.0,Specific plasma factors blocking human maternal cell-mediated immune reaction to placental antigens.,eng,Nature: New biology,,0090-0028,242.0,117.0,3/28/73,,{V YoutananukornP Mantangkasombut}
256,386327.0,MicroRNAs: a new piece in the paediatric cardiovascular disease puzzle.,eng,Cardiology in the young,Cardiol Young,1467-1107,23.0,5.0,1/13/10,642-55,{Dalia ElimamKeith A WebsterAhmed OmranFei YinLina A Shehadeh}
257,2806677.767980428,Association of Ureaplasma urealyticum colonization with development of bronchopulmonary dysplasia: a systemic review and meta-analysis.,en$#g,Journal of Huazhong University of Science and Technology. Medical Sciences,J Huazhong Univ Sci Technolog Med Sci,1672-0733,34.0,2.0,1/14/04,265-9,{Jia-rui PuDan LiDe-hua YangLi-duan ZhengXiao-dan ZhengHong MeiXuan XiangQiang-song Tong}
258,191908.0,Mortality at older ages and moves in residential and sheltered housing: evidence from the UK,,Journal of Epidemiology and Community Health,,0143-005X,68.0,6.0,1/14/01,524-529,{J. FalkinghamM. EvandrouA. VlachantoniJ. Robards}
259,384767.0,A multinational study of thromboprophylaxis practice in critically ill children.,eng,Critical care medicine,Crit. Care Med.,1530-0293,42.0,5.0,1/@@14/0??5,1232-40,{Sarah H O'BrienMarisa TucciAntonio Rodriguez NunezPhilip C SpinellaLi QinEdward Vincent S FaustinoAdrienne G RandolphEdward TruemperSimon LiKimberly MarohnSheila HansonMichael Yung[Collective Name] PROphylaxis against ThRombosis prACTice (PROTRACT) Study Investigators of the PALISI BloodNet}
260,855912.0,,,Molecular Biology of the Cell. Conference: Annual Meeting of the American Society for Cell Biology ASCB,,,,24.0,1/12/01,,{E. A. MartinL. F. CostaH. LiY. ZhangM. P. VianaS. M. RafelskiW. F. Marshall}
261,710727.0,,,Experimental Aging Research,,0361-073X     1096-4657,32.0,4.0,1/6/10,431-446 16p,{DeLosh ELBugg JMClegg BA}
262,816996.0,Uses of the electrical skin resistance method in the study of patients with neck and upper extremity pain,English,Johns Hopkins Medical Journal,JOHNS HOPKINS MED. J.,,763.2087306526591,7.982545118077634,1/1/75,69-74,{C.P. RichterL.H. Riley Jr.}
263,625016.0,[New aspects in hernia surgery].,ger,Urologe A,,0340-2592,44.0,7.0,1/5/07,774-9,{P E GoretzkiB J LammersT Otto}
264,275675.0,An exploration of self-reported negative affect by adolescents as a reason for smoking: implications for tobacco prevention and intervention programs,eng,,Preventive medicine,0091-7435,41.0,2.0,1/5/01,589-96,{J. RobinsonD. W. SmithB. ColwellS. L. StevensC. McMillan}
265,2972245.6952320444,Diagnosis of peripheral lung cancer with three echoic features via endobronchial ultrasound,,Chest,,,132.0,3.0,1/7/01,922-9,
266,640230.0,A meta-analysis of labor supply effects of interventions for major depressive disorder.,eng,Psychiatric Services.,,,57.0,2.0,1/$$6/02,212-8,{Justin W TimbieMarcela Horvitz-LennonSharon-Lise T NormandRichard G Frank}
267,625663.0,Combined pharmacotherapy and psychological treatment for depression: a systematic review.,eng,Archives of General Psychiatry,Arch.Gen.Psychiatry,0003-990X,61.0,7.0,1/4/07,714-9,{Paola BolliniGiuseppe TibaldiBruce KupelnickCarmine MunizzaSandro Pampallona}
268,480649.0,,,Journal of Sexual Medicine,,,60.54091958190142,0.0,,58,{A. UngkanungdechaC. ChayachindaJ. VeeragulJ. Jisabai}
269,3413707.4746840885,eComment. EuroSCORE II - corrected in-hospital mortality rate in a modern cohort of patients undergoing cardiac surgery,English,Interactive Cardiovascular & Thoracic Surgery,Interact Cardiovasc Thorac Surg,1569-9285,,5.0,1/14/01,733,{D. G. Nezic}
270,692358.0,The effect of a cervical lateral glide on the upper limb neurodynamic test: a blinded placebo-controlled investigation,,The Chartered Society of Physiotherapy Annual Congress and Exhibition: Defining Practice Friday October 17 to Sunday October 19 2003 International Convention Centre Birmingham.,,,,,1/3/01,10-Oct,{A GreenJ LewisC WorsfoldJ Saranga}
271,836847.0,Thoracic Aortic Aneurysm: Reading the Enemy's Playbook,,Curr. Probl. Cardiol.,,-10475,33.0,,,203-277,{Elefteriades J.A.}
272,867207.0,Early predicting of blood component quality by Statistical Process Control,,Vox Sa#nguinis#,,0042-9007,99.0,0.0,,227,{H. JungkW. MadlaV. SchottstedtT. Alt}
273,253149.0,Lifetime risk of suicide in affective disorders,,The British Journal of Psychiatry,,000#7-1250 1472-1465??,,0.0,1/1/98,185-185,{A. S. LeeS. DaviesP. C. Naik}
274,3809300.212787893,A geographic analysis of chronically homeless adults before and after enrollment in a multi-site supported housing initiative: community characteristics and migration,,A#merican Journal of Community Psychology,,,48.0,3.0,,341-51,{R. A. RosenheckJ. TsaiA. S. Mares}
275,470385.0,Fetal cleft lip and palate detection by three-dimensional ultrasonography,,Ultrasound Obstet. Gynecol.,,-8906,,4.0,,,{Lee W.Kirk J.S.Shaheen K.W.Romero R.Hodges A.N.Comstock C.H.}
276,731703.0,Substance Abuse and Trauma in Incarcerated Women,,,,,0.0,0.0,1/11/01,,{NCT01413984 }
277,113399.0,Use of Job Design to Reduce Mechanical Stress on the Back,,,,,0.0,0.0,1/1/89,323-326,{D. W. Badger}
278,685178.0,Rehabilitation of swallowing by exercise in tube-fed patients with pharyngeal dysphagia secondary to abnormal UES opening.,eng,Annual Abstract Supplement,,0016-5085,462.9610479128052,5.0,1/2/05,1314-21,{Mark KernKaren DikemanBarbara GrandeMarta KazandjianTerilynn NitschkeStephanie DanielsBenson MasseyReza ShakerCaryn Easterling}
279,2135788.4968173266,A meta-analysis of two genome-wide association studies identifies 3 new loci for alcohol dependence.,eng,Journal of psychiatric research,J Psychiatr Res,1879#-1379,45.0,11.0,,1419-25,
280,893573.0,Crowdsourced Multimedia Enhanced Spatio-temporal Constraint Based on-Demand Social Network for Group Mobility,,Proceedings of the 23rd ACM international conference on Multimedia,,978-1-4503-3459-4,0.0,0.0,1/15/01,761-762,{Ahmad QamarMuhammad ShahidMd. Abdur RahmanAhmed LbathAkhlaq AhmadFaizan Ur RehmanAbdullah MuradBilal Sadiq}
281,56272.0,Impaired default network functional connectivity in autosomal dominant Alzheimer disease.,eng,Neu$$rology,Neurology,1526-632X@@,243.02331088709835,8.0,8/20/13,736-4%4%,{Virginia D BucklesAndrew J SaykinEric McDadeStephen P SallowayAaron P SchultzPeter R SchofieldRandall BatemanAdam M BrickmanNick C FoxJohn C MorrisJohn M RingmanChristopher C RowePaul ThompsonClifford JackBeau M AncesAllison M GoateRobert A KoeppeStephen CorreiaJasmeer P ChhatwalCaroline A SullivanAnne M FaganRichard MayeuxDaniel S MarcusTammie L S BenzingerKeith JohnsonReisa A SperlingChengjie Xiong}
282,737786.0,Cranial reconstruction of major traumatic defects in children with osteoinductive and resorbable materials,,International Journal of Oral and Maxillofacial Surgery,,0901-5027,40.0,0.0,1/11/01,1024-1025,{R. R. M. BosE. W. HovingM. Wagemakers}
283,680306.0,Meta-analysis of the effects of sometribove zinc suspension on the production and health of lactating dairy cows.,eng,Journal of the American Veterinary Medical Association,J. Am. Vet. Med. Assoc.,1943-569X,245.0,5.0,1/14/09,550-64,{William W ThatcherNormand R St-PierreDale E BaumanJoseph S HoganK Larry SmithRobert J CollierGeorge A MillikenJan K Shearer}
284,53877.0,,,,,,,0.0,1/14/01,37-41 DO  - 10.1080/108107%30902805??788,{Sheu-jen HuangMaiga ChangWen-chi HungJanie Chang}
285,504928.0,Azathioprine for multiple sclerosis,,,,,0.0,,1/7/01,,{Ilaria CasettaGerardo IulianoGraziella Filippini}
286,198650.0,,,,,,26.604637488565032,0.0,1/1/92,27-32 ST  - Wound care-,{NULL}
287,671386.0,Comparison between incidental malignant and benign breast lesions detected by computed tomography: a systematic review.,eng,Journal of medical imaging and radiation oncology,J Med Imaging Radiat Oncol,1754-9485,57.0,5.0,1/13/10,529-33,
288,981412.0,Plant Kunitz proteinase inhibitor attenuates inflammation oxidative stress and remodeling induced by elastase in mice,,European Respiratory Journal,,,184.2687862426834,0.0,1/14/01,,{N. M. PinheiroR. Almeida-ReisL. OlivaM. A. MartinsM. L. V. OlivaO. A. Theodoro-JuniorE. A. LeickI. F. L. C. TibrioC. M. PradoR. F. RighettiB. T. M. Oliveira}
289,785472.0,Streptococcus pneumoniae carriage in the Gaza strip,eng,PLoS One,PloS one,1932-6203,7.0,4.0,1/12/01,e35061,
290,734077.0,Direct healthcare costs and cost-effectiveness of acute coronary syndrome secondary prevention with ticagrelor compared to clopidogrel: Economic evaluation from the public payer's perspective in Poland based on the PLATO trial results,English,Kardiologia Polska,,0022-9032,,9.0,1/14/01,823-830,{M. NiewadaJ. PaweskaA. BudajT. MaciochP. Perkowski}
291,223301.7854850375,,eng,European journal of applied physiology and occupational physiology,,0301-5548,,1.0,1/1/96,7-Jan,{S IkawaM SudohM SuzukiS MatsubaraM ShiotaK Kawakami}
292,743129.0,Hormonal and dietary characteristics in obese human subjects with and without food addiction.,eng,Nutrients,Nutrients,2072-6643,7.0,1.0,1/15/01,223-38,{Pardis PedramGuang Sun}
293,392246.0,Importance of membrane materials for blood purification devices in critical care.,,Transfusion and ap??heresis science : official journal of the World Apheresis Association : official journal of the European Society for Haemapher??esis,,,40.0,1.0,1/9/02,23-31,
294,904889.0,Myofascial trigger points: Spontaneous electrical activity and its consequences for pain induction and propagation,,Chi%n. Med,,1749-8546,6.0,0.0,,,{Ge H.-Y.Fernndez-de-las-Peas C.Yue S.-W.}
295,360147.0,Treatment of large vessel vasculitis,,Current Immunology Reviews,,1573-3955     1875-631X,7.0,4.0,1/11/01,435-442,{M. A. AlbaS. Prieto-GonzalezA. Garcia-MartinezM. C. CidM. Butjosa#G. Espigo$l-FrigoleJ. Hernandez-Rodriguez}
296,,Quantitative assessment of the influence of common variations (rs8034191 and rs1051730) at 15q25 and lung cancer risk.,eng,Tumour biology : the journal of the International Society for Oncodevelopmental Biology and Medicine,Tumour Biol.,1423-0380,35.0,3.0,1/14/03,2777-8$5,{Bin HuHong-ju MaoJing ZhaoYing HuangRong-huan YuChao Guan}
297,821702.0,Cognitive deficits and psychosis in Parkinson's disease: A review of pathophysiology and therapeutic options,English,CNS Drugs,,,20.0,6.0,1/6/01,477-505,{T. FoltynieR.A. BarkerS.J.G. LewisC.H. Williams-Gray}
298,188890.0,Incidence of multi-resistance in gram-negative aerobes from intensive care units of 10 German hospitals.,eng,Scandinavian journal of infectious diseases. Supplementum,Scand J Infect Dis Suppl,0300-8878,78.0,-1.0,1/1/91,??2#2-34,{R AsangerP M ShahF M Kahan}
299,321660.0,Tuberculosis$ and high altitude. Worth a try in extensively drug-resistant tuberculosis?@@,English??,,,,915.1654086259873,4.0,1/14/01,390-3,{J. F. Murra??y$}
300,427455.0,Cultural humility: essential foundation for clinical researchers.,eng,Applied nursing research : ANR,Appl Nurs Res,1532-8201,144.47780934616588,,1/13/11,251-6,{Katherine A YeagerSusan Bauer-Wu}
301,246204.0,Primary external fixation versus plaster immobilization of the intra-articular unstable distal radial fracture in the elderly,,Aktuelle Traumatologie,,,34.0,8.826166752021448,1/4/01,64-70,{J. OskamJ. H. HegemanJ. PalenH. J. DuisP. A. M. Vierhout}
302,857402.0,High resolution EPR spectroscopy of C(60)F and C(70)F in solid argon: reassignment of C(70)F regioisomers,English,JOURNAL OF CHEMICAL PHYSICS,J Chem Phys,1089-7690,127.0,8.0,1/7/01,,{D. A. TyurinV. A. BelovD. N. LaikovA. V. AkimovE. Y. Misochko}
303,704357.0,Clinical and radiological results of calcium phosphate cement-assisted balloon osteoplasty for Colles' fractures in osteoporotic senile female patients,eng,J Orthop Sci,Journal of orthopaedic science : official journal of the Japanese Orthopaedic Association,0949-2658 (Print) 0949-2658,,2.0,1/10/01,204-9,{A. SudoS. IshiguroK. Iida}
304,,Explosive power and asymmetry in leg muscle function in frequent fallers and non-fallers aged over 65,,,,,181.48443309589194,2.0,1/2/01,119-125 7p,{Rutherford OMKennedy JSkelton DA}
305,746065.0,Anxiety and depression in patients with chronic obstructive pulmonary disease: an open agenda for research.,,Rev Med Chir Soc Med Nat Iasi,Revista medico-chirurgicala a Societatii de Medici si Naturalisti din Iasi,0048-7848 (Print) 0048-7848,118.0,1.0,,39-44,{Costin M.Dumbrav__ E.L.Postolache P.Cojocaru D.C.}
306,738322.0,Classification of autogenous skull grafts in cranial reconstruction,eng#,,The Journal of the Oklahoma State Medical Association,0030-1876 (Print) 0030-1876,,7.0,1/1/93,327-32,{S. PelofskyP. D. Hunter}
307,934177.0,An Assessment of Voluntary Adolescent Mental Health Screening and Referral in a Children's Hospital Em??ergency Department,,,,,0.0,0.0,,,{NCT00750412 }
308,351534.0,Implementing participatory intervention and research in communities: lessons from the Kahnawake Schools Diabetes Prevention Project in Canada,English,,,,56.0,6.0,1/3/01,1295-1305,{T DelormierA C MacaulayM CargoA M McComberL Potvin}
309,872389.0,Bile acid metabolism by fresh human colonic contents: a comparison of caecal versus faecal samples.,eng,Gut,G??u#t,0017-5749,49.0,,1/1/12,835-42,{R H DowlingG M MurphyP B HylemonG FrenchM J VeyseyL A Thomas}
310,499983.0,The role of viral infection in pulmonary exacerbations of     bronchiectasis in adults: a prospective study,English,Chest,,,147.0,6.0,1/15/01,1635-1643,
311,452432.0,Feverfew (Tanacetum parthenium L.): A systematic review.,,,,,0.0,0.0,,,{NULL}
312,320139.0,Impact of second-line drug resistance on tuberculosis treatment outcomes in the United States: MDR-TB is bad enough,,,,,16.0,10.0,1/12/01,1331-4,{J. P. CegielskiS. P. Al$thomson$s}
313,735083.0,Muscle variables of importance for physiological performance in competitive football.,ENG,European journal of applied physiology,Eur. J. Appl. Physiol.,,-1.0,,8/15/10,,{Sebastien RacinaisOlivier GirardLa#rs Nyb#oMagni MohrMartin Thomassen}
314,978471.0,Chapter 25 - Skin Manifestations of HIV Infection,,,,,0.0,0.0,1/3/01,663-695,{Gary P. WormserAlvin E. Friedman-KienMiguel Sanchez}
315,657237.5503531172,Recurrent distal 16q duplication and terminal 22q deletion: prenatal diagnosis and genetic counseling,e$ng,,,,49.0,0.0,1/10/01,544-7 ST  - Recurrent distal 16q duplication and terminal 22q deletion: prenatal diagnosis and genetic counseling-,{D. D. TownC. P. ChenY. N. SuW. CN  - PubMed DA  - Dec DO  - 10.1016/s1028-$4559(10)60117-9 DP  - NLM ET  - 2011/01/05 WangC. W. PanC. C. LeeF. J. TsaiP. C. WuM.# C. Huang}
316,90272.0,Role of core-needle biopsy in thyroid nodules with initially nondiagnostic cytologic results.,eng,????Radiology,Radiology,1527-1315,270.0,2.0,1/1$4/@@02,629-30,{Qiao-Hong HuZhi-Liang HuangXiao-Ming FanShuang-Xi ChenXiang-Yang SongXiao-Ying Qiu}
317,776651.0,The endoplasmic reticulum-associated VP7 of rotavirus is targeted to axons and dendrites in polarized neurons,English,Journal of Neurocytology,,,22.0,8.0,1/1/93,,{K. KristenssonL. SvenssonH. B. GreenbergK. Weclewicz}
318,931361.0,Telemedicine in the management of chronic pain: a cost analysis study,,Canadian Journal@@ of$ Anaesthesia,,,56.0,8.0,1/9/01,590-6,{R. KernA. PronovostP. Peng}
319,623358.0,,en??g,,,$0144??-6665,43.0,0.0,,159-86,{Paschal SheeranRichard Cooke}
320,385940.0,Normalisation of left ventricular systolic function after change from VVI pacing to biventricular pacing in a child with congenital complete atrioventricular block long-QT syndrome and congenital muscular dystrophy: a 10-year follow-up.,eng,,,1467-1107,24.0,3.0,1/1##4/06,520-3,{Jesper I ReimersSabrina G Ellese$Hen#rik  Andersen}
321,951168.0,Estimating the Effect of Land Leases on Prices of Inner-city Apartment Buildings,,Urban Studies (Routledge),,420980,,10.0,1/3/0$1,,{Christian T. L. Janssen}
322,515254.0,Radiographic detection of artificially created horizontal root fracture using different cone beam CT units with small fields of view.,eng,Dento maxillo facial radiology,Dentomaxil??lofac Radiol,,42.0,,1/13/01,20120261,{S MuratH AvseverS Y_kselC S PaksoyB OnderK Kamburoglu}
323,674623.0,Pharmacological treatments for obsessive-compulsive disorder in children and adolescents: a qualitative review.,eng,Actas espaolas de psiquiatr_a,Actas Esp Psiquiatr,1578-2735,41.0,3.0,1/13/05,196-203,{Angel Rosa-AlczarAna I Rosa-AlczarMarina Iniesta-Sep_lveda}
324,,Anterior approach unilateral right sacrospinous fixation for recurrent pelvic organ prolapse following multiple colorectal surgeries.,,International journal of colorectal disease,,,-1.0,-1.0,7/15/01,,{Enie Akhtar Bt NawawiAhlam M Al-KharabshehTsia-Shu Lo}
325,178078.0,A community-based trachoma survey: Prevalence and risk factors in the Tigray region of northern Ethiopia,,,,,13.0,0.0,1/6/01,173-181,{J. De La CameraM. M. MesfinA. M. KedirG. AmanualT. ArayaI. G. Tareke}
326,453637.0,Corneal collagen cross-linking for nonectatic disorders: A systematic review.,,,,,0.0,0.0,,,
327,57483.0,Multiple dural arteriovenous fistulas presenting as rapidly progressive dementia.,eng,The neurologist,Neurologist,1074-7931,18.0,,,130-2,{Diana DuroA??ugusto GouloGon_alo SantosNuno Mendon_aIsabel SantanaEg_d$io Machado}
328,462849.0,Methodological Review of the Quality of Reach Out and Read: Does It &quot;Work&quot;?,,,,,0.0,0.0,,,{NULL}
329,338547.0,New therapies in soft tissue sarcoma,,Expert opinion on emerging drugs,Expert Opi??n Emerg Drugs,,15.0,,1/10/01,237-48,{Bruno VincenziDaniele SantiniGiuseppe ToniniAnna Maria Frezza}
330,438808.0,Descemet's stripping endothelial keratoplasty: safety and outcomes: a report by the American Academy of Ophthalmology,,,,,0.0,0.0,,,{NULL}
331,352040.0,Usefulness of a Survey on Underage Drinking in a Rural American Indian Community Health Clinic,,American Indian and Alaska Native Mental Health Research: The Journal of the National Center,,1533-7731,119.53407722772978,2.0,1/13/01,26-Jan,{Joel W. GrubeJuan A. LunaDavid A. GilderJennifer RobertsDaniel CalacCindy L. EhlersRoland S. Moore}
332,887131.0,Antidiabetic oral treatment in older people: does frailty matter?,eng,Drugs & aging,Drugs Aging,1179-1969,26.0,-5.0496393682381715,,53-62,{Angela Marie AbbatecolaAndrea CorsonelloSilvia BustacchiniFabrizia LattanzioGiuseppe Paolisso}
333,182296.0,Body and Illness: Considering Visayan Filipino Children's Perspectives Within Local and Global Relationships of Inequality,,,,,25.0,0.0,,331-373,{Aitken Alderson Anderson Aptekar Backett-Milburn Beazley Becker Bello Berman Billig Bluebond-Langner B$orchgrevink Bucholtz Christensen Constantino Cornwall Dell Clark DiCarlo Diprose Douglas Downe Geissler Goodeno%ugh Hart James James Jocano Katz Koppitz L AguilarLisa M. Mitchell}
334,49847.0,[Dinggui Oil Capsule in treating irritable bowel syndrome with stagnation of qi and cold: a prospective multi-center randomized placebo-controlled double-blind trial],chi,,,,5.0,0.0,1/7/01,392-7 ST  - [Dinggui Oil Capsule in treating irritable bowel syndrome with stagnation of qi and cold: a prospective multi-center randomized placebo-controlled double-blind trial]-,
335,524073.0,Evaluation of technical quality of endodontic treatment--reliability of intraoral radiographs.,eng$,Endodontics & dental traumatology,Endod Dent Traumatol,,13.0,6.0,12/1/97,259-%64%,{M EckerbomT Magnusson}
336,1744276.2817088517,Experience in one centre using the buttoned device for occlusion of atrial septal defect: comparison with the Amplatzer septal occluder.,eng,Cardiol Young,Cardiology in the young,1047-9511,52.610136897464095,5.0,9/1/00,527-33,
337,427933.0,Consciousness coma and caring for the brain-injured patient.,eng,AACN Clinical Issues: Advanced Practice in Acute & Critical Care,,1079-071$#3,16.0,4.0,1/5/10,441-55,{Carmelo GraffagninoDaiWai M Olson}
338,35778.96734754776,Long-term outcome for immune suppression and immune related lymphoproliferative disorder: Prospective data from the United Kingdom Children's Leukaemia and Cancer Group registry 1994-2004,,Leukemia and Lymphoma,,NCT00227591/ClinicalTrials.gov NCT00509899/ClinicalTrials.gov NCT00599547/ClinicalTrials.gov NCT00631462/ClinicalTrials.gov NCT00934544/ClinicalTrials.gov NCT00952289/ClinicalTrials.gov NCT01420770/ClinicalTrials.gov NCT01437787/ClinicalTrials.gov,53.0,5.0,1/12/01,842-848,{A. WotherspoonM.M. TajN. HadzicM. BurkeR. HobsonS.E. HeightM. ViskadurakiC.R. Pinkerton}
339,853676.0,Pulsed cyclophosphamide thalidomide and dexamethasone: an oral regimen for previously treated patients with multiple myeloma.,eng,,Hematol. J.,1466-4860,5.0,2.0,1/4/01,112-7,{Meletios A DimopoulosNikolaos AnagnostopoulosMarkela P ZorzouAthanasios AnagnostopoulosEleni EfstathiouChristos PoziopoulosGeorge HamilosVassiliki GrigorakiDimitra GikaAthanasios ZomasIrini Xilouri}
340,556116.0,A controlled trial of anterior spinal fusion and dbridement in the surgical management of tuberculosis of the spine in patients on standard chemotherapy: a study in two centres in South Africa. Seventh Report of the Medical Research Council Working Party on tuberculosis of the spine,,,,,59.0,,1/1/78,79-105,{NULL}
341,734870.0,#Stress across the life course and depression in a rapidly developing p??opulation: the Guangzhou Biobank Cohort Study.,ENG,International journal of geriatric psychiatry,,,1.0,-3.82337095960581,9/15/10,,{Stephen E GilmanChaoqiang JiangKar Keung ChengC Mary SchoolingTai Hing LamMichael Y NiGabriel M LeungWeisen Zhang}
342,,Glucocorticosteroid treatment of vasogenic oedema,eng,Acta Neurochir Suppl (Wien),Acta neurochirurgica. Supplementum,0065-1419 (Print)     0065-1419,43.0,0.0,1/1/88,145-8,
343,465756.0,Non-surgical treatments for anal fissure i??n adults.%,,,,,0.0,0.0,,,{NULL}
344,762269.0,Spontaneous pneumomediastinum in a healthy adolescent.,,Acta Clin. Croat.,,0353-9466,48.0,,1/9/09,461-7,{Renata Vrsalovi_Eva VeronaIva Mihatov-Stefanovi_Biserka Cicak}
345,441902.0,Pharmacotherapy for inherited colorectal cancer. [Review] [42 refs],,,,,,0.0,,,{NULL}
346,950233.0,,,Aging & Mental Health,,1360-7863,9.0,2.0,1/5/01,146-152#,{S. A. MurrellB. T. MastA. R. Azar}
347,621415.0,The link between smoking and impotence: two decades of evidence.,,Supplement: Active Living Research - Niche to Norm,,0091-7435,32.0,6.0,1/1/06,447-52,{N D OsgoodT O Tengs}
348,3458361.6281486806,,eng,Colorectal disease : the official journal of the Association of Coloproctology of Great Britain and Ireland,Colorectal Dis,1463-1318,,3.0,%1/9/03%,233-43; discussion 243,
349,756208.0,Rapid diagnosis of Mycobacterium tuberculosis infection in children using interferon-gamma release assays (IGRAs).,eng,Allergy and asthma proceedings : the official journal of regional and state allergy societies,Allergy Asthma Proc,1539-6304,33.0,3.0,1/12/05,217-26,{Barbara ZeligsStephen M PetersOnorina Di MitaShahla RiaziHenry YeagerGerman A BenavidesJoseph A Bellanti}
350,,L2 spinal nerve-block effects on acute low back pain from osteoporotic vertebral fracture,eng,,,,10.0,8.0,1/9/01,870-5,{S. OritaM. TakasoS. OhtoriS. KishidaG. InoueM. SuzukiK. YamauchiN. OchiaiM. YamashitaY. EguchiK. Takahashi}
351,,Depression treatment preferences among Japanese undergraduates: using conjoint analysis,English,International Journal of Social Psychiatry,,,58.0,2.0,1/12/01,195-203,{S. SakamotoY. Okumura}
352,,Alcohol-related road traffic injuries in Eldoret Kenya,,East African Medical Journal,,0012-835X,,,1/1/98,708-711,{W ??Odero}
353,,A study of the clinicians approach to patients' driving status in the memory clinic setting,English,,,,30.0,,1/15/01$,1444,
354,689666.0,Frequency of CDH1 germline mutations in gastric carcinom#a coming from high- and low-risk areas: metan@@alysis and systematic review of the literature.,eng,Bmc Cancer,,1471-240#7,12.0,-1.0,1/12/01,8,{Franco RovielloDaniele MarrelliCarla VindigniValeria PascaleGiovanni Corso}
355,,Recovery of postoperative cognitive function in elderly patients after a long duration of desflurane?? anesthesia: a pilot study.,eng,Journal Of Anesthesia,J Anesth,1438-8359,29.0,13.739059810565308,1/15/08,627-30,{Michiko OsudaSatoshi KazumaMichiaki YamakageShunsuke TachibanaTomo Hayase}
356,869709.5035458481,The change in eating disorder symptoms scale: Scale development and psychometric properties,,Eating Behaviors,,,11.0,,1/10/01,131-137,{D. L. Spangler}
357,232896.0,Detecting and monitoring the symptoms of Parkinson's disease using smartphones: A pilot study.,EN%G,Parkinsonism & related disorders,Parkinsonism Relat. Disord.,1873-5126,1.0,-1.0,7/15/03,,{S AroraA ZhanS DonohueE R DorseyK M BiglanV VenkataramanM A Little}
358,798716.0,Osteoid osteoma in a 16-year-old boy presenting with atrophy of the left thigh: diagnostic difficulties.,,Turk. J. Pediatr.,,0041-4301,50.0,4.0,1/8/07,,{Akin Uz_mc_gilMeral Top_uM Fani BozkurtSinem Akg_l}
359,704812.0,Systematic rev$iew of economic aspe??cts of alternative modes of delivery,eng,,,,108.0,2.0,1/1/01,149-57,{R. McCandlishS. PetrouJ. HendersonL. Kumiega}
360,203084.0,Specif@@ic collaborative group intervention for patients with medically unexplained symptoms in general practi@@ce: A cluster randomized controlled trial,,Psychother. Psychosom.,,-4928,82.0,2.0,,106-119,{Sauer N.Szecsenyi J.Faber R.Guthrie E.Schaefert R.Herzog W.Boelter R.Wild B.Kaufmann C.Schellberg D.}
361,81959.0,Disruption of the gastroesophageal junction by central obesity and waist belt: role of raised intra-abdominal pressure.,E$N??G,Dis#eases of the esophagus : official journal of the Internati$onal Society for Diseases of the Esophagus / I.S.D.E,Dis. Esophagus,,-4.048605269764506,,2/28/14,,{Y Y LeeK E L McColl}
362,1178779.4052150364,[Perineal regional anaesthesia: indications in gynaecologic and proctologic surgery and $in obstetric],fre,Ann Fr Anesth Reanim,Anna@@les francaises d'anesthesie et de reanimation,0750-7658,25.0,11.0,1/6/01,1127-33,{F. BolandardM. BonninP. DubandJ. E. BazinJ. P. Mission}
363,291020.0,Effects of a three-month combined training program on the cardiopulmonary and muscle strength capacities of type 2 diabetic subjects.,eng,Journal of Spor#ts Medicine & Physical Fitness,,0022-4707,53.0,1.0,1/13/02,56-64,{O SerresseC Boudreau-LariviereS GrelierR Zory}
364,,Unique monoclonal antibodies specifically bind surface structures on human fetal erythroid blood cells.,,Experimental cell research,Exp. Cell Res.,1090-2422,319.0,17.0,10/15/13,Jul-00,{Silke ZimmermannStefan A StachelhausChristiane Hollmann}
365,283460.0,Extended-release naltrexone plus medical management alcohol treatment in primary care: Findings at 15 months,,Journal of Substance Abuse Treatment,,,43.0,23.71759065280492,1/12/01,458-462,{Marc N. Gourevitc$hJennifer McNeelyDavid StevensJohn R??otrosenEllie GrossmanLaura HubenMarc ManseauJoshua D. Lee}
366,563505.0,,eng,BioMed research international,Biomed Res Int,2314-6141,2014.0,-3.898468207725908,1/14/01,316272,{Valeria PanebiancoFlavio Barchetti}
367,761676.0,,,Multicultural Education & Technology Journal,,1750-497X,,3.0,,182-195,
368,,[Changes in plasma concentrations of human hepatocyte growth factor before and after major intra-abdominal surgery under nitrous oxide-sevoflurane anesthesia].,jpn,JPN. J. ANESTHESIOL.,,,,10.0,10/1/94,1556-9,{H FukudaH KasudaJ SaitohH MitsuhataY HirabayashiK SaitohR Shimizu}
369,1052165.8226581826,Surgical treatment of pathologic fractures of humerus,eng,,,0020-1383,41.0,11.0,1/10/01,1112-6,
370,313030.0,Balancing Identity Motivation and Internal Dialogue in the Making of Solos: Conquering the High Wire,English,International Journal of Qualitative Studies in Education (QSE),,9518398,,6.0,1/11/01,673-692,
371,885384.0,Modification of aspects of the endocrine response to tracheal intubation by lignocaine halothane and thiopentone.,eng,BR J% ANAES@@TH,,0??007-0912,56.0,3.0,3/1/84,239-46,{O WidholmA M LehtinenJ Hovorka}
372,361906.0,,eng,Annals of internal medicine,Ann. Intern. Med.,1539-3704,161.0,26.155861726345254,,347-55,{Waleed AlhazzaniLehana ThabaneDeborah J CookWojciech SzczeklikAnees SindiQi ZhouSultan AltayyarAnna WludarczykGordon H Guyatt[Collective Name] Fluids in Se%psis and Septic Shock GroupMichael WangGuowei LiRoman JaeschkeDiane Heels-AnsdellAlison F$ox-RobichaudBram RochwergFayez AlshamsiWang-Chun IpDjillali AnnaneLawrence Mbuagbaw}
373,180827.0,CO2 emission inventories for Chinese citie%s in highly urbanized areas compared with European cities,,,,0301-4215,47.0,0.0,1/12/01,298-308,{W. YuR. ??Pagani%L. Huang}
374,,Measu??ring the value of research data: a citation analysis $of oceanographic data sets,English,PLoS ONE [Electronic Resource],,,9.0,0.0,1/14/01,e92590,{C. W. Belter}
375,4325805.993015755,Trends in the quality of data from 5168 oligonucleotide microarrays from a single facility,,Journal of Biomolecular Techniques,,,16.0,2.0,1/5/01,1%43-153,{David B. Finkelstein}
376,793410.0,Nomogram to pr@@edict anastomotic %leakage after laparoscopic anterior resection with intracorporeal rectal transection and double-stapling technique anastomosis for rectal cancer.,,,Hepatogastroenterology,,,655.0839321955348,1/14/07,%1257-61,{Qiang HuangYang WuZhi Qiang ZhuWei LiangFeng ShaoHan Hui Yao}
377,816944.0,Cervical occupational hazards in ophthalmic plastic surgery,English,Current Opinion in Ophthalmology,,,26.0,5.0,1/15/01,392-398,{A.D. NimbarteJ.A. Sivak-CallcottaC.A. Mancinelli}
378,632040.0,Association between proton pump inhibitor therapy and clostridium difficile infection: a contemporary systematic review and meta-analysis.,eng,PLoS One,PloS one,1932-6203,26.95946812204512,12.0,1/12/01,e50836,{Talal IbrahimMohamad Al TannirImad M TleyjehAbed AllehibiMusa A GarbatiAbdur Rahman KhanMuhammad RiazAlex J SuttonLarry M BaddourFaisal A AlasmariMushabab AlGhamdiAref A Bin AbdulhakPatricia J Erwin}
379,752280.0,Relationship between water hardness and coronary mortality in Taiwan,,J Toxicol Environ Health,,0098-4108 (Print)     0098-4108 (Linking),49.0,1.0,1/1/96,9-Jan,{C. Y. YangT. N. WangH. F. ChiuC. H. LeeJ. F. ChiuY. C. Ko}
380,716594.0,Groundbreaking study links physical activity with lower costs in seniors,,,,,7.0,5.0,1/4/01,51-54 4p,@@{NULL}
381,919751.0,Bronchial mucus transport velocity in patients receiving propofol and remifentanil versus sevoflurane and remifentanil anesthesia.,eng$,Anesthesia And Analgesia,Anesth Analg,1526-7598,102.0,5.0,1/6/05,1427-30,{Michael J PaechStephan A SchugBhavesh PatelThomas Ledowski}
382,,The pathogenesis of normal pressure hydrocephalus: a theoretical analysis.,eng,Bulletin of mathematical biology,Bull. Math. Biol.,0092-8240,61.0,,9$/1/%99,875-916,{D N @@Levine}
383,4318080.7058437215,[Clinical characteristics in non-symptomatic infants with tuberculosis whose diagnostic clue was regular tuberculin skin test #prior to BCG vaccination].,jpn,Kekkaku : [Tuber@@culosis],Kekkaku,0022-9776,80.0,41.866517346891975,1/5/08??,565-9,{Shinya KondoTomoo Miyagawa}
384,261329.0,Abstracts from the ASENT 14th Annual Meeting,,,,,9.0,3.0,1/12/01,,{NULL}
385,615903.0,Cost-effectiveness of interventions promoting physical acti??vity.,eng,British journal of sports medicine,Br J Sports Med,1473-0480,43.0,1.0,1/9/01,Jun-70,{T ReinholdF M_ller-RiemenschneiderS N Willich}
386,169524.0,Characterizing the sources range and environmental influences of radon 222 and its decay products,,The Science of the total environment,Sci. Total Environ.,1879-1026,45.0,0.0,1/1/85,233-44,{B. A. MoedS. M. DoyleA. V. NeroK. L. RevzanM. B. SchwehrR. G. SextroW. W. Nazaroff}
387,,Spatial measures associated with stair use,,,,,21.0,,1/7/01,346-352,{Bafna Bassler Blarney Coleman Hillier Kerr Kerr Kerr Livingston Marshall Pauls Peponis Pikora Stokols Templer Zimring AndersenGayle Nicoll}
388,716357.0,,,,,,21.0,3.0,1/5/01,239-244 6p,{Durstine JLMayo KMartin SLKirkner GJMatthews CEHebert JR}
389,448010.0,Attitudes of physicians regarding anticoagulation for atrial fi??brillation: a systematic revi%ew. [Review],,,,,0.0,0.0,,,{NULL}
390,,Impact of clinical pharmacist intervention on diabetes-related outcomes in a military treatment facility,eng,,The Annals of pharmacotherapy,1060-0280,46.0,3.0,1/12/01,353-7,{C. S. Berry-CabanL. BowersS. Wallgren}$
391,2963378.077942874,Usefulness of US cost-of-illness studies in healthcare decision making.,eng,PharmacoEconomics,Pharmacoeconomics,1170-7690,19.0,,1/1/01,,{D J BrunoB S BloomR JayadevappaD Y Maman}
392,112716.0,Diabetes incidence in Pima indians: contributions of obesity and parental diabetes.,eng,,Am.J.Epidemiol.,Feb-62,113.0,2.0,2/1/81,%144-56@@,{W C KnowlerP J SavageP H BennettD J Pettitt}
393,4615063.436005162,[Laparoscopic appendectomy after the learning curve].,spa,Cirug_a Peditrica: Organo Oficial De La Sociedad Espaola De Cirug_a Peditrica,Cir Pediatr,0214-1221,21.0,3.0,1/8/07,167-72,{J AranaE RezolaA VillanuevaM I IntxaurrondoM SuolI EizaguirreJ Garay}
394,605643.0,[The effect of shift work on the health of workers: a systematic review].,por,O papel dos profissionais de saude em casos de violencia domestica: um relato de experiencia.,,,29.0,,1/8/12,639-46,{Eunice Fabiani HillesheinLiana LautertKarine Kummer Gemelli}
395,5782.0,Or@@al dimenhydrinate versus placebo?? in children with gastroenteritis: A randomized controlled trial,,Pediatrics,,,129.0,6.0,1/12/01,1050-1055,
396,852332.0,Early and late mortality in hospitalised patients with raised cardiac troponin T.,eng,Postgraduate medical journal,Postgrad Med J,1469-0756,88.0,1042.0,,437-42,{Julia Dawn JonesTouran Heidi KeenPeter Sze Chai WongReza AshrafiOmer KhanzadaDerek Richard RobinsonUpul Wickramarachchi}
397,343395.0,Comprehensive multidisciplinary patient assessment and selection before TAVI procedure.,eng,Minerva cardioangiologica,Minerva Cardioangiol,1827-1618,62.0,11.13151451842558,1/14/04,177-91,{A RezqD CovelloC GodinoM MontorfanoA Colombo}
398,,Early thoracic sympathetic block improves the treatment effect for upper extremity neuropathic pain,eng,Anesthesia And Analgesia,An#es%th Analg,1526-7598,113.0,12.168199510401717,,605-9,{Pyung Bok LeeFrancis Sahngun NahmHyung Seok YooChul Joong Lee}
399,905100.0,Coping with arthritis using safer herbal options,,Int. J.  P$harm#cy Pharm. Sci.,,0975-1491,2.0,1.0,,,{Patwardhan S.K.Bodas K.S.Gundewar S.S.}
400,34517.0,Identification of a novel missense (C7W) mutation of SOD1 in a large familial amyotrophic lateral sclerosis pedigree.,eng,Neu$robiology of aging,Neurobiol. Aging,1558-1497,35.0,13.064615950180606,1/14/03,725.e11-5,{Zhongsheng SunHuajing TengTao CaiXusheng HuangPing YuFang CuiZhaohui ChenFengbiao MaoWanshi CaiZhanjun WangLin ChenJiesi Wang}
401,771377.0,Secondary prophylaxis for rheumatic fever: simple concepts difficult delivery,eng,World J Pediatr Congenit Heart Surg,World journal for pediatric & congenital heart surgery,2150-1351 (Print)     2150-1351,4.0,4.0,1/13/01,380-4,{N. Wilson}
402,32426.0,Evaluation of a single intra-articular injection of autologous$ protein solution for treatment of osteoarthritis in horses.,eng,American journa??l of veterinary r$esearch,Am. J. Vet. Res.,1943-5681,75.0,2.0,1/14/02,141-51,
403,722451.0,Supply chain orientation in SMEs as an attitudinal construct,English,,,13598546,19.0,4.0,1/14/01,395,{Birgit Schulze-EhlersAchim SpillerNina SteffenGesa Busch}
404,,Pneumonia and encephalopathy in a patient with progressing Parkinson's disease and dementia,,Critical Care Nursing Quarterly,,,35.0,2.0,1/12/01,160-172,{@@S. LivesayS.D. Ruppert}
405,533425.0,A meta-analytic review of exposure in group cognitive behavioral therapy for posttraumatic stress disorder.,eng,Clinical psychology review$,Clin Psychol Rev,1873-7811,33.0,1.0,1/13/02,24-32,{R F HofsteinJ M MottT L BarreraE J Teng}
406,854232.0,,eng,ANN. ONCOL.,,0923-7534,,12.0,12/1/98,1323-30,
407,2842.0,Non-steroidal anti-inflammatory drugs and the risk of cardiovascular diseases: are we going to see the revival of cyclooxygenase-2 selective inhibitors?. [Review] [23 refs],,Polskie Archiwum Medycyny Wewnetrznej,,,119.0,14.727372388888263,1/9/04,231-5-,{P. GluszkoA. Bielinska}
408,789057.0,VY levator lengthening to treat upper eyelid retraction.,eng,,J Plast Reconstr Aesthet Surg,1878-0539,66.0,7.0,1/13/07,1005-7,{Kenichi KokuboTaro KamisasanukiKengo HayashiKenichiro KasaiNobutada Katori}
409,205187.0,No need for routine closed suction drainage in elective arthroplasty of the hip: a prospective randomized trial in 104 operations,,,,,75.0,0.0,1/4/01,30-33 ST  - No need for routine closed suction drainage in elective arthroplasty of the hip: a prospective randomized trial in 104 operations-,{A. G. Della ValleM. ButtaroG. SlullitelR. VestriF. CombaF. CN  - CINAHL_postop_care_150220 DB  - c8h DP  - EBSCOhost Piccaluga}
410,,[Glycosylated hemoglobin and glycosylated proteins for metabolic control of diabetes mellitus],German,Wiener Medizinische Woch$enschrift,,,147.0,15.0,1/1/97,359-61,{W. J. SchnedlR. W. LippG. Leitner}
411,161630.0,Continuation of metformin reduces early pregnancy loss in obese Pakistani women with polycystic ovarian syndrome,eng,,,,,0.0,1/10/01,184-9 ST  - Continuation of metformin reduces early pregnancy loss in obese Pakistani women with polycystic ovarian syndrome-,{J. DO  - 000268051 [pii] 10.1159/000268051 [doi] DP  - Nlm ET  - 2009/12/24 RizviF. H. Nawaz}
412,583682.0,Critique that! Analytical Writing Assignments in Advanced Mathematics Courses,,PRIMUS%,,1051-1970 1051-1970,90.17499894087801,1.0,1/6/03,15-Jan,{Reva Kasman}
413,891722.0,Why What We Teach Depends on When: Grade and Reading Intervention Modality Moderate Effect Size.,,,,0012-1649,46.0,6.0,,1556-1579,{Sebastian Paul Suggate}
414,54613.0,Evaluation of an Internet Support Group for Women with Primary Breas$t Cancer,,,,,0.0,0.0,,1164-1173 DO  - 10.1002/cncr.11174,
415,450749.0,Interleukin-28B polymorphisms on the SVR in the treatment of na@@ive chronic hepatitis C with pegyla$ted interferon-alpha plus ribavirin: A meta-analysis.,,,,,0.0,0.0,,,{NULL}
416,19086.0,,eng,Cancer,Canc$er,1097-0142,120.0,61.49917615874789,7/15/14,2207-14,{Gary Chi@@sholmEduardo BrueraSwati BansalDavid HuiRony DevMargarita Morgado}
417,852213.0,,eng,Annals of oncology : official journal of the European Society for Medical Oncology / ESMO,Ann Oncol,1569-8041,24.0,2.0,1/13/02,314-21,{C J LangerJ OrsiniJ K HonS R DakhilM F RenschlerR D PageV HirshH ZhangI OkamotoM A Socinski}
418,475847.0,Lessons learned and not learned from the SUPPORT project.,eng,PALLIATIVE MED.,,0269-2163,63.55182560610439,2.0,3/1/99,Mar-91,{J M Teno}
419,4624183.180740183,Role of N-acetylcysteine in prevention of contrast-induced nephropathy after cardiovascular procedures: a meta-analysis,eng,Clinical cardiology,Clin Card$iol,0160-9289,27.0,11.0,,,{Deepika and Leibowitz Keith and Gowda Ramesh M. and Shapiro Michael and Khan Ijaz A. Misra}
420,450528.0,Impact of hepatitis C on survival in dialysis patients: A link with cardiovascular mortality?.,,,,,0.0,,,,{NULL}
421,,Clinical course of neuropathologically confirmed frontal-variant Alzheimer's disease,,Nature Clinical P$ractice Neurology,,1745-834X     1745-8358,23.429084356506465,,1/8/01,226-232,{A.U. MonschM. TolnayK.I. TaylorA. ProbstA.R. Miserez}
422,119186.0,Smoking and oral cancer.,eng,Journal of dental research,,0022-0345,42.0,-1.0,1/1/63,,{J$ J SALLEY}
423,274083.0,,,Addictive Behaviors,,$0306-4603,37.0,,1/12/01,974-7,{B. E. PerronQ. FuL. T. WuM. G. Vau%ghn}
424,784224.0,Prolonged early antibiotic use and bronchopulmonary dysplasia in very low birth weight infants,eng,Am J Perinatol,American journal of perinatology,0735-1631,32.0,1.0,1/15/01,Aug-43,{D. A. PaulR. G. LockeL. SaimanD. TuttleA. NovitskyA. Mackley}
425,1015692.4353453532,Practicability and patients' subjective experiences of low-dose spinal anaesthesia using hyperbaric bupivacaine for transanal surgery,,,,,143.99356081091736,0.0,1/9/01,827-836,{M. D. SchmittnerA. JankeD. G. BussenG. C. BeckC. Weiss}
426,592831.0,Discontinuing penicillin prophylaxis in children with sickle cell anemia. Prophylactic Penicillin Study II,,,,,385.90882842542123,,1/1/95,685-90,
427,464911.0,Dose optimization of infliximab in patients with rheumatoid arthritis.,,,,,0.0,0.0,,,{NULL}
428,369162.0,[Autologous stem cell therapy with surgica??l myocardial revascularization].,tur,Anadolu kardiyoloji dergisi : AKD = the Anatolian journal of cardiology,Anadolu Kardiyol Derg,,9.0,,1/9/12,,{Serkan DurduAhmet R__han AkarG_ns??eli Cubuk_uolu Deniz}
429,1007302.7171568736,THE BRITISH MEDICAL ASSOCIATION.: SEVENTY-EIGHTH ANNUAL MEETING IN LONDON,,The Lancet,,,176.0,14478.235074845692,8/13/#10,468-493,{NULL}
430,217524.0,Reproduction of excursive tooth contact in an articulator with computerized axiography data,English,,,,78.0,4.0,1/1/97,373-378,{K. TamakiA. G. C_larS. BeyrerH. Aoki}
431,,A conservative $treatment protocol of a??cute lumbosacral radiculopathy syndrome for general practitioner and physical therapist [Dutch],,,,0377-208X,110.0,1.0,1/1/00,5-Feb,{R F CastienJ van Wagenberg}
432,309380.46550903644,Intraoperative stability testing of lateral-entry pin fixation of pediatric supracondylar humeral fractures,eng,,,,27.0,6.0,,695-702,{N. SmithB. MilneM. ZeniosM. RamachandranD. Little}
433,4804651.421726318,Myocardial scar differences between polymorphic and monomorphic ventricular events in ischemic cardiomyopathy: A contrast-enhanced magnetic resonance imaging,,European Heart Journal,,,32.0,0.0,1/11/01,94-95,
434,972821.0,Genetic and phenotypic determinants of blood pressure and other cardiovascular risk factors (GAPP),English,Swiss Medical Weekly,,,143.0,0.0,1/13/01,w13728,{W. FrehnerS. AeschbacherL. RischT. SchonM. RischG. PareD. Conen}
435,587024.0,gamma-tocopherol the major form of vitamin E in the US diet deserves more attention,eng,Am J Clin Nutr,The American journal of clinical nutrition,Feb-65,443.0177918060119,6.0,1/1/01,714-22,{S. ChristenQ. JiangB. N. AmesM. K. Shigenaga}
436,,Randomized double-blind placebo-controlled trial of the 5-HT1A receptor antagonist AZD7371 tartrate monohydrate (robalzotan tartrate monohydrate) in patients with irritable bowel syndrome,eng,,,,103.0,0.0,1/8/01,,
437,687404.0,The impact of orthodontic treatment on the quality of life a systematic review.,eng,BMC Oral Health,BMC oral health,1472-6831,14.0,1.0,1/14/01,66,{Yi WangYu ZhouRongDang HuXiuYing WangGerald Volire}
438,858569.0,Phenotypic analysis of misato function reveals roles of noncentrosomal microtubules in Drosophila spindle formation,English,JOURNAL OF CELL SCIENCE,J Cell Sci,0021-9533,,0.0,1/11/01,,{M. GattiS. BonaccorsiV. Mottier-PavieF. VerniG. Cenci}
439,3710856.455150649,Cost implications for missed malnutrition diagnoses in patients hospitalised with an exacerbation of chronic obstructive pulmonary disease (COPD),,Resp@@irology,,,20.0,0.0,1/1%5/01,,{I. YangJ. StonestreetP. CollinsP. Masel}
440,853882.0,Effective combination chemotherapy with paclitaxel and cisplatin with or without human granulocyte colony-stimulating factor and/or erythropoietin in patients with advanced gastric cancer.,eng,BR. J. CANCER,,,86.0,12.0,6/17/02,1858-63,{M RadererC GedlickaA LenauerD DepischW ScheithauerB SchneeweissW FiebigerF LangG V KornekB Sch_ll}
441,743989.0,A case of delirium triggered by sub-clinical seizures,,J. Am. Geriatr. Soc.,,,63.0,,,,
442,71263.0,Intra-mandibular adenoid cystic carcinoma.,eng,Revue de stomatologie de chirurgie maxillo-faciale et de chirurgie orale,,2213-6541,,2.0,1/14/04,100-4,{N ZwetyengaA BouaichiS Aimad-EddineB EllaX-A Mommers}
443,,Why is functional capacity decreased in hypertensive patients? From mechanisms to clinical studies.,eng,Journal of cardiovascular medicine (Hagerstown Md.),J Cardiovasc Med (Hagerstown),1558-2035,,,1/14/06,447-55,{Branislava IvanovicMarijana Tadic}
444,941646.0,Personality profile a%nd exercise dependence,,Italian Journal o%f Psychopathology,,1592??-1107,13.0,3.0,1/7/01,400-405,{A. StumpoG. PalmieriM. F. PantusaM. MarascoV. Fuoco}
445,,Say yes? Say no?,,Consumer R%epo#rts on Health,,,19.0,10.0,1/7/01,3-Mar,{NULL}
446,98562.0,Prevalence of Masked Hypertension in African Americans.,ENG,Journal of clinical hypertension (Greenwich Conn.),J Clin Hypertens (Greenwich),1751-7176,-1.0,-1.0,10/20/14,,{Frances WilliamsAlehegn GelayeSusan SteigerwaltYara DaloulHadeel AssadTimothy R LarsenBarryton WaanbahMichael Williams}
447,56014.0,Differences of inter-tract correlations between neonates and children around puberty: a study based on microstructural measurements with DTI.,eng,,Front Hum Neurosci,1662-5161,,-1.0,1/13/01,721,{Gaolang GongHua ChengYong HeQi DongHao HuangVirendra Mishra}
448,911271.0,Electrocardiogram QRS detection using multiscale filtering based on mathematical morphology,English,Conference proceedings : ... Annual International Conference of the IEEE Engineering in Medicine and Biology Society. IEEE Engineering in Medicine and Biology Society. Conference,,,2007.0,0.0,1/7/01,3196-3199,{Departm??ent of Electrical F. ZhangElectrical Department ofNational Computer EngineeringSingapore Email elezf nus edu sg University of SingaporeSingapore National University of SingaporeF. Zhan%gEngineering ComputerAddress CorrespondenceY. LianAddresses Author}
449,565528.0,Barriers and facilitators to implementing electronic prescription: a systematic review of user groups' perceptions.,,Journal of the American Medical Informatics Association : JAMIA,J Am Med I%nform Assoc@@,1527-97#4X,21.0,11.473374535996477,1/14/05,535-41,{Marie-Pierre GagnonClaude Sicotte_dith-Romy NsangouSonya GrenierJulie Payne-Gagnon}
450,951143.0,Cystic fibrosis: cost of illness and considerations for the economic evaluation of potential therapies,,Pharmacoeconomics,,,21.0,14.0,1/3/01,1001-24,{T. WelteR. BusseN. JalilvandC. Krauth}
451,2320596.0649727,Working memory short-term memory and reading disabilities: a selective meta-analysis of the literature.,eng,Journal of learning disabilities,,0022-2194,42.0,3.0,1/9/05,,
452,84905.0,Hypothalamic obesity in children.,eng,Obesity reviews : an official journal of the International Association for the Study of Obesity,Obes Rev,$1467-789??X,13.0,9.0,1/12/09,780-98#,
453,891370.0,Health literacy diabetes self-care and glycemic control in adults with type 2 diabetes,eng,Diabetes technology & therapeutics,Diabetes $Te??chnol. Ther.,152%0-915@@6,12.0,11.0,1/10/01,913-9,{Chandra Y. and Bains Sujeev S. and Egede Leonard E. Osborn}
454,697286.0,Central corneal melting associated with reformulated %generic diclofenac in a patient with inferior fornix foreshortening.,eng,Ophthalmology and eye diseases,Ophthalmol Eye Dis,1179-1721,3.0,0.0,1/11/01,,{Cameron Campbell Johnson}
455,819701.0,Heart rate and blood pressure responses of left-handers and right-han??ders to autonomic stressors,English,Indian Journal of Physiology and Pharmacology,,0019-5499,171.7533736348819,,1/4/01,31-40,{M.B. DikshitS. RajeD.S. JajuV.R. Purandare}
456,855099.0,[The use of intravascular nitinol stents in the treatment of subclavian vein compression for thoracic outlet syndrome].,pol,Nowoczesne biomateria_y jako opatrunki hemostatyczne w chirurgii oszczedzajacej miazsz nerki--model zwierzecy. Doniesienie wstepne.,,0370-0747,37.0,2.0,1/7/01,May-51,{Przemys_aw P SzyberA@@rtur PupkaPiotr SzyberJerzy Garcarek}
457,717879.6758209516,Primary head and neck cancers in North -Western Nigeria,eng,,,,28.0,4.0,1/9/01,227-33,{P. H. JalloE. C. OtohA. MohammedS. O. AjikeN. W. JohnsonI. S. Danfillo}
458,,Vaginal incisional wound healing in a rabbit menopause model: a histologic analysis.,eng,,Int Urogynecol J,1433-3023,23.0,63.54868205657863,1/12/12,1763-9,{Roger P GoldbergYoram AbramovBarbara GoldenPeter K SandMegan Sullivan}
459,850788.0,Acute and Persistent Postoperative Pain after Breast Surgery,,Pain Medicine,,,47.76747650468202,4.0,1/#9/0$1,708-715,{N. Klauber-DeMoreK. FechoN. R. MillerW. S. BlauS. A. MerrittC. S. Hultman}
460,811354.0,The role of transforming growth factor-beta-mediated tumor-stroma interactions in prostate cancer progression: An integrative approach,,Cancer Research,,,69.0,17.0,,7111-7120,
461,323305.0,Process of construction of an educational booklet for health promotion of pregnant women,,Revista latino-americana de enfermagem,,0104-1169,20.0,5.173265032269706,,101-108,{Luiza Akiko Komura HogaAna Luisa Zaniboni GomesLuciana Magnoni Reberte}
462,2100854.922174746,,,Thrombosis And Haemostasis,Thromb Haemost,0340-6245,110.0,5.0,1/13/11,1074-9,
463,,Comparison of energy ba@@lance-related behaviours and measures of body composition between Turkish adolescents in Turkey and Turkish immigrant adolescents in the Netherlands.,eng,Public health nutrition,Public Health Nutr,1$475-272@@7,17.0,12.0,1/14/12,Sep-$92,{Makbule Gezmen-KaradagAnke OenemaSaskia J te VeldeHilal YildiranMai J M ChinapawJohannes BrugMine YildirimEda KoksalSaniye BiliciNilufer Acar-TekGamze AkbulutNevin SanlierMaartje M van StralenJudith S B de MeijAmika S Singh}
464,960371.0,Follow-up care of patients treated for breast cancer: a structured review,English,Cancer Treatment Reviews,,,30.0,1.0,1/$4/01,19-35,{Hilary L. BekkerDavid J. DodwellRosalind F. Collins}
465,944668.0,Postamputation pain: epidemiology mechanisms and treatment,eng,,Journal of pain research,1178-7090,6.0,0.0,1/@@1@@3/01,,{E. HsuS. P. Cohen}
466,2860681.070672885,Bullous impetigo in children infected with methicillin-resistant Staphylococcus aureus alone or in combination with methicillin-susceptible S. aureus: analysis of genetic characteristics including assessment of exfoliative toxin gene carriage,eng,J Clin Microbiol,,0095-1137 (Print) 0095-1137,49.0,5.0,1/11/01,,{T. YamamotoT. TakanoM. TakanoW. HiguchiY. NitaharaK. SaitoD. ShiK. Ozaki}
467,968211.0,Ebus-tbna yields multiple gene analyses and a panel of immunohistochemical stains on routinely prepared cell blocks in non-small cell lung cancer cases,English,Laboratory Investigation,,0023-6837,95.0,0.0,1/%15/01#,,{Z. MalekiO. Nikolskaia}
468,299635.0,The Social Workers Guide to Child and Adolescent Mental Health.,,Child & Family Social Work,,1356-7500,75.82490349070036,2.0,1/11/05,241-242,{Jo Finch}
469,846319.0,Impact of endoscopic ultrasonography (EUS) on surgical decision-making in upper gastrointestinal tract cancer: An internat??ional multicente%r study,,Surg. Endosc. Interv. Tech.,,,21.0,3.0,,431-438,{Nielsen H.O.Edwin B.H_nerbein M.Hovendal C.Liedman B.Mortensen M.B.}
470,263027.0,Family care giving in the context of HIV/AIDS in Africa,,,,,21.0,1.0,,13-21,
471,3352058.2519263257,Empowered diabetes management: life coaching and pharmacist counseling for employed adults with diabetes,eng,Health Educ Behav,Health ed#ucation & b$ehavior : the official publication of the Society for Public Health Education,1090-1981,40.0,5.0,1/13/01,581-91,{D. L. UeharaC. NishitaT. TomG. Cardazone}
472,146560.0,School neighborhood and family factors are associated with children's bullying involvement: a nationally representative longitudinal study.,eng,Journal of the American Academy of Child and Adolescent Psychiatry,,,48.0,5.0,1/9/05,545-53,{Lucy BowesBarbara MaughanAvshalom CaspiLouise ArseneaultAlan TaylorTerrie E Moffitt}
473,,Infectious diseases. As Ebola wanes trials jockey for patients.,eng,Science (New York N.Y.),Science,1095-9203,2087.8342530501513,6230.0,3/15/04,20,{Kai Kupferschmidt}
474,385772.0,DiGeorge Syndrome Presenting as Hypocalcaemia-Induced Seizures in Adulthood.,eng,Case Reports in Medicine,,1687-9627,,-1.0,1/13/??#01,923129,{Alexander AttardJosephine PsailaAdrian ZammitDeborah Grech Marguerat}
475,4035586.8281889283,In vivo effects of different anesthetic agents on apoptosis.,eng,,Korean J.Anesth.,2005-7563,63.0,5.571562071428511,1/12/07,18-24,{Hanan F KhafagyMona M HassanEmad S OsmanFaten M El-ShanawanyAbdel Rahman M FathallahYasser M SamhanGehan G El-Fandy}
476,517503.0,The impact of 3D volume of interest definition on accuracy and precision of activity estimation in quantitative SPECT and planar processing methods.,eng,Physics in medicine and biology,Phys Med Biol,,55.0,12.0,6/21/10,3535-44,{Bin HeEric C Frey}
477,72325.0,Comparison between oral antibiotics and probiotics as bowel preparation for elective colon cancer surgery to prevent infection: prospective randomized trial.,eng,Surgery,Surgery,1532-7361,155.0,,1/14/03,,{Yasuhiro KogaKazutake OkadaToru OzakiSotaro SadahiroAkira TanakaToshiyuki SuzukiHiroko Kamata}
478,516758.0,Comparison of 3D OS-EM and 4D MAP-RBI-EM reconstruction algorithms for cardiac motion abnormality classification using a motion observer.,ENG,IEEE transactions on nuclear science,IEEE Trans Nucl Sci,,312.0104398498238,5.0,8/26/10,2571,
479,85920.0,Adipocyte is a non-trivial dynamic partner of breast cancer cells.,e@@??ng,The International journal of developmental biology,Int. J. Dev. Biol.,1696-3547,,7.0,1/11/01,851-9,{Marie-Pierre ChenardNassim Dali-YoucefEmilie BuacheMarie-Christine RioJinxiang Tan}
480,145874.0,HRQoL after coronary artery bypass graft@@ing and perc$utaneous coronary intervention for stable angina.,eng,Scandinavian cardiovascular journal : SCJ,Scand. Cardiovasc. J.,1651-2006,43.0,2.0,,Sep-94,{Michael LutherKari KorpilahtiMatti R TarkkaHeini HuhtalaJari LaurikkaJan-Ola WistbackaPertti Loponen}
481,888553.0,Weighting improves the information provided by joint counts on the severity of arthritis and its impact on patients' well$-being in juvenil$e idiopathic arthritis,,Rheumatology (Oxford),Rheumatology (Oxford England),,45.0,3.0,1/6/01,343-7,{A. RavelliS. Magni-ManzoniA. PistorioM. BandeiraA. MartiniE. SalaA. FalconeA. BuoncompagniN. RupertoA. Loy}
482,,Chronic pain-associated behaviors in the nursing home: resident versus caregiver perceptions,,Pain,#Pa%in,0304-3959,,3.0,1/1/99,577-588,
483,732272.0,Analysis of responses of radiology personnel to a simulated mass casualty incident after the implementation of an automated alarm system in hospital emergency planning.,,Emergency Radiology,,1070-3004,18.0,8.859695516861578,1/11/04,119-126 8p,{Linsenmaier UGeyer LLK_rner MMeisel CDWirth SReiser MF}
484,351877.0,Community nursing issues in Maori mental health.,,Australian & New Zealand Journal of Mental Health Nursing,AUST NZ J MENT HEALTH NURS,1324-3780,5.0,2.0,6@@/1/9$6,54-62,
485,276000.0,Tobacco-related scenes in television dramas for young Japanese audiences,eng,Tob Control,,0964-4563,8.0,3.0,1/1/99,350,{T. Sone}
486,378289.0,Alkaline phosphatase activity of duodenal enterocytes after neonatal administration of monosodium glutamate to rats.,eng,,Physiol Res,0862-8408,49.0,2.0,1/1/00,269-77,{L LenhardtS MozesA Martinkov}
487,684476.0,Pulmonary rehabilitation for chronic obstructive pulmonary disease: a pilot study evaluating a once-weekly versus twice-weekly supervised programme.,eng,Physiotherapy,Physiotherapy,1873-1465,96.0,1.0,1/10/#@@03,68-74,
488,467344.0,Primary Banded Roux-en-Y Gastric Bypass: a Systematic Review.,,,,,0.0,0.0,,,{NULL}
489,220234.55953697624,Improving referrals to fracture clinic from the paediatric emergency department an intervention.,,,,,0.0,0.0,,-,{O. CallenderJ. CravenC. Martin}
490,697880.0,Health literacy and child health promotion: Implications for research clinical care and public policy,,Pediatrics,,,124.0,0.0,,S306-S314,{Rudd R.Guez G.Sanders L.M.Baur@@ C.Shaw J.S.}
491,179093.0,Persistence of profenophos and quinolphos on cultivated cucumber and its removal,,,,,6.0,0.0,1/14/01,917-920,{B. VijayalakshmiD. Siva Rama PrasadD. RaveendranathK. Sri Rama MurthyA. Harinatha Reddy}
492,3145437.9289513663,Cognitive impairment and risk of cardiovascular events and mortality.,eng,European heart journal,Eur. Heart J.,1522-9645,181.7764400932638,14.0,1/12/07,1777-86,{Salim YusufMartin O'DonnellCraig AndersonIrene MarzonaPeter SleightJeff ProbstfieldAntonio DansPeggy GaoJackie BoschKoon Teo}
493,208435.0,Comparison of tunnel positions in single-bundle anterior cruciate ligament reconstructions using computer navigation.,eng,Knee surgery sports traumatology arthroscopy : official journal of the ESSKA,Knee Surg Sports Traumatol Arthrosc,1433-7347,18.0,9.0,1/%10/09,1282-9,{Travis G MaakThomas L WickiewiczVolker MusahlJames E VoosAndrew D Pearle}
494,556624.0,Fludarabine vs cladribine plus busulfan and low-dose TBI as reduced intensity conditioning for allogeneic hematopoietic stem cell transplantation: a prospective randomized trial,,,,,187.46353262262375,23.76465948683673,1/7/01,193-9,
495,36253.0,[Limited experience in adrenocortical function tests in infants].,jpn,Horumon to rinsho. Clinical endocrinology,Horumon To Rinsho,0045-7167,16.0,,4/1/68,273-6,{Y HiroseS KurataY Abe}
496,422857.0,Does this patient have obstructive sleep apnea?: The Rational Clinical Examination systematic review.,eng,JAMA,,,310.0,7.0,1/13/08,731-741,{David L SimelKathryn A MyersMarko Mrkobrada}
497,4266245.627377677,APPLICATION OF AGING MANAGEMENT STRATEGIES FOR REACTOR VESSEL INTERNALS AND CORE SUPPORT STRUCTURES,,Proceedings of the Asme Pressure Vessels and Piping Conference 2010 Vol 7,,978-0-7918-4926-2,,0.0,1/10/01,277-286,{H. Q. XuM. SnyderS. FyfitchA. ChetaG. BezdikianV. N. ShahT. R. LiszkaiH. CharkasN. GuptaY. ShojiC. S. BajwaC. MayM. SanwarwalaM. BrumovskyI. Ezekoye}
498,863342.0,Molecular detection of hepatitis B virus: Recent developments,,LaboratoriumsMedizin,,,130.8497545729976,1.0,1/5/01,33-43,{B. WeberA. Berger}
499,260745.0,Droperidol vs metoclopramide for prophylaxis of postoperative nausea and vomiting@@ after breast cancer s??urgery,,,,,28.0,0.0,1/11/01,141,{F. ColettaS. D'ArienzoP. SansoneC. AurilioM. C. PaceG. ZagariaR. Stumbo}
500,941515.0,Is prolonged use of computer games a risk factor for deep venous thrombosis in children?,,Clinical medicine (London England),Clin Med,1473-4893,4.0,2.0,1/4/01,190-1,
501,641972.0,[Pelvic floor training for women with urinary incontinence].,dan,Forsinket implementering af internationale retningslinjer for computertomografi med iodholdigt kontraststof .,,1603-6824,169.0,7.0,12/7/02,593-5,{Sren BrostrmGunnar Lose}
502,699523.0,Regulating free speech,English,,,,23.0,2.0,1/1/91,,%{Dav@@id Dyzenhaus}
503,946112.0,Older?? Women in the Homeless Shelter: Personal Perspectives and Practice Ideas,,Journal of Women & Aging,,,,4.0,1/11/01,360-374,{Jennifer Davis-Berman}
504,958639.0,Ethically justified system-level decisions in health care: Toward a decision support workbook for healthcare leaders,,Dissertation Abstracts International: Section B: The Sciences and Engineering,,-94325,70.0,1.0,1/9/0??1,,{Bashir Jiwani}
505,850418.0,Takayasu's arteritis with multiple intracranial aneurysms,,TAKAYASUSCHE ARTERIITIS MIT MULTIPLEN INTRAKRANIELLEN ANEURYSMEN,,0428-8246,,4.852676557536513,,,{Matsumoto K.Yamada F.Fukuda S.}
506,125302.0,Intravenous cyclophosphamide in patients with chronic systemic inflammatory diseases: morbidity and mortality.,eng,Scandinavian journal of rheumatology,Scand. J. Rheumatol.,0300-9742,37.0,2.0,1/8/03,130-4,{E A M JanssenC BrodinP OgreidK KjellevoldL G GranssonL VattenP R RomundstadR OmdalK Wildhagen}
507,168889.0,Trends in domestic violence service and leadership: implications for an integrated shelter model,,Administration and policy in mental health,Adm Policy Ment Health,0894-587X,,5.0,1@%@/1/00,339-52,{M. B. PhilipR. A. Hayward}
508,63977.0,[Clinical and histologic results of treatment of serous pulp inflammations with Ledermix].,pol,,Czas Stomatol,Nov-53,20.0,11.0,1/1/67,1145-53,{H Zakrzewska-Jastrzebska}
509,782211.0,Application of a model based on fuzzy logic for evaluating nursing diagnostic accuracy of students,English,,,,82.0,9.0,1/13/01,875-81,{R. JensenF. G. MatosA. da Cruz DdeP. S. SilveiraM. H. LopesN. R. Ortega}
510,473599.0,The effectiveness of N-acetylcysteine in preventing contrast-induced nephropathy in patients undergoing contrast-enhanced computed tomography: a meta-analysis of randomized controlled trials (Provisional abstract),,International Urology and Nephrology,,0301-1623,45.0,5.0,1/13/01,1309-1318,{Yh HsuMs YaoCs WongCh BaiMy WuYf LinCy HsiangKw TamYw LiHf Hsiang}
511,915463.0,[Commentary on] Gait changes in children with cerebral palsy following a neuro-developmental treatment course. Adams M Chandler L Shuhmann K PEDIATRIC PHYSICAL THERAPY 2000;12:114-120,,Pediatric physical therapy,,,14.0,1.0,1/2/01,55-56 2p,${J. Slusarski}
512,476199.0,Cognitive Outcome of Pediatric Moyamoya Disease.,eng,Journal of Korean Neurosurgical Society,,2005-3711,57.0,6.0,1/15/@@06,440-4,{Ju-Seong KimDong-Seo%k KimEun-Kyung ParkKyu-Won Shim}
513,405141.0,Fruit consumption and risk of type 2 diabetes: results from three prospective longitudinal cohort studies.,eng,,,1756-1833,347.0,-1.0,1/13/01,f5001,{Rob M van DamFrank B HuIsao MurakiJoann E MansonFumiaki ImamuraQi SunWalter C Willett}
514,213794.0,A biomechanical study of replacement of the posterior cruciate ligament with a graft. Part II: Forces in the graft compared with forces in the intact ligament,,,,,79.0,3.0,1/1/97,381-386,{K.L. ArmstrongG.A.M. FinermanK.L. MarkolfM.S. ShapiroJ.R. Slauterbeck}
515,408902.0,The safety and immunogenicity of rotavirus vaccination in infants with intestinal failure,,J. Pediatric Infect. Dis. Soc.,,-14400,3.0,1.0,,57-65,{McNeal M.M.Sanchez S.E.Jacob S.Javid P.J.Englund J.A.Horslen S.P.}
516,89897.0,A growing lesion on the cheek.,en@@@@g,JAMA otolaryngology-- head & neck surgery,JAMA Otolaryngol Head Neck Surg,2168-619X,140.0,4.0,1/14/04,,{Eric J LentschJordan Whitney RawlMichael J Caplan}
517,947177.0647355777,Protective effect of ginsenoside Rb1 against myocardial ischemia/reperfusion injury in streptozotocin-induced diabetic rats,,Molecular Biology Reports,,0301-4851,38.0,7.0,1/11/01,,{Y. WuZ. Y. XiaH. M. LiuS. Q. LeiL. ZhangJ. J. XuB. ZhaoJ. Dou}
518,144339.0,Comparative in vitro performance of three small-volume valved holding chambers with beclomethasone/formoterol pressurized metered dose inhaler.,eng,Journal of aerosol medicine and pulmonary drug delivery,J Ae??rosol Med Pulm Drug Deliv,1941-2703,26.0,4.0,1/13/08,223-7,{Kamel AlhanoutJean-Christophe DubusTalita Mota GoncalvesVeronique AndrieuAlain NicolayDavi Pereira de Santana}
519,656518.0,The effectiveness of anti-illicit-drug public-service announcements: a systematic review and meta-analysis.,eng,Journal of epidemiology and community% health.,,,323.44113735884537,,1/11/10,834-40,{Julio S G MontanerKora DebeckEvan WoodThomas KerrEdward J MillsDan Werb}
520,925315.0,[Use of statin@@s prior to or following invasive therapy for coronary artery disease].,chi,CHUNG-H@@UA I HSUEH TSA CHIH [CHINESE MEDICAL JOURNAL],Chung Hua I Hsueh Tsa Chih,0376-2491,85.0,40.0,10/26/05,15-Jul,{Wei Gao}
521,130308.0,Malignant lymphomas of the oral region.,engfre,Canadian Forces Dental Services quarterly,,0045-4850,18.0,1.0,1/1/77,7-Jan,{J R TrottD J MorrowD W Buntine}
522,,Women's experiences of acupuncture during labour,,British Journal of Midwifery,,0969-4900,21.0,4.0,1/13/01,254-262,{Irena Anna FreiKatharina FierzAngela PoatMartina Gisin}
523,600827.0,,eng,Cochrane Database Syst. Rev.,,1469-493X,-1.0,4.0,1/1/00,CD0018@@80@@,{A AvenellH H Handoll}
524,3567257.9517613943,Quality of life factors and survival after total or extended maxillectomy for sinonasal malignancies.,,,,1531-5053,73.0,4.0,1/15/04,759-63,{James MurphyAmal IsaiahJoshua E LubekJeffrey S Wolf}
525,67292.0,Epithelial Splicing Regulatory Proteins 1 (ESRP1) and 2 (ESRP2) Suppress Cancer Cell Motility via Different Mechanisms.,eng,The Journal of biological chemistry,,1083-351X,289.0,40.0,3/14/10,27386-99,{Mitsuyoshi MotizukiKeiji MiyazawaTetsuo KondoKeisuke MasuyamaMasao SaitohHiroki IshiiRyohei KatohKei SakamotoShota Tanaka}
526,129698.0,Combined and sequential treatment of oral and maxillofacial malignancies: an evolving concept and clinical protocol.,eng,Chinese medica$l journal,Chin. Med. J.,0366-6999,622.9002163378892,71.40577758094419,5/8/10,1945-52,{Zhi-yuan ZhangWei-liu QiuJia-wei Zheng}
527,254327.0,Evaluation of a workshop on evidence-based medicine for social insurance physicians.,eng,Occupational Medicine-Oxford,,0962$-7480,58.0,2.0,1/8/03,??Jul-83,{Jos H VerbeekRob KokJan L HovingFrederieke G SchaafsmaFrank J H van DijkPaul B A Smits}
528,556803.0,Neurocognitive assessment in 13 patients affected by muchopolysaccharidosis IVA (MPS IVA),,,,,37.0,1.0,1/14/01,$S1$36,{M. RigoldiS. GasperiniB. M. Del MenicoF. NichelliA. BonciminoM. CalabriaP. MeregalliR. Parini}
529,73792.0,Evaluation of the protective effect of Ilex paraguariensis and Camellia sinensis extracts on the prevention of oxidative damage caused by ultraviolet radiation.,eng,Environmental toxicology and pharmacology,Environ. Toxicol. Pharmacol.,1872-7077,37.0,1.0,1/14/01,195-201,{Marlon BargEmilio L StreckLara M GomesVanessa M AndradeDaniela D LeffaFelipe Dal-PizzolFabricia PetronilhoFrancieli VuoloMilena Carvalho-SilvaFernanda BalbinotGislaine T Rezin}
530,,New anticoagulants for atrial fibrillation.,e$#ng,J. @@Cardiovasc. Me#d.,,,10.0,6.0,1/9/06,4??46-53,
531,,Our Health Counts -- Unmasking Health and Social Disparities among Urban Aboriginal People in Ontario.,English,Dissertation Abstracts International A: The Humanities and Social Sciences,,,0.0,0.0,,,{Michelle Firestone}
532,105981.0,A common variant in the FTO gene is associated with body mass index and predisposes to childhood and adult obesity.,eng,Science (New York N.Y.),Science,1095-9203,316.0,5826.0,11/7/05,889-94,{George Davey SmithAmanda J BennettEleftheria ZegginiMarjo-Riitta JarvelinNicholas J WarehamLorna W HarriesColin N A PalmerShah EbrahimTimothy M FraylingSusan M RingBridget KnightSian EllardKatharine R OwenRachel M FreathyHana LangoDebbie A LawlorLon R CardonJohn R B PerryJeffrey C BarrettAndrew D MorrisGraham A HitmanKatherine S ElliottUlla SovioMark I McCarthyDavid MelzerAlex S F DoneyAndrew R NessYoav Ben-ShlomoAndrew T HattersleyAnn-Marie PatchNicholas J TimpsonNigel W RaynerMark WalkerMichael N WeedonRuth J F LoosFredrik KarpeIn_s BarrosoLuigi FerrucciChristopher J GrovesCecilia M LindgrenBeverley Shields}
533,408198.0,The parvalbumin-positive interneurons in the mouse dentate gyrus express GABAA receptor subunits 1 _2 and  along their extrasynaptic cell membrane.,eng,Neuroscience,Neuroscience,1873-7544,254.0,-1.0,12#/19/13,8#0-9@@6,{H H_gerW SieghartT KlausbergerI MilenkovicM VasiljevicD Maurer}
534,30272.0,Glial cells in amyotrophic lateral sclerosis.,ENG,Experimental neurology,Exp. Neurol.,1090-2430,-1.0,-1.0,5/22/14,,{T PhilipsJ D Rothstein}
535,623367.0,Diagnosing acute cardiac ischemia in the emergency department: a systematic review of the accuracy and clinical effect of current technologies.,eng,Annals of Emerge#ncy Medicine American College o??f Emergency Physician's Research Forum,,0196-0644,37.0,5.0,1/1/05,453-60,{J P IoannidisJ LauC MilchD SalemP W ChewN TerrinE M Balk}
536,13408.0,Eczema - quiz.,eng,Paediatrics & child health,Paed@@iatr Chil$d Health,1918-1485,5.0,2.0,3/1/00,,{$NUL#L}
537,449003.0,Stroke in children with posterior fossa brain malformations hemangiomas arterial anomalies coarctation of the aorta and cardiac defects and eye abnormalities (PHACE) syndrome: A systematic review of the literature.,,,,,0.0,0.0,,,{NULL}
538,299297.0,Emplo$ying a youth-led adult-guided framework: why drive high? social marketing campaign.,,Family & Community Health,,0160-6379,34.0,,1/11/10,319-330,{Terry-Lynne MarkoTyler Watt}
539,302268.0,Review of Handbook for Working with Children and Youth: Pathways to Resilience across Cultures and Contexts,@@English,,,,280.0766476684762,3.0,1/6/01,230-232,
540,592663.0,Helicobacter pylori antibiotic resistance patterns and genotypes in adult dyspeptic patients from a regional population in North Wales,,,,,304.61823745453273,2.0,1$/4/01,435-40,{A. M. WalkerJ. XerryK. DaviesN. C. ElvissR. J. Owen}
541,520843.0,Sonographically guided biopsy of focal lesions: a comparison of freehand and probe-guided techniques using a phantom.,e##ng,AJR. American Journal Of Roentgenology,AJR Am J Roentgenol,0361-803X,184.0,5.0,,1652-6,
542,460786.0,Splinting osseointegrated implants and natural teeth in partially edentulous patients: a systematic review of the literature. [Review],,,,,0.0,0.0,,,{NULL}
543,866131.0,Long-term subcutaneous recombinant interleukin-2 as maintenance therapy: Biological effects and clinical implications,,Cancer Biotherapy,,1062-8401,10.0,3.0,1@@/1%/95,195-203,{V. LorussoM. De LenaM. GuidaM. CorrealeI. AbbateA. LatorreA. CasamassimaM. D. Musci}
544,751811.0,,,BMJ,,1468-5833 (Electronic),329.0,7462.0,1/4/01,E315-6,{S. A. FrenchM. StoryP. J. Hannan}
545,436781.0,Hoarse voice in adults: An evidence-based approach to the 12 minute consultation.,,,,,0.0,0.0,,,{NULL}
546,,Chronic compartment syndrome an important cause of work-related upper limb disorder,,Rheumatology (Oxford),Rheumatology (Oxford England),1462-0324,204.2484962588213,11.0,1/5/01,,{J. P. HeathR. L. WilliamsM. H. Pritchard}
547,491837.0,Sleep sleep-dependent procedural learning and vigilance in chronic cocaine users: Evidence for occult insomnia,English,,,,82.0,10.412522324512821,1/6/01,238-49,{R. T. MalisonE. F. Pace-SchottV. CoricP. T. MorganR. StickgoldZ. H. Sahul}
548,,A screening methodology for crowdsourcing video QoE evaluation,,,,,0.0,,1/14/01,,{E. Anegekuh L. Sun L. Ifeachor}
549,525874.0,Potential for inter-observer and intra-observer variability in x-ray review to establish stone-free rates after lithotripsy.,eng,J. Urol.,,0022-5347,147.0,3.0,3/1/92,559-62,{D CaronS J WitchellM A JewettE L St LouisR R GrayC BombardierS KumraK E PsihramisM R Ryan}
550,26475.0,Situating universal design architecture: designing with whom?,ENG,Disability and rehabilitation,Disabil Rehabil,1464-5165,,-1.0,7/28/14,6-Jan,{Paul Jones}
551,476191.0,Endovascular Treatment of Ruptured Large or Wide-Neck Basilar Tip Aneurysms Associated with Moyamoya Disease Using the Stent-Assisted Coil Technique.,,,,1532-8511,-1.0,-1.0,7/24/15,,{Yibin FangPengfei YangJianmin LiuYi XuQinghai HuangWenyuan ZhaoDongwei DaiYan Chen}
552,719389.0,Subjective states: A more robust model,,Games and Economic Behavior,,0899-8256,67.0,2.0,1/9/01,,{K. SeoL. G. Epstein}
553,467318.0,The fundamental role of bone morphogenetic protein 15 in ovarian function and its      involvement in female fertility disorders.,,,,,0.0,0.0,,,{NULL}
554,268361.0,Giant-cell tumour of the knee: the condition of the cartilage after treatment by curettage and cementing,%@@eng,J Bone Joint Surg Br,The Journal of bone and joint surgery. British volume,0301-620X (Print) 0301-620x,89.0,3.0,1/7/01,361-5,{K. JonssonA. RydholmI. KristianssonD. HeinegardF. V. von SteyernP. Mannfolk}
555,664795.0,,eng,Journal of cancer research and c$linical oncology,J. Cancer Res. Clin. Oncol.,1432-1335,138.0,,1/??12@@/09,1433-41,
556,102180.0,Safety tolerability and sustained weight loss over 2 years with the once-daily human GLP-1 analog liraglutide.,,International journal of obesity (2005),Int J Obes (Lond),1476-5497,36.0,21.002631839420804,1/12/06,843-54,{R CarraroM F RasmussenL NiskanenA HarperN FinerS R_ssnerM KunesovaL Van GaalM E J LeanA AstrupA RissanenM J Savolainen[Collective Name] NN8022-1807 Investigators}
557,258486.0,Web-based nutrition education intervention improves self-efficacy and self-regulation related to increased dairy intake in college students,English,,,,110.0,11.0,1/10/01,1723-7,{Kathy W HosigSharon M N??ickols-RichardsonKavita H PoddarSusan E DuncanEileen S $Anderson}
558,961081.0,Three Abstracts on Chinese ??Research,,American Acupuncturist,,1520-7714,301.55990694915096,0.0,1/13/01,25-26,{$NULL}
559,,Retrograde nailing of humeral shaft fractures,eng,,,,0.0,350.0,1/1/98,26-39,
560,828156.0,,eng,Alcohol Clin Exp Res,Alcoholism clinical and experimental research,0145-6008,20.0,7.0,10/1/96,1173-8,{V HesselbrockA W Deckel}
561,2583118.638277089,Development of a SNP genotyping panel and a medical decision support algorithm to predict drug response in schizophrenia,,Klinik Psikofarmakoloji Bulteni,Klin.Psikofarmakol$.Bul.,1017-7833,,0.0,1/11/01,S156-S157,{Y. A. SonG. UstunkarM. A. DokeH. A. DomY. Y. Tuncel}
562,713518.0,ELDERLY AND PHYSICAL ACTIVITY: BENEFITS AND CHALLENGES IN SEARCH FOR LIFE QUALITY.,,Journal of Nursing $UFPE / Revista de Enfermagem UFPE,RE@@V ENFERMAGEM UFPE,1981-8963,6.0,11.0,1/12/11,2761-2769 9p,{Gerlane ngela da Costa MoreiraDenyse Dutra Alencar VasconcelosAmanda Costa de FreitasCarla Cristina Braga MaranhoDanielle Figueiredo Patricio}
563,180977.0,Neighbourhood characteristics and mortality in the Atherosclerosis Risk in Communities Study,,,,,33.0,0.0,1/4/01,,{L. N. BorrellK. RoseB. L. ClarkD. CatellierA. V. D. Roux}
564,828214.0,Transference-focused psychotherapy v. treatment by community psychotherapists for borde%rline personality disorder: randomised controlled trial.,eng,The British journal of psychiatry : the journal of mental science,Br J Psychiatry,1472-1465,621.7462379712362,5.0,1/10/05,389-95,{Philipp MartiusAnna BuchheimPeter BuchheimSusanne H_rzM@@ichael RentropCord Be??neckePeter SchusterMelitta Fischer-KernStephan Doering}
565,176160.0,The changing residential environments of older people,,,,,0.0,0.0,1/11/01,207-220,{Basta Beard Beard Beel-Bates Bierman Bowling Cagney Calkins Carder Carlsson Chan Clark Clarke Cutchin Cutler Davidoff Diehl Doty Durrett Feldman Foote Freedman Gaugler Gitlin Gitlin Glass Golant Golant Golant Golant Golant Golant Golant Grafova Gross Hunt AlleyStephen M. Golant}
566,677752.0,,eng,Hernia : the journal of hernias and abdominal wall surgery,Hernia,1248-9204,19.0,1.0,1/15/02,89-101,{L TimmermansJ C SliekerJ F LangeE B DeerenbergJ JeekelD P HogerzeilP H C Eilers}
567,107417.0,,eng,Lancet,Lancet,1474-547X,365.0,53957.25190304721,1/5/01,36-42,{David R JacobsDavid S LudwigCara B EbbelingAlex I KartashovMartha L SlatteryLinda Van HornMark A Pereira}
568,141282.0,,,Small Ruminant Research,,0921-4488,29.0,,6/29/98,143-156,{E DecuypereE DewilD VanmontfortH Michels}
569,708911.0,Changing tides: improving outcomes through mentorship on all levels of nursing,,,,,33.0,2.0,1/10/01,163-176,{J.@@ SkeesT. K. Ra??ce}
570,621640.0,Tracking cognitive decline in Alzheimer's disease using the mini-mental state examination: a meta-analysis.,eng,International psychoge$riatri$cs / IPA,,1041-6102,12.0,2.0,6/1/00,231-47,
571,,Pulmonary rehabilitation programs for patients with COPD.,engpor,Jornal brasileiro de pneumologia : publicacao oficial da Sociedade Brasileira de Pneumologia e Tisilogia,,1806-3756,37.0,4.0,1/11/07,544-5$5#,{Ana Maria Baptista MenezesDavid Alejandro GonzlezElaine Cardozo MacedoPedro Curi HallalMaria de Ftima MaiaMarli KnorstSamuel Carvalho DumithJeovany Mart_nez-MesaRicardo Bica NoalFernando Csar WehrmeisterJos Roberto Jardim}
572,361080.0,The Impact of Nursing Case Management on Women With Diabetes in Pregnancy,,JOGNN: Journal of Obstetric Gynecologic & Neonatal Nursing,,,162.6152874132309,0.0,1/12/01,S13??$1-2,{Corinn %T$aylor}
573,283168.0,[Pharmacotherapy for conduct disorder in children and adolescents],heb,Harefuah,,,,7.0,1/12/01,421-6 435 434,{T. LevyY. Bloch}
574,52633.0,Monteggia lesions in adults. A multicenter Bota study,eng,,,,,,%??1/1/96,78-83,{W. De GrooteD. StoffelenK. GovaertsP. ReyndersP. L. BroosJ. Rondia}
575,74821.0,Progesterone receptor PROGINS and +331G/A polymorphisms confer susceptibility to ovarian cancer: a meta-analysis based on 17 studies.,eng,Tumour biology : the journal of the International Society for Oncodevelopmental Biology and Medicine,Tumour Biol.,1423-0380,35.0,3.0,,2427-36,{Xinran WangChenhuan DingLilan ChenShu LiTing LiuXia YinYou WangXiangjun SunWen DiHe Li}
576,373015.0,Gene analysis of steroid 5 alpha-reductase 1 in hyperandrogenic women,,Croatian Medical Journal,Croat.Med.J.,0353-9504,46.0,4.0,1/5/01,,{B. HeljicR. KomelI. EminovicF. GavrankapetanovicJ. PrezeljJ. Karamehic}
577,,Intravenous insulin treatment in acute stroke: a systematic review and meta-analysis of randomized controlled trials.,eng,International journal of stroke : official journal of the International Stroke Society,Int J Stroke,1747-4949,9.0,4.0,1/14/06,489-93,{P MichelV PapavasileiouG NtaiosA BargiotaK Makaritsis}
578,574242.0,Hospitalized heart failure patients with preserved vs. reduced     ejection fraction in Dubai United Arab Emirates: a prospective     study,English,European journal of heart failure,Eur. J. Heart Fail.,1879-0844,16.0,4.0,1/14/01,454-460,{Al Sa%y#ed Hussain ASaheb Sharif-Askari NSulaiman SAAl-Mulla AATabatabai SSaheb Sharif-Askari F}
579,4162025.27632202,Multiple endocrine neoplasia type 1 with multiple leiomyomas linked to a novel mutation in the MEN1 gene,English,Yonsei Medical Journal,Yonsei Med.J.,1976-2437,49.0,4.0,1@@/8/01,655-661,{H. ChoiE. S. KangS. K. LimS. Y. JeongH. C. LeeH. J. KimS. KimY. RheeY. H. LeeJ. H. MoonK. R. Ki??mC. W. AhnB. S. ChaE. J. L#ee}
580,919014.0,[Anesthetic gases exposure: findings from a 13 year environmental and biological monitoring in a hospital company].,ita,Patologie asbesto correlate in congiunti di lavoratori del settore cemento-amianto.,,1@@592-783??0,29.0,3.0,1/7/07,411-3,{M A SanchezS RitzuV CapelliP BoccalonG Arcangeli}
581,494428.0,Out-of-hospital cardiac arrests #occurring in southern Ontario health care clinics: bystander cardiopulmonary resuscit%ation and automated external defibrillator use.,eng,,Can Fam Physician,1715-5258,56.0,6.0,1/10/06,e213-8,
582,307406.57353251195,Diffusion tensor imaging of deep gray matter in children trea%ted for brain malignan#cies.,eng,Child's nervous system : ChNS : official journal of the International Society for Pediatric Neurosurgery,Childs Nerv Syst,1433-0350,30.0,4.0,1/14/04,631-8,{Anna NideckerSiamak ArdekaniE Mark MahoneFirouzeh TannaziJarunee IntrapiromkulMoody WharamLarry J BrantAlena Horsk}
583,368651.0,A randomized controlled trial of paracetamol versus morphine for the treatment of acute painful crisis of sickle cell disease,,,,,20.0,,1/13/01,S149,{R. Rehmani}
584,423691.0,,English,Journal of Sexual Medicine,,,8.0,8.0,1/11/01,2276%-83,{T. A. DoreleijersP. T. Cohen-KettenisA. L. de VriesT. D. Steensma}
585,435904.0,A meta-analysis of clinical trials comparing mirtazapine with selective serotonin reuptake inhibitors for the treatment of major depressive disorder.,,,,,0.0,,,,{NULL}
586,407245.0,Group physiotherapy provides similar outcomes for participants after joint replacement surgery as 1-to-1 physiotherapy: a sequential cohort study.,eng%,Archives Of Physical Medicine And Rehabilitation,Arch Phys Med Rehabil,1532-821X,90.0,10.0,1/9/10,1727-33,{Corinne L CoulterJennie M ScarvellJeanie M Weber}
587,918698.0,,eng,European Journal Of Anaesthesiology,Eur J Anaesthesiol,1365-2346,26.0,9.0,1/9/09,766-71,
588,209138.0,Frontal and sagittal plane analyses of the stair climbing task in healthy adults aged over 40 years: what are the challenges compared to level walking?,,Clini%cal Biomech#anics,,0268-0033 DO  - http://dx.doi.org/10.1$016/j.clinbiomech.2015.03.009,18.0,10.0,$1/3/12,,
589,862844.0,DPYD IVS14+1G>A and 2846A>T genotyping for the prediction of severe fluoropyrimidine-related toxicity: A meta-analysis,,Pharmacogenomics,Pharmacogenomics,1462-2416,14.0,11.0,1/13/01,1255-1272,
590,,[Methicillin-resistant Staphylococcus aureus forming the fried egg appearance colonies isolated from a patient with septicemia],jpn,Rinsho Byori,Rinsho byo%ri. The Japanese journal of clinical pathology,,43.0,,,1061-5,{K. I@@ijimaA. TanimotoY. KitagakiM. HiuraH. Fujiwa%raS. Ikawa}
591,587683.0,Support for nutrition from the older Americans act programs: a clarification on its 40th anniversary,eng,J Nutr Gerontol Geriatr,Journal of nutrition in gerontology and geriatri??cs,,160.78104169417378,1.0,1/13/01,Mar-81,{J. L. Lloyd}
592,927711.0,Measures of exposure to the Well London Phase-1 intervention and their association with health well-being and social outcomes,,Journal of Epidemiology & Community Health,,0143-005X,68.0,37.46299504689554,1/14/01,597-605,{C. BottomleyK. LockS. LaisA. ClowG. YuR. LynchA. RentonG. PhillipsM. PetticrewA. DraperP. TobiE. SchmidtR. HayesD. Moore}
593,313584.0,The Effects of Cognitive Coaching and Nonverbal Classroom Management on Teacher Efficacy and Perceptions of School Culture.,English,,,,0.0,0.0,1/1/98,53,{Jennifer L. EdwardsCherie A. LyonsMarcia E. SwordsMary S. RogersKathy E. Green}
594,161847.0,Changes in glucose tolerance over time in women with polycystic ovary syndrome: a controlled study,eng,,,,90.0,,1/5/01,3236-42 ST  - Changes in glucose tolerance over time in women with polycystic ovary syndrome: a controlled study-,
595,,Effects of Test Administrator Characteristics on Achievement Test Scores,,Online Submission,,978-957-41-6666-4,0.0,0.0,1/5/04,,{Maria PapapolydorouTaslima RahmanWilliam D. SchaferLori Parker}
596,248064.0,Distal radius fracture arthroscopic intraarticular displacement measurement after open reduction and internal fixation from a volar approach,eng,J Orthop Sci,Journal of orthopaedic science : official journal of the Japanese Orthopaedic Association,,,,1/10/01,502??-8,{T#. KatayamaK. FurutaM. AkahaneH. O#noR. Fujitani}
597,887041.0,Age-related drivin??g disorders: sc??reening in hospitals and outpatients settings.,eng,Geriatr Gerontol Int,Geriatrics & gerontology international,1447-0594,10.0,4.0,1/10/10,288-94,{Kevin PatrickJill RybarLinda HillSara BairdRaul CoimbraSusanna Concha-Garcia}
598,314737.0,[Effect of a dialysis solution with icodextrin on ultrafiltration and selected metabolic parameters in patients treated with peritoneal dialysis],,,,,141.0,9.0,@@1/2/01,281-5,{S. OpatrnaP. StehlikJ. RacekJr. Opatrny K.V. SenftF. SefrnaO. Topolcan}
599,709094.0,Evidence based practice and advanced competencies in a MHS-CLS program,eng,,,,80.55986491585372,,,4-47-53,{L. PretlowA. RanneB. KrajE. K. LeibachB. Russell}
600,327157.0,,,Respiratory medicine,,,108.0,4.0,1/14/01,584-92,{Jutta BeierPeter# D'AndreaMichelle HenleyStephanie K%ornKai-Michael BeehDonald BanerjiDalal Jadayel}
601,793206.0,Disseminated lymphoma with large granular lymphocyte morphology diagnosed in a horse via abdominal fluid and transtracheal wash cytology.,eng,Veterinary clinical pathology / American Society for Veterinary Clinical Pathology,Vet Clin Pathol,193@@9-165X,44.0,3.0,1/15/09,437-41,{Fernanda CesarAnne A WooldridgeCinzia MastrorilliPete W ChristophersonKellye Joiner}
602,,Outcome of patients with severe PH due to lung disease with     and without targeted therapy,English,Cardiovascular therapeutics,,,137.33690369331973,5.0,1/14/01,202-208,{Seiler IBaron MArzt MPfeifer MLange TJ}
603,,A comprehensive assessment of maternal deaths in Argentina: translating multicentre collaborative research into action.,,Bulletin of the World Health Organization,Bull.WHO,0042-9686,85.0,8.0,1/7/08,615-622 8p,{Romero MMercer RRamos SKarolinski A}
604,636937.0,Human african trypanosomiasis diagnosis in first-line health services of endemic countries a systematic #revi@@ew.,eng,Plos Neglected Tropical Diseases,,1935-2735,6.0,38.80135463260736,1/12/01,e1919,{Victor KandeEpco HaskerVeerle LejonJean-Jacques MuyembePatrick MitashiMarleen BoelaertPascal Lutumba}
605,3646503.9003333887,Overlap of food addiction and substance use disorders definitions: analysis of animal and human studies.,eng,Neuropharmacology,Neuropharmacology,1873-7064,85.0,-1.0,1/14/10,,{Antoine Hone-BlanchetShirley Fecteau}
606,2724503.6348317754,Efficacy of prolonged administration of intravenous erythr#omycin in an ambulatory setting as trea#tment of severe gastroparesis: one center's experience,#en#g,,,,28.0,2.0,1/1/99,131-4,{E. M. QuigleyJ. K. DiBaise}
607,914007.0,Bound for success: a systematic review of constraint-induced movement therapy in children with cerebral palsy supports improved arm and hand use (Structured abstract),,Physical therapy,Phys Ther,0031-9023,89.0,11.0,1#/9/01,,{H. H. HuangJ. HaleL. FettersA. McBride}
608,208824.0,Optical turbulence: weak turbulence condensates and collapsing filaments in the nonlinear Schr_dinger equation,,Physica D: Nonlinear Phenomena,,0167-2789 DO  - http://dx.doi.org/10.1016/j.physd.2013.07.012,57.0,1.0,6/15/92,96-160,{V.E. ZakharovS. DyachenkoA.C. NewellA. Pushkarev}
609,759501.0,[Progress in joint international research of demographic and geographic distribution of insignificant middle and high-grade tuberculin skin sensitivity].,#ger,,Z Erkr Atmungsorgane Folia Bronchol,0044-2631,133.0,1.0,12/1/70,99-106,{M A Bleiker}
610,1643344.4252398044,Efficacy of Class 1 elastic compression stockings in the early stages of chronic venous disease. A comparative study.,eng,Int. Angiol.,,??#0392-9590,22.0,4.0,1/3/12,383-92,{F VinF A AllaertJ P BenigniS Sadoun}
611,372697.0,The future of JAK inhibition in myelofibrosis and beyond,,Blood Reviews,Blood Rev.,0268-960X,28.0,5.0,1/14/09,189-196,{R.A. MesaN.C.P. CrossJ.O. Mascarenhas}
612,609245.0,Reinventing the wheel? Or the emperor's new clothes.,eng,,Journal of alternative and complementary medicine (New York N.Y.),1075-5535,9.0,5.0,1/3/10,@@6#13-5,{George VithoulkasMenachem OberbaumShepherd SingerRobbert van Haselen}
613,584706.0,A study of out-of-hospital cardiac arrests in northeastern Minnesota,eng#,,Ja@@ma,0098-7484,256.0,4.0,1/1/86,477-83,{G. S. McDonaldJ. W. BachmanP. C. O'Brien}
614,822897.0,The Chinese medicine construct stagnation in mind-body connection mediates the effects of mindfulness training on depression and anxiety,,Complementary Therapies in Medicine,,,114.25059051284133,4.0,,348-357,{K. F. LamS. M. NgB. H. P. LauH. H. M. LoC. L. W. Chan}
615,145770.0,Outcomes from patients with multi-vessel disease following primary PCI: staged PCI imparts very low mortality.,eng,Cathet$erization and cardiovascular interventions : official journal ??of the Society for Cardiac Angiography & Interventions,,1522-726X,77.0,5.0,1/11/04,617-22,
616,24026.0,Modelling the effects of subjective and objective decision making in scientific peer review.,eng,Nature,Nature,1??47%6-4687,,7486.0,,Jun-93,{Marcus R Munaf_Mike W PeaceyIn-Uck Park}
617,44484.0,Exercise-induced flow limitation dynamic hyperinflation and exercise capacity in patients with bronchial asthma.,eng,The European respiratory journal,Eur. Respir. J.,,24.0,3.0,1/4/09,378-84,{A PolychronakiCh RoussosA KoutsoukouI DimitroulisJ Milic-EmiliN G KoulourisS RetsouE N KosmasM Gaga}
618,379988.0,The combined role of serotonin and interleukin-6 as biomarker for autism,,,,,284.0,0.0,1/22/15,,{Y.-J. DuX.-M. ZhuB. SangC.-J. YangC.-L. Liu}
619,333862.0,General public's and physicians' perception of healt??h risk associated w@@ith radon exposure in the state of Azad Jammu and Kashmir,,Public health nursing (Boston Mass.),Public Health Nurs,0737-1209,25.0,12.706497731904701,1/8/01,327-35,{Muhammad RafiqueM. Ikram ShahzadShahida Jabeen}
620,779555.0,Cost-effectiveness of statins for primary prevention in patients newly diagnosed with type 2 diabetes in the Netherlands,English,Value in Health,,,17.0,2.0,1/14/01,223-230,{S. T. VisserM. J. PostmaP. DenigF. M. De VriesE. Hak}
621,323860.0,Women's se??xuality in the South African constitutional court,English,Feminist Legal Studies,,09663622 (ISSN),14.0,3.0,1/6/01,391-406,{E. Bonthuys}
622,646572.0,[Medical and psychosocial care needs of cancer patients: a systematic review comparing urban and rural provisions].,ger,Impf$stoffe: Akz%eptanz und Sicherheit.,,1439-4413,135.0,155.45799414330838,1/10/08,1531-7,{R Schw$arzJ ErnstM ZengerE Br_hlerR Schmidt}
623,128182.0,A randomized double-blind placebo controlled triphosphate in study of oral adenosine subacute low back pain,eng,,,,32.0,0.0,1/5/01,1114-7 ST  - A randomized double-blind placebo controlled triphosphate in study of oral adenosine subacute low back pain-,{M. RossignolF. A. AllaertB. BannwarthJ. P. C1  - Frn RCT-s_kningen CN  - Pubmed DA  - Jun DP  - NLM ET  - 2005/06/09 ValatS. RozenbergB. Avouac}
624,919107.9596301207,Efficacy and safety of NMDA receptor antagonists augmentation therapy for schizophrenia: An updated meta-analysis of randomized placebo-controlled trials,,Journal of Psychiatric Research,,0022-395%6,47.0,12.0,1/13/01,2018-2020,{Yuki MatsudaTaro KishiNakao Iwata}
625,231933.0,,,,,,,4.0,1/11/01,,
626,683304.0,,eng,Sleep,Sleep,0161-8105,31.0,9.0,1/8????/09,1271-6,{Joost P A KuijerThom A VoornErnesto J Sanz-ArigitaEllemarije AltenaEus J W Van SomerenSerge A R B RomboutsYsbrand D Van Der Werf}
627,854628.0,Determinants of drug response in a cisplatin-resistant human lung cancer cell line.,eng,JPN. J. CANCER RES.,,0910-5050,,5.0,##5/1/90,527-35,{N SaijoM YamakidoK D TewY FujiwaraK KasaharaM BungoY Sugimoto}
628,117678.0,,eng,Journal of dental research,J. Dent.% Res@@.,0022-0345,80.0,12.0,1/1/12,Sep-5@@5,{L J HahnC J ChiuM L ChangL L HsiehY S KuoH M ChenC P ChiangC J Chen}
629,795170.0,Improving end-of-life care for patients with chronic obstructive pulmonary disease.,eng,Therapeutic advances in respiratory disease,Ther Adv Respir Dis,1753-4666,7.0,6.0,1/13/12,,{Helen M Sorenson}
630,3994458.667176679,Diabetes and other comorbidities in breast cancer survival by race/ethnicity: The California breast cancer survivorship consortium (CBCSC),English,Cancer Epidemiology Biomarkers and Prevention,,,24.0,2.0,1/15/01,361-368,{B. J. CaanE. M. JohnT. H. M. KeeganA. H. WuL. BernsteinS. Shariff-MarcoR. SpostoC. C. TsengJ. Sullivan-HalleyY. LuC. VigenM. L. KwanS. L. GomezA. W. KurianI. ChengV. S. Lee}
631,376103.0,Effect of e-health on medical expenditures of outpatients with lifestyle-related diseases,English,,,,17.0,8.0,,591-5,{Y. AkematsuM. TsujiK. Minetaki}
632,505530.0,Fiscal impact of a potential legislative ban on second trimester elective terminations for prenatally diagnosed abnormalities (Structured abstract),,,,,91.0,5.0,1/1/00,359-362,{E. L. KrivcheniaM. I. EvansM. A. AyoubV. L. MillerS. B. Ransom}
633,868618.0,Phase III randomized sequential open-label study to evaluate the efficacy and safety of sorafenib followed by pazopanib vs pazopanib followed by sorafenib in the treatment of advanced / metastatic renal cell carcinoma-design of the SWITCH-2 Study (NCT01613846),,Onkologie,Onkologie,0378-584X,36.0,0.0,1/13/01,75,{J. GschwendS. Schirrmacher-MemmelA. BeekerM. O. GrimmB. BrehmerM. ZaissU. Von VerschuerS. PahernikM. BosM. De SantisM. RetzS. Krause}
634,1566036.2476628155,Epidemiology of sporting injuries among elite soccer players: A longitudinal study,,Rheumatology (United Kingdom),Rheumatology,1462-0324,51.0,0.0,1/12/01,iii25-iii25,{M GimpelS GadolaP CooperK JamesonG DeakinM GodtschailkM StokesC Cooper}
635,113363.0,Mental health symptoms in a population based survey of minority farm operators,,,,,0.0,0.0,,62928,
636,,Motor cortex stimulation in patients with post-stroke pain: conscious somatosensory response and pain control,,,Neurological research,,112.5158039072249,2.0,1/3/01,153-6,{H. OshimaK. KobayashiT. YamamotoM. KasaiC. FukayaY. Katayama}
637,875250.0,Antimicrobial resistance of H. pylori isolates in alaska native persons from 2000-2008: Results from the alaska sentinel surveillance project,,Helicobacter,Helicobacter,1523-5378,14.0,4.0,1/9/01,328,{M. G. BruceJ. MorrisB. Mc$MahonA. TveitD. HurlburtD. Bruden%}
638,,Results of the phase II NCRI CLL206 trial of alemtuzumab in combination with high-dose methylprednisolone for high-risk (17P-) CLL,,Haematologica,,0390-6078,94.0,0.0,,138-139,{C. DeardenJ. DoddE. MatutesD. CatovskyJ. BlundellA. RawstromD. AllsupD. OscierT. HamblinS. DoddE. HeartinR. JonesJ. RadfordS. ProctorS. AgrawalP. HillmenG. FollowsR. PettittA. BloorS. DevereuxS. Carruthers}
639,233544.0,Timely access to specialist medical oncology services closer to home for rura$l patients: experience from the Townsville Teleoncology Model.,eng,,Aust J Rural Health,1440-1584,22.0,,1/14/08,156-9,{Sabe SabesanPeter AikenLynden J RobertsSarah LarkinsAbhishek Joshi}
640,163093.0,Bioavailability and tol$erability# of intranasal diazepam in healthy adult volunteers,English%,,,,84.0,0.0,1/9/01,,{Robert L. KrielJennifer R. RissVijay D. IvaturiJames C. C2  - 19231138 DB  ??- MEDLINE DO  - http://dx.doi.org/10.1016/j.eplepsyres.2009.0@@1.001 CloydRonald A. Siegel}
641,186155.21832567762,Protein kinase CK-1 inhibitors as new potential drugs for amyotrophic lateral sclerosis.,eng,Journal of medicinal chemistry,J. Med.% Chem.,,57.0,,3/27/14,2755-72,{Irene G SaladoAna MartinezDaniel I PerezBrian C KraemerMurilo L BelloConcepci_n PerezNicole F LiachkoMagalie LecourtoisMiriam RedondoCarmen GilLaetitia Miguel}
642,949775.0,The Prevalence and Age-Related Characteristics of Pain in a Sample of Women Veterans Receiving Primary Care,,Journal of Women's Health (15409996),,1540-9996,15.0,7.0,,862-869,{Alicia HeapySally G. HaskellM. Carrington ReidRobert D. KernsRebecca K. Papas}
643,847600.0,Experiences of African-American Women with Smartphone-Based Ecological Momentary Assessment.,ENG,Public health nursing (Boston Mass.),Public Health Nurs,,-1.0,-1.0,4/15/11,,{Ashley McDonaldShannon N ZenkColleen CorteKelly K Jones}
644,2159502.9945725873,Letter by Raposeiras-Roubin et al regarding article mortality associated with atrial fibrillation in patients with myocardial infarction: a systematic review and meta-analysis.,eng#,Circulation,Circulation,1524-4539,,18.0,1/11/11,e483; author's reply e484,{Sergio Raposeiras-Roub_nJos Maria Garc_a-AcuaJos Ram_n Gonzlez-Juanatey}
645,80536.35931597017,,eng,Acta dermato-venereologica,Acta Derm. Venereol.,Jan-55,,3.0,5/1/96,214-8,{C L_ligerK NeuberJ RingI K_hler}
646,453607.0,Evidence-based evaluation of therapeuti%c measures for amyotroph??ic lateral sclerosis. [Chinese],,,,,0.0,0.0,,,
647,690793.0,Enhanced meta-analysis of acetylcholine binding protein structures reveals conformational signatures of agonism in nicotinic receptors.,eng@@,Protein science : a publication of the Protein Society,Protein Sci.,1469-896X,21.0,3.0,1/12/03,307-17,{Cameron F AbramsSpencer T Stober}
648,799604.0,Factors associated# with orthodontic pati@@ent compliance with intraoral elastic and headgear wear.,eng,American journal of orthodontics and dentofacial orthopedics : official publication of the American Association of Orthodontists its constituent societies and the American Board of Orthodontics,Am J Orthod Dentofacial Orthop,0889-5406,97.0,13.555353957989853,4/1/90,,{E A BeGoleH S UpshawR J Egolf}
649,718091.0,A 23-year-old Hispanic migrant fieldworker who presents with a painful rash on his limbs trunk and face. Guttate psoriasis.,eng,JAAPA: Journal of the American Academy of Physician Assistants (Haymarket Media Inc.)????,,1547-1896,20.0,,1/7/01,,{Richard AndrewsErica B LundstenA Maureen Bundick Morgan}
650,935189.0,Influence of two handwashing frequencies on reduction in colonizing flora with three handwashing products used by health care personnel.,eng,American journal of infection control,,0196-6553,17.0,2.0,4/1/89,83-@@88,{E LarsonB A LaughonK Mayur}
651,711472.0,Impact of diet restriction and/or resistance training on physical capacity in obese older women...7th World Congress on Aging and Physical Activity,,Journal of Aging & Physical Activity,,1063-8652,16.0,0.0,2/8/07,,{Bouchard DRSoucy LSenechal MBrochu MDionne IJ}
652,660574.0,,eng,Hepatology (Baltimore Md.),Hepatology,1527-3350,53.0,24.508776310937403,1/11/06,1883-94,
653,873322.0,Prevalence molecular characterization and phenotypic confirmation of extended-spectrum beta-lactamases in Escherichia coli Klebsiella pneumoniae and Klebsiella oxytoca at the Radboud University Nijmegen Medical Centre in The Netherlands,,Mic#rob Drug Resis%t,,1076-6294 (Print)     1076-6294,16.0,1.0,1/10/01,55-60,{C. HandgraafW. J. MelchersT. KlaassenP. D. SturmE. T. BochumS. V. van Mook-Vermulst}
654,774830.0,,,Stroke; a journal of cerebral circulation,Stroke,0039-2499,46.0,,1/15/01,2335-2340,{Diederik van de BeekAnthony G RuddLalit KalraJoan MontanerJavier GarauPippa J TyrrellStephen J HopkinsCraig J SmithMark WoodheadAngel ChamorroMario Di NapoliAndreas MeiselPeter LanghorneAndy VailAmit K KishoreChristine Roffe}
655,768192.0,A narrative review of surgical resident duty hour limits: @@where do we go from here?,eng,J Grad Med Educ,Journal of graduate medical education,1949-8349 (Print)     1949-8357,5.0,1.0,1/1%3/01$,19-24,{P. D. FabricantM. P. BostromC. J. DyD. M. Dare}
656,,FACTORS ASSOCIATED WITH SELF-WORTH IN YOUNG PEOPLE WITH PHYSICAL DISABILITIES,,Health & Social Work,,0360-7283,29.0,,1/4/01,167-175,{Beverley J. Antle}
657,,Different renal toxicity profiles in the association of cyclosporine and tacrolimus with sirolimus in rats.,,Nephrology dialysis transplantation : official publication of the European Dialysis and Transplant Association - European Renal Association,Nephrol. Dial. Transplant.,1460-2385,23.0,10.0,1/8/10,11-Sep,{N_ria LloberasMarcel la FranquesaJosep M CruzadoJosep M Griny_Ins RamaGabriela AlperovichImmaculada Herrero-FresnedaJoan TorrasPepita Gimnez-Bonaf}
658,129552.0,A meta-analysis of alcohol drinking and oral and pharyngeal cancers. Part 2: results by subsites.,eng,Oral oncol@@ogy,,1879-0593,,10.0,1/10/10,720-6,{Paolo BoffettaGiovanni CorraoIrene TramacereVincenzo BagnardiEva NegriLorenza ScottiWerner GaravelloMatteo RotaCarlo La VecchiaFederica TuratiFarhad Islami}
659,526825.0,Genetic overlap between diagnostic subtypes of ischemic stroke.,,Stroke; a journal of cerebral circulation,Stroke,1524-4628,46.0,3.0,1/15/03,,{Eugenio A ParatiBruce M PsatyChristopher LeviGuido FalconeIoana CotlarciucBradford B WorrallRodney J ScottHugh S MarkusJonathan RosandJim JannesJohn W ColeSudha SeshadriRainer MalikM Arfan IkramChristopher OldmeadowKaren L FurieKerri L WigginsJane M MaguireMatthew TraylorPeter M Rothwell[Collective Name] Wellcome Trust Case Control Consortium 2[Collective Name] Australian Stroke Genetics CollaborativeSteven J KittnerBraxton D MitchellElizabeth G HollidayJemma C HopewellGiorgio B BoncoraglioEric BoerwinkleLisa F LinczRobert ClarkeSteve BevanNaomi R WrayJohn AttiaJames F MeschiaJoshua C BisThomas H MosleyMike A NallsCathie SudlowYu-Ching ChengPankaj SharmaMartin Dichgans[Collective Name] International Stroke Genetics ConsortiumMyriam Fornage}
660,,Serum S100B represents a new biomarker for mood disorders.,eng,Current drug targets,Curr Drug Targets,1873-5592,83.63599541747033,11.0,1/13/10,1237-48,{Peter SchoenknechtMatthias L SchroeterJohann SteinerKarsten MuellerJulia Sacher}
661,20641.0,Serial postoperative awake and sleep EEG and long-term seizure outcome after anterior temporal lobectomy for hippocampal sclerosis.,eng,Epilepsy research,Epilepsy Res.,1872-6844,108.0,5.0,1/14/07,945#%-52,{Alfredo D'AnielloAddolorata MasciaVincenzo EspositoPier Paolo QuaratoMarco De RisiAngelo PicardiGiancarlo Di GennaroLiliana G GrammaldoSara CasciatoGiulio N Meldolesi}
662,,Remote area indigenous psychiatry - Reflections on nine years as a visiting psychiatrist,,,,,45.0,0.0,1/11/01,A31,{N. Cord-Udy}
663,388872.0,Right ventricular outflow tra??ct reconstruction with decellularized porcine xenografts in patients with congenital heart disease.,eng,The Journal of heart valve disease,J. Heart Valve Dis.,0966-8519,20.0,3.0,1/11/05,341-7,{Wolfgang KonertzOtto KrogmannPascal M DohmenBirgit FranzbachEmanuela AngeliCarlo Pace NapoleoneJohannes KrollGleb TarusinovTorsten ChristGaetano Gargiulo}
664,681305.0,Pooled analysis of non-union re-operation infection and approach related complications after anterior odontoid screw fixation.,eng,PLoS One,PloS one,1932-6203,30.5679715102763,7.0,1/14/01,e103065,{Yong-Long ChiXiao-Lei ZhangNai-Feng TianYao-Sen WuXin-Lei WuXiang-Yang WangFang-Min MaoLi-Jun WuXu-Qi Hu}
665,541739.0,,eng,Academic radiology,Acad Radiol,1878-4046,19.0,5.0,1/12/05,599-606,{Hansel J OteroPeter J NeumannChi H FangRobert J WardMeera Sekar}
666,,Swabbing Surgical Sites Does Not Improve the Detection of Staphylococcus aureus Carriage in High-Risk Surgical Patients,Eng,,,,0.0,0.0,1/15/01,,{M. S. IharaJ. R. Tripet-DielK. ShahlaieC. S. LiJ. BrownS. H. CohenM. GiordaniE. O. Klineberg}
667,954980.0,Effect of# chewing gun on the promotion of intestinal function recovery after colorectal cancer surgery: A meta-analysis. [Chinese],Chinese     English Chinese,Chinese Journal of Evidence-Based Medicine,Chin.J.Evid.-Based Med.,1672-2531,15.0,5.0,1/15/01,542-@@549,{Q. X. ZhangJ. H. TianX. Y. TanA. L. YangX. M. YangZ. X. Zhang}
668,896410.0,School Climate and Students' Early Mathematics Learning: Another Search for Contextual Effects.,,American Journal of Education,,0195-6744,119.0,2.0,1/13/02,209-234,{KATERINA1 BODOVSKIRACHAEL3 WALSHINBAL2 NAHUM-SHANI}
669,751168.0,,,Cases J,Cases journal,1757-1626,1.0,,,32,{C. D. Packer}
670,303571.0,Constructing differences: A qualitative analysis of teachers__ perspectives on linguistic and cultural diversity,,,,,18.0,2.0,1/7/01,142-166,{Melinda Dooly}
671,193059.0,Wirkungen und Risiken neuartiger psychoaktiver Substanzen: Fehldeklaration und Verkauf als Badesalze Spice und Forschungschemikalien,,,,,111.0,9.0,$1/14/01,,{G. MikusN. HohmannD. Czock}
672,416171.0,[New guidelines for bariatric surgery care: practical implications],French,,,,7.0,288.0,1/11/01,700-4,
673,4081299.5949252453,Inosiplex for treatment of alopecia areata: A randomized placebo-controlled study,,Acta Derm.-??Venereol.,,-9262,86.0,5.0,,,{Katoulis A.C.Georgala K.Georgala S.Befon A.Stavropoulos P.G.}
674,164085.0,Fungal flora in indoor and outdoor air of different residential houses in Tekirdag City (Turkey):@@ seasonal distribution and relationship with c??limatic factors,,Environmental monitoring and assessment,Environ Monit Assess,,151.0,,,209-19,
675,619668.0,The psychiatric comorbidity of epilepsy.,eng,Acta Ne#urol Scand,Acta neurologica Scandinavica,14-Jan,110.0,4.0,1/4/10,207-20,{A GaitatzisM R TrimbleJ W Sander}
676,490750.0,Obesity and obstructive sleep apnea: Carry the torch of awareness,,,,,6.0,2.0,1/11/01,,{K. F. Joyner}
677,136068.0,Aerobic fitness testing in patients with chronic l#ow back pain: which test is best?,eng,,,,25.0,0.0,1/1/00,1704-10 ST  - Aerobic fitness testing in patients with chronic low back pain: which test is best?-,{T. H. MichelW. C1  - Frn RCT-s_kningen CN  - Pubmed DA  - Jul 1 DP  - NLM ET ?? - 2000/06/28 RogersA. WagnerH. Witt$inkR. KulichA. SukiennikR. Maciewicz}
678,198675.0,Poster abstracts. The National Association of Bariatric Nurses 4th Annual Meeting and Conference October 24-27 2007 North Charleston South Carolina,,,,,2.0,0.0,1/7/01,262-265 ST  - Poster abstracts. The National Association of Bariatric Nurses 4th Annual Meeting and Conference October 24-27 2007 North Charleston South Carolina-,
679,316114.0,A review of cyanoacrylate liquid skin protectant and its efficacy on pedal fissures,,,,,2.0,4.0,1/10/01,79-85,{Debashish ChakravarthyElizabeth A. HintonTracey C. VlahovicCynthia Ann Fleck}
680,626797.0,The special status of actions in causal reasoning in rats.,eng,,,#%0096-3445,545.6417575332249,3.0,1/8/08,514-27,{Aaron P BlaisdellJared WongKenneth J LeisingMichael R Waldmann}
681,2432868.334603163,How Much Trash Do You Trash?,,Science and Children,,,259.7399870989339,7.0,1/13/03,50-55,{V#anashri Nargund-JoshiJean S. Lee}
682,3933800.735935066,Implementing pharmacogenetics: Pharmarray acodose and pharmacogenetic consultation,,Basic and Clinical Pharmacology and Toxicology,,,113.0,,1/13/01,22,{H. Y. TongJ. FriasR. LubomirovP. LapunzinaA. M. BorobiaJ. TenorioP. AriasA. J. Carcas}
683,280418.0,Designing in the social context: Using the social contextual model of health behavior change to develop a tobacco control intervention for teachers in India,English,,,0268-1153,,1.0,1/13/01,113-129,{Cara B. EbbelingDhirendra N. SinhaGlorian C. SorensenHarry A. LandoMangesh S. PednekarClaudia R. PischkePrakash C. GuptaEve M. NaglerMira B. AghiKasisomayajula Viswanath}
684,757660.0,,,Infection and immunity,Infect. Immun.,0019-9567,69.0,9.0,1/1/09,5635-42,{A D NageswariS VaniP MuthuveeralakshmiS ShanmugalakshmiV DheenadhayalanG ArivarignanR M Pitchappan}
685,54163.0,Abstracts ??15,,,,,36.0,0.0,1/10/01,10-14 DO  - 10.1016/S0748-7983(10)00156-3,{P Mrocz#kowskiR KubeA DzikiB M??oranH LippertI Gastinger}
686,65723.0,Outcome of ErCr:YSGG laser-assisted treatment of teeth with apical periodontitis: a blind randomized clinical trial.,,Photomedi??cine and laser surgery,Photomed Laser Surg,1557-8550,32.0,1.0,1/14/01,9-Mar,{Norbert GutknechtManuel F CarvalhoIrene Pina-VazMiguel R MartinsJose A CapelasMiguel A Martins}
687,293974.0,Causes of death in Tunisia: Estimates of years of life lost. [French],,Eastern Mediterranean Health Journal,,1020-3397,20.0,4.0,,25??7-264#,{S HajjemM HsairiN Ben MansourH SkhiriH Aounallah-Skhiri}
688,247571.0,Anterior olecranon fracture-dislocations of the elbow in children. A report of four cases,eng,,The Journal of bone and joint surgery. American volume,0021-9355 (Print),91.0,6.0,1/9/01,#@@1487-90,{D. RingR. G. AlbersT. G. Guitton}
689,883345.056263588,Changes in the temporomandibular joint disc position after orthognathic surgery.,eng,Oral surgery oral medicine oral pathology oral radiology and endodontics,Oral Surg Oral Med Oral Pathol Oral Radiol Endod,1528-395X,108.0,1.0,1/9/07,15-21,{Su-Gwan KimJi-Yeon AhnYoung-Kyun KimJong-Wan KimPil-Young Yun}
690,38197.0,[Studies on cefotaxime (HR 756) concentration in human biliary tract and clinical effect for acute or subacute cholecystitis with cholelithiasis (author's transl)],jpn,,,,34.0,0.0,,447-52 ST  - [Studies on cefotaxime (HR 756) concentration in human biliary tract and clinical effect for acute or subacute cholecystitis with cholelithiasis (author's transl)]-,{I. HashimotoS. HirasawaY. SawadaY. KasaiJ. MikamiH.% AbeM. NakanishiE. BekkiK. KasaiT. NakamuraM. DA  - Mar DP  - NLM ET  - 1981/03/01 Omosu}
691,160820.0,Isolated cerebellar involvement in a case of posterior reversible leukoencephalopathy.,eng,Clinical radiology,Clin Radiol,Sep-60,61.0,,1/6/11,983-6,{M CaliskanM Karab_c_ogluA CitakN UzelK AydinA NayirD D Soysal}
692,876536.0,The rocky road to rational prescribing,,Vaccine,,,26.0,0.0,1/8/01,G11-G15,{I. Wil$liam#son}
693,776197.0,Defining interaction interfaces important for the establishment of cell polarity in Drosophila neuroblasts,English,FASEB Journal. Conference: Experimental Biology,,,28.0,1.0,1/14/01,,{K. PrehodaA. NovakJ. Mauser}
694,45797.0,The exercise prescription: focus on vascular mechanisms.,ENG,Blood pressure monitoring,Blood Press Monit,1473-5725,2.0,3.0,6/1/97,139-145,
695,605277.0,,eng,Psicothema,,02$14-9915@@,18.0,3.0,1/6/08,603-10,{Andreas BeelmannFriedrich L_sel}
696,749261.0,Soda and cell aging: associations between sugar-sweetened beverage consumption and leukocyte telomere length in healthy adults from the National Health and Nutrition Examination Surveys,,Am J Public Health,,%1541-0%048,104.0,12.0,1/14/01,2425-31,{N. E. AdlerJ. LinE. S. EpelD. H. RehkopfB. A. LaraiaE. H. BlackburnB. L. NeedhamC. W. Leung}
697,752305.0,Unsuspected ethanol ingestion through soft drinks and flavored beverages,,J Anal Toxicol,Journal of analytical toxicology,0146-4760 (Print) 0146-4760,20.0,5.0,1/1/96,332-3,{L. KadehjianE. J. ConeB. A. Goldberger}
698,179196.0,Altering existing buildings in the UK,,Energy Policy,,,36.0,12.0,1/8/01,4482-4486,{S. Roberts}
699,150198.0,The concept of neurosis in a cross-cultural perspective,en%g#,,,,20.0,0.0,1/7/01,47-51 ST  - The concept of neurosis in a cross-cultural perspective-,{S. K. ChaturvediD. CN  - PubMed_140821 DA  - Jan DO  - 10.1097/YCO.0b013e328010ca65 DP  - NLM ET  - 2006/12/05 Bhugra}
700,4168078.35884207,internetQueryObject to Partner With DataFlux; iQO to Provide Enhanced Application Scalability through QueryObject System; DataFlux to Enhance Data Accuracy through dfPower,English,Business Wire,,,,0.0,7/1/00,1-Jan,{Business/Technology Editors}
701,897904.9373379118,Feasibility of using hospital personnel to create a sustainable CPR training program for family members of hospitalized patients,,,,,126.0,0.0,1/12/??01,,{J. LeB. RiegelB. J. BobrowA. L. BlewerB. S. AbellaM. LearyD. Buckler}
702,2487028.233541504,Lung function efficacy of olodaterol qd delivered via respimat vs placebo and formoterol bid in patients with COPD: two 48-week studies [Abstract],English,R#espirology (Carlton Vic.),Respirology,1440-1843,0.0,0.0,1/14/01,,{Pizzichini EHart LPaggiaro PHamilton APeters MKorducki LDe Salvo MDe La Hoz AKoch A}
703,770589.0,,eng,Cochrane Database Syst Rev,,1469-493X,2.0,,1/15/01,Cd006178,
704,450743.0,Meta-analysis of guided bronchoscopy for the evaluation of the pulmonary nodule.,,,,,0.0,0.0,,,{NULL}
705,157566.0,Bladder cancer and urothelial impai#rmen$t: the role of TRPV1 as potential drug target.,eng,BioMed research international,Biomed Res Int,2314-6141,2014.0,-1.0,1/14/01,987149,{Paolo Dell'OglioAlessandro LarcherNicola FossatiNicol_ Maria BuffiAlberto AbrateGiuliana ListaFrancesco MontorsiFrancesco MistrettaMassimo LazzeriGiorgio GuazzoniGiovanni Lughezzani}
706,589465.0,,eng,,Journal of applied physiology,0021-8987 (Print)     0021-8987,160.14762208949298,4.313057948336632,1/1/70,Sep-36,{E#$. Shvartz}
707,560120.0,A novel approach to control hyperglycemia in type 2 diabetes: sodium glucose co-transport (SGLT) inhibitors: systematic review and meta-analysis of randomized trials.,eng,@@Annals of medicine,Ann. Med.,1365-2060,44.0,4.0,1/12/06,375-93,{Gianfranco PaganoGiovanni MussoMaurizio CassaderRoberto Gambino}
708,107924.0,,eng,European journal of clinical nutrition,Eur J Clin Nutr,,56.0,7.0,1/%%2/07,601-7,
709,797967.0,Delayed costs of suppressed pain.,eng,Journal of personality and social psychology,J Pers Soc Psycho$l,0022-3514,,2.0,2/1/93,274-82,{D CioffiJ Holloway}
710,265969.0,Osteoarthritis of the thumb carpometacarpal joint in women and #occupational risk factors: a case-control study,e#ng,J Hand Surg Am,The Journal of hand surgery,0363-5023,32.0,16.009077143695432,,459-65,{J. M. ClaiseS. NeelP. CatilinaL. FontanaS. Ughetto}
711,820508.0,A comparative outcome study of body awareness therapy feldenkrais and conventional physiotherapy for patients with nonspecific musculoskeletal disorders: Changes in psychological symptoms pain and self-image,Eng@@lish,Physiotherapy Theory and Practice,Physiother. Theory Pract.,,17.0,2.0,1/1/01,77#-9%5,{E.-B. Malmgren-OlssonK. ArmeliusB.-. Armelius}
712,446026.0,Use of implantable cardioverter-defibrillators for primary prevention in older patients: A systematic literature review and meta-analysis.,,,,,0.0,0.0,,,
713,84941.0,Incidence of and risk factors for motor neurone disease in UK women: a prospective study.,eng,BMC neurology,,1471-2377,,-1.0,,25,{Anna BrownJane GreenValerie BeralGillian ReevesPat Doyle}
714,558766.0,,,,,,196.3567941965724,3.0,1/8/01,414-6,
715,428909.0,Pilot randomized controlled trial of web-based acceptance and commitment therapy for smoking cessation.,,Nicotine & Tobacco Research,,1462-2203,15.0,10.0,1/13/10,1756-1764,{Jaimee L. HeffnerJonathan BrickerBryan ComstockChristopher Wyszynski}
716,110453.0,Anti-hypertensive medicines prescribing for medical outpatients in a premier teaching hospital in Nigeria: a probable shift of paradigm.,eng,Pharmacy practice,Pharm Pract (Granada),1885-642X,12.0,2.0,1/14/04,1292.0666552618623,
717,837546.0,Agitation aggression and disinhibition syndromes after traumatic brain injury,,NeuroRehabilitation,NeuroRehabilitation,1053-8135,17.0,4.0,1/2/01,297-310,{E. Kim}
718,82695.0,The effect of lymphatico-venous anastomosis for an intractable ulcer at the lower leg in a marked obese patient.,eng,Microsurgery,Microsurgery,1098-2752,34.0,,1/14/01,Jul-64,{Hisako HaraYukio SekiNoriyuki MuraiIsao KoshimaT@%@akuya IidaMakoto MiharaTakeshi Todokoro}
719,820059.0,Effects of multifunctional fabrics on cardiac autonomic tone and psycholog%??ical state,English,International Journal of Neuroscience,Int.J.Neurosci.,0020-7454,114.0,8.0,1/4/01,923-931,{K.-W. ParkJ. SongH.-J. KimS.-R. MoonM.S. Lee}
720,4045523.5954042627,Manual versus electric vacuum aspiration for first-trimester abortion: a systematic review,eng,,BJOG : an international journal of obstetrics and gynaecology,1470-0328 (Print) 1470-0328,115.0,1.0,1/8/01,13-May,{F. DengJ. WenQ. Y. CaiY. P. Li}
721,247211.8849225659,Behaviour Research and Therapy Outcome predictors in guided and unguided self-help for social anxiety disorder,,Behaviour Research and Therapy,,,50.0,1.0,1/12/01,13-21 DO  - 10.1016/j.brat.2011.10.009,{O E HavikP CarlbringL G _stT NordgreenG AnderssonT Furmark}
722,888477.0,Probiotics for the treatment of upper and lower respiratory-tract infections in children: systematic review based on random#ized clinical trials,eng,J Pediatr (Rio J),Jornal de pedi@@atri#a,0021-7557,91.0,5.0,1/15/01,413-27,{M. H. de Oliveira JuniorE. S. SarinhoG. V. de AraujoD. M. Peixoto}
723,741279.0,Bradykinin is a mediator but unlikely a trigger of antiarrhythmic effects of ischemic preconditioning,,Journal of Cardiovas%cular Electrophy#siology,,,18.0,1.0,1/7/01,93-99 7p,
724,64430.0,The NADPH oxidase-mediated production of hydrogen peroxide (H(2)O(2)) and resistance to oxidative stress in the necrotrophic pathogen Alternaria alternata of citrus.,,Molecul%ar plant patholog%y,,1#364-3703%,13.0,8.0,1/12/10,900-14,{Siwy Ling YangKuang-Ren Chung}
725,461657.0,Review of epidemiology and management of atrial fibrillation in developing countries.,,,,,0.0,0.0,,,{NULL}
726,240949.0,William H. Taft High School Project HOLA 1985-1986. OEA Evaluation Report.,,,,,0.0,0.0,1/1/8?$?6,,{Brooklyn. Office of Educational Assessment. New York City Board of Education}
727,453909.0,,,,,,,0.0,,,{NULL}
728,222452.0,Special problems in the prosthetic rehabilitation of deep bite,,,,,,2.0,1/1/75,,{R. Voss}
729,,@@The potential ??impact of bias in studies of residential exposure to magnetic fields and childhood leukemia,,Bioelectromagnetics,Bioelectromagnetics,1521-186X,0.0,9.0,1/1/01,S32-47,
730,,,,Journal of Mathematics Teacher Education,,1386-4416 1386-4416,14.0,,1/11/10,393-411,{dirk.hoek@$ou.nl Hoek Dirk1Koeno2 Gra#vemeijer}
731,257990.0,An internet-based program to enhance motivation to change in females with symptoms of?? an?? eating disorder: A randomized controlled trial,,,,,44.0,0.0,1$/14/0#1,1947-1963,{Hotzel KR von BrachelKosfelder JHechler TVocks SRieger ESchulte DSchmidt U}
732,332032.0,Air pollution and risk of urinary bladder cancer in a case-control study in Spain,,Occupational and environmental medicine,Occup Environ Med,1470-7926,65.0,1.0,,,{Nuria MalatsAlfredo CarratoManolis KogevinasNathaniel RothmanConsol SerraReina Garcia-ClosasDebra SilvermanAdonina TardonKenneth P. CantorMustafa DosemeciGemma Castano-VinyalsRoel Vermeulen}
733,2043303.663853733,,eng,J. Clin. Psychiatry,,0160-6689,66.0,8.0,1/5/08,974-81,{Michael E ThaseYounghua WangApril E HarriettMelinda MittonCarol B RockettBarbara R HaightJack G ModellNathalie RichardSusan VanMeter}
734,480030.0,Adaptive convex combination approach for the identification of improper quaternion processes,eng,,,,145.4514829074011,1.0,1/14/01,172-82,{C. JahanchahiC. C. TookB. C. UjangD. P. Mand@@ic}
735,660499.0,Inappropriate use of emergency se??rvices: a systematic review of prevalence and associated factors.,eng,,,,25.0,1.0,1/9/01,28-Jul,{Marlos Rodrigues DominguesAna Claudia Gastal FassaMaria Laura Vidal Carret}
736,355078.0,Use of episiotomy in the United States,,Birth,,1523-5@@36X,29.0,1.0,1/2/01,Jun-74,{M. C. Klein}
737,696985.0,,eng,,J Addict Dis,1545-0848,25.0,2.0,1/6/01,53-58,{George E. WoodyAnne GellerEdgar H. AdamsTheodore J. CiceroAlvaro MunozEdward C. SenayJames A. Inciardi}
738,826471.0,Aberrances in autonomic cardiovascular regulation in fibromyalgia syndrome and their relevance for clinical pain reports,eng,Psychosomatic medicine,Psychosom Med,0033-3174,407.9908636528705,5.0,1/10/01,462-70,{Sergio GarridoAngeles PulgarStefan DuschekMar_a Mart_n-VzquezGustavo A Reyes Del Paso}
739,807737.0,Sorafenib and pegylated interferon-alpha-2b in advanced metastatic melanoma: A multicenter phase II DeCOG trial,,J. C@@$lin. Oncol.,,0732-183X,28.0,15.0,,,{Ugurel S.Schadendorf D.Garbe C.Trefzer U.Egberts F.Hassel J.Weichenthal M.Hauschild A.Mauch C.Gutzmer R.}
740,,Dispersal of methicillin-resistant Staphylococcus epidermidis by staff in an operating suite for thoracic and cardiovascular surgery: relation to skin carriage and clothing,eng,J Ho@@sp Infect,The Journal of hospital infection,0195-6701 (Print) 0195-6701,44.0,2.0,1/1/00#,119-26,{P. DomicelA. TammelinE. StahleA. Hambraeus}@@
741,322953.0,Psychometric validation of the Growth and Empowerment Measure (GEM) applied with Indigenous Australians,,Australian and New Zealand Journal of Psychiatry,,Apr-74,248.42788464549548,9.0,,791-799,
742,123731.0,Alveolar soft part sarcoma of the ut$erine corpus. Report of two cases and review of the litera??ture,eng,,,,194.0,1.0,1/1/98,59-63,{K. RadigA. RoessnerP. Buhtz}
743,180588.0,It's Time Practitioners Help Families Clear the Air of Secondhand Smoke: A Commentary on Pyle et al. (2005),,,,,23.0,0.0,1/5/01,25-29,{Geoffrey C. WilliamsBai Brownson Difranza Gehrman Glantz Law Mokdad Ory Panagiotakos Pechacek Pyle Sargent Sweda Whincup Whitlock Arcavi}
744,440684.0,Hemostatic resuscitation for massive bleeding: The paradigm of plasma and platelets - A review of the current literature.,,,,,0.0,0.0,,,{NULL}
745,758629.0,Studies on the biological activity of two strains of BCG: influence of production conditions.,eng,DEV. BIO$L. STAND.,,0301-5149,58.0,-1.0,1/1/86,105-18,{M ChouchkovaA Engibarov}
746,964184.0,Myocardial fibrosis by T1 mapping is an early indicator of severe cardiac allograft vasculopathy,,Circulation,Circulation,22-Sep,128.0,22.0,1/13/01,,{N. HarcourtS. C. MasriM. ColvinG. Raveendran}
747,,Follistatin-like protein 1 regulates chondrocyte proliferation and chondrogenic differentiation of mesenchymal stem cells,Eng,Ann Rheum Dis,Annals of the rheumatic diseases,Mar-67,0.0,0.0,1/14/01,,{S%. M. SmithA. D. MarinovR. Hirsc%hD. S. BushnellB. T. CampfieldH. C. BlairY. Chaly}
748,463556.0,Structural brain changes associated with antipsychotic treatment in schizophrenia      as revealed by voxel-based morphometric MRI: an activation likelihood estimation       meta-analysis.,,,,,0.0,0.0,,,{NULL}
749,749844.0,Insights in public health: taxing sugar sweetened beverages to improve public health: policy action in Hawai'i. Doctoral Health Policy Seminar Spring 2013,,Hawaii J Med Public Health,Hawai'i journal of medicine & public health : a journal of Asia Pacific Medicine & Public Health,2165-8242,287.0048240978149,8.0,1/13/01,286-91,{T. SentellT. UsagawaM. HagiwaraT. PeacockH. Hee HeoM. G. PearceL. ChoyM. R. Dela Cruz}
750,1732691.8968615672,[Evidence-based therapy guideline of the German Working Group on Obesity in Childhood and Adolescence].,ger??,Bundesgesundheitsblatt Gesundheitsforschung Gesundheitsschutz,Bundesgesundheitsblatt Gesundheitsforschung Gesundheitsschutz,1437-1588,54.0,5.0,$1/11/05,584-90,{M WabitschA MossD Kunze}
751,166521.0,The cost of national service frameworks,,,,,352.1338954837132,0.0,1/4/01,68-9 ST  - The cost of national service frameworks-,{R. CN  - PubMed DA  - Feb DP  - NLM ET  - 2004/03/05 Boyle}
752,292018.0,Simple steps to fitness. Secrets of strength. Strength training is as important to weight loss and fitness as aerobic exercise is but many people ignore it. Here's how to get started.,eng,Diabetes forecast,Diabetes Forecast,0095-8301,55.0,8.0,1/2/08,98--100,{Shauna S Roberts}
753,781776.7676137422,Homeplace and Housing in the Lives of Low-Income Urban African American Families,,,,,,0.0,1/5/01,,{Linda M. BurtonAltman Bullard Burton Burton Burton Burton Burton Clark Conley Dilworth-Williams Fischer Foucault Franklin Gieryn Gilbert Goering Hooks Howard Kidder Lahiri Lawson Clark Lawson Clark Lawson Clark Low Massey Oliver Perkins Rosenbaum Rosenbaum Sanders Stack AllanSherri Lawson Clark}
754,668772.0,Lack of association between the connexin 37 C1019T gene p@@olymorphism and% coronary artery disease in a Chinese population: Meta-analysis of 2206 subjects.,ENG,Bio%medical reports,Biomed Rep,,1.0,3.0,1/13/05,,{Yan-Yan LiYun QianChuan-Wei @@Zhou}
755,1048237.3370385332,[Effects of tobacco advertising regulations in various c$ountries],jpn,Nihon Koshu Eisei Zasshi,[Nihon koshu eisei zasshi] Japanese journal of public health,0546-1766 (Print) 0546-1766,42.0,12.0,1/1/95,1017-2%8,{T. Sone}
756,788507.0,Intensive glucose control in the managemen@@t of diabetes mellitus an#d inpatient hyperglycemia,eng,Am J Health Syst Pharm,,1079-2082 (Print) 1079-2082,67.0,10.0,1/10/01,798-805,{S. B. LevyA. O. Shogbon}
757,620483.0,The value of breast self-examination: meta-analysis of the research literature.,eng,Oncology nursing forum,Oncol Nurs Forum,,28.0,5.0,1/1/06,@@@@815-22,{Y L Ku}
758,433039.0,Palliative sedation therapy in the last weeks of life: a literature review and recommendations for standards.,,,,,,,,,{NULL}
759,737167.0,Understanding depression in palliative and end-of-life care,en,Nurs Stand,Nursing standard (Royal College of Nursing (Great Britain) : 1987),0029-6570 (Print) 0029-6570,76.75991394979495,60.231501882374715,,48-57; quiz 58 60,{S. AshelfordV. Taylor}
760,,Inhaled anticholinergics and risk for acute urinary retention: A case-crossover and case-time-control study,,Value Health,,,17.0,37.72833616669753,,A776,{Dilokthornsakul P.Joo M.J.Lee T.A.Pickard A.S.Lin F.J.}
761,856471.0,Compartmentalization of Fas and Fas ligand may prevent auto- or paracrine apoptosis in epithelial cells,,EXPERIMENTAL CELL RESEARCH,,,284.0,2.0,1/3/01,??283-90,
762,570704.0,Rituximab-related viral infections in lymphoma patients.,eng,Leukemia & Lymphoma,,1042-8194,265.2644529859018,7.0,1/7/07,1307-12,{Saadettin KilickapOmer DizdarSercan AksoyIbrahim BaristaHakan HarputluogluKadri AltundagDidem Sener Dede}
763,520153.0,,eng,RADIOLOGY,,0033-8419,240.0,1.0,1/6/%$07,187-93,{Carol E BarnewoltHiroto HatabuMizuki NishinoDeborah LevineHenry A FeldmanJudy A EstroffValerie L Ward}
764,259267.0,Intra-operative change of gastric ph during laparotomic cholecystectomy under general anaesthesia: A prospective case-control study,,,,,283.0829498353866,,1/12/01,40-43,{S. DeyP. BhattacharyyaB. K. BiswasB. BhattaraiP. Bhakta}
765,,,eng,Headache,Headache,1526-4610,53.0,10.0,#1/13/#11,1541-7,{[Collective Name] CARE GroupJoel J GagnierDavid MoherDouglas G AltmanGunver KienleDavid RileyHarold Sox}
766,827921.0,,,Res Nurs Health,,1098-240X,32.0,2.0,,204-16,{Sandra M WalshShiue Chen}
767,461204.0,Fc receptor-like 3 (FCRL3) -169 C/T polymorphism and systemic lupus erythematosus: A meta-analysis.,,,,,0.0,0.0,,,{NULL}
768,482860.0,[Indirect anastomoses for moyamoya disease].,jpn,,,0301-2603,26.0,9.0,9/1/98,769-86,{Y Matsushima}
769,18298.0,??Ulcer Healing After Peripheral Interv@@ention.,ENG,Circulation journal : official journal of the Japanese Circula#tion Socie%ty,Circ. J.,1347-4820,-1.0,,4/14/07,,{Daiki UchidaYukihiro SaitoHisashi UchidaAtsuhiro KoyaNobuyoshi Azuma}
770,,Measuring the bright side of being blue: a new tool for assessing analytical rumination in depression.,eng,PLoS One,PloS one,,9.0,11.0,1/14/01,e112077,{Skye P BarbicPaul W AndrewsZachary Durisko}
771,625306.0,[Mammographic density: a valid risk factor for breast cancer?].,,Prvention de l'insuffisance rnale induite par les produits de contrnste iodes,,0221-0363,89.0,9.0,1/8/09,1140-50,
772,572343.0,High-dose sequential (HDS) chemotherapy for high-risk non-Hodgkin's lymphoma: long-term analysis and future developments.,eng,Ann. Hematol.,,0939-5555,80.0,-1.0,1/1/01,B123-6,{M LadettoD CaraccioloG RossiC MarinoneL BerguiA CutticaA SalomoneM BoccadoroI RiccaC TarellaM PaganoF ZallioP GavarottiA PileriA de Crescenzo}
773,396094.7005559655,Core symptom measures in cancer clinical trials.,eng,Journal of the National Cancer Institute,J. Natl. Cancer Inst.,1460-2105,106.0,7.0,1/14/07,,
774,663339.0,,eng,AIDS (London England),AIDS,1473-5571,116.72272811603182,17.0,11/13/12,2211-22,{Chunhui WangRichard HayesLouise KuhnStephen ShiboskiJennifer S SmithNatasha L LarkeDeborah Watson-JonesCatherine F HoulihanPatti E GravittKaren K Smith-McCune}
775,4165539.2303406964,Prevalence of different morphologic forms of the human tongue in young Finns.,,Oral surgery oral medicine an%d oral pathology,Oral@@ @@Surg. Oral Med. Oral Pathol.,0030-4220,53.0,2.0,2/1/82$@@,152-6,
776,245200.0,Osteoporosis in men,eng,Arch Intern Med,Archives of internal medicine,0003-9926 (Print) 0003-9926,158.0,2.0,1/1/98,194,{M. Galus}
777,307302.0,Neurolymphatische Bahnen: neue wissenschaftliche Nachweise untermauern die Perrin-Technik,,,,,14.0,2.0,1/13/06,15-Oct,{Raymond N. Perrin}
778,217418.0,Long term follow-up of conservative treatment of severely traumatized maxillary incisors,,,,,13.0,4.0,1/1/97$,190-192,{Z. Hirs@@chfeldI. BrinA. FuksM. Guelmann}
779,413717.0,Magnetic resonance imaging evaluation of bone marrow changes in obstructive sleep apnoea syndrome in adults,English     Italian,,,,111.0,4.0,1/6/01,572-84,{A. R. AleandriD. ManciniT. CosentiniR. Le DonneN. Colavita}
780,62246.0,Pulpal response to a fluoride-releasing all-in-one resin bonding system.,eng,Operative dentistry,Oper Dent,0361-7734,27.0,,1/2/05,,{Masayuki OtsukiMakoto ArakawaHidekazu SonodaYasutaka SasafuchiYuichi KitasakoJunji Tagami}
781,945021.0,Improvement of action tremor by chronic cortical stimulation,eng,Mov Disord,Movement disorders : official journal of the Movement Disorder Society,0885-3185,13.0,1.0,1/1/98,Aug-84,{B. PollinC. GenyJ. P. NguyenP. CesaroA. Feve}
782,3273240.6819316735,Validity of Rorschach Inkblot scores for discriminating psychopaths from non-psychopaths in forensic populations: a meta-analysis.,eng,Psychological assessment,,1939-134X,22.0,2.0,1/10/06,,{Scott O LilienfeldKeli Holloway AllenHoward N GarbJessica L WildermuthM Teresa NezworskiJames M Wood}
783,934327.0,,,,,,0.0,0.0,,,{NCT01893931 }
784,546484.0,The Effects of Pre-Reading and Sharing Mechanisms on Learning with the Use of @@Annotations,,Turkish Online J$ournal of Educational Technology - TO??JET,,#1303-6521,10.0,,1/11/04,,{Wu-Yuin HwangGuo-Liang Hsu}
785,917231.0,,ita,Patologie asbesto correlate in congiunti di lavoratori del settore cemento-amianto.,,1592-7830,34.0,3.0,1/12/07,266-8,
786,887418.0,,,European Jo@@urnal of Canc$er,,,49.0,0.0,1/13/01,-,{V. HirshJ.Y. HanF. BlackhallS. IyerD.W. KimA. ShawA. ReismanK. WilnerH. NokiharaB. Besse}
787,724055.0,A systematic review and meta-analysis of trials of treatment of depression from India,English,Indian Journal of Psychiatry,,,191.70212593234086,0.0,1/14/01,29-38,{S. SarkarS. Grover}
788,63738.0,[The use of ethonium paste in the treatment of deep dental caries].,rus,,Stomatologiia (Mosk),0039-1735,50.0,8.344676376650662,3/1/71,79-80,{P K Shestakov}
789,422739.0,Reporting methods in studies developing prognostic models in cancer: a review.,,BMC medicine,BMC Med,1741-701%5$,8.0,0.0,1/10/01,20-20,{Patrick RoystonRachel WatersSusan MallettDouglas G AltmanSusan Dutton}
790,97795.0,Hospital discharge after ambulatory knee arthroscopy: a comparison of epidural 2-chloroprocaine versus lidocaine,,,,,26.0,1.0,1/1/01,35-40,{J. M. NealD. J. KopaczM. A. LewisJ. J. Deck}
791,155127.0,p16(INK4) Expression is not associated with human papillomavirus in oral lichen planus.,eng,,Oral Surg Oral Med Oral Pathol Oral Radiol,221??2-4411,118.0,6.0,1/14/12,694-702,{Lucio MontebugnoliLuca MorandiLuca ScapoliAnnalisa PalmieriDavide B GissiMaria Pia FoschiniIlaria Manelli}
792,100986.0,Association of bleeding mortality and sex in acute coronary syndromes: the missing triangle.,ENG,Journal of cardiovascular medicine (Hagerstown Md.),J Cardiovasc Med (Hagerstown),1558-2035,-1.0,-3.8960961121851883,9/23/14,,{Rossana De PalmaPaolo OrtolaniCaterina CaminitiEmilia SolinasPiera Angelica Mer@@liniDiego ArdissinoGiorgia PaoliMaria Francesca NotarangeloPaolo GuastarobaAntonio MarzocchiLuigi VignaliRoxana MehranAntonio Manari}
793,166179.0,[Severe exposure to environmental lead in a child population in Antofagasta Chile],,Exposicion severa a plomo ambiental en una poblacion infantil de Antofagasta Chile.,,0034-@@9??887,128.0,2.0,1/1/00,221-32,{I. DelgadoJ. Ve@@ga}
794,740811.0,Tracheostomy Care and Complications in the Intensive Care Unit,,Critical Care Nurse,,,33.0,5.0,1/13/01,18-31 14p,{Linda L. MorrisAndrea WhitmerErik McIntosh}
795,379577.0,Monitoring of fluid changes in hospitalized Malnourished Guatemalan children using bioelectrical impedance spectroscopy (BIS).,eng,Applied radiation and isotopes : including data instrumentation and methods for use in agriculture industry and med@@icine,Appl Radiat Isot,,49.0,,5/1/98,615-7,{C PithanM MazariegosN W SolomonsP F_rst}
796,658981.0,Preliminary state of development of prediction models for primary care physical therapy: a systematic review.,eng,Journal of cl%inical epidemiol#ogy,J Clin Epidemiol,1878-5921,65.0,12.0,1/12/12,1257-66,{Martijn W HeymansTobias van den BergHan J R AnemaLieke van OortBart W KoesArianne P VerhagenRiekie H C W de Vet}
797,1134546.907408501,Bruxismo em crian_as Bruxism in children,pt,,,,3.0,11.273084580696713,,Aug-91,{Ronaldo FazziAna Estela HaddadMaria Salete Nahs Pires Corr_a}
798,1972113.9804826821,A cadaver model to evaluate the accuracy and reproducibility of plain radiograph step and gap measurements for intra-articular fracture of the distal radius.,eng,J Hand Surg Am,The Journal of hand surgery,0363-5023,29.0,5.0,1/4/09,,{Jeff KnightJeffery M SmithThomas E TrumbleWren V McCallister}
799,3088669.6111325137,13th IEEE/ACM Symposium on Distributed Simulation and Real-Time Applications DS-RT 2009,,,,,,0.0,,,{NULL}
800,366275.0,A systematic review on the application of cardiovascular risk prediction models in pharmacoeconomics with a focus on primary prevention.,eng,European journal of preventive cardiology,Eur J Prev Ca??rdiol,2047-4881,19.0,,1/12/08,42-53,{Maarten J PostmaPetros PechlivanoglouJelena Stevanovic}
801,2992289.41974926,Pan-Canadian study of mammography screening and mortality from breast cancer.,eng,Journal of the National Cancer Institute,J. Natl. Cancer Inst.,1460-2105,106.0,51.350952158513635,1/14/11,,{Jennifer PayneRukshanda AhmadGregory DoyleNorm PhillipsAnna M ChiarelliChristine WilsonKathleen DeckerAndrew ColdmanBin ZhangJacques Brisson}
802,605423.0,Alcohol-related morbidity and mortality.,eng,Alcohol Research & Health,,1535-7414,27.0,4.588606191188388,1/3/01,@??@39-51,{J_rgen RehmGerhard GmelMaurizio TrevisanChristopher T Sempos}
803,495319.0,,eng,,,,16.0,0.0,1/1/93,186-192,{S. FurmanD. T. KawanishiS. %L. Song}
804,,Eliciting relative preferences for two methods of colorectal cancer screening,English,European Journal of Cancer Care,,0961-5423,14.0,2.0,,124-31,
805,252118.0,Bilingual speech: Bilateral control?,,Brain and Language,,0093-934X,15.0,5.41475645124772,1/1/82,125-142,{H.M. SussmanP. FranklinT. Simon}
806,,Tiao-She nursing of traditional Chinese medicine for mild cognitive disorder: An assessment of clinical evidence,,Chin. J. Evid.-Based Med.,,1672-2531,68.69817173323628,13.665528322670161,,346-352,{Li @@X.-H.Li G.-C.Xie Y.-L.Shang H.-C$.Chi K.-L.Jin Y.-H.}
807,80799.0,One-pot semisynthesis of exon 1 of the Huntingtin protein: new tools for elucidating the role of posttranslational modifications in the pathogenesis of Huntington's disease.,eng,Angewandte Chemie (International ed. in English),Angew. Chem. Int. Ed. Engl.,1521-3773,290.117547592349,7.0,10/14/02,1928-33,{Annalisa AnsaloniJae Sun JeongFrancesco Simone RuggeriGiovanni DietlerZhe-Ming WangHilal A Lashuel}
808,385163.0,Pathophysiology of paradoxical embolism: evaluation of the role of interatrial septum anatomy based on the intracardiac echocardiography assessment of patients with right-to-left shunting.,en#g,Cardiology in the young,Cardiol Young,1467-1107,25.0,,1/15/01,47-55,{Gianluca RigatelliPaolo CardaioliMassimo GiordanAshesh BuchLaura OlivaDobrin VassilievAravinda NanjiundappaFabio Dell'AvvocataRamesh DaggubatiDario Adami}
809,645061.0,Impact of physical abuse on adulthood depressive symptoms among women.,eng,Issues Ment He$alth N$urs,,1096-4673,29.0,3.0,1/8/03,299-314,{Hanan Al-ModallalAnn PedenDebra Anderson}
810,164721.0,[The microclimate of apartments and its hygienic norms],,Das Mikorklima der Wohnungen und seine hygienische Normierung.,,0049-8610,13.0,10.0,1/1/67,75$6-??60,{M. S. Goromossow}
811,730721.0,Prediction Study of Complications After Severe Trauma,,,,,0.0,0.0,1/12/01,,{NCT01713205 }
812,439302.0,,,,,,0.0,0.0,,,{NULL}
813,410748.0,Preliminary validity and reliability of a Thai Berlin questionnaire in stroke patients,,,,,,0.0,1/14/01,348,{J. SaengsuwanK. SawanyawisuthN. UngtrakulJ. Saengsuwan}
814,,Spectrum and frequency of illness presenting to a pediatric emergency department.,eng,Act@@a clinica Belgica,Acta Clin Belg,1784-3286,61.0,4.0,,161-5,
815,4146925.1195124583,Organization of ribosomes and nucleoids in escherichia coli cells during growth and in quiescence,English,Journal of Biological Chemistry,,0021-9258,289.0,16.0,1/14/01,11342-11352,{K. PeiskerB. SinghS. SanyalQ. ChaiX. GeN. MetzendorfS. Dasgupta}
816,497593.0,Ventricular arrhythmias in the North American multidisciplinary study of ARVC: predictors characteristics and treatment,eng,,,,64.0,0.0,1/14/01,1$1#9-125,{N. A. Mark EstesScott McNittWojciech ZarebaBronislava PolonskyDouglas LaidlawMark S. LinkFrank MarcusKathleen Gear}
817,3194292.7215363937,,English,Journal of Oral & Maxillofacial Surgery,,,71.0,1.0,1/13/01,178-88,{R. A. OrdA. SalamaR. MovahedS. A. McClure}
818,,Precocious and delayed sexual development in children,English,Acta Endocrinologica. Supplementum,Acta Endocrinol Suppl (Copenh),0300-9750,288.0,0.0,1/1/88,,{B. T. Rudd}
819,161290.0,Premature androgenic alopecia and insulin resistance. Male equivalent of polycystic ovary syndrome?,eng,,,,,0.0,1/5/01,127-31 ST  - Premature androgenic alopecia and insulin resistance. Male equivalent of polycystic ovary syndrome?-,{L. StarkaJ. VrbikovaM. DA  - Dec DP  - Nlm ET  - 2006/03/24 HillM. DuskovaI. Cermakova}
820,746312.0,Pancytopenia : A rare presentation of legionella pneumonia,,Crit. Care# M#ed.,,0090-3493,41.0,12.0,,A326,{Cayetano K.Ghannam D.Rawat N.}
821,830881.419544858,Mold contamination in a controlled hospital environment: a 3-year surveillance in southern Italy,,,,,14.0,,1/14/01,,{C. CorettiC. NapoliG. LoveroM. T. MontagnaG. CaggianoG. ScarafileO. de Giglio}
822,743819.0,Effect of (D)-fagomine on excreted Enterobacteria and weight gain in rats fed a high-fat high-sucrose diet.,eng,Ob@@esity (Silver Spring Md.),Obesity (Silver Spring),1930-739X,94.80818921285359,4.0,1/14/04,976-9,
823,193292.0,,,,,,4.0,0.0,1/4/01,10-10 ST  - CSM2004 best platform-,{NULL}
824,91852.0,The importance and important limitations of ultrasound imaging for evaluating thyroid nodules.,eng,JAMA internal m#edicin%e,JAMA Intern Med,2168-6114,173.0,19.0,10/28/13,,{David CooperErik K Alexander}
825,663526.0,Blood 25-hydroxyvitamin% D concent$ration and hypertension: a meta-analysis.,eng,,J. Hypertens.,1473-5598,29.0,4.0,1/11/04,636-45,{Susanna C LarssonAnn BurgazAlicja WolkNicola Orsini}
826,382853.0,CT features of pulmonary arterial hypertension and its major subtypes: a systematic CT evaluation of 292 patients from the ASPIRE Registry.,eng,Thorax,Thorax,1468-3$296,70.0,4.0,,382-7,
827,4084.0732130119327,Clinical effect observation of fule cream to cure dermatitis eczemal,,International Medicine & Health Guidance News [Guo Ji Yi Yao Wei Sheng Dao Bao],,,66.42684477626415,14.0,1/8/01,65-68-,{X. H. LYWXWF Wu}
828,407082.0,,eng,Journal of the Ame@@rican Geriatrics Society,,1532-5415,,,1/10/11,Aug-63,{Amanda Devine%Nicole AustinRichard L PrinceKun ZhuDavid Bruce}
829,411673.0,Sleep and sleep disorders in the hospital,English,,,,141.0,5.0,1/12/01,1337-45,{S. B. VenkateshiahN. A. Collop}
830,1532766.8664533452,$Doppler-derived flow pattern in the descending aorta does not predict systemic to pulmonary arterial collateral flow in patients with single ventricle palliation: a cross-sectional study.,e$ng,World journal for pediatric & congenital$ heart surgery,World J Pediatr Congenit Heart Surg,#2150-136??X,6.0,2.0,1/15/04,209-14,{Mark A FogelMichael V Di MariaMatthew A HarrisMeryl S CohenKevin K Whitehead}
831,414396.0,Sleep-disordered breathing associated with long-term opioid therapy,English,,,,123.0,2.0,1/3/01,632-9,{T. V. ClowardJ. M. WalkerS. RhondeauR. J. Farney}
832,,Efficacy of allogeneic hematopoietic stem cell transplantation depends on cytogenetic risk for acute myeloid leukemia in first disease remission: a metaanalysis.,eng,@@CANCE#R,,0008-543X,103.0,29.016515926994128,4/15/05,1652-8,{Nobuhiko EmiMasamitsu YanadaTomoki NaoeKeitaro Matsuo}
833,446599.0,[Case management for moderate-need patients and recovery: what can we learn from experimental and quasi-experimental studies?]. [Review] [French],,,,,0.0,0.0,,,{NULL}
834,376525.0,Considerations for the diagnosis and treatment of testosterone deficiency in elderly men.,eng,The American journal of medicine,Am. J. Med.,1$555-7#162,638.7804378833421,10.0,,835-40,{Stephen A GeraciMohammed KaziChristian A Koch}
835,637323.0,A comparison of early gastric and post-pyloric feeding in critically ill patients: a meta-analysis.,,Intensive care medicine,Intensive Care Med,0342-4642,32.0,,1/6/05,639-49,{Kwok M HoGeoffrey J DobbSteven A R Webb}
836,153797.0,Definitive radiotherapy for T1 glottic squamous cell carcinoma: a 15-year Cruces University Hospital experience,,Clinical & Translational Oncology: Official Publication of the Federation of Spanish Oncology Societes & of the National Cancer Institute of Mexico,,,,0.0,1/13/01,925-31,{Martinez-Indart LCacicedo Jdel HoyoGomez-Iturriaga ACasquero FLopez J LBilbao PO }
837,470179.0,Comparison of methods for defining prevalent vertebral deformities: the Study of Osteoporotic Fractures.,eng,,J. Bone Miner. Res.,0884-0431,10.0,6.0,6/1/95,890-902,{M C NevittL PalermoH K GenantR San ValentinD M BlackR EpsteinS R Cummings}
838,48114.866708822716,Children are pharmaco-therapeutic orphans.,eng,Pediatric allergy and immunology : official publication of the European Society of Pediatric Allergy and Immunology,Pediatr Allergy Immunol,1399-3038,21.0,2.0,1/10/03,249-50,{C K NaspitzJ O Warner}
839,294719.0,,eng,Shock (Augusta Ga.),Sho@@ck,1540-0514,40.0,5.0,??1/13/11,366-74,{David B HoytSandro B RizoliAndrew J BakerEileen M BulgerWolfgang G JungerJoseph CuschieriShawn G RhindPang N Shek}
840,38130.0,Value of intravenous cholangiography prior to laparoscopic cholecystectomy,eng,,,,123.22116249265162,0.0,1/1/99,693-6; discussion 697 ST  - Value of intravenous cholangiography prior to laparoscopic cholecystectomy-,{S. TruongK. H. TreutnerM. JansenC. SchravenV. DA  - Jul DP  - NLM ET  - 1999/07/03 SchumpelickJ. Neuerburg}
841,455697.0,Systematic review of occupational engagement and?? health outcomes among community-dwelling older adults,,,,,0.0,0.0,,,{NULL}
842,,Fractional flow reserve for guiding PCI.,eng,The New England journal of medicine,,1533-4406,360.0,,7/9/05,2024; author reply 2026-7,{Somjot S BrarWilliam A Gray}
843,503528.0,Difference in postural control between patients with functional and mechanical ankle instability,eng,Foot Ankle Int,Foot & ankle international,1071-1007 (Print) 1071-1007,35.0,10.0,1/14/01,,{S Y ChenH ChenH Y LiJ ZhangY H Hua}
844,503354.0,Early ankle mobilization Part I: The immediate effect on acute lateral ankle sprains (a randomized clinic@@al trial),,Military Medicine,,,159.0,,1/1/94,15-20,{J R Dettori$B D PearsonC J BasmaniaW M Ledna@@r}
845,176844.0,,,,,,15.0,0.0,1/14/01,,{C. JayasumanaR. GajanayakeS. Siribaddana}
846,820549.0,Chiropractic vertebral subluxations,English,Focus on Alternative and Complementary Therapies,,,,1.0,1/10/@@01,13??-??14,{S. Homola}
847,250975.0,Effect of infliximab on the healing of intestinal anastomosis. An experimental study in rats.,eng,Int J Surg,International journal of surgery (London England),1743-9159,12.0,,,969-75,{Konstantinos NastosKonstantinos EvangelouMarilena PapaioannouJohn VlachogiannakosMaria GazouliApostolos PapaloisChristos ZeglinasIoannis PapaconstantinouPanagis LykoudisCharalampos TzathasAnneza Yiallourou}
848,191038.5066011188,How to appraise the effectiveness of treatment,,,,,159.45668601447224,0.0,,525-531 ST  - How to appraise the effectiveness of treatment-,{Suzanne B. StewartPhillip DahmD DB  - rzh DO  - 10.4103/0970-1591.91446 DP  - EBSCOhost}
849,3341595.8491858426,Non-steroidal anti-inflammatory drugs and myocardial infarctions: comparative systematic review of evidence from observational studies and randomised controlled trials.,eng,Ann Rheum Dis,Annals of the rheumatic diseases,,,49.85720570575503,1/7/10,12#96-304,{E H ChoyD L ScottP A ScottG H KingsleyC M Smith}
850,302179.0,Using a social communication intervention to improve the social interactions and employment experiences of adolescents with high functioning autism spectrum disorders,English,,,,,0.0,1/11/01,3224,{Beth Anne Clavenna-Deane}
851,627882.0,Is there evidence that barrier membranes prevent bone resorption in autologous bone grafts during the healing period? A systematic review.,,International Journal of Oral & Maxillofacial Implants,,0882-2786,22.0,3.0,1/7/05,390-8,{Ruud R M BosGerry M RaghoebarPepijn F M GielkensBoudewijn Stegenga}
852,264151.0,Recognizing naming and measuring a family intensive care unit syndrome,,,,,11.0,3.0,1/14/01,435-441,{D. R. SullivanG. Netzer}
853,711975.0,Association of diet exercise and smoking modification with risk of early cardiovascular events after acute coronary syndromes.,,Circulation,Circulation,22-Sep,121.0,6.0,2/16/10,,{Yusuf SFox KAChow CKAnand SSJolly SRao-Melacini P}
854,12554.0,Retrovirus-mediated WASP gene transfer corrects Wiskott-Aldrich syndrome T-cell dysfunction.,eng,Human gene therapy,,1043-0342,13.0,9.0,1@@0/??2/06,1039-46,{G Jayashree JagadeeshDavid L NelsonTaizo WadaFabio Candotti}
855,564924.0,Complication rate of endosonography (endobronchial and endoscopic ultrasound): a systematic review.,eng,Respiration; international review of thoracic diseases,,1423-0356,87.0,4.0,1/14/01,343-51,{A van BredaM B von BartheldJ T Annema}
856,,Comparison of serum and renal gentamicin concentrations with fractional urinary excretion tests as indicators of nephrotoxicity,eng,,,,11.0,4.0,1/1/88,330-7,{S. A. BrownF. B. Garry}
857,727134.0,The Antiseptic Efficacy and Tolerability of Lavasept 0.04% on Acute Traumatic Wounds,,,,,0.0,0.0,1/10/01,,
858,356635.0,Determinants of arterial wall remodeling during lipid-lowering therapy: serial intravascular ultrasound observations from the Reversal of Atherosclerosis with Aggressive Lipid Lowering Therapy (REVERSAL) trial,,Circulation,Circu$l??ation,22-Sep,113.0,,1?#?/6/01,,{S. LinS. E. Nis??senK. WolskiI. SipahiE. M. TuzcuS. J. NichollsT. ChurchillP. SchoenhagenT. CroweC. WangA. LoydC. Apperson-HansenW. A. Magyar}
859,272721.0,Economic evaluation of inhaled nitric oxide in preterm infants undergoing mechanical ventilation,,,,,529.7226574499871,5.0,1/9/01,1325-1332,{A. M. HibbsD. M. BlackJ. A. F. ZupancicA. CnaanP. L. BallardS. R. WadlingerL. PalermoW. E. TruogR. A. Ballard}
860,979725.0,The impact of emotional and social support on the quality of life depression and disability among us adults with chronic obstructive pulmonary disorder (COPD): A propensity score analysis,,Value in Health,,,18.0,3.0,1/15/01,A176,{R. ArabyatD. W. Raisch}
861,470615.0,Can we improve the follow up of asthmatic patients with asthma educational program (PAMA)? [Abstract],,European respiratory journal,,,,0.0,1/14/01,P3021,{Francitorra MESanchez GSManrique CAVelasco TTCastany A REscriche XFFernndez CSFornell LLlvarez SFernndez EARodriguez MVFSim_ MRMayo EP}
862,71351.0,,ENG,Oral dise#ases,Oral Dis,1601-0825,-1.0,-1.0,,,{Nk ShuklaSn DasP GaurAk Singh}
863,3334848.4502984043,[Use of probiotics and prebiotics in infant formulas].,spa,Prediccion de la masa muscular apendicular esqueletica basado en mediciones antropometricas en Adultos Mayores Chilenos.,,1699-5198,31.0,-1.0,1/15/01,Jul-72,{Venancio Mart_nez Surez}
864,673560.0,[Postacute care].,,Tratamiento antibiotico intravenoso domiciliario del absceso hepatico: seguridad eficacia y factores pronosticos de reingreso hospitalario.,,0025-7753,143.0,1.0,,29-33,{Margarita Admetlla FalguerasJosep Fust Sugraes}
865,258181.0,Internet-delivered exposure and mindfulness based therapy for irritable bowel syndrome--a randomized controlled trial,English,,,,,6.0,1/10/01,5@@31-9,{Perjohan LindforsLiselotte JanssonBrjann LjotssonLisa FalkErik HedmanChristian RuckAmanda Wibron VesterlundSergej AndreewitchNils LindeforsGerhard AnderssonTimo Hursti}
866,11709.0,Sleep-related nighttime crying (yonaki) in Japan: a community-based study.,eng,Pediatrics,,1098-4275,115.0,1.0,1/5/01,217-24,{Michio FukumizuMarie J HayesMakiko KagaJun Kohyama}
867,603381.0,WITHDRAWN: Zinc for the common cold.,eng,Cochrane Database Syst. Rev.,,1469-493X,-1.0,3.0,1/6/01,CD001364,{I Marshall}
868,570263.0,Successful treatment with a rituximab-based regimen of a splenic marginal zone lymphoma with villous lymphocytes in a @@very %frail patient on maintenance dialysis.,eng,,Cancer Chemother. Pharmacol.,1432-0843,,4.0,1/9/03,759-@@6#0,{Andrea TendasPaolo de FabritiisMarco GiovanniniDaniela PiccioniRoberto PalumboAlessio Pio PerrottiLuca CupelliTeresa DentamaroLaura ScaramucciPasquale Niscola}
869,,In this issue,,,,,40.0,7.0,1/10/01,,{NULL}
870,651653.9515873402,Exercise-induced changes of the upper extremity in chronic stroke survivors,eng,,,,,0.0,1/5/01,58-68 ST  - Exercise-induced changes of the upper extremity in chronic stroke survivors-,{P. KludingS. A. DA  - Winter DO  - 10.1310/let5-xnby-98q6-q8tg DP  - NLM ET  - 2005/03/01 Billinger}
871,813023.0,Respiratory syncytial virus prophylaxis: cost-effective analysis in Argentina (Structured abstract),,,,,118.83315670151069,4.0,1/2/01,?%?287-291,{G. BauerE. LaffaireL. BouzasC. GilliL. NovaliS. P. RodriguezD. FarinaH. Gonzalez}
872,691035.0,Behaviour change interventions to promote prescribing of generic drugs: a rapid evidence synthesis and systematic review.,%eng,Bmj Open,,2044-6055,,5.0,1/14/01,e??00#4623,{Thirimon Moe-ByrneDuncan ChambersMelissa HardenCatriona McDaid}
873,801512.0,Sex differences in pain.,eng,The Behavioral and brain sciences,Behav Brain Sci,,20.0,3.0,9/1/97,371-80; discussion 435-513,{K J Berkley}
874,121133.0,Preoperative radiotherapy for esophageal carcinoma,eng,,,,0.0,13.383348237683162,,Cd@@001$799,{M. WangG. StewartJ. F. TierneyG. SpilopoulosW. DuncanH. S. HansenZ. RhugangM. K. ParmarA. RousellB. LaunoisK. NygaardS. J. ArnottM. Gignoux}
875,82486.0,Robotic surgery in gynecology.,eng,Archives of gynecology and obstetrics,Arch. Gynecol. Obstet.,1432-0711,289.0,1.0,1/14/01,6-May,{Axel SchindelhauerPauline Wimberger}
876,136032.0,Cost-utility analysis of osteopathy in primary care: results from a pragmatic randomized controlled trial,eng,,,,21.0,0.0,1/4/01??,643-50 ST  - Cost-utility analysis of osteopathy in primary care: results from a pragmatic randomized controlled trial-,{D. RussellP. LinckR. HibbsI. RussellR. MuntzN. H. WilliamsB. C1  - Frn RCT-s_kningen CN  - Pubmed DA  - Dec DO  - 10.1093/fampra/cmh612 DP  - NLM ET  - 2004/11/09 HounsomeR. T. EdwardsC. Wilkinson}
877,131606.0,The cost of depression-complicated alcoholism: health-care utilization and treatment effectiveness,eng,,,,90.17477456356784,,1/1/93,138-52 ST  - The cost of depression-complicated alcoholism: health-care utilization and treatment effectiveness-,{E. M. CN  - PubMed DA  - Summer DP  - NLM ET  - 1993/07/01 BohligJ. A. Scott-LennoxR. D. Lennox}
878,448384.0,Are birth kits a good idea? A systematic review of the evidence.,,,,,0.0,0.0,,,{NULL}
879,57286.0,Differential functional connectivity within an emotion regulation neural network among individuals resilient and susceptible to the depressogenic effects of early life stress.,eng,P$sy??chological medicine,Psychol Med,1469-8978,43.0,15.966994027176222,1/13/03,507-18,{J M CislerT MletzkoC D KiltsS TripathiG A JamesX P HuC HeimC B NemeroffH S Mayberg}
880,622636.0,Nurturing students' interest in primary care research through summer training in meta-analysis.,eng,Academic Medicine: ??Journal Of The Association Of American Medical@@ Colleges,,1040-2446,76.0,,1/1/05,526,{L N Meurer}
881,,Obesity from cradle to grave.,eng,Nepal Medical College journal : NMCJ,,,27.0,6.0,1$/3/06,722-7,{T ForsnJ ErikssonC OsmondD Barker}
882,252990.0,Effects on prolongation of Bazett__s corrected QT interval of seven second-generation antipsychotics in the treatment of schizophrenia: A meta-analysis,,,,,25.0,26.48726431026597,1/11/01,646-666,{Albert K. K. ChungSiew-eng Chua}
883,861475.0,Cost-effectiveness of pharmacological and psychosocial interventions for schizophrenia (Structured abstract),,Cost Effectiveness and Resource Allocation,,1478-7547 (electronic),9.0,5.020087752894417,1/11/01,,{P. PhanthunaneM. BertramH. WhitefordT. Vos}
884,503159.0,Sports injuries of the ankle. [Japanese],,Nippon Seikeigeka Gakkai$ z#asshi,,,63.0,1.0,,146-160,{E Fujimaki}
885,325081.0,,,Basic Rights: Subsistence Affluence and U.S. Foreign Policy,,,0.0,0.0,1/1/96,,{H. Shue}
886,,Chronic heart failure: Current guideline recommendations and innovations. [German],German,,,,56.0,7.0,1/15/01,,{S. EwenF. MahfoudM. Bohm}
887,315951.0,[Procalcitonin as an early ma@@rker of$ sepsis],,,,,55.0,6.0,1/6/01,650-4,{O. ThuemerS. G. SakkaE. Huttemann}
888,98479.0,The ROX coupler: Creation of a fixed iliofemoral arteriovenous anastomosis for the treatment of systemic arterial hypertension exploiting the physical properties of the arterial vasculature.,ENG,Catheterization and cardiovascular interventions : official journal of the Society for Cardiac Angiography & Interventions,Catheter Cardiovasc Interv,,-5.750438008008016,-1.0,10@@/24@@/14,,{Adam WitkowskiAjay K JainIvan CasserlyDavid E KandzariDavid DeatonPaul A SobotkaJohn P ForanKrishna J Rocha-SinghBarry T KatzenPeter Balmforth}
889,673307.0,Downregulated E-cadherin expression indicates worse prognosis in Asian patients with colorectal cancer: evidence from meta-analysis.,eng,PLoS One,PloS one,1932-6203,8.0,7.0,1/13/01,e70858,{Zhigang ChenMinyue JiaXiaoying ZhaoXin He}
890,730754.0,Preoperative administration of tramadol continuous infusion reduces postoperative morphine requirements in patients undergoing surgery following femur fracture,English; ABSTRACT LANGUAGE:English,Pain practice,,,0.0,,1/9/01,153,{Anastasiou MTzortzopoulou AEmexidis TKoudouna EPouliou AVasilas N}
891,3888487.9575630445,A re-appraisal of screening for colour vision impairments,,Child: Care Heal??th & Dev%elopment,,0305-1862%$,23.0,5.0,1/1/97,391-398,{D. M. B. HallE. Holroyd}
892,246067.0,Comparison of different distal radius dorsal and volar fracture fixation plates: a biomechanical study,eng,J Hand Surg Am,The Journal of hand surgery,0363-5@@02$3,28.0,1.0,1/3$/0%1,94-104,
893,161814.0,Polycystic ovary syndrome (PCOS) and other androgen excess-related conditions: can changes in dietary intake make a difference?,eng,,,,23.0,0.0,1/8/01,63-71 ST  - Polycystic ovary syndrome (PCOS) and other androgen excess-related conditions: can changes in dietary intake make a difference?-,{A. SenguptaD. DA  - Feb DO  - 23/1/63 [pii] DP  - Nlm ET  - 2008/01/22 KarsiesG. U. Liepa}
894,8529.0,,eng,The European respiratory journal,Eur. Respir. J.,1399-3003,144.21506087518884,6.0,1/12/06,1468-74,{Gerard H KoppelmanJohan C de JongsteLiset E M ElstgeestHenri_tte A SmitUlrike GehringAnnemien Haveman-NiesMarjan KerkhofMarga B M BekkersAlet H WijgaSalome Scholtens}
895,198813.0,Shedding healt??h risks with bariatric weig#ht loss surgery,,,,,39.0,0.0,$#1/9/01,34-41 ST  - Shedding health risks with bariatric weight loss surgery-,{S. G. DB  - c8h DO  - 10.1097/01.NURSE.0000343454.35505.5a DP  - EBSCOhost Camden}
896,535901.0,Historical misrepresentation in science: the case of fetal alcohol syndrome,eng,Sci En$g Eth$ics,Science and engineering et??hics,1353-3452 (Print)     1353-3452,4.0,4.0,1/1/98,427-35,{S. N. PenningtonI. A. Shibley}
897,47981.83805920127,Effects of different antihypertensive drugs on plasma fibrinogen in hypertensive patients.,,British journal of clinical pharmacology,Br J Clin Pharmacol,0306-5251,39.0,5.0,1/1/95,471-6,{G VillaA ZoppiG D MalamaniG MarasiA VanasiaR Fogari}
898,162189.0,,eng,,,,90.0,0.0,1/5/01,1347-53 ST  - Significantly higher adrenocorticotropin-stimulated cortisol and 17-hydroxyprogesterone levels in 337 consecutive premenopausal caucasian hirsute patients compared with healthy controls-,{C. HagenK. BrusgaardM. DA  - Mar DO  - jc.2004-1214 [pii] 10.1210/jc.2004-1214 [doi] DP  - Nlm ET  - 2004/12/16 AndersenA. P. HermannJ. HangaardD. Glintborg}
899,434500.0,Too little but not too late: results of a literature review to improve routine immunization programs in developing countries,,,,,0.0,0.0,,,{NULL}
900,1057453.826691368,Outcomes among patients with end-stage liver disease who are coinfected with HIV and hepatitis C virus.,,Clinical infectious diseases : an official publication of the Infectious Diseases Society of America,Clin. Infect. Dis.,1537-6591,41.0,-1.0,1/5/07,S50-5,{Norah J ShireGuy W NeffSteven M Rudich}
901,6786.0,Phase II study to evaluate the safety and efficacy of the oral neurokinin-1 receptor antagonist casopitant (GW679769) administered with ondansetron for the prevention of postoperative and postdischarge nausea and vomiting in high-risk patients,,Anesthesiology,,22-Mar,113.0,4.66362770739833,1/10/01,74-82,@@{Demetrios J. KutsogiannisNeil K. Singla$Frances ChungStephen R. LaneJeremey LevinJoseph V.J. PergolizziBrendan JohnsonLinda BlackburnSonia K. Singla}
902,309274.0,Factors Predicting Success and Failure for Cervical Facet Radiofrequency Denervation: A Multi-Center Analysis,,,,,32.0,6.0,1/7/11,495-503,{Steven P. CohenGiselle McKnightKayode A. WilliamsJoshua StreamZahid H. BajwaJan J. KraemerRobert W. HurleyAnthony DragovichAnthony Sireci}
903,672671.0,Mediterranean diet and metabolic syndrome: an updated systematic review.,eng,Reviews in endocrine & metabolic disorders,Rev Endocr %Metab $Disord,1573-2606,14.0,3.0,1/13/09,255-63,{Demosthenes B PanagiotakosKatherine EspositoChristina-Maria KastoriniDario Giugliano}
904,819735.0,Immunotherapy for autoimmune autonomic ganglionopathy,En#??glish,Autonomic Neuroscience: Basic and Clinical,Auton.Neurosc.Basic Clin.,1566-0702,146.0,5.4575499421350795,1/9/01,22-25,{S. VerninoP.A. LowP. SandroniK. KimpinskiV. Iodice}
905,21599.0,Challenges in deactivating a total artificial heart for a patient with capacity.,eng,Chest,Chest,1931-3543,145.0,3.0,1/14/03,625-31,{Erik E SuarezBridget N FahyBrian A BrucknerCourtenay R BruceNathan G AllenHarvey L Gordon}
906,980682.0,Readmissions after hospital discharge with acute exacerbation of COPD: are we missing something?,,Hospital pra??ctice (1995)%,,,42.0,2.0,1/14/01,58-69,{W. SexauerM. S. KavuruU. VaidK. Gaurav}
907,547657.0,Read with Me! Examining the Effects of a Community Volunteer Reading Program on Preschoolers' Literacy Skills,,ProQuest LLC,,978-1-2673-2110-7,0.0,0.0,1/12/01,,{Cynthia J. Carson}
908,682676.0,Efficacy of continuation/maintenance electroconvulsive therapy for the prevention of recurrence of a major depressive episode in adults with unipolar depression: a systematic review.,eng,The journal of ECT,J ECT,1533-4112,30.0,3.0,1/14/09,195-202,{How LeeGreta G CummingsDaniel ScottE Denise Brown}
909,820238.0,,English,Integrative Physiological and Behavioral Science,Integr. Physiol. Behav. Sci.,1053881X (ISSN),40.0,1.0,1/5/01,16@@-Mar,{M. HeidenE. LyskovM. Barnekow-BergkvistM. Nakata}
910,82540.0,Body mass index and socioeconomic status measured in adolescence country of origin and the incidence of gastroesophageal adenocarcinoma in a cohort of 1 million men.,%e??ng,Cancer,Cancer,1097-0142,,23.0,1/13/12@@,4086-93,{Estela DerazneJeremy D KarkYaron NivLital Keinan-BokerAri ShamissIrena LiphshitzArnon AfekDorit TzurMoshe FurmanZohar Levi}
911,776189.0,Galphai generates multiple Pins activation states to link cortical polarity and spindle orientation in Drosophila neuroblasts,English,Proceedings of the National Academy of Sciences of the United States of America,Proc.Natl.Acad.Sci.U.S.A.,0027-8424,439.1668003911388,36.0,1/7/01,14306-14311,{R. W. NipperC. Q. DoeK. E. PrehodaK. H. SillerN. R. Smi#th}
912,422951.0,,eng,PLoS medicine,,,12.0,6.0,1/15/06,e1001835; discussion e1001835-e1001835; discussion e1001835,{Mehak BhatiaShaun K MorrisPrabhat JhaWilson SuraweeraJayadeep PatraCyril PatraPrakash C Gupta}
913,228622.0,Disordered eating acculturation and treatment-seeking in a community sample of Hispanic Asian Black and White women,English,Psychology of Women Quarterly,,0361-6843 Print 1471-6402 Electronic,24.0,,??1/1/00#,,{Ruth H. Striegel-MooreEmilia BarzegarnazariFary M. CachelinCatherine Veisel}
914,514759.0,Semi-automated scoring of pulmonary emphysema from X-ray CT: trainee reproducibility and accuracy.,eng,European journal of radiology,Eur J Radiol,1872-7727,82.0,11.0,1/13/11,e734-41,{Roya Etemad-RezaiAmir M OwrangiNabil HussainJack ChiuAndrew LuBrandon EntwistleGrace Parraga}
915,26216.0,The choice of whether to participate in a phase I clinical trial: increasing the awareness of patients with cancer. An exploratory study.,eng,Psycho-oncology,Psychooncology,1099-1611,23.0,3.0,1/14/03,322-9,
916,685560.1990777707,Study of high- and low-current-configuration homes from the 1988 Denver Childhood Cancer Study,,Bioelectromagnetics,Bioelectromagnetics,1521-186X,23.0,3.0,1/2/01,177-88,{T. DovanR. R. NeutraD. A. SavitzR. I. Kavet}
917,973603.0,Health services research methods: a guide to best practice,,,,,0.0,0.0,#1/1/98,,{N Black  Brazier J. & Fitzpatrick R.}
918,345575.0,,,Journal of @@the American College of Cardiology,J. Am. Coll. Cardiol.,155%8$-3597,56.0,10.0,8/31/10,813-20,{Tom GromannRoland HetzerAlexander MladenowThorsten DrewsSemih BuzAxel UnbehaunStephan DreysseMiralem PasicMarian Kukucka}
919,304082.0,An evaluation of ultrasound imaging for identification of lumbar intervertebral level.,eng,Anaesthesia,Anaesthesia,9-Mar,276.5306425447566,3.0,1/2/03,277-80,{M P ReillyS KuchiG Furness}
920,33728.0,Branching enzyme deficiency: expanding the clinical spectrum.,eng,JAMA neurology,JAMA Neurol,2168-6157,,1.0,1/14/01,Jul-41,{Salvatore DimauroCarolina IoneteHasan O AkmanCarmen ParadasDavid E JonesMichio HiranoPeter N RiskindThomas W SmithHeather Lau}
921,109595.0,[Blood insulin values after the oral glucose tolerance test (OGTT) and the body composition in 30 obese children].,ita,La Pediatria medica e chir%urgica : Medical ??and surgical pediatrics,,0391-5387,,5.0,9/1/94,471-3,{A LucianoG Zoppi}
922,772026.0,Study: Edoxaban safer alternative to warfarin for Afib patients,,Drug Topics,,,0.0,0.0,,,{Lowery M.}
923,424870.0,Budesonide/formoterol in a single inhaler sustains lung function improvements in COPD [Abstract],,European respiratory journa$l,,,22.0,0.0,1/3/01,P4#35$,{Thompson NCCalverley PMAOlsson H}
924,904168.0,Can moxibustion an ancient treatment modality be evaluated in a double-blind randomized controlled trial? -?? A narrative review,,J. Chin. Integr. Med.,,1672-1977,12.0,3.0,,,{Zhao B.-X.Lao L.Shen X.-Y.Chen H.-Y.}
925,916713.0,Amitriptyline minocycline and maropitant reduce the sevoflurane minimum alveolar concentration and potentiate remifentanil but do not prevent acute opioid tolera#nce and hyperalgesia in the rat: #a randomised laboratory study.,eng,European Journal Of Anaesthesiology,Eur J Anaesthesiol,1365-2346,32.0,13.59267421486287,%1/15/04,248-54,{Delia AguadoJavier BenitoIgnacio A G_mez de SeguraMariana AbreuJavier Garc_a-Fernndez}
926,819804.0,SUNCT syndrome: VIII. Pupillary reaction and corneal sensitivity,English,Functional Neurology,,0393-5264,8.0,6.0,1/1/93,409-414,
927,892141.0,Competencies for undergraduate community@@-based education for the health professions - A systematic revi#ew.,,Medical Teacher,,1466-187X Electronic 0142-159X Print,171.45425020674156,30.939138465687236,1/12/09,733-743,{Albert J.J.A.2 ScherpbierZahra1 LadhaniFred C.J.2 Stevens}
928,1458315.072774405,Efficacy immunogenicity and safety of a pentavalent human-bovine (WC3) reassortant rotavirus vaccine at the end of shelf life,,Pediatrics,,,119.0,1.0,,18-Nov,{Goveia M.G.Block S.L.Rivers S.B.Dallas M.J.Bauder J.Adeyi B.A.Vesikari T.Heaton P.M.Boslego J.W.}
929,729779.2736737048,Preferences and practices of Americans and their physicians in antihypertensive therapy,eng,,,,,0.0,$1/#1/86,,{H. E. CN  - PubMed DA  - Dec 31 DP  - NLM ET  - 1986/12/31 CotugnoJr. Gallup G.}
930,720526.0,Decision analysis for small asymptomatic intracranial arteriovenous malformations,,Neurosurgical Focus,Neurosurg,,11.0,5.0,1/1/01,e7,
931,,,eng,International journal of medical informatics,Int J Med Inform,,429.4960798923309,9.009188707824164,1/15/02,141-8,{Felipe Serro de SouzaNey Pecegueiro do AmaralCarlos Henrique MendesHilton Augusto KochVincenzo GiordanoAndr Bergamin}
932,83012.0,Type I and II endometrial cancers: have they different risk factors?,eng,,J. Clin. Oncol.,1527-7755,31.0,20.0,10/13/07,,{Chu ChenBrian L StromSusan E McCannHarvey A RischLingeng LuFulvio RicceriImmaculata De VivoAmanda B SpurdleSusan E HankinsonPamela J ThompsonCatherine SchairerHerbert YuRadhai RastogiJennifer DohertyCarlotta SacerdoteLaurence N KolonelMia M GaudetKim RobienMarc T GoodmanPiet A van den BrandtRobert A SoslowJolanta LissowskaAnthony B MillerKirsten B MoysichMontserrat Garcia-ClosasSilvia PolidoroLinda S CookKristin E AndersonRayna K MatsunoXiao-ou ShuPenelope M WebbKerry S CourneyaChristine M FriedenreichJo L FreudenheimYong-Bing XiangBrian E HendersonGalina LurieLeo J SchoutenTimothy R RebbeckAnthony M MaglioccoMalcolm C PikeLeslie BernsteinHannah P Yang[Collective Name] Australian National Endometrial Cancer Study GroupSara H OlsonPamela L Horn-RossMarjorie L McCulloughHoda Anton-CulverNoel S WeissJames R CerhanLouise A BrintonAlicja WolkJennifer PrescottXiaolin LiangThomas E RohanYikyung ParkNiclas HkanssonVeronica Wendy SetiawanJames V LaceyHui CaiNicolas WentzensenKoen van de Vijver}
933,438681.0,Should psychiatrists use atypical antipsychotics to treat nonpsychotic anxiety?.,,,,,0.0,0.0,,,{NULL}
934,317155.0,Predictors of intent#ion to adhere to physiotherapy among women with urinary incontinence.,,,,,0.0,0.0,,,{NULL}
935,1561765.946031699,Role of non-opioid analgesic techniques in the management of pain after ambulatory surgery,,,,,100.0,0.0,1/5/01,105-109,{P. F. White}
936,296269.0,Raised intracranial pressure following abdominal closure in a polytrauma patient.,eng,JRSM open,JRSM Open,20#54-2704,6.0,1.0,1/15/01,2.05E+015,{Mark H WilsonLiza ChackoSusan Hendrickson}
937,,Collaborative practice: development implementation and evaluation of a weaning protocol for patients receiving mechanical ventilation,eng,Am J Crit Care,,1062-3264 (Print)     1062-3264,12.0,5.0,1/3/01,454-60,{C. N. SesslerK. KeaneM. J. GrapD. StricklandS. LubinR. TownesP. DalbyJ. EmersonL. TormeyS. Winfield}
938,741988.0,Changes in lower esophageal sphincter pressure (LES) after Stamm gastrostomy,,J Surg Res#,The Journal of surgical research,0022-4804,42.0,5.0,1/1/87,570-4,{J. L. GrosfeldS. GotoG. P. GardnerD. F. CanalD. W. Vane}
939,589265.0,,eng,Clin Nutr,Clinical nutrition (Edinburgh Scotland),0261-5614,33.0,3.0,1/14/01,545-9,{E. Flores-GomezF. J. Basterra-GortariC. Sayon-OreaM. A. Martinez-GonzalezA. GeaM. Bes-Rastrollo}
940,931944.0,The expert patients programme online a 1-year study of an Internet-based self-management programme for people with long-term conditions,,C??hronic Illness,,,,4.0,1/8/01,247-256 10p,{P. L. RitterK. PlantD. D. LaurentK. R. LorigA. DostI. McNeil}
941,305933.0,Clinical course of patients with aspirin-exacerbated     respiratory disease: can we predict the prognosis?,English,,,,15.0,4.0,1/14/01,??449-457,{Choi GSKim JHPark HSYe YMKim SHK@@im JEJin HJ}
942,,Perineal endometriosis: a case report and review of the literature,eng,Tech Coloproctol,,1123-6337 (Print) 1123-6337,14.0,0.0,1/10/01,S25-7,{E. IdrizovicA. OdobasicL. DedicA. PasicM. DervisefendicE. Iljazovic-LatifagicA. OdobasicL. Arnautalic}
943,772745.0,Management of hemorrhage complicated by novel oral anticoagulants in the emergency department: Case report from the northwestern emergency medicine residency,,Am. J. Ther.,,-5990,20.0,3.0,,300-306,{Periyanayagam U.Pang P.S.Kiraly A.Lyde#n A.Chan J.}
944,683893.0,Improving %cognition by adherence t@@o physical or mental exercise: a moderated mediation analysis.,eng,Aging Ment Health,,1364-6915,15.0,4.0,1/11/05,,{Verena KlusmannIsabella HeuserAndrea EversRalf Schwarzer}
945,565442.5244878359,,,Journal of environmental monitoring : JEM,J Environ Monit,1464-0325,11.0,5.981465453366091,1/9/01,134-44,{Woo Young ParkDo Jin LeeJong Sir LimJong Soo HeoJeoung Yoon SeoRonald D. DeLauneJu Sik Cho}
946,97775.0,Posterior lumbar interbody fusion versus posterolateral fusion with instrumentation in the treatment of low-grade isthmic spondylolisthesis: midterm clinical outcomes,eng,,,,14.0,4.0,1/11/01,488-96,{H. CavusogluT. CanseverA. YilmazY. AydinH. A. GencA. M. MuslumanI. Colak}
947,740227.0,The Family Contract Game: Technique and case study,,Journal of Consulting and Clinical Psychology,,,44.0,,1/1/76,449-455,{Ann J. TurnerDavid H. L. OlsonCarole Y. SchornagelMary HalsdorfElaine A. Blechman}
948,449419.0,Inhibition of dxpression of VEGF in tumor cells by RNAi. [Chinese],,,,,0.0,0.0,,,{NULL}
949,456934.0,Same-Day Discharge After Percutaneous Coronary Intervention: A Meta-Analysis.,,,,,0.0,0.0,,,{NULL}
950,134738.0,Are stretches effective in the prevention and treatment of glenohu$meral internal rotation deficit?,,,,,58.54743731241546,0.0,1/12?%?/01,261-270 ST  - Are stretches effective in the prevention and treatment of glenohumeral internal rotation deficit?-,{Stuart CalverJulia NicholsRachel C1  - Frn systematiska _versikter -s_kningen CN  - Cinahl DB  - c8h DO  - 10.1179/1743288X12Y.0000000021 DP  - EBSCOhost Chester}
951,66579.0,Astaxanthin Inhibits JAK/STAT-3 Signaling to Abrogate Cell Proliferation Invasion and Angiogenesis in a Hamster Model of Oral Cancer.,eng,Pl$oS one,PLoS ONE,1932-6203,9.0,53.83438456952932,1/14/01,e109114,{Abdul Basit BabaJ KowshikG Deepak ReddyHemant GiriMadhulika DixitSiddavaram Nagini}
952,557824.0,Analysis of the cochrane review: Biomarkers as point-of-care tests to guide prescription of antibiotics in patients with acute respiratory infections in primary care. cochrane database syst rev. 201411:Cd10130,,,,,27.0,,,677-680,{P. AzevedoA. Vaz-CarneiroJ. Costa}
953,215820.0,Preval_ncia de bruxismo e dist_rbio do sono em deficientes visuais Prevalence of bruxism and sleep disorders in the visually impaired individuals,pt,,,,26.0,1.0,,159-166,{Ana Paula de Lima FerreiraMarcelo de Souza FigueiroaBrbara Bernardo Rinaldo da SilvaKtia Roberta Rapso Sales Lacerda}
954,658982.0,Diagnostic performance of body mass index to identify obesity as defined by body adiposity: a systematic review and meta-analysis.,eng,International journal of obesity (2005),Int J Obes @@(Lond),1476-5497,34.0,5.0,1/10/05,791-9,{M F JumeanP J ErwinV M MontoriF Lopez-JimenezA Romero-CorralV K SomersD O Okorodudu}
955,272806.0,Stress enhances retrieval of drug-related memories in abstinent heroin addicts,eng@@%,Neuropsychopharmacology,,08@@@@93-133X,35.0,3.0,1/10/01,720-6,
956,773090.0,Combined antiplatelet and anticoagulant therapy: Clinical benefits and risks,,J. Thromb. Haemost.,,1538-7933,5.0,0.0,,225-263,{Eikelboom J.W.Hirsh J.}
957,500618.0,Effects of control over office workspace on perceptions of the work environment and work outcomes,,Journal of Environmental Psychology,,0272-4944,25.0,3.0,1/5/01,323-333,{So Young LeeJay L. Brand}
958,385346.0,New concepts in predicting evaluating and managing neurodevelopmental outcomes in children with congenital heart disease.,eng,,Curr. Opin. Pediatr.,,25.0,5.0,1/13/10,574-84,{Bradley S Marino}
959,938092.0,,,A#nnals of internal medicine,Ann. Intern. Med.,,122.0,3.0,1/1/95,179-186,{R FernandezJ RelloN BonsomsA ArtigasJ MestreF BaigorriL BlanchD FontanalsJ Valles}
960,383183.0,Transport of infants with congenital heart disease.,eng,European journal of pediatrics,Eur. J. Pediatr.,143??2-#1076,174.0,5.0,1/15/05,703,{Althaf Ansary}
961,889260.0,Harmonizing Pain Outcome Measures: Results of the Pre-OMERACT Meeting on Partnerships for Consensus on Patient-important Pain Outcome Domains Between the Cochrane Musculoskeletal Group and OMERACT,,,,,42.0,10.0,1/15/01,1943-1946,{A. TaylorL. MaxwellV. StrandK. PhillipsP. S. TugwellU. $KaiserM. de WitL. GossecJ. A. SinghE. H. ??ChoyL. S. SimonR. OsteloP. J. MeaseP. G. Conaghan}
962,,Effects of Ginkgo biloba on haemostatic factors and inflammation in chronic peritoneal #dialysis patients.,eng,Phytotherapy research : PTR,Phytother Res,09%51-@@418X,19.0,6.0,1/5/06,5%??46-8,{Won Ki MinSoon Bae KimSu Hee KimJai Won ChangHyun Sook ChiEun Kyoung Lee}
963,209012.0,,,Gait & Posture,,0966-6362 DO  - http://dx.do%i.org/10.1016/j.gaitpost.2010.04.002,192.04079394807678,1.0,1/14/01,iii-v@@ii,{NULL}
964,961006.0,Antimalarial agents: Are we running out of options?,,Current Opinion in Infectious?? Disease$s,Curr.Opin.Infect.Dis.,0951-737$5,7.0,,1/1/94,701-707,
965,786558.0,A balancing act of the brain: activations and deactivations driven by cognitive load.,,Brain and behavior,Brain Behav,2162-3279,0.0,0.0,1/13/01,,{Taylor MJ Arsalidou M Pascual-Leone J Johnson J Morris D}
966,35875.0,18F-flumazenil: a _-aminobutyric acid A-specific PET radiotracer for the localization of $drug-resistant temporal lobe epilepsy.,eng,Journal of nuclear medicine : official publication Society of Nuclear Medicine,,1535-5667,54.0,8.0,1/13/08,1270-7,{David BinnsRobert E WareDamian E MyersMarie-Claude Gr@@egoireEddie W LauLucy VivashTerence J O'BrienViviane BouilleretMark J CookRodney J $HicksPeter Roselt}
967,4250691.941412778,[In vitro culture of cells from respiratory mucosa on foils of collagen poly-L-lactide (PLLA) and poly-3-hydroxy-butyrate (PHB)].,,#Laryngo- rhino- otologi#e,Laryngorhinootologie,0935-8943,82.0,10.0,1/3/10,693-9,{B KrampJ Ostwal%dS DommerichClaudia Nischa??n}
968,332926.0,Poverty is the main environmental factor for obesity in a Mexican-border city,,Journal of health care for the poor and underserved,J Health Care Poor Underserved,,24.0,2.0,1/13/01,556-65,{Montserrat Bacardi-GasconArturo Jimenez-CruzLidia M. Castaneda-Gonzalez}
969,109843.0,Growth hormone treatment and diabetes: survey of the kabi pharmacia international growth study.,eng,Acta paediatrica Scandinavica. Supplement,Acta Paediatr Scand Suppl,0300-8843,379.0,-1.0,1/1/91,104-7; discussion 108,
970,820688.0,The effects of 4-aminopyridine on neurological deficits in chronic cases of traumatic spinal cord injury in dogs: A phase I clinical trial,English,Journal of Neurotrauma,,,8.0,7.935394386145621,1/1/91,103-119,{J.P. ToombsM.S. BauerW.R. WidmerA.R. Blight}
971,817811.0,Yoga Spinal Flexion Positions and Vertebral Compression Fracture in Osteopenia or Osteoporosis of Spine: Case Series,English,Pain Practi%c%e,,,13.0,1.0,1/13/01,68@@-7@@5,
972,855970.0,Augmin-dependent microtubule nucleation at microtubule walls in the spindle,,JOURNAL OF CELL BIOLOGY,J Cell Biol,0021-9525,202.0,1.0,1/13/01,25-33,{S. KitaJ. R. McIntoshM. OsumiT. KamasakiG. GoshimaE. O'TooleJ. Usukura}
973,2818006.9260076242,[Pravastatin and acetylsalycilic acid fixed-combination: a strategy to improve cardiovascular outcomes].,fre,Am. J. Cardiovasc. Drugs,,1175-3277,,,1/7/01,11%-Sep,{Charles Hennekens}
974,482584.0,Functional conservation and divergence of J-domain-containing ZUO1/ZRF orthologs throughout evolution.,eng,Planta,Planta,1432-2048,239.0,6.0,1/14??/06,1159-73,{Chunlin LiuWen-Hui ShenYing RuanDong-Hong ChenYong Huang}
975,553088.0,Validity of International Classification of Diseases Ninth Revision Clinical Modification (ICD-9-CM) screening for sepsis in surgical mortalities.,,Surgical infections,,1557-8674,15.0,5.0,%1/14/10,513-6,{Catherine MaysRajesh RamanathanDale HarveyGregory StockslagerTherese M DuanePatricia Leavell}
976,575935.0,The association between urinary cortisol excretion and cardiovascular risk factors bone status and quality of life in the population.,eng,Steroids,Steroids,18@@78-5867#,101.0,-1.0,1/15/09,Jul-71,{Kerstin Landin-WilhelmsenG_ran Oler_dOskar RagnarssonPenelope Trimpou}
977,450760.0,The value of transurethral bladder biopsy after intravesical bacillus Calmette-Guerin instillation therapy for nonmuscle invasive bladder cancer: A retrospective single center study and cumulative analysis of the literature.,,,,,0.0,0.0,,,{NULL}
978,160121.0,Complicated skin and soft tissue infection.,eng,The Journal of antimicrobial chemotherapy,,1460-2091,65.0,-1.0,1/10/11,iii35-44,{Matthew S Dryden}
979,471093.0,,eng,GeneReviews(R),,,0.0,0.0,1/1/93,,{A. AmemiyaC. R. DolanH. H. ArdingerC. T. FongS. E. WallaceT. D. BirdK. StephensR. J. H. SmithM. P. AdamE. C. DelotL. J. H. BeanE. J. VilainR. A. Pagon}
980,84783.0,Mild endoplasmic reticulum stress augments the proinflammatory effect of IL-1_ in pancreatic rat _-cells via the IRE1/XBP1s pathway.,,Endocrinology,Endocrinology,1945-7170,153.0,7.0,1/12/$07,3017-28,{Michela MianiDecio L EizirikL@@aurence LadrireMaikel L ColliMiriam Cnop}
981,894794.0,<title>SPECCHIO: a free spectral data management and processing system</title>,,Proceedings of SPIE - The International Society for Optical Engineering,,,7457.0,0.0,1/9/08,74570A-74570A-@@9,{A. HueniPaul E. Kneubuehler M.     ED  - Shen Sylvia S.     ED  - Lewis}
982,481173.0,Operations for cervical incompetence,,Clin Obstet Gynecol,Clinical obstetrics and gynecology,0009-9201 (Print) 0009-9201,107.0481067010478,,1/1/86,240-54,{D. W. Branch}
983,946487.0,Effectiveness of measles vaccination and vitamin A treatment,eng,,International journal of epidemiology,0300-5771 (Print) 0300-5771,165.77339753447458,,1/10/01,i48-55,{A. M. NavarN. A. HalseyC. R. Sudfeld}
984,685456.0,Acute effects of different nutritional supplements on symptoms and functional capacity in patients with chronic obstructive pulmonary disease.,eng,Am J Clin Nutr,The American journal of clinical nutrition,Feb-65,73.0,2.0,1/1/02,295-301,{Z HofmanL H NelissenM A VermeerenA van LierE F WoutersA M Schols}
985,6028.0,,,Biol%ogy of Blood and Marrow# Transplantation,Biol.Blood Marrow Transplant.,1083-8791,,,,S331-,{A. FilipovichM. JordanS. DaviesR. MarshP. KhandelwalM. GrimleyS. ChandraA. KumarS. JodeleP.A. MehtaK. MyersJ. Bleesing}
986,245714.72760392068,Anaesthesia movement and emesis,,British Journal of Anaesthesia,Br.J.Anaesth.,0007-0912,0.0,6.0,1/1/90,,{Hawkey C.Gorbutt N.Guiblin H.Kong A.Beattie A.Curran J.Kamath B.}
987,558738.0,Antimicrobial susceptibility among Gram-positive organisms collected from pediatric patients globally between 2004 and 2011: results from the Tigecycline Evaluation and Surveillance Trial,,,,,51.0,7.0,1/13/01,Aug-71,{M. BrandonM. J. Dowzicky}
988,3863736.3622727757,Left ventricular hypertrophy predicts outcome of hypertension regardless of the type of ventricular arrhythmia present,eng,J Hum Hypertens,Journal of human hypertension,0950-9240 (Print) 0950-9240,13.0,9.0,1/1/99,617-23,{C. GruppiC. MedeirosC. D. FrimmM. CuriE. KriegerB. Trezza}
989,260738.0,Combined use of caudal bupivacaine and rectal diclofenac is not superior to the use of each analgesic regimen alone,,,,,104.9210912582511,0.0,1/5/01,63-66,{A. H. Samarkandi}
990,,Measurement of muscle architecture concurrently with muscle hardness using ultrasound strain elastography.,,Acta radiologica (Stockholm Sweden : 1987),Acta Radiol,,55.0,7.0,1/14/09,833-9,{Kentaro ChinoHideyuki TakahashiRyota AkagiMichiko Dohi}
991,752075.0,Energy and fat intakes of children and adolescents in the united states: data from the national health and nutrition examination surveys,,Am J% Clin #Nutr,The Americ@@an journal of cli%nical nutrition,Feb-65,72.0,22.133456141899693,1/1/00,,{R. P. TroianoM. D. CarrollR. R. BriefelK. Bialostosky}
992,670823.0,,%eng,American journal of respiratory and critical care medicine,Am. J. Respir. Crit. Care Med.,1535-4970,188.0,9.0,1/13/11,1147-60,{[Collective Name] American Thoracic Society Respiratory Impairment and Disability Evaluation GroupPhilip HarberMargaret C HaggertyChristopher G Slatore}
993,,Polymorphisms of the XPC gene may contribute to the risk of head and neck cancer: a meta-analysis.,,Tumour biology : the journal of the International Society for Oncodevelopmental Biology and Medici#ne,Tumour Biol.,1423-0380,35.0,22.361350187758507,,3917-31,{Xuejun ChenYang ZhangZufei LiQi ZhongWeiguo ZhouXiaohong ChenZhigang HuangJugao Fang}
994,426134.0,An evaluation of the effectiveness of recruitment methods: The staying well after depression randomized controlled trial,,CLINICAL TRIALS,,,11.0,2.0,1/14/01,141-149,{Danielle DugganJ. Mark G. WilliamsIsabelle Rudolf von RohrCatherine CraneAdele KruscheKate Muse}
995,255382.0,Campfire burns in children: an Australian experience.,eng,Burns : journal of the International Society for Burn Injuries,Burns,0305-4179@@,28.0,4.0,1/2/06,374-8,{John F FraserKelvin L ChooRoy M Kimble}
996,979472.0,Distribution of silicotic collagenization in relation to smoking habits,eng,Am Rev Respir Dis,The American review of respiratory disease,0003-0805 (Print) 0003-0805,144.0,2.0,1/1/91,297-301,{S. L. Lee$G. K. Sluis-CremerP. A. Hessel}
997,814758.0,Mega-ampere submicrosecond generator GIT-32,,Review of Scientific Instruments,,,78.0,3.0,,,{E. V. KumpyakV. N. KiselevA. V. KharlovV. V. ChupinA. V. MorozovB. M. KovalchukV. B. Zorin}
998,226417.0,Correct Performance of Pelvic Muscle Exercises in Women Reporting Prior Knowledge.,ENG,Female pelvic medicine & reconstructive surgery,Female Pelvic Med Reconstr Surg,,-1.0,-4.1582336020781065,10/27/14,,{Katharine O'DellPadma KandadaiJyot Saini}
999,968815.0,Long-term survival after liver first approach for locally advanced rectal cancer and synchronous liver metastases,English,International Journal of Colorectal Disease,,-20362.458378994535,26.0,9.0,1/11/01,1219-1220,{M. HeuerS. RadunzA. #PaulG. C. SotiropoulosZ. MatheT. TrarbachH. A. Baba}
1000,734259.0,Pharmacoeconomic #Evaluation of Tiotropium Bromide in the Long-Term Treatment of Chronic Obst??ructive Pulmonary Disease (COPD) in Italy,,European Journal of Health Economics,,,13.0,,1/12/01,71-80,{S. IannazzoM. MiravitllesL. PradelliO. Zaniolo}
