CMD: D:\programs\PythonPrograms\analyze_clusters\.venv\Scripts\python.exe GMM.py --alpha 0.2 --beta 0.5 --gamma 0.3 --trials 20
Return code: 0
--- STDOUT ---
All files saved in: D:\algorithm paper\clustering_pre\results\clustered_data\GMM\clustered_clean_rayyan
Program completed in 99.62 sec
[0m
--- STDERR ---
[I 2025-07-04 13:51:03,180] A new study created in memory with name: no-name-eb30db2a-443c-4ca1-999f-fe69b48252e7
D:\programs\PythonPrograms\analyze_clusters\.venv\lib\site-packages\sklearn\mixture\_base.py:269: ConvergenceWarning: Best performing initialization did not converge. Try different init parameters, or increase max_iter, tol, or check for degenerate data.
  warnings.warn(
D:\programs\PythonPrograms\analyze_clusters\.venv\lib\site-packages\sklearn\mixture\_base.py:269: ConvergenceWarning: Best performing initialization did not converge. Try different init parameters, or increase max_iter, tol, or check for degenerate data.
  warnings.warn(
D:\programs\PythonPrograms\analyze_clusters\.venv\lib\site-packages\sklearn\mixture\_base.py:269: ConvergenceWarning: Best performing initialization did not converge. Try different init parameters, or increase max_iter, tol, or check for degenerate data.
  warnings.warn(
D:\programs\PythonPrograms\analyze_clusters\.venv\lib\site-packages\sklearn\mixture\_base.py:269: ConvergenceWarning: Best performing initialization did not converge. Try different init parameters, or increase max_iter, tol, or check for degenerate data.
  warnings.warn(
D:\programs\PythonPrograms\analyze_clusters\.venv\lib\site-packages\sklearn\mixture\_base.py:269: ConvergenceWarning: Best performing initialization did not converge. Try different init parameters, or increase max_iter, tol, or check for degenerate data.
  warnings.warn(
D:\programs\PythonPrograms\analyze_clusters\.venv\lib\site-packages\sklearn\mixture\_base.py:269: ConvergenceWarning: Best performing initialization did not converge. Try different init parameters, or increase max_iter, tol, or check for degenerate data.
  warnings.warn(
D:\programs\PythonPrograms\analyze_clusters\.venv\lib\site-packages\sklearn\mixture\_base.py:269: ConvergenceWarning: Best performing initialization did not converge. Try different init parameters, or increase max_iter, tol, or check for degenerate data.
  warnings.warn(
D:\programs\PythonPrograms\analyze_clusters\.venv\lib\site-packages\sklearn\mixture\_base.py:269: ConvergenceWarning: Best performing initialization did not converge. Try different init parameters, or increase max_iter, tol, or check for degenerate data.
  warnings.warn(
D:\programs\PythonPrograms\analyze_clusters\.venv\lib\site-packages\sklearn\mixture\_base.py:269: ConvergenceWarning: Best performing initialization did not converge. Try different init parameters, or increase max_iter, tol, or check for degenerate data.
  warnings.warn(
D:\programs\PythonPrograms\analyze_clusters\.venv\lib\site-packages\sklearn\mixture\_base.py:269: ConvergenceWarning: Best performing initialization did not converge. Try different init parameters, or increase max_iter, tol, or check for degenerate data.
  warnings.warn(
D:\programs\PythonPrograms\analyze_clusters\.venv\lib\site-packages\sklearn\mixture\_base.py:269: ConvergenceWarning: Best performing initialization did not converge. Try different init parameters, or increase max_iter, tol, or check for degenerate data.
  warnings.warn(
D:\programs\PythonPrograms\analyze_clusters\.venv\lib\site-packages\sklearn\mixture\_base.py:269: ConvergenceWarning: Best performing initialization did not converge. Try different init parameters, or increase max_iter, tol, or check for degenerate data.
  warnings.warn(
D:\programs\PythonPrograms\analyze_clusters\.venv\lib\site-packages\sklearn\mixture\_base.py:269: ConvergenceWarning: Best performing initialization did not converge. Try different init parameters, or increase max_iter, tol, or check for degenerate data.
  warnings.warn(
D:\programs\PythonPrograms\analyze_clusters\.venv\lib\site-packages\sklearn\mixture\_base.py:269: ConvergenceWarning: Best performing initialization did not converge. Try different init parameters, or increase max_iter, tol, or check for degenerate data.
  warnings.warn(
D:\programs\PythonPrograms\analyze_clusters\.venv\lib\site-packages\sklearn\mixture\_base.py:269: ConvergenceWarning: Best performing initialization did not converge. Try different init parameters, or increase max_iter, tol, or check for degenerate data.
  warnings.warn(
D:\programs\PythonPrograms\analyze_clusters\.venv\lib\site-packages\sklearn\mixture\_base.py:269: ConvergenceWarning: Best performing initialization did not converge. Try different init parameters, or increase max_iter, tol, or check for degenerate data.
  warnings.warn(
D:\programs\PythonPrograms\analyze_clusters\.venv\lib\site-packages\sklearn\mixture\_base.py:269: ConvergenceWarning: Best performing initialization did not converge. Try different init parameters, or increase max_iter, tol, or check for degenerate data.
  warnings.warn(
D:\programs\PythonPrograms\analyze_clusters\.venv\lib\site-packages\sklearn\mixture\_base.py:269: ConvergenceWarning: Best performing initialization did not converge. Try different init parameters, or increase max_iter, tol, or check for degenerate data.
  warnings.warn(
D:\programs\PythonPrograms\analyze_clusters\.venv\lib\site-packages\sklearn\mixture\_base.py:269: ConvergenceWarning: Best performing initialization did not converge. Try different init parameters, or increase max_iter, tol, or check for degenerate data.
  warnings.warn(
D:\programs\PythonPrograms\analyze_clusters\.venv\lib\site-packages\sklearn\mixture\_base.py:269: ConvergenceWarning: Best performing initialization did not converge. Try different init parameters, or increase max_iter, tol, or check for degenerate data.
  warnings.warn(
D:\programs\PythonPrograms\analyze_clusters\.venv\lib\site-packages\sklearn\mixture\_base.py:269: ConvergenceWarning: Best performing initialization did not converge. Try different init parameters, or increase max_iter, tol, or check for degenerate data.
  warnings.warn(
D:\programs\PythonPrograms\analyze_clusters\.venv\lib\site-packages\sklearn\mixture\_base.py:269: ConvergenceWarning: Best performing initialization did not converge. Try different init parameters, or increase max_iter, tol, or check for degenerate data.
  warnings.warn(
D:\programs\PythonPrograms\analyze_clusters\.venv\lib\site-packages\sklearn\mixture\_base.py:269: ConvergenceWarning: Best performing initialization did not converge. Try different init parameters, or increase max_iter, tol, or check for degenerate data.
  warnings.warn(
D:\programs\PythonPrograms\analyze_clusters\.venv\lib\site-packages\sklearn\mixture\_base.py:269: ConvergenceWarning: Best performing initialization did not converge. Try different init parameters, or increase max_iter, tol, or check for degenerate data.
  warnings.warn(
D:\programs\PythonPrograms\analyze_clusters\.venv\lib\site-packages\sklearn\mixture\_base.py:269: ConvergenceWarning: Best performing initialization did not converge. Try different init parameters, or increase max_iter, tol, or check for degenerate data.
  warnings.warn(
D:\programs\PythonPrograms\analyze_clusters\.venv\lib\site-packages\sklearn\mixture\_base.py:269: ConvergenceWarning: Best performing initialization did not converge. Try different init parameters, or increase max_iter, tol, or check for degenerate data.
  warnings.warn(
D:\programs\PythonPrograms\analyze_clusters\.venv\lib\site-packages\sklearn\mixture\_base.py:269: ConvergenceWarning: Best performing initialization did not converge. Try different init parameters, or increase max_iter, tol, or check for degenerate data.
  warnings.warn(
D:\programs\PythonPrograms\analyze_clusters\.venv\lib\site-packages\sklearn\mixture\_base.py:269: ConvergenceWarning: Best performing initialization did not converge. Try different init parameters, or increase max_iter, tol, or check for degenerate data.
  warnings.warn(
D:\programs\PythonPrograms\analyze_clusters\.venv\lib\site-packages\sklearn\mixture\_base.py:269: ConvergenceWarning: Best performing initialization did not converge. Try different init parameters, or increase max_iter, tol, or check for degenerate data.
  warnings.warn(
D:\programs\PythonPrograms\analyze_clusters\.venv\lib\site-packages\sklearn\mixture\_base.py:269: ConvergenceWarning: Best performing initialization did not converge. Try different init parameters, or increase max_iter, tol, or check for degenerate data.
  warnings.warn(
D:\programs\PythonPrograms\analyze_clusters\.venv\lib\site-packages\sklearn\mixture\_base.py:269: ConvergenceWarning: Best performing initialization did not converge. Try different init parameters, or increase max_iter, tol, or check for degenerate data.
  warnings.warn(
D:\programs\PythonPrograms\analyze_clusters\.venv\lib\site-packages\sklearn\mixture\_base.py:269: ConvergenceWarning: Best performing initialization did not converge. Try different init parameters, or increase max_iter, tol, or check for degenerate data.
  warnings.warn(
D:\programs\PythonPrograms\analyze_clusters\.venv\lib\site-packages\sklearn\mixture\_base.py:269: ConvergenceWarning: Best performing initialization did not converge. Try different init parameters, or increase max_iter, tol, or check for degenerate data.
  warnings.warn(
D:\programs\PythonPrograms\analyze_clusters\.venv\lib\site-packages\sklearn\mixture\_base.py:269: ConvergenceWarning: Best performing initialization did not converge. Try different init parameters, or increase max_iter, tol, or check for degenerate data.
  warnings.warn(
D:\programs\PythonPrograms\analyze_clusters\.venv\lib\site-packages\sklearn\mixture\_base.py:269: ConvergenceWarning: Best performing initialization did not converge. Try different init parameters, or increase max_iter, tol, or check for degenerate data.
  warnings.warn(
D:\programs\PythonPrograms\analyze_clusters\.venv\lib\site-packages\sklearn\mixture\_base.py:269: ConvergenceWarning: Best performing initialization did not converge. Try different init parameters, or increase max_iter, tol, or check for degenerate data.
  warnings.warn(
D:\programs\PythonPrograms\analyze_clusters\.venv\lib\site-packages\sklearn\mixture\_base.py:269: ConvergenceWarning: Best performing initialization did not converge. Try different init parameters, or increase max_iter, tol, or check for degenerate data.
  warnings.warn(
[I 2025-07-04 13:51:04,205] Trial 0 finished with value: 1.0691697284370418 and parameters: {'n_components': 17, 'cov_type': 'spherical'}. Best is trial 0 with value: 1.0691697284370418.
D:\programs\PythonPrograms\analyze_clusters\.venv\lib\site-packages\sklearn\mixture\_base.py:269: ConvergenceWarning: Best performing initialization did not converge. Try different init parameters, or increase max_iter, tol, or check for degenerate data.
  warnings.warn(
D:\programs\PythonPrograms\analyze_clusters\.venv\lib\site-packages\sklearn\mixture\_base.py:269: ConvergenceWarning: Best performing initialization did not converge. Try different init parameters, or increase max_iter, tol, or check for degenerate data.
  warnings.warn(
D:\programs\PythonPrograms\analyze_clusters\.venv\lib\site-packages\sklearn\mixture\_base.py:269: ConvergenceWarning: Best performing initialization did not converge. Try different init parameters, or increase max_iter, tol, or check for degenerate data.
  warnings.warn(
D:\programs\PythonPrograms\analyze_clusters\.venv\lib\site-packages\sklearn\mixture\_base.py:269: ConvergenceWarning: Best performing initialization did not converge. Try different init parameters, or increase max_iter, tol, or check for degenerate data.
  warnings.warn(
D:\programs\PythonPrograms\analyze_clusters\.venv\lib\site-packages\sklearn\mixture\_base.py:269: ConvergenceWarning: Best performing initialization did not converge. Try different init parameters, or increase max_iter, tol, or check for degenerate data.
  warnings.warn(
D:\programs\PythonPrograms\analyze_clusters\.venv\lib\site-packages\sklearn\mixture\_base.py:269: ConvergenceWarning: Best performing initialization did not converge. Try different init parameters, or increase max_iter, tol, or check for degenerate data.
  warnings.warn(
D:\programs\PythonPrograms\analyze_clusters\.venv\lib\site-packages\sklearn\mixture\_base.py:269: ConvergenceWarning: Best performing initialization did not converge. Try different init parameters, or increase max_iter, tol, or check for degenerate data.
  warnings.warn(
D:\programs\PythonPrograms\analyze_clusters\.venv\lib\site-packages\sklearn\mixture\_base.py:269: ConvergenceWarning: Best performing initialization did not converge. Try different init parameters, or increase max_iter, tol, or check for degenerate data.
  warnings.warn(
D:\programs\PythonPrograms\analyze_clusters\.venv\lib\site-packages\sklearn\mixture\_base.py:269: ConvergenceWarning: Best performing initialization did not converge. Try different init parameters, or increase max_iter, tol, or check for degenerate data.
  warnings.warn(
D:\programs\PythonPrograms\analyze_clusters\.venv\lib\site-packages\sklearn\mixture\_base.py:269: ConvergenceWarning: Best performing initialization did not converge. Try different init parameters, or increase max_iter, tol, or check for degenerate data.
  warnings.warn(
D:\programs\PythonPrograms\analyze_clusters\.venv\lib\site-packages\sklearn\mixture\_base.py:269: ConvergenceWarning: Best performing initialization did not converge. Try different init parameters, or increase max_iter, tol, or check for degenerate data.
  warnings.warn(
[I 2025-07-04 13:51:04,752] Trial 1 finished with value: 0.695081471810231 and parameters: {'n_components': 16, 'cov_type': 'diag'}. Best is trial 0 with value: 1.0691697284370418.
D:\programs\PythonPrograms\analyze_clusters\.venv\lib\site-packages\sklearn\mixture\_base.py:269: ConvergenceWarning: Best performing initialization did not converge. Try different init parameters, or increase max_iter, tol, or check for degenerate data.
  warnings.warn(
D:\programs\PythonPrograms\analyze_clusters\.venv\lib\site-packages\sklearn\mixture\_base.py:269: ConvergenceWarning: Best performing initialization did not converge. Try different init parameters, or increase max_iter, tol, or check for degenerate data.
  warnings.warn(
D:\programs\PythonPrograms\analyze_clusters\.venv\lib\site-packages\sklearn\mixture\_base.py:269: ConvergenceWarning: Best performing initialization did not converge. Try different init parameters, or increase max_iter, tol, or check for degenerate data.
  warnings.warn(
D:\programs\PythonPrograms\analyze_clusters\.venv\lib\site-packages\sklearn\mixture\_base.py:269: ConvergenceWarning: Best performing initialization did not converge. Try different init parameters, or increase max_iter, tol, or check for degenerate data.
  warnings.warn(
D:\programs\PythonPrograms\analyze_clusters\.venv\lib\site-packages\sklearn\mixture\_base.py:269: ConvergenceWarning: Best performing initialization did not converge. Try different init parameters, or increase max_iter, tol, or check for degenerate data.
  warnings.warn(
D:\programs\PythonPrograms\analyze_clusters\.venv\lib\site-packages\sklearn\mixture\_base.py:269: ConvergenceWarning: Best performing initialization did not converge. Try different init parameters, or increase max_iter, tol, or check for degenerate data.
  warnings.warn(
D:\programs\PythonPrograms\analyze_clusters\.venv\lib\site-packages\sklearn\mixture\_base.py:269: ConvergenceWarning: Best performing initialization did not converge. Try different init parameters, or increase max_iter, tol, or check for degenerate data.
  warnings.warn(
D:\programs\PythonPrograms\analyze_clusters\.venv\lib\site-packages\sklearn\mixture\_base.py:269: ConvergenceWarning: Best performing initialization did not converge. Try different init parameters, or increase max_iter, tol, or check for degenerate data.
  warnings.warn(
D:\programs\PythonPrograms\analyze_clusters\.venv\lib\site-packages\sklearn\mixture\_base.py:269: ConvergenceWarning: Best performing initialization did not converge. Try different init parameters, or increase max_iter, tol, or check for degenerate data.
  warnings.warn(
D:\programs\PythonPrograms\analyze_clusters\.venv\lib\site-packages\sklearn\mixture\_base.py:269: ConvergenceWarning: Best performing initialization did not converge. Try different init parameters, or increase max_iter, tol, or check for degenerate data.
  warnings.warn(
D:\programs\PythonPrograms\analyze_clusters\.venv\lib\site-packages\sklearn\mixture\_base.py:269: ConvergenceWarning: Best performing initialization did not converge. Try different init parameters, or increase max_iter, tol, or check for degenerate data.
  warnings.warn(
D:\programs\PythonPrograms\analyze_clusters\.venv\lib\site-packages\sklearn\mixture\_base.py:269: ConvergenceWarning: Best performing initialization did not converge. Try different init parameters, or increase max_iter, tol, or check for degenerate data.
  warnings.warn(
[I 2025-07-04 13:51:05,761] Trial 2 finished with value: 0.6623730781365778 and parameters: {'n_components': 13, 'cov_type': 'full'}. Best is trial 0 with value: 1.0691697284370418.
D:\programs\PythonPrograms\analyze_clusters\.venv\lib\site-packages\sklearn\mixture\_base.py:269: ConvergenceWarning: Best performing initialization did not converge. Try different init parameters, or increase max_iter, tol, or check for degenerate data.
  warnings.warn(
[I 2025-07-04 13:51:06,474] Trial 3 finished with value: 1.2957497466936907 and parameters: {'n_components': 6, 'cov_type': 'tied'}. Best is trial 3 with value: 1.2957497466936907.
D:\programs\PythonPrograms\analyze_clusters\.venv\lib\site-packages\sklearn\mixture\_base.py:269: ConvergenceWarning: Best performing initialization did not converge. Try different init parameters, or increase max_iter, tol, or check for degenerate data.
  warnings.warn(
D:\programs\PythonPrograms\analyze_clusters\.venv\lib\site-packages\sklearn\mixture\_base.py:269: ConvergenceWarning: Best performing initialization did not converge. Try different init parameters, or increase max_iter, tol, or check for degenerate data.
  warnings.warn(
D:\programs\PythonPrograms\analyze_clusters\.venv\lib\site-packages\sklearn\mixture\_base.py:269: ConvergenceWarning: Best performing initialization did not converge. Try different init parameters, or increase max_iter, tol, or check for degenerate data.
  warnings.warn(
D:\programs\PythonPrograms\analyze_clusters\.venv\lib\site-packages\sklearn\mixture\_base.py:269: ConvergenceWarning: Best performing initialization did not converge. Try different init parameters, or increase max_iter, tol, or check for degenerate data.
  warnings.warn(
D:\programs\PythonPrograms\analyze_clusters\.venv\lib\site-packages\sklearn\mixture\_base.py:269: ConvergenceWarning: Best performing initialization did not converge. Try different init parameters, or increase max_iter, tol, or check for degenerate data.
  warnings.warn(
D:\programs\PythonPrograms\analyze_clusters\.venv\lib\site-packages\sklearn\mixture\_base.py:269: ConvergenceWarning: Best performing initialization did not converge. Try different init parameters, or increase max_iter, tol, or check for degenerate data.
  warnings.warn(
[I 2025-07-04 13:51:07,406] Trial 4 finished with value: 1.045690184508408 and parameters: {'n_components': 7, 'cov_type': 'full'}. Best is trial 3 with value: 1.2957497466936907.
D:\programs\PythonPrograms\analyze_clusters\.venv\lib\site-packages\sklearn\mixture\_base.py:269: ConvergenceWarning: Best performing initialization did not converge. Try different init parameters, or increase max_iter, tol, or check for degenerate data.
  warnings.warn(
D:\programs\PythonPrograms\analyze_clusters\.venv\lib\site-packages\sklearn\mixture\_base.py:269: ConvergenceWarning: Best performing initialization did not converge. Try different init parameters, or increase max_iter, tol, or check for degenerate data.
  warnings.warn(
D:\programs\PythonPrograms\analyze_clusters\.venv\lib\site-packages\sklearn\mixture\_base.py:269: ConvergenceWarning: Best performing initialization did not converge. Try different init parameters, or increase max_iter, tol, or check for degenerate data.
  warnings.warn(
D:\programs\PythonPrograms\analyze_clusters\.venv\lib\site-packages\sklearn\mixture\_base.py:269: ConvergenceWarning: Best performing initialization did not converge. Try different init parameters, or increase max_iter, tol, or check for degenerate data.
  warnings.warn(
D:\programs\PythonPrograms\analyze_clusters\.venv\lib\site-packages\sklearn\mixture\_base.py:269: ConvergenceWarning: Best performing initialization did not converge. Try different init parameters, or increase max_iter, tol, or check for degenerate data.
  warnings.warn(
D:\programs\PythonPrograms\analyze_clusters\.venv\lib\site-packages\sklearn\mixture\_base.py:269: ConvergenceWarning: Best performing initialization did not converge. Try different init parameters, or increase max_iter, tol, or check for degenerate data.
  warnings.warn(
D:\programs\PythonPrograms\analyze_clusters\.venv\lib\site-packages\sklearn\mixture\_base.py:269: ConvergenceWarning: Best performing initialization did not converge. Try different init parameters, or increase max_iter, tol, or check for degenerate data.
  warnings.warn(
D:\programs\PythonPrograms\analyze_clusters\.venv\lib\site-packages\sklearn\mixture\_base.py:269: ConvergenceWarning: Best performing initialization did not converge. Try different init parameters, or increase max_iter, tol, or check for degenerate data.
  warnings.warn(
[I 2025-07-04 13:51:09,699] Trial 5 finished with value: 1.3744656218404132 and parameters: {'n_components': 19, 'cov_type': 'tied'}. Best is trial 5 with value: 1.3744656218404132.
D:\programs\PythonPrograms\analyze_clusters\.venv\lib\site-packages\sklearn\mixture\_base.py:269: ConvergenceWarning: Best performing initialization did not converge. Try different init parameters, or increase max_iter, tol, or check for degenerate data.
  warnings.warn(
[I 2025-07-04 13:51:10,865] Trial 6 finished with value: 1.2957497466936907 and parameters: {'n_components': 6, 'cov_type': 'tied'}. Best is trial 5 with value: 1.3744656218404132.
D:\programs\PythonPrograms\analyze_clusters\.venv\lib\site-packages\sklearn\mixture\_base.py:269: ConvergenceWarning: Best performing initialization did not converge. Try different init parameters, or increase max_iter, tol, or check for degenerate data.
  warnings.warn(
D:\programs\PythonPrograms\analyze_clusters\.venv\lib\site-packages\sklearn\mixture\_base.py:269: ConvergenceWarning: Best performing initialization did not converge. Try different init parameters, or increase max_iter, tol, or check for degenerate data.
  warnings.warn(
D:\programs\PythonPrograms\analyze_clusters\.venv\lib\site-packages\sklearn\mixture\_base.py:269: ConvergenceWarning: Best performing initialization did not converge. Try different init parameters, or increase max_iter, tol, or check for degenerate data.
  warnings.warn(
D:\programs\PythonPrograms\analyze_clusters\.venv\lib\site-packages\sklearn\mixture\_base.py:269: ConvergenceWarning: Best performing initialization did not converge. Try different init parameters, or increase max_iter, tol, or check for degenerate data.
  warnings.warn(
D:\programs\PythonPrograms\analyze_clusters\.venv\lib\site-packages\sklearn\mixture\_base.py:269: ConvergenceWarning: Best performing initialization did not converge. Try different init parameters, or increase max_iter, tol, or check for degenerate data.
  warnings.warn(
D:\programs\PythonPrograms\analyze_clusters\.venv\lib\site-packages\sklearn\mixture\_base.py:269: ConvergenceWarning: Best performing initialization did not converge. Try different init parameters, or increase max_iter, tol, or check for degenerate data.
  warnings.warn(
D:\programs\PythonPrograms\analyze_clusters\.venv\lib\site-packages\sklearn\mixture\_base.py:269: ConvergenceWarning: Best performing initialization did not converge. Try different init parameters, or increase max_iter, tol, or check for degenerate data.
  warnings.warn(
D:\programs\PythonPrograms\analyze_clusters\.venv\lib\site-packages\sklearn\mixture\_base.py:269: ConvergenceWarning: Best performing initialization did not converge. Try different init parameters, or increase max_iter, tol, or check for degenerate data.
  warnings.warn(
D:\programs\PythonPrograms\analyze_clusters\.venv\lib\site-packages\sklearn\mixture\_base.py:269: ConvergenceWarning: Best performing initialization did not converge. Try different init parameters, or increase max_iter, tol, or check for degenerate data.
  warnings.warn(
D:\programs\PythonPrograms\analyze_clusters\.venv\lib\site-packages\sklearn\mixture\_base.py:269: ConvergenceWarning: Best performing initialization did not converge. Try different init parameters, or increase max_iter, tol, or check for degenerate data.
  warnings.warn(
D:\programs\PythonPrograms\analyze_clusters\.venv\lib\site-packages\sklearn\mixture\_base.py:269: ConvergenceWarning: Best performing initialization did not converge. Try different init parameters, or increase max_iter, tol, or check for degenerate data.
  warnings.warn(
D:\programs\PythonPrograms\analyze_clusters\.venv\lib\site-packages\sklearn\mixture\_base.py:269: ConvergenceWarning: Best performing initialization did not converge. Try different init parameters, or increase max_iter, tol, or check for degenerate data.
  warnings.warn(
D:\programs\PythonPrograms\analyze_clusters\.venv\lib\site-packages\sklearn\mixture\_base.py:269: ConvergenceWarning: Best performing initialization did not converge. Try different init parameters, or increase max_iter, tol, or check for degenerate data.
  warnings.warn(
D:\programs\PythonPrograms\analyze_clusters\.venv\lib\site-packages\sklearn\mixture\_base.py:269: ConvergenceWarning: Best performing initialization did not converge. Try different init parameters, or increase max_iter, tol, or check for degenerate data.
  warnings.warn(
D:\programs\PythonPrograms\analyze_clusters\.venv\lib\site-packages\sklearn\mixture\_base.py:269: ConvergenceWarning: Best performing initialization did not converge. Try different init parameters, or increase max_iter, tol, or check for degenerate data.
  warnings.warn(
D:\programs\PythonPrograms\analyze_clusters\.venv\lib\site-packages\sklearn\mixture\_base.py:269: ConvergenceWarning: Best performing initialization did not converge. Try different init parameters, or increase max_iter, tol, or check for degenerate data.
  warnings.warn(
D:\programs\PythonPrograms\analyze_clusters\.venv\lib\site-packages\sklearn\mixture\_base.py:269: ConvergenceWarning: Best performing initialization did not converge. Try different init parameters, or increase max_iter, tol, or check for degenerate data.
  warnings.warn(
[I 2025-07-04 13:51:17,266] Trial 7 finished with value: 0.9382033645804501 and parameters: {'n_components': 9, 'cov_type': 'full'}. Best is trial 5 with value: 1.3744656218404132.
D:\programs\PythonPrograms\analyze_clusters\.venv\lib\site-packages\sklearn\mixture\_base.py:269: ConvergenceWarning: Best performing initialization did not converge. Try different init parameters, or increase max_iter, tol, or check for degenerate data.
  warnings.warn(
D:\programs\PythonPrograms\analyze_clusters\.venv\lib\site-packages\sklearn\mixture\_base.py:269: ConvergenceWarning: Best performing initialization did not converge. Try different init parameters, or increase max_iter, tol, or check for degenerate data.
  warnings.warn(
D:\programs\PythonPrograms\analyze_clusters\.venv\lib\site-packages\sklearn\mixture\_base.py:269: ConvergenceWarning: Best performing initialization did not converge. Try different init parameters, or increase max_iter, tol, or check for degenerate data.
  warnings.warn(
[I 2025-07-04 13:51:18,512] Trial 8 finished with value: 1.2526422127682497 and parameters: {'n_components': 9, 'cov_type': 'tied'}. Best is trial 5 with value: 1.3744656218404132.
D:\programs\PythonPrograms\analyze_clusters\.venv\lib\site-packages\sklearn\mixture\_base.py:269: ConvergenceWarning: Best performing initialization did not converge. Try different init parameters, or increase max_iter, tol, or check for degenerate data.
  warnings.warn(
D:\programs\PythonPrograms\analyze_clusters\.venv\lib\site-packages\sklearn\mixture\_base.py:269: ConvergenceWarning: Best performing initialization did not converge. Try different init parameters, or increase max_iter, tol, or check for degenerate data.
  warnings.warn(
D:\programs\PythonPrograms\analyze_clusters\.venv\lib\site-packages\sklearn\mixture\_base.py:269: ConvergenceWarning: Best performing initialization did not converge. Try different init parameters, or increase max_iter, tol, or check for degenerate data.
  warnings.warn(
D:\programs\PythonPrograms\analyze_clusters\.venv\lib\site-packages\sklearn\mixture\_base.py:269: ConvergenceWarning: Best performing initialization did not converge. Try different init parameters, or increase max_iter, tol, or check for degenerate data.
  warnings.warn(
D:\programs\PythonPrograms\analyze_clusters\.venv\lib\site-packages\sklearn\mixture\_base.py:269: ConvergenceWarning: Best performing initialization did not converge. Try different init parameters, or increase max_iter, tol, or check for degenerate data.
  warnings.warn(
D:\programs\PythonPrograms\analyze_clusters\.venv\lib\site-packages\sklearn\mixture\_base.py:269: ConvergenceWarning: Best performing initialization did not converge. Try different init parameters, or increase max_iter, tol, or check for degenerate data.
  warnings.warn(
D:\programs\PythonPrograms\analyze_clusters\.venv\lib\site-packages\sklearn\mixture\_base.py:269: ConvergenceWarning: Best performing initialization did not converge. Try different init parameters, or increase max_iter, tol, or check for degenerate data.
  warnings.warn(
D:\programs\PythonPrograms\analyze_clusters\.venv\lib\site-packages\sklearn\mixture\_base.py:269: ConvergenceWarning: Best performing initialization did not converge. Try different init parameters, or increase max_iter, tol, or check for degenerate data.
  warnings.warn(
D:\programs\PythonPrograms\analyze_clusters\.venv\lib\site-packages\sklearn\mixture\_base.py:269: ConvergenceWarning: Best performing initialization did not converge. Try different init parameters, or increase max_iter, tol, or check for degenerate data.
  warnings.warn(
D:\programs\PythonPrograms\analyze_clusters\.venv\lib\site-packages\sklearn\mixture\_base.py:269: ConvergenceWarning: Best performing initialization did not converge. Try different init parameters, or increase max_iter, tol, or check for degenerate data.
  warnings.warn(
[I 2025-07-04 13:51:19,491] Trial 9 finished with value: 0.7334222515801396 and parameters: {'n_components': 14, 'cov_type': 'diag'}. Best is trial 5 with value: 1.3744656218404132.
D:\programs\PythonPrograms\analyze_clusters\.venv\lib\site-packages\sklearn\mixture\_base.py:269: ConvergenceWarning: Best performing initialization did not converge. Try different init parameters, or increase max_iter, tol, or check for degenerate data.
  warnings.warn(
D:\programs\PythonPrograms\analyze_clusters\.venv\lib\site-packages\sklearn\mixture\_base.py:269: ConvergenceWarning: Best performing initialization did not converge. Try different init parameters, or increase max_iter, tol, or check for degenerate data.
  warnings.warn(
D:\programs\PythonPrograms\analyze_clusters\.venv\lib\site-packages\sklearn\mixture\_base.py:269: ConvergenceWarning: Best performing initialization did not converge. Try different init parameters, or increase max_iter, tol, or check for degenerate data.
  warnings.warn(
D:\programs\PythonPrograms\analyze_clusters\.venv\lib\site-packages\sklearn\mixture\_base.py:269: ConvergenceWarning: Best performing initialization did not converge. Try different init parameters, or increase max_iter, tol, or check for degenerate data.
  warnings.warn(
D:\programs\PythonPrograms\analyze_clusters\.venv\lib\site-packages\sklearn\mixture\_base.py:269: ConvergenceWarning: Best performing initialization did not converge. Try different init parameters, or increase max_iter, tol, or check for degenerate data.
  warnings.warn(
D:\programs\PythonPrograms\analyze_clusters\.venv\lib\site-packages\sklearn\mixture\_base.py:269: ConvergenceWarning: Best performing initialization did not converge. Try different init parameters, or increase max_iter, tol, or check for degenerate data.
  warnings.warn(
D:\programs\PythonPrograms\analyze_clusters\.venv\lib\site-packages\sklearn\mixture\_base.py:269: ConvergenceWarning: Best performing initialization did not converge. Try different init parameters, or increase max_iter, tol, or check for degenerate data.
  warnings.warn(
D:\programs\PythonPrograms\analyze_clusters\.venv\lib\site-packages\sklearn\mixture\_base.py:269: ConvergenceWarning: Best performing initialization did not converge. Try different init parameters, or increase max_iter, tol, or check for degenerate data.
  warnings.warn(
D:\programs\PythonPrograms\analyze_clusters\.venv\lib\site-packages\sklearn\mixture\_base.py:269: ConvergenceWarning: Best performing initialization did not converge. Try different init parameters, or increase max_iter, tol, or check for degenerate data.
  warnings.warn(
D:\programs\PythonPrograms\analyze_clusters\.venv\lib\site-packages\sklearn\mixture\_base.py:269: ConvergenceWarning: Best performing initialization did not converge. Try different init parameters, or increase max_iter, tol, or check for degenerate data.
  warnings.warn(
D:\programs\PythonPrograms\analyze_clusters\.venv\lib\site-packages\sklearn\mixture\_base.py:269: ConvergenceWarning: Best performing initialization did not converge. Try different init parameters, or increase max_iter, tol, or check for degenerate data.
  warnings.warn(
D:\programs\PythonPrograms\analyze_clusters\.venv\lib\site-packages\sklearn\mixture\_base.py:269: ConvergenceWarning: Best performing initialization did not converge. Try different init parameters, or increase max_iter, tol, or check for degenerate data.
  warnings.warn(
D:\programs\PythonPrograms\analyze_clusters\.venv\lib\site-packages\sklearn\mixture\_base.py:269: ConvergenceWarning: Best performing initialization did not converge. Try different init parameters, or increase max_iter, tol, or check for degenerate data.
  warnings.warn(
[I 2025-07-04 13:51:20,992] Trial 10 finished with value: 1.313548109813023 and parameters: {'n_components': 19, 'cov_type': 'spherical'}. Best is trial 5 with value: 1.3744656218404132.
D:\programs\PythonPrograms\analyze_clusters\.venv\lib\site-packages\sklearn\mixture\_base.py:269: ConvergenceWarning: Best performing initialization did not converge. Try different init parameters, or increase max_iter, tol, or check for degenerate data.
  warnings.warn(
D:\programs\PythonPrograms\analyze_clusters\.venv\lib\site-packages\sklearn\mixture\_base.py:269: ConvergenceWarning: Best performing initialization did not converge. Try different init parameters, or increase max_iter, tol, or check for degenerate data.
  warnings.warn(
D:\programs\PythonPrograms\analyze_clusters\.venv\lib\site-packages\sklearn\mixture\_base.py:269: ConvergenceWarning: Best performing initialization did not converge. Try different init parameters, or increase max_iter, tol, or check for degenerate data.
  warnings.warn(
D:\programs\PythonPrograms\analyze_clusters\.venv\lib\site-packages\sklearn\mixture\_base.py:269: ConvergenceWarning: Best performing initialization did not converge. Try different init parameters, or increase max_iter, tol, or check for degenerate data.
  warnings.warn(
D:\programs\PythonPrograms\analyze_clusters\.venv\lib\site-packages\sklearn\mixture\_base.py:269: ConvergenceWarning: Best performing initialization did not converge. Try different init parameters, or increase max_iter, tol, or check for degenerate data.
  warnings.warn(
D:\programs\PythonPrograms\analyze_clusters\.venv\lib\site-packages\sklearn\mixture\_base.py:269: ConvergenceWarning: Best performing initialization did not converge. Try different init parameters, or increase max_iter, tol, or check for degenerate data.
  warnings.warn(
D:\programs\PythonPrograms\analyze_clusters\.venv\lib\site-packages\sklearn\mixture\_base.py:269: ConvergenceWarning: Best performing initialization did not converge. Try different init parameters, or increase max_iter, tol, or check for degenerate data.
  warnings.warn(
D:\programs\PythonPrograms\analyze_clusters\.venv\lib\site-packages\sklearn\mixture\_base.py:269: ConvergenceWarning: Best performing initialization did not converge. Try different init parameters, or increase max_iter, tol, or check for degenerate data.
  warnings.warn(
D:\programs\PythonPrograms\analyze_clusters\.venv\lib\site-packages\sklearn\mixture\_base.py:269: ConvergenceWarning: Best performing initialization did not converge. Try different init parameters, or increase max_iter, tol, or check for degenerate data.
  warnings.warn(
D:\programs\PythonPrograms\analyze_clusters\.venv\lib\site-packages\sklearn\mixture\_base.py:269: ConvergenceWarning: Best performing initialization did not converge. Try different init parameters, or increase max_iter, tol, or check for degenerate data.
  warnings.warn(
D:\programs\PythonPrograms\analyze_clusters\.venv\lib\site-packages\sklearn\mixture\_base.py:269: ConvergenceWarning: Best performing initialization did not converge. Try different init parameters, or increase max_iter, tol, or check for degenerate data.
  warnings.warn(
D:\programs\PythonPrograms\analyze_clusters\.venv\lib\site-packages\sklearn\mixture\_base.py:269: ConvergenceWarning: Best performing initialization did not converge. Try different init parameters, or increase max_iter, tol, or check for degenerate data.
  warnings.warn(
D:\programs\PythonPrograms\analyze_clusters\.venv\lib\site-packages\sklearn\mixture\_base.py:269: ConvergenceWarning: Best performing initialization did not converge. Try different init parameters, or increase max_iter, tol, or check for degenerate data.
  warnings.warn(
[I 2025-07-04 13:51:23,074] Trial 11 finished with value: 1.313548109813023 and parameters: {'n_components': 19, 'cov_type': 'spherical'}. Best is trial 5 with value: 1.3744656218404132.
D:\programs\PythonPrograms\analyze_clusters\.venv\lib\site-packages\sklearn\mixture\_base.py:269: ConvergenceWarning: Best performing initialization did not converge. Try different init parameters, or increase max_iter, tol, or check for degenerate data.
  warnings.warn(
D:\programs\PythonPrograms\analyze_clusters\.venv\lib\site-packages\sklearn\mixture\_base.py:269: ConvergenceWarning: Best performing initialization did not converge. Try different init parameters, or increase max_iter, tol, or check for degenerate data.
  warnings.warn(
D:\programs\PythonPrograms\analyze_clusters\.venv\lib\site-packages\sklearn\mixture\_base.py:269: ConvergenceWarning: Best performing initialization did not converge. Try different init parameters, or increase max_iter, tol, or check for degenerate data.
  warnings.warn(
D:\programs\PythonPrograms\analyze_clusters\.venv\lib\site-packages\sklearn\mixture\_base.py:269: ConvergenceWarning: Best performing initialization did not converge. Try different init parameters, or increase max_iter, tol, or check for degenerate data.
  warnings.warn(
D:\programs\PythonPrograms\analyze_clusters\.venv\lib\site-packages\sklearn\mixture\_base.py:269: ConvergenceWarning: Best performing initialization did not converge. Try different init parameters, or increase max_iter, tol, or check for degenerate data.
  warnings.warn(
D:\programs\PythonPrograms\analyze_clusters\.venv\lib\site-packages\sklearn\mixture\_base.py:269: ConvergenceWarning: Best performing initialization did not converge. Try different init parameters, or increase max_iter, tol, or check for degenerate data.
  warnings.warn(
D:\programs\PythonPrograms\analyze_clusters\.venv\lib\site-packages\sklearn\mixture\_base.py:269: ConvergenceWarning: Best performing initialization did not converge. Try different init parameters, or increase max_iter, tol, or check for degenerate data.
  warnings.warn(
D:\programs\PythonPrograms\analyze_clusters\.venv\lib\site-packages\sklearn\mixture\_base.py:269: ConvergenceWarning: Best performing initialization did not converge. Try different init parameters, or increase max_iter, tol, or check for degenerate data.
  warnings.warn(
D:\programs\PythonPrograms\analyze_clusters\.venv\lib\site-packages\sklearn\mixture\_base.py:269: ConvergenceWarning: Best performing initialization did not converge. Try different init parameters, or increase max_iter, tol, or check for degenerate data.
  warnings.warn(
D:\programs\PythonPrograms\analyze_clusters\.venv\lib\site-packages\sklearn\mixture\_base.py:269: ConvergenceWarning: Best performing initialization did not converge. Try different init parameters, or increase max_iter, tol, or check for degenerate data.
  warnings.warn(
D:\programs\PythonPrograms\analyze_clusters\.venv\lib\site-packages\sklearn\mixture\_base.py:269: ConvergenceWarning: Best performing initialization did not converge. Try different init parameters, or increase max_iter, tol, or check for degenerate data.
  warnings.warn(
D:\programs\PythonPrograms\analyze_clusters\.venv\lib\site-packages\sklearn\mixture\_base.py:269: ConvergenceWarning: Best performing initialization did not converge. Try different init parameters, or increase max_iter, tol, or check for degenerate data.
  warnings.warn(
D:\programs\PythonPrograms\analyze_clusters\.venv\lib\site-packages\sklearn\mixture\_base.py:269: ConvergenceWarning: Best performing initialization did not converge. Try different init parameters, or increase max_iter, tol, or check for degenerate data.
  warnings.warn(
[I 2025-07-04 13:51:25,310] Trial 12 finished with value: 1.313548109813023 and parameters: {'n_components': 19, 'cov_type': 'spherical'}. Best is trial 5 with value: 1.3744656218404132.
D:\programs\PythonPrograms\analyze_clusters\.venv\lib\site-packages\sklearn\mixture\_base.py:269: ConvergenceWarning: Best performing initialization did not converge. Try different init parameters, or increase max_iter, tol, or check for degenerate data.
  warnings.warn(
D:\programs\PythonPrograms\analyze_clusters\.venv\lib\site-packages\sklearn\mixture\_base.py:269: ConvergenceWarning: Best performing initialization did not converge. Try different init parameters, or increase max_iter, tol, or check for degenerate data.
  warnings.warn(
D:\programs\PythonPrograms\analyze_clusters\.venv\lib\site-packages\sklearn\mixture\_base.py:269: ConvergenceWarning: Best performing initialization did not converge. Try different init parameters, or increase max_iter, tol, or check for degenerate data.
  warnings.warn(
D:\programs\PythonPrograms\analyze_clusters\.venv\lib\site-packages\sklearn\mixture\_base.py:269: ConvergenceWarning: Best performing initialization did not converge. Try different init parameters, or increase max_iter, tol, or check for degenerate data.
  warnings.warn(
D:\programs\PythonPrograms\analyze_clusters\.venv\lib\site-packages\sklearn\mixture\_base.py:269: ConvergenceWarning: Best performing initialization did not converge. Try different init parameters, or increase max_iter, tol, or check for degenerate data.
  warnings.warn(
D:\programs\PythonPrograms\analyze_clusters\.venv\lib\site-packages\sklearn\mixture\_base.py:269: ConvergenceWarning: Best performing initialization did not converge. Try different init parameters, or increase max_iter, tol, or check for degenerate data.
  warnings.warn(
D:\programs\PythonPrograms\analyze_clusters\.venv\lib\site-packages\sklearn\mixture\_base.py:269: ConvergenceWarning: Best performing initialization did not converge. Try different init parameters, or increase max_iter, tol, or check for degenerate data.
  warnings.warn(
[I 2025-07-04 13:51:27,551] Trial 13 finished with value: 1.2291250559467992 and parameters: {'n_components': 16, 'cov_type': 'tied'}. Best is trial 5 with value: 1.3744656218404132.
D:\programs\PythonPrograms\analyze_clusters\.venv\lib\site-packages\sklearn\mixture\_base.py:269: ConvergenceWarning: Best performing initialization did not converge. Try different init parameters, or increase max_iter, tol, or check for degenerate data.
  warnings.warn(
D:\programs\PythonPrograms\analyze_clusters\.venv\lib\site-packages\sklearn\mixture\_base.py:269: ConvergenceWarning: Best performing initialization did not converge. Try different init parameters, or increase max_iter, tol, or check for degenerate data.
  warnings.warn(
D:\programs\PythonPrograms\analyze_clusters\.venv\lib\site-packages\sklearn\mixture\_base.py:269: ConvergenceWarning: Best performing initialization did not converge. Try different init parameters, or increase max_iter, tol, or check for degenerate data.
  warnings.warn(
D:\programs\PythonPrograms\analyze_clusters\.venv\lib\site-packages\sklearn\mixture\_base.py:269: ConvergenceWarning: Best performing initialization did not converge. Try different init parameters, or increase max_iter, tol, or check for degenerate data.
  warnings.warn(
D:\programs\PythonPrograms\analyze_clusters\.venv\lib\site-packages\sklearn\mixture\_base.py:269: ConvergenceWarning: Best performing initialization did not converge. Try different init parameters, or increase max_iter, tol, or check for degenerate data.
  warnings.warn(
D:\programs\PythonPrograms\analyze_clusters\.venv\lib\site-packages\sklearn\mixture\_base.py:269: ConvergenceWarning: Best performing initialization did not converge. Try different init parameters, or increase max_iter, tol, or check for degenerate data.
  warnings.warn(
D:\programs\PythonPrograms\analyze_clusters\.venv\lib\site-packages\sklearn\mixture\_base.py:269: ConvergenceWarning: Best performing initialization did not converge. Try different init parameters, or increase max_iter, tol, or check for degenerate data.
  warnings.warn(
D:\programs\PythonPrograms\analyze_clusters\.venv\lib\site-packages\sklearn\mixture\_base.py:269: ConvergenceWarning: Best performing initialization did not converge. Try different init parameters, or increase max_iter, tol, or check for degenerate data.
  warnings.warn(
D:\programs\PythonPrograms\analyze_clusters\.venv\lib\site-packages\sklearn\mixture\_base.py:269: ConvergenceWarning: Best performing initialization did not converge. Try different init parameters, or increase max_iter, tol, or check for degenerate data.
  warnings.warn(
D:\programs\PythonPrograms\analyze_clusters\.venv\lib\site-packages\sklearn\mixture\_base.py:269: ConvergenceWarning: Best performing initialization did not converge. Try different init parameters, or increase max_iter, tol, or check for degenerate data.
  warnings.warn(
D:\programs\PythonPrograms\analyze_clusters\.venv\lib\site-packages\sklearn\mixture\_base.py:269: ConvergenceWarning: Best performing initialization did not converge. Try different init parameters, or increase max_iter, tol, or check for degenerate data.
  warnings.warn(
D:\programs\PythonPrograms\analyze_clusters\.venv\lib\site-packages\sklearn\mixture\_base.py:269: ConvergenceWarning: Best performing initialization did not converge. Try different init parameters, or increase max_iter, tol, or check for degenerate data.
  warnings.warn(
D:\programs\PythonPrograms\analyze_clusters\.venv\lib\site-packages\sklearn\mixture\_base.py:269: ConvergenceWarning: Best performing initialization did not converge. Try different init parameters, or increase max_iter, tol, or check for degenerate data.
  warnings.warn(
[I 2025-07-04 13:51:30,161] Trial 14 finished with value: 1.313548109813023 and parameters: {'n_components': 19, 'cov_type': 'spherical'}. Best is trial 5 with value: 1.3744656218404132.
D:\programs\PythonPrograms\analyze_clusters\.venv\lib\site-packages\sklearn\mixture\_base.py:269: ConvergenceWarning: Best performing initialization did not converge. Try different init parameters, or increase max_iter, tol, or check for degenerate data.
  warnings.warn(
D:\programs\PythonPrograms\analyze_clusters\.venv\lib\site-packages\sklearn\mixture\_base.py:269: ConvergenceWarning: Best performing initialization did not converge. Try different init parameters, or increase max_iter, tol, or check for degenerate data.
  warnings.warn(
D:\programs\PythonPrograms\analyze_clusters\.venv\lib\site-packages\sklearn\mixture\_base.py:269: ConvergenceWarning: Best performing initialization did not converge. Try different init parameters, or increase max_iter, tol, or check for degenerate data.
  warnings.warn(
D:\programs\PythonPrograms\analyze_clusters\.venv\lib\site-packages\sklearn\mixture\_base.py:269: ConvergenceWarning: Best performing initialization did not converge. Try different init parameters, or increase max_iter, tol, or check for degenerate data.
  warnings.warn(
D:\programs\PythonPrograms\analyze_clusters\.venv\lib\site-packages\sklearn\mixture\_base.py:269: ConvergenceWarning: Best performing initialization did not converge. Try different init parameters, or increase max_iter, tol, or check for degenerate data.
  warnings.warn(
D:\programs\PythonPrograms\analyze_clusters\.venv\lib\site-packages\sklearn\mixture\_base.py:269: ConvergenceWarning: Best performing initialization did not converge. Try different init parameters, or increase max_iter, tol, or check for degenerate data.
  warnings.warn(
D:\programs\PythonPrograms\analyze_clusters\.venv\lib\site-packages\sklearn\mixture\_base.py:269: ConvergenceWarning: Best performing initialization did not converge. Try different init parameters, or increase max_iter, tol, or check for degenerate data.
  warnings.warn(
D:\programs\PythonPrograms\analyze_clusters\.venv\lib\site-packages\sklearn\mixture\_base.py:269: ConvergenceWarning: Best performing initialization did not converge. Try different init parameters, or increase max_iter, tol, or check for degenerate data.
  warnings.warn(
D:\programs\PythonPrograms\analyze_clusters\.venv\lib\site-packages\sklearn\mixture\_base.py:269: ConvergenceWarning: Best performing initialization did not converge. Try different init parameters, or increase max_iter, tol, or check for degenerate data.
  warnings.warn(
D:\programs\PythonPrograms\analyze_clusters\.venv\lib\site-packages\sklearn\mixture\_base.py:269: ConvergenceWarning: Best performing initialization did not converge. Try different init parameters, or increase max_iter, tol, or check for degenerate data.
  warnings.warn(
D:\programs\PythonPrograms\analyze_clusters\.venv\lib\site-packages\sklearn\mixture\_base.py:269: ConvergenceWarning: Best performing initialization did not converge. Try different init parameters, or increase max_iter, tol, or check for degenerate data.
  warnings.warn(
D:\programs\PythonPrograms\analyze_clusters\.venv\lib\site-packages\sklearn\mixture\_base.py:269: ConvergenceWarning: Best performing initialization did not converge. Try different init parameters, or increase max_iter, tol, or check for degenerate data.
  warnings.warn(
D:\programs\PythonPrograms\analyze_clusters\.venv\lib\site-packages\sklearn\mixture\_base.py:269: ConvergenceWarning: Best performing initialization did not converge. Try different init parameters, or increase max_iter, tol, or check for degenerate data.
  warnings.warn(
D:\programs\PythonPrograms\analyze_clusters\.venv\lib\site-packages\sklearn\mixture\_base.py:269: ConvergenceWarning: Best performing initialization did not converge. Try different init parameters, or increase max_iter, tol, or check for degenerate data.
  warnings.warn(
D:\programs\PythonPrograms\analyze_clusters\.venv\lib\site-packages\sklearn\mixture\_base.py:269: ConvergenceWarning: Best performing initialization did not converge. Try different init parameters, or increase max_iter, tol, or check for degenerate data.
  warnings.warn(
D:\programs\PythonPrograms\analyze_clusters\.venv\lib\site-packages\sklearn\mixture\_base.py:269: ConvergenceWarning: Best performing initialization did not converge. Try different init parameters, or increase max_iter, tol, or check for degenerate data.
  warnings.warn(
D:\programs\PythonPrograms\analyze_clusters\.venv\lib\site-packages\sklearn\mixture\_base.py:269: ConvergenceWarning: Best performing initialization did not converge. Try different init parameters, or increase max_iter, tol, or check for degenerate data.
  warnings.warn(
[I 2025-07-04 13:51:33,114] Trial 15 finished with value: 1.135184073962275 and parameters: {'n_components': 11, 'cov_type': 'spherical'}. Best is trial 5 with value: 1.3744656218404132.
D:\programs\PythonPrograms\analyze_clusters\.venv\lib\site-packages\sklearn\mixture\_base.py:269: ConvergenceWarning: Best performing initialization did not converge. Try different init parameters, or increase max_iter, tol, or check for degenerate data.
  warnings.warn(
D:\programs\PythonPrograms\analyze_clusters\.venv\lib\site-packages\sklearn\mixture\_base.py:269: ConvergenceWarning: Best performing initialization did not converge. Try different init parameters, or increase max_iter, tol, or check for degenerate data.
  warnings.warn(
D:\programs\PythonPrograms\analyze_clusters\.venv\lib\site-packages\sklearn\mixture\_base.py:269: ConvergenceWarning: Best performing initialization did not converge. Try different init parameters, or increase max_iter, tol, or check for degenerate data.
  warnings.warn(
D:\programs\PythonPrograms\analyze_clusters\.venv\lib\site-packages\sklearn\mixture\_base.py:269: ConvergenceWarning: Best performing initialization did not converge. Try different init parameters, or increase max_iter, tol, or check for degenerate data.
  warnings.warn(
D:\programs\PythonPrograms\analyze_clusters\.venv\lib\site-packages\sklearn\mixture\_base.py:269: ConvergenceWarning: Best performing initialization did not converge. Try different init parameters, or increase max_iter, tol, or check for degenerate data.
  warnings.warn(
D:\programs\PythonPrograms\analyze_clusters\.venv\lib\site-packages\sklearn\mixture\_base.py:269: ConvergenceWarning: Best performing initialization did not converge. Try different init parameters, or increase max_iter, tol, or check for degenerate data.
  warnings.warn(
D:\programs\PythonPrograms\analyze_clusters\.venv\lib\site-packages\sklearn\mixture\_base.py:269: ConvergenceWarning: Best performing initialization did not converge. Try different init parameters, or increase max_iter, tol, or check for degenerate data.
  warnings.warn(
D:\programs\PythonPrograms\analyze_clusters\.venv\lib\site-packages\sklearn\mixture\_base.py:269: ConvergenceWarning: Best performing initialization did not converge. Try different init parameters, or increase max_iter, tol, or check for degenerate data.
  warnings.warn(
[I 2025-07-04 13:51:36,575] Trial 16 finished with value: 1.262609418925265 and parameters: {'n_components': 17, 'cov_type': 'tied'}. Best is trial 5 with value: 1.3744656218404132.
D:\programs\PythonPrograms\analyze_clusters\.venv\lib\site-packages\sklearn\mixture\_base.py:269: ConvergenceWarning: Best performing initialization did not converge. Try different init parameters, or increase max_iter, tol, or check for degenerate data.
  warnings.warn(
D:\programs\PythonPrograms\analyze_clusters\.venv\lib\site-packages\sklearn\mixture\_base.py:269: ConvergenceWarning: Best performing initialization did not converge. Try different init parameters, or increase max_iter, tol, or check for degenerate data.
  warnings.warn(
D:\programs\PythonPrograms\analyze_clusters\.venv\lib\site-packages\sklearn\mixture\_base.py:269: ConvergenceWarning: Best performing initialization did not converge. Try different init parameters, or increase max_iter, tol, or check for degenerate data.
  warnings.warn(
D:\programs\PythonPrograms\analyze_clusters\.venv\lib\site-packages\sklearn\mixture\_base.py:269: ConvergenceWarning: Best performing initialization did not converge. Try different init parameters, or increase max_iter, tol, or check for degenerate data.
  warnings.warn(
D:\programs\PythonPrograms\analyze_clusters\.venv\lib\site-packages\sklearn\mixture\_base.py:269: ConvergenceWarning: Best performing initialization did not converge. Try different init parameters, or increase max_iter, tol, or check for degenerate data.
  warnings.warn(
D:\programs\PythonPrograms\analyze_clusters\.venv\lib\site-packages\sklearn\mixture\_base.py:269: ConvergenceWarning: Best performing initialization did not converge. Try different init parameters, or increase max_iter, tol, or check for degenerate data.
  warnings.warn(
D:\programs\PythonPrograms\analyze_clusters\.venv\lib\site-packages\sklearn\mixture\_base.py:269: ConvergenceWarning: Best performing initialization did not converge. Try different init parameters, or increase max_iter, tol, or check for degenerate data.
  warnings.warn(
D:\programs\PythonPrograms\analyze_clusters\.venv\lib\site-packages\sklearn\mixture\_base.py:269: ConvergenceWarning: Best performing initialization did not converge. Try different init parameters, or increase max_iter, tol, or check for degenerate data.
  warnings.warn(
D:\programs\PythonPrograms\analyze_clusters\.venv\lib\site-packages\sklearn\mixture\_base.py:269: ConvergenceWarning: Best performing initialization did not converge. Try different init parameters, or increase max_iter, tol, or check for degenerate data.
  warnings.warn(
D:\programs\PythonPrograms\analyze_clusters\.venv\lib\site-packages\sklearn\mixture\_base.py:269: ConvergenceWarning: Best performing initialization did not converge. Try different init parameters, or increase max_iter, tol, or check for degenerate data.
  warnings.warn(
D:\programs\PythonPrograms\analyze_clusters\.venv\lib\site-packages\sklearn\mixture\_base.py:269: ConvergenceWarning: Best performing initialization did not converge. Try different init parameters, or increase max_iter, tol, or check for degenerate data.
  warnings.warn(
[I 2025-07-04 13:51:39,921] Trial 17 finished with value: 0.7176016276926236 and parameters: {'n_components': 15, 'cov_type': 'diag'}. Best is trial 5 with value: 1.3744656218404132.
D:\programs\PythonPrograms\analyze_clusters\.venv\lib\site-packages\sklearn\mixture\_base.py:269: ConvergenceWarning: Best performing initialization did not converge. Try different init parameters, or increase max_iter, tol, or check for degenerate data.
  warnings.warn(
D:\programs\PythonPrograms\analyze_clusters\.venv\lib\site-packages\sklearn\mixture\_base.py:269: ConvergenceWarning: Best performing initialization did not converge. Try different init parameters, or increase max_iter, tol, or check for degenerate data.
  warnings.warn(
D:\programs\PythonPrograms\analyze_clusters\.venv\lib\site-packages\sklearn\mixture\_base.py:269: ConvergenceWarning: Best performing initialization did not converge. Try different init parameters, or increase max_iter, tol, or check for degenerate data.
  warnings.warn(
D:\programs\PythonPrograms\analyze_clusters\.venv\lib\site-packages\sklearn\mixture\_base.py:269: ConvergenceWarning: Best performing initialization did not converge. Try different init parameters, or increase max_iter, tol, or check for degenerate data.
  warnings.warn(
D:\programs\PythonPrograms\analyze_clusters\.venv\lib\site-packages\sklearn\mixture\_base.py:269: ConvergenceWarning: Best performing initialization did not converge. Try different init parameters, or increase max_iter, tol, or check for degenerate data.
  warnings.warn(
[I 2025-07-04 13:51:42,634] Trial 18 finished with value: 1.19251350063282 and parameters: {'n_components': 12, 'cov_type': 'tied'}. Best is trial 5 with value: 1.3744656218404132.
D:\programs\PythonPrograms\analyze_clusters\.venv\lib\site-packages\sklearn\mixture\_base.py:269: ConvergenceWarning: Best performing initialization did not converge. Try different init parameters, or increase max_iter, tol, or check for degenerate data.
  warnings.warn(
D:\programs\PythonPrograms\analyze_clusters\.venv\lib\site-packages\sklearn\mixture\_base.py:269: ConvergenceWarning: Best performing initialization did not converge. Try different init parameters, or increase max_iter, tol, or check for degenerate data.
  warnings.warn(
D:\programs\PythonPrograms\analyze_clusters\.venv\lib\site-packages\sklearn\mixture\_base.py:269: ConvergenceWarning: Best performing initialization did not converge. Try different init parameters, or increase max_iter, tol, or check for degenerate data.
  warnings.warn(
D:\programs\PythonPrograms\analyze_clusters\.venv\lib\site-packages\sklearn\mixture\_base.py:269: ConvergenceWarning: Best performing initialization did not converge. Try different init parameters, or increase max_iter, tol, or check for degenerate data.
  warnings.warn(
D:\programs\PythonPrograms\analyze_clusters\.venv\lib\site-packages\sklearn\mixture\_base.py:269: ConvergenceWarning: Best performing initialization did not converge. Try different init parameters, or increase max_iter, tol, or check for degenerate data.
  warnings.warn(
D:\programs\PythonPrograms\analyze_clusters\.venv\lib\site-packages\sklearn\mixture\_base.py:269: ConvergenceWarning: Best performing initialization did not converge. Try different init parameters, or increase max_iter, tol, or check for degenerate data.
  warnings.warn(
D:\programs\PythonPrograms\analyze_clusters\.venv\lib\site-packages\sklearn\mixture\_base.py:269: ConvergenceWarning: Best performing initialization did not converge. Try different init parameters, or increase max_iter, tol, or check for degenerate data.
  warnings.warn(
D:\programs\PythonPrograms\analyze_clusters\.venv\lib\site-packages\sklearn\mixture\_base.py:269: ConvergenceWarning: Best performing initialization did not converge. Try different init parameters, or increase max_iter, tol, or check for degenerate data.
  warnings.warn(
D:\programs\PythonPrograms\analyze_clusters\.venv\lib\site-packages\sklearn\mixture\_base.py:269: ConvergenceWarning: Best performing initialization did not converge. Try different init parameters, or increase max_iter, tol, or check for degenerate data.
  warnings.warn(
D:\programs\PythonPrograms\analyze_clusters\.venv\lib\site-packages\sklearn\mixture\_base.py:269: ConvergenceWarning: Best performing initialization did not converge. Try different init parameters, or increase max_iter, tol, or check for degenerate data.
  warnings.warn(
D:\programs\PythonPrograms\analyze_clusters\.venv\lib\site-packages\sklearn\mixture\_base.py:269: ConvergenceWarning: Best performing initialization did not converge. Try different init parameters, or increase max_iter, tol, or check for degenerate data.
  warnings.warn(
D:\programs\PythonPrograms\analyze_clusters\.venv\lib\site-packages\sklearn\mixture\_base.py:269: ConvergenceWarning: Best performing initialization did not converge. Try different init parameters, or increase max_iter, tol, or check for degenerate data.
  warnings.warn(
D:\programs\PythonPrograms\analyze_clusters\.venv\lib\site-packages\sklearn\mixture\_base.py:269: ConvergenceWarning: Best performing initialization did not converge. Try different init parameters, or increase max_iter, tol, or check for degenerate data.
  warnings.warn(
[I 2025-07-04 13:51:44,552] Trial 19 finished with value: 1.2507832897214752 and parameters: {'n_components': 18, 'cov_type': 'spherical'}. Best is trial 5 with value: 1.3744656218404132.
D:\programs\PythonPrograms\analyze_clusters\.venv\lib\site-packages\sklearn\mixture\_base.py:269: ConvergenceWarning: Best performing initialization did not converge. Try different init parameters, or increase max_iter, tol, or check for degenerate data.
  warnings.warn(
D:\programs\PythonPrograms\analyze_clusters\.venv\lib\site-packages\sklearn\mixture\_base.py:269: ConvergenceWarning: Best performing initialization did not converge. Try different init parameters, or increase max_iter, tol, or check for degenerate data.
  warnings.warn(
D:\programs\PythonPrograms\analyze_clusters\.venv\lib\site-packages\sklearn\mixture\_base.py:269: ConvergenceWarning: Best performing initialization did not converge. Try different init parameters, or increase max_iter, tol, or check for degenerate data.
  warnings.warn(
D:\programs\PythonPrograms\analyze_clusters\.venv\lib\site-packages\sklearn\mixture\_base.py:269: ConvergenceWarning: Best performing initialization did not converge. Try different init parameters, or increase max_iter, tol, or check for degenerate data.
  warnings.warn(
D:\programs\PythonPrograms\analyze_clusters\.venv\lib\site-packages\sklearn\mixture\_base.py:269: ConvergenceWarning: Best performing initialization did not converge. Try different init parameters, or increase max_iter, tol, or check for degenerate data.
  warnings.warn(
D:\programs\PythonPrograms\analyze_clusters\.venv\lib\site-packages\sklearn\mixture\_base.py:269: ConvergenceWarning: Best performing initialization did not converge. Try different init parameters, or increase max_iter, tol, or check for degenerate data.
  warnings.warn(
D:\programs\PythonPrograms\analyze_clusters\.venv\lib\site-packages\sklearn\mixture\_base.py:269: ConvergenceWarning: Best performing initialization did not converge. Try different init parameters, or increase max_iter, tol, or check for degenerate data.
  warnings.warn(
D:\programs\PythonPrograms\analyze_clusters\.venv\lib\site-packages\sklearn\mixture\_base.py:269: ConvergenceWarning: Best performing initialization did not converge. Try different init parameters, or increase max_iter, tol, or check for degenerate data.
  warnings.warn(
D:\programs\PythonPrograms\analyze_clusters\.venv\lib\site-packages\sklearn\mixture\_base.py:269: ConvergenceWarning: Best performing initialization did not converge. Try different init parameters, or increase max_iter, tol, or check for degenerate data.
  warnings.warn(
D:\programs\PythonPrograms\analyze_clusters\.venv\lib\site-packages\sklearn\mixture\_base.py:269: ConvergenceWarning: Best performing initialization did not converge. Try different init parameters, or increase max_iter, tol, or check for degenerate data.
  warnings.warn(
D:\programs\PythonPrograms\analyze_clusters\.venv\lib\site-packages\sklearn\mixture\_base.py:269: ConvergenceWarning: Best performing initialization did not converge. Try different init parameters, or increase max_iter, tol, or check for degenerate data.
  warnings.warn(
D:\programs\PythonPrograms\analyze_clusters\.venv\lib\site-packages\sklearn\mixture\_base.py:269: ConvergenceWarning: Best performing initialization did not converge. Try different init parameters, or increase max_iter, tol, or check for degenerate data.
  warnings.warn(
D:\programs\PythonPrograms\analyze_clusters\.venv\lib\site-packages\sklearn\mixture\_base.py:269: ConvergenceWarning: Best performing initialization did not converge. Try different init parameters, or increase max_iter, tol, or check for degenerate data.
  warnings.warn(
D:\programs\PythonPrograms\analyze_clusters\.venv\lib\site-packages\sklearn\mixture\_base.py:269: ConvergenceWarning: Best performing initialization did not converge. Try different init parameters, or increase max_iter, tol, or check for degenerate data.
  warnings.warn(
D:\programs\PythonPrograms\analyze_clusters\.venv\lib\site-packages\sklearn\mixture\_base.py:269: ConvergenceWarning: Best performing initialization did not converge. Try different init parameters, or increase max_iter, tol, or check for degenerate data.
  warnings.warn(
D:\programs\PythonPrograms\analyze_clusters\.venv\lib\site-packages\sklearn\mixture\_base.py:269: ConvergenceWarning: Best performing initialization did not converge. Try different init parameters, or increase max_iter, tol, or check for degenerate data.
  warnings.warn(
D:\programs\PythonPrograms\analyze_clusters\.venv\lib\site-packages\sklearn\mixture\_base.py:269: ConvergenceWarning: Best performing initialization did not converge. Try different init parameters, or increase max_iter, tol, or check for degenerate data.
  warnings.warn(
D:\programs\PythonPrograms\analyze_clusters\.venv\lib\site-packages\sklearn\mixture\_base.py:269: ConvergenceWarning: Best performing initialization did not converge. Try different init parameters, or increase max_iter, tol, or check for degenerate data.
  warnings.warn(
D:\programs\PythonPrograms\analyze_clusters\.venv\lib\site-packages\sklearn\mixture\_base.py:269: ConvergenceWarning: Best performing initialization did not converge. Try different init parameters, or increase max_iter, tol, or check for degenerate data.
  warnings.warn(
D:\programs\PythonPrograms\analyze_clusters\.venv\lib\site-packages\sklearn\mixture\_base.py:269: ConvergenceWarning: Best performing initialization did not converge. Try different init parameters, or increase max_iter, tol, or check for degenerate data.
  warnings.warn(
D:\programs\PythonPrograms\analyze_clusters\.venv\lib\site-packages\sklearn\mixture\_base.py:269: ConvergenceWarning: Best performing initialization did not converge. Try different init parameters, or increase max_iter, tol, or check for degenerate data.
  warnings.warn(
D:\programs\PythonPrograms\analyze_clusters\.venv\lib\site-packages\sklearn\mixture\_base.py:269: ConvergenceWarning: Best performing initialization did not converge. Try different init parameters, or increase max_iter, tol, or check for degenerate data.
  warnings.warn(
D:\programs\PythonPrograms\analyze_clusters\.venv\lib\site-packages\sklearn\mixture\_base.py:269: ConvergenceWarning: Best performing initialization did not converge. Try different init parameters, or increase max_iter, tol, or check for degenerate data.
  warnings.warn(
D:\programs\PythonPrograms\analyze_clusters\.venv\lib\site-packages\sklearn\mixture\_base.py:269: ConvergenceWarning: Best performing initialization did not converge. Try different init parameters, or increase max_iter, tol, or check for degenerate data.
  warnings.warn(
D:\programs\PythonPrograms\analyze_clusters\.venv\lib\site-packages\sklearn\mixture\_base.py:269: ConvergenceWarning: Best performing initialization did not converge. Try different init parameters, or increase max_iter, tol, or check for degenerate data.
  warnings.warn(
D:\programs\PythonPrograms\analyze_clusters\.venv\lib\site-packages\sklearn\mixture\_base.py:269: ConvergenceWarning: Best performing initialization did not converge. Try different init parameters, or increase max_iter, tol, or check for degenerate data.
  warnings.warn(
D:\programs\PythonPrograms\analyze_clusters\.venv\lib\site-packages\sklearn\mixture\_base.py:269: ConvergenceWarning: Best performing initialization did not converge. Try different init parameters, or increase max_iter, tol, or check for degenerate data.
  warnings.warn(
D:\programs\PythonPrograms\analyze_clusters\.venv\lib\site-packages\sklearn\mixture\_base.py:269: ConvergenceWarning: Best performing initialization did not converge. Try different init parameters, or increase max_iter, tol, or check for degenerate data.
  warnings.warn(
D:\programs\PythonPrograms\analyze_clusters\.venv\lib\site-packages\sklearn\mixture\_base.py:269: ConvergenceWarning: Best performing initialization did not converge. Try different init parameters, or increase max_iter, tol, or check for degenerate data.
  warnings.warn(
D:\programs\PythonPrograms\analyze_clusters\.venv\lib\site-packages\sklearn\mixture\_base.py:269: ConvergenceWarning: Best performing initialization did not converge. Try different init parameters, or increase max_iter, tol, or check for degenerate data.
  warnings.warn(
D:\programs\PythonPrograms\analyze_clusters\.venv\lib\site-packages\sklearn\mixture\_base.py:269: ConvergenceWarning: Best performing initialization did not converge. Try different init parameters, or increase max_iter, tol, or check for degenerate data.
  warnings.warn(
D:\programs\PythonPrograms\analyze_clusters\.venv\lib\site-packages\sklearn\mixture\_base.py:269: ConvergenceWarning: Best performing initialization did not converge. Try different init parameters, or increase max_iter, tol, or check for degenerate data.
  warnings.warn(
D:\programs\PythonPrograms\analyze_clusters\.venv\lib\site-packages\sklearn\mixture\_base.py:269: ConvergenceWarning: Best performing initialization did not converge. Try different init parameters, or increase max_iter, tol, or check for degenerate data.
  warnings.warn(
D:\programs\PythonPrograms\analyze_clusters\.venv\lib\site-packages\sklearn\mixture\_base.py:269: ConvergenceWarning: Best performing initialization did not converge. Try different init parameters, or increase max_iter, tol, or check for degenerate data.
  warnings.warn(
D:\programs\PythonPrograms\analyze_clusters\.venv\lib\site-packages\sklearn\mixture\_base.py:269: ConvergenceWarning: Best performing initialization did not converge. Try different init parameters, or increase max_iter, tol, or check for degenerate data.
  warnings.warn(
D:\programs\PythonPrograms\analyze_clusters\.venv\lib\site-packages\sklearn\mixture\_base.py:269: ConvergenceWarning: Best performing initialization did not converge. Try different init parameters, or increase max_iter, tol, or check for degenerate data.
  warnings.warn(
D:\programs\PythonPrograms\analyze_clusters\.venv\lib\site-packages\sklearn\mixture\_base.py:269: ConvergenceWarning: Best performing initialization did not converge. Try different init parameters, or increase max_iter, tol, or check for degenerate data.
  warnings.warn(
D:\programs\PythonPrograms\analyze_clusters\.venv\lib\site-packages\sklearn\mixture\_base.py:269: ConvergenceWarning: Best performing initialization did not converge. Try different init parameters, or increase max_iter, tol, or check for degenerate data.
  warnings.warn(
D:\programs\PythonPrograms\analyze_clusters\.venv\lib\site-packages\sklearn\mixture\_base.py:269: ConvergenceWarning: Best performing initialization did not converge. Try different init parameters, or increase max_iter, tol, or check for degenerate data.
  warnings.warn(
D:\programs\PythonPrograms\analyze_clusters\.venv\lib\site-packages\sklearn\mixture\_base.py:269: ConvergenceWarning: Best performing initialization did not converge. Try different init parameters, or increase max_iter, tol, or check for degenerate data.
  warnings.warn(
D:\programs\PythonPrograms\analyze_clusters\.venv\lib\site-packages\sklearn\mixture\_base.py:269: ConvergenceWarning: Best performing initialization did not converge. Try different init parameters, or increase max_iter, tol, or check for degenerate data.
  warnings.warn(
D:\programs\PythonPrograms\analyze_clusters\.venv\lib\site-packages\sklearn\mixture\_base.py:269: ConvergenceWarning: Best performing initialization did not converge. Try different init parameters, or increase max_iter, tol, or check for degenerate data.
  warnings.warn(
D:\programs\PythonPrograms\analyze_clusters\.venv\lib\site-packages\sklearn\mixture\_base.py:269: ConvergenceWarning: Best performing initialization did not converge. Try different init parameters, or increase max_iter, tol, or check for degenerate data.
  warnings.warn(
D:\programs\PythonPrograms\analyze_clusters\.venv\lib\site-packages\sklearn\mixture\_base.py:269: ConvergenceWarning: Best performing initialization did not converge. Try different init parameters, or increase max_iter, tol, or check for degenerate data.
  warnings.warn(
D:\programs\PythonPrograms\analyze_clusters\.venv\lib\site-packages\sklearn\mixture\_base.py:269: ConvergenceWarning: Best performing initialization did not converge. Try different init parameters, or increase max_iter, tol, or check for degenerate data.
  warnings.warn(
D:\programs\PythonPrograms\analyze_clusters\.venv\lib\site-packages\sklearn\mixture\_base.py:269: ConvergenceWarning: Best performing initialization did not converge. Try different init parameters, or increase max_iter, tol, or check for degenerate data.
  warnings.warn(
D:\programs\PythonPrograms\analyze_clusters\.venv\lib\site-packages\sklearn\mixture\_base.py:269: ConvergenceWarning: Best performing initialization did not converge. Try different init parameters, or increase max_iter, tol, or check for degenerate data.
  warnings.warn(
D:\programs\PythonPrograms\analyze_clusters\.venv\lib\site-packages\sklearn\mixture\_base.py:269: ConvergenceWarning: Best performing initialization did not converge. Try different init parameters, or increase max_iter, tol, or check for degenerate data.
  warnings.warn(
D:\programs\PythonPrograms\analyze_clusters\.venv\lib\site-packages\sklearn\mixture\_base.py:269: ConvergenceWarning: Best performing initialization did not converge. Try different init parameters, or increase max_iter, tol, or check for degenerate data.
  warnings.warn(
D:\programs\PythonPrograms\analyze_clusters\.venv\lib\site-packages\sklearn\mixture\_base.py:269: ConvergenceWarning: Best performing initialization did not converge. Try different init parameters, or increase max_iter, tol, or check for degenerate data.
  warnings.warn(
D:\programs\PythonPrograms\analyze_clusters\.venv\lib\site-packages\sklearn\mixture\_base.py:269: ConvergenceWarning: Best performing initialization did not converge. Try different init parameters, or increase max_iter, tol, or check for degenerate data.
  warnings.warn(
D:\programs\PythonPrograms\analyze_clusters\.venv\lib\site-packages\sklearn\mixture\_base.py:269: ConvergenceWarning: Best performing initialization did not converge. Try different init parameters, or increase max_iter, tol, or check for degenerate data.
  warnings.warn(
D:\programs\PythonPrograms\analyze_clusters\.venv\lib\site-packages\sklearn\mixture\_base.py:269: ConvergenceWarning: Best performing initialization did not converge. Try different init parameters, or increase max_iter, tol, or check for degenerate data.
  warnings.warn(
D:\programs\PythonPrograms\analyze_clusters\.venv\lib\site-packages\sklearn\mixture\_base.py:269: ConvergenceWarning: Best performing initialization did not converge. Try different init parameters, or increase max_iter, tol, or check for degenerate data.
  warnings.warn(
D:\programs\PythonPrograms\analyze_clusters\.venv\lib\site-packages\sklearn\mixture\_base.py:269: ConvergenceWarning: Best performing initialization did not converge. Try different init parameters, or increase max_iter, tol, or check for degenerate data.
  warnings.warn(
D:\programs\PythonPrograms\analyze_clusters\.venv\lib\site-packages\sklearn\mixture\_base.py:269: ConvergenceWarning: Best performing initialization did not converge. Try different init parameters, or increase max_iter, tol, or check for degenerate data.
  warnings.warn(
D:\programs\PythonPrograms\analyze_clusters\.venv\lib\site-packages\sklearn\mixture\_base.py:269: ConvergenceWarning: Best performing initialization did not converge. Try different init parameters, or increase max_iter, tol, or check for degenerate data.
  warnings.warn(
D:\programs\PythonPrograms\analyze_clusters\.venv\lib\site-packages\sklearn\mixture\_base.py:269: ConvergenceWarning: Best performing initialization did not converge. Try different init parameters, or increase max_iter, tol, or check for degenerate data.
  warnings.warn(
D:\programs\PythonPrograms\analyze_clusters\.venv\lib\site-packages\sklearn\mixture\_base.py:269: ConvergenceWarning: Best performing initialization did not converge. Try different init parameters, or increase max_iter, tol, or check for degenerate data.
  warnings.warn(
D:\programs\PythonPrograms\analyze_clusters\.venv\lib\site-packages\sklearn\mixture\_base.py:269: ConvergenceWarning: Best performing initialization did not converge. Try different init parameters, or increase max_iter, tol, or check for degenerate data.
  warnings.warn(
D:\programs\PythonPrograms\analyze_clusters\.venv\lib\site-packages\sklearn\mixture\_base.py:269: ConvergenceWarning: Best performing initialization did not converge. Try different init parameters, or increase max_iter, tol, or check for degenerate data.
  warnings.warn(
D:\programs\PythonPrograms\analyze_clusters\.venv\lib\site-packages\sklearn\mixture\_base.py:269: ConvergenceWarning: Best performing initialization did not converge. Try different init parameters, or increase max_iter, tol, or check for degenerate data.
  warnings.warn(
D:\programs\PythonPrograms\analyze_clusters\.venv\lib\site-packages\sklearn\mixture\_base.py:269: ConvergenceWarning: Best performing initialization did not converge. Try different init parameters, or increase max_iter, tol, or check for degenerate data.
  warnings.warn(
D:\programs\PythonPrograms\analyze_clusters\.venv\lib\site-packages\sklearn\mixture\_base.py:269: ConvergenceWarning: Best performing initialization did not converge. Try different init parameters, or increase max_iter, tol, or check for degenerate data.
  warnings.warn(
D:\programs\PythonPrograms\analyze_clusters\.venv\lib\site-packages\sklearn\mixture\_base.py:269: ConvergenceWarning: Best performing initialization did not converge. Try different init parameters, or increase max_iter, tol, or check for degenerate data.
  warnings.warn(
D:\programs\PythonPrograms\analyze_clusters\.venv\lib\site-packages\sklearn\mixture\_base.py:269: ConvergenceWarning: Best performing initialization did not converge. Try different init parameters, or increase max_iter, tol, or check for degenerate data.
  warnings.warn(
D:\programs\PythonPrograms\analyze_clusters\.venv\lib\site-packages\sklearn\mixture\_base.py:269: ConvergenceWarning: Best performing initialization did not converge. Try different init parameters, or increase max_iter, tol, or check for degenerate data.
  warnings.warn(
D:\programs\PythonPrograms\analyze_clusters\.venv\lib\site-packages\sklearn\mixture\_base.py:269: ConvergenceWarning: Best performing initialization did not converge. Try different init parameters, or increase max_iter, tol, or check for degenerate data.
  warnings.warn(
D:\programs\PythonPrograms\analyze_clusters\.venv\lib\site-packages\sklearn\mixture\_base.py:269: ConvergenceWarning: Best performing initialization did not converge. Try different init parameters, or increase max_iter, tol, or check for degenerate data.
  warnings.warn(
D:\programs\PythonPrograms\analyze_clusters\.venv\lib\site-packages\sklearn\mixture\_base.py:269: ConvergenceWarning: Best performing initialization did not converge. Try different init parameters, or increase max_iter, tol, or check for degenerate data.
  warnings.warn(
D:\programs\PythonPrograms\analyze_clusters\.venv\lib\site-packages\sklearn\mixture\_base.py:269: ConvergenceWarning: Best performing initialization did not converge. Try different init parameters, or increase max_iter, tol, or check for degenerate data.
  warnings.warn(
D:\programs\PythonPrograms\analyze_clusters\.venv\lib\site-packages\sklearn\mixture\_base.py:269: ConvergenceWarning: Best performing initialization did not converge. Try different init parameters, or increase max_iter, tol, or check for degenerate data.
  warnings.warn(
D:\programs\PythonPrograms\analyze_clusters\.venv\lib\site-packages\sklearn\mixture\_base.py:269: ConvergenceWarning: Best performing initialization did not converge. Try different init parameters, or increase max_iter, tol, or check for degenerate data.
  warnings.warn(
D:\programs\PythonPrograms\analyze_clusters\.venv\lib\site-packages\sklearn\mixture\_base.py:269: ConvergenceWarning: Best performing initialization did not converge. Try different init parameters, or increase max_iter, tol, or check for degenerate data.
  warnings.warn(
D:\programs\PythonPrograms\analyze_clusters\.venv\lib\site-packages\sklearn\mixture\_base.py:269: ConvergenceWarning: Best performing initialization did not converge. Try different init parameters, or increase max_iter, tol, or check for degenerate data.
  warnings.warn(
D:\programs\PythonPrograms\analyze_clusters\.venv\lib\site-packages\sklearn\mixture\_base.py:269: ConvergenceWarning: Best performing initialization did not converge. Try different init parameters, or increase max_iter, tol, or check for degenerate data.
  warnings.warn(
D:\programs\PythonPrograms\analyze_clusters\.venv\lib\site-packages\sklearn\mixture\_base.py:269: ConvergenceWarning: Best performing initialization did not converge. Try different init parameters, or increase max_iter, tol, or check for degenerate data.
  warnings.warn(
[I 2025-07-04 13:52:13,343] A new study created in memory with name: no-name-577e7116-a0bf-43ce-a8e2-859a1d83c830
D:\programs\PythonPrograms\analyze_clusters\.venv\lib\site-packages\sklearn\mixture\_base.py:269: ConvergenceWarning: Best performing initialization did not converge. Try different init parameters, or increase max_iter, tol, or check for degenerate data.
  warnings.warn(
D:\programs\PythonPrograms\analyze_clusters\.venv\lib\site-packages\sklearn\mixture\_base.py:269: ConvergenceWarning: Best performing initialization did not converge. Try different init parameters, or increase max_iter, tol, or check for degenerate data.
  warnings.warn(
D:\programs\PythonPrograms\analyze_clusters\.venv\lib\site-packages\sklearn\mixture\_base.py:269: ConvergenceWarning: Best performing initialization did not converge. Try different init parameters, or increase max_iter, tol, or check for degenerate data.
  warnings.warn(
D:\programs\PythonPrograms\analyze_clusters\.venv\lib\site-packages\sklearn\mixture\_base.py:269: ConvergenceWarning: Best performing initialization did not converge. Try different init parameters, or increase max_iter, tol, or check for degenerate data.
  warnings.warn(
D:\programs\PythonPrograms\analyze_clusters\.venv\lib\site-packages\sklearn\mixture\_base.py:269: ConvergenceWarning: Best performing initialization did not converge. Try different init parameters, or increase max_iter, tol, or check for degenerate data.
  warnings.warn(
[I 2025-07-04 13:52:16,613] Trial 0 finished with value: 1.1624428090045593 and parameters: {'n_components': 13}. Best is trial 0 with value: 1.1624428090045593.
D:\programs\PythonPrograms\analyze_clusters\.venv\lib\site-packages\sklearn\mixture\_base.py:269: ConvergenceWarning: Best performing initialization did not converge. Try different init parameters, or increase max_iter, tol, or check for degenerate data.
  warnings.warn(
D:\programs\PythonPrograms\analyze_clusters\.venv\lib\site-packages\sklearn\mixture\_base.py:269: ConvergenceWarning: Best performing initialization did not converge. Try different init parameters, or increase max_iter, tol, or check for degenerate data.
  warnings.warn(
D:\programs\PythonPrograms\analyze_clusters\.venv\lib\site-packages\sklearn\mixture\_base.py:269: ConvergenceWarning: Best performing initialization did not converge. Try different init parameters, or increase max_iter, tol, or check for degenerate data.
  warnings.warn(
D:\programs\PythonPrograms\analyze_clusters\.venv\lib\site-packages\sklearn\mixture\_base.py:269: ConvergenceWarning: Best performing initialization did not converge. Try different init parameters, or increase max_iter, tol, or check for degenerate data.
  warnings.warn(
D:\programs\PythonPrograms\analyze_clusters\.venv\lib\site-packages\sklearn\mixture\_base.py:269: ConvergenceWarning: Best performing initialization did not converge. Try different init parameters, or increase max_iter, tol, or check for degenerate data.
  warnings.warn(
D:\programs\PythonPrograms\analyze_clusters\.venv\lib\site-packages\sklearn\mixture\_base.py:269: ConvergenceWarning: Best performing initialization did not converge. Try different init parameters, or increase max_iter, tol, or check for degenerate data.
  warnings.warn(
D:\programs\PythonPrograms\analyze_clusters\.venv\lib\site-packages\sklearn\mixture\_base.py:269: ConvergenceWarning: Best performing initialization did not converge. Try different init parameters, or increase max_iter, tol, or check for degenerate data.
  warnings.warn(
[I 2025-07-04 13:52:19,231] Trial 1 finished with value: 1.2291250559467992 and parameters: {'n_components': 16}. Best is trial 1 with value: 1.2291250559467992.
D:\programs\PythonPrograms\analyze_clusters\.venv\lib\site-packages\sklearn\mixture\_base.py:269: ConvergenceWarning: Best performing initialization did not converge. Try different init parameters, or increase max_iter, tol, or check for degenerate data.
  warnings.warn(
D:\programs\PythonPrograms\analyze_clusters\.venv\lib\site-packages\sklearn\mixture\_base.py:269: ConvergenceWarning: Best performing initialization did not converge. Try different init parameters, or increase max_iter, tol, or check for degenerate data.
  warnings.warn(
D:\programs\PythonPrograms\analyze_clusters\.venv\lib\site-packages\sklearn\mixture\_base.py:269: ConvergenceWarning: Best performing initialization did not converge. Try different init parameters, or increase max_iter, tol, or check for degenerate data.
  warnings.warn(
[I 2025-07-04 13:52:20,660] Trial 2 finished with value: 1.4458878435105764 and parameters: {'n_components': 10}. Best is trial 2 with value: 1.4458878435105764.
D:\programs\PythonPrograms\analyze_clusters\.venv\lib\site-packages\sklearn\mixture\_base.py:269: ConvergenceWarning: Best performing initialization did not converge. Try different init parameters, or increase max_iter, tol, or check for degenerate data.
  warnings.warn(
D:\programs\PythonPrograms\analyze_clusters\.venv\lib\site-packages\sklearn\mixture\_base.py:269: ConvergenceWarning: Best performing initialization did not converge. Try different init parameters, or increase max_iter, tol, or check for degenerate data.
  warnings.warn(
D:\programs\PythonPrograms\analyze_clusters\.venv\lib\site-packages\sklearn\mixture\_base.py:269: ConvergenceWarning: Best performing initialization did not converge. Try different init parameters, or increase max_iter, tol, or check for degenerate data.
  warnings.warn(
D:\programs\PythonPrograms\analyze_clusters\.venv\lib\site-packages\sklearn\mixture\_base.py:269: ConvergenceWarning: Best performing initialization did not converge. Try different init parameters, or increase max_iter, tol, or check for degenerate data.
  warnings.warn(
D:\programs\PythonPrograms\analyze_clusters\.venv\lib\site-packages\sklearn\mixture\_base.py:269: ConvergenceWarning: Best performing initialization did not converge. Try different init parameters, or increase max_iter, tol, or check for degenerate data.
  warnings.warn(
D:\programs\PythonPrograms\analyze_clusters\.venv\lib\site-packages\sklearn\mixture\_base.py:269: ConvergenceWarning: Best performing initialization did not converge. Try different init parameters, or increase max_iter, tol, or check for degenerate data.
  warnings.warn(
D:\programs\PythonPrograms\analyze_clusters\.venv\lib\site-packages\sklearn\mixture\_base.py:269: ConvergenceWarning: Best performing initialization did not converge. Try different init parameters, or increase max_iter, tol, or check for degenerate data.
  warnings.warn(
D:\programs\PythonPrograms\analyze_clusters\.venv\lib\site-packages\sklearn\mixture\_base.py:269: ConvergenceWarning: Best performing initialization did not converge. Try different init parameters, or increase max_iter, tol, or check for degenerate data.
  warnings.warn(
[I 2025-07-04 13:52:23,091] Trial 3 finished with value: 1.262609418925265 and parameters: {'n_components': 17}. Best is trial 2 with value: 1.4458878435105764.
D:\programs\PythonPrograms\analyze_clusters\.venv\lib\site-packages\sklearn\mixture\_base.py:269: ConvergenceWarning: Best performing initialization did not converge. Try different init parameters, or increase max_iter, tol, or check for degenerate data.
  warnings.warn(
D:\programs\PythonPrograms\analyze_clusters\.venv\lib\site-packages\sklearn\mixture\_base.py:269: ConvergenceWarning: Best performing initialization did not converge. Try different init parameters, or increase max_iter, tol, or check for degenerate data.
  warnings.warn(
D:\programs\PythonPrograms\analyze_clusters\.venv\lib\site-packages\sklearn\mixture\_base.py:269: ConvergenceWarning: Best performing initialization did not converge. Try different init parameters, or increase max_iter, tol, or check for degenerate data.
  warnings.warn(
[I 2025-07-04 13:52:25,280] Trial 4 finished with value: 1.4458878435105764 and parameters: {'n_components': 10}. Best is trial 2 with value: 1.4458878435105764.
D:\programs\PythonPrograms\analyze_clusters\.venv\lib\site-packages\sklearn\mixture\_base.py:269: ConvergenceWarning: Best performing initialization did not converge. Try different init parameters, or increase max_iter, tol, or check for degenerate data.
  warnings.warn(
D:\programs\PythonPrograms\analyze_clusters\.venv\lib\site-packages\sklearn\mixture\_base.py:269: ConvergenceWarning: Best performing initialization did not converge. Try different init parameters, or increase max_iter, tol, or check for degenerate data.
  warnings.warn(
D:\programs\PythonPrograms\analyze_clusters\.venv\lib\site-packages\sklearn\mixture\_base.py:269: ConvergenceWarning: Best performing initialization did not converge. Try different init parameters, or increase max_iter, tol, or check for degenerate data.
  warnings.warn(
D:\programs\PythonPrograms\analyze_clusters\.venv\lib\site-packages\sklearn\mixture\_base.py:269: ConvergenceWarning: Best performing initialization did not converge. Try different init parameters, or increase max_iter, tol, or check for degenerate data.
  warnings.warn(
D:\programs\PythonPrograms\analyze_clusters\.venv\lib\site-packages\sklearn\mixture\_base.py:269: ConvergenceWarning: Best performing initialization did not converge. Try different init parameters, or increase max_iter, tol, or check for degenerate data.
  warnings.warn(
[I 2025-07-04 13:52:29,074] Trial 5 finished with value: 1.1624428090045593 and parameters: {'n_components': 13}. Best is trial 2 with value: 1.4458878435105764.
D:\programs\PythonPrograms\analyze_clusters\.venv\lib\site-packages\sklearn\mixture\_base.py:269: ConvergenceWarning: Best performing initialization did not converge. Try different init parameters, or increase max_iter, tol, or check for degenerate data.
  warnings.warn(
D:\programs\PythonPrograms\analyze_clusters\.venv\lib\site-packages\sklearn\mixture\_base.py:269: ConvergenceWarning: Best performing initialization did not converge. Try different init parameters, or increase max_iter, tol, or check for degenerate data.
  warnings.warn(
D:\programs\PythonPrograms\analyze_clusters\.venv\lib\site-packages\sklearn\mixture\_base.py:269: ConvergenceWarning: Best performing initialization did not converge. Try different init parameters, or increase max_iter, tol, or check for degenerate data.
  warnings.warn(
[I 2025-07-04 13:52:31,883] Trial 6 finished with value: 1.4458878435105764 and parameters: {'n_components': 10}. Best is trial 2 with value: 1.4458878435105764.
D:\programs\PythonPrograms\analyze_clusters\.venv\lib\site-packages\sklearn\mixture\_base.py:269: ConvergenceWarning: Best performing initialization did not converge. Try different init parameters, or increase max_iter, tol, or check for degenerate data.
  warnings.warn(
D:\programs\PythonPrograms\analyze_clusters\.venv\lib\site-packages\sklearn\mixture\_base.py:269: ConvergenceWarning: Best performing initialization did not converge. Try different init parameters, or increase max_iter, tol, or check for degenerate data.
  warnings.warn(
D:\programs\PythonPrograms\analyze_clusters\.venv\lib\site-packages\sklearn\mixture\_base.py:269: ConvergenceWarning: Best performing initialization did not converge. Try different init parameters, or increase max_iter, tol, or check for degenerate data.
  warnings.warn(
D:\programs\PythonPrograms\analyze_clusters\.venv\lib\site-packages\sklearn\mixture\_base.py:269: ConvergenceWarning: Best performing initialization did not converge. Try different init parameters, or increase max_iter, tol, or check for degenerate data.
  warnings.warn(
D:\programs\PythonPrograms\analyze_clusters\.venv\lib\site-packages\sklearn\mixture\_base.py:269: ConvergenceWarning: Best performing initialization did not converge. Try different init parameters, or increase max_iter, tol, or check for degenerate data.
  warnings.warn(
[I 2025-07-04 13:52:35,060] Trial 7 finished with value: 1.1624428090045593 and parameters: {'n_components': 13}. Best is trial 2 with value: 1.4458878435105764.
D:\programs\PythonPrograms\analyze_clusters\.venv\lib\site-packages\sklearn\mixture\_base.py:269: ConvergenceWarning: Best performing initialization did not converge. Try different init parameters, or increase max_iter, tol, or check for degenerate data.
  warnings.warn(
D:\programs\PythonPrograms\analyze_clusters\.venv\lib\site-packages\sklearn\mixture\_base.py:269: ConvergenceWarning: Best performing initialization did not converge. Try different init parameters, or increase max_iter, tol, or check for degenerate data.
  warnings.warn(
D:\programs\PythonPrograms\analyze_clusters\.venv\lib\site-packages\sklearn\mixture\_base.py:269: ConvergenceWarning: Best performing initialization did not converge. Try different init parameters, or increase max_iter, tol, or check for degenerate data.
  warnings.warn(
D:\programs\PythonPrograms\analyze_clusters\.venv\lib\site-packages\sklearn\mixture\_base.py:269: ConvergenceWarning: Best performing initialization did not converge. Try different init parameters, or increase max_iter, tol, or check for degenerate data.
  warnings.warn(
D:\programs\PythonPrograms\analyze_clusters\.venv\lib\site-packages\sklearn\mixture\_base.py:269: ConvergenceWarning: Best performing initialization did not converge. Try different init parameters, or increase max_iter, tol, or check for degenerate data.
  warnings.warn(
[I 2025-07-04 13:52:38,284] Trial 8 finished with value: 1.19251350063282 and parameters: {'n_components': 12}. Best is trial 2 with value: 1.4458878435105764.
D:\programs\PythonPrograms\analyze_clusters\.venv\lib\site-packages\sklearn\mixture\_base.py:269: ConvergenceWarning: Best performing initialization did not converge. Try different init parameters, or increase max_iter, tol, or check for degenerate data.
  warnings.warn(
D:\programs\PythonPrograms\analyze_clusters\.venv\lib\site-packages\sklearn\mixture\_base.py:269: ConvergenceWarning: Best performing initialization did not converge. Try different init parameters, or increase max_iter, tol, or check for degenerate data.
  warnings.warn(
D:\programs\PythonPrograms\analyze_clusters\.venv\lib\site-packages\sklearn\mixture\_base.py:269: ConvergenceWarning: Best performing initialization did not converge. Try different init parameters, or increase max_iter, tol, or check for degenerate data.
  warnings.warn(
D:\programs\PythonPrograms\analyze_clusters\.venv\lib\site-packages\sklearn\mixture\_base.py:269: ConvergenceWarning: Best performing initialization did not converge. Try different init parameters, or increase max_iter, tol, or check for degenerate data.
  warnings.warn(
D:\programs\PythonPrograms\analyze_clusters\.venv\lib\site-packages\sklearn\mixture\_base.py:269: ConvergenceWarning: Best performing initialization did not converge. Try different init parameters, or increase max_iter, tol, or check for degenerate data.
  warnings.warn(
D:\programs\PythonPrograms\analyze_clusters\.venv\lib\site-packages\sklearn\mixture\_base.py:269: ConvergenceWarning: Best performing initialization did not converge. Try different init parameters, or increase max_iter, tol, or check for degenerate data.
  warnings.warn(
D:\programs\PythonPrograms\analyze_clusters\.venv\lib\site-packages\sklearn\mixture\_base.py:269: ConvergenceWarning: Best performing initialization did not converge. Try different init parameters, or increase max_iter, tol, or check for degenerate data.
  warnings.warn(
[I 2025-07-04 13:52:40,517] Trial 9 finished with value: 1.2224297908816109 and parameters: {'n_components': 15}. Best is trial 2 with value: 1.4458878435105764.
D:\programs\PythonPrograms\analyze_clusters\.venv\lib\site-packages\sklearn\mixture\_base.py:269: ConvergenceWarning: Best performing initialization did not converge. Try different init parameters, or increase max_iter, tol, or check for degenerate data.
  warnings.warn(
D:\programs\PythonPrograms\analyze_clusters\.venv\lib\site-packages\sklearn\mixture\_base.py:269: ConvergenceWarning: Best performing initialization did not converge. Try different init parameters, or increase max_iter, tol, or check for degenerate data.
  warnings.warn(
D:\programs\PythonPrograms\analyze_clusters\.venv\lib\site-packages\sklearn\mixture\_base.py:269: ConvergenceWarning: Best performing initialization did not converge. Try different init parameters, or increase max_iter, tol, or check for degenerate data.
  warnings.warn(

